node_id,protected_group,community_id,degree,normalized_degree,pagerank,clustering_coefficient,k_core_number,community_size,community_id_encoded,neighbor_degree_mean,neighbor_degree_max,ris_coverage_proxy
10007042,1,0,0.018099548,0.018099548,0.012287684,0.0,0.4,1.0,0.0,0.105882354,0.29411766,0.4
10046442,1,0,0.06334842,0.06334842,0.04467705,0.0,1.0,1.0,0.0,0.11855204,0.5972851,0.2
10074432,0,1,0.009049774,0.009049774,0.0085154725,0.0,0.2,0.6363636,0.008547009,0.025641026,0.049773756,0.0
10077242,1,2,0.018099548,0.018099548,0.014268676,0.0,0.4,0.77272725,0.017094018,0.22714932,0.8733032,0.0
10093672,1,3,0.0,0.0,0.0015349535,0.0,0.0,0.15227273,0.025641026,0.018099548,0.018099548,0.0
10104672,1,4,0.004524887,0.004524887,0.0048406255,0.0,0.2,0.19090909,0.034188036,0.020361992,0.03167421,0.0
10107362,1,5,0.0,0.0,0.0018355488,0.0,0.0,0.1,0.042735044,0.009049774,0.009049774,0.0
10125152,0,6,0.0,0.0,0.0030452195,0.0,0.0,0.05,0.051282052,0.03167421,0.03167421,0.0
10125822,1,7,0.09049774,0.09049774,0.08964857,0.0,0.4,0.4568182,0.05982906,0.023701789,0.16289593,0.8
10130032,1,8,0.009049774,0.009049774,0.0076454207,0.0,0.4,0.15454546,0.06837607,0.06636501,0.14932127,0.2
10138132,2,0,0.16742082,0.16742082,0.116674826,0.0,1.0,1.0,0.0,0.07859014,0.5972851,0.0
10144442,1,9,0.004524887,0.004524887,0.0033563338,0.0,0.2,0.23636363,0.07692308,0.09954751,0.1402715,0.4
10166632,1,10,0.0,0.0,0.0004000022,0.0,0.0,0.52272725,0.08547009,0.18099548,0.18099548,0.0
10214802,1,11,0.0,0.0,0.012690343,0.0,0.0,0.0,0.094017096,0.0,0.0,0.4
10241462,1,12,0.0,0.0,0.008470262,0.0,0.0,0.0022727272,0.102564104,0.004524887,0.004524887,0.0
10241802,1,2,0.0,0.0,0.00076464063,0.0,0.0,0.77272725,0.017094018,0.8733032,0.8733032,0.0
10263662,1,13,0.013574661,0.013574661,0.018458515,0.0,0.2,0.13863637,0.11111111,0.0056561087,0.013574661,0.4
10270072,1,14,0.013574661,0.013574661,0.016985409,0.0,0.2,0.16136363,0.11965812,0.25791857,1.0,0.0
10270872,1,15,0.0,0.0,0.0032048433,0.0,0.0,0.006818182,0.12820514,0.009049774,0.009049774,0.0
10284152,0,1,0.004524887,0.004524887,0.00527953,0.0,0.2,0.6363636,0.008547009,0.018099548,0.027149322,0.8
1032291,0,1,0.004524887,0.004524887,0.005262369,0.0,0.2,0.6363636,0.008547009,0.5271493,1.0,0.2
10326,1,2,0.022624435,0.022624435,0.017333986,0.0,0.6,0.77272725,0.017094018,0.04223228,0.122171946,0.2
10332972,0,16,0.0,0.0,0.005027386,0.0,0.0,0.038636364,0.13675214,0.018099548,0.018099548,0.0
10348132,1,17,0.018099548,0.018099548,0.016005618,0.0,0.4,0.15227273,0.14529915,0.046153847,0.15384616,0.0
10367842,0,1,0.0,0.0,0.0012710884,0.0,0.0,0.6363636,0.008547009,1.0,1.0,0.2
10507892,1,18,0.0,0.0,0.0020868352,0.0,0.0,0.5159091,0.15384616,0.07239819,0.07239819,0.0
10523552,0,6,0.004524887,0.004524887,0.0062468112,0.0,0.2,0.05,0.051282052,0.4479638,0.8733032,0.0
10524,1,2,0.027149322,0.027149322,0.021031717,0.0,0.6,0.77272725,0.017094018,0.060116354,0.1719457,0.2
10545772,0,17,0.022624435,0.022624435,0.019989759,0.0,0.4,0.15227273,0.14529915,0.015082956,0.036199097,0.2
1058591,2,19,0.018099548,0.018099548,0.017107181,0.0,0.4,0.40681818,0.16239317,0.02081448,0.040723983,0.0
10599392,1,7,0.0,0.0,0.0026565103,0.0,0.0,0.4568182,0.05982906,0.022624435,0.022624435,0.0
10609292,1,4,0.004524887,0.004524887,0.0036375565,0.0,0.2,0.19090909,0.034188036,0.06787331,0.122171946,0.0
10618402,1,0,0.004524887,0.004524887,0.0038663314,0.0,0.2,1.0,0.0,0.095022626,0.1764706,0.0
10638782,1,2,0.14932127,0.14932127,0.12229091,0.0,0.8,0.77272725,0.017094018,0.032339633,0.21719457,0.2
10645702,1,20,0.004524887,0.004524887,0.0064643784,0.0,0.2,0.26136363,0.17094018,0.013574661,0.022624435,0.0
10651272,1,17,0.013574661,0.013574661,0.0145136,0.0,0.4,0.15227273,0.14529915,0.011312217,0.013574661,0.0
10659742,1,3,0.049773756,0.049773756,0.04659655,0.0,0.6,0.15227273,0.025641026,0.027149322,0.108597286,0.0
10701982,1,21,0.004524887,0.004524887,0.0072661187,0.0,0.2,0.125,0.17948718,0.027149322,0.027149322,0.2
10717512,0,22,0.0,0.0,0.0011731674,0.0,0.0,0.19772728,0.18803419,0.018099548,0.018099548,0.0
10722102,0,6,0.0,0.0,0.0030452195,0.0,0.0,0.05,0.051282052,0.03167421,0.03167421,0.0
10728992,2,0,0.0,0.0,0.00017711743,0.0,0.0,1.0,0.0,0.16742082,0.16742082,0.0
10732492,2,19,0.027149322,0.027149322,0.020516053,0.0,0.6,0.40681818,0.16239317,0.08144797,0.30316743,0.0
10750192,1,7,0.009049774,0.009049774,0.017642705,0.0,0.0,0.4568182,0.05982906,0.0060331826,0.013574661,0.2
10768042,1,7,0.013574661,0.013574661,0.016351555,0.0,0.2,0.4568182,0.05982906,0.010180996,0.018099548,0.2
10790832,1,9,0.054298643,0.054298643,0.03996547,0.0,0.6,0.23636363,0.07692308,0.12495649,1.0,0.2
10804132,1,0,0.004524887,0.004524887,0.0029752173,0.0,0.2,1.0,0.0,0.16289593,0.29411766,0.0
1081091,1,14,0.0,0.0,0.0031770873,0.0,0.0,0.16136363,0.11965812,0.004524887,0.004524887,0.0
10821392,1,8,0.004524887,0.004524887,0.009153911,0.0,0.0,0.15454546,0.06837607,0.009049774,0.018099548,0.4
10836002,1,22,0.004524887,0.004524887,0.0042421455,0.0,0.2,0.19772728,0.18803419,0.049773756,0.09049774,0.0
1086591,1,23,0.004524887,0.004524887,0.018041667,0.0,0.0,0.0045454544,0.1965812,0.0022624435,0.004524887,0.0
10936542,1,21,0.013574661,0.013574661,0.02357571,0.0,0.2,0.125,0.17948718,0.0033936652,0.009049774,0.2
10969982,1,20,0.004524887,0.004524887,0.0051667383,0.0,0.2,0.26136363,0.17094018,0.08597285,0.14932127,0.0
10996862,1,24,0.0,0.0,0.0014036436,0.0,0.0,0.7659091,0.20512821,0.33484164,0.33484164,0.0
1100251,1,20,0.027149322,0.027149322,0.018508008,0.0,0.6,0.26136363,0.17094018,0.09243698,0.29411766,0.0
11039482,1,2,0.036199097,0.036199097,0.028091308,0.0,0.8,0.77272725,0.017094018,0.14529915,0.8733032,0.2
1106311,0,1,0.0,0.0,0.0012710884,0.0,0.0,0.6363636,0.008547009,1.0,1.0,0.0
11069572,2,19,0.009049774,0.009049774,0.008179432,0.0,0.4,0.40681818,0.16239317,0.05580694,0.11764706,0.4
11071232,0,0,0.027149322,0.027149322,0.018546645,0.0,0.8,1.0,0.0,0.07433743,0.15384616,0.2
11120172,2,2,0.018099548,0.018099548,0.0142434435,0.0,0.6,0.77272725,0.017094018,0.31131223,0.8733032,0.0
1112751,1,25,0.009049774,0.009049774,0.009221902,0.0,0.2,0.052272726,0.21367522,0.39064857,1.0,0.4
11130772,1,2,0.004524887,0.004524887,0.0058628386,0.0,0.2,0.77272725,0.017094018,0.027149322,0.040723983,0.2
11138972,0,10,0.004524887,0.004524887,0.007820565,0.0,0.0,0.52272725,0.08547009,0.018099548,0.036199097,0.0
11142222,1,23,0.0,0.0,0.0073390203,0.0,0.0,0.0045454544,0.1965812,0.004524887,0.004524887,0.0
11162812,1,8,0.0,0.0,0.003967279,0.0,0.0,0.15454546,0.06837607,0.013574661,0.013574661,0.0
11206912,1,18,0.049773756,0.049773756,0.05644417,0.0,0.2,0.5159091,0.15384616,0.015082956,0.03167421,0.4
11221192,0,24,0.040723983,0.040723983,0.033642024,0.0,0.6,0.7659091,0.20512821,0.029411765,0.07692308,0.2
11231562,1,0,0.07239819,0.07239819,0.054696746,0.0,0.8,1.0,0.0,0.048442908,0.29411766,0.2
11264322,1,18,0.013574661,0.013574661,0.015240986,0.0,0.4,0.5159091,0.15384616,0.25,0.8733032,0.2
11288162,1,1,0.004524887,0.004524887,0.0036998256,0.0,0.2,0.6363636,0.008547009,0.047511313,0.049773756,0.2
11332342,1,10,0.0,0.0,0.0031005496,0.0,0.0,0.52272725,0.08547009,0.004524887,0.004524887,0.0
11347052,0,26,0.0,0.0,0.012690343,0.0,0.0,0.0,0.22222222,0.0,0.0,0.2
11350892,0,17,0.15384616,0.15384616,0.14548787,0.0,0.6,0.15227273,0.14529915,0.017582418,0.11764706,0.6
11358372,1,0,0.0,0.0,0.0002797397,0.0,0.0,1.0,0.0,0.06334842,0.06334842,0.0
11360912,1,1,0.0,0.0,0.0046180408,0.0,0.0,0.6363636,0.008547009,0.004524887,0.004524887,0.0
11364652,1,1,0.009049774,0.009049774,0.008838111,0.0,0.2,0.6363636,0.008547009,0.013574661,0.022624435,0.0
11376132,1,7,0.004524887,0.004524887,0.006227156,0.0,0.2,0.4568182,0.05982906,0.022624435,0.040723983,0.2
11379982,1,1,0.0,0.0,0.002416445,0.0,0.0,0.6363636,0.008547009,0.009049774,0.009049774,0.0
11395432,0,27,0.013574661,0.013574661,0.012178258,0.0,0.4,0.25,0.23076923,0.05316742,0.14479639,0.2
11402482,1,21,0.004524887,0.004524887,0.008711282,0.0,0.2,0.125,0.17948718,0.020361992,0.027149322,0.2
11425612,1,5,0.049773756,0.049773756,0.0415285,0.0,0.6,0.1,0.042735044,0.04411765,0.13122173,0.2
11442052,1,24,0.0,0.0,0.0014580812,0.0,0.0,0.7659091,0.20512821,0.1764706,0.1764706,0.0
1147031,1,10,0.009049774,0.009049774,0.01111379,0.0,0.2,0.52272725,0.08547009,0.02413273,0.027149322,0.4
11541862,1,7,0.013574661,0.013574661,0.013321324,0.0,0.2,0.4568182,0.05982906,0.049773756,0.16289593,0.2
11550142,1,18,0.004524887,0.004524887,0.0058376384,0.0,0.2,0.5159091,0.15384616,0.029411765,0.03167421,0.0
1160081,1,7,0.022624435,0.022624435,0.029619295,0.0,0.2,0.4568182,0.05982906,0.007541478,0.022624435,0.0
11606702,1,27,0.013574661,0.013574661,0.01113799,0.0,0.4,0.25,0.23076923,0.03733032,0.09049774,0.0
11620042,1,8,0.009049774,0.009049774,0.014375178,0.0,0.2,0.15454546,0.06837607,0.009049774,0.018099548,0.0
11625152,1,13,0.0,0.0,0.004904538,0.0,0.0,0.13863637,0.11111111,0.013574661,0.013574661,0.2
11626822,1,28,0.004524887,0.004524887,0.021130506,0.0,0.0,0.0022727272,0.23931624,0.0,0.0,0.2
11650012,1,0,0.03167421,0.03167421,0.021837171,0.0,0.8,1.0,0.0,0.09049774,0.25791857,0.0
11672342,1,4,0.03167421,0.03167421,0.027652849,0.0,0.4,0.19090909,0.034188036,0.029411765,0.1040724,0.2
11702862,1,2,0.0,0.0,0.0016110025,0.0,0.0,0.77272725,0.017094018,0.009049774,0.009049774,0.2
11724382,1,1,0.0,0.0,0.0014233204,0.0,0.0,0.6363636,0.008547009,0.013574661,0.013574661,0.0
11726732,1,0,0.018099548,0.018099548,0.012536162,0.0,0.6,1.0,0.0,0.21266969,0.5972851,0.0
11763862,1,29,0.03167421,0.03167421,0.03304453,0.0,0.4,0.21136364,0.24786325,0.09049774,0.5972851,0.2
11767072,1,19,0.0,0.0,0.0007943724,0.0,0.0,0.40681818,0.16239317,0.11764706,0.11764706,0.2
11769872,1,3,0.013574661,0.013574661,0.014310715,0.0,0.4,0.15227273,0.025641026,0.022624435,0.049773756,0.2
11770552,1,10,0.0,0.0,0.0010917045,0.0,0.0,0.52272725,0.08547009,0.03167421,0.03167421,0.0
11786302,1,0,0.0,0.0,0.000100374724,0.0,0.0,1.0,0.0,0.08597285,0.08597285,0.0
11792612,1,29,0.004524887,0.004524887,0.0066910745,0.0,0.2,0.21136364,0.24786325,0.03167421,0.036199097,0.0
11819122,1,19,0.0,0.0,0.0016991672,0.0,0.0,0.40681818,0.16239317,0.013574661,0.013574661,0.4
11842342,1,30,0.004524887,0.004524887,0.004987178,0.0,0.2,0.14772727,0.25641027,0.029411765,0.040723983,0.0
11918842,0,1,0.0,0.0,0.0012710884,0.0,0.0,0.6363636,0.008547009,1.0,1.0,0.0
11920922,1,31,0.0,0.0,0.012690343,0.0,0.0,0.0,0.26495728,0.0,0.0,0.0
11926262,1,27,0.0,0.0,0.001411707,0.0,0.0,0.25,0.23076923,0.049773756,0.049773756,0.2
11944562,1,0,0.004524887,0.004524887,0.0035484892,0.0,0.2,1.0,0.0,0.13800906,0.1402715,0.4
11963282,1,2,0.009049774,0.009049774,0.011372348,0.0,0.2,0.77272725,0.017094018,0.02413273,0.06787331,0.0
11981952,1,29,0.0,0.0,0.0029727484,0.0,0.0,0.21136364,0.24786325,0.027149322,0.027149322,0.0
12018412,1,16,0.0,0.0,0.0040332936,0.0,0.0,0.038636364,0.13675214,0.04524887,0.04524887,0.2
12037502,1,2,0.0,0.0,0.0012275161,0.0,0.0,0.77272725,0.017094018,0.018099548,0.018099548,0.6
12062282,1,32,0.0,0.0,0.012690343,0.0,0.0,0.0,0.2735043,0.0,0.0,0.0
12080652,1,10,0.027149322,0.027149322,0.022229657,0.0,0.4,0.52272725,0.08547009,0.027149322,0.07692308,0.0
12081592,1,25,0.004524887,0.004524887,0.008785803,0.0,0.0,0.052272726,0.21367522,0.011312217,0.018099548,0.0
12114432,1,20,0.0,0.0,0.0025755123,0.0,0.0,0.26136363,0.17094018,0.027149322,0.027149322,0.0
12115732,1,18,0.004524887,0.004524887,0.011141678,0.0,0.0,0.5159091,0.15384616,0.0067873304,0.013574661,0.2
12118882,0,24,0.013574661,0.013574661,0.012281427,0.0,0.4,0.7659091,0.20512821,0.030542986,0.04524887,0.2
12149902,1,22,0.009049774,0.009049774,0.013692091,0.0,0.2,0.19772728,0.18803419,0.0060331826,0.009049774,0.2
12163342,1,2,0.009049774,0.009049774,0.008063249,0.0,0.2,0.77272725,0.017094018,0.3092006,0.8733032,0.0
12168312,1,18,0.018099548,0.018099548,0.019565573,0.0,0.2,0.5159091,0.15384616,0.033484165,0.13122173,0.0
12174212,1,0,0.0,0.0,0.00022113103,0.0,0.0,1.0,0.0,0.09049774,0.09049774,0.0
12217472,1,2,0.0,0.0,0.0013479056,0.0,0.0,0.77272725,0.017094018,0.040723983,0.040723983,0.0
12222522,0,2,0.004524887,0.004524887,0.011342304,0.0,0.0,0.77272725,0.017094018,0.0022624435,0.004524887,0.0
12227112,1,7,0.009049774,0.009049774,0.012017038,0.0,0.2,0.4568182,0.05982906,0.028657617,0.054298643,0.0
12230022,1,24,0.013574661,0.013574661,0.012739861,0.0,0.4,0.7659091,0.20512821,0.04638009,0.07692308,0.0
12264532,1,7,0.0,0.0,0.0028089215,0.0,0.0,0.4568182,0.05982906,0.009049774,0.009049774,0.0
12286822,1,8,0.0,0.0,0.0007853852,0.0,0.0,0.15454546,0.06837607,0.049773756,0.049773756,0.2
12287142,1,14,0.0,0.0,0.0009969734,0.0,0.0,0.16136363,0.11965812,0.040723983,0.040723983,0.0
12301112,1,20,0.004524887,0.004524887,0.004887311,0.0,0.2,0.26136363,0.17094018,0.027149322,0.04524887,0.0
12327342,1,10,0.018099548,0.018099548,0.014339563,0.0,0.4,0.52272725,0.08547009,0.037104074,0.09049774,0.0
12334662,1,0,0.009049774,0.009049774,0.0057590213,0.0,0.4,1.0,0.0,0.06636501,0.09954751,0.0
12369282,1,0,0.004524887,0.004524887,0.002843794,0.0,0.2,1.0,0.0,0.15158372,0.15384616,0.2
12377702,0,1,0.0,0.0,0.0012710884,0.0,0.0,0.6363636,0.008547009,1.0,1.0,0.2
12389772,1,0,0.009049774,0.009049774,0.0062213866,0.0,0.4,1.0,0.0,0.5263952,0.8733032,0.4
12429382,1,33,0.004524887,0.004524887,0.021130506,0.0,0.0,0.0022727272,0.2820513,0.0,0.0,0.2
12448322,1,29,0.0,0.0,0.0013042178,0.0,0.0,0.21136364,0.24786325,0.05882353,0.05882353,0.0
12455292,0,4,0.013574661,0.013574661,0.010981321,0.0,0.4,0.19090909,0.034188036,0.0260181,0.04524887,0.2
12464552,0,20,0.009049774,0.009049774,0.01233497,0.0,0.2,0.26136363,0.17094018,0.02111614,0.05882353,0.0
12470922,1,18,0.018099548,0.018099548,0.021320045,0.0,0.2,0.5159091,0.15384616,0.06968326,0.25339368,0.0
1249501,1,20,0.0,0.0,0.003451504,0.0,0.0,0.26136363,0.17094018,0.018099548,0.018099548,0.2
1253451,0,2,0.21719457,0.21719457,0.16434765,0.0,1.0,0.77272725,0.017094018,0.07479915,0.8733032,0.0
12618652,1,0,0.004524887,0.004524887,0.0027612369,0.0,0.2,1.0,0.0,0.11085973,0.1719457,0.2
12623252,0,1,0.009049774,0.009049774,0.010009729,0.0,0.2,0.6363636,0.008547009,0.015082956,0.036199097,0.0
12650962,1,0,0.009049774,0.009049774,0.011146751,0.0,0.2,1.0,0.0,0.04826546,0.1402715,0.2
1265601,0,0,0.013574661,0.013574661,0.010731338,0.0,0.4,1.0,0.0,0.030542986,0.049773756,0.4
12681372,0,1,0.0,0.0,0.0012710884,0.0,0.0,0.6363636,0.008547009,1.0,1.0,0.2
12695882,1,13,0.0,0.0,0.0051024565,0.0,0.0,0.13863637,0.11111111,0.004524887,0.004524887,0.0
12706762,0,2,0.027149322,0.027149322,0.019260416,0.0,0.6,0.77272725,0.017094018,0.07175178,0.1764706,0.0
12715022,1,7,0.0,0.0,0.0028283421,0.0,0.0,0.4568182,0.05982906,0.013574661,0.013574661,0.2
12739402,1,18,0.018099548,0.018099548,0.018950772,0.0,0.4,0.5159091,0.15384616,0.03167421,0.07692308,0.4
12740012,1,8,0.009049774,0.009049774,0.011127818,0.0,0.2,0.15454546,0.06837607,0.20361991,0.5972851,0.0
12741382,1,1,0.013574661,0.013574661,0.010166594,0.0,0.4,0.6363636,0.008547009,0.03280543,0.049773756,0.2
12771132,1,0,0.0,0.0,0.0003761503,0.0,0.0,1.0,0.0,0.06334842,0.06334842,0.0
1277191,1,2,0.004524887,0.004524887,0.0079756295,0.0,0.0,0.77272725,0.017094018,0.027149322,0.054298643,0.2
12783392,1,16,0.0,0.0,0.005027386,0.0,0.0,0.038636364,0.13675214,0.018099548,0.018099548,0.2
12787922,1,0,0.004524887,0.004524887,0.011358443,0.0,0.0,1.0,0.0,0.004524887,0.009049774,0.2
12790082,1,21,0.009049774,0.009049774,0.011693531,0.0,0.2,0.125,0.17948718,0.02111614,0.03167421,0.2
12793382,1,21,0.0,0.0,0.0051927953,0.0,0.0,0.125,0.17948718,0.004524887,0.004524887,0.2
12803772,1,30,0.013574661,0.013574661,0.009447559,0.0,0.4,0.14772727,0.25641027,0.041855205,0.054298643,0.2
12818,0,29,0.009049774,0.009049774,0.008520581,0.0,0.2,0.21136364,0.24786325,0.052790347,0.08144797,0.0
12874212,1,7,0.009049774,0.009049774,0.018048383,0.0,0.0,0.4568182,0.05982906,0.004524887,0.013574661,0.4
1290661,1,34,0.0,0.0,0.012690343,0.0,0.0,0.0,0.2905983,0.0,0.0,0.2
12920142,1,35,0.03167421,0.03167421,0.041405395,0.0,0.2,0.08181818,0.2991453,0.042420816,0.30316743,0.0
12925,0,24,0.06334842,0.06334842,0.06296353,0.0,0.6,0.7659091,0.20512821,0.021719458,0.13122173,0.0
12952252,1,2,0.013574661,0.013574661,0.0151064005,0.0,0.4,0.77272725,0.017094018,0.013574661,0.027149322,0.0
12964542,1,18,0.013574661,0.013574661,0.015357262,0.0,0.2,0.5159091,0.15384616,0.01923077,0.049773756,0.4
12966662,0,1,0.004524887,0.004524887,0.004638223,0.0,0.2,0.6363636,0.008547009,0.59049773,1.0,0.0
12967642,1,0,0.013574661,0.013574661,0.0136238495,0.0,0.2,1.0,0.0,0.020361992,0.054298643,0.0
12973362,1,9,0.05882353,0.05882353,0.04519545,0.0,0.8,0.23636363,0.07692308,0.044602457,0.14932127,0.0
13008262,1,8,0.004524887,0.004524887,0.00736124,0.0,0.2,0.15454546,0.06837607,0.013574661,0.018099548,0.4
1304091,1,7,0.06787331,0.06787331,0.06567184,0.0,0.4,0.4568182,0.05982906,0.04468326,0.29411766,0.0
13043702,1,2,0.004524887,0.004524887,0.0077447887,0.0,0.0,0.77272725,0.017094018,0.4366516,0.8733032,0.0
13051142,1,2,0.013574661,0.013574661,0.013627878,0.0,0.4,0.77272725,0.017094018,0.23303168,0.8733032,0.8
13116482,2,19,0.013574661,0.013574661,0.0097541455,0.0,0.6,0.40681818,0.16239317,0.121040724,0.30316743,0.2
13118432,1,19,0.004524887,0.004524887,0.0051240125,0.0,0.2,0.40681818,0.16239317,0.08144797,0.14932127,0.0
1315431,1,0,0.1764706,0.1764706,0.120354146,0.0,1.0,1.0,0.0,0.06199095,0.21719457,0.6
13159492,1,2,0.0,0.0,0.0044172844,0.0,0.0,0.77272725,0.017094018,0.013574661,0.013574661,0.4
13170292,1,7,0.009049774,0.009049774,0.010073407,0.0,0.2,0.4568182,0.05982906,0.036199097,0.06787331,0.0
13211,0,30,0.009049774,0.009049774,0.009251303,0.0,0.2,0.14772727,0.25641027,0.0346908,0.08144797,0.0
13222222,1,19,0.004524887,0.004524887,0.008162783,0.0,0.0,0.40681818,0.16239317,0.009049774,0.018099548,0.0
13224342,0,13,0.013574661,0.013574661,0.019011362,0.0,0.2,0.13863637,0.11111111,0.0056561087,0.009049774,0.0
13225072,1,27,0.022624435,0.022624435,0.02248747,0.0,0.2,0.25,0.23076923,0.02413273,0.09049774,0.0
13232092,0,10,0.022624435,0.022624435,0.017754756,0.0,0.4,0.52272725,0.08547009,0.053544495,0.18099548,0.0
13253832,0,2,0.0,0.0,0.00088544755,0.0,0.0,0.77272725,0.017094018,0.08144797,0.08144797,0.0
13253992,2,0,0.16289593,0.16289593,0.119018994,0.0,1.0,1.0,0.0,0.041090865,0.1719457,0.0
13258742,1,36,0.0,0.0,0.012690343,0.0,0.0,0.0,0.30769232,0.0,0.0,0.6
13264762,1,4,0.0,0.0,0.0011111919,0.0,0.0,0.19090909,0.034188036,0.049773756,0.049773756,0.2
13285072,1,22,0.004524887,0.004524887,0.0072975853,0.0,0.0,0.19772728,0.18803419,0.018099548,0.036199097,0.0
13291122,1,7,0.004524887,0.004524887,0.0067934217,0.0,0.2,0.4568182,0.05982906,0.013574661,0.013574661,0.4
13302,1,7,0.0,0.0,0.0017961441,0.0,0.0,0.4568182,0.05982906,0.027149322,0.027149322,0.0
1330691,1,37,0.004524887,0.004524887,0.010906085,0.0,0.0,0.0022727272,0.31623933,0.0022624435,0.004524887,0.2
13308842,1,2,0.018099548,0.018099548,0.012681621,0.0,0.6,0.77272725,0.017094018,0.05882353,0.09954751,0.2
13330612,1,25,0.018099548,0.018099548,0.01873239,0.0,0.2,0.052272726,0.21367522,0.043438915,0.16742082,0.0
13354182,1,18,0.0,0.0,0.0017618721,0.0,0.0,0.5159091,0.15384616,0.07692308,0.07692308,0.0
13406742,1,2,0.0,0.0,0.0026817222,0.0,0.0,0.77272725,0.017094018,0.009049774,0.009049774,0.0
13454462,1,13,0.0,0.0,0.0016449156,0.0,0.0,0.13863637,0.11111111,0.06334842,0.06334842,0.0
13466982,1,7,0.009049774,0.009049774,0.007400032,0.0,0.4,0.4568182,0.05982906,0.06334842,0.06787331,0.0
13467242,1,7,0.018099548,0.018099548,0.021745022,0.0,0.4,0.4568182,0.05982906,0.018099548,0.040723983,0.2
13473142,1,2,0.004524887,0.004524887,0.00771142,0.0,0.0,0.77272725,0.017094018,0.07239819,0.14479639,0.0
13473852,1,2,0.022624435,0.022624435,0.028614419,0.0,0.2,0.77272725,0.017094018,0.007541478,0.013574661,0.0
13501922,0,2,0.05882353,0.05882353,0.049508706,0.0,0.6,0.77272725,0.017094018,0.09922431,0.8733032,0.4
13541632,0,24,0.013574661,0.013574661,0.011697184,0.0,0.4,0.7659091,0.20512821,0.03846154,0.05882353,0.0
13648652,1,3,0.013574661,0.013574661,0.0129761975,0.0,0.4,0.15227273,0.025641026,0.030542986,0.049773756,0.2
13651452,0,2,0.0,0.0,0.0029772085,0.0,0.0,0.77272725,0.017094018,0.004524887,0.004524887,0.0
13654112,2,0,0.16742082,0.16742082,0.12872012,0.0,1.0,1.0,0.0,0.050130982,0.30316743,0.2
13722332,1,10,0.004524887,0.004524887,0.0054293824,0.0,0.2,0.52272725,0.08547009,0.029411765,0.049773756,0.2
13746182,0,1,0.036199097,0.036199097,0.03104224,0.0,0.6,0.6363636,0.008547009,0.173454,1.0,0.2
13755792,1,2,0.0,0.0,0.0010055829,0.0,0.0,0.77272725,0.017094018,0.027149322,0.027149322,0.0
13763362,1,17,0.0,0.0,0.003458272,0.0,0.0,0.15227273,0.14529915,0.009049774,0.009049774,0.4
13767032,1,22,0.009049774,0.009049774,0.010524792,0.0,0.2,0.19772728,0.18803419,0.012066365,0.018099548,0.0
13768662,1,0,0.022624435,0.022624435,0.014193288,0.0,0.8,1.0,0.0,0.095776774,0.15384616,0.0
13772282,1,2,0.0,0.0,0.0009070162,0.0,0.0,0.77272725,0.017094018,0.054298643,0.054298643,0.2
13789152,1,2,0.004524887,0.004524887,0.009768419,0.0,0.0,0.77272725,0.017094018,0.013574661,0.022624435,0.2
13797692,1,2,0.009049774,0.009049774,0.007918545,0.0,0.2,0.77272725,0.017094018,0.08597285,0.21719457,0.0
13894222,0,0,0.06787331,0.06787331,0.047776733,0.0,1.0,1.0,0.0,0.15412895,1.0,0.0
13897532,1,7,0.004524887,0.004524887,0.012687438,0.0,0.0,0.4568182,0.05982906,0.004524887,0.009049774,0.2
13923382,1,24,0.0,0.0,0.0013920142,0.0,0.0,0.7659091,0.20512821,0.027149322,0.027149322,0.0
13936882,1,38,0.0,0.0,0.002659085,0.0,0.0,0.07727273,0.32478634,0.027149322,0.027149322,0.2
13942322,1,29,0.0,0.0,0.00084353494,0.0,0.0,0.21136364,0.24786325,0.027149322,0.027149322,0.2
13960822,0,2,0.009049774,0.009049774,0.0068738475,0.0,0.4,0.77272725,0.017094018,0.37556562,0.8733032,0.0
13979662,1,24,0.009049774,0.009049774,0.007064996,0.0,0.4,0.7659091,0.20512821,0.0346908,0.07239819,0.0
14025482,1,2,0.009049774,0.009049774,0.007780929,0.0,0.4,0.77272725,0.017094018,0.060331825,0.09954751,0.2
14027132,1,24,0.0,0.0,0.0041010827,0.0,0.0,0.7659091,0.20512821,0.004524887,0.004524887,0.4
14038472,1,3,0.009049774,0.009049774,0.0076342258,0.0,0.4,0.15227273,0.025641026,0.040723983,0.054298643,0.0
14050355,2,19,0.009049774,0.009049774,0.008932179,0.0,0.2,0.40681818,0.16239317,0.018099548,0.027149322,0.0
14051473,1,20,0.018099548,0.018099548,0.019315187,0.0,0.4,0.26136363,0.17094018,0.019004526,0.06334842,0.2
14052933,1,18,0.004524887,0.004524887,0.0067459643,0.0,0.2,0.5159091,0.15384616,0.047511313,0.08597285,0.0
14053148,1,39,0.0,0.0,0.012690343,0.0,0.0,0.0,0.33333334,0.0,0.0,0.2
14055022,1,9,0.0,0.0,0.0032183323,0.0,0.0,0.23636363,0.07692308,0.004524887,0.004524887,0.0
14061925,1,4,0.013574661,0.013574661,0.011568622,0.0,0.4,0.19090909,0.034188036,0.027149322,0.04524887,0.0
14062948,1,2,0.009049774,0.009049774,0.006248994,0.0,0.4,0.77272725,0.017094018,0.05882353,0.122171946,0.6
14063351,0,27,0.004524887,0.004524887,0.0061345682,0.0,0.2,0.25,0.23076923,0.015837105,0.022624435,0.0
14065315,1,2,0.0,0.0,0.0027530943,0.0,0.0,0.77272725,0.017094018,0.009049774,0.009049774,0.0
14066623,0,9,0.022624435,0.022624435,0.01915049,0.0,0.6,0.23636363,0.07692308,0.19155355,1.0,0.0
14069593,1,10,0.004524887,0.004524887,0.003893576,0.0,0.2,0.52272725,0.08547009,0.46153846,0.8733032,0.2
14070736,1,17,0.004524887,0.004524887,0.004884679,0.0,0.2,0.15227273,0.14529915,0.108597286,0.15384616,0.0
14070830,2,0,0.036199097,0.036199097,0.02305033,0.0,1.0,1.0,0.0,0.103569634,0.25791857,0.0
14073382,1,19,0.0,0.0,0.003132365,0.0,0.0,0.40681818,0.16239317,0.004524887,0.004524887,0.4
14078385,0,6,0.004524887,0.004524887,0.008541889,0.0,0.2,0.05,0.051282052,0.029411765,0.036199097,0.0
14086918,0,2,0.027149322,0.027149322,0.019984283,0.0,0.8,0.77272725,0.017094018,0.26890758,0.8733032,0.0
14087968,1,2,0.013574661,0.013574661,0.015967594,0.0,0.2,0.77272725,0.017094018,0.0067873304,0.009049774,0.2
14092350,1,9,0.0,0.0,0.0024573624,0.0,0.0,0.23636363,0.07692308,0.009049774,0.009049774,0.2
14092673,1,0,0.0,0.0,0.0006102786,0.0,0.0,1.0,0.0,0.07692308,0.07692308,0.0
14095083,1,2,0.0,0.0,0.00085866987,0.0,0.0,0.77272725,0.017094018,0.05882353,0.05882353,0.0
14097544,1,0,0.05882353,0.05882353,0.038165372,0.0,1.0,1.0,0.0,0.106981255,0.5972851,0.0
14098609,1,18,0.07239819,0.07239819,0.08739761,0.0,0.4,0.5159091,0.15384616,0.019962735,0.11312217,0.0
14099733,1,8,0.018099548,0.018099548,0.025815705,0.0,0.2,0.15454546,0.06837607,0.004524887,0.009049774,0.0
14100597,0,1,0.0,0.0,0.0012710884,0.0,0.0,0.6363636,0.008547009,1.0,1.0,0.0
14102919,1,1,0.009049774,0.009049774,0.009465201,0.0,0.2,0.6363636,0.008547009,0.027149322,0.049773756,0.2
14103852,0,1,0.0,0.0,0.0012710884,0.0,0.0,0.6363636,0.008547009,1.0,1.0,0.2
14108775,1,0,0.004524887,0.004524887,0.007485117,0.0,0.0,1.0,0.0,0.07013575,0.1402715,0.4
14109605,1,2,0.004524887,0.004524887,0.004977442,0.0,0.2,0.77272725,0.017094018,0.024886878,0.040723983,0.0
14110253,0,10,0.0,0.0,0.003946729,0.0,0.0,0.52272725,0.08547009,0.004524887,0.004524887,0.0
14110743,2,25,0.027149322,0.027149322,0.02621794,0.0,0.4,0.052272726,0.21367522,0.033613447,0.16742082,0.4
14111623,1,10,0.004524887,0.004524887,0.0032282078,0.0,0.2,0.52272725,0.08547009,0.115384616,0.18099548,0.2
14115889,1,17,0.0,0.0,0.0018891512,0.0,0.0,0.15227273,0.14529915,0.009049774,0.009049774,0.2
14116517,1,0,0.05882353,0.05882353,0.044960245,0.0,0.8,1.0,0.0,0.05462185,0.19004525,0.0
14120099,1,35,0.013574661,0.013574661,0.012837509,0.0,0.2,0.08181818,0.2991453,0.04411765,0.11312217,0.2
14125985,1,9,0.0,0.0,0.0018812085,0.0,0.0,0.23636363,0.07692308,0.040723983,0.040723983,0.0
14126174,1,1,0.009049774,0.009049774,0.01959074,0.0,0.0,0.6363636,0.008547009,0.0015082957,0.004524887,0.2
14126360,1,18,0.004524887,0.004524887,0.011260424,0.0,0.0,0.5159091,0.15384616,0.0067873304,0.013574661,0.0
14129238,1,10,0.004524887,0.004524887,0.0051689427,0.0,0.2,0.52272725,0.08547009,0.015837105,0.027149322,0.4
14133057,1,18,0.004524887,0.004524887,0.009666488,0.0,0.0,0.5159091,0.15384616,0.013574661,0.022624435,0.0
14133447,0,9,0.009049774,0.009049774,0.012433857,0.0,0.2,0.23636363,0.07692308,0.01055807,0.018099548,0.2
14133954,1,24,0.004524887,0.004524887,0.010490508,0.0,0.0,0.7659091,0.20512821,0.0067873304,0.013574661,0.0
14135487,1,3,0.009049774,0.009049774,0.008865457,0.0,0.2,0.15227273,0.025641026,0.022624435,0.049773756,0.0
14138511,0,2,0.013574661,0.013574661,0.012930811,0.0,0.4,0.77272725,0.017094018,0.016968327,0.027149322,0.2
14139527,1,14,0.004524887,0.004524887,0.008275792,0.0,0.0,0.16136363,0.11965812,0.015837105,0.03167421,0.0
14139780,0,1,0.004524887,0.004524887,0.004596656,0.0,0.2,0.6363636,0.008547009,0.9366516,1.0,0.0
14140382,1,2,0.022624435,0.022624435,0.016819738,0.0,0.6,0.77272725,0.017094018,0.19457014,0.8733032,0.0
14142706,1,3,0.009049774,0.009049774,0.010907561,0.0,0.2,0.15227273,0.025641026,0.013574661,0.027149322,0.2
14146262,1,21,0.0,0.0,0.0029581578,0.0,0.0,0.125,0.17948718,0.013574661,0.013574661,0.0
14152810,1,38,0.0,0.0,0.002659085,0.0,0.0,0.07727273,0.32478634,0.027149322,0.027149322,0.0
14155050,1,2,0.0,0.0,0.00058391376,0.0,0.0,0.77272725,0.017094018,0.06787331,0.06787331,0.0
14155739,0,2,0.009049774,0.009049774,0.006601814,0.0,0.4,0.77272725,0.017094018,0.14781298,0.21719457,0.2
14160053,0,30,0.0,0.0,0.0028574336,0.0,0.0,0.14772727,0.25641027,0.013574661,0.013574661,0.2
14160799,1,2,0.004524887,0.004524887,0.00789874,0.0,0.0,0.77272725,0.017094018,0.029411765,0.05882353,0.2
14160956,1,16,0.0,0.0,0.0040332936,0.0,0.0,0.038636364,0.13675214,0.04524887,0.04524887,0.4
14161205,0,40,0.0,0.0,0.012690343,0.0,0.0,0.0,0.34188035,0.0,0.0,0.0
14161889,1,41,0.0,0.0,0.012690343,0.0,0.0,0.0,0.35042736,0.0,0.0,0.2
14163711,0,9,0.009049774,0.009049774,0.008588604,0.0,0.4,0.23636363,0.07692308,0.019607844,0.022624435,0.0
14164472,1,7,0.009049774,0.009049774,0.011574557,0.0,0.2,0.4568182,0.05982906,0.036199097,0.054298643,0.0
14167991,1,20,0.018099548,0.018099548,0.013631067,0.0,0.6,0.26136363,0.17094018,0.3882353,0.8733032,0.2
14169105,0,9,0.0,0.0,0.0015546238,0.0,0.0,0.23636363,0.07692308,0.018099548,0.018099548,0.2
14170847,0,2,0.004524887,0.004524887,0.0072674816,0.0,0.0,0.77272725,0.017094018,0.056561086,0.11312217,0.2
14171337,1,18,0.0,0.0,0.0020868352,0.0,0.0,0.5159091,0.15384616,0.07239819,0.07239819,0.0
14172103,0,22,0.018099548,0.018099548,0.016785556,0.0,0.4,0.19772728,0.18803419,0.014479638,0.027149322,0.0
14172656,0,29,0.004524887,0.004524887,0.012596837,0.0,0.0,0.21136364,0.24786325,0.0022624435,0.004524887,0.0
14177779,0,20,0.009049774,0.009049774,0.010196321,0.0,0.2,0.26136363,0.17094018,0.015082956,0.018099548,0.0
14180279,1,3,0.049773756,0.049773756,0.036603484,0.0,0.8,0.15227273,0.025641026,0.06447964,0.30316743,0.2
14180577,0,0,0.036199097,0.036199097,0.024723936,0.0,0.6,1.0,0.0,0.026143791,0.05882353,0.0
14181437,0,8,0.0,0.0,0.0010564079,0.0,0.0,0.15454546,0.06837607,0.027149322,0.027149322,0.0
14181937,1,42,0.0,0.0,0.012690343,0.0,0.0,0.0,0.35897437,0.0,0.0,0.0
14186692,1,7,0.0,0.0,0.0023707745,0.0,0.0,0.4568182,0.05982906,0.022624435,0.022624435,0.2
14188391,1,3,0.0,0.0,0.0010396593,0.0,0.0,0.15227273,0.025641026,0.054298643,0.054298643,0.0
14190794,0,3,0.004524887,0.004524887,0.0055282866,0.0,0.2,0.15227273,0.025641026,0.51357466,1.0,0.0
14193124,0,8,0.004524887,0.004524887,0.00637709,0.0,0.2,0.15454546,0.06837607,0.011312217,0.013574661,0.0
14195918,1,0,0.0,0.0,0.00029511374,0.0,0.0,1.0,0.0,0.09954751,0.09954751,0.2
14198539,1,0,0.009049774,0.009049774,0.005426443,0.0,0.4,1.0,0.0,0.08597285,0.13122173,0.0
14200945,1,20,0.009049774,0.009049774,0.011348833,0.0,0.4,0.26136363,0.17094018,0.019607844,0.027149322,0.0
14202860,1,0,0.004524887,0.004524887,0.0039697895,0.0,0.2,1.0,0.0,0.13348417,0.25791857,0.0
14203889,1,20,0.0,0.0,0.0017297606,0.0,0.0,0.26136363,0.17094018,0.018099548,0.018099548,0.2
14204673,1,2,0.0,0.0,0.00076464063,0.0,0.0,0.77272725,0.017094018,0.8733032,0.8733032,0.0
14204887,1,10,0.004524887,0.004524887,0.0033407805,0.0,0.2,0.52272725,0.08547009,0.061085973,0.06787331,0.0
14206313,1,2,0.018099548,0.018099548,0.016467042,0.0,0.4,0.77272725,0.017094018,0.017194571,0.036199097,0.0
14206767,1,18,0.013574661,0.013574661,0.020319436,0.0,0.2,0.5159091,0.15384616,0.03167421,0.07239819,0.0
14207225,1,14,0.018099548,0.018099548,0.016433077,0.0,0.4,0.16136363,0.11965812,0.010859729,0.027149322,0.2
14207256,1,17,0.0,0.0,0.001161666,0.0,0.0,0.15227273,0.14529915,0.022624435,0.022624435,0.2
14209248,1,13,0.004524887,0.004524887,0.007209473,0.0,0.2,0.13863637,0.11111111,0.027149322,0.03167421,0.0
14212820,1,10,0.0,0.0,0.0017698309,0.0,0.0,0.52272725,0.08547009,0.013574661,0.013574661,0.2
14213287,1,2,0.018099548,0.018099548,0.013360942,0.0,0.6,0.77272725,0.017094018,0.24072398,0.8733032,0.0
14213837,1,14,0.0,0.0,0.0024345974,0.0,0.0,0.16136363,0.11965812,0.009049774,0.009049774,0.0
14215410,1,8,0.004524887,0.004524887,0.005552638,0.0,0.2,0.15454546,0.06837607,0.011312217,0.013574661,0.0
14218593,0,29,0.004524887,0.004524887,0.009770853,0.0,0.0,0.21136364,0.24786325,0.0067873304,0.009049774,0.0
14219559,1,0,0.004524887,0.004524887,0.0048139812,0.0,0.2,1.0,0.0,0.027149322,0.040723983,0.4
14219598,1,1,0.013574661,0.013574661,0.012481631,0.0,0.4,0.6363636,0.008547009,0.023755657,0.036199097,0.2
14220008,1,35,0.0,0.0,0.0015909346,0.0,0.0,0.08181818,0.2991453,0.027149322,0.027149322,0.0
14220561,1,17,0.013574661,0.013574661,0.021527288,0.0,0.2,0.15227273,0.14529915,0.0067873304,0.013574661,0.0
14237254,0,0,0.04524887,0.04524887,0.029954432,0.0,0.8,1.0,0.0,0.07568902,0.15384616,0.0
14237896,1,20,0.027149322,0.027149322,0.036961548,0.0,0.4,0.26136363,0.17094018,0.0096961865,0.040723983,0.2
14238479,1,30,0.009049774,0.009049774,0.0084100785,0.0,0.2,0.14772727,0.25641027,0.036199097,0.07692308,0.2
14239038,1,43,0.0,0.0,0.012690343,0.0,0.0,0.0,0.36752138,0.0,0.0,0.2
14242280,1,30,0.009049774,0.009049774,0.0077195023,0.0,0.4,0.14772727,0.25641027,0.04826546,0.07692308,0.4
14245571,1,19,0.004524887,0.004524887,0.003490172,0.0,0.2,0.40681818,0.16239317,0.30542988,0.5972851,0.2
14249581,0,27,0.009049774,0.009049774,0.007240988,0.0,0.4,0.25,0.23076923,0.054298643,0.11764706,0.2
14251709,1,27,0.004524887,0.004524887,0.0061793346,0.0,0.2,0.25,0.23076923,0.027149322,0.040723983,0.0
14253587,1,2,0.0,0.0,0.00067406014,0.0,0.0,0.77272725,0.017094018,0.027149322,0.027149322,0.0
14254414,0,29,0.004524887,0.004524887,0.0055405363,0.0,0.2,0.21136364,0.24786325,0.44117647,0.8733032,0.4
14255057,1,10,0.03167421,0.03167421,0.023235576,0.0,0.6,0.52272725,0.08547009,0.079751134,0.21719457,0.4
14255702,1,19,0.004524887,0.004524887,0.0039953385,0.0,0.2,0.40681818,0.16239317,0.07013575,0.12669684,0.0
14258044,1,2,0.027149322,0.027149322,0.024215445,0.0,0.4,0.77272725,0.017094018,0.029734971,0.08597285,0.0
14259990,1,7,0.022624435,0.022624435,0.024305608,0.0,0.2,0.4568182,0.05982906,0.012066365,0.022624435,0.0
14261400,1,27,0.004524887,0.004524887,0.0038796184,0.0,0.2,0.25,0.23076923,0.0882353,0.14479639,0.2
14262680,1,20,0.022624435,0.022624435,0.01870677,0.0,0.4,0.26136363,0.17094018,0.0346908,0.12669684,0.0
14262785,1,0,0.022624435,0.022624435,0.01640675,0.0,0.6,1.0,0.0,0.12594269,0.5972851,0.0
14265113,1,7,0.004524887,0.004524887,0.0060209013,0.0,0.2,0.4568182,0.05982906,0.43891403,0.8733032,0.2
14268141,1,7,0.0,0.0,0.0012841256,0.0,0.0,0.4568182,0.05982906,0.09049774,0.09049774,0.2
14268164,1,2,0.022624435,0.022624435,0.022930337,0.0,0.4,0.77272725,0.017094018,0.033936653,0.14479639,0.0
14268324,2,9,0.004524887,0.004524887,0.0045606,0.0,0.2,0.23636363,0.07692308,0.024886878,0.027149322,0.0
14269768,0,2,0.013574661,0.013574661,0.0123317735,0.0,0.4,0.77272725,0.017094018,0.03733032,0.07692308,0.2
14270650,1,8,0.049773756,0.049773756,0.04212966,0.0,0.6,0.15454546,0.06837607,0.03657617,0.14932127,0.2
14277183,1,18,0.009049774,0.009049774,0.011148855,0.0,0.2,0.5159091,0.15384616,0.027149322,0.036199097,0.0
14278838,1,29,0.0,0.0,0.0048984815,0.0,0.0,0.21136364,0.24786325,0.004524887,0.004524887,0.2
14279461,1,27,0.0,0.0,0.0033836446,0.0,0.0,0.25,0.23076923,0.004524887,0.004524887,0.2
14282136,1,7,0.0,0.0,0.0015849432,0.0,0.0,0.4568182,0.05982906,0.040723983,0.040723983,0.0
14291706,1,2,0.004524887,0.004524887,0.0058628386,0.0,0.2,0.77272725,0.017094018,0.027149322,0.040723983,0.0
14294948,1,8,0.013574661,0.013574661,0.016094372,0.0,0.2,0.15454546,0.06837607,0.024886878,0.06334842,0.0
14299765,0,1,0.036199097,0.036199097,0.029096643,0.0,0.4,0.6363636,0.008547009,0.026646556,0.07692308,0.0
14300586,0,8,0.0,0.0,0.0009863961,0.0,0.0,0.15454546,0.06837607,0.14932127,0.14932127,0.0
14301374,1,13,0.009049774,0.009049774,0.018141354,0.0,0.0,0.13863637,0.11111111,0.01055807,0.03167421,0.0
14301386,1,0,0.1402715,0.1402715,0.114128254,0.0,1.0,1.0,0.0,0.039451357,0.21719457,0.2
14301443,0,10,0.0,0.0,0.0029827775,0.0,0.0,0.52272725,0.08547009,0.004524887,0.004524887,0.0
14301804,0,1,0.004524887,0.004524887,0.005549121,0.0,0.2,0.6363636,0.008547009,0.5022625,1.0,0.0
14302121,0,10,0.0,0.0,0.0016796624,0.0,0.0,0.52272725,0.08547009,0.027149322,0.027149322,0.0
14305154,1,35,0.004524887,0.004524887,0.0043557873,0.0,0.2,0.08181818,0.2991453,0.45022625,0.8733032,0.4
14306885,0,1,0.013574661,0.013574661,0.012862757,0.0,0.4,0.6363636,0.008547009,0.4117647,1.0,0.0
14307465,1,10,0.009049774,0.009049774,0.0072390237,0.0,0.4,0.52272725,0.08547009,0.39366516,0.8733032,0.0
1431301,0,9,0.013574661,0.013574661,0.01522792,0.0,0.2,0.23636363,0.07692308,0.014705882,0.022624435,0.2
14315043,1,18,0.0,0.0,0.0017107975,0.0,0.0,0.5159091,0.15384616,0.03167421,0.03167421,0.4
14315063,0,15,0.004524887,0.004524887,0.009051404,0.0,0.2,0.006818182,0.12820514,0.0067873304,0.009049774,0.2
1431551,1,29,0.0,0.0,0.0029727484,0.0,0.0,0.21136364,0.24786325,0.027149322,0.027149322,0.0
14316661,1,2,0.009049774,0.009049774,0.008014267,0.0,0.2,0.77272725,0.017094018,0.040723983,0.095022626,0.2
14319626,1,19,0.054298643,0.054298643,0.039376117,0.0,0.8,0.40681818,0.16239317,0.116254784,0.8733032,0.0
14326094,1,1,0.004524887,0.004524887,0.0039711716,0.0,0.2,0.6363636,0.008547009,0.46153846,0.8733032,0.0
14326743,1,44,0.0,0.0,0.012690343,0.0,0.0,0.0,0.37606838,0.0,0.0,0.6
14328764,1,2,0.022624435,0.022624435,0.015314627,0.0,0.8,0.77272725,0.017094018,0.31447965,0.8733032,0.0
14333927,1,10,0.013574661,0.013574661,0.009655264,0.0,0.4,0.52272725,0.08547009,0.05316742,0.09954751,0.2
14334937,1,1,0.0,0.0,0.0019837182,0.0,0.0,0.6363636,0.008547009,0.009049774,0.009049774,0.0
14334981,0,21,0.004524887,0.004524887,0.004827028,0.0,0.2,0.125,0.17948718,0.5588235,1.0,0.0
14338426,1,10,0.0,0.0,0.00059089524,0.0,0.0,0.52272725,0.08547009,0.280543,0.280543,0.0
14340048,1,7,0.0,0.0,0.0030467985,0.0,0.0,0.4568182,0.05982906,0.018099548,0.018099548,0.0
14342597,2,0,0.03167421,0.03167421,0.021772983,0.0,0.8,1.0,0.0,0.0780543,0.1719457,0.2
14344131,1,18,0.0,0.0,0.0044205096,0.0,0.0,0.5159091,0.15384616,0.004524887,0.004524887,0.2
14344614,0,22,0.009049774,0.009049774,0.008259036,0.0,0.4,0.19772728,0.18803419,0.35897437,1.0,0.0
14347788,1,20,0.004524887,0.004524887,0.0053845034,0.0,0.2,0.26136363,0.17094018,0.15837105,0.30316743,0.0
14349955,1,7,0.004524887,0.004524887,0.005429996,0.0,0.2,0.4568182,0.05982906,0.06561086,0.09049774,0.0
14350969,1,8,0.013574661,0.013574661,0.010865596,0.0,0.4,0.15454546,0.06837607,0.04638009,0.11312217,0.2
14353449,0,27,0.013574661,0.013574661,0.011947413,0.0,0.4,0.25,0.23076923,0.018099548,0.027149322,0.2
14354411,1,18,0.004524887,0.004524887,0.008218779,0.0,0.2,0.5159091,0.15384616,0.015837105,0.027149322,0.0
14356416,1,30,0.018099548,0.018099548,0.013957681,0.0,0.4,0.14772727,0.25641027,0.053393666,0.07692308,0.2
14361342,1,0,0.0,0.0,0.00029215027,0.0,0.0,1.0,0.0,0.07692308,0.07692308,0.0
14361793,0,20,0.009049774,0.009049774,0.011300777,0.0,0.2,0.26136363,0.17094018,0.33785823,1.0,0.0
14365965,1,10,0.004524887,0.004524887,0.004215633,0.0,0.2,0.52272725,0.08547009,0.6266968,1.0,0.0
14366450,0,1,0.018099548,0.018099548,0.01732731,0.0,0.2,0.6363636,0.008547009,0.012669683,0.036199097,0.0
14366549,1,27,0.03167421,0.03167421,0.024194699,0.0,0.4,0.25,0.23076923,0.036764707,0.19004525,0.2
14368074,0,2,0.14479639,0.14479639,0.10574003,0.0,1.0,0.77272725,0.017094018,0.04209516,0.15384616,0.2
14372426,0,1,0.0,0.0,0.0012710884,0.0,0.0,0.6363636,0.008547009,1.0,1.0,0.0
14372710,0,14,0.004524887,0.004524887,0.0063047945,0.0,0.2,0.16136363,0.11965812,0.013574661,0.022624435,0.4
14373362,1,18,0.013574661,0.013574661,0.02065856,0.0,0.2,0.5159091,0.15384616,0.022624435,0.07239819,0.2
14376745,1,21,0.004524887,0.004524887,0.0069868364,0.0,0.2,0.125,0.17948718,0.011312217,0.013574661,0.2
14380723,0,45,0.0,0.0,0.012690343,0.0,0.0,0.0,0.3846154,0.0,0.0,0.0
14385076,1,8,0.004524887,0.004524887,0.006876137,0.0,0.2,0.15454546,0.06837607,0.0067873304,0.009049774,0.0
14387400,1,0,0.0,0.0,0.000100374724,0.0,0.0,1.0,0.0,0.08597285,0.08597285,0.0
14389149,1,18,0.009049774,0.009049774,0.011269403,0.0,0.2,0.5159091,0.15384616,0.057315234,0.13122173,0.2
14390067,1,7,0.018099548,0.018099548,0.015766403,0.0,0.4,0.4568182,0.05982906,0.19366516,0.8733032,0.2
14400049,1,0,0.009049774,0.009049774,0.00550949,0.0,0.4,1.0,0.0,0.078431375,0.09954751,0.0
14402868,1,0,0.013574661,0.013574661,0.011083857,0.0,0.4,1.0,0.0,0.07466064,0.1719457,0.0
14405372,1,35,0.0,0.0,0.0024020178,0.0,0.0,0.08181818,0.2991453,0.03167421,0.03167421,0.2
14405379,1,0,0.009049774,0.009049774,0.0059873983,0.0,0.4,1.0,0.0,0.1749623,0.29411766,0.4
14410711,0,1,0.009049774,0.009049774,0.009187695,0.0,0.2,0.6363636,0.008547009,0.012066365,0.013574661,0.0
14418930,1,2,0.0,0.0,0.003418024,0.0,0.0,0.77272725,0.017094018,0.004524887,0.004524887,0.2
14420451,0,1,0.018099548,0.018099548,0.017113375,0.0,0.4,0.6363636,0.008547009,0.26244345,1.0,0.2
14420936,0,10,0.0,0.0,0.0022190015,0.0,0.0,0.52272725,0.08547009,0.036199097,0.036199097,0.0
14421893,1,9,0.004524887,0.004524887,0.009194305,0.0,0.0,0.23636363,0.07692308,0.004524887,0.009049774,0.0
14426940,0,1,0.009049774,0.009049774,0.010784507,0.0,0.2,0.6363636,0.008547009,0.39366516,1.0,0.2
14426992,1,30,0.004524887,0.004524887,0.004168493,0.0,0.2,0.14772727,0.25641027,0.0520362,0.07692308,0.2
14430556,1,17,0.05882353,0.05882353,0.050371446,0.0,0.6,0.15227273,0.14529915,0.062378798,0.5972851,0.0
14431629,1,2,0.0,0.0,0.00076464063,0.0,0.0,0.77272725,0.017094018,0.8733032,0.8733032,0.2
14434688,1,2,0.018099548,0.018099548,0.017109917,0.0,0.4,0.77272725,0.017094018,0.017194571,0.040723983,0.0
14437066,1,18,0.0,0.0,0.0020868352,0.0,0.0,0.5159091,0.15384616,0.07239819,0.07239819,0.0
14437161,0,27,0.018099548,0.018099548,0.021954188,0.0,0.2,0.25,0.23076923,0.0063348417,0.013574661,0.4
14439519,1,0,0.027149322,0.027149322,0.01885853,0.0,0.4,1.0,0.0,0.049773756,0.16289593,0.4
14441617,1,2,0.013574661,0.013574661,0.015368982,0.0,0.2,0.77272725,0.017094018,0.011312217,0.018099548,0.4
14442244,0,1,0.009049774,0.009049774,0.009999925,0.0,0.2,0.6363636,0.008547009,0.11312217,0.30316743,0.0
14442703,1,20,0.0,0.0,0.000937375,0.0,0.0,0.26136363,0.17094018,0.040723983,0.040723983,0.0
14444798,1,20,0.013574661,0.013574661,0.016766287,0.0,0.2,0.26136363,0.17094018,0.009049774,0.009049774,0.0
14444930,0,2,0.009049774,0.009049774,0.009225081,0.0,0.2,0.77272725,0.017094018,0.039215688,0.08144797,0.2
14447648,1,2,0.036199097,0.036199097,0.028580649,0.0,0.6,0.77272725,0.017094018,0.14328809,0.8733032,0.2
14450630,1,2,0.0,0.0,0.0022139268,0.0,0.0,0.77272725,0.017094018,0.022624435,0.022624435,0.0
14451294,1,0,0.11312217,0.11312217,0.07273325,0.0,1.0,1.0,0.0,0.08806126,0.25791857,0.4
14451981,1,2,0.009049774,0.009049774,0.007862873,0.0,0.4,0.77272725,0.017094018,0.30618402,0.8733032,0.2
14454433,1,7,0.004524887,0.004524887,0.00790322,0.0,0.0,0.4568182,0.05982906,0.036199097,0.06787331,0.0
14455718,1,3,0.018099548,0.018099548,0.02032643,0.0,0.2,0.15227273,0.025641026,0.019004526,0.054298643,0.0
14456344,1,2,0.0,0.0,0.00076464063,0.0,0.0,0.77272725,0.017094018,0.8733032,0.8733032,0.2
14456828,0,38,0.022624435,0.022624435,0.020531192,0.0,0.4,0.07727273,0.32478634,0.039969835,0.1402715,0.2
14457848,0,1,0.004524887,0.004524887,0.0047510765,0.0,0.2,0.6363636,0.008547009,0.51809955,1.0,0.0
14459159,0,1,0.0,0.0,0.0012710884,0.0,0.0,0.6363636,0.008547009,1.0,1.0,0.0
14459303,1,19,0.013574661,0.013574661,0.0125418715,0.0,0.2,0.40681818,0.16239317,0.0260181,0.07239819,0.2
14460783,1,29,0.027149322,0.027149322,0.022670705,0.0,0.4,0.21136364,0.24786325,0.029088559,0.07239819,0.4
14461330,1,20,0.009049774,0.009049774,0.011399394,0.0,0.2,0.26136363,0.17094018,0.013574661,0.022624435,0.2
14461792,1,21,0.009049774,0.009049774,0.012976637,0.0,0.2,0.125,0.17948718,0.02413273,0.03167421,0.0
14462500,0,1,0.004524887,0.004524887,0.005290097,0.0,0.2,0.6363636,0.008547009,0.5882353,1.0,0.2
14463102,1,29,0.0,0.0,0.0015259546,0.0,0.0,0.21136364,0.24786325,0.03167421,0.03167421,0.0
14463675,1,0,0.022624435,0.022624435,0.013464578,0.0,0.8,1.0,0.0,0.06636501,0.13122173,0.2
14464020,1,9,0.0,0.0,0.0018812085,0.0,0.0,0.23636363,0.07692308,0.040723983,0.040723983,0.2
14465317,1,20,0.004524887,0.004524887,0.0051578437,0.0,0.2,0.26136363,0.17094018,0.43891403,0.8733032,0.0
14467222,1,2,0.0,0.0,0.00076464063,0.0,0.0,0.77272725,0.017094018,0.8733032,0.8733032,0.2
14475952,0,0,0.0,0.0,0.0006102786,0.0,0.0,1.0,0.0,0.07692308,0.07692308,0.0
14476022,1,7,0.004524887,0.004524887,0.0057424037,0.0,0.2,0.4568182,0.05982906,0.020361992,0.036199097,0.0
14479538,0,19,0.009049774,0.009049774,0.009445394,0.0,0.2,0.40681818,0.16239317,0.04524887,0.11764706,0.2
14479592,1,2,0.004524887,0.004524887,0.0034732113,0.0,0.2,0.77272725,0.017094018,0.1199095,0.21719457,0.2
14483590,0,1,0.004524887,0.004524887,0.004387466,0.0,0.2,0.6363636,0.008547009,0.51583713,1.0,0.2
14484634,0,27,0.004524887,0.004524887,0.0034413359,0.0,0.2,0.25,0.23076923,0.07466064,0.11764706,0.0
14499717,1,35,0.0,0.0,0.0024020178,0.0,0.0,0.08181818,0.2991453,0.03167421,0.03167421,0.0
14501275,0,0,0.013574661,0.013574661,0.010530627,0.0,0.4,1.0,0.0,0.049773756,0.06787331,0.2
14505596,2,0,0.03167421,0.03167421,0.022754082,0.0,0.8,1.0,0.0,0.06957014,0.25791857,0.2
14506615,2,19,0.06787331,0.06787331,0.052443024,0.0,0.8,0.40681818,0.16239317,0.030825792,0.16289593,0.2
14508359,1,7,0.009049774,0.009049774,0.012909897,0.0,0.2,0.4568182,0.05982906,0.018099548,0.036199097,0.2
14512268,0,22,0.004524887,0.004524887,0.0036575485,0.0,0.2,0.19772728,0.18803419,0.06561086,0.095022626,0.0
14513507,1,18,0.0,0.0,0.0019063171,0.0,0.0,0.5159091,0.15384616,0.04524887,0.04524887,0.0
14514220,0,0,0.15384616,0.15384616,0.10886765,0.0,1.0,1.0,0.0,0.052747253,0.30316743,0.2
14514703,0,38,0.013574661,0.013574661,0.015764935,0.0,0.2,0.07727273,0.32478634,0.028280543,0.07692308,0.2
14516061,0,5,0.0,0.0,0.004781283,0.0,0.0,0.1,0.042735044,0.004524887,0.004524887,0.0
14519514,1,7,0.004524887,0.004524887,0.0052698953,0.0,0.2,0.4568182,0.05982906,0.013574661,0.022624435,0.2
14519891,1,2,0.09954751,0.09954751,0.0695745,0.0,1.0,0.77272725,0.017094018,0.04249459,0.25791857,0.2
14521343,1,0,0.054298643,0.054298643,0.034941103,0.0,1.0,1.0,0.0,0.065436825,0.1719457,0.2
14521383,1,0,0.036199097,0.036199097,0.022184256,0.0,1.0,1.0,0.0,0.120160885,0.5972851,0.0
14521896,1,10,0.0,0.0,0.0028427904,0.0,0.0,0.52272725,0.08547009,0.004524887,0.004524887,0.0
14527485,0,1,0.018099548,0.018099548,0.019584902,0.0,0.4,0.6363636,0.008547009,0.019909503,0.05882353,0.6
14537873,1,8,0.004524887,0.004524887,0.0066775787,0.0,0.2,0.15454546,0.06837607,0.011312217,0.013574661,0.0
14549852,1,9,0.05882353,0.05882353,0.04436895,0.0,0.6,0.23636363,0.07692308,0.028442146,0.095022626,0.0
14551274,0,1,0.0,0.0,0.0012710884,0.0,0.0,0.6363636,0.008547009,1.0,1.0,0.0
14552124,0,1,0.013574661,0.013574661,0.011798766,0.0,0.4,0.6363636,0.008547009,0.03959276,0.095022626,0.0
14553715,1,29,0.0,0.0,0.003454871,0.0,0.0,0.21136364,0.24786325,0.004524887,0.004524887,0.2
14554753,1,5,0.004524887,0.004524887,0.005349759,0.0,0.2,0.1,0.042735044,0.011312217,0.013574661,0.4
14555289,1,8,0.009049774,0.009049774,0.01132485,0.0,0.2,0.15454546,0.06837607,0.009049774,0.018099548,0.0
14558773,1,10,0.009049774,0.009049774,0.0063877734,0.0,0.4,0.52272725,0.08547009,0.12971343,0.18099548,0.6
14560510,1,0,0.06334842,0.06334842,0.043332014,0.0,1.0,1.0,0.0,0.11523379,0.5972851,0.0
14564657,0,8,0.0,0.0,0.0019131161,0.0,0.0,0.15454546,0.06837607,0.013574661,0.013574661,0.4
14574911,1,18,0.0,0.0,0.0018027264,0.0,0.0,0.5159091,0.15384616,0.08597285,0.08597285,0.0
14578032,0,22,0.022624435,0.022624435,0.019092968,0.0,0.4,0.19772728,0.18803419,0.20437406,1.0,0.0
1458001,1,2,0.018099548,0.018099548,0.014961325,0.0,0.6,0.77272725,0.017094018,0.03800905,0.05882353,0.0
14581841,0,9,0.013574661,0.013574661,0.0168575,0.0,0.2,0.23636363,0.07692308,0.015837105,0.040723983,0.4
14590651,1,7,0.040723983,0.040723983,0.043567102,0.0,0.4,0.4568182,0.05982906,0.02081448,0.08144797,0.0
14599976,1,2,0.036199097,0.036199097,0.030049248,0.0,0.8,0.77272725,0.017094018,0.10105581,0.30316743,0.6
14605765,1,28,0.0,0.0,0.008470262,0.0,0.0,0.0022727272,0.23931624,0.004524887,0.004524887,0.0
14625006,1,37,0.004524887,0.004524887,0.0072783222,0.0,0.0,0.0022727272,0.31623933,0.08597285,0.16742082,0.2
14642711,1,2,0.018099548,0.018099548,0.015014792,0.0,0.4,0.77272725,0.017094018,0.034389142,0.09954751,0.0
14647281,0,10,0.013574661,0.013574661,0.01317062,0.0,0.2,0.52272725,0.08547009,0.04411765,0.11764706,0.2
14662013,1,0,0.0,0.0,0.00021353374,0.0,0.0,1.0,0.0,0.08597285,0.08597285,0.6
14680965,1,46,0.0,0.0,0.012690343,0.0,0.0,0.0,0.3931624,0.0,0.0,0.4
14682248,1,20,0.0,0.0,0.004053617,0.0,0.0,0.26136363,0.17094018,0.009049774,0.009049774,0.4
14685548,0,1,0.0,0.0,0.0012710884,0.0,0.0,0.6363636,0.008547009,1.0,1.0,0.6
14687072,1,2,0.004524887,0.004524887,0.0045633386,0.0,0.2,0.77272725,0.017094018,0.44117647,0.8733032,0.0
14690122,1,27,0.027149322,0.027149322,0.024089094,0.0,0.4,0.25,0.23076923,0.016160311,0.036199097,0.0
14690638,1,29,0.013574661,0.013574661,0.015948815,0.0,0.2,0.21136364,0.24786325,0.010180996,0.013574661,0.0
14694370,0,6,0.0,0.0,0.0029212434,0.0,0.0,0.05,0.051282052,0.022624435,0.022624435,0.0
14694965,0,1,0.0,0.0,0.0034934424,0.0,0.0,0.6363636,0.008547009,0.009049774,0.009049774,0.4
14695367,1,30,0.0,0.0,0.0008716265,0.0,0.0,0.14772727,0.25641027,0.040723983,0.040723983,0.2
14696659,1,2,0.004524887,0.004524887,0.0038669612,0.0,0.2,0.77272725,0.017094018,0.47511312,0.8733032,0.0
14696934,1,0,0.08597285,0.08597285,0.05710055,0.0,1.0,1.0,0.0,0.12895928,0.8733032,0.2
14700957,1,3,0.027149322,0.027149322,0.02975175,0.0,0.4,0.15227273,0.025641026,0.013574661,0.04524887,0.0
14702781,0,3,0.0,0.0,0.0012378412,0.0,0.0,0.15227273,0.025641026,0.04524887,0.04524887,0.0
14707837,1,2,0.0,0.0,0.00019205331,0.0,0.0,0.77272725,0.017094018,0.09954751,0.09954751,0.0
14710900,1,16,0.004524887,0.004524887,0.011621607,0.0,0.0,0.038636364,0.13675214,0.03167421,0.04524887,0.0
14711966,0,9,0.013574661,0.013574661,0.014375521,0.0,0.4,0.23636363,0.07692308,0.2975113,1.0,0.0
14715516,1,5,0.009049774,0.009049774,0.010604704,0.0,0.2,0.1,0.042735044,0.009049774,0.013574661,0.2
14716327,1,13,0.013574661,0.013574661,0.018208712,0.0,0.2,0.13863637,0.11111111,0.027149322,0.06334842,0.4
14719154,0,1,0.0,0.0,0.0012710884,0.0,0.0,0.6363636,0.008547009,1.0,1.0,0.2
14719235,0,2,0.0,0.0,0.0012627405,0.0,0.0,0.77272725,0.017094018,0.040723983,0.040723983,0.2
14720172,0,10,0.018099548,0.018099548,0.014797265,0.0,0.6,0.52272725,0.08547009,0.49321267,1.0,0.0
14720695,0,1,0.0,0.0,0.0012710884,0.0,0.0,0.6363636,0.008547009,1.0,1.0,0.2
14721480,1,19,0.0,0.0,0.00051172986,0.0,0.0,0.40681818,0.16239317,0.06787331,0.06787331,0.0
14721642,1,18,0.009049774,0.009049774,0.010857638,0.0,0.2,0.5159091,0.15384616,0.03167421,0.07692308,0.0
14726448,1,13,0.004524887,0.004524887,0.010265171,0.0,0.0,0.13863637,0.11111111,0.009049774,0.013574661,0.0
14727321,1,19,0.0,0.0,0.0016394973,0.0,0.0,0.40681818,0.16239317,0.013574661,0.013574661,0.2
14727766,1,18,0.009049774,0.009049774,0.010589021,0.0,0.2,0.5159091,0.15384616,0.060331825,0.13122173,0.2
14728116,1,9,0.004524887,0.004524887,0.005735398,0.0,0.2,0.23636363,0.07692308,0.022624435,0.040723983,0.0
14730488,0,29,0.0,0.0,0.003916705,0.0,0.0,0.21136364,0.24786325,0.004524887,0.004524887,0.2
14731797,1,30,0.004524887,0.004524887,0.0047671776,0.0,0.2,0.14772727,0.25641027,0.015837105,0.022624435,0.0
14731904,1,0,0.004524887,0.004524887,0.0068315105,0.0,0.0,1.0,0.0,0.07013575,0.1402715,0.2
14735417,1,14,0.0,0.0,0.0014340031,0.0,0.0,0.16136363,0.11965812,0.018099548,0.018099548,0.2
14737175,0,27,0.004524887,0.004524887,0.00876624,0.0,0.0,0.25,0.23076923,0.024886878,0.049773756,0.0
14737298,1,17,0.004524887,0.004524887,0.010271502,0.0,0.2,0.15227273,0.14529915,0.009049774,0.013574661,0.0
14739557,0,1,0.0,0.0,0.0012710884,0.0,0.0,0.6363636,0.008547009,1.0,1.0,0.0
14742505,1,10,0.013574661,0.013574661,0.011186473,0.0,0.4,0.52272725,0.08547009,0.35972852,0.8733032,0.2
14745620,0,22,0.013574661,0.013574661,0.0106668435,0.0,0.4,0.19772728,0.18803419,0.03167421,0.040723983,0.0
14746865,1,7,0.009049774,0.009049774,0.013212432,0.0,0.2,0.4568182,0.05982906,0.29260936,0.8733032,0.0
14747961,1,29,0.0,0.0,0.0030775003,0.0,0.0,0.21136364,0.24786325,0.040723983,0.040723983,0.0
14749267,0,0,0.0,0.0,0.00036321607,0.0,0.0,1.0,0.0,0.054298643,0.054298643,0.2
14752933,0,4,0.0,0.0,0.0011111919,0.0,0.0,0.19090909,0.034188036,0.049773756,0.049773756,0.2
14754547,1,29,0.0,0.0,0.0030775003,0.0,0.0,0.21136364,0.24786325,0.040723983,0.040723983,0.0
147563,1,25,0.004524887,0.004524887,0.0051082782,0.0,0.2,0.052272726,0.21367522,0.015837105,0.018099548,0.0
14759197,1,0,0.004524887,0.004524887,0.0032629054,0.0,0.2,1.0,0.0,0.049773756,0.07692308,0.0
14763573,1,43,0.0,0.0,0.012690343,0.0,0.0,0.0,0.36752138,0.0,0.0,0.2
14767753,1,19,0.004524887,0.004524887,0.005249469,0.0,0.2,0.40681818,0.16239317,0.09049774,0.1764706,0.4
14770241,0,19,0.004524887,0.004524887,0.005988561,0.0,0.2,0.40681818,0.16239317,0.011312217,0.013574661,0.0
14771089,0,16,0.0,0.0,0.005027386,0.0,0.0,0.038636364,0.13675214,0.018099548,0.018099548,0.6
14772707,1,9,0.009049774,0.009049774,0.009194244,0.0,0.2,0.23636363,0.07692308,0.012066365,0.022624435,0.0
14773226,0,1,0.0,0.0,0.0034934424,0.0,0.0,0.6363636,0.008547009,0.009049774,0.009049774,0.0
1477511,1,2,0.0,0.0,0.0005954276,0.0,0.0,0.77272725,0.017094018,0.04524887,0.04524887,0.0
14778372,1,18,0.009049774,0.009049774,0.013145312,0.0,0.2,0.5159091,0.15384616,0.027149322,0.06334842,0.4
14778534,1,0,0.0,0.0,0.00067232514,0.0,0.0,1.0,0.0,0.036199097,0.036199097,0.0
14778685,1,7,0.009049774,0.009049774,0.013282058,0.0,0.2,0.4568182,0.05982906,0.018099548,0.036199097,0.2
14783101,1,21,0.013574661,0.013574661,0.020723596,0.0,0.2,0.125,0.17948718,0.010180996,0.03167421,0.4
14785887,1,0,0.108597286,0.108597286,0.07438116,0.0,1.0,1.0,0.0,0.06552036,0.1719457,0.2
14786640,1,21,0.0,0.0,0.0025809517,0.0,0.0,0.125,0.17948718,0.013574661,0.013574661,0.0
14788470,1,21,0.004524887,0.004524887,0.010430428,0.0,0.0,0.125,0.17948718,0.011312217,0.018099548,0.2
14788631,0,30,0.004524887,0.004524887,0.0048867073,0.0,0.2,0.14772727,0.25641027,0.015837105,0.018099548,0.2
14790224,1,7,0.004524887,0.004524887,0.0051885573,0.0,0.2,0.4568182,0.05982906,0.540724,1.0,0.0
14792975,1,18,0.022624435,0.022624435,0.022500819,0.0,0.4,0.5159091,0.15384616,0.039969835,0.11312217,0.0
14793446,1,1,0.009049774,0.009049774,0.008398189,0.0,0.4,0.6363636,0.008547009,0.027149322,0.040723983,0.2
14794913,0,30,0.0,0.0,0.002180217,0.0,0.0,0.14772727,0.25641027,0.009049774,0.009049774,0.4
14795369,1,2,0.009049774,0.009049774,0.006794997,0.0,0.4,0.77272725,0.017094018,0.043740574,0.07692308,0.0
14796006,1,3,0.013574661,0.013574661,0.0129949665,0.0,0.2,0.15227273,0.025641026,0.024886878,0.05882353,0.0
14799428,0,2,0.0,0.0,0.0012627405,0.0,0.0,0.77272725,0.017094018,0.040723983,0.040723983,0.0
14799737,1,9,0.0,0.0,0.0004897328,0.0,0.0,0.23636363,0.07692308,0.05882353,0.05882353,0.2
14802405,2,5,0.0,0.0,0.0013294151,0.0,0.0,0.1,0.042735044,0.03167421,0.03167421,0.0
14803185,1,3,0.0,0.0,0.001676351,0.0,0.0,0.15227273,0.025641026,0.027149322,0.027149322,0.4
14808468,1,2,0.018099548,0.018099548,0.016554337,0.0,0.4,0.77272725,0.017094018,0.30135748,0.8733032,0.0
14812022,1,20,0.013574661,0.013574661,0.016009491,0.0,0.2,0.26136363,0.17094018,0.013574661,0.022624435,0.2
14813714,0,1,0.004524887,0.004524887,0.0040321723,0.0,0.2,0.6363636,0.008547009,0.7986425,1.0,0.2
14818703,2,5,0.03167421,0.03167421,0.031245504,0.0,0.4,0.1,0.042735044,0.033936653,0.15384616,0.0
14824238,1,1,0.0,0.0,0.0017753203,0.0,0.0,0.6363636,0.008547009,0.009049774,0.009049774,0.0
14824349,0,22,0.013574661,0.013574661,0.0113725765,0.0,0.4,0.19772728,0.18803419,0.04524887,0.07692308,0.0
14824584,1,0,0.06334842,0.06334842,0.048233237,0.0,0.8,1.0,0.0,0.047360484,0.1719457,0.0
14825622,1,0,0.013574661,0.013574661,0.010112318,0.0,0.4,1.0,0.0,0.066742085,0.16742082,0.2
14825748,1,5,0.004524887,0.004524887,0.004993822,0.0,0.2,0.1,0.042735044,0.027149322,0.036199097,0.0
14828860,2,19,0.07692308,0.07692308,0.057406392,0.0,0.8,0.40681818,0.16239317,0.06561086,0.30316743,0.0
14828938,1,2,0.07692308,0.07692308,0.054189436,0.0,1.0,0.77272725,0.017094018,0.11890397,0.8733032,0.0
14829029,0,27,0.0,0.0,0.0033836446,0.0,0.0,0.25,0.23076923,0.004524887,0.004524887,0.0
14830184,1,3,0.054298643,0.054298643,0.049994446,0.0,0.6,0.15227273,0.025641026,0.03376262,0.12669684,0.0
14832751,2,19,0.009049774,0.009049774,0.009254033,0.0,0.2,0.40681818,0.16239317,0.12669684,0.30316743,0.0
14834422,0,1,0.0,0.0,0.0012710884,0.0,0.0,0.6363636,0.008547009,1.0,1.0,0.0
14834530,1,1,0.0,0.0,0.0016286112,0.0,0.0,0.6363636,0.008547009,0.009049774,0.009049774,0.0
14837785,0,22,0.040723983,0.040723983,0.04475725,0.0,0.4,0.19772728,0.18803419,0.017194571,0.11312217,0.4
14837803,1,29,0.004524887,0.004524887,0.0045455038,0.0,0.2,0.21136364,0.24786325,0.45475113,0.8733032,0.2
14842910,1,20,0.004524887,0.004524887,0.0049049063,0.0,0.2,0.26136363,0.17094018,0.06334842,0.11312217,0.2
14849301,0,3,0.009049774,0.009049774,0.009330358,0.0,0.2,0.15227273,0.025641026,0.036199097,0.095022626,0.0
14849643,1,20,0.0,0.0,0.0014401989,0.0,0.0,0.26136363,0.17094018,0.03167421,0.03167421,0.0
14850673,1,18,0.0,0.0,0.0017029959,0.0,0.0,0.5159091,0.15384616,0.013574661,0.013574661,0.0
14852204,1,2,0.0,0.0,0.0033241338,0.0,0.0,0.77272725,0.017094018,0.009049774,0.009049774,0.0
14852216,0,1,0.013574661,0.013574661,0.011775379,0.0,0.2,0.6363636,0.008547009,0.280543,1.0,0.2
14852377,1,1,0.004524887,0.004524887,0.0043225163,0.0,0.2,0.6363636,0.008547009,0.03167421,0.04524887,0.0
14854384,0,2,0.040723983,0.040723983,0.039585587,0.0,0.6,0.77272725,0.017094018,0.13846155,0.8733032,0.4
14856432,1,7,0.0,0.0,0.0014628335,0.0,0.0,0.4568182,0.05982906,0.018099548,0.018099548,0.2
14857310,0,47,0.0,0.0,0.012690343,0.0,0.0,0.0,0.4017094,0.0,0.0,0.0
14858006,0,1,0.013574661,0.013574661,0.011499682,0.0,0.4,0.6363636,0.008547009,0.33031675,1.0,0.2
14861336,1,18,0.0,0.0,0.001665232,0.0,0.0,0.5159091,0.15384616,0.11312217,0.11312217,0.0
14863834,1,1,0.004524887,0.004524887,0.0041134795,0.0,0.2,0.6363636,0.008547009,0.09728507,0.18099548,0.0
14866770,0,19,0.009049774,0.009049774,0.012311263,0.0,0.2,0.40681818,0.16239317,0.016591253,0.036199097,0.4
14871174,0,27,0.018099548,0.018099548,0.016870061,0.0,0.4,0.25,0.23076923,0.019004526,0.054298643,0.2
14871283,1,0,0.09049774,0.09049774,0.062172238,0.0,1.0,1.0,0.0,0.060331825,0.16742082,0.2
14872695,1,2,0.0,0.0,0.00076464063,0.0,0.0,0.77272725,0.017094018,0.8733032,0.8733032,0.2
14875152,1,7,0.013574661,0.013574661,0.020158915,0.0,0.2,0.4568182,0.05982906,0.010180996,0.022624435,0.0
14879825,0,1,0.009049774,0.009049774,0.0079961615,0.0,0.2,0.6363636,0.008547009,0.06334842,0.1719457,0.0
14882176,1,0,0.0,0.0,0.0,0.0,0.0,1.0,0.0,0.08597285,0.08597285,0.0
14887872,1,18,0.004524887,0.004524887,0.006504195,0.0,0.2,0.5159091,0.15384616,0.022624435,0.022624435,0.0
14901848,1,19,0.018099548,0.018099548,0.011972671,0.0,0.6,0.40681818,0.16239317,0.0642534,0.11312217,0.0
14909369,1,0,0.04524887,0.04524887,0.029005252,0.0,1.0,1.0,0.0,0.13944879,0.5972851,0.0
14912783,1,0,0.0,0.0,0.0006234983,0.0,0.0,1.0,0.0,0.06787331,0.06787331,0.0
14914062,0,17,0.004524887,0.004524887,0.004916262,0.0,0.2,0.15227273,0.14529915,0.5769231,1.0,0.2
14916450,1,48,0.004524887,0.004524887,0.006865452,0.0,0.0,0.009090909,0.41025642,0.022624435,0.040723983,0.2
14923674,2,5,0.018099548,0.018099548,0.018069867,0.0,0.2,0.1,0.042735044,0.016289594,0.03167421,0.0
14925627,1,0,0.0,0.0,0.00011718584,0.0,0.0,1.0,0.0,0.108597286,0.108597286,0.0
14927129,0,35,0.0,0.0,0.0020116323,0.0,0.0,0.08181818,0.2991453,0.009049774,0.009049774,0.0
14930659,1,49,0.0,0.0,0.012690343,0.0,0.0,0.0,0.41880342,0.0,0.0,0.2
14931988,1,21,0.0,0.0,0.0026063607,0.0,0.0,0.125,0.17948718,0.027149322,0.027149322,0.0
14932486,1,14,0.004524887,0.004524887,0.0043628803,0.0,0.2,0.16136363,0.11965812,0.042986427,0.054298643,0.0
14935079,1,2,0.054298643,0.054298643,0.043574996,0.0,0.8,0.77272725,0.017094018,0.029933866,0.09049774,0.0
14949111,1,1,0.0,0.0,0.001905599,0.0,0.0,0.6363636,0.008547009,0.013574661,0.013574661,0.0
14950987,1,0,0.049773756,0.049773756,0.032295283,0.0,1.0,1.0,0.0,0.063725494,0.122171946,0.0
14951093,0,29,0.08144797,0.08144797,0.059512153,0.0,0.8,0.21136364,0.24786325,0.069302216,0.5972851,0.0
14951244,1,8,0.0,0.0,0.0030037977,0.0,0.0,0.15454546,0.06837607,0.009049774,0.009049774,0.4
14951853,2,10,0.0,0.0,0.0023786498,0.0,0.0,0.52272725,0.08547009,0.013574661,0.013574661,0.2
14959367,2,14,0.004524887,0.004524887,0.0041342303,0.0,0.2,0.16136363,0.11965812,0.09276018,0.16742082,0.0
14964894,0,17,0.009049774,0.009049774,0.015656557,0.0,0.0,0.15227273,0.14529915,0.052790347,0.15384616,0.0
14965263,0,6,0.0,0.0,0.0030597178,0.0,0.0,0.05,0.051282052,0.036199097,0.036199097,0.4
14965482,1,9,0.004524887,0.004524887,0.0036926966,0.0,0.2,0.23636363,0.07692308,0.05882353,0.05882353,0.4
14966504,1,0,0.022624435,0.022624435,0.015204689,0.0,0.8,1.0,0.0,0.0693816,0.122171946,0.2
14976574,1,1,0.0,0.0,0.0033190278,0.0,0.0,0.6363636,0.008547009,0.004524887,0.004524887,0.4
14980052,1,18,0.004524887,0.004524887,0.007065015,0.0,0.2,0.5159091,0.15384616,0.027149322,0.049773756,0.0
14980117,1,0,0.004524887,0.004524887,0.0044266502,0.0,0.2,1.0,0.0,0.07466064,0.1402715,0.0
14982693,1,2,0.004524887,0.004524887,0.007756913,0.0,0.0,0.77272725,0.017094018,0.024886878,0.036199097,0.2
14983638,1,4,0.013574661,0.013574661,0.013606863,0.0,0.4,0.19090909,0.034188036,0.016968327,0.03167421,0.2
14983673,1,21,0.004524887,0.004524887,0.003665774,0.0,0.2,0.125,0.17948718,0.20588236,0.29411766,0.0
14984480,1,1,0.004524887,0.004524887,0.004038051,0.0,0.2,0.6363636,0.008547009,0.46153846,0.8733032,0.0
14985991,1,1,0.004524887,0.004524887,0.011718856,0.0,0.0,0.6363636,0.008547009,0.0022624435,0.004524887,0.0
14986396,1,14,0.0,0.0,0.0015490068,0.0,0.0,0.16136363,0.11965812,0.022624435,0.022624435,0.0
14990262,0,1,0.0,0.0,0.0019558705,0.0,0.0,0.6363636,0.008547009,0.03167421,0.03167421,0.2
14992758,1,7,0.009049774,0.009049774,0.009861006,0.0,0.2,0.4568182,0.05982906,0.02413273,0.040723983,0.2
14994079,1,24,0.0,0.0,0.0022543839,0.0,0.0,0.7659091,0.20512821,0.009049774,0.009049774,0.0
14994212,1,0,0.004524887,0.004524887,0.004925954,0.0,0.2,1.0,0.0,0.03846154,0.06787331,0.0
14996598,2,19,0.0,0.0,0.0006194072,0.0,0.0,0.40681818,0.16239317,0.30316743,0.30316743,0.0
15001089,0,1,0.0,0.0,0.0012710884,0.0,0.0,0.6363636,0.008547009,1.0,1.0,0.2
15005664,1,38,0.009049774,0.009049774,0.008649262,0.0,0.2,0.07727273,0.32478634,0.04524887,0.06787331,0.0
15006507,1,1,0.009049774,0.009049774,0.010730401,0.0,0.2,0.6363636,0.008547009,0.6244344,1.0,0.2
15007774,1,0,0.004524887,0.004524887,0.0038675263,0.0,0.2,1.0,0.0,0.07918552,0.14932127,0.0
15008154,1,18,0.0,0.0,0.0018027264,0.0,0.0,0.5159091,0.15384616,0.08597285,0.08597285,0.0
15011971,1,25,0.004524887,0.004524887,0.0040618908,0.0,0.2,0.052272726,0.21367522,0.054298643,0.095022626,0.0
15013313,1,10,0.004524887,0.004524887,0.0032283224,0.0,0.2,0.52272725,0.08547009,0.2081448,0.25339368,0.4
15013394,1,2,0.0,0.0,0.0016640133,0.0,0.0,0.77272725,0.017094018,0.009049774,0.009049774,0.0
15017875,1,0,0.0,0.0,0.00017711743,0.0,0.0,1.0,0.0,0.16742082,0.16742082,0.0
15020350,1,0,0.013574661,0.013574661,0.009952214,0.0,0.4,1.0,0.0,0.087104075,0.21719457,0.0
15038481,1,30,0.004524887,0.004524887,0.00392744,0.0,0.2,0.14772727,0.25641027,0.040723983,0.05882353,0.4
15053286,1,7,0.013574661,0.013574661,0.016765084,0.0,0.2,0.4568182,0.05982906,0.016968327,0.049773756,0.0
15053955,0,1,0.004524887,0.004524887,0.005262369,0.0,0.2,0.6363636,0.008547009,0.5271493,1.0,0.0
15055852,1,7,0.049773756,0.049773756,0.049637247,0.0,0.4,0.4568182,0.05982906,0.024509804,0.09049774,0.0
15063431,1,30,0.013574661,0.013574661,0.010829367,0.0,0.4,0.14772727,0.25641027,0.054298643,0.08597285,0.4
15064403,1,18,0.018099548,0.018099548,0.02399764,0.0,0.2,0.5159091,0.15384616,0.004524887,0.009049774,0.0
15068090,1,10,0.0,0.0,0.003339198,0.0,0.0,0.52272725,0.08547009,0.009049774,0.009049774,0.4
15068456,1,1,0.0,0.0,0.0013025629,0.0,0.0,0.6363636,0.008547009,0.013574661,0.013574661,0.0
15070780,1,29,0.013574661,0.013574661,0.014756698,0.0,0.2,0.21136364,0.24786325,0.021493213,0.036199097,0.2
15070923,1,2,0.004524887,0.004524887,0.0061910595,0.0,0.2,0.77272725,0.017094018,0.022624435,0.022624435,0.0
15073198,1,37,0.0,0.0,0.004292653,0.0,0.0,0.0022727272,0.31623933,0.004524887,0.004524887,0.0
15074041,1,18,0.0,0.0,0.003568072,0.0,0.0,0.5159091,0.15384616,0.027149322,0.027149322,0.0
15076390,1,10,0.280543,0.280543,0.22938845,0.0,1.0,0.52272725,0.08547009,0.029878618,0.1402715,0.2
15078437,1,10,0.06334842,0.06334842,0.047867466,0.0,0.8,0.52272725,0.08547009,0.0708899,0.29411766,0.0
15079276,1,18,0.004524887,0.004524887,0.0066253934,0.0,0.2,0.5159091,0.15384616,0.042986427,0.07692308,0.0
15082542,1,24,0.013574661,0.013574661,0.013866624,0.0,0.4,0.7659091,0.20512821,0.009049774,0.013574661,0.2
15085767,2,0,0.004524887,0.004524887,0.0032529472,0.0,0.2,1.0,0.0,0.108597286,0.16742082,0.2
15087024,1,14,0.0,0.0,0.002185978,0.0,0.0,0.16136363,0.11965812,0.013574661,0.013574661,0.0
15088655,1,0,0.0,0.0,0.00010416668,0.0,0.0,1.0,0.0,0.11312217,0.11312217,0.2
15093092,1,1,0.036199097,0.036199097,0.025311489,0.0,0.8,0.6363636,0.008547009,0.15585722,0.8733032,0.2
15098044,1,3,0.0,0.0,0.001696271,0.0,0.0,0.15227273,0.025641026,0.027149322,0.027149322,0.2
15100166,1,2,0.013574661,0.013574661,0.009314418,0.0,0.6,0.77272725,0.017094018,0.09276018,0.21719457,0.2
15102107,1,2,0.009049774,0.009049774,0.009616753,0.0,0.2,0.77272725,0.017094018,0.346908,0.8733032,0.4
15105099,1,20,0.013574661,0.013574661,0.013108011,0.0,0.4,0.26136363,0.17094018,0.018099548,0.027149322,0.0
15105269,1,0,0.1719457,0.1719457,0.117480636,0.0,1.0,1.0,0.0,0.057663303,0.1719457,0.2
15108462,1,7,0.004524887,0.004524887,0.0062486413,0.0,0.2,0.4568182,0.05982906,0.061085973,0.11764706,0.0
15112648,1,30,0.040723983,0.040723983,0.03500417,0.0,0.4,0.14772727,0.25641027,0.014932127,0.036199097,0.6
15113441,0,10,0.004524887,0.004524887,0.010009307,0.0,0.0,0.52272725,0.08547009,0.011312217,0.022624435,0.2
15122176,0,1,0.004524887,0.004524887,0.010038042,0.0,0.0,0.6363636,0.008547009,0.004524887,0.009049774,0.4
15127424,1,1,0.0,0.0,0.0027889707,0.0,0.0,0.6363636,0.008547009,0.013574661,0.013574661,0.0
15130854,1,30,0.022624435,0.022624435,0.020026468,0.0,0.4,0.14772727,0.25641027,0.033182506,0.1040724,0.2
15133785,0,16,0.004524887,0.004524887,0.012830601,0.0,0.0,0.038636364,0.13675214,0.022624435,0.04524887,0.2
15135342,0,2,0.0,0.0,0.0012627405,0.0,0.0,0.77272725,0.017094018,0.040723983,0.040723983,0.0
15140286,1,27,0.0,0.0,0.00058914034,0.0,0.0,0.25,0.23076923,0.054298643,0.054298643,0.0
15145142,0,38,0.009049774,0.009049774,0.009508256,0.0,0.2,0.07727273,0.32478634,0.040723983,0.07692308,0.4
15156740,0,0,0.09049774,0.09049774,0.0632002,0.0,1.0,1.0,0.0,0.04783452,0.1764706,0.2
15157283,0,50,0.0,0.0,0.012690343,0.0,0.0,0.0,0.42735043,0.0,0.0,0.2
15162962,2,8,0.009049774,0.009049774,0.007784066,0.0,0.4,0.15454546,0.06837607,0.15987934,0.30316743,0.0
15165724,1,2,0.004524887,0.004524887,0.004607456,0.0,0.2,0.77272725,0.017094018,0.03846154,0.06787331,0.0
15170581,1,7,0.004524887,0.004524887,0.0058125025,0.0,0.2,0.4568182,0.05982906,0.018099548,0.022624435,0.2
15172774,1,14,0.013574661,0.013574661,0.012040027,0.0,0.4,0.16136363,0.11965812,0.029411765,0.054298643,0.0
15174079,0,22,0.03167421,0.03167421,0.027128898,0.0,0.4,0.19772728,0.18803419,0.024886878,0.05882353,0.0
15177325,0,19,0.009049774,0.009049774,0.008690572,0.0,0.2,0.40681818,0.16239317,0.3453997,1.0,0.4
15184942,1,0,0.11312217,0.11312217,0.07242577,0.0,1.0,1.0,0.0,0.10302819,0.5972851,0.0
15186408,1,2,0.0,0.0,0.0029772085,0.0,0.0,0.77272725,0.017094018,0.004524887,0.004524887,0.4
15186722,1,2,0.05882353,0.05882353,0.042821165,0.0,0.8,0.77272725,0.017094018,0.14318036,0.8733032,0.6
15186787,1,18,0.022624435,0.022624435,0.023023933,0.0,0.4,0.5159091,0.15384616,0.025641026,0.08597285,0.2
15189995,1,7,0.018099548,0.018099548,0.02294172,0.0,0.2,0.4568182,0.05982906,0.010859729,0.027149322,0.2
15194724,1,19,0.0,0.0,0.0041251727,0.0,0.0,0.40681818,0.16239317,0.009049774,0.009049774,0.2
15197493,2,9,0.004524887,0.004524887,0.0032963788,0.0,0.2,0.23636363,0.07692308,0.095022626,0.16742082,0.0
15200582,0,27,0.013574661,0.013574661,0.020059478,0.0,0.2,0.25,0.23076923,0.0067873304,0.013574661,0.0
15202082,1,10,0.0,0.0,0.00104971,0.0,0.0,0.52272725,0.08547009,0.07692308,0.07692308,0.2
15207554,1,7,0.004524887,0.004524887,0.0066562737,0.0,0.2,0.4568182,0.05982906,0.036199097,0.06787331,0.0
15212777,1,0,0.009049774,0.009049774,0.0109733,0.0,0.2,1.0,0.0,0.06184012,0.1719457,0.0
15220372,0,20,0.0,0.0,0.0014401989,0.0,0.0,0.26136363,0.17094018,0.03167421,0.03167421,0.2
15221267,2,0,0.013574661,0.013574661,0.010887936,0.0,0.2,1.0,0.0,0.19343892,0.5972851,0.2
15225972,1,51,0.0,0.0,0.006200427,0.0,0.0,0.009090909,0.43589744,0.009049774,0.009049774,0.0
15231051,1,29,0.0,0.0,0.0036296768,0.0,0.0,0.21136364,0.24786325,0.009049774,0.009049774,0.0
15236550,1,2,0.009049774,0.009049774,0.008760592,0.0,0.4,0.77272725,0.017094018,0.30165914,0.8733032,0.2
15244246,1,18,0.004524887,0.004524887,0.012510238,0.0,0.0,0.5159091,0.15384616,0.0022624435,0.004524887,0.2
15244650,1,0,0.06334842,0.06334842,0.04462643,0.0,1.0,1.0,0.0,0.06968326,0.25339368,0.0
15245522,1,20,0.0,0.0,0.0019449632,0.0,0.0,0.26136363,0.17094018,0.013574661,0.013574661,0.0
15251252,1,1,0.036199097,0.036199097,0.025426952,0.0,0.8,0.6363636,0.008547009,0.04927099,0.11764706,0.4
15254525,0,20,0.013574661,0.013574661,0.013275874,0.0,0.4,0.26136363,0.17094018,0.27488688,1.0,0.2
15256094,1,2,0.009049774,0.009049774,0.009546147,0.0,0.2,0.77272725,0.017094018,0.12066365,0.21719457,0.2
15256188,0,0,0.14932127,0.14932127,0.099194765,0.0,1.0,1.0,0.0,0.0819803,0.5972851,0.4
15258293,1,52,0.0,0.0,0.012690343,0.0,0.0,0.0,0.44444445,0.0,0.0,0.0
15261848,1,7,0.013574661,0.013574661,0.017271353,0.0,0.2,0.4568182,0.05982906,0.028280543,0.08144797,0.4
15264436,1,7,0.0,0.0,0.0017671203,0.0,0.0,0.4568182,0.05982906,0.018099548,0.018099548,0.0
15264854,1,2,0.0,0.0,0.0003926961,0.0,0.0,0.77272725,0.017094018,0.21719457,0.21719457,0.2
15264996,0,1,0.004524887,0.004524887,0.0048430874,0.0,0.2,0.6363636,0.008547009,0.13122173,0.25791857,0.0
15266031,1,2,0.0,0.0,0.00076464063,0.0,0.0,0.77272725,0.017094018,0.8733032,0.8733032,0.4
15269276,1,27,0.03167421,0.03167421,0.023925561,0.0,0.6,0.25,0.23076923,0.07239819,0.21719457,0.2
15272006,1,46,0.0,0.0,0.012690343,0.0,0.0,0.0,0.3931624,0.0,0.0,0.0
15272960,0,8,0.009049774,0.009049774,0.0075344606,0.0,0.4,0.15454546,0.06837607,0.06787331,0.14932127,0.2
15279175,1,27,0.0,0.0,0.00084861653,0.0,0.0,0.25,0.23076923,0.027149322,0.027149322,0.2
15285795,1,10,0.013574661,0.013574661,0.011487457,0.0,0.4,0.52272725,0.08547009,0.30656108,0.8733032,0.6
15286167,1,7,0.0,0.0,0.0035109452,0.0,0.0,0.4568182,0.05982906,0.009049774,0.009049774,0.4
15286867,0,2,0.009049774,0.009049774,0.0070497715,0.0,0.4,0.77272725,0.017094018,0.022624435,0.036199097,0.0
15286893,1,35,0.009049774,0.009049774,0.016430445,0.0,0.2,0.08181818,0.2991453,0.004524887,0.004524887,0.0
15291641,1,30,0.022624435,0.022624435,0.01910488,0.0,0.4,0.14772727,0.25641027,0.018853696,0.040723983,0.0
15294868,1,5,0.013574661,0.013574661,0.013102264,0.0,0.2,0.1,0.042735044,0.015837105,0.04524887,0.0
15296201,1,7,0.0,0.0,0.0034864491,0.0,0.0,0.4568182,0.05982906,0.054298643,0.054298643,0.2
15297709,1,9,0.0,0.0,0.0005574172,0.0,0.0,0.23636363,0.07692308,0.03167421,0.03167421,0.0
15298719,1,2,0.0,0.0,0.00076464063,0.0,0.0,0.77272725,0.017094018,0.8733032,0.8733032,0.0
15299357,1,2,0.0,0.0,0.0029772085,0.0,0.0,0.77272725,0.017094018,0.004524887,0.004524887,0.2
15300081,1,14,0.004524887,0.004524887,0.0064866296,0.0,0.2,0.16136363,0.11965812,0.018099548,0.027149322,0.0
15303316,2,19,0.009049774,0.009049774,0.0072426815,0.0,0.4,0.40681818,0.16239317,0.15384616,0.30316743,0.4
15305959,0,2,0.03167421,0.03167421,0.027502084,0.0,0.4,0.77272725,0.017094018,0.14479639,0.8733032,0.0
15307206,1,7,0.027149322,0.027149322,0.019603284,0.0,0.8,0.4568182,0.05982906,0.2643827,0.8733032,0.0
15309336,0,10,0.0,0.0,0.00056172616,0.0,0.0,0.52272725,0.08547009,0.30316743,0.30316743,0.2
15312421,1,0,0.03167421,0.03167421,0.021193717,0.0,0.8,1.0,0.0,0.19626696,0.8733032,0.4
15312645,0,14,0.004524887,0.004524887,0.0042113326,0.0,0.2,0.16136363,0.11965812,0.027149322,0.027149322,0.0
15315375,1,29,0.0,0.0,0.0036296768,0.0,0.0,0.21136364,0.24786325,0.009049774,0.009049774,0.0
15319555,0,9,0.05882353,0.05882353,0.04854969,0.0,0.6,0.23636363,0.07692308,0.019392373,0.054298643,0.0
15322509,1,0,0.004524887,0.004524887,0.003780902,0.0,0.2,1.0,0.0,0.09049774,0.16742082,0.2
15324534,1,2,0.0,0.0,0.00046447656,0.0,0.0,0.77272725,0.017094018,0.04524887,0.04524887,0.2
15326799,1,0,0.022624435,0.022624435,0.015260262,0.0,0.6,1.0,0.0,0.09954751,0.21719457,0.0
15328843,0,38,0.027149322,0.027149322,0.022813983,0.0,0.6,0.07727273,0.32478634,0.06334842,0.14932127,0.2
15328911,1,7,0.004524887,0.004524887,0.009008799,0.0,0.2,0.4568182,0.05982906,0.033936653,0.054298643,0.4
15333555,1,2,0.009049774,0.009049774,0.0076752007,0.0,0.2,0.77272725,0.017094018,0.3137255,0.8733032,0.4
15336858,0,8,0.0,0.0,0.0018949175,0.0,0.0,0.15454546,0.06837607,0.009049774,0.009049774,0.2
15338788,1,14,0.018099548,0.018099548,0.016654417,0.0,0.4,0.16136363,0.11965812,0.025339367,0.07692308,0.0
15338937,1,9,0.0,0.0,0.00030567375,0.0,0.0,0.23636363,0.07692308,0.1402715,0.1402715,0.2
15339370,0,24,0.0,0.0,0.0016724033,0.0,0.0,0.7659091,0.20512821,0.040723983,0.040723983,0.2
15354381,0,0,0.013574661,0.013574661,0.013164014,0.0,0.2,1.0,0.0,0.1979638,0.5972851,0.0
15357283,0,22,0.009049774,0.009049774,0.01206752,0.0,0.2,0.19772728,0.18803419,0.018099548,0.040723983,0.4
15357578,1,13,0.004524887,0.004524887,0.00448352,0.0,0.2,0.13863637,0.11111111,0.024886878,0.040723983,0.4
15359181,1,0,0.0,0.0,0.00038951158,0.0,0.0,1.0,0.0,0.13574661,0.13574661,0.0
15365571,0,29,0.036199097,0.036199097,0.034020178,0.0,0.8,0.21136364,0.24786325,0.23529412,1.0,0.2
15370031,0,17,0.0,0.0,0.0013673162,0.0,0.0,0.15227273,0.14529915,0.013574661,0.013574661,0.2
15374556,1,2,0.0,0.0,0.0049935654,0.0,0.0,0.77272725,0.017094018,0.004524887,0.004524887,0.0
15374640,1,30,0.004524887,0.004524887,0.00496642,0.0,0.2,0.14772727,0.25641027,0.042986427,0.07692308,0.2
15375297,1,7,0.009049774,0.009049774,0.012197405,0.0,0.2,0.4568182,0.05982906,0.013574661,0.027149322,0.0
15385010,1,20,0.009049774,0.009049774,0.018084425,0.0,0.0,0.26136363,0.17094018,0.004524887,0.013574661,0.0
15385968,0,2,0.013574661,0.013574661,0.01281559,0.0,0.4,0.77272725,0.017094018,0.24886878,0.8733032,0.2
15390684,1,9,0.022624435,0.022624435,0.019316647,0.0,0.4,0.23636363,0.07692308,0.07993967,0.30316743,0.8
15394051,1,2,0.04524887,0.04524887,0.033759054,0.0,0.8,0.77272725,0.017094018,0.08185932,0.280543,0.2
15400651,1,4,0.0,0.0,0.0021628237,0.0,0.0,0.19090909,0.034188036,0.009049774,0.009049774,0.0
15404189,0,1,0.0,0.0,0.0039106817,0.0,0.0,0.6363636,0.008547009,0.004524887,0.004524887,0.0
15409431,0,1,0.004524887,0.004524887,0.00408311,0.0,0.2,0.6363636,0.008547009,0.52262443,1.0,0.0
15412118,1,24,0.03167421,0.03167421,0.02302157,0.0,0.6,0.7659091,0.20512821,0.036764707,0.07239819,0.2
15420486,1,3,0.027149322,0.027149322,0.018620832,0.0,0.8,0.15227273,0.025641026,0.049773756,0.09049774,0.2
15422070,1,5,0.004524887,0.004524887,0.008996405,0.0,0.0,0.1,0.042735044,0.011312217,0.018099548,1.0
15427732,1,29,0.009049774,0.009049774,0.008814119,0.0,0.4,0.21136364,0.24786325,0.027149322,0.03167421,0.2
15437590,0,22,0.0,0.0,0.0018117469,0.0,0.0,0.19772728,0.18803419,0.018099548,0.018099548,0.0
15438387,1,0,0.018099548,0.018099548,0.016788991,0.0,0.4,1.0,0.0,0.059728507,0.13122173,0.2
15439239,1,29,0.004524887,0.004524887,0.009428128,0.0,0.0,0.21136364,0.24786325,0.009049774,0.013574661,0.4
15447927,1,38,0.0,0.0,0.002659085,0.0,0.0,0.07727273,0.32478634,0.027149322,0.027149322,0.2
15448175,1,7,0.004524887,0.004524887,0.0071535218,0.0,0.2,0.4568182,0.05982906,0.0067873304,0.009049774,0.2
15450146,0,8,0.027149322,0.027149322,0.02447008,0.0,0.4,0.15454546,0.06837607,0.012928248,0.036199097,0.0
15453188,1,7,0.009049774,0.009049774,0.016144952,0.0,0.0,0.4568182,0.05982906,0.028657617,0.08144797,0.0
15453466,0,2,0.013574661,0.013574661,0.011811721,0.0,0.2,0.77272725,0.017094018,0.041855205,0.11312217,0.0
15461382,1,16,0.0,0.0,0.0040332936,0.0,0.0,0.038636364,0.13675214,0.04524887,0.04524887,0.0
15465681,1,0,0.0,0.0,0.002712121,0.0,0.0,1.0,0.0,0.004524887,0.004524887,0.6
15466457,2,25,0.013574661,0.013574661,0.01255047,0.0,0.4,0.052272726,0.21367522,0.19457014,0.5972851,0.2
15467616,1,0,0.004524887,0.004524887,0.007130567,0.0,0.0,1.0,0.0,0.024886878,0.049773756,0.0
15467653,0,17,0.0,0.0,0.0010842463,0.0,0.0,0.15227273,0.14529915,0.15384616,0.15384616,0.0
15468731,1,7,0.036199097,0.036199097,0.037123367,0.0,0.4,0.4568182,0.05982906,0.0231272,0.06787331,0.0
15468968,1,48,0.004524887,0.004524887,0.009883818,0.0,0.0,0.009090909,0.41025642,0.004524887,0.004524887,0.2
15469032,0,53,0.004524887,0.004524887,0.021130506,0.0,0.0,0.0022727272,0.45299146,0.0,0.0,0.0
15473329,1,2,0.0,0.0,0.00073987624,0.0,0.0,0.77272725,0.017094018,0.14479639,0.14479639,0.2
15473834,1,20,0.0,0.0,0.003451504,0.0,0.0,0.26136363,0.17094018,0.018099548,0.018099548,0.0
15480002,1,54,0.0,0.0,0.012690343,0.0,0.0,0.0,0.46153846,0.0,0.0,0.2
15481749,1,4,0.0,0.0,0.00069169037,0.0,0.0,0.19090909,0.034188036,0.04524887,0.04524887,0.0
15483913,1,18,0.07692308,0.07692308,0.08671965,0.0,0.4,0.5159091,0.15384616,0.017596783,0.13122173,0.0
15487691,1,0,0.054298643,0.054298643,0.035057887,0.0,1.0,1.0,0.0,0.08840933,0.25791857,0.0
15489180,1,0,0.0,0.0,0.00012620214,0.0,0.0,1.0,0.0,0.1719457,0.1719457,0.2
15490016,1,0,0.036199097,0.036199097,0.023193145,0.0,1.0,1.0,0.0,0.1835093,0.8733032,0.4
15494593,1,19,0.009049774,0.009049774,0.006914569,0.0,0.4,0.40681818,0.16239317,0.13574661,0.30316743,0.0
15495146,0,1,0.0,0.0,0.0012710884,0.0,0.0,0.6363636,0.008547009,1.0,1.0,0.0
15495322,1,7,0.004524887,0.004524887,0.0043122475,0.0,0.2,0.4568182,0.05982906,0.05882353,0.09049774,0.0
15495464,0,19,0.013574661,0.013574661,0.018537618,0.0,0.2,0.40681818,0.16239317,0.0079185525,0.027149322,0.0
15496979,2,19,0.0,0.0,0.0015399418,0.0,0.0,0.40681818,0.16239317,0.009049774,0.009049774,0.0
15497454,2,19,0.013574661,0.013574661,0.010997619,0.0,0.4,0.40681818,0.16239317,0.27375567,1.0,0.0
15498363,1,24,0.009049774,0.009049774,0.008917627,0.0,0.2,0.7659091,0.20512821,0.022624435,0.040723983,0.2
15498654,1,16,0.004524887,0.004524887,0.0068317833,0.0,0.0,0.038636364,0.13675214,0.15158372,0.25791857,0.0
15499069,1,0,0.013574661,0.013574661,0.010941123,0.0,0.4,1.0,0.0,0.095022626,0.25791857,0.0
15501729,2,0,0.03167421,0.03167421,0.02250531,0.0,0.8,1.0,0.0,0.1826923,0.8733032,0.6
15513388,2,5,0.009049774,0.009049774,0.008519966,0.0,0.2,0.1,0.042735044,0.027149322,0.06334842,0.4
15516881,1,14,0.004524887,0.004524887,0.004048218,0.0,0.2,0.16136363,0.11965812,0.15384616,0.280543,0.2
15520859,1,0,0.0,0.0,0.0008994926,0.0,0.0,1.0,0.0,0.013574661,0.013574661,0.0
15521862,1,3,0.004524887,0.004524887,0.0066335797,0.0,0.2,0.15227273,0.025641026,0.5045249,1.0,0.2
15527430,1,7,0.013574661,0.013574661,0.014986549,0.0,0.4,0.4568182,0.05982906,0.030542986,0.08144797,0.2
15527979,1,3,0.009049774,0.009049774,0.0073328107,0.0,0.2,0.15227273,0.025641026,0.025641026,0.040723983,0.0
15531489,1,22,0.0,0.0,0.0008392479,0.0,0.0,0.19772728,0.18803419,0.054298643,0.054298643,0.0
15546710,0,0,0.122171946,0.122171946,0.080443166,0.0,1.0,1.0,0.0,0.09162896,0.8733032,0.4
15549156,1,2,0.022624435,0.022624435,0.022485422,0.0,0.4,0.77272725,0.017094018,0.044494722,0.11764706,0.0
15557309,1,55,0.0,0.0,0.012690343,0.0,0.0,0.0,0.47008547,0.0,0.0,0.0
15559118,1,24,0.013574661,0.013574661,0.010687821,0.0,0.4,0.7659091,0.20512821,0.073529415,0.1719457,0.2
15567045,1,2,0.009049774,0.009049774,0.009431202,0.0,0.2,0.77272725,0.017094018,0.3453997,0.8733032,0.0
15570842,1,5,0.004524887,0.004524887,0.0078113214,0.0,0.2,0.1,0.042735044,0.009049774,0.009049774,0.2
15572221,0,10,0.013574661,0.013574661,0.010871133,0.0,0.6,0.52272725,0.08547009,0.6142534,1.0,0.2
15574629,0,27,0.004524887,0.004524887,0.0053732553,0.0,0.2,0.25,0.23076923,0.08144797,0.14479639,0.0
15577501,0,1,0.0,0.0,0.0012710884,0.0,0.0,0.6363636,0.008547009,1.0,1.0,0.0
15582892,1,0,0.03167421,0.03167421,0.02070911,0.0,0.8,1.0,0.0,0.09276018,0.1719457,0.0
15585410,1,27,0.027149322,0.027149322,0.022864206,0.0,0.4,0.25,0.23076923,0.028442146,0.09049774,0.0
15585556,1,9,0.009049774,0.009049774,0.0066783656,0.0,0.4,0.23636363,0.07692308,0.095022626,0.16742082,0.0
15592470,1,18,0.0,0.0,0.0043702126,0.0,0.0,0.5159091,0.15384616,0.004524887,0.004524887,0.0
15592537,1,27,0.018099548,0.018099548,0.024604611,0.0,0.2,0.25,0.23076923,0.008144797,0.027149322,0.0
15594403,1,0,0.0,0.0,0.00083874154,0.0,0.0,1.0,0.0,0.013574661,0.013574661,0.2
15594511,1,2,0.004524887,0.004524887,0.0032626507,0.0,0.2,0.77272725,0.017094018,0.122171946,0.16742082,0.2
15595551,1,10,0.0,0.0,0.002300447,0.0,0.0,0.52272725,0.08547009,0.009049774,0.009049774,0.0
15595652,1,14,0.009049774,0.009049774,0.00824263,0.0,0.4,0.16136363,0.11965812,0.025641026,0.040723983,0.2
15605407,1,24,0.0,0.0,0.0014580812,0.0,0.0,0.7659091,0.20512821,0.1764706,0.1764706,0.0
15608670,1,2,0.009049774,0.009049774,0.0070113316,0.0,0.4,0.77272725,0.017094018,0.35746607,0.8733032,0.0
15610416,1,7,0.0,0.0,0.003917831,0.0,0.0,0.4568182,0.05982906,0.009049774,0.009049774,0.0
15610769,0,1,0.0,0.0,0.0012710884,0.0,0.0,0.6363636,0.008547009,1.0,1.0,0.0
15613327,0,8,0.013574661,0.013574661,0.010379348,0.0,0.4,0.15454546,0.06837607,0.10294118,0.25339368,0.0
15619695,1,18,0.0,0.0,0.0036042447,0.0,0.0,0.5159091,0.15384616,0.013574661,0.013574661,0.2
15621083,1,56,0.0,0.0,0.012690343,0.0,0.0,0.0,0.47863248,0.0,0.0,0.0
15622705,1,0,0.009049774,0.009049774,0.005947715,0.0,0.4,1.0,0.0,0.11161388,0.29411766,0.2
15636498,0,9,0.004524887,0.004524887,0.0042708595,0.0,0.2,0.23636363,0.07692308,0.5294118,1.0,0.0
1564111,1,18,0.0,0.0,0.0028588092,0.0,0.0,0.5159091,0.15384616,0.013574661,0.013574661,0.4
1565151,1,8,0.036199097,0.036199097,0.027905365,0.0,0.6,0.15454546,0.06837607,0.0462544,0.16289593,0.2
15655753,1,0,0.009049774,0.009049774,0.009597064,0.0,0.2,1.0,0.0,0.016591253,0.027149322,0.2
15658445,1,7,0.004524887,0.004524887,0.00512782,0.0,0.2,0.4568182,0.05982906,0.056561086,0.09049774,0.0
15664977,1,14,0.05882353,0.05882353,0.053792123,0.0,0.6,0.16136363,0.11965812,0.016160311,0.049773756,0.2
15669653,1,13,0.004524887,0.004524887,0.005319432,0.0,0.2,0.13863637,0.11111111,0.44117647,0.8733032,0.6
15723890,1,9,0.040723983,0.040723983,0.02945701,0.0,0.6,0.23636363,0.07692308,0.12760182,0.8733032,0.0
15728729,1,5,0.022624435,0.022624435,0.022549098,0.0,0.4,0.1,0.042735044,0.29260936,0.8733032,0.0
15730606,2,19,0.0,0.0,0.0006194072,0.0,0.0,0.40681818,0.16239317,0.30316743,0.30316743,0.6
15739621,1,10,0.004524887,0.004524887,0.005504164,0.0,0.2,0.52272725,0.08547009,0.022624435,0.036199097,0.0
15739897,1,14,0.040723983,0.040723983,0.036495063,0.0,0.4,0.16136363,0.11965812,0.014932127,0.049773756,0.0
15741724,2,19,0.013574661,0.013574661,0.012218698,0.0,0.4,0.40681818,0.16239317,0.09162896,0.30316743,0.0
15744478,1,2,0.004524887,0.004524887,0.007188211,0.0,0.0,0.77272725,0.017094018,0.027149322,0.054298643,0.0
15745126,1,18,0.027149322,0.027149322,0.04540653,0.0,0.2,0.5159091,0.15384616,0.003232062,0.009049774,0.4
15745159,1,9,0.022624435,0.022624435,0.01938132,0.0,0.4,0.23636363,0.07692308,0.027149322,0.05882353,0.4
15746569,1,0,0.0,0.0,0.00040873804,0.0,0.0,1.0,0.0,0.054298643,0.054298643,0.2
15750726,1,24,0.0,0.0,0.0013920142,0.0,0.0,0.7659091,0.20512821,0.027149322,0.027149322,0.2
15751768,0,57,0.0,0.0,0.012690343,0.0,0.0,0.0,0.4871795,0.0,0.0,0.2
15755677,0,8,0.004524887,0.004524887,0.0042871996,0.0,0.2,0.15454546,0.06837607,0.14705883,0.14932127,0.2
15755923,1,20,0.004524887,0.004524887,0.013056443,0.0,0.0,0.26136363,0.17094018,0.0022624435,0.004524887,0.4
15755973,1,0,0.0,0.0,0.0003819484,0.0,0.0,1.0,0.0,0.03167421,0.03167421,0.2
15757811,0,19,0.11764706,0.11764706,0.101024166,0.0,0.8,0.40681818,0.16239317,0.019105079,0.11312217,0.0
15758330,0,20,0.009049774,0.009049774,0.01342886,0.0,0.2,0.26136363,0.17094018,0.012066365,0.018099548,0.2
15760559,1,24,0.004524887,0.004524887,0.005476109,0.0,0.2,0.7659091,0.20512821,0.020361992,0.027149322,0.0
15765833,1,21,0.0,0.0,0.0009950122,0.0,0.0,0.125,0.17948718,0.11764706,0.11764706,0.2
15769442,1,9,0.0,0.0,0.00030567375,0.0,0.0,0.23636363,0.07692308,0.1402715,0.1402715,0.0
15770608,1,30,0.009049774,0.009049774,0.009670087,0.0,0.2,0.14772727,0.25641027,0.02111614,0.054298643,0.0
15773440,1,0,0.009049774,0.009049774,0.006257238,0.0,0.4,1.0,0.0,0.060331825,0.1040724,0.4
15777354,1,10,0.0,0.0,0.00038361733,0.0,0.0,0.52272725,0.08547009,0.25339368,0.25339368,0.0
15777389,1,24,0.0,0.0,0.0018239741,0.0,0.0,0.7659091,0.20512821,0.06334842,0.06334842,0.4
15779986,1,18,0.004524887,0.004524887,0.007967899,0.0,0.2,0.5159091,0.15384616,0.049773756,0.08597285,0.0
15782326,1,7,0.004524887,0.004524887,0.008208038,0.0,0.2,0.4568182,0.05982906,0.0067873304,0.009049774,0.0
15785068,0,0,0.004524887,0.004524887,0.0032785244,0.0,0.2,1.0,0.0,0.07239819,0.1040724,0.2
15788707,1,7,0.018099548,0.018099548,0.019783592,0.0,0.2,0.4568182,0.05982906,0.016289594,0.036199097,0.2
15791504,0,2,0.0,0.0,0.0010295797,0.0,0.0,0.77272725,0.017094018,0.04524887,0.04524887,0.2
15791939,0,29,0.004524887,0.004524887,0.0056608715,0.0,0.2,0.21136364,0.24786325,0.024886878,0.036199097,0.2
15792031,2,25,0.004524887,0.004524887,0.012523025,0.0,0.0,0.052272726,0.21367522,0.0022624435,0.004524887,0.2
15792641,1,14,0.0,0.0,0.0011823063,0.0,0.0,0.16136363,0.11965812,0.022624435,0.022624435,0.0
15793783,1,13,0.009049774,0.009049774,0.017795207,0.0,0.0,0.13863637,0.11111111,0.012066365,0.03167421,0.0
15798850,1,22,0.009049774,0.009049774,0.0074604033,0.0,0.4,0.19772728,0.18803419,0.028657617,0.05882353,0.0
15802312,1,13,0.0,0.0,0.002358506,0.0,0.0,0.13863637,0.11111111,0.022624435,0.022624435,0.0
15806134,1,22,0.0,0.0,0.0027608788,0.0,0.0,0.19772728,0.18803419,0.004524887,0.004524887,0.0
15808140,1,17,0.004524887,0.004524887,0.004498612,0.0,0.2,0.15227273,0.14529915,0.029411765,0.040723983,0.6
15809173,1,3,0.009049774,0.009049774,0.010287525,0.0,0.2,0.15227273,0.025641026,0.013574661,0.018099548,0.0
15809321,2,19,0.0,0.0,0.0013438214,0.0,0.0,0.40681818,0.16239317,0.03167421,0.03167421,0.0
15809746,1,2,0.0,0.0,0.00076464063,0.0,0.0,0.77272725,0.017094018,0.8733032,0.8733032,0.0
15811110,1,0,0.03167421,0.03167421,0.019688718,0.0,0.8,1.0,0.0,0.095022626,0.16742082,0.0
15811621,1,7,0.013574661,0.013574661,0.017118406,0.0,0.2,0.4568182,0.05982906,0.030542986,0.09049774,0.4
15814139,1,5,0.0,0.0,0.0013896626,0.0,0.0,0.1,0.042735044,0.022624435,0.022624435,0.0
15823113,0,19,0.0,0.0,0.0008480866,0.0,0.0,0.40681818,0.16239317,0.03167421,0.03167421,0.0
15825711,1,2,0.027149322,0.027149322,0.02128597,0.0,0.6,0.77272725,0.017094018,0.13251455,0.5972851,0.0
15830237,0,17,0.0,0.0,0.0010243163,0.0,0.0,0.15227273,0.14529915,0.03167421,0.03167421,0.0
15830701,1,10,0.022624435,0.022624435,0.02856027,0.0,0.2,0.52272725,0.08547009,0.018853696,0.07692308,0.0
15834295,1,0,0.036199097,0.036199097,0.023127345,0.0,1.0,1.0,0.0,0.06737054,0.12669684,0.0
15834790,1,29,0.0,0.0,0.0029727484,0.0,0.0,0.21136364,0.24786325,0.027149322,0.027149322,0.0
15837380,1,0,0.0,0.0,0.00020828338,0.0,0.0,1.0,0.0,0.095022626,0.095022626,0.0
15838767,0,20,0.0,0.0,0.0013910935,0.0,0.0,0.26136363,0.17094018,0.013574661,0.013574661,0.0
15840187,1,10,0.0,0.0,0.0014724289,0.0,0.0,0.52272725,0.08547009,0.03167421,0.03167421,0.0
15840874,1,24,0.022624435,0.022624435,0.020834014,0.0,0.6,0.7659091,0.20512821,0.14555053,0.33484164,0.4
15842013,1,1,0.004524887,0.004524887,0.0039440584,0.0,0.2,0.6363636,0.008547009,0.027149322,0.040723983,0.2
15844409,1,1,0.054298643,0.054298643,0.056098673,0.0,0.4,0.6363636,0.008547009,0.010442046,0.022624435,0.0
15844557,0,29,0.022624435,0.022624435,0.022016946,0.0,0.6,0.21136364,0.24786325,0.32051283,1.0,0.4
15846682,0,1,0.036199097,0.036199097,0.031748254,0.0,0.4,0.6363636,0.008547009,0.016591253,0.05882353,0.2
15846704,1,0,0.036199097,0.036199097,0.026572905,0.0,0.8,1.0,0.0,0.08496732,0.1719457,0.0
15847834,0,1,0.0,0.0,0.0012710884,0.0,0.0,0.6363636,0.008547009,1.0,1.0,0.0
1584901,0,38,0.009049774,0.009049774,0.009486735,0.0,0.2,0.07727273,0.32478634,0.012066365,0.022624435,0.0
15852053,2,19,0.022624435,0.022624435,0.017636493,0.0,0.4,0.40681818,0.16239317,0.12066365,0.5972851,0.2
15853001,1,10,0.0,0.0,0.0023786498,0.0,0.0,0.52272725,0.08547009,0.013574661,0.013574661,0.0
15854271,0,1,0.0,0.0,0.0012710884,0.0,0.0,0.6363636,0.008547009,1.0,1.0,0.4
15858295,1,24,0.004524887,0.004524887,0.004151703,0.0,0.2,0.7659091,0.20512821,0.056561086,0.09954751,0.0
15858376,1,2,0.0,0.0,0.00076464063,0.0,0.0,0.77272725,0.017094018,0.8733032,0.8733032,0.0
15858413,1,20,0.0,0.0,0.0016319967,0.0,0.0,0.26136363,0.17094018,0.018099548,0.018099548,0.2
15861560,1,32,0.0,0.0,0.012690343,0.0,0.0,0.0,0.2735043,0.0,0.0,0.2
15862005,1,0,0.013574661,0.013574661,0.010693617,0.0,0.4,1.0,0.0,0.239819,0.5972851,0.2
15863862,0,30,0.004524887,0.004524887,0.0058401492,0.0,0.2,0.14772727,0.25641027,0.009049774,0.013574661,0.0
15865288,2,19,0.018099548,0.018099548,0.015809098,0.0,0.4,0.40681818,0.16239317,0.046153847,0.16742082,0.0
15870683,1,0,0.018099548,0.018099548,0.012670268,0.0,0.6,1.0,0.0,0.05158371,0.07692308,0.0
15872224,1,17,0.0,0.0,0.003544049,0.0,0.0,0.15227273,0.14529915,0.004524887,0.004524887,0.0
15872418,0,16,0.018099548,0.018099548,0.040541694,0.0,0.0,0.038636364,0.13675214,0.0009049774,0.004524887,0.2
15878694,1,58,0.0,0.0,0.012690343,0.0,0.0,0.0,0.4957265,0.0,0.0,0.2
15880652,1,17,0.004524887,0.004524887,0.0066172495,0.0,0.2,0.15227273,0.14529915,0.07466064,0.1402715,0.0
15883349,1,20,0.004524887,0.004524887,0.005669583,0.0,0.2,0.26136363,0.17094018,0.013574661,0.018099548,0.0
1588551,1,13,0.004524887,0.004524887,0.007053836,0.0,0.2,0.13863637,0.11111111,0.013574661,0.018099548,0.0
15888299,0,2,0.0,0.0,0.00077557797,0.0,0.0,0.77272725,0.017094018,0.05882353,0.05882353,0.0
15893411,0,9,0.0,0.0,0.0021454815,0.0,0.0,0.23636363,0.07692308,0.013574661,0.013574661,0.4
15898829,1,7,0.004524887,0.004524887,0.008455798,0.0,0.0,0.4568182,0.05982906,0.033936653,0.06787331,0.0
15900173,1,30,0.004524887,0.004524887,0.0053900364,0.0,0.2,0.14772727,0.25641027,0.009049774,0.009049774,0.0
15904572,0,8,0.004524887,0.004524887,0.0043572118,0.0,0.2,0.15454546,0.06837607,0.08597285,0.14479639,0.0
15904829,2,0,0.009049774,0.009049774,0.0062798997,0.0,0.4,1.0,0.0,0.08597285,0.1719457,0.0
15906167,1,18,0.0,0.0,0.0028757474,0.0,0.0,0.5159091,0.15384616,0.027149322,0.027149322,0.2
15906181,0,2,0.0,0.0,0.0003926961,0.0,0.0,0.77272725,0.017094018,0.21719457,0.21719457,0.0
15907414,2,19,0.004524887,0.004524887,0.003539164,0.0,0.2,0.40681818,0.16239317,0.20361991,0.30316743,0.2
15911001,1,18,0.004524887,0.004524887,0.01298425,0.0,0.0,0.5159091,0.15384616,0.0067873304,0.009049774,0.2
15911231,1,59,0.0,0.0,0.012690343,0.0,0.0,0.0,0.50427353,0.0,0.0,0.2
15912438,1,2,0.0,0.0,0.00076464063,0.0,0.0,0.77272725,0.017094018,0.8733032,0.8733032,0.0
15914129,1,0,0.05882353,0.05882353,0.043518532,0.0,0.8,1.0,0.0,0.0468649,0.13122173,0.0
15915972,1,3,0.004524887,0.004524887,0.0063991426,0.0,0.2,0.15227273,0.025641026,0.027149322,0.049773756,0.0
15916174,1,2,0.0,0.0,0.0011595616,0.0,0.0,0.77272725,0.017094018,0.018099548,0.018099548,0.0
15917850,0,24,0.0,0.0,0.0039527044,0.0,0.0,0.7659091,0.20512821,0.004524887,0.004524887,0.2
15921624,1,24,0.0,0.0,0.0012528698,0.0,0.0,0.7659091,0.20512821,0.27149323,0.27149323,0.0
15925598,1,5,0.009049774,0.009049774,0.01789115,0.0,0.2,0.1,0.042735044,0.0060331826,0.009049774,0.2
15929023,1,10,0.0,0.0,0.00059089524,0.0,0.0,0.52272725,0.08547009,0.280543,0.280543,0.2
15936819,1,7,0.004524887,0.004524887,0.00532313,0.0,0.2,0.4568182,0.05982906,0.036199097,0.049773756,0.0
15940236,0,9,0.004524887,0.004524887,0.005182242,0.0,0.2,0.23636363,0.07692308,0.024886878,0.027149322,0.0
15940603,1,0,0.0,0.0,0.0009897031,0.0,0.0,1.0,0.0,0.040723983,0.040723983,0.0
15940891,1,14,0.009049774,0.009049774,0.007876641,0.0,0.4,0.16136363,0.11965812,0.30165914,0.8733032,0.0
15941343,1,2,0.06787331,0.06787331,0.047930706,0.0,0.8,0.77272725,0.017094018,0.06363122,0.25791857,0.2
15947833,1,18,0.009049774,0.009049774,0.009253765,0.0,0.4,0.5159091,0.15384616,0.057315234,0.08597285,0.2
15949665,1,60,0.0,0.0,0.0070635686,0.0,0.0,0.0045454544,0.51282054,0.009049774,0.009049774,0.0
15953354,1,2,0.06787331,0.06787331,0.057231776,0.0,0.8,0.77272725,0.017094018,0.04524887,0.21719457,0.2
15954487,0,24,0.0,0.0,0.00041961973,0.0,0.0,0.7659091,0.20512821,0.049773756,0.049773756,0.0
15957148,2,19,0.040723983,0.040723983,0.03002403,0.0,0.6,0.40681818,0.16239317,0.075113125,0.5972851,0.2
15964263,1,0,0.0,0.0,0.0002375628,0.0,0.0,1.0,0.0,0.25791857,0.25791857,0.2
15969841,1,18,0.004524887,0.004524887,0.011028258,0.0,0.0,0.5159091,0.15384616,0.0067873304,0.013574661,0.2
15970379,1,2,0.022624435,0.022624435,0.015425529,0.0,0.8,0.77272725,0.017094018,0.088989444,0.1764706,0.0
15974947,1,24,0.009049774,0.009049774,0.014919646,0.0,0.2,0.7659091,0.20512821,0.004524887,0.009049774,0.0
15978226,1,20,0.004524887,0.004524887,0.009491747,0.0,0.0,0.26136363,0.17094018,0.013574661,0.022624435,0.0
15978412,0,2,0.04524887,0.04524887,0.041350707,0.0,0.6,0.77272725,0.017094018,0.03948992,0.14932127,0.2
15980543,1,7,0.004524887,0.004524887,0.0071388176,0.0,0.2,0.4568182,0.05982906,0.009049774,0.013574661,0.0
15983683,0,3,0.013574661,0.013574661,0.011778359,0.0,0.4,0.15227273,0.025641026,0.04524887,0.09954751,0.2
15984635,1,10,0.004524887,0.004524887,0.003800386,0.0,0.2,0.52272725,0.08547009,0.040723983,0.07239819,0.0
15997671,1,19,0.013574661,0.013574661,0.014828545,0.0,0.4,0.40681818,0.16239317,0.018099548,0.036199097,0.2
15997827,0,2,0.0,0.0,0.0010295797,0.0,0.0,0.77272725,0.017094018,0.04524887,0.04524887,0.0
15998006,1,55,0.0,0.0,0.012690343,0.0,0.0,0.0,0.47008547,0.0,0.0,0.2
16001456,1,24,0.004524887,0.004524887,0.0060999463,0.0,0.2,0.7659091,0.20512821,0.13800906,0.27149323,0.2
16004411,1,24,0.33484164,0.33484164,0.34655803,0.0,0.6,0.7659091,0.20512821,0.0127903465,0.09049774,0.0
16010382,1,14,0.018099548,0.018099548,0.016562909,0.0,0.4,0.16136363,0.11965812,0.015384615,0.022624435,0.0
16014498,0,0,0.013574661,0.013574661,0.010873291,0.0,0.6,1.0,0.0,0.1402715,0.33484164,0.0
16016397,1,2,0.0,0.0,0.0029389658,0.0,0.0,0.77272725,0.017094018,0.004524887,0.004524887,0.0
16022080,1,0,0.004524887,0.004524887,0.007595567,0.0,0.0,1.0,0.0,0.029411765,0.05882353,0.2
16034907,0,29,0.009049774,0.009049774,0.0062699523,0.0,0.4,0.21136364,0.24786325,0.078431375,0.095022626,0.2
16040695,1,27,0.004524887,0.004524887,0.010465064,0.0,0.0,0.25,0.23076923,0.009049774,0.018099548,0.6
16042401,1,0,0.022624435,0.022624435,0.0157455,0.0,0.6,1.0,0.0,0.0708899,0.13122173,0.0
16045488,1,22,0.009049774,0.009049774,0.007486446,0.0,0.2,0.19772728,0.18803419,0.08597285,0.18099548,0.0
16045504,0,17,0.0,0.0,0.0010842463,0.0,0.0,0.15227273,0.14529915,0.15384616,0.15384616,0.0
16045666,0,17,0.004524887,0.004524887,0.004856332,0.0,0.2,0.15227273,0.14529915,0.51583713,1.0,0.0
16047907,1,8,0.004524887,0.004524887,0.0040980973,0.0,0.2,0.15454546,0.06837607,0.024886878,0.036199097,0.0
16050772,1,0,0.04524887,0.04524887,0.034415383,0.0,0.8,1.0,0.0,0.036610447,0.16742082,0.0
1605141,1,48,0.0,0.0,0.005340109,0.0,0.0,0.009090909,0.41025642,0.009049774,0.009049774,0.0
16052393,0,1,0.0,0.0,0.0019558705,0.0,0.0,0.6363636,0.008547009,0.03167421,0.03167421,0.2
16054649,2,19,0.027149322,0.027149322,0.01883846,0.0,0.6,0.40681818,0.16239317,0.057530705,0.09954751,0.2
16062445,0,8,0.018099548,0.018099548,0.016810155,0.0,0.4,0.15454546,0.06837607,0.047058824,0.14932127,0.0
16077875,1,22,0.036199097,0.036199097,0.02677368,0.0,0.8,0.19772728,0.18803419,0.0693816,0.18099548,0.0
16078680,1,27,0.013574661,0.013574661,0.013469622,0.0,0.2,0.25,0.23076923,0.015837105,0.027149322,0.0
16081847,0,1,0.0,0.0,0.0012710884,0.0,0.0,0.6363636,0.008547009,1.0,1.0,0.4
16083146,0,6,0.0,0.0,0.0029212434,0.0,0.0,0.05,0.051282052,0.022624435,0.022624435,0.4
16085807,1,10,0.0,0.0,0.0031016236,0.0,0.0,0.52272725,0.08547009,0.004524887,0.004524887,0.0
16090188,0,1,0.0,0.0,0.0012710884,0.0,0.0,0.6363636,0.008547009,1.0,1.0,0.4
16090877,0,19,0.013574661,0.013574661,0.012106621,0.0,0.4,0.40681818,0.16239317,0.047511313,0.13574661,0.2
16092470,0,22,0.022624435,0.022624435,0.025277652,0.0,0.4,0.19772728,0.18803419,0.015082956,0.040723983,0.2
16095075,1,7,0.0,0.0,0.0042511453,0.0,0.0,0.4568182,0.05982906,0.004524887,0.004524887,0.0
16096104,1,2,0.013574661,0.013574661,0.014451579,0.0,0.4,0.77272725,0.017094018,0.012443439,0.027149322,0.2
16099100,1,2,0.004524887,0.004524887,0.004927475,0.0,0.2,0.77272725,0.017094018,0.07918552,0.14932127,0.0
16102437,1,0,0.19004525,0.19004525,0.13014439,0.0,1.0,1.0,0.0,0.0629275,0.25791857,0.0
16116251,0,9,0.009049774,0.009049774,0.0072654034,0.0,0.4,0.23636363,0.07692308,0.078431375,0.14479639,0.0
16117890,1,23,0.0,0.0,0.0073390203,0.0,0.0,0.0045454544,0.1965812,0.004524887,0.004524887,0.2
16127606,1,0,0.013574661,0.013574661,0.011255555,0.0,0.4,1.0,0.0,0.061085973,0.1719457,0.0
16134117,1,3,0.0,0.0,0.002801564,0.0,0.0,0.15227273,0.025641026,0.009049774,0.009049774,0.0
16134672,1,0,0.049773756,0.049773756,0.03410515,0.0,1.0,1.0,0.0,0.1315988,0.5972851,0.0
16145074,1,27,0.004524887,0.004524887,0.004616491,0.0,0.2,0.25,0.23076923,0.03167421,0.049773756,0.0
16146535,0,0,0.027149322,0.027149322,0.017664794,0.0,1.0,1.0,0.0,0.18358113,0.5972851,0.0
16148335,1,0,0.036199097,0.036199097,0.025406422,0.0,0.6,1.0,0.0,0.061337356,0.25791857,0.0
16150352,1,20,0.0,0.0,0.00200561,0.0,0.0,0.26136363,0.17094018,0.022624435,0.022624435,0.0
16152223,1,19,0.0,0.0,0.0007943724,0.0,0.0,0.40681818,0.16239317,0.11764706,0.11764706,0.2
16153327,1,1,0.013574661,0.013574661,0.02003507,0.0,0.2,0.6363636,0.008547009,0.0056561087,0.018099548,0.0
16156062,1,2,0.009049774,0.009049774,0.0060089882,0.0,0.4,0.77272725,0.017094018,0.07390649,0.122171946,0.0
16158468,1,2,0.0,0.0,0.0006162085,0.0,0.0,0.77272725,0.017094018,0.14932127,0.14932127,0.0
16158546,1,24,0.013574661,0.013574661,0.019678172,0.0,0.2,0.7659091,0.20512821,0.022624435,0.06334842,0.2
16166839,0,22,0.013574661,0.013574661,0.012705447,0.0,0.4,0.19772728,0.18803419,0.015837105,0.022624435,0.2
16168272,1,0,0.027149322,0.027149322,0.020602236,0.0,0.8,1.0,0.0,0.09825469,0.29411766,0.0
16168407,2,19,0.022624435,0.022624435,0.016478421,0.0,0.6,0.40681818,0.16239317,0.078431375,0.30316743,0.0
16170886,1,19,0.0,0.0,0.0007943724,0.0,0.0,0.40681818,0.16239317,0.11764706,0.11764706,0.2
16175266,1,18,0.009049774,0.009049774,0.011986181,0.0,0.2,0.5159091,0.15384616,0.019607844,0.049773756,0.0
1618581,1,20,0.004524887,0.004524887,0.010587703,0.0,0.0,0.26136363,0.17094018,0.013574661,0.027149322,0.0
16186643,2,0,0.013574661,0.013574661,0.009114323,0.0,0.4,1.0,0.0,0.050904978,0.122171946,0.0
16186782,1,2,0.004524887,0.004524887,0.0041718916,0.0,0.2,0.77272725,0.017094018,0.018099548,0.027149322,0.0
16188243,1,10,0.004524887,0.004524887,0.008037072,0.0,0.0,0.52272725,0.08547009,0.020361992,0.040723983,0.2
16189104,1,24,0.009049774,0.009049774,0.008935183,0.0,0.2,0.7659091,0.20512821,0.015082956,0.022624435,0.2
16190433,0,38,0.0,0.0,0.00050810975,0.0,0.0,0.07727273,0.32478634,0.07692308,0.07692308,0.2
16194172,1,2,0.022624435,0.022624435,0.016160043,0.0,0.8,0.77272725,0.017094018,0.09653092,0.1719457,0.0
16209040,1,0,0.018099548,0.018099548,0.011852549,0.0,0.6,1.0,0.0,0.08144797,0.16742082,0.0
16213363,1,9,0.0,0.0,0.0011308764,0.0,0.0,0.23636363,0.07692308,0.03167421,0.03167421,0.2
16213727,0,10,0.009049774,0.009049774,0.010421321,0.0,0.2,0.52272725,0.08547009,0.122171946,0.30316743,0.0
16214306,1,18,0.004524887,0.004524887,0.007296848,0.0,0.2,0.5159091,0.15384616,0.018099548,0.03167421,0.0
16214599,0,1,0.0,0.0,0.0012710884,0.0,0.0,0.6363636,0.008547009,1.0,1.0,0.0
16217220,1,1,0.009049774,0.009049774,0.0067722895,0.0,0.4,0.6363636,0.008547009,0.06787331,0.1402715,0.2
16217319,1,8,0.004524887,0.004524887,0.0036319008,0.0,0.2,0.15454546,0.06837607,0.09728507,0.14479639,0.0
16220573,0,0,0.07692308,0.07692308,0.061657883,0.0,0.8,1.0,0.0,0.059074912,0.5972851,0.2
16227947,0,19,0.009049774,0.009049774,0.0075862273,0.0,0.4,0.40681818,0.16239317,0.05882353,0.11764706,0.0
16231946,1,2,0.018099548,0.018099548,0.015591468,0.0,0.4,0.77272725,0.017094018,0.07963801,0.30316743,0.2
16236786,1,18,0.13122173,0.13122173,0.11823169,0.0,1.0,0.5159091,0.15384616,0.09668175,0.8733032,0.2
16244531,1,24,0.018099548,0.018099548,0.015933357,0.0,0.4,0.7659091,0.20512821,0.13755657,0.33484164,0.4
16246096,2,19,0.0,0.0,0.0013438214,0.0,0.0,0.40681818,0.16239317,0.03167421,0.03167421,0.0
16249208,1,24,0.004524887,0.004524887,0.008366837,0.0,0.0,0.7659091,0.20512821,0.022624435,0.04524887,0.2
16251682,0,29,0.0,0.0,0.0022200572,0.0,0.0,0.21136364,0.24786325,0.013574661,0.013574661,0.0
16254381,0,24,0.013574661,0.013574661,0.018778332,0.0,0.2,0.7659091,0.20512821,0.015837105,0.040723983,0.2
16257494,2,19,0.004524887,0.004524887,0.00395725,0.0,0.2,0.40681818,0.16239317,0.09049774,0.16742082,0.2
16261754,0,22,0.004524887,0.004524887,0.0039327336,0.0,0.2,0.19772728,0.18803419,0.03167421,0.040723983,0.4
16269833,1,1,0.004524887,0.004524887,0.007734003,0.0,0.2,0.6363636,0.008547009,0.013574661,0.022624435,0.2
16273731,0,4,0.009049774,0.009049774,0.007386325,0.0,0.4,0.19090909,0.034188036,0.057315234,0.1402715,0.0
16286974,0,18,0.004524887,0.004524887,0.006618947,0.0,0.2,0.5159091,0.15384616,0.020361992,0.03167421,0.0
16287203,1,0,0.013574661,0.013574661,0.010398419,0.0,0.4,1.0,0.0,0.035067875,0.06334842,0.0
16295357,1,0,0.0,0.0,0.00042130522,0.0,0.0,1.0,0.0,0.06787331,0.06787331,0.0
16301912,1,25,0.013574661,0.013574661,0.012827115,0.0,0.2,0.052272726,0.21367522,0.048642535,0.16742082,0.0
16303345,1,20,0.009049774,0.009049774,0.008080663,0.0,0.2,0.26136363,0.17094018,0.108597286,0.18099548,0.0
16304657,0,1,0.0,0.0,0.0012710884,0.0,0.0,0.6363636,0.008547009,1.0,1.0,0.0
16304739,1,61,0.0,0.0,0.008470262,0.0,0.0,0.0022727272,0.52136755,0.004524887,0.004524887,0.2
16306595,0,0,0.036199097,0.036199097,0.023239214,0.0,1.0,1.0,0.0,0.089994974,0.14479639,0.0
16308740,1,13,0.0,0.0,0.0051327506,0.0,0.0,0.13863637,0.11111111,0.004524887,0.004524887,0.0
16316851,0,0,0.013574661,0.013574661,0.009646599,0.0,0.4,1.0,0.0,0.03280543,0.04524887,0.0
16322274,1,1,0.004524887,0.004524887,0.0045834333,0.0,0.2,0.6363636,0.008547009,0.027149322,0.04524887,0.0
16333340,1,62,0.0,0.0,0.012690343,0.0,0.0,0.0,0.52991456,0.0,0.0,0.0
16335288,2,63,0.0,0.0,0.012690343,0.0,0.0,0.0,0.53846157,0.0,0.0,0.0
16338900,1,64,0.0,0.0,0.0032889035,0.0,0.0,0.006818182,0.5470086,0.013574661,0.013574661,0.0
16339549,1,18,0.004524887,0.004524887,0.009542369,0.0,0.0,0.5159091,0.15384616,0.022624435,0.04524887,0.4
16340098,1,24,0.004524887,0.004524887,0.0052258875,0.0,0.2,0.7659091,0.20512821,0.015837105,0.022624435,0.0
16344649,1,2,0.040723983,0.040723983,0.0406412,0.0,0.2,0.77272725,0.017094018,0.10090498,0.8733032,0.0
16347512,1,9,0.013574661,0.013574661,0.0099436,0.0,0.4,0.23636363,0.07692308,0.066742085,0.1402715,0.8
16350797,1,30,0.0,0.0,0.0010850447,0.0,0.0,0.14772727,0.25641027,0.07692308,0.07692308,0.0
16351122,1,29,0.004524887,0.004524887,0.0070689754,0.0,0.2,0.21136364,0.24786325,0.033936653,0.05882353,0.2
16355091,2,19,0.0,0.0,0.00038874827,0.0,0.0,0.40681818,0.16239317,0.07692308,0.07692308,0.0
16356533,1,24,0.004524887,0.004524887,0.0041020876,0.0,0.2,0.7659091,0.20512821,0.06561086,0.09049774,0.2
16356717,0,1,0.004524887,0.004524887,0.0052356594,0.0,0.2,0.6363636,0.008547009,0.6674208,1.0,0.2
16357565,0,1,0.0,0.0,0.0008062072,0.0,0.0,0.6363636,0.008547009,0.18099548,0.18099548,0.0
16359962,1,65,0.004524887,0.004524887,0.021130506,0.0,0.0,0.0022727272,0.5555556,0.0,0.0,0.0
16365445,1,14,0.0,0.0,0.0018573118,0.0,0.0,0.16136363,0.11965812,0.022624435,0.022624435,0.2
16365985,1,7,0.009049774,0.009049774,0.021024883,0.0,0.0,0.4568182,0.05982906,0.0030165913,0.004524887,0.0
16366947,1,27,0.009049774,0.009049774,0.009003905,0.0,0.2,0.25,0.23076923,0.043740574,0.09049774,0.2
16374987,1,27,0.0,0.0,0.0019657426,0.0,0.0,0.25,0.23076923,0.009049774,0.009049774,0.0
16380856,0,2,0.013574661,0.013574661,0.010905016,0.0,0.4,0.77272725,0.017094018,0.03846154,0.07692308,0.4
16394063,2,19,0.0,0.0,0.0013996821,0.0,0.0,0.40681818,0.16239317,0.009049774,0.009049774,0.4
16394309,1,12,0.004524887,0.004524887,0.021130506,0.0,0.0,0.0022727272,0.102564104,0.0,0.0,0.0
16394517,1,10,0.018099548,0.018099548,0.014228557,0.0,0.6,0.52272725,0.08547009,0.3239819,1.0,0.0
16395784,1,22,0.013574661,0.013574661,0.011192844,0.0,0.4,0.19772728,0.18803419,0.029411765,0.054298643,0.2
16396652,1,0,0.0,0.0,0.0001777637,0.0,0.0,1.0,0.0,0.1402715,0.1402715,0.0
16397377,1,2,0.004524887,0.004524887,0.0038669612,0.0,0.2,0.77272725,0.017094018,0.47511312,0.8733032,0.0
16399227,1,2,0.004524887,0.004524887,0.0034015004,0.0,0.2,0.77272725,0.017094018,0.1040724,0.16289593,0.2
16403341,1,10,0.004524887,0.004524887,0.0039164633,0.0,0.2,0.52272725,0.08547009,0.5769231,0.8733032,0.0
16404717,1,30,0.004524887,0.004524887,0.0056671626,0.0,0.2,0.14772727,0.25641027,0.011312217,0.013574661,0.0
16406458,1,20,0.027149322,0.027149322,0.021277986,0.0,0.4,0.26136363,0.17094018,0.03684551,0.14932127,0.0
16410165,1,0,0.009049774,0.009049774,0.006643936,0.0,0.4,1.0,0.0,0.039215688,0.06334842,0.2
16410966,1,10,0.013574661,0.013574661,0.015075812,0.0,0.2,0.52272725,0.08547009,0.19457014,0.5972851,0.4
16411682,1,1,0.004524887,0.004524887,0.0056015807,0.0,0.2,0.6363636,0.008547009,0.013574661,0.022624435,0.0
16412744,1,0,0.13122173,0.13122173,0.084371485,0.0,1.0,1.0,0.0,0.08944193,0.30316743,0.0
16420606,2,0,0.0,0.0,0.00020015647,0.0,0.0,1.0,0.0,0.5972851,0.5972851,0.0
16424513,1,9,0.009049774,0.009049774,0.009434771,0.0,0.2,0.23636363,0.07692308,0.12066365,0.30316743,0.2
16426613,1,10,0.009049774,0.009049774,0.008109529,0.0,0.2,0.52272725,0.08547009,0.016591253,0.027149322,0.0
16428853,1,9,0.0,0.0,0.0011308764,0.0,0.0,0.23636363,0.07692308,0.03167421,0.03167421,0.0
16428901,0,22,0.013574661,0.013574661,0.01160795,0.0,0.4,0.19772728,0.18803419,0.07918552,0.25791857,0.0
16431844,1,21,0.11764706,0.11764706,0.10812507,0.0,0.8,0.125,0.17948718,0.021786492,0.21719457,0.0
16433223,1,10,0.022624435,0.022624435,0.019727027,0.0,0.6,0.52272725,0.08547009,0.3167421,1.0,0.2
16435224,1,27,0.009049774,0.009049774,0.006511888,0.0,0.4,0.25,0.23076923,0.0693816,0.11764706,0.2
16437938,1,18,0.0,0.0,0.0043727434,0.0,0.0,0.5159091,0.15384616,0.004524887,0.004524887,0.2
16439625,0,1,0.009049774,0.009049774,0.01154313,0.0,0.2,0.6363636,0.008547009,0.35595778,1.0,0.0
16439879,1,3,0.009049774,0.009049774,0.011581833,0.0,0.2,0.15227273,0.025641026,0.01055807,0.018099548,0.2
16440473,1,10,0.013574661,0.013574661,0.0112919565,0.0,0.4,0.52272725,0.08547009,0.09841629,0.29411766,0.2
16440855,1,0,0.0,0.0,0.00025785752,0.0,0.0,1.0,0.0,0.049773756,0.049773756,0.0
16444797,1,20,0.004524887,0.004524887,0.01047189,0.0,0.0,0.26136363,0.17094018,0.0067873304,0.009049774,0.0
16447060,1,24,0.27149323,0.27149323,0.27011552,0.0,0.6,0.7659091,0.20512821,0.014538981,0.09049774,0.4
16451087,1,18,0.0,0.0,0.00549974,0.0,0.0,0.5159091,0.15384616,0.004524887,0.004524887,0.4
16452021,1,24,0.013574661,0.013574661,0.011402707,0.0,0.4,0.7659091,0.20512821,0.09728507,0.33484164,0.0
16452950,0,2,0.013574661,0.013574661,0.012653679,0.0,0.4,0.77272725,0.017094018,0.24434389,0.8733032,0.2
16454768,1,0,0.009049774,0.009049774,0.00641073,0.0,0.4,1.0,0.0,0.037707392,0.06334842,0.2
16460562,0,66,0.0,0.0,0.012690343,0.0,0.0,0.0,0.5641026,0.0,0.0,0.2
16460745,0,66,0.0,0.0,0.012690343,0.0,0.0,0.0,0.5641026,0.0,0.0,0.0
16462841,0,27,0.0,0.0,0.0013831741,0.0,0.0,0.25,0.23076923,0.022624435,0.022624435,0.2
16462880,1,0,0.09954751,0.09954751,0.06512536,0.0,1.0,1.0,0.0,0.095809564,0.5972851,0.4
16463885,1,24,0.0,0.0,0.0014036436,0.0,0.0,0.7659091,0.20512821,0.33484164,0.33484164,0.2
16464939,1,3,0.0,0.0,0.0011233133,0.0,0.0,0.15227273,0.025641026,0.049773756,0.049773756,0.0
16477216,1,0,0.004524887,0.004524887,0.003115851,0.0,0.2,1.0,0.0,0.09728507,0.16742082,0.2
16487708,1,1,0.004524887,0.004524887,0.0039694444,0.0,0.2,0.6363636,0.008547009,0.05882353,0.095022626,0.4
16489432,1,7,0.036199097,0.036199097,0.03531791,0.0,0.4,0.4568182,0.05982906,0.021618905,0.05882353,0.2
16490278,1,8,0.0,0.0,0.003967279,0.0,0.0,0.15454546,0.06837607,0.013574661,0.013574661,0.0
16494857,1,2,0.095022626,0.095022626,0.06624893,0.0,1.0,0.77272725,0.017094018,0.14273961,0.8733032,0.0
16499533,0,8,0.013574661,0.013574661,0.01125666,0.0,0.4,0.15454546,0.06837607,0.03167421,0.095022626,0.0
16499557,1,67,0.0,0.0,0.012690343,0.0,0.0,0.0,0.5726496,0.0,0.0,0.2
16505673,1,14,0.004524887,0.004524887,0.009317309,0.0,0.0,0.16136363,0.11965812,0.018099548,0.03167421,0.2
16510377,1,1,0.013574661,0.013574661,0.011119186,0.0,0.4,0.6363636,0.008547009,0.23868778,0.8733032,0.0
16511202,1,8,0.009049774,0.009049774,0.009092156,0.0,0.2,0.15454546,0.06837607,0.013574661,0.018099548,0.0
16515024,1,24,0.0,0.0,0.0014036436,0.0,0.0,0.7659091,0.20512821,0.33484164,0.33484164,0.2
16516106,0,30,0.022624435,0.022624435,0.022694165,0.0,0.4,0.14772727,0.25641027,0.02111614,0.06787331,0.0
16516483,1,35,0.009049774,0.009049774,0.01148722,0.0,0.2,0.08181818,0.2991453,0.022624435,0.03167421,0.4
16517592,1,0,0.0,0.0,0.0020968467,0.0,0.0,1.0,0.0,0.009049774,0.009049774,0.4
16519098,0,2,0.0,0.0,0.0003926961,0.0,0.0,0.77272725,0.017094018,0.21719457,0.21719457,0.2
16521778,0,68,0.0,0.0,0.008470262,0.0,0.0,0.0022727272,0.5811966,0.004524887,0.004524887,0.0
16530997,1,0,0.0,0.0,0.0027527108,0.0,0.0,1.0,0.0,0.004524887,0.004524887,0.2
16531797,1,67,0.0,0.0,0.012690343,0.0,0.0,0.0,0.5726496,0.0,0.0,0.0
16537567,0,1,0.0,0.0,0.0012710884,0.0,0.0,0.6363636,0.008547009,1.0,1.0,0.2
16541717,1,69,0.004524887,0.004524887,0.021130506,0.0,0.0,0.0022727272,0.5897436,0.0,0.0,0.2
16541786,1,3,0.018099548,0.018099548,0.02083296,0.0,0.4,0.15227273,0.025641026,0.032579187,0.08144797,0.0
16543625,1,2,0.009049774,0.009049774,0.009230134,0.0,0.2,0.77272725,0.017094018,0.030165913,0.040723983,0.0
16547885,1,27,0.004524887,0.004524887,0.005642807,0.0,0.2,0.25,0.23076923,0.07013575,0.13574661,0.0
16548023,1,29,0.013574661,0.013574661,0.016160809,0.0,0.2,0.21136364,0.24786325,0.016968327,0.03167421,0.2
16549857,0,27,0.009049774,0.009049774,0.008730481,0.0,0.2,0.25,0.23076923,0.116138764,0.25791857,0.0
16552022,0,2,0.009049774,0.009049774,0.0074700005,0.0,0.4,0.77272725,0.017094018,0.38914028,1.0,0.0
16552311,1,24,0.004524887,0.004524887,0.0090717105,0.0,0.0,0.7659091,0.20512821,0.03167421,0.06334842,0.0
16561129,1,0,0.013574661,0.013574661,0.009078569,0.0,0.6,1.0,0.0,0.05995475,0.09049774,0.0
16561591,2,19,0.027149322,0.027149322,0.020624524,0.0,0.6,0.40681818,0.16239317,0.12540402,0.5972851,0.0
16572534,1,0,0.0,0.0,0.0025635222,0.0,0.0,1.0,0.0,0.004524887,0.004524887,0.0
16572778,0,1,0.0,0.0,0.0012499148,0.0,0.0,0.6363636,0.008547009,0.027149322,0.027149322,0.0
16573966,1,70,0.0,0.0,0.012690343,0.0,0.0,0.0,0.5982906,0.0,0.0,0.4
16575742,0,2,0.013574661,0.013574661,0.017733807,0.0,0.2,0.77272725,0.017094018,0.004524887,0.009049774,0.0
16575853,1,18,0.04524887,0.04524887,0.052310996,0.0,0.4,0.5159091,0.15384616,0.0119292475,0.05882353,0.2
16579031,1,18,0.0,0.0,0.0037078804,0.0,0.0,0.5159091,0.15384616,0.004524887,0.004524887,0.2
16579074,1,0,0.036199097,0.036199097,0.023252994,0.0,1.0,1.0,0.0,0.16792358,0.5972851,0.4
16585828,0,24,0.004524887,0.004524887,0.0062699597,0.0,0.2,0.7659091,0.20512821,0.015837105,0.027149322,0.4
16586626,1,27,0.009049774,0.009049774,0.010761567,0.0,0.2,0.25,0.23076923,0.02111614,0.049773756,0.4
16593654,1,2,0.0,0.0,0.0005413931,0.0,0.0,0.77272725,0.017094018,0.07692308,0.07692308,0.2
16594644,1,5,0.004524887,0.004524887,0.01021735,0.0,0.2,0.1,0.042735044,0.0067873304,0.009049774,0.0
16594962,1,18,0.0,0.0,0.005898085,0.0,0.0,0.5159091,0.15384616,0.004524887,0.004524887,0.2
16598002,1,24,0.018099548,0.018099548,0.021764705,0.0,0.4,0.7659091,0.20512821,0.1239819,0.33484164,0.0
16601276,1,1,0.009049774,0.009049774,0.007885176,0.0,0.4,0.6363636,0.008547009,0.025641026,0.049773756,0.0
16603948,1,30,0.018099548,0.018099548,0.019398686,0.0,0.2,0.14772727,0.25641027,0.04162896,0.1719457,0.2
16607015,0,17,0.0,0.0,0.0010842463,0.0,0.0,0.15227273,0.14529915,0.15384616,0.15384616,0.2
16611179,1,7,0.009049774,0.009049774,0.008651346,0.0,0.2,0.4568182,0.05982906,0.027149322,0.06787331,0.0
16617884,1,30,0.009049774,0.009049774,0.009220812,0.0,0.2,0.14772727,0.25641027,0.012066365,0.027149322,0.0
16618029,1,30,0.004524887,0.004524887,0.0042483,0.0,0.2,0.14772727,0.25641027,0.049773756,0.09049774,0.0
16619381,1,3,0.0,0.0,0.0018025903,0.0,0.0,0.15227273,0.025641026,0.018099548,0.018099548,0.2
16628874,1,24,0.013574661,0.013574661,0.013954761,0.0,0.2,0.7659091,0.20512821,0.12556562,0.33484164,0.2
16636746,1,18,0.004524887,0.004524887,0.005128294,0.0,0.2,0.5159091,0.15384616,0.479638,0.8733032,0.2
16636919,0,38,0.004524887,0.004524887,0.0055344934,0.0,0.2,0.07727273,0.32478634,0.009049774,0.009049774,0.2
16639670,0,1,0.0,0.0,0.0012710884,0.0,0.0,0.6363636,0.008547009,1.0,1.0,0.2
16645520,1,10,0.004524887,0.004524887,0.0037091854,0.0,0.2,0.52272725,0.08547009,0.5633484,0.8733032,0.2
16646201,0,1,0.009049774,0.009049774,0.0076063965,0.0,0.4,0.6363636,0.008547009,0.42533937,1.0,0.0
16649779,1,60,0.0,0.0,0.0070635686,0.0,0.0,0.0045454544,0.51282054,0.009049774,0.009049774,0.2
16652658,1,3,0.009049774,0.009049774,0.00887957,0.0,0.4,0.15227273,0.025641026,0.22171946,0.5972851,0.2
16661603,2,19,0.013574661,0.013574661,0.011159678,0.0,0.4,0.40681818,0.16239317,0.033936653,0.07692308,0.4
16667356,1,24,0.0,0.0,0.0014036436,0.0,0.0,0.7659091,0.20512821,0.33484164,0.33484164,0.0
16670897,1,10,0.004524887,0.004524887,0.008110134,0.0,0.0,0.52272725,0.08547009,0.011312217,0.022624435,0.0
1668011,1,2,0.013574661,0.013574661,0.011819081,0.0,0.4,0.77272725,0.017094018,0.07013575,0.21719457,0.0
16698800,1,0,0.040723983,0.040723983,0.029232599,0.0,0.8,1.0,0.0,0.068778284,0.1719457,0.2
16730276,1,10,0.004524887,0.004524887,0.0030792798,0.0,0.2,0.52272725,0.08547009,0.18099548,0.25339368,0.2
16743661,1,0,0.036199097,0.036199097,0.029313657,0.0,0.4,1.0,0.0,0.060331825,0.25791857,0.2
16780257,1,14,0.013574661,0.013574661,0.011932306,0.0,0.4,0.16136363,0.11965812,0.029411765,0.054298643,0.0
16782103,1,29,0.004524887,0.004524887,0.0045441007,0.0,0.2,0.21136364,0.24786325,0.042986427,0.08144797,0.0
16782107,1,64,0.004524887,0.004524887,0.009907152,0.0,0.2,0.006818182,0.5470086,0.009049774,0.013574661,0.0
16783192,1,7,0.004524887,0.004524887,0.0066555785,0.0,0.2,0.4568182,0.05982906,0.027149322,0.049773756,0.0
16784574,1,71,0.0,0.0,0.012690343,0.0,0.0,0.0,0.60683763,0.0,0.0,0.2
16787980,0,1,0.004524887,0.004524887,0.005787886,0.0,0.2,0.6363636,0.008547009,0.51583713,1.0,0.2
16788703,2,0,0.0,0.0,0.00020015647,0.0,0.0,1.0,0.0,0.5972851,0.5972851,0.2
16788710,0,17,0.0,0.0,0.0010842463,0.0,0.0,0.15227273,0.14529915,0.15384616,0.15384616,0.0
16796298,1,10,0.009049774,0.009049774,0.008632522,0.0,0.2,0.52272725,0.08547009,0.102564104,0.29411766,0.0
16796683,0,1,0.0,0.0,0.0012710884,0.0,0.0,0.6363636,0.008547009,1.0,1.0,0.0
16813674,1,21,0.009049774,0.009049774,0.006717026,0.0,0.4,0.125,0.17948718,0.29864255,0.5972851,0.0
16819281,1,21,0.009049774,0.009049774,0.009537999,0.0,0.2,0.125,0.17948718,0.075414784,0.11764706,0.2
16822115,1,7,0.0,0.0,0.0016162689,0.0,0.0,0.4568182,0.05982906,0.027149322,0.027149322,0.2
16830375,1,1,0.0,0.0,0.0027889707,0.0,0.0,0.6363636,0.008547009,0.013574661,0.013574661,0.0
16831357,1,18,0.0,0.0,0.0027062318,0.0,0.0,0.5159091,0.15384616,0.009049774,0.009049774,0.0
16834699,1,24,0.0,0.0,0.0028278332,0.0,0.0,0.7659091,0.20512821,0.022624435,0.022624435,0.0
16839438,1,18,0.004524887,0.004524887,0.009280731,0.0,0.0,0.5159091,0.15384616,0.011312217,0.022624435,0.2
16845153,1,0,0.08597285,0.08597285,0.054744486,0.0,1.0,1.0,0.0,0.10135747,0.5972851,0.2
16850092,1,2,0.0,0.0,0.0007463372,0.0,0.0,0.77272725,0.017094018,0.06787331,0.06787331,0.0
16851290,1,64,0.004524887,0.004524887,0.010364168,0.0,0.2,0.006818182,0.5470086,0.004524887,0.004524887,0.0
16852922,1,20,0.004524887,0.004524887,0.005115106,0.0,0.2,0.26136363,0.17094018,0.013574661,0.022624435,0.0
16855827,2,9,0.004524887,0.004524887,0.003846262,0.0,0.2,0.23636363,0.07692308,0.16515838,0.30316743,0.0
16858294,1,18,0.0,0.0,0.001665232,0.0,0.0,0.5159091,0.15384616,0.11312217,0.11312217,0.2
16861860,1,13,0.0,0.0,0.0024094512,0.0,0.0,0.13863637,0.11111111,0.013574661,0.013574661,0.2
16871327,1,21,0.0,0.0,0.0014086401,0.0,0.0,0.125,0.17948718,0.013574661,0.013574661,0.0
16871663,1,0,0.022624435,0.022624435,0.014304678,0.0,0.8,1.0,0.0,0.16138764,0.5972851,0.2
16874180,0,1,0.022624435,0.022624435,0.016762773,0.0,0.6,0.6363636,0.008547009,0.051282052,0.19004525,0.0
16880649,0,1,0.0,0.0,0.0012546709,0.0,0.0,0.6363636,0.008547009,0.018099548,0.018099548,0.0
16884008,1,69,0.0,0.0,0.008470262,0.0,0.0,0.0022727272,0.5897436,0.004524887,0.004524887,0.2
16884022,1,3,0.018099548,0.018099548,0.018790033,0.0,0.2,0.15227273,0.025641026,0.06334842,0.29411766,0.0
16899287,1,2,0.009049774,0.009049774,0.0076029743,0.0,0.2,0.77272725,0.017094018,0.34087482,0.8733032,0.0
16908192,1,18,0.022624435,0.022624435,0.025725322,0.0,0.4,0.5159091,0.15384616,0.015837105,0.04524887,0.0
16917389,1,0,0.0,0.0,0.0016570786,0.0,0.0,1.0,0.0,0.009049774,0.009049774,0.2
16918618,1,27,0.09049774,0.09049774,0.06455483,0.0,1.0,0.25,0.23076923,0.073044606,0.5972851,0.0
16925295,1,18,0.0,0.0,0.0018027264,0.0,0.0,0.5159091,0.15384616,0.08597285,0.08597285,0.4
16926826,1,22,0.009049774,0.009049774,0.0129168015,0.0,0.2,0.19772728,0.18803419,0.019607844,0.054298643,0.0
16928036,1,30,0.004524887,0.004524887,0.01045834,0.0,0.0,0.14772727,0.25641027,0.011312217,0.022624435,0.0
16930883,1,3,0.004524887,0.004524887,0.0071433107,0.0,0.2,0.15227273,0.025641026,0.0067873304,0.009049774,0.2
16931885,1,10,0.004524887,0.004524887,0.003161086,0.0,0.2,0.52272725,0.08547009,0.38914028,0.5972851,0.0
16933135,1,72,0.0,0.0,0.012690343,0.0,0.0,0.0,0.61538464,0.0,0.0,0.2
16936384,1,21,0.004524887,0.004524887,0.0037560961,0.0,0.2,0.125,0.17948718,0.35746607,0.5972851,0.0
16940704,1,20,0.013574661,0.013574661,0.017477797,0.0,0.2,0.26136363,0.17094018,0.010180996,0.022624435,0.0
16942880,1,1,0.0,0.0,0.0033190278,0.0,0.0,0.6363636,0.008547009,0.004524887,0.004524887,0.0
16943465,0,8,0.0,0.0,0.0009863961,0.0,0.0,0.15454546,0.06837607,0.14932127,0.14932127,0.2
16945142,1,25,0.004524887,0.004524887,0.011914691,0.0,0.0,0.052272726,0.21367522,0.0022624435,0.004524887,0.0
16945563,1,10,0.004524887,0.004524887,0.0056458428,0.0,0.2,0.52272725,0.08547009,0.027149322,0.040723983,0.0
16946002,1,0,0.004524887,0.004524887,0.0038864007,0.0,0.2,1.0,0.0,0.0520362,0.095022626,0.0
16954507,0,1,0.0,0.0,0.0012710884,0.0,0.0,0.6363636,0.008547009,1.0,1.0,0.2
16956110,1,27,0.004524887,0.004524887,0.004420977,0.0,0.2,0.25,0.23076923,0.024886878,0.036199097,0.0
16958365,1,17,0.0,0.0,0.004690422,0.0,0.0,0.15227273,0.14529915,0.004524887,0.004524887,0.2
16958590,1,7,0.009049774,0.009049774,0.009224862,0.0,0.4,0.4568182,0.05982906,0.018099548,0.022624435,0.4
16965701,1,20,0.018099548,0.018099548,0.030158317,0.0,0.2,0.26136363,0.17094018,0.0036199095,0.009049774,0.2
16968979,1,18,0.0,0.0,0.002931148,0.0,0.0,0.5159091,0.15384616,0.013574661,0.013574661,0.0
16971414,1,73,0.0,0.0,0.012690343,0.0,0.0,0.0,0.62393165,0.0,0.0,0.0
16979008,1,21,0.009049774,0.009049774,0.007946569,0.0,0.2,0.125,0.17948718,0.32428357,0.8733032,0.4
16980497,1,74,0.0,0.0,0.012690343,0.0,0.0,0.0,0.63247865,0.0,0.0,0.0
16986733,1,27,0.004524887,0.004524887,0.0033379332,0.0,0.2,0.25,0.23076923,0.05882353,0.09049774,0.2
16988925,1,27,0.009049774,0.009049774,0.0066498565,0.0,0.4,0.25,0.23076923,0.07239819,0.18099548,0.0
16988986,1,0,0.0,0.0,0.0006658425,0.0,0.0,1.0,0.0,0.05882353,0.05882353,0.0
16991700,1,20,0.013574661,0.013574661,0.0105324695,0.0,0.4,0.26136363,0.17094018,0.07126697,0.1764706,0.0
16994507,1,18,0.013574661,0.013574661,0.02074875,0.0,0.2,0.5159091,0.15384616,0.020361992,0.06334842,0.0
17006804,0,2,0.013574661,0.013574661,0.011897215,0.0,0.4,0.77272725,0.017094018,0.029411765,0.08144797,0.0
17022135,1,75,0.004524887,0.004524887,0.018041667,0.0,0.0,0.0045454544,0.64102566,0.0022624435,0.004524887,0.0
17028863,1,7,0.004524887,0.004524887,0.005474039,0.0,0.2,0.4568182,0.05982906,0.056561086,0.09049774,0.0
17044292,0,0,0.054298643,0.054298643,0.041294865,0.0,0.8,1.0,0.0,0.024712844,0.11312217,0.2
17044330,1,20,0.009049774,0.009049774,0.015394292,0.0,0.2,0.26136363,0.17094018,0.01055807,0.018099548,0.2
17059192,1,2,0.0,0.0,0.00076464063,0.0,0.0,0.77272725,0.017094018,0.8733032,0.8733032,0.0
17071990,1,18,0.0,0.0,0.0018665858,0.0,0.0,0.5159091,0.15384616,0.018099548,0.018099548,0.0
17083813,1,18,0.004524887,0.004524887,0.008215834,0.0,0.2,0.5159091,0.15384616,0.049773756,0.07239819,0.0
17084975,0,1,0.0,0.0,0.0012710884,0.0,0.0,0.6363636,0.008547009,1.0,1.0,0.0
1708661,1,30,0.004524887,0.004524887,0.0058821095,0.0,0.2,0.14772727,0.25641027,0.013574661,0.018099548,0.2
17090151,0,2,0.004524887,0.004524887,0.00771142,0.0,0.0,0.77272725,0.017094018,0.07239819,0.14479639,0.4
17100370,1,7,0.004524887,0.004524887,0.006157255,0.0,0.2,0.4568182,0.05982906,0.047511313,0.09049774,0.2
17100782,1,9,0.0,0.0,0.003586312,0.0,0.0,0.23636363,0.07692308,0.004524887,0.004524887,0.2
17105161,1,14,0.022624435,0.022624435,0.026069779,0.0,0.2,0.16136363,0.11965812,0.008295626,0.022624435,0.0
17105262,1,10,0.0,0.0,0.0004000022,0.0,0.0,0.52272725,0.08547009,0.18099548,0.18099548,0.0
17107079,1,64,0.013574661,0.013574661,0.022335595,0.0,0.2,0.006818182,0.5470086,0.0056561087,0.013574661,0.0
17112369,0,24,0.04524887,0.04524887,0.042553797,0.0,0.6,0.7659091,0.20512821,0.08227067,0.33484164,0.6
17112843,1,29,0.004524887,0.004524887,0.008947428,0.0,0.0,0.21136364,0.24786325,0.015837105,0.03167421,0.0
17115414,0,8,0.013574661,0.013574661,0.01082378,0.0,0.4,0.15454546,0.06837607,0.09049774,0.14932127,0.0
17120553,2,0,0.027149322,0.027149322,0.02215694,0.0,0.4,1.0,0.0,0.060116354,0.1719457,0.2
17120614,1,3,0.0,0.0,0.0016079777,0.0,0.0,0.15227273,0.025641026,0.013574661,0.013574661,0.0
17129863,1,30,0.0,0.0,0.0024960837,0.0,0.0,0.14772727,0.25641027,0.022624435,0.022624435,0.4
17135182,0,24,0.013574661,0.013574661,0.011352062,0.0,0.4,0.7659091,0.20512821,0.027149322,0.049773756,0.0
17138727,1,0,0.0,0.0,0.0017816265,0.0,0.0,1.0,0.0,0.009049774,0.009049774,0.2
17150049,0,38,0.013574661,0.013574661,0.011653841,0.0,0.4,0.07727273,0.32478634,0.028280543,0.049773756,0.2
17156411,1,9,0.013574661,0.013574661,0.010663449,0.0,0.4,0.23636363,0.07692308,0.09276018,0.30316743,0.0
17164436,0,22,0.0,0.0,0.0016960358,0.0,0.0,0.19772728,0.18803419,0.040723983,0.040723983,0.4
17173775,1,10,0.25339368,0.25339368,0.19312239,0.0,1.0,0.52272725,0.08547009,0.03786616,0.25791857,0.0
17173819,0,35,0.004524887,0.004524887,0.004541694,0.0,0.2,0.08181818,0.2991453,0.095022626,0.18099548,0.0
17176166,0,19,0.009049774,0.009049774,0.009493776,0.0,0.4,0.40681818,0.16239317,0.019607844,0.03167421,0.4
17176836,1,7,0.0,0.0,0.0034864491,0.0,0.0,0.4568182,0.05982906,0.054298643,0.054298643,0.0
17191474,1,3,0.027149322,0.027149322,0.029942334,0.0,0.2,0.15227273,0.025641026,0.0096961865,0.03167421,0.0
17201112,1,0,0.095022626,0.095022626,0.059901685,0.0,1.0,1.0,0.0,0.0793912,0.30316743,0.0
17204571,1,2,0.0,0.0,0.0030156702,0.0,0.0,0.77272725,0.017094018,0.004524887,0.004524887,0.4
17208441,0,10,0.0,0.0,0.00056172616,0.0,0.0,0.52272725,0.08547009,0.30316743,0.30316743,0.4
17221081,0,3,0.004524887,0.004524887,0.0065622013,0.0,0.2,0.15227273,0.025641026,0.020361992,0.027149322,0.0
17221781,1,18,0.013574661,0.013574661,0.017691867,0.0,0.2,0.5159091,0.15384616,0.011312217,0.018099548,0.0
17221943,1,22,0.009049774,0.009049774,0.009076446,0.0,0.2,0.19772728,0.18803419,0.06334842,0.1719457,0.2
17223468,1,10,0.013574661,0.013574661,0.012046627,0.0,0.4,0.52272725,0.08547009,0.06900453,0.18099548,0.0
17234887,1,14,0.0,0.0,0.00101344,0.0,0.0,0.16136363,0.11965812,0.05882353,0.05882353,0.0
17235460,1,27,0.0,0.0,0.0041350303,0.0,0.0,0.25,0.23076923,0.004524887,0.004524887,0.0
17235677,0,27,0.0,0.0,0.00142998,0.0,0.0,0.25,0.23076923,0.013574661,0.013574661,0.2
17238240,1,22,0.018099548,0.018099548,0.017217046,0.0,0.4,0.19772728,0.18803419,0.013574661,0.022624435,0.2
17239031,1,24,0.009049774,0.009049774,0.012503491,0.0,0.2,0.7659091,0.20512821,0.033182506,0.09049774,0.0
17239946,0,1,0.018099548,0.018099548,0.017039042,0.0,0.4,0.6363636,0.008547009,0.24072398,1.0,0.0
17240550,1,27,0.013574661,0.013574661,0.010269498,0.0,0.4,0.25,0.23076923,0.055429865,0.11764706,0.0
17240635,1,76,0.0,0.0,0.012690343,0.0,0.0,0.0,0.6495727,0.0,0.0,0.0
17245450,0,9,0.004524887,0.004524887,0.004516617,0.0,0.2,0.23636363,0.07692308,0.029411765,0.040723983,0.0
17248244,0,6,0.013574661,0.013574661,0.013820972,0.0,0.2,0.05,0.051282052,0.023755657,0.06334842,0.0
17250640,1,2,0.0,0.0,0.00076464063,0.0,0.0,0.77272725,0.017094018,0.8733032,0.8733032,0.0
17258003,0,1,0.0,0.0,0.0012490246,0.0,0.0,0.6363636,0.008547009,0.018099548,0.018099548,0.4
17264531,1,24,0.004524887,0.004524887,0.006211211,0.0,0.2,0.7659091,0.20512821,0.015837105,0.027149322,0.0
17266270,1,1,0.022624435,0.022624435,0.023829823,0.0,0.4,0.6363636,0.008547009,0.044494722,0.18099548,0.2
17266551,2,19,0.0,0.0,0.0006194072,0.0,0.0,0.40681818,0.16239317,0.30316743,0.30316743,0.2
17275103,1,22,0.0,0.0,0.0012691695,0.0,0.0,0.19772728,0.18803419,0.018099548,0.018099548,0.2
17282551,1,27,0.0,0.0,0.0014688199,0.0,0.0,0.25,0.23076923,0.009049774,0.009049774,0.0
17285878,0,10,0.040723983,0.040723983,0.031986225,0.0,0.6,0.52272725,0.08547009,0.03076923,0.054298643,0.0
17291344,2,24,0.022624435,0.022624435,0.022874905,0.0,0.4,0.7659091,0.20512821,0.119155355,0.5972851,0.2
17292603,1,7,0.004524887,0.004524887,0.0059696613,0.0,0.2,0.4568182,0.05982906,0.015837105,0.018099548,0.4
17297261,0,24,0.049773756,0.049773756,0.037027784,0.0,0.8,0.7659091,0.20512821,0.04223228,0.13122173,0.0
17300462,1,17,0.004524887,0.004524887,0.0036642663,0.0,0.2,0.15227273,0.14529915,0.061085973,0.06334842,0.0
17303568,0,6,0.004524887,0.004524887,0.009157769,0.0,0.2,0.05,0.051282052,0.020361992,0.036199097,0.2
17305642,1,0,0.004524887,0.004524887,0.0030631232,0.0,0.2,1.0,0.0,0.32579187,0.5972851,0.2
17313956,1,24,0.004524887,0.004524887,0.0052291774,0.0,0.2,0.7659091,0.20512821,0.027149322,0.03167421,0.0
17316916,0,21,0.013574661,0.013574661,0.01582632,0.0,0.2,0.125,0.17948718,0.28280544,1.0,0.2
17322769,1,2,0.0,0.0,0.0044172844,0.0,0.0,0.77272725,0.017094018,0.013574661,0.013574661,0.0
17323772,1,0,0.12669684,0.12669684,0.084641874,0.0,1.0,1.0,0.0,0.108597286,0.8733032,0.0
17324503,1,18,0.0,0.0,0.0019063171,0.0,0.0,0.5159091,0.15384616,0.04524887,0.04524887,0.0
17326261,1,19,0.004524887,0.004524887,0.0069131865,0.0,0.2,0.40681818,0.16239317,0.0067873304,0.009049774,0.2
17335211,1,2,0.004524887,0.004524887,0.008722038,0.0,0.0,0.77272725,0.017094018,0.011312217,0.022624435,0.2
17340590,0,22,0.018099548,0.018099548,0.01758892,0.0,0.4,0.19772728,0.18803419,0.050678734,0.14932127,0.4
17349165,1,18,0.013574661,0.013574661,0.014890151,0.0,0.4,0.5159091,0.15384616,0.018099548,0.036199097,0.0
17350393,1,1,0.018099548,0.018099548,0.01743729,0.0,0.4,0.6363636,0.008547009,0.053393666,0.1764706,0.0
17353001,1,2,0.009049774,0.009049774,0.009212678,0.0,0.2,0.77272725,0.017094018,0.018099548,0.040723983,0.0
17354054,0,1,0.022624435,0.022624435,0.019954853,0.0,0.6,0.6363636,0.008547009,0.28129715,1.0,0.2
17354468,1,0,0.022624435,0.022624435,0.013998371,0.0,0.8,1.0,0.0,0.20286576,0.5972851,0.2
17357985,1,10,0.013574661,0.013574661,0.013065036,0.0,0.2,0.52272725,0.08547009,0.29072398,0.8733032,0.0
17359791,1,27,0.0,0.0,0.0003015937,0.0,0.0,0.25,0.23076923,0.11764706,0.11764706,0.0
17365848,1,10,0.049773756,0.049773756,0.040515002,0.0,0.6,0.52272725,0.08547009,0.033936653,0.07239819,0.6
17384357,1,7,0.004524887,0.004524887,0.0046661594,0.0,0.2,0.4568182,0.05982906,0.44117647,0.8733032,0.0
17388280,1,7,0.0,0.0,0.004215682,0.0,0.0,0.4568182,0.05982906,0.004524887,0.004524887,0.0
17393514,1,13,0.018099548,0.018099548,0.02368971,0.0,0.2,0.13863637,0.11111111,0.0099547515,0.03167421,0.0
17398289,1,77,0.0,0.0,0.012690343,0.0,0.0,0.0,0.6581197,0.0,0.0,0.2
17402349,0,27,0.013574661,0.013574661,0.013046569,0.0,0.4,0.25,0.23076923,0.0520362,0.14479639,0.0
17404895,1,0,0.004524887,0.004524887,0.00354603,0.0,0.2,1.0,0.0,0.07239819,0.13122173,0.0
17416766,1,78,0.0,0.0,0.0073390203,0.0,0.0,0.0045454544,0.6666667,0.004524887,0.004524887,0.4
17422097,1,18,0.004524887,0.004524887,0.014774804,0.0,0.0,0.5159091,0.15384616,0.0022624435,0.004524887,0.2
17424632,1,24,0.018099548,0.018099548,0.018282367,0.0,0.2,0.7659091,0.20512821,0.017194571,0.03167421,0.0
17427120,1,2,0.0,0.0,0.00046447656,0.0,0.0,0.77272725,0.017094018,0.04524887,0.04524887,0.0
17431643,0,30,0.07692308,0.07692308,0.07176781,0.0,0.6,0.14772727,0.25641027,0.026395174,0.1764706,0.0
17437053,1,2,0.0,0.0,0.0006162085,0.0,0.0,0.77272725,0.017094018,0.14932127,0.14932127,0.0
17444939,1,24,0.004524887,0.004524887,0.005748436,0.0,0.2,0.7659091,0.20512821,0.020361992,0.03167421,0.0
17451602,1,0,0.013574661,0.013574661,0.01093056,0.0,0.4,1.0,0.0,0.047511313,0.1040724,0.0
17451621,1,7,0.05882353,0.05882353,0.051160403,0.0,0.4,0.4568182,0.05982906,0.084033616,0.5972851,0.0
17463636,1,0,0.009049774,0.009049774,0.0061040954,0.0,0.4,1.0,0.0,0.26093516,0.5972851,0.2
17465796,0,0,0.054298643,0.054298643,0.039294854,0.0,1.0,1.0,0.0,0.09606683,0.5972851,0.2
17469640,1,24,0.018099548,0.018099548,0.017028801,0.0,0.4,0.7659091,0.20512821,0.06968326,0.27149323,0.0
17473799,1,0,0.009049774,0.009049774,0.007821617,0.0,0.2,1.0,0.0,0.07692308,0.16742082,0.0
17477554,1,27,0.004524887,0.004524887,0.0038757157,0.0,0.2,0.25,0.23076923,0.07239819,0.11764706,0.0
17478702,1,18,0.0,0.0,0.0027431867,0.0,0.0,0.5159091,0.15384616,0.013574661,0.013574661,0.2
17480824,1,19,0.027149322,0.027149322,0.02389724,0.0,0.4,0.40681818,0.16239317,0.035552684,0.12669684,0.0
17481122,1,27,0.0,0.0,0.0012224194,0.0,0.0,0.25,0.23076923,0.018099548,0.018099548,0.2
17481888,1,21,0.013574661,0.013574661,0.018926103,0.0,0.2,0.125,0.17948718,0.009049774,0.027149322,0.0
17486893,1,24,0.1764706,0.1764706,0.18490809,0.0,0.6,0.7659091,0.20512821,0.013348416,0.09049774,0.2
17489909,1,0,0.0,0.0,0.00021353374,0.0,0.0,1.0,0.0,0.08597285,0.08597285,0.2
17490827,2,19,0.004524887,0.004524887,0.0035913596,0.0,0.2,0.40681818,0.16239317,0.05882353,0.07692308,0.0
17491510,1,2,0.0,0.0,0.00025562738,0.0,0.0,0.77272725,0.017094018,0.08144797,0.08144797,0.0
17492541,2,19,0.009049774,0.009049774,0.0073795277,0.0,0.2,0.40681818,0.16239317,0.21568628,0.5972851,0.0
17497582,0,2,0.018099548,0.018099548,0.014320991,0.0,0.6,0.77272725,0.017094018,0.44162896,1.0,0.2
17498138,1,22,0.054298643,0.054298643,0.04693547,0.0,0.8,0.19772728,0.18803419,0.028541595,0.09954751,0.2
17498731,1,18,0.009049774,0.009049774,0.00989882,0.0,0.4,0.5159091,0.15384616,0.075414784,0.13122173,0.0
17503213,1,24,0.0,0.0,0.0012528698,0.0,0.0,0.7659091,0.20512821,0.27149323,0.27149323,0.0
17513262,1,0,0.0,0.0,0.002047122,0.0,0.0,1.0,0.0,0.009049774,0.009049774,0.4
17514047,0,0,0.0,0.0,0.00022165013,0.0,0.0,1.0,0.0,0.15384616,0.15384616,0.2
17514705,0,1,0.004524887,0.004524887,0.004145936,0.0,0.2,0.6363636,0.008547009,0.5294118,1.0,0.2
17515749,1,21,0.0,0.0,0.0019275985,0.0,0.0,0.125,0.17948718,0.013574661,0.013574661,0.2
17524742,2,19,0.0,0.0,0.0011435681,0.0,0.0,0.40681818,0.16239317,0.013574661,0.013574661,0.0
17526658,1,18,0.0,0.0,0.0035920413,0.0,0.0,0.5159091,0.15384616,0.004524887,0.004524887,0.2
17528783,1,0,0.0,0.0,0.00020385292,0.0,0.0,1.0,0.0,0.12669684,0.12669684,0.0
17530043,1,20,0.0,0.0,0.004053617,0.0,0.0,0.26136363,0.17094018,0.009049774,0.009049774,0.0
17537187,0,35,0.009049774,0.009049774,0.007903157,0.0,0.2,0.08181818,0.2991453,0.022624435,0.03167421,0.2
17540560,1,9,0.009049774,0.009049774,0.009778414,0.0,0.2,0.23636363,0.07692308,0.092006035,0.25791857,0.0
17540746,1,13,0.06334842,0.06334842,0.06875049,0.0,0.6,0.13863637,0.11111111,0.09472097,0.8733032,0.2
17542666,1,1,0.049773756,0.049773756,0.032576993,0.0,0.8,0.6363636,0.008547009,0.07579186,0.29411766,0.0
175473,1,2,0.004524887,0.004524887,0.005176867,0.0,0.2,0.77272725,0.017094018,0.013574661,0.018099548,0.2
17547378,0,17,0.018099548,0.018099548,0.016053133,0.0,0.4,0.15227273,0.14529915,0.044343892,0.15384616,0.4
17548348,1,24,0.07239819,0.07239819,0.060198177,0.0,0.6,0.7659091,0.20512821,0.02874634,0.09049774,0.0
17548763,1,0,0.004524887,0.004524887,0.0040594707,0.0,0.2,1.0,0.0,0.013574661,0.013574661,0.0
17550920,2,19,0.018099548,0.018099548,0.01649299,0.0,0.4,0.40681818,0.16239317,0.0841629,0.30316743,0.0
17553103,1,17,0.009049774,0.009049774,0.010501889,0.0,0.2,0.15227273,0.14529915,0.013574661,0.022624435,0.0
17553191,1,29,0.0,0.0,0.0013042178,0.0,0.0,0.21136364,0.24786325,0.05882353,0.05882353,0.0
17553397,1,1,0.009049774,0.009049774,0.008004855,0.0,0.2,0.6363636,0.008547009,0.03167421,0.049773756,0.2
17556659,1,7,0.009049774,0.009049774,0.008803636,0.0,0.4,0.4568182,0.05982906,0.054298643,0.09049774,0.2
17558182,2,0,0.03167421,0.03167421,0.020986568,0.0,0.8,1.0,0.0,0.13291855,0.5972851,0.0
17560937,0,1,0.013574661,0.013574661,0.0129553825,0.0,0.4,0.6363636,0.008547009,0.30429864,1.0,0.2
17563020,1,18,0.0,0.0,0.0026070294,0.0,0.0,0.5159091,0.15384616,0.018099548,0.018099548,0.2
17565891,1,0,0.018099548,0.018099548,0.011653883,0.0,0.8,1.0,0.0,0.08778281,0.14932127,0.0
17565994,0,17,0.022624435,0.022624435,0.020927038,0.0,0.4,0.15227273,0.14529915,0.08371041,0.30316743,0.0
1756621,1,22,0.0,0.0,0.00398587,0.0,0.0,0.19772728,0.18803419,0.004524887,0.004524887,0.0
17567609,1,0,0.04524887,0.04524887,0.029813249,0.0,1.0,1.0,0.0,0.08844097,0.25791857,0.2
17570154,1,0,0.0,0.0,0.00044598145,0.0,0.0,1.0,0.0,0.05882353,0.05882353,0.2
17575531,1,30,0.0,0.0,0.0024960837,0.0,0.0,0.14772727,0.25641027,0.022624435,0.022624435,0.0
17582384,0,1,0.0,0.0,0.0012710884,0.0,0.0,0.6363636,0.008547009,1.0,1.0,0.0
17586622,1,0,0.08597285,0.08597285,0.06255128,0.0,1.0,1.0,0.0,0.036651585,0.11312217,0.0
17589906,1,7,0.004524887,0.004524887,0.006642164,0.0,0.2,0.4568182,0.05982906,0.015837105,0.022624435,0.4
1759181,2,19,0.009049774,0.009049774,0.00995311,0.0,0.2,0.40681818,0.16239317,0.012066365,0.022624435,0.0
17594136,0,24,0.004524887,0.004524887,0.006900457,0.0,0.2,0.7659091,0.20512821,0.022624435,0.040723983,0.0
17602194,1,24,0.004524887,0.004524887,0.0053064665,0.0,0.2,0.7659091,0.20512821,0.029411765,0.040723983,0.2
17617518,1,3,0.0,0.0,0.0010396593,0.0,0.0,0.15227273,0.025641026,0.054298643,0.054298643,0.0
17624589,0,29,0.0,0.0,0.0033161195,0.0,0.0,0.21136364,0.24786325,0.004524887,0.004524887,0.2
17627045,1,13,0.0,0.0,0.004057005,0.0,0.0,0.13863637,0.11111111,0.009049774,0.009049774,0.0
17630489,0,20,0.004524887,0.004524887,0.005004005,0.0,0.2,0.26136363,0.17094018,0.03846154,0.06334842,0.0
17644635,1,35,0.0,0.0,0.0024020178,0.0,0.0,0.08181818,0.2991453,0.03167421,0.03167421,0.0
17645505,0,0,0.06787331,0.06787331,0.04743087,0.0,1.0,1.0,0.0,0.125,0.5972851,0.2
17657810,1,2,0.009049774,0.009049774,0.007359583,0.0,0.2,0.77272725,0.017094018,0.34238312,0.8733032,0.0
17658075,0,10,0.009049774,0.009049774,0.007842283,0.0,0.4,0.52272725,0.08547009,0.3815988,1.0,0.0
17660333,1,21,0.0,0.0,0.002211958,0.0,0.0,0.125,0.17948718,0.03167421,0.03167421,0.0
17668238,1,35,0.0,0.0,0.0024020178,0.0,0.0,0.08181818,0.2991453,0.03167421,0.03167421,0.0
17673099,2,19,0.004524887,0.004524887,0.005040089,0.0,0.2,0.40681818,0.16239317,0.018099548,0.018099548,0.0
17676511,0,1,0.0,0.0,0.0012710884,0.0,0.0,0.6363636,0.008547009,1.0,1.0,0.0
17697991,1,2,0.009049774,0.009049774,0.008808282,0.0,0.2,0.77272725,0.017094018,0.29864255,0.8733032,0.2
17708309,1,29,0.0,0.0,0.0029727484,0.0,0.0,0.21136364,0.24786325,0.027149322,0.027149322,0.0
17713109,0,51,0.0,0.0,0.006200427,0.0,0.0,0.009090909,0.43589744,0.009049774,0.009049774,0.4
17718867,0,8,0.0,0.0,0.0009863961,0.0,0.0,0.15454546,0.06837607,0.14932127,0.14932127,0.2
17719459,1,24,0.03167421,0.03167421,0.032656353,0.0,0.4,0.7659091,0.20512821,0.050339367,0.33484164,0.0
17746464,1,10,0.004524887,0.004524887,0.00426012,0.0,0.2,0.52272725,0.08547009,0.036199097,0.06334842,0.2
17826349,2,19,0.013574661,0.013574661,0.0093387235,0.0,0.6,0.40681818,0.16239317,0.18099548,0.5972851,0.2
17827249,1,35,0.009049774,0.009049774,0.012180723,0.0,0.2,0.08181818,0.2991453,0.007541478,0.009049774,0.0
17829189,0,22,0.013574661,0.013574661,0.010729589,0.0,0.4,0.19772728,0.18803419,0.05316742,0.095022626,0.2
17831577,0,1,0.004524887,0.004524887,0.0050572963,0.0,0.2,0.6363636,0.008547009,0.033936653,0.036199097,0.2
17836849,1,7,0.0,0.0,0.0015849432,0.0,0.0,0.4568182,0.05982906,0.040723983,0.040723983,0.0
17850012,2,0,0.5972851,0.5972851,0.42861062,0.0,1.0,1.0,0.0,0.045078762,0.30316743,0.0
17850268,2,19,0.004524887,0.004524887,0.004982109,0.0,0.2,0.40681818,0.16239317,0.15384616,0.30316743,0.0
17856365,1,7,0.004524887,0.004524887,0.007236712,0.0,0.2,0.4568182,0.05982906,0.020361992,0.022624435,0.0
17860158,0,20,0.004524887,0.004524887,0.0053930455,0.0,0.2,0.26136363,0.17094018,0.009049774,0.013574661,0.0
17862286,1,0,0.1402715,0.1402715,0.0974311,0.0,1.0,1.0,0.0,0.11821267,1.0,0.0
17862883,0,1,0.049773756,0.049773756,0.040221576,0.0,0.6,0.6363636,0.008547009,0.029411765,0.08144797,0.4
17864134,1,79,0.0,0.0,0.012690343,0.0,0.0,0.0,0.6752137,0.0,0.0,0.0
17864472,0,80,0.0,0.0,0.008470262,0.0,0.0,0.0022727272,0.6837607,0.004524887,0.004524887,0.0
17866516,1,24,0.0,0.0,0.0014036436,0.0,0.0,0.7659091,0.20512821,0.33484164,0.33484164,0.0
17877831,1,81,0.0,0.0,0.012690343,0.0,0.0,0.0,0.6923077,0.0,0.0,0.0
17881987,0,30,0.018099548,0.018099548,0.01680375,0.0,0.2,0.14772727,0.25641027,0.010859729,0.018099548,0.0
17885419,2,19,0.036199097,0.036199097,0.026477411,0.0,0.6,0.40681818,0.16239317,0.030165913,0.07692308,0.2
17886496,2,19,0.013574661,0.013574661,0.010124728,0.0,0.4,0.40681818,0.16239317,0.13800906,0.30316743,0.4
17887849,1,29,0.027149322,0.027149322,0.02112297,0.0,0.6,0.21136364,0.24786325,0.18939884,1.0,0.2
17888209,1,0,0.009049774,0.009049774,0.007348171,0.0,0.4,1.0,0.0,0.040723983,0.06334842,0.0
17900812,1,0,0.018099548,0.018099548,0.013955972,0.0,0.4,1.0,0.0,0.047058824,0.09049774,0.0
17902979,2,19,0.004524887,0.004524887,0.008429423,0.0,0.0,0.40681818,0.16239317,0.020361992,0.040723983,0.0
17909423,0,0,0.009049774,0.009049774,0.006289588,0.0,0.4,1.0,0.0,0.26395175,0.5972851,0.0
17912672,1,25,0.0,0.0,0.0012709768,0.0,0.0,0.052272726,0.21367522,0.027149322,0.027149322,0.0
17918441,1,0,0.004524887,0.004524887,0.0030070557,0.0,0.2,1.0,0.0,0.07918552,0.122171946,0.4
17924186,2,19,0.013574661,0.013574661,0.0100566,0.0,0.4,0.40681818,0.16239317,0.1199095,0.30316743,0.0
17929500,1,18,0.0,0.0,0.0019063171,0.0,0.0,0.5159091,0.15384616,0.04524887,0.04524887,0.0
17931722,1,2,0.0,0.0,0.00076464063,0.0,0.0,0.77272725,0.017094018,0.8733032,0.8733032,0.4
17934423,2,19,0.013574661,0.013574661,0.009686148,0.0,0.6,0.40681818,0.16239317,0.09954751,0.30316743,0.0
17943996,1,0,0.08597285,0.08597285,0.05977886,0.0,1.0,1.0,0.0,0.10135747,0.8733032,0.0
17948234,1,0,0.0,0.0,0.00010382775,0.0,0.0,1.0,0.0,0.19004525,0.19004525,0.0
17955306,0,24,0.040723983,0.040723983,0.04429708,0.0,0.4,0.7659091,0.20512821,0.047058824,0.33484164,0.0
17955640,0,1,0.0,0.0,0.0012710884,0.0,0.0,0.6363636,0.008547009,1.0,1.0,0.0
17956232,1,24,0.009049774,0.009049774,0.00861547,0.0,0.2,0.7659091,0.20512821,0.019607844,0.04524887,0.2
17961577,1,0,0.0,0.0,0.00049803645,0.0,0.0,1.0,0.0,0.040723983,0.040723983,0.2
17962349,1,21,0.018099548,0.018099548,0.025481164,0.0,0.2,0.125,0.17948718,0.019004526,0.03167421,0.0
17963120,1,24,0.0,0.0,0.003611136,0.0,0.0,0.7659091,0.20512821,0.009049774,0.009049774,0.4
17971670,1,0,0.03167421,0.03167421,0.020288285,0.0,0.8,1.0,0.0,0.087104075,0.21719457,0.2
17973137,1,0,0.009049774,0.009049774,0.0062333494,0.0,0.4,1.0,0.0,0.07993967,0.13122173,0.0
17974216,1,24,0.013574661,0.013574661,0.018480387,0.0,0.2,0.7659091,0.20512821,0.100678734,0.33484164,0.0
17978915,2,19,0.03167421,0.03167421,0.031446487,0.0,0.4,0.40681818,0.16239317,0.022624435,0.07692308,0.4
17987925,0,38,0.009049774,0.009049774,0.017396145,0.0,0.0,0.07727273,0.32478634,0.004524887,0.013574661,0.0
17993853,1,24,0.009049774,0.009049774,0.009702601,0.0,0.2,0.7659091,0.20512821,0.119155355,0.33484164,0.2
18000551,1,1,0.0,0.0,0.002247467,0.0,0.0,0.6363636,0.008547009,0.009049774,0.009049774,0.0
18003414,0,1,0.0,0.0,0.0012710884,0.0,0.0,0.6363636,0.008547009,1.0,1.0,0.2
18006637,1,24,0.018099548,0.018099548,0.016324325,0.0,0.4,0.7659091,0.20512821,0.02081448,0.027149322,0.2
18010581,1,24,0.0,0.0,0.0016724033,0.0,0.0,0.7659091,0.20512821,0.040723983,0.040723983,0.0
18013276,1,24,0.009049774,0.009049774,0.009374042,0.0,0.4,0.7659091,0.20512821,0.12518854,0.33484164,0.0
18014005,0,2,0.018099548,0.018099548,0.014236966,0.0,0.4,0.77272725,0.017094018,0.065158375,0.21719457,0.0
18024506,1,20,0.004524887,0.004524887,0.0069282036,0.0,0.2,0.26136363,0.17094018,0.018099548,0.018099548,0.2
18027230,2,19,0.0,0.0,0.0006194072,0.0,0.0,0.40681818,0.16239317,0.30316743,0.30316743,0.2
18031789,1,1,0.004524887,0.004524887,0.0049113156,0.0,0.2,0.6363636,0.008547009,0.020361992,0.022624435,0.2
18033114,2,19,0.018099548,0.018099548,0.013771821,0.0,0.6,0.40681818,0.16239317,0.1040724,0.30316743,0.2
18034865,1,20,0.009049774,0.009049774,0.0076123895,0.0,0.4,0.26136363,0.17094018,0.2081448,0.5972851,0.4
18037238,1,24,0.004524887,0.004524887,0.005819344,0.0,0.2,0.7659091,0.20512821,0.1764706,0.33484164,0.2
18044059,1,0,0.13574661,0.13574661,0.10275994,0.0,1.0,1.0,0.0,0.03138228,0.14932127,0.0
18045976,1,27,0.03167421,0.03167421,0.025932204,0.0,0.4,0.25,0.23076923,0.021493213,0.06787331,0.0
18046425,1,18,0.0,0.0,0.003568072,0.0,0.0,0.5159091,0.15384616,0.027149322,0.027149322,0.4
18047199,2,19,0.004524887,0.004524887,0.004524156,0.0,0.2,0.40681818,0.16239317,0.16742082,0.30316743,0.2
18049260,1,82,0.0,0.0,0.012690343,0.0,0.0,0.0,0.7008547,0.0,0.0,0.0
18050213,1,7,0.013574661,0.013574661,0.015919013,0.0,0.2,0.4568182,0.05982906,0.014705882,0.040723983,0.0
18050805,1,24,0.0,0.0,0.0014036436,0.0,0.0,0.7659091,0.20512821,0.33484164,0.33484164,0.0
18059285,0,10,0.027149322,0.027149322,0.029590745,0.0,0.2,0.52272725,0.08547009,0.012281836,0.049773756,0.0
18064251,0,68,0.0,0.0,0.008470262,0.0,0.0,0.0022727272,0.5811966,0.004524887,0.004524887,0.0
18065267,2,19,0.009049774,0.009049774,0.0071709757,0.0,0.4,0.40681818,0.16239317,0.12066365,0.30316743,0.0
18067465,1,9,0.004524887,0.004524887,0.0064115836,0.0,0.2,0.23636363,0.07692308,0.0067873304,0.009049774,0.2
18070682,1,18,0.009049774,0.009049774,0.013149495,0.0,0.2,0.5159091,0.15384616,0.015082956,0.022624435,0.0
18071286,1,2,0.04524887,0.04524887,0.035252366,0.0,0.6,0.77272725,0.017094018,0.051830523,0.30316743,0.0
18079672,2,19,0.0,0.0,0.0011276108,0.0,0.0,0.40681818,0.16239317,0.018099548,0.018099548,0.2
18083070,0,1,0.027149322,0.027149322,0.02125719,0.0,0.6,0.6363636,0.008547009,0.26567551,1.0,0.0
18096326,0,24,0.027149322,0.027149322,0.026848486,0.0,0.4,0.7659091,0.20512821,0.049127344,0.27149323,0.2
18102660,2,0,0.1719457,0.1719457,0.11753027,0.0,1.0,1.0,0.0,0.10650887,0.8733032,0.2
18112363,1,9,0.004524887,0.004524887,0.0045768707,0.0,0.2,0.23636363,0.07692308,0.07466064,0.108597286,0.0
18112998,1,58,0.0,0.0,0.012690343,0.0,0.0,0.0,0.4957265,0.0,0.0,0.4
18116560,1,25,0.0,0.0,0.0047203703,0.0,0.0,0.052272726,0.21367522,0.004524887,0.004524887,0.0
18117244,2,19,0.004524887,0.004524887,0.0035182524,0.0,0.2,0.40681818,0.16239317,0.054298643,0.06787331,0.0
18119760,1,24,0.004524887,0.004524887,0.007021387,0.0,0.2,0.7659091,0.20512821,0.0067873304,0.009049774,0.0
18120477,1,10,0.004524887,0.004524887,0.0037091854,0.0,0.2,0.52272725,0.08547009,0.5633484,0.8733032,0.2
18128517,1,8,0.009049774,0.009049774,0.008494945,0.0,0.2,0.15454546,0.06837607,0.036199097,0.049773756,0.2
18132782,1,83,0.0,0.0,0.0070635686,0.0,0.0,0.0045454544,0.7094017,0.009049774,0.009049774,0.2
18132880,0,10,0.009049774,0.009049774,0.01562495,0.0,0.0,0.52272725,0.08547009,0.027149322,0.07692308,0.0
18134710,1,2,0.004524887,0.004524887,0.0036905163,0.0,0.2,0.77272725,0.017094018,0.027149322,0.027149322,0.0
18139029,0,17,0.0,0.0,0.0018379623,0.0,0.0,0.15227273,0.14529915,0.018099548,0.018099548,0.0
18141609,1,0,0.0,0.0,0.00036321607,0.0,0.0,1.0,0.0,0.054298643,0.054298643,0.2
18149185,1,35,0.0,0.0,0.0024020178,0.0,0.0,0.08181818,0.2991453,0.03167421,0.03167421,0.2
18156509,2,19,0.0,0.0,0.0006194072,0.0,0.0,0.40681818,0.16239317,0.30316743,0.30316743,0.0
18156806,1,59,0.0,0.0,0.012690343,0.0,0.0,0.0,0.50427353,0.0,0.0,0.2
18162730,0,10,0.009049774,0.009049774,0.0069767167,0.0,0.4,0.52272725,0.08547009,0.61689293,1.0,0.2
18166634,2,1,0.009049774,0.009049774,0.008676386,0.0,0.2,0.6363636,0.008547009,0.013574661,0.018099548,0.2
18179554,1,10,0.054298643,0.054298643,0.035205998,0.0,0.8,0.52272725,0.08547009,0.05464671,0.09049774,0.0
18183543,1,10,0.0,0.0,0.0008435189,0.0,0.0,0.52272725,0.08547009,0.027149322,0.027149322,0.4
18190568,0,0,0.018099548,0.018099548,0.012659996,0.0,0.4,1.0,0.0,0.06244344,0.1402715,0.2
18194029,1,18,0.0,0.0,0.0045252377,0.0,0.0,0.5159091,0.15384616,0.009049774,0.009049774,0.0
18197944,1,20,0.013574661,0.013574661,0.013705203,0.0,0.4,0.26136363,0.17094018,0.011312217,0.018099548,0.0
18197971,0,29,0.004524887,0.004524887,0.003118093,0.0,0.2,0.21136364,0.24786325,0.06787331,0.08144797,0.0
18198300,0,10,0.0,0.0,0.0006610269,0.0,0.0,0.52272725,0.08547009,0.054298643,0.054298643,0.0
18199717,1,30,0.004524887,0.004524887,0.008250336,0.0,0.0,0.14772727,0.25641027,0.03846154,0.07692308,0.2
18201948,1,84,0.0,0.0,0.0030692115,0.0,0.0,0.0022727272,0.71794873,0.009049774,0.009049774,0.0
18202775,1,20,0.0,0.0,0.005196502,0.0,0.0,0.26136363,0.17094018,0.004524887,0.004524887,0.0
18208795,1,0,0.06334842,0.06334842,0.04161997,0.0,1.0,1.0,0.0,0.04193062,0.1402715,0.0
18211716,1,10,0.009049774,0.009049774,0.0134555455,0.0,0.2,0.52272725,0.08547009,0.004524887,0.009049774,0.0
18216488,1,13,0.004524887,0.004524887,0.007402526,0.0,0.2,0.13863637,0.11111111,0.018099548,0.022624435,0.0
18217662,1,18,0.0,0.0,0.003568072,0.0,0.0,0.5159091,0.15384616,0.027149322,0.027149322,0.2
18218255,1,24,0.004524887,0.004524887,0.0052718786,0.0,0.2,0.7659091,0.20512821,0.2239819,0.27149323,0.0
18220568,1,19,0.004524887,0.004524887,0.004812813,0.0,0.2,0.40681818,0.16239317,0.027149322,0.036199097,0.2
18221018,2,0,0.03167421,0.03167421,0.02062946,0.0,0.8,1.0,0.0,0.11764706,0.30316743,0.2
18225076,1,24,0.018099548,0.018099548,0.014290262,0.0,0.6,0.7659091,0.20512821,0.04162896,0.09049774,0.0
18226553,1,7,0.004524887,0.004524887,0.0070518847,0.0,0.2,0.4568182,0.05982906,0.013574661,0.013574661,0.0
18229080,1,2,0.009049774,0.009049774,0.0072587775,0.0,0.4,0.77272725,0.017094018,0.3152338,0.8733032,0.0
18229692,1,0,0.0,0.0,0.0004613354,0.0,0.0,1.0,0.0,0.1040724,0.1040724,0.2
18240461,1,7,0.004524887,0.004524887,0.0056070564,0.0,0.2,0.4568182,0.05982906,0.049773756,0.09049774,0.2
18242426,0,10,0.0,0.0,0.003339198,0.0,0.0,0.52272725,0.08547009,0.009049774,0.009049774,0.0
182563,1,1,0.009049774,0.009049774,0.012385212,0.0,0.2,0.6363636,0.008547009,0.009049774,0.018099548,0.0
18257868,2,5,0.013574661,0.013574661,0.014467407,0.0,0.2,0.1,0.042735044,0.015837105,0.03167421,0.2
18261996,1,27,0.004524887,0.004524887,0.003636019,0.0,0.2,0.25,0.23076923,0.061085973,0.07239819,0.0
18262909,1,0,0.004524887,0.004524887,0.0032525754,0.0,0.2,1.0,0.0,0.061085973,0.108597286,0.0
18263331,1,85,0.0,0.0,0.008470262,0.0,0.0,0.0022727272,0.72649574,0.004524887,0.004524887,0.2
18267236,0,15,0.004524887,0.004524887,0.006470059,0.0,0.2,0.006818182,0.12820514,0.036199097,0.06787331,0.2
18273175,1,24,0.022624435,0.022624435,0.020012967,0.0,0.4,0.7659091,0.20512821,0.07918552,0.29411766,0.0
18278088,1,3,0.004524887,0.004524887,0.004391289,0.0,0.2,0.15227273,0.025641026,0.015837105,0.022624435,0.0
18279690,0,20,0.022624435,0.022624435,0.017523937,0.0,0.4,0.26136363,0.17094018,0.023378583,0.036199097,0.0
18279744,1,5,0.009049774,0.009049774,0.0100521445,0.0,0.2,0.1,0.042735044,0.013574661,0.018099548,0.0
18280014,1,86,0.0,0.0,0.012690343,0.0,0.0,0.0,0.73504275,0.0,0.0,0.0
18288362,1,2,0.004524887,0.004524887,0.003932928,0.0,0.2,0.77272725,0.017094018,0.042986427,0.07692308,0.2
18294221,1,24,0.013574661,0.013574661,0.0134136565,0.0,0.2,0.7659091,0.20512821,0.01923077,0.04524887,0.0
18301693,1,78,0.004524887,0.004524887,0.018041667,0.0,0.0,0.0045454544,0.6666667,0.0022624435,0.004524887,0.6
18311970,0,4,0.0,0.0,0.0011076122,0.0,0.0,0.19090909,0.034188036,0.07692308,0.07692308,0.2
18317966,2,19,0.004524887,0.004524887,0.0041747857,0.0,0.2,0.40681818,0.16239317,0.06561086,0.11764706,0.2
18326035,0,30,0.07692308,0.07692308,0.06414043,0.0,0.8,0.14772727,0.25641027,0.06887884,0.5972851,0.2
18327631,1,24,0.027149322,0.027149322,0.027548015,0.0,0.4,0.7659091,0.20512821,0.020685198,0.06334842,0.2
18331325,1,7,0.0,0.0,0.0029614225,0.0,0.0,0.4568182,0.05982906,0.013574661,0.013574661,0.0
1833431,1,9,0.0,0.0,0.0018812085,0.0,0.0,0.23636363,0.07692308,0.040723983,0.040723983,0.0
18335602,1,0,0.054298643,0.054298643,0.036941607,0.0,0.8,1.0,0.0,0.082492165,0.29411766,0.0
18336787,2,0,0.009049774,0.009049774,0.00827048,0.0,0.2,1.0,0.0,0.2428356,0.5972851,0.0
18338903,0,8,0.0,0.0,0.0009863961,0.0,0.0,0.15454546,0.06837607,0.14932127,0.14932127,0.2
18343473,1,0,0.004524887,0.004524887,0.003698943,0.0,0.2,1.0,0.0,0.07239819,0.11312217,0.0
18349132,0,1,0.0,0.0,0.0012710884,0.0,0.0,0.6363636,0.008547009,1.0,1.0,0.2
18350445,1,20,0.0,0.0,0.0025755123,0.0,0.0,0.26136363,0.17094018,0.027149322,0.027149322,0.0
18352189,0,29,0.0,0.0,0.0049949577,0.0,0.0,0.21136364,0.24786325,0.004524887,0.004524887,0.2
18353496,1,0,0.07692308,0.07692308,0.048551966,0.0,1.0,1.0,0.0,0.06460533,0.19004525,0.0
18354470,1,3,0.009049774,0.009049774,0.013736861,0.0,0.2,0.15227273,0.025641026,0.007541478,0.018099548,0.4
18360110,1,10,0.027149322,0.027149322,0.018029643,0.0,0.8,0.52272725,0.08547009,0.13251455,0.29411766,0.0
18361955,1,30,0.004524887,0.004524887,0.004070539,0.0,0.2,0.14772727,0.25641027,0.0520362,0.07692308,0.4
18362842,1,87,0.0,0.0,0.0040793484,0.0,0.0,0.022727273,0.74358976,0.018099548,0.018099548,0.0
18366220,1,88,0.0,0.0,0.012690343,0.0,0.0,0.0,0.75213677,0.0,0.0,0.2
18380360,1,18,0.004524887,0.004524887,0.0049759257,0.0,0.2,0.5159091,0.15384616,0.07692308,0.13122173,0.0
18382715,1,0,0.0,0.0,0.0005158544,0.0,0.0,1.0,0.0,0.04524887,0.04524887,0.0
18390476,1,2,0.0,0.0,0.002714443,0.0,0.0,0.77272725,0.017094018,0.004524887,0.004524887,0.2
18392870,1,22,0.004524887,0.004524887,0.010137232,0.0,0.0,0.19772728,0.18803419,0.004524887,0.009049774,0.0
18398842,1,0,0.03167421,0.03167421,0.01960573,0.0,1.0,1.0,0.0,0.12952489,0.25791857,0.2
18402562,1,0,0.004524887,0.004524887,0.007508719,0.0,0.0,1.0,0.0,0.03846154,0.07692308,0.2
18403763,1,29,0.004524887,0.004524887,0.004170375,0.0,0.2,0.21136364,0.24786325,0.08597285,0.13574661,0.0
18405034,1,13,0.009049774,0.009049774,0.0076182154,0.0,0.4,0.13863637,0.11111111,0.09954751,0.25791857,0.2
18413484,1,3,0.022624435,0.022624435,0.017043553,0.0,0.6,0.15227273,0.025641026,0.07616893,0.29411766,0.0
18413922,0,29,0.009049774,0.009049774,0.0065195635,0.0,0.4,0.21136364,0.24786325,0.16440423,0.280543,0.2
18416284,1,2,0.013574661,0.013574661,0.010110183,0.0,0.6,0.77272725,0.017094018,0.27828056,0.8733032,0.0
18419709,1,18,0.004524887,0.004524887,0.0047359834,0.0,0.2,0.5159091,0.15384616,0.07239819,0.08597285,0.2
18441690,1,11,0.0,0.0,0.012690343,0.0,0.0,0.0,0.094017096,0.0,0.0,0.0
18444724,1,10,0.004524887,0.004524887,0.0059308107,0.0,0.2,0.52272725,0.08547009,0.009049774,0.013574661,0.2
18446235,1,89,0.0,0.0,0.012690343,0.0,0.0,0.0,0.7606838,0.0,0.0,0.2
18448748,0,15,0.004524887,0.004524887,0.008480257,0.0,0.2,0.006818182,0.12820514,0.004524887,0.004524887,0.2
18454132,0,30,0.0,0.0,0.0010850447,0.0,0.0,0.14772727,0.25641027,0.07692308,0.07692308,0.2
18454167,1,20,0.013574661,0.013574661,0.013004187,0.0,0.4,0.26136363,0.17094018,0.09728507,0.33484164,0.0
18462658,0,29,0.0,0.0,0.0011573986,0.0,0.0,0.21136364,0.24786325,0.036199097,0.036199097,0.0
18470677,1,1,0.004524887,0.004524887,0.011323578,0.0,0.0,0.6363636,0.008547009,0.004524887,0.009049774,0.2
18475357,1,21,0.0,0.0,0.0028285852,0.0,0.0,0.125,0.17948718,0.009049774,0.009049774,0.0
18479406,0,17,0.013574661,0.013574661,0.011180327,0.0,0.4,0.15227273,0.14529915,0.08597285,0.15384616,0.0
18481392,1,18,0.004524887,0.004524887,0.013831327,0.0,0.0,0.5159091,0.15384616,0.004524887,0.009049774,0.0
18485036,0,20,0.004524887,0.004524887,0.005774183,0.0,0.2,0.26136363,0.17094018,0.047511313,0.07692308,0.0
18490620,1,0,0.036199097,0.036199097,0.02395656,0.0,1.0,1.0,0.0,0.13323279,0.5972851,0.2
18503945,1,10,0.0,0.0,0.0011387942,0.0,0.0,0.52272725,0.08547009,0.027149322,0.027149322,0.0
18506582,0,1,0.0,0.0,0.0012710884,0.0,0.0,0.6363636,0.008547009,1.0,1.0,0.0
18516935,1,2,0.009049774,0.009049774,0.0068466533,0.0,0.4,0.77272725,0.017094018,0.030165913,0.04524887,0.2
18521819,2,19,0.0,0.0,0.00064168393,0.0,0.0,0.40681818,0.16239317,0.040723983,0.040723983,0.2
18529500,1,2,0.022624435,0.022624435,0.018317936,0.0,0.4,0.77272725,0.017094018,0.17722474,0.8733032,0.4
18531868,1,23,0.004524887,0.004524887,0.018041667,0.0,0.0,0.0045454544,0.1965812,0.0022624435,0.004524887,0.0
18532459,1,1,0.0,0.0,0.004426659,0.0,0.0,0.6363636,0.008547009,0.009049774,0.009049774,0.2
18535985,1,0,0.013574661,0.013574661,0.009526472,0.0,0.4,1.0,0.0,0.093891405,0.29411766,0.2
18536192,1,0,0.0,0.0,0.000447579,0.0,0.0,1.0,0.0,0.07239819,0.07239819,0.0
18551792,1,7,0.004524887,0.004524887,0.00734727,0.0,0.2,0.4568182,0.05982906,0.015837105,0.018099548,0.2
18551889,1,10,0.0,0.0,0.0004000022,0.0,0.0,0.52272725,0.08547009,0.18099548,0.18099548,0.0
18552677,1,27,0.018099548,0.018099548,0.01694436,0.0,0.4,0.25,0.23076923,0.15656109,0.5972851,0.0
18555730,1,20,0.022624435,0.022624435,0.026885826,0.0,0.4,0.26136363,0.17094018,0.040723983,0.1764706,0.0
18555743,1,0,0.0,0.0,0.0003761503,0.0,0.0,1.0,0.0,0.06334842,0.06334842,0.2
18559873,0,27,0.022624435,0.022624435,0.020978836,0.0,0.4,0.25,0.23076923,0.22624435,1.0,0.0
18567925,1,0,0.0,0.0,0.0028638516,0.0,0.0,1.0,0.0,0.004524887,0.004524887,0.0
18581150,1,7,0.0,0.0,0.0023707745,0.0,0.0,0.4568182,0.05982906,0.022624435,0.022624435,0.2
18581294,1,9,0.036199097,0.036199097,0.026202317,0.0,0.6,0.23636363,0.07692308,0.04524887,0.16742082,0.0
18581681,1,7,0.009049774,0.009049774,0.009623519,0.0,0.2,0.4568182,0.05982906,0.30165914,0.8733032,0.2
18582171,1,21,0.0,0.0,0.0009950122,0.0,0.0,0.125,0.17948718,0.11764706,0.11764706,0.2
18584267,1,19,0.013574661,0.013574661,0.012826907,0.0,0.4,0.40681818,0.16239317,0.1561086,0.33484164,0.2
18585448,1,17,0.018099548,0.018099548,0.01771342,0.0,0.4,0.15227273,0.14529915,0.02443439,0.06787331,0.0
18586159,0,10,0.004524887,0.004524887,0.011780289,0.0,0.0,0.52272725,0.08547009,0.004524887,0.009049774,0.0
18589172,2,19,0.0,0.0,0.0006194072,0.0,0.0,0.40681818,0.16239317,0.30316743,0.30316743,0.2
18593382,0,29,0.0,0.0,0.00034738707,0.0,0.0,0.21136364,0.24786325,0.08144797,0.08144797,0.2
18594226,0,38,0.013574661,0.013574661,0.012633274,0.0,0.4,0.07727273,0.32478634,0.03846154,0.07692308,0.0
18595063,0,1,0.0,0.0,0.0012710884,0.0,0.0,0.6363636,0.008547009,1.0,1.0,0.0
18602421,0,38,0.07692308,0.07692308,0.05951469,0.0,0.8,0.07727273,0.32478634,0.06711916,0.5972851,0.2
18606802,0,2,0.0,0.0,0.004502199,0.0,0.0,0.77272725,0.017094018,0.004524887,0.004524887,0.0
18608117,1,84,0.0,0.0,0.0030692115,0.0,0.0,0.0022727272,0.71794873,0.009049774,0.009049774,0.0
18610863,1,7,0.009049774,0.009049774,0.013715921,0.0,0.2,0.4568182,0.05982906,0.03167421,0.09049774,0.4
18617401,1,0,0.0,0.0,0.0014453471,0.0,0.0,1.0,0.0,0.013574661,0.013574661,0.2
18619137,0,22,0.0,0.0,0.00092515594,0.0,0.0,0.19772728,0.18803419,0.040723983,0.040723983,0.2
18619708,1,10,0.004524887,0.004524887,0.0034620182,0.0,0.2,0.52272725,0.08547009,0.0520362,0.07692308,0.0
18623167,1,5,0.0,0.0,0.00074027566,0.0,0.0,0.1,0.042735044,0.049773756,0.049773756,0.0
18624195,1,24,0.0,0.0,0.0014036436,0.0,0.0,0.7659091,0.20512821,0.33484164,0.33484164,0.0
18628195,1,18,0.004524887,0.004524887,0.0066389334,0.0,0.2,0.5159091,0.15384616,0.029411765,0.049773756,0.2
18629050,1,29,0.0,0.0,0.0012199358,0.0,0.0,0.21136364,0.24786325,0.036199097,0.036199097,0.2
18635869,1,18,0.009049774,0.009049774,0.010072052,0.0,0.2,0.5159091,0.15384616,0.052790347,0.13122173,0.6
18636844,1,7,0.004524887,0.004524887,0.0077464245,0.0,0.2,0.4568182,0.05982906,0.009049774,0.013574661,0.0
18637875,1,0,0.004524887,0.004524887,0.0034224112,0.0,0.2,1.0,0.0,0.06561086,0.07692308,0.4
18638637,1,24,0.004524887,0.004524887,0.010249621,0.0,0.0,0.7659091,0.20512821,0.004524887,0.009049774,0.2
18645243,0,27,0.049773756,0.049773756,0.050646774,0.0,0.6,0.25,0.23076923,0.16855204,1.0,0.2
18652644,1,17,0.009049774,0.009049774,0.008809098,0.0,0.4,0.15227273,0.14529915,0.39064857,1.0,0.2
18652948,1,24,0.009049774,0.009049774,0.00967637,0.0,0.4,0.7659091,0.20512821,0.018099548,0.027149322,0.0
18653078,0,26,0.0,0.0,0.012690343,0.0,0.0,0.0,0.22222222,0.0,0.0,0.0
18657917,1,18,0.0,0.0,0.001665232,0.0,0.0,0.5159091,0.15384616,0.11312217,0.11312217,0.0
18659105,0,27,0.009049774,0.009049774,0.011460175,0.0,0.2,0.25,0.23076923,0.33936653,1.0,0.0
1865971,1,20,0.004524887,0.004524887,0.006802808,0.0,0.2,0.26136363,0.17094018,0.0067873304,0.009049774,0.0
18660521,0,19,0.03167421,0.03167421,0.026940387,0.0,0.8,0.40681818,0.16239317,0.053733032,0.14479639,0.2
18668930,1,0,0.0,0.0,0.00030925154,0.0,0.0,1.0,0.0,0.08597285,0.08597285,0.0
18675144,0,9,0.022624435,0.022624435,0.01994533,0.0,0.4,0.23636363,0.07692308,0.018099548,0.049773756,0.0
18675238,1,22,0.0,0.0,0.0013181729,0.0,0.0,0.19772728,0.18803419,0.013574661,0.013574661,0.0
18676090,1,17,0.013574661,0.013574661,0.011116846,0.0,0.4,0.15227273,0.14529915,0.057692308,0.1040724,0.0
18677238,1,7,0.018099548,0.018099548,0.019460205,0.0,0.2,0.4568182,0.05982906,0.02443439,0.05882353,0.0
18693436,1,2,0.004524887,0.004524887,0.0044723456,0.0,0.2,0.77272725,0.017094018,0.095022626,0.14932127,0.0
18695536,1,24,0.022624435,0.022624435,0.021004941,0.0,0.4,0.7659091,0.20512821,0.06711916,0.33484164,0.2
18709845,1,20,0.004524887,0.004524887,0.0051162946,0.0,0.2,0.26136363,0.17094018,0.011312217,0.013574661,0.4
18716273,1,22,0.0,0.0,0.0029975346,0.0,0.0,0.19772728,0.18803419,0.018099548,0.018099548,0.4
18717493,1,21,0.0,0.0,0.003543994,0.0,0.0,0.125,0.17948718,0.013574661,0.013574661,0.0
18717494,0,0,0.004524887,0.004524887,0.0035317836,0.0,0.2,1.0,0.0,0.0882353,0.15384616,0.2
18718930,2,19,0.036199097,0.036199097,0.029147351,0.0,0.4,0.40681818,0.16239317,0.0809452,0.5972851,0.2
18721173,0,19,0.004524887,0.004524887,0.0049851425,0.0,0.2,0.40681818,0.16239317,0.027149322,0.049773756,0.0
18725918,1,1,0.0,0.0,0.0017201878,0.0,0.0,0.6363636,0.008547009,0.009049774,0.009049774,0.4
18726713,0,19,0.013574661,0.013574661,0.015508898,0.0,0.2,0.40681818,0.16239317,0.018099548,0.05882353,0.2
18734728,2,0,0.0,0.0,0.00042474174,0.0,0.0,1.0,0.0,0.16742082,0.16742082,0.0
18741333,1,0,0.0,0.0,0.0001777637,0.0,0.0,1.0,0.0,0.1402715,0.1402715,0.2
18741505,1,35,0.0,0.0,0.0015909346,0.0,0.0,0.08181818,0.2991453,0.027149322,0.027149322,0.0
18745797,0,2,0.0,0.0,0.0033026035,0.0,0.0,0.77272725,0.017094018,0.004524887,0.004524887,0.0
18746965,1,27,0.0,0.0,0.003369017,0.0,0.0,0.25,0.23076923,0.004524887,0.004524887,0.2
18760928,0,29,0.004524887,0.004524887,0.0062075555,0.0,0.2,0.21136364,0.24786325,0.0067873304,0.009049774,0.0
18762666,0,1,0.0,0.0,0.0012710884,0.0,0.0,0.6363636,0.008547009,1.0,1.0,0.0
18762748,0,22,0.0,0.0,0.0029975346,0.0,0.0,0.19772728,0.18803419,0.018099548,0.018099548,0.0
18775043,1,21,0.009049774,0.009049774,0.013730101,0.0,0.2,0.125,0.17948718,0.019607844,0.03167421,0.0
18781217,0,22,0.0,0.0,0.0017580364,0.0,0.0,0.19772728,0.18803419,0.022624435,0.022624435,0.0
18797739,1,21,0.0,0.0,0.0009950122,0.0,0.0,0.125,0.17948718,0.11764706,0.11764706,0.4
18817130,1,1,0.018099548,0.018099548,0.016957143,0.0,0.4,0.6363636,0.008547009,0.25882354,1.0,0.8
18826341,0,18,0.0,0.0,0.0015773082,0.0,0.0,0.5159091,0.15384616,0.03167421,0.03167421,0.0
18843449,0,1,0.018099548,0.018099548,0.013512665,0.0,0.6,0.6363636,0.008547009,0.34570137,1.0,0.8
18882655,0,20,0.018099548,0.018099548,0.020535268,0.0,0.2,0.26136363,0.17094018,0.21085973,1.0,0.2
18886013,1,0,0.0,0.0,0.0028892537,0.0,0.0,1.0,0.0,0.004524887,0.004524887,0.0
18888190,0,10,0.018099548,0.018099548,0.013815677,0.0,0.8,0.52272725,0.08547009,0.5420815,1.0,0.4
18895320,1,18,0.004524887,0.004524887,0.007017713,0.0,0.2,0.5159091,0.15384616,0.04524887,0.08597285,0.0
18897854,1,24,0.0,0.0,0.0014580812,0.0,0.0,0.7659091,0.20512821,0.1764706,0.1764706,0.2
18906662,1,30,0.022624435,0.022624435,0.030548736,0.0,0.2,0.14772727,0.25641027,0.022624435,0.07692308,0.2
18907487,1,19,0.004524887,0.004524887,0.003433137,0.0,0.2,0.40681818,0.16239317,0.07013575,0.09954751,0.0
18908187,1,0,0.05882353,0.05882353,0.042301986,0.0,1.0,1.0,0.0,0.051712994,0.1402715,0.0
18908676,1,14,0.022624435,0.022624435,0.015708964,0.0,0.8,0.16136363,0.11965812,0.0708899,0.1402715,0.4
18912014,1,2,0.009049774,0.009049774,0.008639752,0.0,0.2,0.77272725,0.017094018,0.025641026,0.05882353,0.2
18916680,1,0,0.0,0.0,0.0006102786,0.0,0.0,1.0,0.0,0.07692308,0.07692308,0.4
18923296,1,24,0.018099548,0.018099548,0.0231666,0.0,0.2,0.7659091,0.20512821,0.025339367,0.09049774,0.4
18925783,2,19,0.0,0.0,0.0006194072,0.0,0.0,0.40681818,0.16239317,0.30316743,0.30316743,0.0
18940999,1,7,0.0,0.0,0.0017134489,0.0,0.0,0.4568182,0.05982906,0.018099548,0.018099548,0.2
18943482,1,65,0.0,0.0,0.008470262,0.0,0.0,0.0022727272,0.5555556,0.004524887,0.004524887,0.0
18950167,0,2,0.013574661,0.013574661,0.010375494,0.0,0.4,0.77272725,0.017094018,0.12330317,0.280543,0.0
18952281,1,0,0.036199097,0.036199097,0.024871422,0.0,0.8,1.0,0.0,0.0708899,0.13122173,0.0
18953636,1,24,0.0,0.0,0.0018239741,0.0,0.0,0.7659091,0.20512821,0.06334842,0.06334842,0.2
18954398,1,1,0.06334842,0.06334842,0.062143836,0.0,0.4,0.6363636,0.008547009,0.008446456,0.018099548,0.4
18956041,1,22,0.013574661,0.013574661,0.013739806,0.0,0.4,0.19772728,0.18803419,0.03733032,0.05882353,0.2
18959428,1,13,0.004524887,0.004524887,0.0064958828,0.0,0.2,0.13863637,0.11111111,0.047511313,0.06334842,0.0
18961908,1,20,0.018099548,0.018099548,0.020060997,0.0,0.2,0.26136363,0.17094018,0.016289594,0.05882353,0.0
18968381,0,22,0.0,0.0,0.0036296735,0.0,0.0,0.19772728,0.18803419,0.004524887,0.004524887,0.0
18970302,1,30,0.0,0.0,0.0036991036,0.0,0.0,0.14772727,0.25641027,0.009049774,0.009049774,0.0
18971863,1,10,0.004524887,0.004524887,0.005159258,0.0,0.2,0.52272725,0.08547009,0.011312217,0.013574661,0.0
18975155,0,2,0.040723983,0.040723983,0.04023925,0.0,0.4,0.77272725,0.017094018,0.015384615,0.03167421,0.0
18978733,0,2,0.004524887,0.004524887,0.005751378,0.0,0.2,0.77272725,0.017094018,0.047511313,0.08144797,0.0
18982304,2,19,0.004524887,0.004524887,0.004330222,0.0,0.2,0.40681818,0.16239317,0.029411765,0.040723983,0.0
18983688,1,29,0.013574661,0.013574661,0.014541003,0.0,0.4,0.21136364,0.24786325,0.24434389,0.8733032,0.2
18988350,1,0,0.022624435,0.022624435,0.014651076,0.0,0.8,1.0,0.0,0.20512821,0.5972851,0.2
18993967,1,20,0.004524887,0.004524887,0.010262796,0.0,0.0,0.26136363,0.17094018,0.0067873304,0.013574661,0.2
19000184,1,29,0.013574661,0.013574661,0.009582966,0.0,0.6,0.21136364,0.24786325,0.050904978,0.07239819,0.0
19004086,1,2,0.022624435,0.022624435,0.015715899,0.0,0.8,0.77272725,0.017094018,0.054298643,0.14932127,0.0
19012615,1,3,0.004524887,0.004524887,0.004101767,0.0,0.2,0.15227273,0.025641026,0.033936653,0.054298643,0.0
19017473,1,7,0.0,0.0,0.004215682,0.0,0.0,0.4568182,0.05982906,0.004524887,0.004524887,0.0
19017785,1,7,0.0,0.0,0.0016515134,0.0,0.0,0.4568182,0.05982906,0.036199097,0.036199097,0.0
19021911,1,7,0.004524887,0.004524887,0.0062018484,0.0,0.2,0.4568182,0.05982906,0.042986427,0.08144797,0.2
19022050,1,0,0.013574661,0.013574661,0.010690995,0.0,0.4,1.0,0.0,0.16515838,0.5972851,0.2
19023607,1,7,0.004524887,0.004524887,0.008455798,0.0,0.0,0.4568182,0.05982906,0.033936653,0.06787331,0.0
19024376,0,10,0.009049774,0.009049774,0.008573009,0.0,0.2,0.52272725,0.08547009,0.11764706,0.30316743,0.0
19026329,1,7,0.004524887,0.004524887,0.012055643,0.0,0.0,0.4568182,0.05982906,0.004524887,0.009049774,0.2
19033871,1,17,0.004524887,0.004524887,0.009687096,0.0,0.2,0.15227273,0.14529915,0.009049774,0.013574661,0.0
19041419,0,24,0.004524887,0.004524887,0.010889952,0.0,0.0,0.7659091,0.20512821,0.0067873304,0.013574661,0.0
19041498,1,90,0.0,0.0,0.012690343,0.0,0.0,0.0,0.7692308,0.0,0.0,0.0
19042570,1,7,0.0,0.0,0.0030467985,0.0,0.0,0.4568182,0.05982906,0.018099548,0.018099548,0.2
19043458,1,17,0.018099548,0.018099548,0.015100217,0.0,0.4,0.15227273,0.14529915,0.044343892,0.11764706,0.0
19045839,0,1,0.004524887,0.004524887,0.004596656,0.0,0.2,0.6363636,0.008547009,0.9366516,1.0,0.2
19046394,0,1,0.0,0.0,0.0019558705,0.0,0.0,0.6363636,0.008547009,0.03167421,0.03167421,0.0
19050831,2,19,0.018099548,0.018099548,0.01325439,0.0,0.6,0.40681818,0.16239317,0.085067876,0.30316743,0.0
19058868,0,4,0.018099548,0.018099548,0.021887202,0.0,0.2,0.19090909,0.034188036,0.009049774,0.018099548,0.2
19063439,1,7,0.022624435,0.022624435,0.031500675,0.0,0.2,0.4568182,0.05982906,0.012820513,0.036199097,0.2
19063796,1,10,0.04524887,0.04524887,0.03705822,0.0,0.6,0.52272725,0.08547009,0.14849856,0.8733032,0.4
19070417,1,24,0.0,0.0,0.0014580812,0.0,0.0,0.7659091,0.20512821,0.1764706,0.1764706,0.0
19078792,1,7,0.0,0.0,0.0021552208,0.0,0.0,0.4568182,0.05982906,0.013574661,0.013574661,0.0
19084896,1,19,0.009049774,0.009049774,0.006762608,0.0,0.4,0.40681818,0.16239317,0.046757165,0.06787331,0.0
19087305,1,1,0.009049774,0.009049774,0.014545447,0.0,0.2,0.6363636,0.008547009,0.013574661,0.027149322,0.2
19094564,1,19,0.0,0.0,0.0015430079,0.0,0.0,0.40681818,0.16239317,0.009049774,0.009049774,0.2
19098264,1,2,0.004524887,0.004524887,0.0042881034,0.0,0.2,0.77272725,0.017094018,0.022624435,0.027149322,0.0
19099851,0,0,0.027149322,0.027149322,0.022180984,0.0,0.6,1.0,0.0,0.13639303,0.5972851,0.0
19103957,1,30,0.009049774,0.009049774,0.010058766,0.0,0.2,0.14772727,0.25641027,0.027149322,0.054298643,0.0
19105135,1,7,0.040723983,0.040723983,0.036010083,0.0,0.4,0.4568182,0.05982906,0.037556563,0.1402715,0.2
19105285,1,7,0.004524887,0.004524887,0.0059042023,0.0,0.2,0.4568182,0.05982906,0.029411765,0.049773756,0.0
19106350,1,17,0.004524887,0.004524887,0.005103255,0.0,0.2,0.15227273,0.14529915,0.16515838,0.1764706,0.2
19109577,0,1,0.0,0.0,0.0012710884,0.0,0.0,0.6363636,0.008547009,1.0,1.0,0.6
19109908,0,19,0.040723983,0.040723983,0.031733904,0.0,0.8,0.40681818,0.16239317,0.052941177,0.18099548,0.0
19110217,2,0,0.009049774,0.009049774,0.007885433,0.0,0.2,1.0,0.0,0.015082956,0.027149322,0.0
19112266,2,19,0.0,0.0,0.00035882945,0.0,0.0,0.40681818,0.16239317,0.1040724,0.1040724,0.0
19115353,1,0,0.009049774,0.009049774,0.007946533,0.0,0.4,1.0,0.0,0.036199097,0.054298643,0.0
19131792,0,1,0.022624435,0.022624435,0.021738425,0.0,0.4,0.6363636,0.008547009,0.027149322,0.054298643,0.2
19148918,1,0,0.0,0.0,0.00012620214,0.0,0.0,1.0,0.0,0.1719457,0.1719457,0.0
19154583,0,9,0.004524887,0.004524887,0.0057054926,0.0,0.2,0.23636363,0.07692308,0.018099548,0.018099548,0.0
19154612,0,1,0.009049774,0.009049774,0.011642756,0.0,0.2,0.6363636,0.008547009,0.39215687,1.0,0.0
19160730,0,2,0.004524887,0.004524887,0.0053031724,0.0,0.2,0.77272725,0.017094018,0.024886878,0.040723983,0.0
19175670,1,8,0.0,0.0,0.003561756,0.0,0.0,0.15454546,0.06837607,0.004524887,0.004524887,0.0
19176674,0,22,0.018099548,0.018099548,0.020422788,0.0,0.2,0.19772728,0.18803419,0.03800905,0.16289593,0.2
19177397,1,24,0.0,0.0,0.0012528698,0.0,0.0,0.7659091,0.20512821,0.27149323,0.27149323,0.0
19186482,1,5,0.013574661,0.013574661,0.014930887,0.0,0.2,0.1,0.042735044,0.2239819,0.8733032,0.2
19187629,1,91,0.0,0.0,0.012690343,0.0,0.0,0.0,0.7777778,0.0,0.0,0.4
19190374,1,7,0.0,0.0,0.002237173,0.0,0.0,0.4568182,0.05982906,0.018099548,0.018099548,0.6
19198433,0,47,0.0,0.0,0.012690343,0.0,0.0,0.0,0.4017094,0.0,0.0,0.2
19202226,0,19,0.009049774,0.009049774,0.0071196877,0.0,0.4,0.40681818,0.16239317,0.046757165,0.07692308,0.0
19202272,0,27,0.054298643,0.054298643,0.042747002,0.0,0.6,0.25,0.23076923,0.0372433,0.25339368,0.0
19206896,1,2,0.0,0.0,0.0016123563,0.0,0.0,0.77272725,0.017094018,0.013574661,0.013574661,0.2
19209706,1,4,0.0,0.0,0.0038869902,0.0,0.0,0.19090909,0.034188036,0.04524887,0.04524887,0.2
19215129,2,20,0.022624435,0.022624435,0.022164278,0.0,0.4,0.26136363,0.17094018,0.009049774,0.013574661,0.0
19216244,0,0,0.004524887,0.004524887,0.0051671434,0.0,0.2,1.0,0.0,0.054298643,0.1040724,0.2
19219542,1,1,0.0,0.0,0.0033190278,0.0,0.0,0.6363636,0.008547009,0.004524887,0.004524887,0.0
19224821,0,1,0.0,0.0,0.0012710884,0.0,0.0,0.6363636,0.008547009,1.0,1.0,0.2
19237148,0,25,0.0,0.0,0.00197025,0.0,0.0,0.052272726,0.21367522,0.009049774,0.009049774,0.2
19241013,1,9,0.022624435,0.022624435,0.016685583,0.0,0.6,0.23636363,0.07692308,0.04901961,0.1402715,0.0
19248432,0,10,0.013574661,0.013574661,0.011237433,0.0,0.4,0.52272725,0.08547009,0.10972851,0.30316743,0.0
19252644,1,10,0.0,0.0,0.0018745579,0.0,0.0,0.52272725,0.08547009,0.009049774,0.009049774,0.0
19264957,1,30,0.004524887,0.004524887,0.004256251,0.0,0.2,0.14772727,0.25641027,0.07692308,0.07692308,0.2
19268192,1,9,0.004524887,0.004524887,0.0035348705,0.0,0.2,0.23636363,0.07692308,0.033936653,0.036199097,0.0
19269161,1,0,0.013574661,0.013574661,0.016056556,0.0,0.2,1.0,0.0,0.022624435,0.05882353,0.0
19279528,1,30,0.004524887,0.004524887,0.005807873,0.0,0.2,0.14772727,0.25641027,0.040723983,0.07692308,0.2
19285776,0,92,0.0,0.0,0.012690343,0.0,0.0,0.0,0.7863248,0.0,0.0,0.0
19298258,1,4,0.004524887,0.004524887,0.007833375,0.0,0.2,0.19090909,0.034188036,0.033936653,0.04524887,0.2
19314095,1,24,0.004524887,0.004524887,0.0052718786,0.0,0.2,0.7659091,0.20512821,0.2239819,0.27149323,0.0
19314660,0,2,0.009049774,0.009049774,0.006659996,0.0,0.4,0.77272725,0.017094018,0.13273002,0.30316743,0.0
19315174,1,9,0.040723983,0.040723983,0.047200665,0.0,0.4,0.23636363,0.07692308,0.009049774,0.054298643,0.0
19315920,0,1,0.0,0.0,0.002001327,0.0,0.0,0.6363636,0.008547009,0.009049774,0.009049774,0.2
19320233,1,0,0.05882353,0.05882353,0.044450603,0.0,0.8,1.0,0.0,0.051389787,0.12669684,0.6
19333638,1,24,0.013574661,0.013574661,0.0147853065,0.0,0.4,0.7659091,0.20512821,0.115384616,0.27149323,0.0
19343267,1,0,0.054298643,0.054298643,0.036037203,0.0,1.0,1.0,0.0,0.055342846,0.1719457,0.0
19343291,1,10,0.009049774,0.009049774,0.008088168,0.0,0.4,0.52272725,0.08547009,0.075414784,0.18099548,0.2
19346657,0,1,0.0,0.0,0.0012710884,0.0,0.0,0.6363636,0.008547009,1.0,1.0,0.0
19346768,1,7,0.0,0.0,0.0016556073,0.0,0.0,0.4568182,0.05982906,0.018099548,0.018099548,0.0
19351120,0,9,0.0,0.0,0.0016015779,0.0,0.0,0.23636363,0.07692308,0.018099548,0.018099548,0.2
19354217,1,0,0.009049774,0.009049774,0.008142378,0.0,0.2,1.0,0.0,0.10105581,0.29411766,0.2
19357404,1,18,0.0,0.0,0.0020868352,0.0,0.0,0.5159091,0.15384616,0.07239819,0.07239819,0.4
19358432,1,4,0.018099548,0.018099548,0.02679905,0.0,0.2,0.19090909,0.034188036,0.016289594,0.07692308,0.0
19359749,2,19,0.022624435,0.022624435,0.019731155,0.0,0.4,0.40681818,0.16239317,0.0143288085,0.027149322,0.0
19360333,1,0,0.009049774,0.009049774,0.0053987796,0.0,0.4,1.0,0.0,0.34087482,0.5972851,0.4
19361498,1,7,0.0,0.0,0.0008681805,0.0,0.0,0.4568182,0.05982906,0.05882353,0.05882353,0.0
19365413,1,7,0.0,0.0,0.0034864491,0.0,0.0,0.4568182,0.05982906,0.054298643,0.054298643,0.2
19386907,1,24,0.018099548,0.018099548,0.017127456,0.0,0.6,0.7659091,0.20512821,0.17828055,0.33484164,0.2
19391596,1,7,0.036199097,0.036199097,0.039403312,0.0,0.4,0.4568182,0.05982906,0.025641026,0.09049774,0.2
19391687,1,10,0.0,0.0,0.0004000022,0.0,0.0,0.52272725,0.08547009,0.18099548,0.18099548,0.0
19391788,1,7,0.004524887,0.004524887,0.011234035,0.0,0.0,0.4568182,0.05982906,0.004524887,0.009049774,0.0
19393442,0,30,0.0,0.0,0.0007264091,0.0,0.0,0.14772727,0.25641027,0.07692308,0.07692308,0.0
19394410,2,93,0.0,0.0,0.012690343,0.0,0.0,0.0,0.7948718,0.0,0.0,0.2
19396079,1,94,0.0,0.0,0.012690343,0.0,0.0,0.0,0.8034188,0.0,0.0,0.2
19401409,1,10,0.027149322,0.027149322,0.02279706,0.0,0.4,0.52272725,0.08547009,0.051712994,0.1719457,0.0
19402839,1,30,0.009049774,0.009049774,0.008891971,0.0,0.2,0.14772727,0.25641027,0.016591253,0.027149322,0.0
19412536,1,18,0.004524887,0.004524887,0.006189215,0.0,0.2,0.5159091,0.15384616,0.06334842,0.11312217,0.0
19430884,1,24,0.018099548,0.018099548,0.020454703,0.0,0.4,0.7659091,0.20512821,0.022624435,0.06334842,0.0
19432346,2,19,0.004524887,0.004524887,0.0036167225,0.0,0.2,0.40681818,0.16239317,0.07013575,0.1040724,0.0
19444649,1,27,0.004524887,0.004524887,0.0037775803,0.0,0.2,0.25,0.23076923,0.0520362,0.054298643,0.6
19445903,1,0,0.054298643,0.054298643,0.03841972,0.0,0.8,1.0,0.0,0.07344239,0.5972851,0.0
19447907,1,7,0.009049774,0.009049774,0.008633059,0.0,0.2,0.4568182,0.05982906,0.019607844,0.022624435,0.0
19451823,1,4,0.004524887,0.004524887,0.0066107307,0.0,0.2,0.19090909,0.034188036,0.040723983,0.07692308,0.0
19457100,1,24,0.009049774,0.009049774,0.011658911,0.0,0.2,0.7659091,0.20512821,0.07993967,0.1764706,0.0
19461979,0,7,0.0,0.0,0.0057148905,0.0,0.0,0.4568182,0.05982906,0.004524887,0.004524887,0.2
19467242,1,30,0.0,0.0,0.0014111487,0.0,0.0,0.14772727,0.25641027,0.022624435,0.022624435,0.0
19477342,1,24,0.0,0.0,0.0032039306,0.0,0.0,0.7659091,0.20512821,0.004524887,0.004524887,0.0
19479061,2,19,0.027149322,0.027149322,0.024218863,0.0,0.4,0.40681818,0.16239317,0.054298643,0.30316743,0.2
19479376,0,19,0.0,0.0,0.0007943724,0.0,0.0,0.40681818,0.16239317,0.11764706,0.11764706,0.0
19484555,1,7,0.004524887,0.004524887,0.0078490535,0.0,0.2,0.4568182,0.05982906,0.009049774,0.009049774,0.0
19484754,1,22,0.009049774,0.009049774,0.011527693,0.0,0.2,0.19772728,0.18803419,0.016591253,0.036199097,0.2
19489212,1,14,0.018099548,0.018099548,0.01519995,0.0,0.4,0.16136363,0.11965812,0.03076923,0.054298643,0.0
19494042,0,1,0.0,0.0,0.0012710884,0.0,0.0,0.6363636,0.008547009,1.0,1.0,0.2
19496091,1,7,0.013574661,0.013574661,0.012191739,0.0,0.4,0.4568182,0.05982906,0.06787331,0.13574661,0.2
19499465,1,7,0.009049774,0.009049774,0.0090708975,0.0,0.2,0.4568182,0.05982906,0.025641026,0.040723983,0.2
19503548,1,24,0.0,0.0,0.00069255364,0.0,0.0,0.7659091,0.20512821,0.07239819,0.07239819,0.2
19504234,0,1,0.0,0.0,0.0012710884,0.0,0.0,0.6363636,0.008547009,1.0,1.0,0.2
19519102,1,24,0.004524887,0.004524887,0.008742934,0.0,0.0,0.7659091,0.20512821,0.16742082,0.33484164,0.0
19520915,1,52,0.0,0.0,0.012690343,0.0,0.0,0.0,0.44444445,0.0,0.0,0.4
19524140,1,21,0.004524887,0.004524887,0.0052382452,0.0,0.2,0.125,0.17948718,0.095022626,0.1764706,0.4
19529802,1,7,0.054298643,0.054298643,0.08841533,0.0,0.2,0.4568182,0.05982906,0.0017403411,0.009049774,0.0
19535157,1,14,0.0,0.0,0.0026914456,0.0,0.0,0.16136363,0.11965812,0.009049774,0.009049774,0.2
19539658,1,0,0.013574661,0.013574661,0.010597204,0.0,0.4,1.0,0.0,0.049773756,0.12669684,0.2
19543485,2,10,0.004524887,0.004524887,0.0033158294,0.0,0.2,0.52272725,0.08547009,0.0520362,0.06334842,0.4
19544422,1,22,0.009049774,0.009049774,0.010481042,0.0,0.2,0.19772728,0.18803419,0.012066365,0.013574661,0.2
19546355,1,10,0.0,0.0,0.003329156,0.0,0.0,0.52272725,0.08547009,0.013574661,0.013574661,0.6
19549139,1,10,0.004524887,0.004524887,0.0036134112,0.0,0.2,0.52272725,0.08547009,0.15158372,0.25339368,0.0
19552939,1,10,0.009049774,0.009049774,0.009454316,0.0,0.2,0.52272725,0.08547009,0.007541478,0.009049774,0.2
1955631,1,2,0.004524887,0.004524887,0.0041746963,0.0,0.2,0.77272725,0.017094018,0.44570136,0.8733032,0.0
19564125,1,8,0.018099548,0.018099548,0.019574773,0.0,0.2,0.15454546,0.06837607,0.025339367,0.09049774,0.0
19570101,0,1,0.0,0.0,0.0012710884,0.0,0.0,0.6363636,0.008547009,1.0,1.0,0.0
19584156,1,22,0.0,0.0,0.002116852,0.0,0.0,0.19772728,0.18803419,0.013574661,0.013574661,0.2
19588662,1,3,0.009049774,0.009049774,0.011558104,0.0,0.2,0.15227273,0.025641026,0.01055807,0.022624435,0.2
19607062,1,24,0.0,0.0,0.003611136,0.0,0.0,0.7659091,0.20512821,0.009049774,0.009049774,0.0
19608617,1,2,0.004524887,0.004524887,0.0042110155,0.0,0.2,0.77272725,0.017094018,0.47737557,0.8733032,0.0
19609221,0,5,0.009049774,0.009049774,0.008424864,0.0,0.2,0.1,0.042735044,0.07993967,0.18099548,0.0
19609948,2,19,0.013574661,0.013574661,0.009616417,0.0,0.6,0.40681818,0.16239317,0.12782806,0.30316743,0.0
19621874,0,30,0.0,0.0,0.0010850447,0.0,0.0,0.14772727,0.25641027,0.07692308,0.07692308,0.0
19624059,0,0,0.25791857,0.25791857,0.18507543,0.0,1.0,1.0,0.0,0.040880013,0.25339368,0.4
19624691,1,1,0.009049774,0.009049774,0.008627828,0.0,0.2,0.6363636,0.008547009,0.30015084,0.8733032,0.0
19634279,1,25,0.004524887,0.004524887,0.0062192315,0.0,0.2,0.052272726,0.21367522,0.013574661,0.018099548,0.0
19645587,1,7,0.0,0.0,0.0025848034,0.0,0.0,0.4568182,0.05982906,0.009049774,0.009049774,0.2
19649695,0,2,0.013574661,0.013574661,0.013367369,0.0,0.2,0.77272725,0.017094018,0.023755657,0.05882353,0.0
19650585,1,24,0.004524887,0.004524887,0.0089070005,0.0,0.0,0.7659091,0.20512821,0.020361992,0.040723983,0.0
19661200,2,25,0.004524887,0.004524887,0.009691246,0.0,0.0,0.052272726,0.21367522,0.0067873304,0.009049774,0.2
19664443,1,20,0.0,0.0,0.0015804664,0.0,0.0,0.26136363,0.17094018,0.013574661,0.013574661,0.4
19667401,1,24,0.004524887,0.004524887,0.005747373,0.0,0.2,0.7659091,0.20512821,0.1764706,0.33484164,0.2
19667423,1,7,0.0,0.0,0.00402357,0.0,0.0,0.4568182,0.05982906,0.009049774,0.009049774,0.2
19670016,1,22,0.004524887,0.004524887,0.0037094268,0.0,0.2,0.19772728,0.18803419,0.07013575,0.08597285,0.2
19679411,1,24,0.022624435,0.022624435,0.021880014,0.0,0.6,0.7659091,0.20512821,0.13122173,0.33484164,0.0
19686924,2,19,0.30316743,0.30316743,0.24853796,0.0,0.8,0.40681818,0.16239317,0.031807292,0.5972851,0.4
19693207,0,9,0.0,0.0,0.00091026875,0.0,0.0,0.23636363,0.07692308,0.040723983,0.040723983,0.0
19712980,0,87,0.009049774,0.009049774,0.010859446,0.0,0.2,0.022727273,0.74358976,0.02111614,0.036199097,0.2
19720889,0,1,0.009049774,0.009049774,0.008714713,0.0,0.2,0.6363636,0.008547009,0.022624435,0.036199097,0.0
19722414,1,2,0.004524887,0.004524887,0.0036382645,0.0,0.2,0.77272725,0.017094018,0.061085973,0.06787331,0.0
19725084,1,14,0.004524887,0.004524887,0.0067566065,0.0,0.2,0.16136363,0.11965812,0.020361992,0.027149322,0.0
19732108,0,27,0.004524887,0.004524887,0.010936238,0.0,0.0,0.25,0.23076923,0.0067873304,0.013574661,0.2
19739122,0,2,0.013574661,0.013574661,0.011961485,0.0,0.4,0.77272725,0.017094018,0.27375567,1.0,0.2
19744614,1,10,0.0,0.0,0.0020151648,0.0,0.0,0.52272725,0.08547009,0.018099548,0.018099548,0.2
19745574,2,19,0.022624435,0.022624435,0.01616753,0.0,0.6,0.40681818,0.16239317,0.101809956,0.30316743,0.0
19748714,0,1,0.0,0.0,0.0012710884,0.0,0.0,0.6363636,0.008547009,1.0,1.0,0.4
19750906,1,20,0.004524887,0.004524887,0.0052260263,0.0,0.2,0.26136363,0.17094018,0.015837105,0.022624435,0.2
19753032,2,63,0.0,0.0,0.012690343,0.0,0.0,0.0,0.53846157,0.0,0.0,0.0
19757493,1,24,0.027149322,0.027149322,0.022065511,0.0,0.6,0.7659091,0.20512821,0.116354235,0.33484164,0.0
19764560,1,2,0.0,0.0,0.00076464063,0.0,0.0,0.77272725,0.017094018,0.8733032,0.8733032,0.0
19765005,0,29,0.022624435,0.022624435,0.023577139,0.0,0.4,0.21136364,0.24786325,0.036199097,0.1719457,0.2
19770634,0,29,0.004524887,0.004524887,0.0061256685,0.0,0.2,0.21136364,0.24786325,0.5022625,1.0,0.2
19779229,1,18,0.013574661,0.013574661,0.014667904,0.0,0.4,0.5159091,0.15384616,0.057692308,0.11312217,0.0
19779249,0,20,0.009049774,0.009049774,0.008375393,0.0,0.2,0.26136363,0.17094018,0.030165913,0.049773756,0.0
19782176,0,17,0.018099548,0.018099548,0.020686299,0.0,0.4,0.15227273,0.14529915,0.017194571,0.05882353,0.4
19787521,0,0,0.022624435,0.022624435,0.014982154,0.0,0.8,1.0,0.0,0.09653092,0.15384616,0.0
19791945,1,19,0.022624435,0.022624435,0.016269695,0.0,0.6,0.40681818,0.16239317,0.12895928,0.5972851,0.0
19792412,1,19,0.013574661,0.013574661,0.009261578,0.0,0.6,0.40681818,0.16239317,0.09615385,0.12669684,0.4
19801854,1,0,0.0,0.0,0.0015279854,0.0,0.0,1.0,0.0,0.018099548,0.018099548,0.4
19803042,1,5,0.004524887,0.004524887,0.004124997,0.0,0.2,0.1,0.042735044,0.054298643,0.095022626,0.0
19808025,0,0,0.049773756,0.049773756,0.031792104,0.0,1.0,1.0,0.0,0.08861237,0.29411766,0.0
19849576,1,95,0.0,0.0,0.012690343,0.0,0.0,0.0,0.8119658,0.0,0.0,0.0
19860841,1,18,0.0,0.0,0.003568072,0.0,0.0,0.5159091,0.15384616,0.027149322,0.027149322,0.4
19896151,1,0,0.0,0.0,0.00037158033,0.0,0.0,1.0,0.0,0.049773756,0.049773756,0.0
19896681,1,7,0.0,0.0,0.0021204646,0.0,0.0,0.4568182,0.05982906,0.013574661,0.013574661,0.4
19904805,1,96,0.004524887,0.004524887,0.007100636,0.0,0.0,0.0022727272,0.82051283,0.0520362,0.09954751,0.2
19926939,1,35,0.004524887,0.004524887,0.013861912,0.0,0.0,0.08181818,0.2991453,0.0022624435,0.004524887,0.0
19935554,1,18,0.0,0.0,0.0020868352,0.0,0.0,0.5159091,0.15384616,0.07239819,0.07239819,0.2
19942754,1,24,0.06334842,0.06334842,0.06789389,0.0,0.6,0.7659091,0.20512821,0.05882353,0.33484164,0.0
19954665,1,20,0.009049774,0.009049774,0.009899459,0.0,0.2,0.26136363,0.17094018,0.013574661,0.027149322,0.2
19956215,1,0,0.0,0.0,0.0031473346,0.0,0.0,1.0,0.0,0.004524887,0.004524887,0.0
19960087,1,2,0.0,0.0,0.0002579398,0.0,0.0,0.77272725,0.017094018,0.07692308,0.07692308,0.0
19991155,1,7,0.027149322,0.027149322,0.029098863,0.0,0.4,0.4568182,0.05982906,0.032320622,0.13574661,0.2
20011468,1,24,0.0,0.0,0.0014036436,0.0,0.0,0.7659091,0.20512821,0.33484164,0.33484164,0.0
20019278,1,24,0.0,0.0,0.0014036436,0.0,0.0,0.7659091,0.20512821,0.33484164,0.33484164,0.0
20021195,1,10,0.004524887,0.004524887,0.0038727156,0.0,0.2,0.52272725,0.08547009,0.018099548,0.018099548,0.2
20024547,1,24,0.004524887,0.004524887,0.005217441,0.0,0.2,0.7659091,0.20512821,0.30316743,0.33484164,0.0
20026791,0,24,0.004524887,0.004524887,0.008827536,0.0,0.0,0.7659091,0.20512821,0.0882353,0.1764706,0.0
20035061,1,18,0.0,0.0,0.0029468697,0.0,0.0,0.5159091,0.15384616,0.013574661,0.013574661,0.0
20065266,2,25,0.013574661,0.013574661,0.012980986,0.0,0.4,0.052272726,0.21367522,0.029411765,0.07239819,0.2
20077017,1,9,0.004524887,0.004524887,0.007980158,0.0,0.0,0.23636363,0.07692308,0.020361992,0.040723983,0.2
20082550,1,27,0.0,0.0,0.0003015937,0.0,0.0,0.25,0.23076923,0.11764706,0.11764706,0.2
20086401,1,30,0.009049774,0.009049774,0.0072806957,0.0,0.4,0.14772727,0.25641027,0.078431375,0.08144797,0.2
20088940,1,3,0.0,0.0,0.0016179313,0.0,0.0,0.15227273,0.025641026,0.013574661,0.013574661,0.0
20091551,2,19,0.0,0.0,0.0006194072,0.0,0.0,0.40681818,0.16239317,0.30316743,0.30316743,0.0
20109855,1,17,0.004524887,0.004524887,0.009142012,0.0,0.0,0.15227273,0.14529915,0.0067873304,0.013574661,0.4
20112492,1,10,0.0,0.0,0.0020151648,0.0,0.0,0.52272725,0.08547009,0.018099548,0.018099548,0.0
20113397,1,19,0.013574661,0.013574661,0.010270486,0.0,0.4,0.40681818,0.16239317,0.11312217,0.30316743,0.0
20150376,1,1,0.0,0.0,0.001239505,0.0,0.0,0.6363636,0.008547009,0.06334842,0.06334842,0.2
20154719,0,17,0.0,0.0,0.0033850386,0.0,0.0,0.15227273,0.14529915,0.009049774,0.009049774,0.0
20158964,1,30,0.0,0.0,0.0010850447,0.0,0.0,0.14772727,0.25641027,0.07692308,0.07692308,0.0
20164970,1,24,0.013574661,0.013574661,0.012185102,0.0,0.4,0.7659091,0.20512821,0.18438914,0.33484164,0.0
20168604,0,0,0.004524887,0.004524887,0.0058035944,0.0,0.2,1.0,0.0,0.009049774,0.013574661,0.0
20183009,1,29,0.009049774,0.009049774,0.016672835,0.0,0.0,0.21136364,0.24786325,0.01055807,0.03167421,0.2
20195474,1,30,0.0,0.0,0.0017886538,0.0,0.0,0.14772727,0.25641027,0.009049774,0.009049774,0.0
20199054,1,21,0.004524887,0.004524887,0.012962438,0.0,0.0,0.125,0.17948718,0.0022624435,0.004524887,0.0
20199133,1,97,0.0,0.0,0.012690343,0.0,0.0,0.0,0.82905984,0.0,0.0,0.2
20203570,1,24,0.022624435,0.022624435,0.021339262,0.0,0.4,0.7659091,0.20512821,0.11161388,0.33484164,0.0
20205482,0,27,0.0,0.0,0.0020724516,0.0,0.0,0.25,0.23076923,0.018099548,0.018099548,0.4
20210157,0,1,0.027149322,0.027149322,0.02628584,0.0,0.4,0.6363636,0.008547009,0.016160311,0.022624435,0.2
20214703,1,24,0.004524887,0.004524887,0.005217441,0.0,0.2,0.7659091,0.20512821,0.30316743,0.33484164,0.2
20220400,1,2,0.004524887,0.004524887,0.0045084856,0.0,0.2,0.77272725,0.017094018,0.03846154,0.040723983,0.0
20234402,1,17,0.0,0.0,0.0050344444,0.0,0.0,0.15227273,0.14529915,0.004524887,0.004524887,0.2
20236489,1,7,0.004524887,0.004524887,0.0040158676,0.0,0.2,0.4568182,0.05982906,0.07466064,0.1402715,0.0
20244205,1,2,0.013574661,0.013574661,0.027831402,0.0,0.0,0.77272725,0.017094018,0.0011312218,0.004524887,0.0
20253599,2,19,0.004524887,0.004524887,0.007189981,0.0,0.0,0.40681818,0.16239317,0.022624435,0.04524887,0.2
20268544,1,2,0.0,0.0,0.0034129831,0.0,0.0,0.77272725,0.017094018,0.004524887,0.004524887,0.0
20274736,1,27,0.0,0.0,0.00052745675,0.0,0.0,0.25,0.23076923,0.03167421,0.03167421,0.0
20283,1,17,0.009049774,0.009049774,0.016057553,0.0,0.2,0.15227273,0.14529915,0.0030165913,0.004524887,0.0
20285007,1,14,0.004524887,0.004524887,0.0053441906,0.0,0.2,0.16136363,0.11965812,0.024886878,0.027149322,0.2
20288478,1,4,0.0,0.0,0.0038869902,0.0,0.0,0.19090909,0.034188036,0.04524887,0.04524887,0.0
20297525,0,1,0.0,0.0,0.0012710884,0.0,0.0,0.6363636,0.008547009,1.0,1.0,0.2
20300556,1,22,0.0,0.0,0.0027955223,0.0,0.0,0.19772728,0.18803419,0.009049774,0.009049774,0.0
20311466,1,30,0.0,0.0,0.0019684252,0.0,0.0,0.14772727,0.25641027,0.009049774,0.009049774,0.4
20322060,1,9,0.009049774,0.009049774,0.01004082,0.0,0.2,0.23636363,0.07692308,0.022624435,0.05882353,0.0
20322928,0,10,0.0,0.0,0.00056172616,0.0,0.0,0.52272725,0.08547009,0.30316743,0.30316743,0.2
20325190,1,0,0.040723983,0.040723983,0.027764797,0.0,1.0,1.0,0.0,0.12895928,0.5972851,0.0
20346756,1,0,0.0,0.0,0.0029112187,0.0,0.0,1.0,0.0,0.004524887,0.004524887,0.0
20351750,1,14,0.0,0.0,0.0046404614,0.0,0.0,0.16136363,0.11965812,0.009049774,0.009049774,0.0
20352155,0,1,0.04524887,0.04524887,0.037787,0.0,0.4,0.6363636,0.008547009,0.014808721,0.040723983,0.2
20355846,2,19,0.013574661,0.013574661,0.010611076,0.0,0.4,0.40681818,0.16239317,0.1979638,0.5972851,0.0
20370618,1,5,0.0,0.0,0.0020490298,0.0,0.0,0.1,0.042735044,0.013574661,0.013574661,0.4
20370789,0,38,0.0,0.0,0.0016081957,0.0,0.0,0.07727273,0.32478634,0.009049774,0.009049774,0.0
20378448,2,19,0.009049774,0.009049774,0.008814139,0.0,0.2,0.40681818,0.16239317,0.009049774,0.013574661,0.0
20384431,1,24,0.0,0.0,0.0009991354,0.0,0.0,0.7659091,0.20512821,0.040723983,0.040723983,0.0
20385558,1,24,0.0,0.0,0.0025088121,0.0,0.0,0.7659091,0.20512821,0.013574661,0.013574661,0.0
20402581,1,0,0.022624435,0.022624435,0.013953639,0.0,0.8,1.0,0.0,0.10482655,0.25791857,0.4
20411676,1,7,0.0,0.0,0.003917577,0.0,0.0,0.4568182,0.05982906,0.009049774,0.009049774,0.0
20414967,1,10,0.06787331,0.06787331,0.051650837,0.0,0.6,0.52272725,0.08547009,0.039309956,0.25339368,0.0
20417378,1,24,0.013574661,0.013574661,0.014571313,0.0,0.4,0.7659091,0.20512821,0.035067875,0.06334842,0.2
20418312,1,0,0.0,0.0,0.00010382775,0.0,0.0,1.0,0.0,0.19004525,0.19004525,0.0
20420442,1,1,0.013574661,0.013574661,0.010886824,0.0,0.4,0.6363636,0.008547009,0.07918552,0.21719457,0.0
20466461,0,2,0.036199097,0.036199097,0.027004587,0.0,0.8,0.77272725,0.017094018,0.19457014,0.8733032,0.4
20468744,1,20,0.0,0.0,0.0017297606,0.0,0.0,0.26136363,0.17094018,0.018099548,0.018099548,0.4
20473453,1,25,0.009049774,0.009049774,0.008935725,0.0,0.2,0.052272726,0.21367522,0.06636501,0.16742082,0.0
20478132,0,0,0.036199097,0.036199097,0.02530083,0.0,0.8,1.0,0.0,0.0809452,0.25791857,0.0
20494264,1,5,0.009049774,0.009049774,0.010038015,0.0,0.2,0.1,0.042735044,0.018099548,0.040723983,0.4
20504742,1,0,0.0,0.0,0.00010382775,0.0,0.0,1.0,0.0,0.19004525,0.19004525,0.0
20510315,1,17,0.0,0.0,0.00082721625,0.0,0.0,0.15227273,0.14529915,0.05882353,0.05882353,0.0
20529138,0,22,0.004524887,0.004524887,0.005838668,0.0,0.2,0.19772728,0.18803419,0.024886878,0.040723983,0.2
20529281,0,9,0.009049774,0.009049774,0.006945799,0.0,0.4,0.23636363,0.07692308,0.12368024,0.30316743,0.0
20536317,1,20,0.013574661,0.013574661,0.0122600235,0.0,0.4,0.26136363,0.17094018,0.024886878,0.054298643,0.0
20537065,1,24,0.013574661,0.013574661,0.015611168,0.0,0.4,0.7659091,0.20512821,0.018099548,0.03167421,0.0
20548784,0,10,0.018099548,0.018099548,0.014060158,0.0,0.8,0.52272725,0.08547009,0.5176471,1.0,0.0
20567161,1,27,0.049773756,0.049773756,0.03961247,0.0,0.6,0.25,0.23076923,0.018853696,0.04524887,0.2
20567252,1,4,0.0,0.0,0.0038869902,0.0,0.0,0.19090909,0.034188036,0.04524887,0.04524887,0.2
20570095,1,29,0.009049774,0.009049774,0.0076466617,0.0,0.2,0.21136364,0.24786325,0.030165913,0.05882353,0.0
20573668,1,0,0.036199097,0.036199097,0.024736507,0.0,0.8,1.0,0.0,0.06887884,0.1402715,0.0
20576509,1,7,0.022624435,0.022624435,0.021874975,0.0,0.4,0.4568182,0.05982906,0.03167421,0.08144797,0.0
20579309,1,21,0.027149322,0.027149322,0.03320337,0.0,0.2,0.125,0.17948718,0.010342599,0.018099548,0.0
20596035,0,8,0.0,0.0,0.0009863961,0.0,0.0,0.15454546,0.06837607,0.14932127,0.14932127,0.0
20599451,0,45,0.0,0.0,0.012690343,0.0,0.0,0.0,0.3846154,0.0,0.0,0.0
20607973,1,18,0.004524887,0.004524887,0.00752351,0.0,0.2,0.5159091,0.15384616,0.049773756,0.07239819,0.0
20613460,1,10,0.0,0.0,0.0014724289,0.0,0.0,0.52272725,0.08547009,0.03167421,0.03167421,0.4
20635870,1,10,0.004524887,0.004524887,0.0074724755,0.0,0.0,0.52272725,0.08547009,0.1402715,0.280543,0.2
20638270,1,4,0.009049774,0.009049774,0.007738382,0.0,0.4,0.19090909,0.034188036,0.036199097,0.06787331,0.0
20641802,1,5,0.009049774,0.009049774,0.007847921,0.0,0.4,0.1,0.042735044,0.043740574,0.07239819,0.0
20650869,1,27,0.0,0.0,0.0025012633,0.0,0.0,0.25,0.23076923,0.018099548,0.018099548,0.4
20657078,1,29,0.07239819,0.07239819,0.050588984,0.0,0.8,0.21136364,0.24786325,0.051104605,0.1040724,0.0
20657429,1,2,0.0,0.0,0.00076464063,0.0,0.0,0.77272725,0.017094018,0.8733032,0.8733032,0.0
20659066,1,5,0.013574661,0.013574661,0.011566217,0.0,0.4,0.1,0.042735044,0.29298642,1.0,0.0
20661527,0,0,0.1040724,0.1040724,0.08097872,0.0,1.0,1.0,0.0,0.045437407,0.1719457,0.2
20693960,1,10,0.009049774,0.009049774,0.010357723,0.0,0.2,0.52272725,0.08547009,0.04524887,0.11764706,0.0
20697142,1,22,0.004524887,0.004524887,0.0035824494,0.0,0.2,0.19772728,0.18803419,0.108597286,0.1764706,0.0
20708884,1,10,0.018099548,0.018099548,0.012708302,0.0,0.6,0.52272725,0.08547009,0.05520362,0.07239819,0.0
20716296,1,24,0.0,0.0,0.0014580812,0.0,0.0,0.7659091,0.20512821,0.1764706,0.1764706,0.0
20719354,1,29,0.06787331,0.06787331,0.05299537,0.0,0.8,0.21136364,0.24786325,0.03846154,0.09954751,0.0
20724218,1,10,0.022624435,0.022624435,0.022800425,0.0,0.4,0.52272725,0.08547009,0.021870287,0.054298643,0.0
20725832,1,14,0.0,0.0,0.0048655234,0.0,0.0,0.16136363,0.11965812,0.004524887,0.004524887,0.2
20726522,1,20,0.009049774,0.009049774,0.008059825,0.0,0.4,0.26136363,0.17094018,0.06184012,0.11764706,0.4
20734423,1,0,0.13122173,0.13122173,0.08990052,0.0,1.0,1.0,0.0,0.04238311,0.19004525,0.6
20745227,1,10,0.018099548,0.018099548,0.013142921,0.0,0.6,0.52272725,0.08547009,0.04162896,0.06787331,0.2
20745274,0,1,0.03167421,0.03167421,0.03750095,0.0,0.4,0.6363636,0.008547009,0.010180996,0.04524887,0.2
20765649,1,7,0.018099548,0.018099548,0.018380651,0.0,0.2,0.4568182,0.05982906,0.027149322,0.05882353,0.2
20767940,1,3,0.009049774,0.009049774,0.010912015,0.0,0.2,0.15227273,0.025641026,0.02111614,0.054298643,0.0
20771592,1,1,0.0,0.0,0.0036574174,0.0,0.0,0.6363636,0.008547009,0.009049774,0.009049774,0.2
20775769,2,19,0.004524887,0.004524887,0.0048248465,0.0,0.2,0.40681818,0.16239317,0.020361992,0.03167421,0.2
20780856,1,24,0.0,0.0,0.0014036436,0.0,0.0,0.7659091,0.20512821,0.33484164,0.33484164,0.0
20782744,1,2,0.0,0.0,0.00076464063,0.0,0.0,0.77272725,0.017094018,0.8733032,0.8733032,0.2
20788139,0,16,0.04524887,0.04524887,0.08194254,0.0,0.0,0.038636364,0.13675214,0.0016454135,0.004524887,0.0
20790544,0,53,0.0,0.0,0.008470262,0.0,0.0,0.0022727272,0.45299146,0.004524887,0.004524887,0.2
20791477,1,24,0.022624435,0.022624435,0.025348166,0.0,0.4,0.7659091,0.20512821,0.10708899,0.33484164,0.4
20794585,1,7,0.0,0.0,0.0034864491,0.0,0.0,0.4568182,0.05982906,0.054298643,0.054298643,0.0
20795697,1,38,0.018099548,0.018099548,0.0167021,0.0,0.6,0.07727273,0.32478634,0.05882353,0.09049774,0.0
20806196,0,10,0.054298643,0.054298643,0.043817315,0.0,0.8,0.52272725,0.08547009,0.10998956,0.5972851,0.0
20808933,1,0,0.018099548,0.018099548,0.011680806,0.0,0.6,1.0,0.0,0.078733034,0.14932127,0.2
20813871,0,1,0.0,0.0,0.0012710884,0.0,0.0,0.6363636,0.008547009,1.0,1.0,0.0
20817803,0,27,0.0,0.0,0.0011682849,0.0,0.0,0.25,0.23076923,0.022624435,0.022624435,0.0
20821109,1,24,0.0,0.0,0.0014036436,0.0,0.0,0.7659091,0.20512821,0.33484164,0.33484164,0.0
20851551,2,9,0.027149322,0.027149322,0.02123471,0.0,0.6,0.23636363,0.07692308,0.02650291,0.05882353,0.0
20851795,1,5,0.009049774,0.009049774,0.008392636,0.0,0.4,0.1,0.042735044,0.019607844,0.036199097,0.4
20852423,2,19,0.013574661,0.013574661,0.011413513,0.0,0.2,0.40681818,0.16239317,0.095022626,0.30316743,0.2
20859704,2,19,0.004524887,0.004524887,0.0036920644,0.0,0.2,0.40681818,0.16239317,0.18552037,0.30316743,0.0
20863618,0,1,0.004524887,0.004524887,0.0066209864,0.0,0.2,0.6363636,0.008547009,0.50678736,1.0,0.0
20873,1,13,0.0,0.0,0.0028134454,0.0,0.0,0.13863637,0.11111111,0.013574661,0.013574661,0.0
20893623,1,24,0.013574661,0.013574661,0.013591554,0.0,0.4,0.7659091,0.20512821,0.16968326,0.33484164,0.0
20920377,0,1,0.04524887,0.04524887,0.0353952,0.0,0.8,0.6363636,0.008547009,0.26285478,1.0,0.2
20928893,0,10,0.049773756,0.049773756,0.039093632,0.0,0.8,0.52272725,0.08547009,0.032051284,0.095022626,0.4
20961576,1,1,0.0,0.0,0.0014303531,0.0,0.0,0.6363636,0.008547009,0.054298643,0.054298643,0.2
20974633,1,7,0.004524887,0.004524887,0.010717626,0.0,0.0,0.4568182,0.05982906,0.011312217,0.022624435,0.2
20974986,1,2,0.009049774,0.009049774,0.013982275,0.0,0.2,0.77272725,0.017094018,0.0060331826,0.013574661,0.2
20978193,1,27,0.0,0.0,0.00058914034,0.0,0.0,0.25,0.23076923,0.054298643,0.054298643,0.4
20993726,1,10,0.018099548,0.018099548,0.01434173,0.0,0.4,0.52272725,0.08547009,0.03167421,0.06787331,0.0
21001897,1,0,0.004524887,0.004524887,0.0031712719,0.0,0.2,1.0,0.0,0.07918552,0.1040724,0.0
21018685,1,7,0.004524887,0.004524887,0.007532893,0.0,0.2,0.4568182,0.05982906,0.0067873304,0.009049774,0.0
21030225,1,0,0.0,0.0,0.0028509295,0.0,0.0,1.0,0.0,0.004524887,0.004524887,0.2
2103501,1,64,0.004524887,0.004524887,0.009907152,0.0,0.2,0.006818182,0.5470086,0.009049774,0.013574661,0.2
21044126,0,22,0.095022626,0.095022626,0.07189408,0.0,0.8,0.19772728,0.18803419,0.032291237,0.21719457,0.0
21053220,1,1,0.009049774,0.009049774,0.00862268,0.0,0.4,0.6363636,0.008547009,0.38763198,1.0,0.0
21060795,1,24,0.004524887,0.004524887,0.005217441,0.0,0.2,0.7659091,0.20512821,0.30316743,0.33484164,0.2
21062689,1,4,0.04524887,0.04524887,0.07967352,0.0,0.2,0.19090909,0.034188036,0.0016454135,0.009049774,0.0
21069104,1,2,0.0,0.0,0.0018022609,0.0,0.0,0.77272725,0.017094018,0.013574661,0.013574661,0.0
21072539,1,9,0.004524887,0.004524887,0.0063541005,0.0,0.2,0.23636363,0.07692308,0.009049774,0.013574661,0.0
21081275,1,14,0.004524887,0.004524887,0.0059161284,0.0,0.2,0.16136363,0.11965812,0.03167421,0.05882353,0.0
21085123,1,0,0.0,0.0,0.0009747535,0.0,0.0,1.0,0.0,0.03167421,0.03167421,0.2
21093392,1,0,0.1402715,0.1402715,0.09493747,0.0,1.0,1.0,0.0,0.06278281,0.25791857,0.0
21128914,1,19,0.0,0.0,0.0041251727,0.0,0.0,0.40681818,0.16239317,0.009049774,0.009049774,0.0
21145162,0,8,0.0,0.0,0.0009863961,0.0,0.0,0.15454546,0.06837607,0.14932127,0.14932127,0.0
21146733,0,4,0.0,0.0,0.0020640134,0.0,0.0,0.19090909,0.034188036,0.018099548,0.018099548,0.0
21161755,0,17,0.0,0.0,0.0010842463,0.0,0.0,0.15227273,0.14529915,0.15384616,0.15384616,0.2
21165967,0,9,0.013574661,0.013574661,0.014456694,0.0,0.4,0.23636363,0.07692308,0.020361992,0.040723983,0.2
21170661,1,2,0.004524887,0.004524887,0.0040843375,0.0,0.2,0.77272725,0.017094018,0.042986427,0.07239819,0.0
21175294,0,10,0.036199097,0.036199097,0.04560693,0.0,0.2,0.52272725,0.08547009,0.006535948,0.022624435,0.0
21177451,1,29,0.0,0.0,0.0011573986,0.0,0.0,0.21136364,0.24786325,0.036199097,0.036199097,0.2
21187585,1,24,0.0,0.0,0.0014036436,0.0,0.0,0.7659091,0.20512821,0.33484164,0.33484164,0.0
2119161,1,3,0.0,0.0,0.0010396593,0.0,0.0,0.15227273,0.025641026,0.054298643,0.054298643,0.0
21192419,0,38,0.004524887,0.004524887,0.005695891,0.0,0.2,0.07727273,0.32478634,0.013574661,0.013574661,0.0
21193380,1,24,0.009049774,0.009049774,0.008937748,0.0,0.2,0.7659091,0.20512821,0.122171946,0.33484164,0.2
21193728,1,7,0.022624435,0.022624435,0.02220381,0.0,0.4,0.4568182,0.05982906,0.026395174,0.06787331,0.0
21203278,1,27,0.027149322,0.027149322,0.022925049,0.0,0.6,0.25,0.23076923,0.049773756,0.1719457,0.0
21204595,1,2,0.004524887,0.004524887,0.008846016,0.0,0.0,0.77272725,0.017094018,0.0067873304,0.013574661,0.2
21207933,1,4,0.004524887,0.004524887,0.0068157716,0.0,0.2,0.19090909,0.034188036,0.013574661,0.013574661,0.0
21219434,1,9,0.0,0.0,0.0015069181,0.0,0.0,0.23636363,0.07692308,0.013574661,0.013574661,0.0
21222599,0,1,0.022624435,0.022624435,0.02051265,0.0,0.4,0.6363636,0.008547009,0.21417798,1.0,0.6
21231872,1,1,0.0,0.0,0.0014721202,0.0,0.0,0.6363636,0.008547009,0.027149322,0.027149322,0.2
21237512,1,0,0.04524887,0.04524887,0.031294476,0.0,1.0,1.0,0.0,0.0740436,0.15384616,0.2
21242674,0,1,0.004524887,0.004524887,0.008450056,0.0,0.0,0.6363636,0.008547009,0.5022625,1.0,0.2
21248230,0,35,0.009049774,0.009049774,0.007978671,0.0,0.2,0.08181818,0.2991453,0.054298643,0.14932127,0.2
21249293,0,20,0.009049774,0.009049774,0.010275414,0.0,0.2,0.26136363,0.17094018,0.040723983,0.1040724,0.0
21250871,1,42,0.0,0.0,0.012690343,0.0,0.0,0.0,0.35897437,0.0,0.0,0.2
21261486,1,30,0.027149322,0.027149322,0.02102929,0.0,0.4,0.14772727,0.25641027,0.033613447,0.13574661,0.4
21266715,1,2,0.08144797,0.08144797,0.05745427,0.0,1.0,0.77272725,0.017094018,0.12669684,0.8733032,0.2
21269579,1,7,0.004524887,0.004524887,0.010455948,0.0,0.0,0.4568182,0.05982906,0.0067873304,0.009049774,0.0
21278729,0,17,0.0,0.0,0.0010842463,0.0,0.0,0.15227273,0.14529915,0.15384616,0.15384616,0.0
21282497,1,29,0.0,0.0,0.00052122545,0.0,0.0,0.21136364,0.24786325,0.06787331,0.06787331,0.0
21303582,1,21,0.009049774,0.009049774,0.012039004,0.0,0.2,0.125,0.17948718,0.028657617,0.03167421,0.0
21326273,1,2,0.0,0.0,0.0006183871,0.0,0.0,0.77272725,0.017094018,0.054298643,0.054298643,0.0
21327648,2,19,0.0,0.0,0.0006194072,0.0,0.0,0.40681818,0.16239317,0.30316743,0.30316743,0.0
21345004,1,27,0.018099548,0.018099548,0.016152166,0.0,0.4,0.25,0.23076923,0.023529412,0.04524887,0.2
21348792,0,14,0.03167421,0.03167421,0.029089805,0.0,0.4,0.16136363,0.11965812,0.20531674,0.8733032,0.2
21351802,1,24,0.0,0.0,0.0014580812,0.0,0.0,0.7659091,0.20512821,0.1764706,0.1764706,0.0
21352055,0,4,0.018099548,0.018099548,0.01607584,0.0,0.4,0.19090909,0.034188036,0.06244344,0.25791857,0.0
21362085,1,24,0.018099548,0.018099548,0.016400794,0.0,0.6,0.7659091,0.20512821,0.12307692,0.27149323,0.0
21368708,1,24,0.0,0.0,0.0012528698,0.0,0.0,0.7659091,0.20512821,0.27149323,0.27149323,0.0
21371439,1,24,0.004524887,0.004524887,0.0072808745,0.0,0.2,0.7659091,0.20512821,0.033936653,0.06334842,0.2
21372580,1,24,0.004524887,0.004524887,0.0056312485,0.0,0.2,0.7659091,0.20512821,0.040723983,0.06334842,0.2
21377185,0,20,0.004524887,0.004524887,0.01234719,0.0,0.0,0.26136363,0.17094018,0.0022624435,0.004524887,0.2
21381690,1,8,0.009049774,0.009049774,0.0073784846,0.0,0.4,0.15454546,0.06837607,0.54901963,1.0,0.0
21395752,2,19,0.004524887,0.004524887,0.0036920644,0.0,0.2,0.40681818,0.16239317,0.18552037,0.30316743,0.2
2140491,0,6,0.036199097,0.036199097,0.05483738,0.0,0.2,0.05,0.051282052,0.0055304174,0.03167421,0.0
21406735,0,98,0.0,0.0,0.012690343,0.0,0.0,0.0,0.83760685,0.0,0.0,0.0
21408157,1,27,0.004524887,0.004524887,0.008673657,0.0,0.0,0.25,0.23076923,0.011312217,0.022624435,0.0
21408711,1,27,0.0,0.0,0.004338186,0.0,0.0,0.25,0.23076923,0.004524887,0.004524887,0.4
21413138,0,30,0.013574661,0.013574661,0.012251854,0.0,0.2,0.14772727,0.25641027,0.0520362,0.11764706,0.0
21421864,1,21,0.004524887,0.004524887,0.0060773552,0.0,0.2,0.125,0.17948718,0.5045249,1.0,0.0
21425652,1,5,0.0,0.0,0.0027132435,0.0,0.0,0.1,0.042735044,0.009049774,0.009049774,0.2
21428883,0,19,0.0,0.0,0.0025018686,0.0,0.0,0.40681818,0.16239317,0.013574661,0.013574661,0.4
21437676,1,24,0.004524887,0.004524887,0.005217441,0.0,0.2,0.7659091,0.20512821,0.30316743,0.33484164,0.4
21454987,1,0,0.049773756,0.049773756,0.036309887,0.0,1.0,1.0,0.0,0.051659126,0.13122173,0.0
21463619,1,16,0.0,0.0,0.005275592,0.0,0.0,0.038636364,0.13675214,0.004524887,0.004524887,0.0
21470154,0,1,0.0,0.0,0.0012710884,0.0,0.0,0.6363636,0.008547009,1.0,1.0,0.0
21475280,1,4,0.0,0.0,0.0037494823,0.0,0.0,0.19090909,0.034188036,0.013574661,0.013574661,0.0
21476327,1,29,0.0,0.0,0.0030775003,0.0,0.0,0.21136364,0.24786325,0.040723983,0.040723983,0.0
21488707,1,4,0.004524887,0.004524887,0.010533679,0.0,0.2,0.19090909,0.034188036,0.013574661,0.013574661,0.2
21491565,1,4,0.004524887,0.004524887,0.013979,0.0,0.0,0.19090909,0.034188036,0.004524887,0.009049774,0.2
21494085,1,0,0.009049774,0.009049774,0.0058062887,0.0,0.4,1.0,0.0,0.2775264,0.5972851,0.2
21499200,1,35,0.004524887,0.004524887,0.0086176675,0.0,0.2,0.08181818,0.2991453,0.009049774,0.009049774,0.0
21501777,0,13,0.0,0.0,0.0009791568,0.0,0.0,0.13863637,0.11111111,0.027149322,0.027149322,0.2
21526244,1,4,0.013574661,0.013574661,0.02708153,0.0,0.2,0.19090909,0.034188036,0.0033936652,0.004524887,0.2
21543550,1,4,0.004524887,0.004524887,0.010533679,0.0,0.2,0.19090909,0.034188036,0.013574661,0.013574661,0.0
21548052,0,1,0.009049774,0.009049774,0.007844754,0.0,0.4,0.6363636,0.008547009,0.41025642,1.0,0.0
21550185,1,8,0.040723983,0.040723983,0.028965868,0.0,0.8,0.15454546,0.06837607,0.19366516,1.0,0.0
21554726,1,2,0.0,0.0,0.0012565725,0.0,0.0,0.77272725,0.017094018,0.013574661,0.013574661,0.2
21583614,1,27,0.004524887,0.004524887,0.0047595957,0.0,0.2,0.25,0.23076923,0.024886878,0.027149322,0.0
21588987,0,8,0.004524887,0.004524887,0.004478142,0.0,0.2,0.15454546,0.06837607,0.08597285,0.14932127,0.2
21590617,1,0,0.013574661,0.013574661,0.01285542,0.0,0.4,1.0,0.0,0.023755657,0.04524887,0.2
21599056,0,2,0.013574661,0.013574661,0.011508092,0.0,0.4,0.77272725,0.017094018,0.021493213,0.040723983,0.2
21624641,1,9,0.0,0.0,0.00030567375,0.0,0.0,0.23636363,0.07692308,0.1402715,0.1402715,0.2
21625645,1,99,0.0,0.0,0.012690343,0.0,0.0,0.0,0.84615386,0.0,0.0,0.0
21640610,1,7,0.013574661,0.013574661,0.01397276,0.0,0.4,0.4568182,0.05982906,0.01923077,0.049773756,0.0
21644106,1,0,0.009049774,0.009049774,0.006696876,0.0,0.4,1.0,0.0,0.05882353,0.095022626,0.0
21653078,1,4,0.013574661,0.013574661,0.018159403,0.0,0.2,0.19090909,0.034188036,0.011312217,0.022624435,0.2
21654561,1,0,0.018099548,0.018099548,0.011458216,0.0,0.8,1.0,0.0,0.11402715,0.1764706,0.4
21661811,1,85,0.004524887,0.004524887,0.021130506,0.0,0.0,0.0022727272,0.72649574,0.0,0.0,0.2
21664865,1,35,0.004524887,0.004524887,0.008491,0.0,0.2,0.08181818,0.2991453,0.009049774,0.009049774,0.2
21672624,1,38,0.009049774,0.009049774,0.007947055,0.0,0.4,0.07727273,0.32478634,0.036199097,0.07692308,0.2
21676304,1,18,0.022624435,0.022624435,0.028022211,0.0,0.2,0.5159091,0.15384616,0.026395174,0.07239819,0.2
21702193,1,1,0.009049774,0.009049774,0.016669478,0.0,0.2,0.6363636,0.008547009,0.004524887,0.009049774,0.0
21706932,1,4,0.0,0.0,0.005347793,0.0,0.0,0.19090909,0.034188036,0.004524887,0.004524887,0.6
21710124,1,24,0.013574661,0.013574661,0.010658994,0.0,0.4,0.7659091,0.20512821,0.10633484,0.25791857,0.0
21711002,1,19,0.0,0.0,0.0027347575,0.0,0.0,0.40681818,0.16239317,0.004524887,0.004524887,0.0
21712968,1,30,0.0,0.0,0.0031707094,0.0,0.0,0.14772727,0.25641027,0.004524887,0.004524887,0.0
21719730,0,1,0.0,0.0,0.0012710884,0.0,0.0,0.6363636,0.008547009,1.0,1.0,0.0
21730822,1,21,0.0,0.0,0.0016419116,0.0,0.0,0.125,0.17948718,0.009049774,0.009049774,0.4
21733345,0,24,0.09049774,0.09049774,0.07126817,0.0,0.8,0.7659091,0.20512821,0.111182936,0.5972851,0.0
21742949,2,19,0.0,0.0,0.0012301373,0.0,0.0,0.40681818,0.16239317,0.018099548,0.018099548,0.2
21747701,1,24,0.018099548,0.018099548,0.018297458,0.0,0.4,0.7659091,0.20512821,0.012669683,0.018099548,0.0
21749388,1,21,0.013574661,0.013574661,0.017814487,0.0,0.2,0.125,0.17948718,0.018099548,0.03167421,0.0
21764132,0,1,0.013574661,0.013574661,0.013417617,0.0,0.4,0.6363636,0.008547009,0.37104073,1.0,0.2
21765190,1,7,0.009049774,0.009049774,0.011827206,0.0,0.2,0.4568182,0.05982906,0.009049774,0.013574661,0.0
21781613,0,3,0.0,0.0,0.0012378412,0.0,0.0,0.15227273,0.025641026,0.04524887,0.04524887,0.4
21789095,1,0,0.004524887,0.004524887,0.0028204762,0.0,0.2,1.0,0.0,0.09728507,0.09954751,0.2
21797153,1,8,0.009049774,0.009049774,0.008091926,0.0,0.2,0.15454546,0.06837607,0.07993967,0.18099548,0.0
21798081,1,0,0.013574661,0.013574661,0.011685612,0.0,0.4,1.0,0.0,0.061085973,0.14932127,0.0
21800616,1,29,0.0,0.0,0.0013042178,0.0,0.0,0.21136364,0.24786325,0.05882353,0.05882353,0.0
21808399,1,1,0.004524887,0.004524887,0.0077937935,0.0,0.0,0.6363636,0.008547009,0.095022626,0.18099548,0.0
21808591,0,29,0.009049774,0.009049774,0.011849187,0.0,0.2,0.21136364,0.24786325,0.02111614,0.040723983,0.2
21812403,1,0,0.040723983,0.040723983,0.026302194,0.0,1.0,1.0,0.0,0.088687785,0.25791857,0.0
21818817,1,99,0.0,0.0,0.012690343,0.0,0.0,0.0,0.84615386,0.0,0.0,0.0
21819083,1,29,0.013574661,0.013574661,0.009738031,0.0,0.4,0.21136364,0.24786325,0.057692308,0.095022626,0.2
21819639,1,0,0.009049774,0.009049774,0.007651194,0.0,0.2,1.0,0.0,0.06787331,0.16742082,0.0
21832091,1,4,0.022624435,0.022624435,0.02968317,0.0,0.2,0.19090909,0.034188036,0.007541478,0.013574661,0.0
21838881,2,0,0.022624435,0.022624435,0.015884932,0.0,0.8,1.0,0.0,0.11010558,0.30316743,0.2
21841080,1,10,0.004524887,0.004524887,0.011780289,0.0,0.0,0.52272725,0.08547009,0.004524887,0.009049774,0.2
21841872,1,20,0.004524887,0.004524887,0.005177759,0.0,0.2,0.26136363,0.17094018,0.027149322,0.036199097,0.0
21842565,1,19,0.009049774,0.009049774,0.0070055947,0.0,0.4,0.40681818,0.16239317,0.054298643,0.12669684,0.0
21845131,0,29,0.004524887,0.004524887,0.0100349,0.0,0.0,0.21136364,0.24786325,0.0067873304,0.013574661,0.0
21852268,1,7,0.0,0.0,0.00402357,0.0,0.0,0.4568182,0.05982906,0.009049774,0.009049774,0.0
21865855,0,0,0.018099548,0.018099548,0.013097442,0.0,0.4,1.0,0.0,0.056108598,0.15384616,0.0
21870772,1,14,0.03167421,0.03167421,0.036815763,0.0,0.2,0.16136363,0.11965812,0.016402716,0.05882353,0.0
21875520,1,20,0.009049774,0.009049774,0.007872501,0.0,0.2,0.26136363,0.17094018,0.2081448,0.5972851,0.0
21878443,2,19,0.009049774,0.009049774,0.0068769217,0.0,0.4,0.40681818,0.16239317,0.122171946,0.30316743,0.0
21890179,1,5,0.009049774,0.009049774,0.013400023,0.0,0.2,0.1,0.042735044,0.0060331826,0.013574661,0.2
21897900,0,30,0.009049774,0.009049774,0.011516885,0.0,0.2,0.14772727,0.25641027,0.05580694,0.14932127,0.0
21908551,0,3,0.009049774,0.009049774,0.007038806,0.0,0.2,0.15227273,0.025641026,0.06636501,0.14479639,0.4
21924231,0,27,0.013574661,0.013574661,0.0140046915,0.0,0.2,0.25,0.23076923,0.022624435,0.05882353,0.0
21960339,1,2,0.0,0.0,0.002894193,0.0,0.0,0.77272725,0.017094018,0.009049774,0.009049774,0.2
21969601,1,24,0.004524887,0.004524887,0.008589335,0.0,0.0,0.7659091,0.20512821,0.042986427,0.08144797,0.2
21996162,1,20,0.004524887,0.004524887,0.0067019965,0.0,0.2,0.26136363,0.17094018,0.015837105,0.022624435,0.2
22025346,1,14,0.0,0.0,0.0018908577,0.0,0.0,0.16136363,0.11965812,0.03167421,0.03167421,0.0
22025998,1,0,0.004524887,0.004524887,0.007602402,0.0,0.0,1.0,0.0,0.018099548,0.036199097,0.0
22026917,1,24,0.004524887,0.004524887,0.005720227,0.0,0.2,0.7659091,0.20512821,0.018099548,0.022624435,0.0
22026974,0,0,0.03167421,0.03167421,0.021725839,0.0,0.8,1.0,0.0,0.07183258,0.25791857,0.6
22027704,1,18,0.004524887,0.004524887,0.011054842,0.0,0.0,0.5159091,0.15384616,0.013574661,0.027149322,0.0
22028219,1,77,0.0,0.0,0.012690343,0.0,0.0,0.0,0.6581197,0.0,0.0,0.0
22035170,0,10,0.0,0.0,0.0022190015,0.0,0.0,0.52272725,0.08547009,0.036199097,0.036199097,0.0
22039728,1,1,0.004524887,0.004524887,0.004172762,0.0,0.2,0.6363636,0.008547009,0.061085973,0.06334842,0.2
22040276,1,21,0.03167421,0.03167421,0.039742883,0.0,0.2,0.125,0.17948718,0.010180996,0.018099548,0.0
22043224,1,9,0.004524887,0.004524887,0.0030972117,0.0,0.2,0.23636363,0.07692308,0.07239819,0.122171946,0.0
22043768,1,0,0.013574661,0.013574661,0.009523999,0.0,0.4,1.0,0.0,0.20927602,0.5972851,0.0
22052371,0,24,0.0,0.0,0.0016724033,0.0,0.0,0.7659091,0.20512821,0.040723983,0.040723983,0.0
22059105,1,7,0.0,0.0,0.0014393247,0.0,0.0,0.4568182,0.05982906,0.036199097,0.036199097,0.2
22069883,1,18,0.009049774,0.009049774,0.011582447,0.0,0.2,0.5159091,0.15384616,0.013574661,0.018099548,0.2
22071998,1,4,0.0,0.0,0.0017969395,0.0,0.0,0.19090909,0.034188036,0.013574661,0.013574661,0.0
22078338,1,20,0.0,0.0,0.0014401989,0.0,0.0,0.26136363,0.17094018,0.03167421,0.03167421,0.2
2207861,0,8,0.009049774,0.009049774,0.008761243,0.0,0.2,0.15454546,0.06837607,0.102564104,0.14932127,0.0
22094377,1,20,0.0,0.0,0.0023012643,0.0,0.0,0.26136363,0.17094018,0.009049774,0.009049774,0.0
22098829,1,4,0.0,0.0,0.00422327,0.0,0.0,0.19090909,0.034188036,0.013574661,0.013574661,0.2
22104014,0,1,0.03167421,0.03167421,0.028747823,0.0,0.6,0.6363636,0.008547009,0.14932127,1.0,0.4
22108726,1,24,0.004524887,0.004524887,0.0058132447,0.0,0.2,0.7659091,0.20512821,0.018099548,0.022624435,0.0
22115490,0,0,0.004524887,0.004524887,0.003559302,0.0,0.2,1.0,0.0,0.042986427,0.06787331,0.2
22120173,1,14,0.013574661,0.013574661,0.010342203,0.0,0.4,0.16136363,0.11965812,0.04411765,0.09954751,0.0
22123886,1,9,0.004524887,0.004524887,0.006943582,0.0,0.2,0.23636363,0.07692308,0.015837105,0.018099548,0.4
22126862,1,0,0.0,0.0,0.0005980502,0.0,0.0,1.0,0.0,0.1402715,0.1402715,0.0
22133603,1,7,0.0,0.0,0.0016162689,0.0,0.0,0.4568182,0.05982906,0.027149322,0.027149322,0.2
22147816,1,38,0.004524887,0.004524887,0.008254204,0.0,0.0,0.07727273,0.32478634,0.013574661,0.018099548,0.0
22168649,1,30,0.0,0.0,0.0036991036,0.0,0.0,0.14772727,0.25641027,0.009049774,0.009049774,0.0
22169218,1,38,0.027149322,0.027149322,0.03774923,0.0,0.2,0.07727273,0.32478634,0.005817712,0.022624435,0.2
22174265,1,24,0.004524887,0.004524887,0.006110504,0.0,0.2,0.7659091,0.20512821,0.018099548,0.018099548,0.0
22183550,1,95,0.0,0.0,0.012690343,0.0,0.0,0.0,0.8119658,0.0,0.0,0.4
22192769,1,18,0.004524887,0.004524887,0.0066662477,0.0,0.2,0.5159091,0.15384616,0.047511313,0.08597285,0.0
22198749,0,8,0.0,0.0,0.0009863961,0.0,0.0,0.15454546,0.06837607,0.14932127,0.14932127,0.0
22210647,1,87,0.004524887,0.004524887,0.012770658,0.0,0.0,0.022727273,0.74358976,0.0067873304,0.013574661,0.0
22210679,1,100,0.0,0.0,0.012690343,0.0,0.0,0.0,0.85470086,0.0,0.0,0.4
22211080,1,0,0.03167421,0.03167421,0.027924784,0.0,0.4,1.0,0.0,0.014705882,0.04524887,0.0
22216682,1,75,0.0,0.0,0.0073390203,0.0,0.0,0.0045454544,0.64102566,0.004524887,0.004524887,0.2
22217321,0,14,0.0,0.0,0.0010994641,0.0,0.0,0.16136363,0.11965812,0.03167421,0.03167421,0.0
22229716,1,17,0.022624435,0.022624435,0.019019224,0.0,0.6,0.15227273,0.14529915,0.047511313,0.12669684,0.0
22231178,0,1,0.013574661,0.013574661,0.011569059,0.0,0.4,0.6363636,0.008547009,0.020361992,0.036199097,0.2
22239541,1,24,0.009049774,0.009049774,0.01062242,0.0,0.2,0.7659091,0.20512821,0.12368024,0.33484164,0.0
22242176,1,10,0.07239819,0.07239819,0.049834255,0.0,0.8,0.52272725,0.08547009,0.11471919,0.5972851,0.2
22242395,1,7,0.0,0.0,0.001632825,0.0,0.0,0.4568182,0.05982906,0.018099548,0.018099548,0.2
22245744,1,7,0.004524887,0.004524887,0.005322231,0.0,0.2,0.4568182,0.05982906,0.029411765,0.036199097,0.4
22270734,1,87,0.0,0.0,0.0039811954,0.0,0.0,0.022727273,0.74358976,0.013574661,0.013574661,0.0
22271534,1,10,0.009049774,0.009049774,0.010173144,0.0,0.2,0.52272725,0.08547009,0.007541478,0.013574661,0.0
22284693,1,17,0.004524887,0.004524887,0.005855854,0.0,0.2,0.15227273,0.14529915,0.0882353,0.15384616,0.2
22295588,2,19,0.009049774,0.009049774,0.0075083603,0.0,0.4,0.40681818,0.16239317,0.02413273,0.04524887,0.0
22297849,0,92,0.0,0.0,0.012690343,0.0,0.0,0.0,0.7863248,0.0,0.0,0.0
22299209,1,4,0.013574661,0.013574661,0.015186936,0.0,0.2,0.19090909,0.034188036,0.04524887,0.11312217,0.2
22303562,2,19,0.1040724,0.1040724,0.07694807,0.0,0.8,0.40681818,0.16239317,0.06466818,0.5972851,0.0
22317106,1,2,0.0,0.0,0.00076464063,0.0,0.0,0.77272725,0.017094018,0.8733032,0.8733032,0.4
2232381,1,8,0.0,0.0,0.003967279,0.0,0.0,0.15454546,0.06837607,0.013574661,0.013574661,0.0
22324656,1,21,0.004524887,0.004524887,0.004941397,0.0,0.2,0.125,0.17948718,0.07013575,0.11764706,0.0
22327443,1,24,0.0,0.0,0.0012528698,0.0,0.0,0.7659091,0.20512821,0.27149323,0.27149323,0.2
22341818,1,24,0.0,0.0,0.0014580812,0.0,0.0,0.7659091,0.20512821,0.1764706,0.1764706,0.4
22343542,1,10,0.009049774,0.009049774,0.007792207,0.0,0.4,0.52272725,0.08547009,0.049773756,0.07692308,0.0
22343946,1,30,0.0,0.0,0.004132144,0.0,0.0,0.14772727,0.25641027,0.004524887,0.004524887,0.2
22358960,1,22,0.004524887,0.004524887,0.0075175553,0.0,0.2,0.19772728,0.18803419,0.009049774,0.009049774,0.0
22372182,1,5,0.004524887,0.004524887,0.005604784,0.0,0.2,0.1,0.042735044,0.020361992,0.022624435,0.2
22382483,1,7,0.013574661,0.013574661,0.019102184,0.0,0.2,0.4568182,0.05982906,0.010180996,0.018099548,0.0
22384688,1,13,0.013574661,0.013574661,0.013644042,0.0,0.4,0.13863637,0.11111111,0.016968327,0.027149322,0.0
22399021,1,14,0.004524887,0.004524887,0.0063090967,0.0,0.2,0.16136363,0.11965812,0.027149322,0.03167421,0.6
22400810,0,8,0.009049774,0.009049774,0.007707303,0.0,0.4,0.15454546,0.06837607,0.07390649,0.14932127,0.0
22403779,0,1,0.0,0.0,0.0008062072,0.0,0.0,0.6363636,0.008547009,0.18099548,0.18099548,0.2
22425685,1,4,0.013574661,0.013574661,0.024820616,0.0,0.2,0.19090909,0.034188036,0.004524887,0.009049774,0.2
22428105,1,35,0.009049774,0.009049774,0.009360816,0.0,0.2,0.08181818,0.2991453,0.09653092,0.25791857,0.2
22428125,1,13,0.0,0.0,0.0020116833,0.0,0.0,0.13863637,0.11111111,0.018099548,0.018099548,0.6
22432632,1,24,0.0,0.0,0.00247496,0.0,0.0,0.7659091,0.20512821,0.009049774,0.009049774,0.2
2243311,1,18,0.009049774,0.009049774,0.01339842,0.0,0.2,0.5159091,0.15384616,0.019607844,0.049773756,0.0
22443806,0,19,0.0,0.0,0.0025018686,0.0,0.0,0.40681818,0.16239317,0.013574661,0.013574661,0.2
22450755,1,24,0.009049774,0.009049774,0.0121970195,0.0,0.2,0.7659091,0.20512821,0.016591253,0.03167421,0.0
22455366,1,24,0.0,0.0,0.002054722,0.0,0.0,0.7659091,0.20512821,0.018099548,0.018099548,0.0
22455413,1,20,0.0,0.0,0.0019896023,0.0,0.0,0.26136363,0.17094018,0.022624435,0.022624435,0.2
22461427,0,1,1.0,1.0,1.0,0.0,1.0,0.6363636,0.008547009,0.011495658,0.1402715,1.0
22463905,1,10,0.013574661,0.013574661,0.009983662,0.0,0.6,0.52272725,0.08547009,0.4276018,0.8733032,0.0
22470620,1,24,0.0,0.0,0.0014580812,0.0,0.0,0.7659091,0.20512821,0.1764706,0.1764706,0.0
22489157,0,1,0.004524887,0.004524887,0.004638223,0.0,0.2,0.6363636,0.008547009,0.59049773,1.0,0.2
22495490,1,0,0.0,0.0,0.0045088106,0.0,0.0,1.0,0.0,0.004524887,0.004524887,0.2
22498142,1,2,0.0,0.0,0.0027705098,0.0,0.0,0.77272725,0.017094018,0.004524887,0.004524887,0.0
22523228,1,0,0.040723983,0.040723983,0.0265689,0.0,1.0,1.0,0.0,0.26289594,1.0,0.2
22545389,1,101,0.004524887,0.004524887,0.021130506,0.0,0.0,0.0022727272,0.8632479,0.0,0.0,0.0
22546379,1,10,0.027149322,0.027149322,0.022662971,0.0,0.8,0.52272725,0.08547009,0.38849387,1.0,0.6
22547653,1,29,0.004524887,0.004524887,0.004719833,0.0,0.2,0.21136364,0.24786325,0.042986427,0.06787331,0.2
22550427,1,24,0.0,0.0,0.0034130125,0.0,0.0,0.7659091,0.20512821,0.004524887,0.004524887,0.0
22552819,1,18,0.0,0.0,0.001665232,0.0,0.0,0.5159091,0.15384616,0.11312217,0.11312217,0.2
22554654,1,0,0.018099548,0.018099548,0.013803104,0.0,0.4,1.0,0.0,0.0479638,0.09049774,0.0
22559810,1,27,0.004524887,0.004524887,0.002941132,0.0,0.2,0.25,0.23076923,0.101809956,0.11312217,0.0
22570815,1,28,0.0,0.0,0.008470262,0.0,0.0,0.0022727272,0.23931624,0.004524887,0.004524887,0.0
22574003,0,20,0.022624435,0.022624435,0.024256023,0.0,0.2,0.26136363,0.17094018,0.03092006,0.13574661,0.0
22578352,0,9,0.049773756,0.049773756,0.037700925,0.0,0.6,0.23636363,0.07692308,0.048642535,0.15384616,0.0
22599782,0,1,0.0,0.0,0.0012710884,0.0,0.0,0.6363636,0.008547009,1.0,1.0,0.0
22604125,2,5,0.013574661,0.013574661,0.016388567,0.0,0.2,0.1,0.042735044,0.018099548,0.049773756,0.2
22606755,1,8,0.0,0.0,0.0027185322,0.0,0.0,0.15454546,0.06837607,0.018099548,0.018099548,0.2
22613561,2,19,0.004524887,0.004524887,0.004137503,0.0,0.2,0.40681818,0.16239317,0.024886878,0.027149322,0.0
22629285,1,24,0.009049774,0.009049774,0.008671851,0.0,0.2,0.7659091,0.20512821,0.019607844,0.040723983,0.2
22629977,1,17,0.0,0.0,0.0025963522,0.0,0.0,0.15227273,0.14529915,0.009049774,0.009049774,0.0
2264811,1,30,0.009049774,0.009049774,0.016890842,0.0,0.0,0.14772727,0.25641027,0.0060331826,0.018099548,0.2
22668964,1,38,0.0,0.0,0.002659085,0.0,0.0,0.07727273,0.32478634,0.027149322,0.027149322,0.0
22673770,1,24,0.0,0.0,0.0015000557,0.0,0.0,0.7659091,0.20512821,0.018099548,0.018099548,0.2
22675994,0,9,0.004524887,0.004524887,0.0052845883,0.0,0.2,0.23636363,0.07692308,0.015837105,0.018099548,0.0
22694068,1,7,0.0,0.0,0.0034864491,0.0,0.0,0.4568182,0.05982906,0.054298643,0.054298643,0.2
22698646,0,10,0.0,0.0,0.0009441985,0.0,0.0,0.52272725,0.08547009,0.013574661,0.013574661,0.2
22701625,1,10,0.004524887,0.004524887,0.0032408054,0.0,0.2,0.52272725,0.08547009,0.07013575,0.07239819,0.0
22738931,1,24,0.0,0.0,0.0017885123,0.0,0.0,0.7659091,0.20512821,0.04524887,0.04524887,0.0
22744477,1,3,0.0,0.0,0.0022101223,0.0,0.0,0.15227273,0.025641026,0.009049774,0.009049774,0.0
22746133,0,10,0.0,0.0,0.0022190015,0.0,0.0,0.52272725,0.08547009,0.036199097,0.036199097,0.0
22746993,1,10,0.0,0.0,0.00047435224,0.0,0.0,0.52272725,0.08547009,0.06787331,0.06787331,0.2
22747266,1,10,0.03167421,0.03167421,0.029226819,0.0,0.4,0.52272725,0.08547009,0.035633486,0.15384616,0.2
22750634,1,7,0.0,0.0,0.0032576243,0.0,0.0,0.4568182,0.05982906,0.004524887,0.004524887,0.0
22778375,0,1,0.018099548,0.018099548,0.017252943,0.0,0.4,0.6363636,0.008547009,0.019909503,0.036199097,0.0
22794532,1,4,0.0,0.0,0.002349457,0.0,0.0,0.19090909,0.034188036,0.022624435,0.022624435,0.0
22810726,1,22,0.009049774,0.009049774,0.009857226,0.0,0.2,0.19772728,0.18803419,0.01055807,0.018099548,0.0
22811603,1,38,0.0,0.0,0.00453919,0.0,0.0,0.07727273,0.32478634,0.009049774,0.009049774,0.2
22816200,1,102,0.009049774,0.009049774,0.02125118,0.0,0.2,0.006818182,0.8717949,0.0030165913,0.004524887,0.0
22821611,1,20,0.004524887,0.004524887,0.0054224697,0.0,0.2,0.26136363,0.17094018,0.013574661,0.018099548,0.4
22832829,1,30,0.018099548,0.018099548,0.015095652,0.0,0.4,0.14772727,0.25641027,0.07058824,0.29411766,0.4
22836014,1,7,0.0,0.0,0.0016515134,0.0,0.0,0.4568182,0.05982906,0.036199097,0.036199097,0.0
22875636,1,24,0.018099548,0.018099548,0.020419622,0.0,0.2,0.7659091,0.20512821,0.016289594,0.040723983,0.2
22888911,1,1,0.0,0.0,0.0033190278,0.0,0.0,0.6363636,0.008547009,0.004524887,0.004524887,0.2
22890237,1,24,0.004524887,0.004524887,0.0069982056,0.0,0.2,0.7659091,0.20512821,0.011312217,0.018099548,0.0
2289831,1,13,0.004524887,0.004524887,0.006688936,0.0,0.2,0.13863637,0.11111111,0.03846154,0.06334842,0.0
22918836,0,3,0.009049774,0.009049774,0.008045119,0.0,0.2,0.15227273,0.025641026,0.07239819,0.18099548,0.2
22942992,1,24,0.004524887,0.004524887,0.005105935,0.0,0.2,0.7659091,0.20512821,0.024886878,0.04524887,0.2
22951944,1,0,0.054298643,0.054298643,0.0386785,0.0,1.0,1.0,0.0,0.05464671,0.14932127,0.2
22952068,1,24,0.004524887,0.004524887,0.0053468714,0.0,0.2,0.7659091,0.20512821,0.022624435,0.027149322,0.2
229523,1,2,0.027149322,0.027149322,0.019522797,0.0,0.8,0.77272725,0.017094018,0.21137686,0.8733032,0.0
22955009,2,0,0.06787331,0.06787331,0.050693575,0.0,0.8,1.0,0.0,0.030260181,0.1402715,0.0
22955144,0,1,0.0,0.0,0.0012710884,0.0,0.0,0.6363636,0.008547009,1.0,1.0,0.0
22975077,1,27,0.027149322,0.027149322,0.019872818,0.0,0.6,0.25,0.23076923,0.08209438,0.19004525,0.0
2298661,1,29,0.009049774,0.009049774,0.00790448,0.0,0.4,0.21136364,0.24786325,0.030165913,0.04524887,0.0
23015762,2,19,0.040723983,0.040723983,0.031532243,0.0,0.6,0.40681818,0.16239317,0.17737557,1.0,0.0
23016489,1,27,0.004524887,0.004524887,0.006467129,0.0,0.2,0.25,0.23076923,0.029411765,0.049773756,0.2
23076156,1,0,0.0,0.0,0.0006234983,0.0,0.0,1.0,0.0,0.06787331,0.06787331,0.4
23091045,1,24,0.004524887,0.004524887,0.006795601,0.0,0.2,0.7659091,0.20512821,0.024886878,0.04524887,0.0
23102115,1,0,0.036199097,0.036199097,0.025908936,0.0,0.6,1.0,0.0,0.04927099,0.1402715,0.0
23103935,1,21,0.0,0.0,0.00094029866,0.0,0.0,0.125,0.17948718,0.03167421,0.03167421,0.2
23130671,1,10,0.0,0.0,0.00059089524,0.0,0.0,0.52272725,0.08547009,0.280543,0.280543,0.0
23132210,1,0,0.004524887,0.004524887,0.0069243857,0.0,0.0,1.0,0.0,0.12895928,0.25791857,0.0
23134293,1,4,0.004524887,0.004524887,0.0077688238,0.0,0.2,0.19090909,0.034188036,0.020361992,0.022624435,0.4
23135992,1,0,0.08144797,0.08144797,0.052564222,0.0,1.0,1.0,0.0,0.07668492,0.25791857,0.2
23142308,0,2,0.022624435,0.022624435,0.019376611,0.0,0.4,0.77272725,0.017094018,0.037707392,0.14479639,0.0
23155139,1,16,0.0,0.0,0.0040332936,0.0,0.0,0.038636364,0.13675214,0.04524887,0.04524887,0.2
23160361,1,10,0.040723983,0.040723983,0.036217265,0.0,0.4,0.52272725,0.08547009,0.0239819,0.054298643,0.4
23173341,1,24,0.027149322,0.027149322,0.027279217,0.0,0.4,0.7659091,0.20512821,0.028442146,0.07692308,0.0
23174831,1,0,0.009049774,0.009049774,0.0069315583,0.0,0.2,1.0,0.0,0.08446456,0.14932127,0.2
23175674,1,24,0.03167421,0.03167421,0.04010382,0.0,0.2,0.7659091,0.20512821,0.01866516,0.06334842,0.2
23186374,1,21,0.0,0.0,0.0042267404,0.0,0.0,0.125,0.17948718,0.004524887,0.004524887,0.0
23192594,0,24,0.027149322,0.027149322,0.027169324,0.0,0.4,0.7659091,0.20512821,0.28894636,1.0,0.4
23200315,1,35,0.0,0.0,0.004814189,0.0,0.0,0.08181818,0.2991453,0.009049774,0.009049774,0.4
23202105,1,29,0.0,0.0,0.0030775003,0.0,0.0,0.21136364,0.24786325,0.040723983,0.040723983,0.0
23206952,1,24,0.0,0.0,0.003709443,0.0,0.0,0.7659091,0.20512821,0.004524887,0.004524887,0.2
23208011,1,24,0.004524887,0.004524887,0.009451433,0.0,0.0,0.7659091,0.20512821,0.009049774,0.018099548,0.6
23218852,1,0,0.040723983,0.040723983,0.030315442,0.0,0.8,1.0,0.0,0.0520362,0.16742082,0.2
23219721,0,1,0.0,0.0,0.0012710884,0.0,0.0,0.6363636,0.008547009,1.0,1.0,0.0
23225221,1,0,0.095022626,0.095022626,0.066120796,0.0,1.0,1.0,0.0,0.07034142,0.5972851,0.0
23231036,0,8,0.009049774,0.009049774,0.010442142,0.0,0.2,0.15454546,0.06837607,0.03167421,0.049773756,0.0
23236261,1,102,0.004524887,0.004524887,0.012377537,0.0,0.2,0.006818182,0.8717949,0.0067873304,0.009049774,0.2
23240683,1,0,0.0,0.0,0.0028638516,0.0,0.0,1.0,0.0,0.004524887,0.004524887,0.0
23256816,1,24,0.004524887,0.004524887,0.0040253275,0.0,0.2,0.7659091,0.20512821,0.1402715,0.25791857,0.2
23281198,1,24,0.004524887,0.004524887,0.0044419845,0.0,0.2,0.7659091,0.20512821,0.06334842,0.06334842,0.0
23294276,1,7,0.0,0.0,0.0034864491,0.0,0.0,0.4568182,0.05982906,0.054298643,0.054298643,0.0
23299628,1,18,0.0,0.0,0.003166673,0.0,0.0,0.5159091,0.15384616,0.013574661,0.013574661,0.2
23300429,1,0,0.036199097,0.036199097,0.029093543,0.0,0.8,1.0,0.0,0.054298643,0.11312217,0.2
23307551,1,24,0.004524887,0.004524887,0.0118208565,0.0,0.0,0.7659091,0.20512821,0.0022624435,0.004524887,0.2
23317513,1,18,0.018099548,0.018099548,0.025051858,0.0,0.2,0.5159091,0.15384616,0.0099547515,0.022624435,0.0
23335036,0,10,0.036199097,0.036199097,0.03029829,0.0,0.6,0.52272725,0.08547009,0.2096531,0.8733032,0.0
23344327,1,0,0.108597286,0.108597286,0.07385734,0.0,1.0,1.0,0.0,0.06914027,0.1719457,0.0
23345629,1,24,0.0,0.0,0.0036491696,0.0,0.0,0.7659091,0.20512821,0.004524887,0.004524887,0.2
23367105,0,2,0.009049774,0.009049774,0.012402635,0.0,0.2,0.77272725,0.017094018,0.018099548,0.040723983,0.0
23381383,1,83,0.0,0.0,0.0070635686,0.0,0.0,0.0045454544,0.7094017,0.009049774,0.009049774,0.0
23387073,0,1,0.0,0.0,0.0012710884,0.0,0.0,0.6363636,0.008547009,1.0,1.0,0.2
23390357,1,24,0.004524887,0.004524887,0.009382802,0.0,0.0,0.7659091,0.20512821,0.011312217,0.022624435,0.2
23411888,1,24,0.0,0.0,0.0018239741,0.0,0.0,0.7659091,0.20512821,0.06334842,0.06334842,0.0
23419128,1,10,0.004524887,0.004524887,0.0047211465,0.0,0.2,0.52272725,0.08547009,0.047511313,0.054298643,0.0
23420295,1,24,0.009049774,0.009049774,0.007956008,0.0,0.4,0.7659091,0.20512821,0.122171946,0.27149323,0.0
23425876,1,18,0.0,0.0,0.0018279079,0.0,0.0,0.5159091,0.15384616,0.049773756,0.049773756,0.0
23428392,1,82,0.0,0.0,0.012690343,0.0,0.0,0.0,0.7008547,0.0,0.0,0.2
23436744,1,0,0.0,0.0,0.0019747063,0.0,0.0,1.0,0.0,0.013574661,0.013574661,0.0
23440812,1,24,0.0,0.0,0.0034331388,0.0,0.0,0.7659091,0.20512821,0.004524887,0.004524887,0.2
23456569,1,87,0.0,0.0,0.005170568,0.0,0.0,0.022727273,0.74358976,0.004524887,0.004524887,0.2
23460768,0,0,0.07692308,0.07692308,0.058270942,0.0,1.0,1.0,0.0,0.1706888,1.0,0.2
23469104,1,20,0.009049774,0.009049774,0.0125757335,0.0,0.2,0.26136363,0.17094018,0.01055807,0.022624435,0.2
23480093,0,17,0.03167421,0.03167421,0.028636651,0.0,0.4,0.15227273,0.14529915,0.015837105,0.05882353,0.2
23485991,1,0,0.049773756,0.049773756,0.03484118,0.0,1.0,1.0,0.0,0.06636501,0.25791857,0.0
23491643,1,24,0.0,0.0,0.0018108701,0.0,0.0,0.7659091,0.20512821,0.013574661,0.013574661,0.0
23509707,1,10,0.0,0.0,0.00059089524,0.0,0.0,0.52272725,0.08547009,0.280543,0.280543,0.0
23514314,1,2,0.0,0.0,0.00076464063,0.0,0.0,0.77272725,0.017094018,0.8733032,0.8733032,0.0
23516386,1,24,0.009049774,0.009049774,0.007955304,0.0,0.4,0.7659091,0.20512821,0.07239819,0.13122173,0.2
23538058,1,24,0.0,0.0,0.0036226292,0.0,0.0,0.7659091,0.20512821,0.004524887,0.004524887,0.0
23542242,0,29,0.013574661,0.013574661,0.017164724,0.0,0.2,0.21136364,0.24786325,0.26809955,1.0,0.0
23546586,1,17,0.004524887,0.004524887,0.004664955,0.0,0.2,0.15227273,0.14529915,0.020361992,0.022624435,0.0
23553485,2,19,0.0,0.0,0.00035882945,0.0,0.0,0.40681818,0.16239317,0.1040724,0.1040724,0.2
23558839,1,24,0.004524887,0.004524887,0.005212533,0.0,0.2,0.7659091,0.20512821,0.14932127,0.27149323,0.2
23569466,1,10,0.027149322,0.027149322,0.022381488,0.0,0.4,0.52272725,0.08547009,0.07433743,0.30316743,0.2
23585963,1,18,0.0,0.0,0.0018027264,0.0,0.0,0.5159091,0.15384616,0.08597285,0.08597285,0.4
23602061,1,7,0.0,0.0,0.0032576243,0.0,0.0,0.4568182,0.05982906,0.004524887,0.004524887,0.2
23622398,0,22,0.0,0.0,0.0013123922,0.0,0.0,0.19772728,0.18803419,0.018099548,0.018099548,0.0
23626294,0,1,0.004524887,0.004524887,0.00853575,0.0,0.0,0.6363636,0.008547009,0.5,1.0,0.2
23654898,1,14,0.0,0.0,0.0011621045,0.0,0.0,0.16136363,0.11965812,0.018099548,0.018099548,0.0
23662170,1,84,0.009049774,0.009049774,0.014589612,0.0,0.0,0.0022727272,0.71794873,0.02111614,0.06334842,0.2
23664562,1,27,0.0,0.0,0.0012224194,0.0,0.0,0.25,0.23076923,0.018099548,0.018099548,0.2
23678749,1,27,0.013574661,0.013574661,0.014511991,0.0,0.4,0.25,0.23076923,0.016968327,0.03167421,0.0
23679184,0,29,0.0,0.0,0.0022762148,0.0,0.0,0.21136364,0.24786325,0.009049774,0.009049774,0.2
23686201,0,8,0.0,0.0,0.0009863961,0.0,0.0,0.15454546,0.06837607,0.14932127,0.14932127,0.0
23689320,1,0,0.022624435,0.022624435,0.015501443,0.0,0.8,1.0,0.0,0.20211162,0.8733032,0.0
23713679,1,1,0.0,0.0,0.004426659,0.0,0.0,0.6363636,0.008547009,0.009049774,0.009049774,0.0
23741758,0,22,0.0,0.0,0.0016960358,0.0,0.0,0.19772728,0.18803419,0.040723983,0.040723983,0.0
23756767,1,24,0.0,0.0,0.0018239741,0.0,0.0,0.7659091,0.20512821,0.06334842,0.06334842,0.2
23769455,1,27,0.022624435,0.022624435,0.015386772,0.0,0.6,0.25,0.23076923,0.05882353,0.11312217,0.0
23793502,1,24,0.004524887,0.004524887,0.009360712,0.0,0.0,0.7659091,0.20512821,0.022624435,0.04524887,0.0
23799941,1,103,0.0,0.0,0.012690343,0.0,0.0,0.0,0.8803419,0.0,0.0,0.2
23802496,0,29,0.0,0.0,0.0013042178,0.0,0.0,0.21136364,0.24786325,0.05882353,0.05882353,0.2
23807441,0,29,0.004524887,0.004524887,0.008630838,0.0,0.0,0.21136364,0.24786325,0.011312217,0.022624435,0.0
23815405,1,24,0.009049774,0.009049774,0.010234985,0.0,0.4,0.7659091,0.20512821,0.027149322,0.04524887,0.2
23832567,1,24,0.0,0.0,0.0014036436,0.0,0.0,0.7659091,0.20512821,0.33484164,0.33484164,0.0
23840343,1,0,0.0,0.0,0.00039428956,0.0,0.0,1.0,0.0,0.036199097,0.036199097,0.0
2384071,1,2,0.8733032,0.8733032,0.75689393,0.0,1.0,0.77272725,0.017094018,0.021901386,0.21719457,0.6
23841181,1,0,0.027149322,0.027149322,0.01786883,0.0,0.8,1.0,0.0,0.06658048,0.12669684,0.0
23842725,1,18,0.0,0.0,0.0030088567,0.0,0.0,0.5159091,0.15384616,0.013574661,0.013574661,0.4
23843209,1,25,0.004524887,0.004524887,0.006230922,0.0,0.2,0.052272726,0.21367522,0.03167421,0.05882353,0.2
23845287,2,25,0.009049774,0.009049774,0.01143426,0.0,0.2,0.052272726,0.21367522,0.05882353,0.16742082,0.0
23855565,2,5,0.0,0.0,0.0013294151,0.0,0.0,0.1,0.042735044,0.03167421,0.03167421,0.2
23863891,1,24,0.004524887,0.004524887,0.008893053,0.0,0.2,0.7659091,0.20512821,0.009049774,0.013574661,0.2
23875013,1,1,0.022624435,0.022624435,0.020597465,0.0,0.4,0.6363636,0.008547009,0.039215688,0.12669684,0.0
23875971,0,30,0.004524887,0.004524887,0.0066894493,0.0,0.2,0.14772727,0.25641027,0.50678736,1.0,0.2
23877922,1,2,0.004524887,0.004524887,0.003923473,0.0,0.2,0.77272725,0.017094018,0.108597286,0.14932127,0.0
23882885,1,24,0.0,0.0,0.0012528698,0.0,0.0,0.7659091,0.20512821,0.27149323,0.27149323,0.0
23885448,1,10,0.18099548,0.18099548,0.13816248,0.0,1.0,0.52272725,0.08547009,0.03995144,0.1719457,0.0
23889215,1,18,0.0,0.0,0.0018072992,0.0,0.0,0.5159091,0.15384616,0.022624435,0.022624435,0.0
23906713,1,24,0.0,0.0,0.0028278332,0.0,0.0,0.7659091,0.20512821,0.022624435,0.022624435,0.0
23912636,1,14,0.004524887,0.004524887,0.008696594,0.0,0.0,0.16136363,0.11965812,0.011312217,0.013574661,0.2
23932171,1,24,0.0,0.0,0.0031660725,0.0,0.0,0.7659091,0.20512821,0.009049774,0.009049774,0.2
23933453,1,1,0.0,0.0,0.001239505,0.0,0.0,0.6363636,0.008547009,0.06334842,0.06334842,0.2
23948231,1,24,0.0,0.0,0.0014036436,0.0,0.0,0.7659091,0.20512821,0.33484164,0.33484164,0.2
23966837,2,0,0.0,0.0,0.0007563813,0.0,0.0,1.0,0.0,0.027149322,0.027149322,0.0
23967016,1,72,0.0,0.0,0.012690343,0.0,0.0,0.0,0.61538464,0.0,0.0,0.2
23974256,0,14,0.022624435,0.022624435,0.023700679,0.0,0.4,0.16136363,0.11965812,0.015837105,0.05882353,0.0
23986984,1,9,0.03167421,0.03167421,0.023986073,0.0,0.6,0.23636363,0.07692308,0.046945702,0.1402715,0.0
24000375,1,0,0.0,0.0,0.0009864017,0.0,0.0,1.0,0.0,0.013574661,0.013574661,0.0
24008715,0,3,0.0,0.0,0.0012378412,0.0,0.0,0.15227273,0.025641026,0.04524887,0.04524887,0.0
24060334,1,24,0.040723983,0.040723983,0.04225788,0.0,0.6,0.7659091,0.20512821,0.085067876,0.33484164,0.0
24068931,1,0,0.018099548,0.018099548,0.018872958,0.0,0.2,1.0,0.0,0.033484165,0.1040724,0.0
24119191,1,69,0.0,0.0,0.008470262,0.0,0.0,0.0022727272,0.5897436,0.004524887,0.004524887,0.0
24120763,1,1,0.013574661,0.013574661,0.012429936,0.0,0.4,0.6363636,0.008547009,0.32466063,1.0,0.0
24127258,1,24,0.0,0.0,0.0014580812,0.0,0.0,0.7659091,0.20512821,0.1764706,0.1764706,0.0
24129724,1,2,0.004524887,0.004524887,0.0069228355,0.0,0.2,0.77272725,0.017094018,0.013574661,0.022624435,0.2
24130280,1,9,0.0,0.0,0.0009033324,0.0,0.0,0.23636363,0.07692308,0.018099548,0.018099548,0.4
24141043,1,24,0.0,0.0,0.0034130125,0.0,0.0,0.7659091,0.20512821,0.004524887,0.004524887,0.0
24153737,1,7,0.0,0.0,0.0012148183,0.0,0.0,0.4568182,0.05982906,0.06787331,0.06787331,0.0
24155868,1,96,0.0,0.0,0.004244595,0.0,0.0,0.0022727272,0.82051283,0.004524887,0.004524887,0.4
24173927,1,9,0.004524887,0.004524887,0.0046252627,0.0,0.2,0.23636363,0.07692308,0.07466064,0.1402715,0.0
24187243,0,4,0.013574661,0.013574661,0.011988732,0.0,0.4,0.19090909,0.034188036,0.08936652,0.14932127,0.4
24188726,1,24,0.009049774,0.009049774,0.010742917,0.0,0.2,0.7659091,0.20512821,0.119155355,0.33484164,0.0
24189649,1,24,0.0,0.0,0.0036294162,0.0,0.0,0.7659091,0.20512821,0.004524887,0.004524887,0.0
24197313,1,8,0.018099548,0.018099548,0.013869942,0.0,0.4,0.15454546,0.06837607,0.04162896,0.095022626,0.2
24197480,1,18,0.0,0.0,0.0035860501,0.0,0.0,0.5159091,0.15384616,0.004524887,0.004524887,0.0
24202933,0,22,0.0,0.0,0.0018117469,0.0,0.0,0.19772728,0.18803419,0.018099548,0.018099548,0.2
24208679,0,10,0.022624435,0.022624435,0.018587286,0.0,0.8,0.52272725,0.08547009,0.45550528,1.0,0.4
24214759,0,2,0.004524887,0.004524887,0.007995079,0.0,0.0,0.77272725,0.017094018,0.018099548,0.03167421,0.2
24222115,0,2,0.0,0.0,0.00073987624,0.0,0.0,0.77272725,0.017094018,0.14479639,0.14479639,0.2
24241212,2,14,0.004524887,0.004524887,0.0046183956,0.0,0.2,0.16136363,0.11965812,0.30995476,0.5972851,0.2
24266032,1,29,0.0,0.0,0.0015334707,0.0,0.0,0.21136364,0.24786325,0.022624435,0.022624435,0.6
24266846,0,19,0.009049774,0.009049774,0.007081451,0.0,0.4,0.40681818,0.16239317,0.3770739,0.8733032,0.2
24278053,1,0,0.013574661,0.013574661,0.011223252,0.0,0.4,1.0,0.0,0.04638009,0.1040724,0.4
24280714,1,24,0.013574661,0.013574661,0.01231515,0.0,0.6,0.7659091,0.20512821,0.18552037,0.33484164,0.2
24299336,1,102,0.004524887,0.004524887,0.012377537,0.0,0.2,0.006818182,0.8717949,0.0067873304,0.009049774,0.2
24305062,0,6,0.004524887,0.004524887,0.008541889,0.0,0.2,0.05,0.051282052,0.029411765,0.036199097,0.2
24321605,1,10,0.0,0.0,0.0013854571,0.0,0.0,0.52272725,0.08547009,0.022624435,0.022624435,0.0
24355110,1,0,0.013574661,0.013574661,0.009568496,0.0,0.4,1.0,0.0,0.10520362,0.19004525,0.2
24365037,0,9,0.018099548,0.018099548,0.019312369,0.0,0.2,0.23636363,0.07692308,0.021719458,0.09049774,0.2
24369882,2,19,0.036199097,0.036199097,0.027236946,0.0,0.8,0.40681818,0.16239317,0.04424334,0.11312217,0.0
24380688,1,0,0.054298643,0.054298643,0.039989848,0.0,1.0,1.0,0.0,0.068917505,0.18099548,0.0
24381592,0,57,0.0,0.0,0.012690343,0.0,0.0,0.0,0.4871795,0.0,0.0,0.0
24400109,1,0,0.013574661,0.013574661,0.011391788,0.0,0.4,1.0,0.0,0.0260181,0.036199097,0.4
24401652,1,27,0.0,0.0,0.0010131946,0.0,0.0,0.25,0.23076923,0.027149322,0.027149322,0.0
24415163,1,24,0.009049774,0.009049774,0.0117845945,0.0,0.2,0.7659091,0.20512821,0.037707392,0.08144797,0.2
24422284,1,4,0.004524887,0.004524887,0.009169005,0.0,0.2,0.19090909,0.034188036,0.027149322,0.04524887,0.2
24437093,1,24,0.0,0.0,0.0012528698,0.0,0.0,0.7659091,0.20512821,0.27149323,0.27149323,0.2
24447359,2,19,0.0,0.0,0.0006194072,0.0,0.0,0.40681818,0.16239317,0.30316743,0.30316743,0.2
24469669,1,7,0.009049774,0.009049774,0.014900078,0.0,0.2,0.4568182,0.05982906,0.012066365,0.022624435,0.2
24471813,2,19,0.009049774,0.009049774,0.0072326004,0.0,0.4,0.40681818,0.16239317,0.15233786,0.30316743,0.2
24480574,1,24,0.018099548,0.018099548,0.017267836,0.0,0.4,0.7659091,0.20512821,0.14208145,0.33484164,0.0
24513665,1,7,0.0,0.0,0.0034864491,0.0,0.0,0.4568182,0.05982906,0.054298643,0.054298643,0.0
24535621,1,96,0.004524887,0.004524887,0.010757913,0.0,0.0,0.0022727272,0.82051283,0.0022624435,0.004524887,0.4
24546595,1,0,0.009049774,0.009049774,0.0055908025,0.0,0.4,1.0,0.0,0.1719457,0.25791857,0.2
24560098,1,18,0.009049774,0.009049774,0.00925119,0.0,0.2,0.5159091,0.15384616,0.043740574,0.08597285,0.0
24561360,1,2,0.0,0.0,0.00076464063,0.0,0.0,0.77272725,0.017094018,0.8733032,0.8733032,0.2
24582434,1,18,0.0,0.0,0.0026070294,0.0,0.0,0.5159091,0.15384616,0.018099548,0.018099548,0.2
24599593,2,104,0.0,0.0,0.012690343,0.0,0.0,0.0,0.8888889,0.0,0.0,0.0
24601153,1,18,0.0,0.0,0.002600749,0.0,0.0,0.5159091,0.15384616,0.022624435,0.022624435,0.0
24603879,1,0,0.013574661,0.013574661,0.009551554,0.0,0.4,1.0,0.0,0.115384616,0.25791857,0.0
24605719,1,24,0.013574661,0.013574661,0.013206972,0.0,0.4,0.7659091,0.20512821,0.023755657,0.03167421,0.2
24634969,0,1,0.0,0.0,0.0008062072,0.0,0.0,0.6363636,0.008547009,0.18099548,0.18099548,0.0
24640763,1,20,0.004524887,0.004524887,0.0055536423,0.0,0.2,0.26136363,0.17094018,0.027149322,0.036199097,0.2
24644259,1,2,0.004524887,0.004524887,0.0042724004,0.0,0.2,0.77272725,0.017094018,0.115384616,0.21719457,0.0
24653118,0,9,0.0,0.0,0.0016106422,0.0,0.0,0.23636363,0.07692308,0.013574661,0.013574661,0.2
24653768,0,6,0.0,0.0,0.0030597178,0.0,0.0,0.05,0.051282052,0.036199097,0.036199097,0.0
24661292,1,10,0.004524887,0.004524887,0.010009307,0.0,0.0,0.52272725,0.08547009,0.011312217,0.022624435,0.0
24663433,1,17,0.0,0.0,0.0038994167,0.0,0.0,0.15227273,0.14529915,0.013574661,0.013574661,0.0
24691785,1,2,0.0,0.0,0.00076464063,0.0,0.0,0.77272725,0.017094018,0.8733032,0.8733032,0.0
24694181,1,24,0.004524887,0.004524887,0.008298684,0.0,0.2,0.7659091,0.20512821,0.004524887,0.004524887,0.2
24699440,1,22,0.013574661,0.013574661,0.010271572,0.0,0.4,0.19772728,0.18803419,0.10972851,0.30316743,0.0
24728208,0,27,0.013574661,0.013574661,0.013464062,0.0,0.4,0.25,0.23076923,0.26809955,1.0,0.0
24731038,1,105,0.0,0.0,0.012690343,0.0,0.0,0.0,0.8974359,0.0,0.0,0.2
24747785,1,19,0.0,0.0,0.001230558,0.0,0.0,0.40681818,0.16239317,0.013574661,0.013574661,0.0
24766695,1,0,0.040723983,0.040723983,0.030583747,0.0,0.8,1.0,0.0,0.1081448,0.5972851,0.4
24777860,1,25,0.0,0.0,0.001232795,0.0,0.0,0.052272726,0.21367522,0.013574661,0.013574661,0.0
24795477,0,4,0.022624435,0.022624435,0.019119378,0.0,0.4,0.19090909,0.034188036,0.06561086,0.14932127,0.0
24800593,1,39,0.0,0.0,0.012690343,0.0,0.0,0.0,0.33333334,0.0,0.0,0.2
24812917,1,20,0.009049774,0.009049774,0.011976438,0.0,0.2,0.26136363,0.17094018,0.01055807,0.022624435,0.0
24821116,1,24,0.013574661,0.013574661,0.014099709,0.0,0.4,0.7659091,0.20512821,0.023755657,0.06334842,0.0
24823150,1,18,0.0,0.0,0.0017618721,0.0,0.0,0.5159091,0.15384616,0.07692308,0.07692308,0.0
24823649,1,18,0.004524887,0.004524887,0.0063356454,0.0,0.2,0.5159091,0.15384616,0.009049774,0.009049774,0.4
24829706,1,10,0.0,0.0,0.0011387942,0.0,0.0,0.52272725,0.08547009,0.027149322,0.027149322,0.0
24847667,0,8,0.009049774,0.009049774,0.0077898535,0.0,0.4,0.15454546,0.06837607,0.060331825,0.14932127,0.0
24853652,1,24,0.0,0.0,0.0012528698,0.0,0.0,0.7659091,0.20512821,0.27149323,0.27149323,0.2
24863940,2,0,0.0,0.0,0.00020015647,0.0,0.0,1.0,0.0,0.5972851,0.5972851,0.0
24876633,1,1,0.004524887,0.004524887,0.0042641936,0.0,0.2,0.6363636,0.008547009,0.51357466,1.0,0.2
24879395,0,19,0.0,0.0,0.0018382443,0.0,0.0,0.40681818,0.16239317,0.013574661,0.013574661,0.2
24882838,1,7,0.004524887,0.004524887,0.0053567938,0.0,0.2,0.4568182,0.05982906,0.05882353,0.08144797,0.0
24886520,1,24,0.0,0.0,0.0014036436,0.0,0.0,0.7659091,0.20512821,0.33484164,0.33484164,0.0
24889381,0,4,0.004524887,0.004524887,0.0053762365,0.0,0.2,0.19090909,0.034188036,0.50678736,1.0,0.2
24902362,1,18,0.0,0.0,0.0019755547,0.0,0.0,0.5159091,0.15384616,0.018099548,0.018099548,0.0
24902648,0,10,0.013574661,0.013574661,0.010691115,0.0,0.4,0.52272725,0.08547009,0.028280543,0.049773756,0.6
24906622,1,0,0.11312217,0.11312217,0.075942226,0.0,1.0,1.0,0.0,0.08701705,0.5972851,0.0
24910181,1,38,0.009049774,0.009049774,0.019945668,0.0,0.0,0.07727273,0.32478634,0.0015082957,0.004524887,0.0
24910814,2,19,0.004524887,0.004524887,0.004315663,0.0,0.2,0.40681818,0.16239317,0.15837105,0.30316743,0.0
24918830,0,10,0.004524887,0.004524887,0.005341655,0.0,0.2,0.52272725,0.08547009,0.16968326,0.30316743,0.4
24920619,0,24,0.009049774,0.009049774,0.0074060927,0.0,0.4,0.7659091,0.20512821,0.028657617,0.049773756,0.2
24922522,1,10,0.022624435,0.022624435,0.017721402,0.0,0.8,0.52272725,0.08547009,0.31598794,0.8733032,0.0
24931228,1,22,0.0,0.0,0.0011810235,0.0,0.0,0.19772728,0.18803419,0.022624435,0.022624435,0.2
24936920,1,62,0.0,0.0,0.012690343,0.0,0.0,0.0,0.52991456,0.0,0.0,0.0
24947250,0,22,0.004524887,0.004524887,0.009305942,0.0,0.0,0.19772728,0.18803419,0.011312217,0.022624435,0.2
2495,1,2,0.05882353,0.05882353,0.05086486,0.0,0.6,0.77272725,0.017094018,0.026179703,0.14932127,0.0
24971746,1,21,0.009049774,0.009049774,0.010328546,0.0,0.2,0.125,0.17948718,0.02111614,0.054298643,0.0
24973585,1,13,0.0,0.0,0.0023428858,0.0,0.0,0.13863637,0.11111111,0.018099548,0.018099548,0.0
24983519,0,1,0.0,0.0,0.0012710884,0.0,0.0,0.6363636,0.008547009,1.0,1.0,0.0
24987071,2,19,0.004524887,0.004524887,0.0039557097,0.0,0.2,0.40681818,0.16239317,0.040723983,0.07239819,0.2
25033333,0,10,0.0,0.0,0.00056172616,0.0,0.0,0.52272725,0.08547009,0.30316743,0.30316743,0.2
25045345,1,0,0.013574661,0.013574661,0.009166817,0.0,0.6,1.0,0.0,0.10520362,0.16289593,0.0
25094692,1,0,0.0,0.0,0.0007788552,0.0,0.0,1.0,0.0,0.03167421,0.03167421,0.0
25159425,1,20,0.0,0.0,0.0016271345,0.0,0.0,0.26136363,0.17094018,0.022624435,0.022624435,0.2
25172126,1,76,0.0,0.0,0.012690343,0.0,0.0,0.0,0.6495727,0.0,0.0,0.2
25181001,1,24,0.0,0.0,0.0017885123,0.0,0.0,0.7659091,0.20512821,0.04524887,0.04524887,0.0
25184645,0,9,0.013574661,0.013574661,0.012121836,0.0,0.4,0.23636363,0.07692308,0.108597286,0.25339368,0.2
2520,1,22,0.004524887,0.004524887,0.0042292587,0.0,0.2,0.19772728,0.18803419,0.033936653,0.054298643,0.0
25202593,1,18,0.009049774,0.009049774,0.011385551,0.0,0.2,0.5159091,0.15384616,0.046757165,0.11312217,0.2
25210674,1,24,0.004524887,0.004524887,0.0051842136,0.0,0.2,0.7659091,0.20512821,0.1764706,0.27149323,0.0
25219716,1,0,0.004524887,0.004524887,0.0038304965,0.0,0.2,1.0,0.0,0.018099548,0.022624435,0.0
25232217,0,78,0.0,0.0,0.0073390203,0.0,0.0,0.0045454544,0.6666667,0.004524887,0.004524887,0.0
25264350,1,7,0.013574661,0.013574661,0.0177673,0.0,0.2,0.4568182,0.05982906,0.0079185525,0.018099548,0.2
25268947,1,7,0.0,0.0,0.0031608618,0.0,0.0,0.4568182,0.05982906,0.009049774,0.009049774,0.0
25274236,1,44,0.0,0.0,0.012690343,0.0,0.0,0.0,0.37606838,0.0,0.0,0.0
25281456,0,9,0.0,0.0,0.0006929256,0.0,0.0,0.23636363,0.07692308,0.05882353,0.05882353,0.0
25283577,1,30,0.013574661,0.013574661,0.011336213,0.0,0.4,0.14772727,0.25641027,0.01923077,0.027149322,0.0
25293746,1,2,0.004524887,0.004524887,0.0038313994,0.0,0.2,0.77272725,0.017094018,0.036199097,0.05882353,0.4
25343925,1,65,0.0,0.0,0.008470262,0.0,0.0,0.0022727272,0.5555556,0.004524887,0.004524887,0.2
25377274,1,10,0.0,0.0,0.0006610269,0.0,0.0,0.52272725,0.08547009,0.054298643,0.054298643,0.2
25385002,1,4,0.0,0.0,0.0011111919,0.0,0.0,0.19090909,0.034188036,0.049773756,0.049773756,0.0
2538581,0,6,0.0,0.0,0.0030597178,0.0,0.0,0.05,0.051282052,0.036199097,0.036199097,0.2
25389502,1,81,0.0,0.0,0.012690343,0.0,0.0,0.0,0.6923077,0.0,0.0,0.4
25390038,1,24,0.0,0.0,0.0035058898,0.0,0.0,0.7659091,0.20512821,0.004524887,0.004524887,0.2
25393808,1,0,0.03167421,0.03167421,0.02625125,0.0,0.6,1.0,0.0,0.07013575,0.1719457,0.0
25399568,1,35,0.004524887,0.004524887,0.011639716,0.0,0.0,0.08181818,0.2991453,0.0067873304,0.009049774,0.0
25418870,1,24,0.004524887,0.004524887,0.010981443,0.0,0.0,0.7659091,0.20512821,0.004524887,0.009049774,0.0
25434484,2,5,0.009049774,0.009049774,0.009460951,0.0,0.2,0.1,0.042735044,0.013574661,0.018099548,0.4
25448109,1,24,0.0,0.0,0.002054722,0.0,0.0,0.7659091,0.20512821,0.018099548,0.018099548,0.0
25456152,1,24,0.04524887,0.04524887,0.036106873,0.0,1.0,0.7659091,0.20512821,0.3192102,1.0,0.0
25463087,1,20,0.0,0.0,0.004164321,0.0,0.0,0.26136363,0.17094018,0.004524887,0.004524887,0.0
25464103,1,24,0.004524887,0.004524887,0.0072808745,0.0,0.2,0.7659091,0.20512821,0.033936653,0.06334842,0.0
25466028,1,2,0.0,0.0,0.00076464063,0.0,0.0,0.77272725,0.017094018,0.8733032,0.8733032,0.0
25468909,1,10,0.036199097,0.036199097,0.025614357,0.0,1.0,0.52272725,0.08547009,0.39567623,1.0,0.4
25477060,1,2,0.0,0.0,0.0044172844,0.0,0.0,0.77272725,0.017094018,0.013574661,0.013574661,0.2
25500750,1,1,0.0,0.0,0.0014721202,0.0,0.0,0.6363636,0.008547009,0.027149322,0.027149322,0.0
25515118,1,18,0.0,0.0,0.0017618721,0.0,0.0,0.5159091,0.15384616,0.07692308,0.07692308,0.2
25519553,1,24,0.018099548,0.018099548,0.02083852,0.0,0.2,0.7659091,0.20512821,0.02443439,0.09049774,0.2
25542280,1,24,0.004524887,0.004524887,0.006792404,0.0,0.2,0.7659091,0.20512821,0.17873304,0.33484164,0.0
25543989,1,101,0.0,0.0,0.008470262,0.0,0.0,0.0022727272,0.8632479,0.004524887,0.004524887,0.2
25546904,1,27,0.03167421,0.03167421,0.023188109,0.0,0.6,0.25,0.23076923,0.05938914,0.16289593,0.0
25552427,1,0,0.009049774,0.009049774,0.006965382,0.0,0.4,1.0,0.0,0.3484163,0.8733032,0.2
25580589,1,24,0.013574661,0.013574661,0.0121032465,0.0,0.4,0.7659091,0.20512821,0.033936653,0.06334842,0.0
25582095,1,18,0.009049774,0.009049774,0.011650891,0.0,0.2,0.5159091,0.15384616,0.01055807,0.018099548,0.2
25583120,1,18,0.0,0.0,0.0017618721,0.0,0.0,0.5159091,0.15384616,0.07692308,0.07692308,0.0
25587988,1,7,0.0,0.0,0.0013565416,0.0,0.0,0.4568182,0.05982906,0.08144797,0.08144797,0.0
25591977,1,29,0.013574661,0.013574661,0.009698395,0.0,0.6,0.21136364,0.24786325,0.12556562,0.30316743,0.0
25595093,1,27,0.004524887,0.004524887,0.0040715826,0.0,0.2,0.25,0.23076923,0.03846154,0.049773756,0.2
25596413,0,68,0.004524887,0.004524887,0.021130506,0.0,0.0,0.0022727272,0.5811966,0.0,0.0,0.2
25602221,1,18,0.009049774,0.009049774,0.012607248,0.0,0.2,0.5159091,0.15384616,0.018099548,0.04524887,0.4
25618697,2,19,0.004524887,0.004524887,0.0037141293,0.0,0.2,0.40681818,0.16239317,0.11085973,0.11764706,0.2
25621469,1,18,0.018099548,0.018099548,0.02713682,0.0,0.2,0.5159091,0.15384616,0.0036199095,0.009049774,0.2
25624117,1,4,0.0,0.0,0.0038869902,0.0,0.0,0.19090909,0.034188036,0.04524887,0.04524887,0.4
25638591,1,24,0.009049774,0.009049774,0.016624836,0.0,0.0,0.7659091,0.20512821,0.013574661,0.040723983,0.2
25652452,1,24,0.0,0.0,0.0022616326,0.0,0.0,0.7659091,0.20512821,0.018099548,0.018099548,0.0
25652849,1,8,0.022624435,0.022624435,0.016122686,0.0,0.6,0.15454546,0.06837607,0.08748115,0.25791857,0.0
25663963,1,17,0.004524887,0.004524887,0.009129088,0.0,0.2,0.15227273,0.14529915,0.011312217,0.013574661,0.0
25670595,1,18,0.004524887,0.004524887,0.0068576946,0.0,0.2,0.5159091,0.15384616,0.013574661,0.018099548,0.0
25671752,2,104,0.0,0.0,0.012690343,0.0,0.0,0.0,0.8888889,0.0,0.0,0.2
25677530,1,10,0.0,0.0,0.00059089524,0.0,0.0,0.52272725,0.08547009,0.280543,0.280543,0.2
25681991,1,9,0.1402715,0.1402715,0.1031023,0.0,1.0,0.23636363,0.07692308,0.050197963,0.25791857,0.4
25684080,1,18,0.009049774,0.009049774,0.011561324,0.0,0.2,0.5159091,0.15384616,0.054298643,0.1402715,0.4
25710052,1,2,0.0,0.0,0.0033625183,0.0,0.0,0.77272725,0.017094018,0.004524887,0.004524887,0.2
25721532,1,18,0.004524887,0.004524887,0.0081210425,0.0,0.2,0.5159091,0.15384616,0.022624435,0.03167421,0.0
25731254,1,31,0.0,0.0,0.012690343,0.0,0.0,0.0,0.26495728,0.0,0.0,0.0
25752192,1,21,0.004524887,0.004524887,0.0046927403,0.0,0.2,0.125,0.17948718,0.020361992,0.03167421,0.4
25753282,1,18,0.0,0.0,0.0009525607,0.0,0.0,0.5159091,0.15384616,0.13122173,0.13122173,0.0
25784828,1,35,0.027149322,0.027149322,0.028890641,0.0,0.2,0.08181818,0.2991453,0.014221073,0.054298643,0.0
25791150,1,24,0.0,0.0,0.0014036436,0.0,0.0,0.7659091,0.20512821,0.33484164,0.33484164,0.0
25800870,1,7,0.0,0.0,0.0014379042,0.0,0.0,0.4568182,0.05982906,0.022624435,0.022624435,0.0
25803035,1,102,0.004524887,0.004524887,0.01256967,0.0,0.2,0.006818182,0.8717949,0.004524887,0.004524887,0.2
25834141,0,8,0.004524887,0.004524887,0.0064113443,0.0,0.2,0.15454546,0.06837607,0.5022625,1.0,0.0
25840488,1,27,0.0,0.0,0.0025012633,0.0,0.0,0.25,0.23076923,0.018099548,0.018099548,0.0
25841161,1,10,0.009049774,0.009049774,0.007394034,0.0,0.2,0.52272725,0.08547009,0.108597286,0.18099548,0.4
25847047,1,9,0.013574661,0.013574661,0.010036434,0.0,0.6,0.23636363,0.07692308,0.066742085,0.14932127,0.2
25850372,1,17,0.013574661,0.013574661,0.02504117,0.0,0.2,0.15227273,0.14529915,0.0056561087,0.013574661,0.2
25861494,1,18,0.009049774,0.009049774,0.010241248,0.0,0.2,0.5159091,0.15384616,0.052790347,0.13122173,0.0
25889080,1,10,0.0,0.0,0.00059089524,0.0,0.0,0.52272725,0.08547009,0.280543,0.280543,0.0
25916660,1,4,0.009049774,0.009049774,0.020512968,0.0,0.0,0.19090909,0.034188036,0.0030165913,0.009049774,0.2
25920592,1,27,0.009049774,0.009049774,0.00920645,0.0,0.2,0.25,0.23076923,0.025641026,0.03167421,0.0
25929128,1,14,0.004524887,0.004524887,0.012295803,0.0,0.0,0.16136363,0.11965812,0.0022624435,0.004524887,0.0
25933353,1,29,0.027149322,0.027149322,0.022902995,0.0,0.6,0.21136364,0.24786325,0.04848093,0.13122173,0.0
25935484,2,19,0.009049774,0.009049774,0.008006012,0.0,0.2,0.40681818,0.16239317,0.10708899,0.30316743,0.0
2594881,1,24,0.0,0.0,0.0014580812,0.0,0.0,0.7659091,0.20512821,0.1764706,0.1764706,0.0
25964451,1,19,0.009049774,0.009049774,0.009267793,0.0,0.2,0.40681818,0.16239317,0.04524887,0.1040724,0.0
25967281,1,24,0.009049774,0.009049774,0.009712948,0.0,0.4,0.7659091,0.20512821,0.10105581,0.27149323,0.2
25967442,0,38,0.0,0.0,0.0023687931,0.0,0.0,0.07727273,0.32478634,0.013574661,0.013574661,0.4
25975653,1,10,0.0,0.0,0.00059089524,0.0,0.0,0.52272725,0.08547009,0.280543,0.280543,0.4
25982406,0,4,0.009049774,0.009049774,0.013573722,0.0,0.2,0.19090909,0.034188036,0.007541478,0.013574661,0.0
25988864,1,3,0.004524887,0.004524887,0.0037152646,0.0,0.2,0.15227273,0.025641026,0.08144797,0.15384616,0.4
26006577,1,10,0.009049774,0.009049774,0.006407768,0.0,0.4,0.52272725,0.08547009,0.049773756,0.06787331,0.0
26038230,1,17,0.004524887,0.004524887,0.006755063,0.0,0.2,0.15227273,0.14529915,0.08371041,0.15384616,0.4
26047548,1,20,0.0,0.0,0.0040155305,0.0,0.0,0.26136363,0.17094018,0.004524887,0.004524887,0.2
26061739,1,10,0.004524887,0.004524887,0.004464397,0.0,0.2,0.52272725,0.08547009,0.047511313,0.08597285,0.4
26061741,0,17,0.004524887,0.004524887,0.007848757,0.0,0.0,0.15227273,0.14529915,0.029411765,0.05882353,0.0
26082001,1,13,0.0,0.0,0.0016449156,0.0,0.0,0.13863637,0.11111111,0.06334842,0.06334842,0.2
26086035,1,24,0.0,0.0,0.0012528698,0.0,0.0,0.7659091,0.20512821,0.27149323,0.27149323,0.0
26089632,1,20,0.0,0.0,0.0021056437,0.0,0.0,0.26136363,0.17094018,0.018099548,0.018099548,0.2
26090755,1,0,0.0,0.0,0.00040972634,0.0,0.0,1.0,0.0,0.027149322,0.027149322,0.0
26094715,1,24,0.0,0.0,0.0037056312,0.0,0.0,0.7659091,0.20512821,0.004524887,0.004524887,0.0
26128352,1,1,0.004524887,0.004524887,0.004859565,0.0,0.2,0.6363636,0.008547009,0.022624435,0.03167421,0.0
26245943,1,21,0.0,0.0,0.00094029866,0.0,0.0,0.125,0.17948718,0.03167421,0.03167421,0.0
26250561,1,7,0.0,0.0,0.0047863796,0.0,0.0,0.4568182,0.05982906,0.004524887,0.004524887,0.0
26267569,1,0,0.0,0.0,0.00010983438,0.0,0.0,1.0,0.0,0.29411766,0.29411766,0.0
2628591,1,2,0.0,0.0,0.00076464063,0.0,0.0,0.77272725,0.017094018,0.8733032,0.8733032,0.2
26287227,1,30,0.004524887,0.004524887,0.0045062616,0.0,0.2,0.14772727,0.25641027,0.03167421,0.040723983,0.2
26310302,1,24,0.0,0.0,0.002291634,0.0,0.0,0.7659091,0.20512821,0.009049774,0.009049774,0.2
26336265,1,4,0.0,0.0,0.0028584397,0.0,0.0,0.19090909,0.034188036,0.018099548,0.018099548,0.0
26336343,1,24,0.004524887,0.004524887,0.0054925564,0.0,0.2,0.7659091,0.20512821,0.1764706,0.33484164,0.0
26338809,1,102,0.0,0.0,0.0048757936,0.0,0.0,0.006818182,0.8717949,0.009049774,0.009049774,0.0
26343712,1,1,0.013574661,0.013574661,0.010372698,0.0,0.4,0.6363636,0.008547009,0.09841629,0.21719457,0.0
26344156,1,24,0.004524887,0.004524887,0.0074148364,0.0,0.2,0.7659091,0.20512821,0.009049774,0.009049774,0.0
26344853,1,61,0.0,0.0,0.008470262,0.0,0.0,0.0022727272,0.52136755,0.004524887,0.004524887,0.0
26348935,1,10,0.004524887,0.004524887,0.0037135489,0.0,0.2,0.52272725,0.08547009,0.29185522,0.30316743,0.0
26357006,1,18,0.0,0.0,0.003166673,0.0,0.0,0.5159091,0.15384616,0.013574661,0.013574661,0.2
26357737,0,1,0.0,0.0,0.0012710884,0.0,0.0,0.6363636,0.008547009,1.0,1.0,0.2
26361292,1,10,0.004524887,0.004524887,0.0037021332,0.0,0.2,0.52272725,0.08547009,0.13574661,0.25339368,0.0
26361561,1,24,0.0,0.0,0.004657991,0.0,0.0,0.7659091,0.20512821,0.004524887,0.004524887,0.2
26363100,1,24,0.0,0.0,0.0020697783,0.0,0.0,0.7659091,0.20512821,0.022624435,0.022624435,0.2
26368568,1,18,0.013574661,0.013574661,0.016397746,0.0,0.2,0.5159091,0.15384616,0.015837105,0.027149322,0.0
26384168,1,97,0.0,0.0,0.012690343,0.0,0.0,0.0,0.82905984,0.0,0.0,0.4
26389613,1,0,0.004524887,0.004524887,0.003246357,0.0,0.2,1.0,0.0,0.09276018,0.16289593,0.4
26433072,2,19,0.009049774,0.009049774,0.006850858,0.0,0.4,0.40681818,0.16239317,0.122171946,0.30316743,0.0
26434364,0,0,0.0,0.0,0.00048012735,0.0,0.0,1.0,0.0,0.1040724,0.1040724,0.0
26434435,0,24,0.004524887,0.004524887,0.010144991,0.0,0.0,0.7659091,0.20512821,0.015837105,0.03167421,0.2
26440043,1,24,0.004524887,0.004524887,0.007189197,0.0,0.2,0.7659091,0.20512821,0.09049774,0.1764706,0.0
26454650,1,0,0.0,0.0,0.00029511374,0.0,0.0,1.0,0.0,0.09954751,0.09954751,0.2
26467174,1,1,0.0,0.0,0.0014303531,0.0,0.0,0.6363636,0.008547009,0.054298643,0.054298643,0.0
26473619,0,4,0.049773756,0.049773756,0.04641962,0.0,0.4,0.19090909,0.034188036,0.032428358,0.108597286,0.0
26478351,0,24,0.009049774,0.009049774,0.01029051,0.0,0.2,0.7659091,0.20512821,0.092006035,0.25791857,0.2
26513550,0,5,0.004524887,0.004524887,0.012031344,0.0,0.0,0.1,0.042735044,0.0022624435,0.004524887,0.0
26518245,0,0,0.036199097,0.036199097,0.026990507,0.0,0.6,1.0,0.0,0.044746105,0.09049774,0.0
26557792,1,24,0.0,0.0,0.0013987356,0.0,0.0,0.7659091,0.20512821,0.027149322,0.027149322,0.0
26565599,1,10,0.004524887,0.004524887,0.0045261425,0.0,0.2,0.52272725,0.08547009,0.024886878,0.03167421,0.0
26575561,1,13,0.0,0.0,0.004057005,0.0,0.0,0.13863637,0.11111111,0.009049774,0.009049774,0.0
26586889,2,19,0.004524887,0.004524887,0.0038786703,0.0,0.2,0.40681818,0.16239317,0.040723983,0.06787331,0.2
2661731,1,20,0.018099548,0.018099548,0.020286722,0.0,0.2,0.26136363,0.17094018,0.012669683,0.022624435,0.0
26630786,1,18,0.013574661,0.013574661,0.021809844,0.0,0.2,0.5159091,0.15384616,0.0033936652,0.009049774,0.0
26662482,1,24,0.004524887,0.004524887,0.006463879,0.0,0.2,0.7659091,0.20512821,0.042986427,0.08144797,0.2
26663754,1,24,0.013574661,0.013574661,0.016100336,0.0,0.2,0.7659091,0.20512821,0.15384616,0.33484164,0.2
26694808,0,1,0.0,0.0,0.0012710884,0.0,0.0,0.6363636,0.008547009,1.0,1.0,0.2
26713238,1,2,0.0,0.0,0.0007283491,0.0,0.0,0.77272725,0.017094018,0.027149322,0.027149322,0.0
26713654,1,0,0.0,0.0,0.0005980502,0.0,0.0,1.0,0.0,0.1402715,0.1402715,0.0
26740586,1,22,0.0,0.0,0.0016960358,0.0,0.0,0.19772728,0.18803419,0.040723983,0.040723983,0.2
26747105,0,0,0.07239819,0.07239819,0.05036877,0.0,1.0,1.0,0.0,0.06601012,0.25791857,0.0
26755061,1,24,0.0,0.0,0.0013704164,0.0,0.0,0.7659091,0.20512821,0.08144797,0.08144797,0.2
26763525,1,20,0.013574661,0.013574661,0.01231534,0.0,0.4,0.26136363,0.17094018,0.033936653,0.08597285,0.0
26766494,2,0,0.040723983,0.040723983,0.026615987,0.0,0.8,1.0,0.0,0.101809956,0.5972851,0.0
26771859,1,24,0.009049774,0.009049774,0.012583125,0.0,0.2,0.7659091,0.20512821,0.013574661,0.022624435,0.2
26774191,0,29,0.009049774,0.009049774,0.011673363,0.0,0.2,0.21136364,0.24786325,0.012066365,0.027149322,0.2
26775646,1,7,0.0,0.0,0.0013565416,0.0,0.0,0.4568182,0.05982906,0.08144797,0.08144797,0.0
2677771,1,2,0.0,0.0,0.0021602528,0.0,0.0,0.77272725,0.017094018,0.009049774,0.009049774,0.0
26824146,0,0,0.009049774,0.009049774,0.00735911,0.0,0.4,1.0,0.0,0.037707392,0.05882353,0.2
26827667,1,1,0.009049774,0.009049774,0.009531466,0.0,0.4,0.6363636,0.008547009,0.025641026,0.036199097,0.0
26841567,1,18,0.03167421,0.03167421,0.034842588,0.0,0.4,0.5159091,0.15384616,0.03789593,0.13122173,0.0
26852551,1,0,0.0,0.0,0.0032681762,0.0,0.0,1.0,0.0,0.004524887,0.004524887,0.2
26859441,0,1,0.004524887,0.004524887,0.0045233653,0.0,0.2,0.6363636,0.008547009,0.5090498,1.0,0.0
26865845,1,22,0.009049774,0.009049774,0.008901758,0.0,0.2,0.19772728,0.18803419,0.20512821,0.5972851,0.0
26869589,0,1,0.0,0.0,0.002371934,0.0,0.0,0.6363636,0.008547009,0.009049774,0.009049774,0.2
26878079,1,2,0.0,0.0,0.0007463372,0.0,0.0,0.77272725,0.017094018,0.06787331,0.06787331,0.2
26885687,1,0,0.0,0.0,0.00040873804,0.0,0.0,1.0,0.0,0.054298643,0.054298643,0.0
26899638,2,19,0.0,0.0,0.00051172986,0.0,0.0,0.40681818,0.16239317,0.06787331,0.06787331,0.0
26909507,1,29,0.004524887,0.004524887,0.0041231327,0.0,0.2,0.21136364,0.24786325,0.07466064,0.08144797,0.4
26911668,1,18,0.027149322,0.027149322,0.02912482,0.0,0.4,0.5159091,0.15384616,0.029088559,0.13122173,0.2
26926095,1,14,0.004524887,0.004524887,0.0039579845,0.0,0.2,0.16136363,0.11965812,0.1561086,0.25339368,0.0
26943787,1,24,0.04524887,0.04524887,0.050693646,0.0,0.4,0.7659091,0.20512821,0.038255863,0.27149323,0.0
26945207,0,1,0.0,0.0,0.0012710884,0.0,0.0,0.6363636,0.008547009,1.0,1.0,0.0
26950569,0,20,0.013574661,0.013574661,0.017847337,0.0,0.2,0.26136363,0.17094018,0.012443439,0.03167421,0.2
26951888,1,87,0.013574661,0.013574661,0.022431081,0.0,0.2,0.022727273,0.74358976,0.010180996,0.018099548,0.0
26960967,0,6,0.004524887,0.004524887,0.01004545,0.0,0.2,0.05,0.051282052,0.0067873304,0.009049774,0.2
26962282,1,0,0.0,0.0,0.0028892537,0.0,0.0,1.0,0.0,0.004524887,0.004524887,0.0
26973491,1,29,0.0,0.0,0.0030775003,0.0,0.0,0.21136364,0.24786325,0.040723983,0.040723983,0.0
26991891,0,13,0.004524887,0.004524887,0.0037178479,0.0,0.2,0.13863637,0.11111111,0.08371041,0.1402715,0.0
26994899,1,0,0.0,0.0,6.3670894e-05,0.0,0.0,1.0,0.0,0.054298643,0.054298643,0.4
27005052,1,20,0.0,0.0,0.0012754437,0.0,0.0,0.26136363,0.17094018,0.018099548,0.018099548,0.0
27014448,1,4,0.018099548,0.018099548,0.015823739,0.0,0.4,0.19090909,0.034188036,0.049773756,0.12669684,0.2
27015480,0,1,0.0,0.0,0.0012710884,0.0,0.0,0.6363636,0.008547009,1.0,1.0,0.0
27041690,1,24,0.0,0.0,0.0018239741,0.0,0.0,0.7659091,0.20512821,0.06334842,0.06334842,0.8
27051306,0,10,0.004524887,0.004524887,0.004393742,0.0,0.2,0.52272725,0.08547009,0.65158373,1.0,0.4
27060950,0,1,0.0,0.0,0.0012710884,0.0,0.0,0.6363636,0.008547009,1.0,1.0,0.2
27067262,1,0,0.013574661,0.013574661,0.012694651,0.0,0.2,1.0,0.0,0.015837105,0.036199097,0.4
27068053,1,24,0.009049774,0.009049774,0.0080851475,0.0,0.2,0.7659091,0.20512821,0.04223228,0.09049774,0.0
27077016,1,21,0.004524887,0.004524887,0.0107493,0.0,0.0,0.125,0.17948718,0.009049774,0.018099548,0.0
27093722,1,30,0.004524887,0.004524887,0.004881843,0.0,0.2,0.14772727,0.25641027,0.020361992,0.022624435,0.2
27097694,1,106,0.004524887,0.004524887,0.011080308,0.0,0.0,0.01590909,0.9059829,0.009049774,0.013574661,0.0
27107578,0,17,0.0,0.0,0.0029963956,0.0,0.0,0.15227273,0.14529915,0.004524887,0.004524887,0.0
27109599,0,20,0.0,0.0,0.0049252105,0.0,0.0,0.26136363,0.17094018,0.004524887,0.004524887,0.4
27120518,1,10,0.022624435,0.022624435,0.016776606,0.0,1.0,0.52272725,0.08547009,0.48190045,1.0,0.2
27127082,1,27,0.004524887,0.004524887,0.004741669,0.0,0.2,0.25,0.23076923,0.50678736,1.0,0.2
27131872,2,19,0.018099548,0.018099548,0.012873971,0.0,0.6,0.40681818,0.16239317,0.14932127,0.30316743,0.0
27132703,1,1,0.013574661,0.013574661,0.015851019,0.0,0.2,0.6363636,0.008547009,0.012443439,0.036199097,0.2
27177009,1,24,0.0,0.0,0.0017866291,0.0,0.0,0.7659091,0.20512821,0.018099548,0.018099548,0.0
27185074,1,18,0.004524887,0.004524887,0.0060334634,0.0,0.2,0.5159091,0.15384616,0.027149322,0.04524887,0.0
27197438,1,10,0.013574661,0.013574661,0.01163379,0.0,0.4,0.52272725,0.08547009,0.030542986,0.054298643,0.0
27280930,1,18,0.004524887,0.004524887,0.0066141794,0.0,0.2,0.5159091,0.15384616,0.06561086,0.11312217,0.0
27301759,1,24,0.018099548,0.018099548,0.018525474,0.0,0.2,0.7659091,0.20512821,0.095022626,0.27149323,0.4
27304100,0,10,0.013574661,0.013574661,0.011189068,0.0,0.4,0.52272725,0.08547009,0.035067875,0.054298643,0.0
27325588,1,24,0.009049774,0.009049774,0.011534455,0.0,0.2,0.7659091,0.20512821,0.028657617,0.06334842,0.0
27362221,0,10,0.004524887,0.004524887,0.0037135489,0.0,0.2,0.52272725,0.08547009,0.29185522,0.30316743,0.2
27366452,0,0,0.009049774,0.009049774,0.0076845344,0.0,0.2,1.0,0.0,0.02111614,0.036199097,0.2
27371047,1,13,0.0,0.0,0.004904538,0.0,0.0,0.13863637,0.11111111,0.013574661,0.013574661,0.0
27384145,2,19,0.0,0.0,0.0006194072,0.0,0.0,0.40681818,0.16239317,0.30316743,0.30316743,0.4
27423405,1,24,0.0,0.0,0.0012528698,0.0,0.0,0.7659091,0.20512821,0.27149323,0.27149323,0.0
27425310,0,9,0.018099548,0.018099548,0.015055566,0.0,0.6,0.23636363,0.07692308,0.24162896,0.8733032,0.2
27426369,2,19,0.009049774,0.009049774,0.006936264,0.0,0.4,0.40681818,0.16239317,0.12669684,0.30316743,0.2
27444001,1,4,0.0,0.0,0.0038869902,0.0,0.0,0.19090909,0.034188036,0.04524887,0.04524887,0.0
27449131,1,18,0.0,0.0,0.0017107975,0.0,0.0,0.5159091,0.15384616,0.03167421,0.03167421,0.0
27466659,1,13,0.0,0.0,0.0016449156,0.0,0.0,0.13863637,0.11111111,0.06334842,0.06334842,0.0
27486099,1,24,0.036199097,0.036199097,0.029714786,0.0,0.6,0.7659091,0.20512821,0.34942183,1.0,0.6
27491648,1,1,0.013574661,0.013574661,0.011696156,0.0,0.4,0.6363636,0.008547009,0.03733032,0.054298643,0.4
27512951,0,8,0.14932127,0.14932127,0.13627718,0.0,0.6,0.15454546,0.06837607,0.011977642,0.049773756,0.2
27536246,1,4,0.004524887,0.004524887,0.013979,0.0,0.0,0.19090909,0.034188036,0.004524887,0.009049774,0.0
27557882,1,18,0.009049774,0.009049774,0.013072924,0.0,0.2,0.5159091,0.15384616,0.013574661,0.022624435,0.2
27568464,1,107,0.0,0.0,0.012690343,0.0,0.0,0.0,0.9145299,0.0,0.0,0.0
27573564,1,13,0.0,0.0,0.0039626984,0.0,0.0,0.13863637,0.11111111,0.009049774,0.009049774,0.0
27578602,0,4,0.0,0.0,0.0011076122,0.0,0.0,0.19090909,0.034188036,0.07692308,0.07692308,0.0
27597623,1,24,0.004524887,0.004524887,0.0053420165,0.0,0.2,0.7659091,0.20512821,0.020361992,0.03167421,0.2
27600350,1,0,0.06787331,0.06787331,0.054478817,0.0,1.0,1.0,0.0,0.09276018,0.5972851,0.2
27603170,1,1,0.0,0.0,0.0014303531,0.0,0.0,0.6363636,0.008547009,0.054298643,0.054298643,0.2
27630383,1,18,0.0,0.0,0.0018027264,0.0,0.0,0.5159091,0.15384616,0.08597285,0.08597285,0.0
27646602,1,4,0.004524887,0.004524887,0.0058287373,0.0,0.2,0.19090909,0.034188036,0.027149322,0.03167421,0.0
27649220,1,0,0.009049774,0.009049774,0.007179851,0.0,0.4,1.0,0.0,0.06184012,0.1040724,0.2
27654418,1,24,0.004524887,0.004524887,0.0091111,0.0,0.2,0.7659091,0.20512821,0.0067873304,0.009049774,0.2
27662946,1,2,0.004524887,0.004524887,0.0077539757,0.0,0.2,0.77272725,0.017094018,0.004524887,0.004524887,0.0
27663986,0,1,0.004524887,0.004524887,0.005290097,0.0,0.2,0.6363636,0.008547009,0.5882353,1.0,0.4
27667262,1,10,0.004524887,0.004524887,0.004200435,0.0,0.2,0.52272725,0.08547009,0.122171946,0.18099548,0.2
27671298,1,18,0.0,0.0,0.001516234,0.0,0.0,0.5159091,0.15384616,0.013574661,0.013574661,0.2
27684535,1,108,0.0,0.0,0.012690343,0.0,0.0,0.0,0.9230769,0.0,0.0,0.2
27696456,1,0,0.040723983,0.040723983,0.028406814,0.0,0.8,1.0,0.0,0.07104073,0.18099548,0.2
27706925,0,1,0.004524887,0.004524887,0.007327173,0.0,0.2,0.6363636,0.008547009,0.5022625,1.0,0.0
27713882,1,71,0.0,0.0,0.012690343,0.0,0.0,0.0,0.60683763,0.0,0.0,0.0
27721637,1,7,0.0,0.0,0.0012841256,0.0,0.0,0.4568182,0.05982906,0.09049774,0.09049774,0.2
27727773,2,19,0.0,0.0,0.0010084219,0.0,0.0,0.40681818,0.16239317,0.027149322,0.027149322,0.2
27732542,1,0,0.009049774,0.009049774,0.0070285574,0.0,0.4,1.0,0.0,0.06787331,0.15384616,0.4
27750137,1,24,0.0,0.0,0.0035058898,0.0,0.0,0.7659091,0.20512821,0.004524887,0.004524887,0.0
27750803,1,1,0.004524887,0.004524887,0.005898382,0.0,0.2,0.6363636,0.008547009,0.011312217,0.013574661,0.0
27755928,1,35,0.027149322,0.027149322,0.045835987,0.0,0.2,0.08181818,0.2991453,0.004524887,0.018099548,0.2
27769800,1,24,0.0,0.0,0.0027636108,0.0,0.0,0.7659091,0.20512821,0.013574661,0.013574661,0.0
27771549,1,10,0.004524887,0.004524887,0.004422911,0.0,0.2,0.52272725,0.08547009,0.6402715,1.0,0.0
27812852,1,24,0.018099548,0.018099548,0.021442445,0.0,0.2,0.7659091,0.20512821,0.021719458,0.07692308,0.2
27816413,0,27,0.018099548,0.018099548,0.014476129,0.0,0.4,0.25,0.23076923,0.019909503,0.036199097,0.0
27817171,1,10,0.009049774,0.009049774,0.01562495,0.0,0.0,0.52272725,0.08547009,0.027149322,0.07692308,0.0
2789161,1,1,0.004524887,0.004524887,0.0090176165,0.0,0.2,0.6363636,0.008547009,0.0067873304,0.009049774,0.2
27906730,0,10,0.013574661,0.013574661,0.01795131,0.0,0.2,0.52272725,0.08547009,0.011312217,0.03167421,0.0
27908774,1,5,0.004524887,0.004524887,0.0052405875,0.0,0.2,0.1,0.042735044,0.022624435,0.03167421,0.0
27915919,1,0,0.022624435,0.022624435,0.01702885,0.0,0.6,1.0,0.0,0.054298643,0.1402715,0.4
27928116,1,24,0.0,0.0,0.002176954,0.0,0.0,0.7659091,0.20512821,0.009049774,0.009049774,0.0
27929005,2,0,0.004524887,0.004524887,0.0030897416,0.0,0.2,1.0,0.0,0.049773756,0.06787331,0.2
27930985,1,109,0.0,0.0,0.0034585455,0.0,0.0,0.0022727272,0.93162394,0.009049774,0.009049774,0.0
27939999,1,1,0.004524887,0.004524887,0.007113265,0.0,0.2,0.6363636,0.008547009,0.013574661,0.022624435,0.0
28015432,2,19,0.0,0.0,0.0006194072,0.0,0.0,0.40681818,0.16239317,0.30316743,0.30316743,0.0
28057988,1,24,0.013574661,0.013574661,0.015246014,0.0,0.2,0.7659091,0.20512821,0.03959276,0.1402715,0.2
28077220,1,24,0.004524887,0.004524887,0.008506553,0.0,0.0,0.7659091,0.20512821,0.13574661,0.27149323,0.0
28112807,1,14,0.004524887,0.004524887,0.0043986565,0.0,0.2,0.16136363,0.11965812,0.036199097,0.054298643,0.2
28134743,1,2,0.004524887,0.004524887,0.0042110155,0.0,0.2,0.77272725,0.017094018,0.47737557,0.8733032,0.2
28136273,0,2,0.0,0.0,0.0029389658,0.0,0.0,0.77272725,0.017094018,0.004524887,0.004524887,0.2
28157063,1,10,0.004524887,0.004524887,0.005625722,0.0,0.2,0.52272725,0.08547009,0.5045249,1.0,0.2
28170196,1,7,0.0,0.0,0.0023357363,0.0,0.0,0.4568182,0.05982906,0.013574661,0.013574661,0.2
28170243,1,1,0.004524887,0.004524887,0.0039646914,0.0,0.2,0.6363636,0.008547009,0.033936653,0.036199097,0.0
28185623,1,18,0.0,0.0,0.0019755547,0.0,0.0,0.5159091,0.15384616,0.018099548,0.018099548,0.2
28188761,0,24,0.0,0.0,0.004271651,0.0,0.0,0.7659091,0.20512821,0.004524887,0.004524887,0.0
28264034,1,24,0.013574661,0.013574661,0.013537299,0.0,0.4,0.7659091,0.20512821,0.03280543,0.06334842,0.0
28281289,1,30,0.027149322,0.027149322,0.02339271,0.0,0.4,0.14772727,0.25641027,0.02650291,0.07692308,0.0
28311552,1,14,0.004524887,0.004524887,0.005198122,0.0,0.2,0.16136363,0.11965812,0.049773756,0.06787331,0.4
28323866,2,0,0.0,0.0,0.00042474174,0.0,0.0,1.0,0.0,0.16742082,0.16742082,0.0
28340503,0,10,0.009049774,0.009049774,0.0082346415,0.0,0.4,0.52272725,0.08547009,0.47662142,1.0,0.0
28342587,0,1,0.004524887,0.004524887,0.0050837332,0.0,0.2,0.6363636,0.008547009,0.06334842,0.06334842,0.2
28371222,1,0,0.0,0.0,0.00014595847,0.0,0.0,1.0,0.0,0.13122173,0.13122173,0.2
2837181,1,0,0.009049774,0.009049774,0.0067351796,0.0,0.4,1.0,0.0,0.06787331,0.14932127,0.2
28377253,1,10,0.0,0.0,0.0011495299,0.0,0.0,0.52272725,0.08547009,0.036199097,0.036199097,0.2
28400714,1,24,0.0,0.0,0.0028151376,0.0,0.0,0.7659091,0.20512821,0.013574661,0.013574661,0.0
28417103,1,51,0.0,0.0,0.006200427,0.0,0.0,0.009090909,0.43589744,0.009049774,0.009049774,0.0
28426100,1,51,0.009049774,0.009049774,0.025670175,0.0,0.0,0.009090909,0.43589744,0.0030165913,0.009049774,0.4
28432226,1,107,0.0,0.0,0.012690343,0.0,0.0,0.0,0.9145299,0.0,0.0,0.2
28435172,1,4,0.0,0.0,0.0054720235,0.0,0.0,0.19090909,0.034188036,0.004524887,0.004524887,0.0
28447324,0,0,0.12669684,0.12669684,0.08871654,0.0,1.0,1.0,0.0,0.08035575,0.5972851,0.2
28451057,1,24,0.009049774,0.009049774,0.013773431,0.0,0.2,0.7659091,0.20512821,0.009049774,0.013574661,0.0
28504810,1,4,0.0,0.0,0.004663125,0.0,0.0,0.19090909,0.034188036,0.009049774,0.009049774,0.4
28522547,1,24,0.0,0.0,0.0014036436,0.0,0.0,0.7659091,0.20512821,0.33484164,0.33484164,0.0
28529552,1,7,0.009049774,0.009049774,0.012561307,0.0,0.2,0.4568182,0.05982906,0.007541478,0.013574661,0.0
28545595,0,20,0.004524887,0.004524887,0.006551464,0.0,0.2,0.26136363,0.17094018,0.013574661,0.018099548,0.0
28547034,1,7,0.013574661,0.013574661,0.015021911,0.0,0.2,0.4568182,0.05982906,0.016968327,0.036199097,0.0
28552463,1,1,0.0,0.0,0.0014303531,0.0,0.0,0.6363636,0.008547009,0.054298643,0.054298643,0.2
28557583,1,21,0.013574661,0.013574661,0.013372632,0.0,0.4,0.125,0.17948718,0.040723983,0.11764706,0.4
28564091,1,24,0.018099548,0.018099548,0.018861804,0.0,0.2,0.7659091,0.20512821,0.008144797,0.018099548,0.0
28575684,0,19,0.0,0.0,0.0018927706,0.0,0.0,0.40681818,0.16239317,0.013574661,0.013574661,0.0
28591920,1,18,0.013574661,0.013574661,0.021049634,0.0,0.2,0.5159091,0.15384616,0.011312217,0.03167421,0.2
28595634,1,0,0.004524887,0.004524887,0.0026871294,0.0,0.2,1.0,0.0,0.12895928,0.1719457,0.0
28597688,0,1,0.0,0.0,0.0012710884,0.0,0.0,0.6363636,0.008547009,1.0,1.0,0.4
28598978,1,0,0.009049774,0.009049774,0.010100995,0.0,0.2,1.0,0.0,0.039215688,0.07692308,0.0
28630654,1,24,0.013574661,0.013574661,0.020169217,0.0,0.2,0.7659091,0.20512821,0.01923077,0.06334842,0.0
28630986,2,0,0.013574661,0.013574661,0.012538544,0.0,0.2,1.0,0.0,0.07579186,0.16742082,0.2
28643831,1,24,0.009049774,0.009049774,0.010535999,0.0,0.2,0.7659091,0.20512821,0.018099548,0.027149322,0.2
28644355,0,19,0.013574661,0.013574661,0.015683321,0.0,0.4,0.40681818,0.16239317,0.010180996,0.018099548,0.0
28666895,1,7,0.0,0.0,0.0023783415,0.0,0.0,0.4568182,0.05982906,0.009049774,0.009049774,0.2
28676868,1,0,0.027149322,0.027149322,0.019304188,0.0,0.8,1.0,0.0,0.09825469,0.25791857,0.2
28682208,0,0,0.0,0.0,0.0013634656,0.0,0.0,1.0,0.0,0.013574661,0.013574661,0.0
28685024,0,8,0.004524887,0.004524887,0.004137854,0.0,0.2,0.15454546,0.06837607,0.0882353,0.14932127,0.2
28697421,1,89,0.0,0.0,0.012690343,0.0,0.0,0.0,0.7606838,0.0,0.0,0.4
28701544,1,24,0.009049774,0.009049774,0.011806095,0.0,0.2,0.7659091,0.20512821,0.02111614,0.022624435,0.0
28726058,1,0,0.08144797,0.08144797,0.05459911,0.0,1.0,1.0,0.0,0.07668492,0.25791857,0.2
28736496,0,13,0.027149322,0.027149322,0.0238211,0.0,0.4,0.13863637,0.11111111,0.045895282,0.25339368,0.2
28738070,1,24,0.009049774,0.009049774,0.012579148,0.0,0.2,0.7659091,0.20512821,0.0346908,0.08144797,0.2
28744781,1,7,0.0,0.0,0.0034864491,0.0,0.0,0.4568182,0.05982906,0.054298643,0.054298643,0.2
28750751,1,24,0.004524887,0.004524887,0.0090717105,0.0,0.0,0.7659091,0.20512821,0.03167421,0.06334842,0.0
28756867,1,29,0.0,0.0,0.0030775003,0.0,0.0,0.21136364,0.24786325,0.040723983,0.040723983,0.2
28777454,1,10,0.0,0.0,0.0046946188,0.0,0.0,0.52272725,0.08547009,0.004524887,0.004524887,0.4
28796772,1,18,0.0,0.0,0.0036042447,0.0,0.0,0.5159091,0.15384616,0.013574661,0.013574661,0.2
28840182,1,24,0.004524887,0.004524887,0.0060754297,0.0,0.2,0.7659091,0.20512821,0.14479639,0.27149323,0.6
28849272,1,20,0.0,0.0,0.0032954074,0.0,0.0,0.26136363,0.17094018,0.009049774,0.009049774,0.0
28895291,1,24,0.0,0.0,0.0014036436,0.0,0.0,0.7659091,0.20512821,0.33484164,0.33484164,0.2
2892601,1,7,0.009049774,0.009049774,0.010400637,0.0,0.2,0.4568182,0.05982906,0.018099548,0.036199097,0.2
28942852,1,24,0.004524887,0.004524887,0.005217441,0.0,0.2,0.7659091,0.20512821,0.30316743,0.33484164,0.0
28953592,1,35,0.009049774,0.009049774,0.012630699,0.0,0.2,0.08181818,0.2991453,0.013574661,0.03167421,0.0
28956393,1,7,0.0,0.0,0.003917577,0.0,0.0,0.4568182,0.05982906,0.009049774,0.009049774,0.0
28960268,1,35,0.004524887,0.004524887,0.0086964425,0.0,0.2,0.08181818,0.2991453,0.018099548,0.027149322,0.0
28963222,1,20,0.0,0.0,0.0019896023,0.0,0.0,0.26136363,0.17094018,0.022624435,0.022624435,1.0
28980262,1,7,0.0,0.0,0.0034864491,0.0,0.0,0.4568182,0.05982906,0.054298643,0.054298643,0.0
28990533,1,14,0.0,0.0,0.00101344,0.0,0.0,0.16136363,0.11965812,0.05882353,0.05882353,0.0
28992823,0,24,0.0,0.0,0.001283301,0.0,0.0,0.7659091,0.20512821,0.06334842,0.06334842,0.8
29001162,1,0,0.0,0.0,0.0012716221,0.0,0.0,1.0,0.0,0.013574661,0.013574661,0.2
29028679,1,24,0.0,0.0,0.0049315724,0.0,0.0,0.7659091,0.20512821,0.004524887,0.004524887,0.4
29075225,0,13,0.013574661,0.013574661,0.01277935,0.0,0.4,0.13863637,0.11111111,0.011312217,0.013574661,0.0
29089902,0,51,0.009049774,0.009049774,0.025670175,0.0,0.0,0.009090909,0.43589744,0.0030165913,0.009049774,0.0
29096237,1,24,0.0,0.0,0.0033133521,0.0,0.0,0.7659091,0.20512821,0.004524887,0.004524887,0.0
29100809,1,1,0.0,0.0,0.0016770876,0.0,0.0,0.6363636,0.008547009,0.018099548,0.018099548,0.4
29103015,1,110,0.0,0.0,0.012690343,0.0,0.0,0.0,0.94017094,0.0,0.0,0.6
29109370,1,9,0.009049774,0.009049774,0.0066383025,0.0,0.4,0.23636363,0.07692308,0.09803922,0.1402715,0.2
29118055,1,0,0.018099548,0.018099548,0.0112329805,0.0,0.8,1.0,0.0,0.09411765,0.1719457,0.0
29121289,2,19,0.009049774,0.009049774,0.0067255553,0.0,0.4,0.40681818,0.16239317,0.10105581,0.18099548,0.0
29138884,1,1,0.009049774,0.009049774,0.009899432,0.0,0.2,0.6363636,0.008547009,0.037707392,0.06787331,0.0
29144914,1,18,0.0,0.0,0.0026775338,0.0,0.0,0.5159091,0.15384616,0.009049774,0.009049774,0.0
29147311,1,2,0.004524887,0.004524887,0.00876561,0.0,0.0,0.77272725,0.017094018,0.011312217,0.022624435,0.0
29159786,0,27,0.022624435,0.022624435,0.019429127,0.0,0.6,0.25,0.23076923,0.22926094,1.0,0.0
29162413,1,22,0.004524887,0.004524887,0.007759386,0.0,0.2,0.19772728,0.18803419,0.013574661,0.018099548,0.0
29171615,1,20,0.009049774,0.009049774,0.009089482,0.0,0.2,0.26136363,0.17094018,0.43288085,1.0,0.2
29186233,1,10,0.036199097,0.036199097,0.034173686,0.0,0.4,0.52272725,0.08547009,0.02212167,0.1040724,0.0
29202957,1,18,0.0,0.0,0.0017618721,0.0,0.0,0.5159091,0.15384616,0.07692308,0.07692308,0.0
29308780,1,1,0.0,0.0,0.0015768675,0.0,0.0,0.6363636,0.008547009,0.022624435,0.022624435,0.4
29324811,1,4,0.0,0.0,0.0054720235,0.0,0.0,0.19090909,0.034188036,0.004524887,0.004524887,0.0
29378681,1,18,0.022624435,0.022624435,0.024936635,0.0,0.4,0.5159091,0.15384616,0.052790347,0.11312217,0.0
29383902,1,29,0.0,0.0,0.0030775003,0.0,0.0,0.21136364,0.24786325,0.040723983,0.040723983,0.2
29388899,1,22,0.013574661,0.013574661,0.012948306,0.0,0.4,0.19772728,0.18803419,0.07918552,0.25339368,0.2
29396184,1,30,0.009049774,0.009049774,0.010687355,0.0,0.2,0.14772727,0.25641027,0.015082956,0.022624435,0.2
29398810,1,24,0.0,0.0,0.0025203149,0.0,0.0,0.7659091,0.20512821,0.009049774,0.009049774,0.0
29461507,1,24,0.004524887,0.004524887,0.0046124402,0.0,0.2,0.7659091,0.20512821,0.054298643,0.09049774,0.4
29465688,1,8,0.0,0.0,0.0027185322,0.0,0.0,0.15454546,0.06837607,0.018099548,0.018099548,0.0
29468405,0,24,0.0,0.0,0.0025264875,0.0,0.0,0.7659091,0.20512821,0.013574661,0.013574661,0.2
29475431,1,0,0.004524887,0.004524887,0.0029873648,0.0,0.2,1.0,0.0,0.09728507,0.108597286,0.0
29480440,0,30,0.0,0.0,0.0028574336,0.0,0.0,0.14772727,0.25641027,0.013574661,0.013574661,0.2
29488715,1,24,0.0,0.0,0.0014580812,0.0,0.0,0.7659091,0.20512821,0.1764706,0.1764706,0.0
29511324,1,10,0.0,0.0,0.0027617044,0.0,0.0,0.52272725,0.08547009,0.009049774,0.009049774,0.0
29555433,1,0,0.0,0.0,0.0006234983,0.0,0.0,1.0,0.0,0.06787331,0.06787331,0.2
29591647,1,38,0.018099548,0.018099548,0.01711216,0.0,0.4,0.07727273,0.32478634,0.028054299,0.08597285,0.2
29596691,0,22,0.0,0.0,0.0016960358,0.0,0.0,0.19772728,0.18803419,0.040723983,0.040723983,0.4
29613217,1,51,0.0,0.0,0.006200427,0.0,0.0,0.009090909,0.43589744,0.009049774,0.009049774,0.2
29620256,2,19,0.06787331,0.06787331,0.04964632,0.0,0.8,0.40681818,0.16239317,0.05995475,0.30316743,0.0
29630488,0,1,0.004524887,0.004524887,0.005010954,0.0,0.2,0.6363636,0.008547009,0.5045249,1.0,0.0
29650713,1,56,0.0,0.0,0.012690343,0.0,0.0,0.0,0.47863248,0.0,0.0,0.0
29692115,1,0,0.0,0.0,0.00022165013,0.0,0.0,1.0,0.0,0.15384616,0.15384616,0.2
29698402,1,0,0.05882353,0.05882353,0.04772258,0.0,0.8,1.0,0.0,0.098577894,0.5972851,0.4
29720198,1,35,0.0,0.0,0.0036364344,0.0,0.0,0.08181818,0.2991453,0.027149322,0.027149322,0.2
29733774,0,0,0.009049774,0.009049774,0.007149865,0.0,0.4,1.0,0.0,0.08446456,0.1402715,0.0
29762189,1,2,0.0,0.0,0.00076464063,0.0,0.0,0.77272725,0.017094018,0.8733032,0.8733032,0.0
29777851,2,10,0.004524887,0.004524887,0.0032597336,0.0,0.2,0.52272725,0.08547009,0.16063349,0.25791857,0.0
29781434,1,18,0.0,0.0,0.002925459,0.0,0.0,0.5159091,0.15384616,0.018099548,0.018099548,0.0
29791874,1,18,0.004524887,0.004524887,0.0066141794,0.0,0.2,0.5159091,0.15384616,0.06561086,0.11312217,0.0
29837961,1,9,0.022624435,0.022624435,0.016162286,0.0,0.6,0.23636363,0.07692308,0.059577677,0.1402715,0.0
29838696,1,1,0.004524887,0.004524887,0.0044504027,0.0,0.2,0.6363636,0.008547009,0.5271493,1.0,0.2
29842451,1,7,0.0,0.0,0.0026810514,0.0,0.0,0.4568182,0.05982906,0.009049774,0.009049774,0.4
29858011,1,14,0.0,0.0,0.0046404614,0.0,0.0,0.16136363,0.11965812,0.009049774,0.009049774,0.0
29863027,0,1,0.18099548,0.18099548,0.15799175,0.0,0.8,0.6363636,0.008547009,0.017327005,0.095022626,0.0
29888946,1,10,0.0,0.0,0.00038361733,0.0,0.0,0.52272725,0.08547009,0.25339368,0.25339368,0.0
29893170,1,111,0.0,0.0,0.012690343,0.0,0.0,0.0,0.94871795,0.0,0.0,0.0
29894281,1,24,0.0,0.0,0.0014663731,0.0,0.0,0.7659091,0.20512821,0.03167421,0.03167421,0.6
29941073,1,19,0.0,0.0,0.0007943724,0.0,0.0,0.40681818,0.16239317,0.11764706,0.11764706,0.4
29955557,1,24,0.004524887,0.004524887,0.0068475716,0.0,0.2,0.7659091,0.20512821,0.09276018,0.1764706,0.0
29973725,1,2,0.004524887,0.004524887,0.0039417767,0.0,0.2,0.77272725,0.017094018,0.51131225,0.8733032,0.0
29986886,0,10,0.004524887,0.004524887,0.004393742,0.0,0.2,0.52272725,0.08547009,0.65158373,1.0,0.0
29990761,1,0,0.027149322,0.027149322,0.017015707,0.0,1.0,1.0,0.0,0.10730446,0.25791857,0.8
3000661,0,1,0.004524887,0.004524887,0.00853575,0.0,0.0,0.6363636,0.008547009,0.5,1.0,0.2
30009126,1,18,0.004524887,0.004524887,0.0062500504,0.0,0.2,0.5159091,0.15384616,0.5045249,1.0,0.4
30023125,0,24,0.009049774,0.009049774,0.008287069,0.0,0.4,0.7659091,0.20512821,0.036199097,0.06787331,0.2
30037607,2,19,0.004524887,0.004524887,0.004457719,0.0,0.2,0.40681818,0.16239317,0.03846154,0.040723983,0.0
30059344,1,4,0.004524887,0.004524887,0.0131446775,0.0,0.0,0.19090909,0.034188036,0.0067873304,0.013574661,0.2
30063657,1,0,0.013574661,0.013574661,0.009345227,0.0,0.6,1.0,0.0,0.14819005,0.25791857,0.4
30070321,1,0,0.009049774,0.009049774,0.0070225396,0.0,0.4,1.0,0.0,0.051282052,0.05882353,0.0
30095547,1,24,0.004524887,0.004524887,0.005191962,0.0,0.2,0.7659091,0.20512821,0.009049774,0.013574661,0.2
30098626,1,4,0.0,0.0,0.0038869902,0.0,0.0,0.19090909,0.034188036,0.04524887,0.04524887,0.6
30104098,1,24,0.004524887,0.004524887,0.005314507,0.0,0.2,0.7659091,0.20512821,0.047511313,0.08144797,0.0
30147928,1,24,0.009049774,0.009049774,0.00918508,0.0,0.2,0.7659091,0.20512821,0.12518854,0.33484164,0.4
30150093,1,0,0.004524887,0.004524887,0.002768983,0.0,0.2,1.0,0.0,0.13574661,0.19004525,0.0
30157434,1,109,0.009049774,0.009049774,0.015988862,0.0,0.0,0.0022727272,0.93162394,0.0060331826,0.018099548,0.0
30175950,1,24,0.0,0.0,0.0014036436,0.0,0.0,0.7659091,0.20512821,0.33484164,0.33484164,0.0
30185290,1,7,0.0,0.0,0.0019295961,0.0,0.0,0.4568182,0.05982906,0.013574661,0.013574661,0.2
30197513,2,0,0.036199097,0.036199097,0.02631876,0.0,0.8,1.0,0.0,0.06787331,0.16289593,0.2
30197992,1,7,0.0,0.0,0.0016515134,0.0,0.0,0.4568182,0.05982906,0.036199097,0.036199097,0.0
30201321,0,24,0.004524887,0.004524887,0.006237851,0.0,0.2,0.7659091,0.20512821,0.015837105,0.027149322,0.2
30208398,1,10,0.0,0.0,0.0010917045,0.0,0.0,0.52272725,0.08547009,0.03167421,0.03167421,0.0
3025261,1,9,0.03167421,0.03167421,0.02960702,0.0,0.6,0.23636363,0.07692308,0.046945702,0.21719457,0.2
30273024,1,4,0.0,0.0,0.0011111919,0.0,0.0,0.19090909,0.034188036,0.049773756,0.049773756,0.0
30283530,0,24,0.004524887,0.004524887,0.0036498916,0.0,0.2,0.7659091,0.20512821,0.029411765,0.04524887,0.0
30284737,1,2,0.0,0.0,0.0007792736,0.0,0.0,0.77272725,0.017094018,0.040723983,0.040723983,0.0
30285499,1,24,0.03167421,0.03167421,0.03285552,0.0,0.4,0.7659091,0.20512821,0.018099548,0.06334842,0.6
30288543,0,22,0.0,0.0,0.00092515594,0.0,0.0,0.19772728,0.18803419,0.040723983,0.040723983,0.0
30296618,0,29,0.05882353,0.05882353,0.058308627,0.0,0.6,0.21136364,0.24786325,0.028765352,0.16742082,0.0
30298247,1,24,0.0,0.0,0.0014036436,0.0,0.0,0.7659091,0.20512821,0.33484164,0.33484164,0.2
30336759,1,74,0.0,0.0,0.012690343,0.0,0.0,0.0,0.63247865,0.0,0.0,0.4
3036281,1,2,0.036199097,0.036199097,0.030282127,0.0,0.4,0.77272725,0.017094018,0.03569633,0.1402715,0.0
30393446,2,19,0.004524887,0.004524887,0.0045140795,0.0,0.2,0.40681818,0.16239317,0.16289593,0.30316743,0.2
30412906,0,13,0.004524887,0.004524887,0.006403508,0.0,0.2,0.13863637,0.11111111,0.50678736,1.0,0.0
30426836,1,108,0.0,0.0,0.012690343,0.0,0.0,0.0,0.9230769,0.0,0.0,0.2
30471776,1,4,0.0,0.0,0.0038869902,0.0,0.0,0.19090909,0.034188036,0.04524887,0.04524887,0.0
30473755,2,19,0.04524887,0.04524887,0.033307415,0.0,0.8,0.40681818,0.16239317,0.06828465,0.30316743,0.2
30507566,1,112,0.0,0.0,0.012690343,0.0,0.0,0.0,0.95726496,0.0,0.0,0.2
30514544,0,9,0.0,0.0,0.0004934038,0.0,0.0,0.23636363,0.07692308,0.049773756,0.049773756,0.2
30545061,1,24,0.0,0.0,0.0012528698,0.0,0.0,0.7659091,0.20512821,0.27149323,0.27149323,0.0
30556522,0,78,0.004524887,0.004524887,0.018041667,0.0,0.0,0.0045454544,0.6666667,0.0022624435,0.004524887,0.2
30558373,1,0,0.013574661,0.013574661,0.013116145,0.0,0.4,1.0,0.0,0.024886878,0.036199097,0.0
30571003,1,24,0.009049774,0.009049774,0.014530135,0.0,0.2,0.7659091,0.20512821,0.11312217,0.33484164,0.2
30577172,1,24,0.004524887,0.004524887,0.0042738225,0.0,0.2,0.7659091,0.20512821,0.21040724,0.33484164,0.0
30624063,1,5,0.004524887,0.004524887,0.0054743276,0.0,0.2,0.1,0.042735044,0.30316743,0.5972851,0.0
30624436,1,13,0.0,0.0,0.003541153,0.0,0.0,0.13863637,0.11111111,0.004524887,0.004524887,0.0
30641053,1,16,0.0,0.0,0.005027386,0.0,0.0,0.038636364,0.13675214,0.018099548,0.018099548,0.4
30660378,1,18,0.004524887,0.004524887,0.0061896103,0.0,0.2,0.5159091,0.15384616,0.061085973,0.11312217,0.4
30663037,1,24,0.0,0.0,0.0014580812,0.0,0.0,0.7659091,0.20512821,0.1764706,0.1764706,0.0
30677846,1,24,0.0,0.0,0.0012528698,0.0,0.0,0.7659091,0.20512821,0.27149323,0.27149323,0.0
30702406,2,19,0.004524887,0.004524887,0.0036717302,0.0,0.2,0.40681818,0.16239317,0.47058824,0.8733032,0.2
30715732,1,18,0.0,0.0,0.004635508,0.0,0.0,0.5159091,0.15384616,0.009049774,0.009049774,0.0
30720643,1,18,0.0,0.0,0.0009525607,0.0,0.0,0.5159091,0.15384616,0.13122173,0.13122173,0.0
30733040,0,1,0.0,0.0,0.0012710884,0.0,0.0,0.6363636,0.008547009,1.0,1.0,0.0
30734481,1,22,0.004524887,0.004524887,0.0055592866,0.0,0.2,0.19772728,0.18803419,0.036199097,0.06334842,0.2
30736020,1,94,0.0,0.0,0.012690343,0.0,0.0,0.0,0.8034188,0.0,0.0,0.0
30736021,2,19,0.0,0.0,0.0006194072,0.0,0.0,0.40681818,0.16239317,0.30316743,0.30316743,0.6
30750281,1,24,0.0,0.0,0.0017176333,0.0,0.0,0.7659091,0.20512821,0.013574661,0.013574661,0.0
30784733,1,18,0.004524887,0.004524887,0.007967098,0.0,0.2,0.5159091,0.15384616,0.013574661,0.018099548,0.0
30821560,1,0,0.0,0.0,0.00022165013,0.0,0.0,1.0,0.0,0.15384616,0.15384616,0.0
30845844,1,24,0.0,0.0,0.002828563,0.0,0.0,0.7659091,0.20512821,0.009049774,0.009049774,0.2
30864390,1,0,0.049773756,0.049773756,0.034948457,0.0,0.8,1.0,0.0,0.08144797,0.5972851,0.0
30866634,1,18,0.009049774,0.009049774,0.011637473,0.0,0.2,0.5159091,0.15384616,0.01055807,0.013574661,0.0
30873801,0,1,0.0,0.0,0.0012710884,0.0,0.0,0.6363636,0.008547009,1.0,1.0,0.2
30900591,0,8,0.009049774,0.009049774,0.007307018,0.0,0.4,0.15454546,0.06837607,0.039215688,0.05882353,0.0
30916946,1,0,0.004524887,0.004524887,0.008159192,0.0,0.0,1.0,0.0,0.0067873304,0.013574661,0.2
30919969,1,110,0.0,0.0,0.012690343,0.0,0.0,0.0,0.94017094,0.0,0.0,0.2
30938840,0,1,0.0,0.0,0.0012710884,0.0,0.0,0.6363636,0.008547009,1.0,1.0,0.0
30988234,1,20,0.004524887,0.004524887,0.004713166,0.0,0.2,0.26136363,0.17094018,0.024886878,0.036199097,0.2
30994019,1,9,0.0,0.0,0.0011430968,0.0,0.0,0.23636363,0.07692308,0.013574661,0.013574661,0.2
31015297,0,1,0.0,0.0,0.0008062072,0.0,0.0,0.6363636,0.008547009,0.18099548,0.18099548,0.2
31094987,0,1,0.004524887,0.004524887,0.00853575,0.0,0.0,0.6363636,0.008547009,0.5,1.0,0.0
31099177,1,1,0.013574661,0.013574661,0.0117950225,0.0,0.4,0.6363636,0.008547009,0.08144797,0.25791857,0.0
31100873,1,101,0.0,0.0,0.008470262,0.0,0.0,0.0022727272,0.8632479,0.004524887,0.004524887,0.0
31147615,1,24,0.0,0.0,0.0022878645,0.0,0.0,0.7659091,0.20512821,0.03167421,0.03167421,0.0
31172192,0,27,0.0,0.0,0.0006484698,0.0,0.0,0.25,0.23076923,0.036199097,0.036199097,0.0
31177882,0,1,0.0,0.0,0.0012710884,0.0,0.0,0.6363636,0.008547009,1.0,1.0,0.2
31195013,1,24,0.004524887,0.004524887,0.0118208565,0.0,0.0,0.7659091,0.20512821,0.0022624435,0.004524887,0.2
31201950,1,4,0.0,0.0,0.0038869902,0.0,0.0,0.19090909,0.034188036,0.04524887,0.04524887,0.0
31205118,1,105,0.0,0.0,0.012690343,0.0,0.0,0.0,0.8974359,0.0,0.0,0.0
31237866,1,10,0.004524887,0.004524887,0.003419281,0.0,0.2,0.52272725,0.08547009,0.122171946,0.18099548,0.4
31245293,1,22,0.0,0.0,0.0029105896,0.0,0.0,0.19772728,0.18803419,0.004524887,0.004524887,0.0
31246970,1,4,0.009049774,0.009049774,0.019952891,0.0,0.0,0.19090909,0.034188036,0.018099548,0.04524887,0.2
31252679,1,24,0.0,0.0,0.0053227264,0.0,0.0,0.7659091,0.20512821,0.004524887,0.004524887,0.2
31257790,1,24,0.0,0.0,0.0013704164,0.0,0.0,0.7659091,0.20512821,0.08144797,0.08144797,0.0
31278533,1,2,0.009049774,0.009049774,0.013551672,0.0,0.2,0.77272725,0.017094018,0.0060331826,0.013574661,0.2
31280937,1,5,0.0,0.0,0.0013896626,0.0,0.0,0.1,0.042735044,0.022624435,0.022624435,0.2
31285824,1,87,0.018099548,0.018099548,0.034211878,0.0,0.2,0.022727273,0.74358976,0.0036199095,0.013574661,0.2
31286288,1,24,0.0,0.0,0.004657991,0.0,0.0,0.7659091,0.20512821,0.004524887,0.004524887,0.2
31294536,1,24,0.0,0.0,0.0014036436,0.0,0.0,0.7659091,0.20512821,0.33484164,0.33484164,0.0
31351910,1,113,0.0,0.0,0.012690343,0.0,0.0,0.0,0.96581197,0.0,0.0,0.2
31474749,1,0,0.009049774,0.009049774,0.006409052,0.0,0.4,1.0,0.0,0.06636501,0.07692308,0.0
31512912,0,0,0.0,0.0,0.00048012735,0.0,0.0,1.0,0.0,0.1040724,0.1040724,0.2
31513726,1,24,0.0,0.0,0.002451,0.0,0.0,0.7659091,0.20512821,0.009049774,0.009049774,0.2
31536024,1,22,0.0,0.0,0.00095214124,0.0,0.0,0.19772728,0.18803419,0.022624435,0.022624435,0.0
31545782,1,24,0.004524887,0.004524887,0.0067615677,0.0,0.2,0.7659091,0.20512821,0.015837105,0.022624435,0.0
31557959,1,7,0.018099548,0.018099548,0.018769795,0.0,0.2,0.4568182,0.05982906,0.019004526,0.040723983,0.2
31564134,1,24,0.0,0.0,0.0014036436,0.0,0.0,0.7659091,0.20512821,0.33484164,0.33484164,0.0
31568626,1,24,0.0,0.0,0.0033133521,0.0,0.0,0.7659091,0.20512821,0.004524887,0.004524887,0.2
3160851,1,5,0.004524887,0.004524887,0.010617546,0.0,0.2,0.1,0.042735044,0.0067873304,0.009049774,0.0
31741815,0,1,0.009049774,0.009049774,0.012227099,0.0,0.2,0.6363636,0.008547009,0.01055807,0.022624435,0.0
31753236,0,4,0.022624435,0.022624435,0.022041705,0.0,0.4,0.19090909,0.034188036,0.0173454,0.04524887,0.0
31847329,1,0,0.018099548,0.018099548,0.014045341,0.0,0.4,1.0,0.0,0.13484164,0.5972851,0.0
31894920,1,3,0.0,0.0,0.0011233133,0.0,0.0,0.15227273,0.025641026,0.049773756,0.049773756,0.2
31953,1,13,0.004524887,0.004524887,0.0065243677,0.0,0.2,0.13863637,0.11111111,0.042986427,0.06334842,0.0
32028843,1,18,0.004524887,0.004524887,0.009152797,0.0,0.0,0.5159091,0.15384616,0.056561086,0.11312217,0.0
3212691,1,2,0.004524887,0.004524887,0.0036111563,0.0,0.2,0.77272725,0.017094018,0.5090498,0.8733032,0.2
32136042,1,3,0.004524887,0.004524887,0.0058663273,0.0,0.2,0.15227273,0.025641026,0.011312217,0.018099548,0.0
32150710,0,2,0.0,0.0,0.0023050029,0.0,0.0,0.77272725,0.017094018,0.013574661,0.013574661,0.6
32167638,1,0,0.0,0.0,0.0013548142,0.0,0.0,1.0,0.0,0.013574661,0.013574661,0.0
32176315,1,18,0.004524887,0.004524887,0.007059428,0.0,0.2,0.5159091,0.15384616,0.011312217,0.013574661,0.0
32199618,1,18,0.009049774,0.009049774,0.0115213925,0.0,0.2,0.5159091,0.15384616,0.05580694,0.1402715,0.0
3220851,1,2,0.009049774,0.009049774,0.00890073,0.0,0.2,0.77272725,0.017094018,0.03167421,0.06787331,0.0
32215972,1,35,0.0,0.0,0.0036364344,0.0,0.0,0.08181818,0.2991453,0.027149322,0.027149322,0.0
32218384,1,24,0.004524887,0.004524887,0.0094147455,0.0,0.0,0.7659091,0.20512821,0.03167421,0.06334842,0.0
32232053,1,24,0.004524887,0.004524887,0.008506553,0.0,0.0,0.7659091,0.20512821,0.13574661,0.27149323,0.4
3224511,0,6,0.004524887,0.004524887,0.009603455,0.0,0.2,0.05,0.051282052,0.018099548,0.03167421,0.0
32266226,1,4,0.0,0.0,0.0020640134,0.0,0.0,0.19090909,0.034188036,0.018099548,0.018099548,0.0
32267384,1,83,0.0,0.0,0.0070635686,0.0,0.0,0.0045454544,0.7094017,0.009049774,0.009049774,0.2
32281133,1,0,0.009049774,0.009049774,0.0076582064,0.0,0.4,1.0,0.0,0.052790347,0.07692308,0.2
32294244,2,27,0.013574661,0.013574661,0.010978878,0.0,0.4,0.25,0.23076923,0.0520362,0.16742082,0.0
32337506,1,24,0.0,0.0,0.0028278332,0.0,0.0,0.7659091,0.20512821,0.022624435,0.022624435,0.2
32368103,1,0,0.004524887,0.004524887,0.003251236,0.0,0.2,1.0,0.0,0.16742082,0.25791857,0.2
32386974,1,18,0.004524887,0.004524887,0.0065107183,0.0,0.2,0.5159091,0.15384616,0.013574661,0.018099548,0.0
3244801,1,14,0.027149322,0.027149322,0.023298843,0.0,0.4,0.16136363,0.11965812,0.02391726,0.054298643,0.2
3249,1,2,0.004524887,0.004524887,0.004561685,0.0,0.2,0.77272725,0.017094018,0.018099548,0.022624435,0.0
32522601,1,18,0.0,0.0,0.0009525607,0.0,0.0,0.5159091,0.15384616,0.13122173,0.13122173,0.0
32526324,1,18,0.0,0.0,0.0044794194,0.0,0.0,0.5159091,0.15384616,0.004524887,0.004524887,0.2
32531520,1,24,0.004524887,0.004524887,0.013374264,0.0,0.0,0.7659091,0.20512821,0.0022624435,0.004524887,0.0
32534283,1,10,0.004524887,0.004524887,0.0033945586,0.0,0.2,0.52272725,0.08547009,0.108597286,0.18099548,0.0
32535748,1,9,0.013574661,0.013574661,0.011221988,0.0,0.4,0.23636363,0.07692308,0.095022626,0.15384616,0.2
32556315,1,111,0.0,0.0,0.012690343,0.0,0.0,0.0,0.94871795,0.0,0.0,0.0
32562445,1,106,0.004524887,0.004524887,0.013304835,0.0,0.0,0.01590909,0.9059829,0.009049774,0.013574661,0.0
32585384,0,0,0.013574661,0.013574661,0.008745179,0.0,0.4,1.0,0.0,0.10294118,0.15384616,0.2
32608004,1,18,0.004524887,0.004524887,0.007262714,0.0,0.2,0.5159091,0.15384616,0.015837105,0.018099548,0.0
32617892,1,10,0.0,0.0,0.0017171382,0.0,0.0,0.52272725,0.08547009,0.009049774,0.009049774,0.4
32618486,1,14,0.0,0.0,0.0009969734,0.0,0.0,0.16136363,0.11965812,0.040723983,0.040723983,0.2
32625798,1,14,0.009049774,0.009049774,0.007948145,0.0,0.4,0.16136363,0.11965812,0.030165913,0.054298643,0.0
32627702,0,4,0.07692308,0.07692308,0.07271324,0.0,0.4,0.19090909,0.034188036,0.01633987,0.07692308,0.0
32637415,1,9,0.009049774,0.009049774,0.0093962345,0.0,0.4,0.23636363,0.07692308,0.3514329,1.0,0.0
3267891,0,3,0.004524887,0.004524887,0.0061769285,0.0,0.2,0.15227273,0.025641026,0.009049774,0.009049774,0.6
32686924,1,13,0.009049774,0.009049774,0.008274755,0.0,0.2,0.13863637,0.11111111,0.06787331,0.15384616,0.2
32687809,1,0,0.009049774,0.009049774,0.007156779,0.0,0.4,1.0,0.0,0.05882353,0.15384616,0.2
32691467,1,0,0.036199097,0.036199097,0.025405526,0.0,0.8,1.0,0.0,0.07893414,0.25791857,0.2
32695795,2,0,0.018099548,0.018099548,0.012645649,0.0,0.6,1.0,0.0,0.16108598,0.5972851,0.0
32706038,1,17,0.009049774,0.009049774,0.012928091,0.0,0.2,0.15227273,0.14529915,0.01055807,0.018099548,0.4
32708920,0,4,0.009049774,0.009049774,0.007679716,0.0,0.4,0.19090909,0.034188036,0.092006035,0.18099548,0.0
32799467,1,0,0.022624435,0.022624435,0.013761218,0.0,0.8,1.0,0.0,0.12443439,0.25791857,0.0
32816905,1,7,0.013574661,0.013574661,0.014032,0.0,0.2,0.4568182,0.05982906,0.03167421,0.08144797,0.0
32817140,0,17,0.0,0.0,0.0018379623,0.0,0.0,0.15227273,0.14529915,0.018099548,0.018099548,0.0
32822106,1,7,0.018099548,0.018099548,0.019679746,0.0,0.4,0.4568182,0.05982906,0.019004526,0.036199097,0.0
32830235,1,24,0.004524887,0.004524887,0.005556134,0.0,0.2,0.7659091,0.20512821,0.022624435,0.03167421,0.0
32860953,1,22,0.022624435,0.022624435,0.016054552,0.0,0.4,0.19772728,0.18803419,0.06259427,0.15384616,0.2
32909193,1,38,0.0,0.0,0.00453919,0.0,0.0,0.07727273,0.32478634,0.009049774,0.009049774,0.0
32919651,1,18,0.0,0.0,0.0016817488,0.0,0.0,0.5159091,0.15384616,0.03167421,0.03167421,0.2
3293021,1,79,0.0,0.0,0.012690343,0.0,0.0,0.0,0.6752137,0.0,0.0,0.0
32949746,1,21,0.03167421,0.03167421,0.027586935,0.0,0.6,0.125,0.17948718,0.13178733,0.5972851,0.2
32971573,1,14,0.004524887,0.004524887,0.0063090967,0.0,0.2,0.16136363,0.11965812,0.027149322,0.03167421,0.0
33052420,1,10,0.0,0.0,0.0028619366,0.0,0.0,0.52272725,0.08547009,0.004524887,0.004524887,0.2
33069453,0,17,0.004524887,0.004524887,0.004916262,0.0,0.2,0.15227273,0.14529915,0.5769231,1.0,0.0
33095128,1,10,0.0,0.0,0.00059089524,0.0,0.0,0.52272725,0.08547009,0.280543,0.280543,0.2
3317821,1,10,0.0,0.0,0.00045373698,0.0,0.0,0.52272725,0.08547009,0.03167421,0.03167421,0.2
3320411,1,18,0.009049774,0.009049774,0.016887924,0.0,0.0,0.5159091,0.15384616,0.009049774,0.013574661,0.2
33217626,1,0,0.004524887,0.004524887,0.0034427552,0.0,0.2,1.0,0.0,0.15158372,0.16289593,0.0
33234192,1,24,0.0,0.0,0.0014036436,0.0,0.0,0.7659091,0.20512821,0.33484164,0.33484164,0.0
33279644,1,4,0.0,0.0,0.0028584397,0.0,0.0,0.19090909,0.034188036,0.018099548,0.018099548,0.0
3328331,1,1,0.0,0.0,0.0033190278,0.0,0.0,0.6363636,0.008547009,0.004524887,0.004524887,0.0
33325960,0,1,0.0,0.0,0.0012710884,0.0,0.0,0.6363636,0.008547009,1.0,1.0,0.2
33334440,0,24,0.009049774,0.009049774,0.008664222,0.0,0.2,0.7659091,0.20512821,0.09049774,0.18099548,0.2
33345091,0,9,0.04524887,0.04524887,0.031519428,0.0,0.6,0.23636363,0.07692308,0.036199097,0.11312217,0.2
33347300,1,10,0.0,0.0,0.0004000022,0.0,0.0,0.52272725,0.08547009,0.18099548,0.18099548,0.0
33354383,1,1,0.027149322,0.027149322,0.027811399,0.0,0.4,0.6363636,0.008547009,0.20555915,1.0,0.2
33361493,1,27,0.0,0.0,0.0012103694,0.0,0.0,0.25,0.23076923,0.018099548,0.018099548,0.2
33390923,1,18,0.022624435,0.022624435,0.025277656,0.0,0.2,0.5159091,0.15384616,0.03092006,0.11312217,0.6
3339171,1,2,0.07692308,0.07692308,0.06070421,0.0,0.8,0.77272725,0.017094018,0.028657617,0.07692308,0.0
33396349,1,24,0.009049774,0.009049774,0.0146169895,0.0,0.2,0.7659091,0.20512821,0.015082956,0.03167421,0.0
33432232,1,18,0.018099548,0.018099548,0.018576236,0.0,0.4,0.5159091,0.15384616,0.050678734,0.11312217,0.2
33433404,1,70,0.0,0.0,0.012690343,0.0,0.0,0.0,0.5982906,0.0,0.0,0.2
33435237,1,18,0.0,0.0,0.0017843393,0.0,0.0,0.5159091,0.15384616,0.022624435,0.022624435,0.2
33437822,0,10,0.03167421,0.03167421,0.02179965,0.0,1.0,0.52272725,0.08547009,0.37104073,1.0,0.2
33442941,0,38,0.0,0.0,0.00385039,0.0,0.0,0.07727273,0.32478634,0.009049774,0.009049774,0.0
33564977,1,24,0.004524887,0.004524887,0.008589335,0.0,0.0,0.7659091,0.20512821,0.042986427,0.08144797,0.0
33568241,0,20,0.004524887,0.004524887,0.006414425,0.0,0.2,0.26136363,0.17094018,0.022624435,0.03167421,0.0
33625173,1,24,0.0,0.0,0.0022878645,0.0,0.0,0.7659091,0.20512821,0.03167421,0.03167421,0.2
33628154,1,35,0.0,0.0,0.004814189,0.0,0.0,0.08181818,0.2991453,0.009049774,0.009049774,0.2
33635180,1,4,0.0,0.0,0.004663125,0.0,0.0,0.19090909,0.034188036,0.009049774,0.009049774,0.2
33639082,1,20,0.018099548,0.018099548,0.017240128,0.0,0.4,0.26136363,0.17094018,0.07058824,0.29411766,0.0
33640997,1,18,0.009049774,0.009049774,0.0123959035,0.0,0.2,0.5159091,0.15384616,0.007541478,0.009049774,0.4
33657483,1,21,0.0,0.0,0.0029581578,0.0,0.0,0.125,0.17948718,0.013574661,0.013574661,0.0
33672294,1,0,0.018099548,0.018099548,0.011298256,0.0,0.6,1.0,0.0,0.105882354,0.15384616,0.0
33700884,1,8,0.009049774,0.009049774,0.010460387,0.0,0.2,0.15454546,0.06837607,0.022624435,0.05882353,0.4
33730406,1,17,0.004524887,0.004524887,0.004190042,0.0,0.2,0.15227273,0.14529915,0.024886878,0.03167421,0.0
33790384,1,5,0.009049774,0.009049774,0.016188256,0.0,0.2,0.1,0.042735044,0.0060331826,0.009049774,0.2
3381061,0,16,0.0,0.0,0.0040332936,0.0,0.0,0.038636364,0.13675214,0.04524887,0.04524887,0.0
33839778,1,113,0.0,0.0,0.012690343,0.0,0.0,0.0,0.96581197,0.0,0.0,0.4
33841004,1,29,0.004524887,0.004524887,0.003717502,0.0,0.2,0.21136364,0.24786325,0.054298643,0.09954751,0.0
33881792,1,10,0.009049774,0.009049774,0.009061188,0.0,0.2,0.52272725,0.08547009,0.01055807,0.013574661,0.0
3388571,1,106,0.004524887,0.004524887,0.0070767757,0.0,0.0,0.01590909,0.9059829,0.43891403,0.8733032,0.0
33980514,1,24,0.004524887,0.004524887,0.012315985,0.0,0.0,0.7659091,0.20512821,0.0022624435,0.004524887,0.2
34007815,1,2,0.0,0.0,0.0026152465,0.0,0.0,0.77272725,0.017094018,0.004524887,0.004524887,0.0
3401411,1,21,0.0,0.0,0.0026063607,0.0,0.0,0.125,0.17948718,0.027149322,0.027149322,0.2
34026749,0,29,0.004524887,0.004524887,0.006284031,0.0,0.2,0.21136364,0.24786325,0.04524887,0.049773756,0.0
34105120,1,24,0.0,0.0,0.0012528698,0.0,0.0,0.7659091,0.20512821,0.27149323,0.27149323,0.0
34110614,1,0,0.004524887,0.004524887,0.008442811,0.0,0.0,1.0,0.0,0.0067873304,0.013574661,0.0
34113994,1,18,0.013574661,0.013574661,0.013992971,0.0,0.2,0.5159091,0.15384616,0.07466064,0.21719457,0.0
34120641,1,114,0.0,0.0,0.008470262,0.0,0.0,0.0022727272,0.974359,0.004524887,0.004524887,0.0
34133492,1,114,0.004524887,0.004524887,0.021130506,0.0,0.0,0.0022727272,0.974359,0.0,0.0,0.0
34172957,1,0,0.004524887,0.004524887,0.0033309418,0.0,0.2,1.0,0.0,0.049773756,0.06334842,0.0
34180355,1,35,0.009049774,0.009049774,0.020723969,0.0,0.0,0.08181818,0.2991453,0.009049774,0.027149322,0.0
34186888,1,24,0.004524887,0.004524887,0.0109229395,0.0,0.0,0.7659091,0.20512821,0.0067873304,0.009049774,0.4
34189206,1,19,0.013574661,0.013574661,0.014466364,0.0,0.4,0.40681818,0.16239317,0.03846154,0.11764706,0.4
34204200,1,24,0.0,0.0,0.0017885123,0.0,0.0,0.7659091,0.20512821,0.04524887,0.04524887,0.0
34214379,1,7,0.018099548,0.018099548,0.019565128,0.0,0.4,0.4568182,0.05982906,0.026244344,0.054298643,0.2
34224479,1,7,0.0,0.0,0.004873572,0.0,0.0,0.4568182,0.05982906,0.009049774,0.009049774,0.4
34231202,1,22,0.009049774,0.009049774,0.008653249,0.0,0.2,0.19772728,0.18803419,0.05882353,0.095022626,0.0
34231651,1,7,0.004524887,0.004524887,0.010717626,0.0,0.0,0.4568182,0.05982906,0.011312217,0.022624435,0.0
34235402,0,0,0.004524887,0.004524887,0.006875777,0.0,0.0,1.0,0.0,0.036199097,0.07239819,0.2
34258868,1,2,0.0,0.0,0.00076464063,0.0,0.0,0.77272725,0.017094018,0.8733032,0.8733032,0.0
34268574,0,1,0.0,0.0,0.0012710884,0.0,0.0,0.6363636,0.008547009,1.0,1.0,0.2
34287054,1,2,0.004524887,0.004524887,0.0068992977,0.0,0.2,0.77272725,0.017094018,0.009049774,0.013574661,0.2
34313086,1,24,0.004524887,0.004524887,0.0058835754,0.0,0.2,0.7659091,0.20512821,0.14705883,0.27149323,0.0
34333379,0,0,0.036199097,0.036199097,0.025922194,0.0,0.8,1.0,0.0,0.034188036,0.09954751,0.0
34339684,1,88,0.0,0.0,0.012690343,0.0,0.0,0.0,0.75213677,0.0,0.0,0.0
34343360,1,4,0.0,0.0,0.0024455308,0.0,0.0,0.19090909,0.034188036,0.013574661,0.013574661,0.0
34382438,0,2,0.004524887,0.004524887,0.008576427,0.0,0.0,0.77272725,0.017094018,0.0067873304,0.013574661,0.2
34387155,1,18,0.009049774,0.009049774,0.01077947,0.0,0.2,0.5159091,0.15384616,0.046757165,0.13122173,0.0
34396078,0,1,0.009049774,0.009049774,0.00858459,0.0,0.4,0.6363636,0.008547009,0.36199096,1.0,0.4
34411762,1,18,0.0,0.0,0.0015949622,0.0,0.0,0.5159091,0.15384616,0.027149322,0.027149322,0.0
34423857,0,4,0.004524887,0.004524887,0.0077334815,0.0,0.2,0.19090909,0.034188036,0.0067873304,0.009049774,0.0
34445020,1,18,0.009049774,0.009049774,0.010711659,0.0,0.2,0.5159091,0.15384616,0.09049774,0.25339368,0.0
34522733,1,0,0.009049774,0.009049774,0.0072548725,0.0,0.4,1.0,0.0,0.02111614,0.036199097,0.0
345863,1,10,0.0,0.0,0.003329156,0.0,0.0,0.52272725,0.08547009,0.013574661,0.013574661,0.4
34635715,1,9,0.0,0.0,0.0004897328,0.0,0.0,0.23636363,0.07692308,0.05882353,0.05882353,0.0
34647944,1,10,0.009049774,0.009049774,0.009796659,0.0,0.2,0.52272725,0.08547009,0.39215687,0.8733032,0.2
34655157,1,19,0.0,0.0,0.00036703673,0.0,0.0,0.40681818,0.16239317,0.054298643,0.054298643,0.0
34686356,1,14,0.027149322,0.027149322,0.025969919,0.0,0.4,0.16136363,0.11965812,0.038784746,0.16289593,0.2
34689856,0,24,0.0,0.0,0.001283301,0.0,0.0,0.7659091,0.20512821,0.06334842,0.06334842,0.2
34691316,2,19,0.0,0.0,0.0006194072,0.0,0.0,0.40681818,0.16239317,0.30316743,0.30316743,0.0
34701514,1,1,0.004524887,0.004524887,0.00853575,0.0,0.0,0.6363636,0.008547009,0.5,1.0,0.0
34704651,1,22,0.004524887,0.004524887,0.00884971,0.0,0.0,0.19772728,0.18803419,0.0067873304,0.013574661,0.0
34747138,2,19,0.022624435,0.022624435,0.015229958,0.0,0.8,0.40681818,0.16239317,0.11085973,0.30316743,0.2
34782510,1,18,0.004524887,0.004524887,0.010663228,0.0,0.0,0.5159091,0.15384616,0.009049774,0.018099548,0.0
34808187,1,18,0.004524887,0.004524887,0.0060334587,0.0,0.2,0.5159091,0.15384616,0.06787331,0.11312217,0.0
34838841,1,24,0.0,0.0,0.0009991354,0.0,0.0,0.7659091,0.20512821,0.040723983,0.040723983,0.0
34876153,1,2,0.004524887,0.004524887,0.0031402807,0.0,0.2,0.77272725,0.017094018,0.047511313,0.05882353,0.2
34879749,1,29,0.0,0.0,0.0030538111,0.0,0.0,0.21136364,0.24786325,0.009049774,0.009049774,0.0
34896810,0,22,0.018099548,0.018099548,0.027443785,0.0,0.2,0.19772728,0.18803419,0.007239819,0.03167421,0.0
34899924,1,7,0.013574661,0.013574661,0.020894201,0.0,0.2,0.4568182,0.05982906,0.0056561087,0.013574661,0.0
34901579,1,20,0.009049774,0.009049774,0.00714665,0.0,0.4,0.26136363,0.17094018,0.037707392,0.049773756,0.0
34905250,1,35,0.0,0.0,0.0036364344,0.0,0.0,0.08181818,0.2991453,0.027149322,0.027149322,0.4
34912487,1,0,0.022624435,0.022624435,0.015795926,0.0,0.6,1.0,0.0,0.16817497,0.5972851,0.2
34913414,1,0,0.009049774,0.009049774,0.007203538,0.0,0.4,1.0,0.0,0.12669684,0.25791857,0.2
34963618,1,18,0.004524887,0.004524887,0.0069942926,0.0,0.2,0.5159091,0.15384616,0.0520362,0.08597285,0.0
34983,0,1,0.0,0.0,0.0012710884,0.0,0.0,0.6363636,0.008547009,1.0,1.0,0.0
35026068,1,38,0.0,0.0,0.001250322,0.0,0.0,0.07727273,0.32478634,0.018099548,0.018099548,0.4
35052497,0,0,0.009049774,0.009049774,0.0060248114,0.0,0.4,1.0,0.0,0.08295626,0.1402715,0.0
35057448,1,9,0.013574661,0.013574661,0.013941742,0.0,0.4,0.23636363,0.07692308,0.01923077,0.040723983,0.0
35085904,1,18,0.0,0.0,0.0017288396,0.0,0.0,0.5159091,0.15384616,0.03167421,0.03167421,0.0
35088967,1,0,0.022624435,0.022624435,0.015635394,0.0,0.8,1.0,0.0,0.054298643,0.1402715,0.0
35124651,1,24,0.0,0.0,0.0013070954,0.0,0.0,0.7659091,0.20512821,0.022624435,0.022624435,0.2
35158404,0,17,0.004524887,0.004524887,0.0046446444,0.0,0.2,0.15227273,0.14529915,0.0882353,0.15384616,0.4
35169668,1,2,0.004524887,0.004524887,0.00420129,0.0,0.2,0.77272725,0.017094018,0.040723983,0.06787331,0.0
35245735,1,18,0.0,0.0,0.002600749,0.0,0.0,0.5159091,0.15384616,0.022624435,0.022624435,0.0
35249934,1,7,0.018099548,0.018099548,0.01638091,0.0,0.4,0.4568182,0.05982906,0.019004526,0.040723983,0.0
35253656,0,22,0.0,0.0,0.0029975346,0.0,0.0,0.19772728,0.18803419,0.018099548,0.018099548,0.2
35264507,1,20,0.018099548,0.018099548,0.022285178,0.0,0.2,0.26136363,0.17094018,0.004524887,0.009049774,0.2
35274390,2,93,0.0,0.0,0.012690343,0.0,0.0,0.0,0.7948718,0.0,0.0,0.4
35288445,1,4,0.0,0.0,0.00069169037,0.0,0.0,0.19090909,0.034188036,0.04524887,0.04524887,0.0
35295810,1,0,0.0,0.0,0.0026053663,0.0,0.0,1.0,0.0,0.004524887,0.004524887,0.0
35300628,1,0,0.0,0.0,8.869083e-05,0.0,0.0,1.0,0.0,0.1402715,0.1402715,0.0
3530201,1,2,0.040723983,0.040723983,0.034198944,0.0,0.6,0.77272725,0.017094018,0.025791856,0.14479639,0.0
35324281,1,2,0.0,0.0,0.00076464063,0.0,0.0,0.77272725,0.017094018,0.8733032,0.8733032,0.0
35329667,0,38,0.013574661,0.013574661,0.017958874,0.0,0.2,0.07727273,0.32478634,0.014705882,0.027149322,0.0
35380950,1,24,0.009049774,0.009049774,0.0136710815,0.0,0.2,0.7659091,0.20512821,0.01055807,0.018099548,0.2
35395620,1,18,0.0,0.0,0.0025364489,0.0,0.0,0.5159091,0.15384616,0.009049774,0.009049774,0.8
35444343,1,4,0.0,0.0,0.00069169037,0.0,0.0,0.19090909,0.034188036,0.04524887,0.04524887,0.2
35478531,1,75,0.004524887,0.004524887,0.018041667,0.0,0.0,0.0045454544,0.64102566,0.0022624435,0.004524887,0.2
35497674,1,10,0.0,0.0,0.00059089524,0.0,0.0,0.52272725,0.08547009,0.280543,0.280543,0.0
35501247,1,17,0.004524887,0.004524887,0.0045461273,0.0,0.2,0.15227273,0.14529915,0.020361992,0.022624435,0.0
35502816,1,18,0.018099548,0.018099548,0.020696836,0.0,0.2,0.5159091,0.15384616,0.026244344,0.08144797,0.0
35522610,1,18,0.018099548,0.018099548,0.025446575,0.0,0.2,0.5159091,0.15384616,0.007239819,0.018099548,0.0
35541830,0,2,0.004524887,0.004524887,0.0044759545,0.0,0.2,0.77272725,0.017094018,0.06334842,0.08144797,0.2
35612957,1,0,0.004524887,0.004524887,0.0032658656,0.0,0.2,1.0,0.0,0.042986427,0.054298643,0.0
35676636,1,9,0.0,0.0,0.0018812085,0.0,0.0,0.23636363,0.07692308,0.040723983,0.040723983,0.0
35702577,1,24,0.0,0.0,0.0019946569,0.0,0.0,0.7659091,0.20512821,0.018099548,0.018099548,0.2
35744304,1,18,0.0,0.0,0.001665232,0.0,0.0,0.5159091,0.15384616,0.11312217,0.11312217,0.0
35748261,1,18,0.004524887,0.004524887,0.007112942,0.0,0.2,0.5159091,0.15384616,0.020361992,0.022624435,0.4
35763630,1,14,0.009049774,0.009049774,0.020320427,0.0,0.0,0.16136363,0.11965812,0.0015082957,0.004524887,0.0
35782573,1,22,0.004524887,0.004524887,0.005342008,0.0,0.2,0.19772728,0.18803419,0.05882353,0.07692308,0.2
35843799,1,24,0.0,0.0,0.0014580812,0.0,0.0,0.7659091,0.20512821,0.1764706,0.1764706,0.0
3588561,1,0,0.06334842,0.06334842,0.04638057,0.0,1.0,1.0,0.0,0.08748115,0.5972851,0.0
35931640,0,24,0.0,0.0,0.0018300288,0.0,0.0,0.7659091,0.20512821,0.009049774,0.009049774,0.0
35934508,1,14,0.022624435,0.022624435,0.021058053,0.0,0.4,0.16136363,0.11965812,0.024886878,0.05882353,0.0
3595081,1,7,0.004524887,0.004524887,0.007142643,0.0,0.2,0.4568182,0.05982906,0.0067873304,0.009049774,0.2
35954073,0,24,0.0,0.0,0.0025264875,0.0,0.0,0.7659091,0.20512821,0.013574661,0.013574661,0.2
35967493,1,18,0.11312217,0.11312217,0.124671765,0.0,0.4,0.5159091,0.15384616,0.01270449,0.07239819,0.0
36016773,0,22,0.040723983,0.040723983,0.03587228,0.0,0.4,0.19772728,0.18803419,0.025791856,0.15384616,0.0
3602921,0,40,0.0,0.0,0.012690343,0.0,0.0,0.0,0.34188035,0.0,0.0,0.0
36038057,1,27,0.009049774,0.009049774,0.012544487,0.0,0.2,0.25,0.23076923,0.007541478,0.013574661,0.0
36057656,0,80,0.004524887,0.004524887,0.021130506,0.0,0.0,0.0022727272,0.6837607,0.0,0.0,0.4
36058055,1,7,0.009049774,0.009049774,0.008245747,0.0,0.2,0.4568182,0.05982906,0.027149322,0.054298643,0.2
36063,1,1,0.004524887,0.004524887,0.0040373583,0.0,0.2,0.6363636,0.008547009,0.029411765,0.036199097,0.2
36071096,1,2,0.018099548,0.018099548,0.015409124,0.0,0.6,0.77272725,0.017094018,0.38099548,0.8733032,0.0
36074855,1,4,0.0,0.0,0.0010105774,0.0,0.0,0.19090909,0.034188036,0.018099548,0.018099548,0.2
36083872,1,0,0.0,0.0,0.0003139206,0.0,0.0,1.0,0.0,0.05882353,0.05882353,0.0
36110176,1,7,0.009049774,0.009049774,0.009848123,0.0,0.2,0.4568182,0.05982906,0.018099548,0.040723983,0.0
36111345,1,13,0.004524887,0.004524887,0.007475306,0.0,0.2,0.13863637,0.11111111,0.015837105,0.018099548,0.0
36123207,1,0,0.018099548,0.018099548,0.011498248,0.0,0.8,1.0,0.0,0.08778281,0.11312217,0.0
36150796,1,18,0.009049774,0.009049774,0.012793018,0.0,0.2,0.5159091,0.15384616,0.016591253,0.03167421,0.4
36227854,1,18,0.004524887,0.004524887,0.00914893,0.0,0.2,0.5159091,0.15384616,0.004524887,0.004524887,0.0
36385793,1,13,0.004524887,0.004524887,0.005814614,0.0,0.2,0.13863637,0.11111111,0.009049774,0.009049774,0.2
36419174,1,18,0.0,0.0,0.0017288396,0.0,0.0,0.5159091,0.15384616,0.03167421,0.03167421,0.0
36444947,1,10,0.03167421,0.03167421,0.032840025,0.0,0.4,0.52272725,0.08547009,0.010746607,0.027149322,0.0
36485675,0,1,0.0,0.0,0.0012710884,0.0,0.0,0.6363636,0.008547009,1.0,1.0,0.4
36495774,1,24,0.08144797,0.08144797,0.083190925,0.0,0.6,0.7659091,0.20512821,0.013812813,0.06334842,0.0
36515633,1,33,0.0,0.0,0.008470262,0.0,0.0,0.0022727272,0.2820513,0.004524887,0.004524887,0.0
36560198,1,4,0.0,0.0,0.0009829514,0.0,0.0,0.19090909,0.034188036,0.03167421,0.03167421,0.0
36572402,0,1,0.0,0.0,0.0012710884,0.0,0.0,0.6363636,0.008547009,1.0,1.0,0.2
3669361,1,49,0.0,0.0,0.012690343,0.0,0.0,0.0,0.41880342,0.0,0.0,0.0
36722512,1,24,0.004524887,0.004524887,0.0040314486,0.0,0.2,0.7659091,0.20512821,0.05882353,0.08144797,0.0
36727137,1,4,0.009049774,0.009049774,0.015883919,0.0,0.2,0.19090909,0.034188036,0.015082956,0.022624435,0.0
36730608,0,0,0.004524887,0.004524887,0.0029043448,0.0,0.2,1.0,0.0,0.16063349,0.25791857,0.0
36739717,0,27,0.004524887,0.004524887,0.004119357,0.0,0.2,0.25,0.23076923,0.049773756,0.07692308,0.0
3675691,0,0,0.004524887,0.004524887,0.0040840064,0.0,0.2,1.0,0.0,0.08597285,0.14479639,0.0
36777560,1,29,0.0,0.0,0.0032038302,0.0,0.0,0.21136364,0.24786325,0.009049774,0.009049774,0.0
36787860,2,19,0.0,0.0,0.0013438214,0.0,0.0,0.40681818,0.16239317,0.03167421,0.03167421,0.0
36829136,1,18,0.0,0.0,0.002925459,0.0,0.0,0.5159091,0.15384616,0.018099548,0.018099548,0.2
36874153,1,115,0.0,0.0,0.012690343,0.0,0.0,0.0,0.982906,0.0,0.0,0.2
36883116,1,115,0.0,0.0,0.012690343,0.0,0.0,0.0,0.982906,0.0,0.0,0.4
36895550,1,0,0.009049774,0.009049774,0.006797128,0.0,0.4,1.0,0.0,0.09351433,0.16289593,0.0
36913973,1,0,0.03167421,0.03167421,0.028910233,0.0,0.4,1.0,0.0,0.01866516,0.06334842,0.0
36963624,1,61,0.004524887,0.004524887,0.021130506,0.0,0.0,0.0022727272,0.52136755,0.0,0.0,0.0
37018152,1,0,0.036199097,0.036199097,0.024643416,0.0,1.0,1.0,0.0,0.10206134,0.25791857,0.2
37042891,1,24,0.0,0.0,0.0043154242,0.0,0.0,0.7659091,0.20512821,0.004524887,0.004524887,0.0
37046242,1,18,0.0,0.0,0.0026306387,0.0,0.0,0.5159091,0.15384616,0.018099548,0.018099548,0.4
37084108,1,18,0.004524887,0.004524887,0.005857296,0.0,0.2,0.5159091,0.15384616,0.033936653,0.04524887,0.0
37092101,1,27,0.013574661,0.013574661,0.012555938,0.0,0.4,0.25,0.23076923,0.023755657,0.054298643,0.0
37092235,1,24,0.004524887,0.004524887,0.0065951194,0.0,0.2,0.7659091,0.20512821,0.16968326,0.33484164,0.2
37135242,1,0,0.004524887,0.004524887,0.0028432128,0.0,0.2,1.0,0.0,0.35520363,0.5972851,0.0
37183,1,7,0.004524887,0.004524887,0.0073018745,0.0,0.2,0.4568182,0.05982906,0.011312217,0.018099548,0.2
37188254,1,3,0.0,0.0,0.001676351,0.0,0.0,0.15227273,0.025641026,0.027149322,0.027149322,0.2
3719851,1,16,0.004524887,0.004524887,0.012830601,0.0,0.0,0.038636364,0.13675214,0.022624435,0.04524887,0.2
37249985,0,10,0.0,0.0,0.00059156,0.0,0.0,0.52272725,0.08547009,0.040723983,0.040723983,0.2
37278980,1,18,0.004524887,0.004524887,0.0076538045,0.0,0.2,0.5159091,0.15384616,0.018099548,0.027149322,0.0
37289924,1,10,0.004524887,0.004524887,0.0060306056,0.0,0.2,0.52272725,0.08547009,0.015837105,0.022624435,0.4
37305693,1,5,0.004524887,0.004524887,0.012855065,0.0,0.0,0.1,0.042735044,0.004524887,0.009049774,0.0
37313477,0,9,0.018099548,0.018099548,0.01889974,0.0,0.2,0.23636363,0.07692308,0.016289594,0.05882353,0.0
37320521,1,0,0.009049774,0.009049774,0.005998442,0.0,0.4,1.0,0.0,0.06787331,0.13122173,0.0
37343638,1,19,0.03167421,0.03167421,0.023092967,0.0,0.6,0.40681818,0.16239317,0.121040724,0.5972851,0.0
37371543,1,24,0.0,0.0,0.0019962373,0.0,0.0,0.7659091,0.20512821,0.018099548,0.018099548,0.4
37398382,1,0,0.09954751,0.09954751,0.07174993,0.0,1.0,1.0,0.0,0.07102105,0.5972851,0.0
37458941,1,100,0.0,0.0,0.012690343,0.0,0.0,0.0,0.85470086,0.0,0.0,0.0
37485330,1,21,0.0,0.0,0.0009950122,0.0,0.0,0.125,0.17948718,0.11764706,0.11764706,0.0
37526886,1,20,0.036199097,0.036199097,0.03139607,0.0,0.4,0.26136363,0.17094018,0.025641026,0.09049774,0.0
37527239,0,18,0.03167421,0.03167421,0.03381705,0.0,0.4,0.5159091,0.15384616,0.0067873304,0.013574661,0.0
37529061,1,4,0.03167421,0.03167421,0.028223993,0.0,0.4,0.19090909,0.034188036,0.033371042,0.09049774,0.0
37531004,1,22,0.004524887,0.004524887,0.007647547,0.0,0.0,0.19772728,0.18803419,0.013574661,0.027149322,0.0
37539567,1,106,0.0,0.0,0.0059757354,0.0,0.0,0.01590909,0.9059829,0.004524887,0.004524887,0.0
37568391,1,18,0.018099548,0.018099548,0.01821298,0.0,0.4,0.5159091,0.15384616,0.06244344,0.11312217,0.2
37584291,1,22,0.004524887,0.004524887,0.0051431376,0.0,0.2,0.19772728,0.18803419,0.020361992,0.03167421,0.0
37609530,1,10,0.0,0.0,0.00059089524,0.0,0.0,0.52272725,0.08547009,0.280543,0.280543,0.2
37623393,1,24,0.004524887,0.004524887,0.008742934,0.0,0.0,0.7659091,0.20512821,0.16742082,0.33484164,0.2
376793,1,9,0.0,0.0,0.0016134143,0.0,0.0,0.23636363,0.07692308,0.009049774,0.009049774,0.0
37750797,0,17,0.013574661,0.013574661,0.013164115,0.0,0.4,0.15227273,0.14529915,0.03733032,0.095022626,0.6
37751124,1,7,0.0,0.0,0.0026329,0.0,0.0,0.4568182,0.05982906,0.013574661,0.013574661,0.0
37776721,0,7,0.004524887,0.004524887,0.0141843865,0.0,0.0,0.4568182,0.05982906,0.004524887,0.009049774,0.2
37781630,1,24,0.004524887,0.004524887,0.009457072,0.0,0.0,0.7659091,0.20512821,0.0067873304,0.013574661,0.0
37809748,1,1,0.018099548,0.018099548,0.015771156,0.0,0.4,0.6363636,0.008547009,0.25339368,1.0,0.4
37836873,1,24,0.022624435,0.022624435,0.03300071,0.0,0.2,0.7659091,0.20512821,0.007541478,0.03167421,0.2
37891331,1,53,0.0,0.0,0.008470262,0.0,0.0,0.0022727272,0.45299146,0.004524887,0.004524887,0.0
37974834,1,17,0.004524887,0.004524887,0.008244736,0.0,0.0,0.15227273,0.14529915,0.07692308,0.15384616,0.4
37975185,1,0,0.018099548,0.018099548,0.011678611,0.0,0.6,1.0,0.0,0.20271493,0.5972851,0.0
37976910,1,0,0.004524887,0.004524887,0.007485117,0.0,0.0,1.0,0.0,0.07013575,0.1402715,0.0
37977353,1,14,0.013574661,0.013574661,0.013929279,0.0,0.4,0.16136363,0.11965812,0.020361992,0.036199097,0.0
37987830,2,19,0.004524887,0.004524887,0.006358042,0.0,0.2,0.40681818,0.16239317,0.0067873304,0.009049774,0.2
37989080,1,87,0.004524887,0.004524887,0.010621471,0.0,0.2,0.022727273,0.74358976,0.015837105,0.018099548,0.0
38011323,1,18,0.0,0.0,0.0016817488,0.0,0.0,0.5159091,0.15384616,0.03167421,0.03167421,0.0
38058345,1,17,0.0,0.0,0.0031926348,0.0,0.0,0.15227273,0.14529915,0.004524887,0.004524887,0.2
38093134,1,27,0.0,0.0,0.00094815117,0.0,0.0,0.25,0.23076923,0.022624435,0.022624435,0.0
38148115,1,27,0.004524887,0.004524887,0.0071365866,0.0,0.2,0.25,0.23076923,0.0067873304,0.009049774,0.0
38153,1,2,0.004524887,0.004524887,0.0052533206,0.0,0.2,0.77272725,0.017094018,0.047511313,0.08144797,0.0
38169367,1,14,0.0,0.0,0.00101344,0.0,0.0,0.16136363,0.11965812,0.05882353,0.05882353,0.2
38176734,1,7,0.0,0.0,0.0014393247,0.0,0.0,0.4568182,0.05982906,0.036199097,0.036199097,0.2
38187809,1,7,0.009049774,0.009049774,0.010925922,0.0,0.2,0.4568182,0.05982906,0.036199097,0.09049774,0.2
38189795,1,106,0.004524887,0.004524887,0.015091672,0.0,0.0,0.01590909,0.9059829,0.0022624435,0.004524887,0.2
38214789,1,0,0.004524887,0.004524887,0.0072279014,0.0,0.0,1.0,0.0,0.018099548,0.036199097,0.0
38240881,2,0,0.0,0.0,0.0012812817,0.0,0.0,1.0,0.0,0.009049774,0.009049774,0.0
38262306,1,27,0.013574661,0.013574661,0.010505641,0.0,0.4,0.25,0.23076923,0.0260181,0.049773756,0.0
38273189,1,29,0.009049774,0.009049774,0.01510829,0.0,0.2,0.21136364,0.24786325,0.0030165913,0.004524887,0.2
38303576,1,7,0.009049774,0.009049774,0.014272347,0.0,0.2,0.4568182,0.05982906,0.013574661,0.018099548,0.2
38305142,1,18,0.0,0.0,0.0042360276,0.0,0.0,0.5159091,0.15384616,0.004524887,0.004524887,0.0
38321339,1,0,0.0,0.0,0.0010558866,0.0,0.0,1.0,0.0,0.03167421,0.03167421,0.0
38323395,0,30,0.013574661,0.013574661,0.02032914,0.0,0.2,0.14772727,0.25641027,0.0067873304,0.022624435,0.0
38359577,1,13,0.004524887,0.004524887,0.0037612151,0.0,0.2,0.13863637,0.11111111,0.05882353,0.09049774,0.0
38361368,1,4,0.009049774,0.009049774,0.011379732,0.0,0.2,0.19090909,0.034188036,0.015082956,0.03167421,0.4
38370559,0,4,0.013574661,0.013574661,0.014117516,0.0,0.2,0.19090909,0.034188036,0.04638009,0.14932127,0.0
38375324,1,9,0.013574661,0.013574661,0.010186519,0.0,0.4,0.23636363,0.07692308,0.033936653,0.054298643,0.0
38388466,1,24,0.009049774,0.009049774,0.008525359,0.0,0.4,0.7659091,0.20512821,0.173454,0.27149323,0.0
38420334,1,86,0.0,0.0,0.012690343,0.0,0.0,0.0,0.73504275,0.0,0.0,0.0
3842491,0,6,0.004524887,0.004524887,0.0072144484,0.0,0.2,0.05,0.051282052,0.009049774,0.013574661,0.2
38473186,1,10,0.004524887,0.004524887,0.0032408054,0.0,0.2,0.52272725,0.08547009,0.07013575,0.07239819,0.0
38493206,0,4,0.0,0.0,0.0013153155,0.0,0.0,0.19090909,0.034188036,0.022624435,0.022624435,0.2
38499508,1,9,0.0,0.0,0.0018812085,0.0,0.0,0.23636363,0.07692308,0.040723983,0.040723983,0.2
38512364,1,103,0.0,0.0,0.012690343,0.0,0.0,0.0,0.8803419,0.0,0.0,0.2
38550644,1,0,0.004524887,0.004524887,0.007595567,0.0,0.0,1.0,0.0,0.029411765,0.05882353,0.0
38555777,1,10,0.0,0.0,0.0014724289,0.0,0.0,0.52272725,0.08547009,0.03167421,0.03167421,0.4
38559254,1,109,0.0,0.0,0.0034585455,0.0,0.0,0.0022727272,0.93162394,0.009049774,0.009049774,0.4
38590384,1,24,0.018099548,0.018099548,0.021709563,0.0,0.4,0.7659091,0.20512821,0.017194571,0.04524887,0.0
38593629,1,24,0.004524887,0.004524887,0.008050585,0.0,0.2,0.7659091,0.20512821,0.004524887,0.004524887,0.2
38596210,1,38,0.0,0.0,0.0010810221,0.0,0.0,0.07727273,0.32478634,0.022624435,0.022624435,0.2
38609291,1,9,0.0,0.0,0.0030490514,0.0,0.0,0.23636363,0.07692308,0.004524887,0.004524887,0.0
38622261,1,24,0.004524887,0.004524887,0.009494019,0.0,0.0,0.7659091,0.20512821,0.009049774,0.013574661,0.4
38631197,1,7,0.004524887,0.004524887,0.005372268,0.0,0.2,0.4568182,0.05982906,0.018099548,0.018099548,0.0
38631491,1,0,0.0,0.0,8.869083e-05,0.0,0.0,1.0,0.0,0.1402715,0.1402715,0.0
38637098,1,48,0.0,0.0,0.005340109,0.0,0.0,0.009090909,0.41025642,0.009049774,0.009049774,0.0
38640812,1,106,0.013574661,0.013574661,0.029693268,0.0,0.0,0.01590909,0.9059829,0.0022624435,0.004524887,0.2
38677225,1,9,0.013574661,0.013574661,0.012142731,0.0,0.4,0.23636363,0.07692308,0.033936653,0.11312217,0.2
38718043,1,7,0.0,0.0,0.0034864491,0.0,0.0,0.4568182,0.05982906,0.054298643,0.054298643,0.0
38813185,1,13,0.0,0.0,0.002358506,0.0,0.0,0.13863637,0.11111111,0.022624435,0.022624435,0.2
38843284,1,10,0.018099548,0.018099548,0.013045771,0.0,0.6,0.52272725,0.08547009,0.039819006,0.07239819,0.2
38868445,1,2,0.0,0.0,0.0033241338,0.0,0.0,0.77272725,0.017094018,0.009049774,0.009049774,0.0
38886250,1,87,0.0,0.0,0.0040793484,0.0,0.0,0.022727273,0.74358976,0.018099548,0.018099548,0.0
38911062,1,7,0.0,0.0,0.0050752875,0.0,0.0,0.4568182,0.05982906,0.004524887,0.004524887,0.0
38929280,0,1,0.0,0.0,0.0012710884,0.0,0.0,0.6363636,0.008547009,1.0,1.0,0.2
38935771,2,19,0.009049774,0.009049774,0.008759319,0.0,0.2,0.40681818,0.16239317,0.09049774,0.16742082,0.2
3898371,1,10,0.0,0.0,0.0022106806,0.0,0.0,0.52272725,0.08547009,0.022624435,0.022624435,0.2
38987613,1,20,0.013574661,0.013574661,0.011968142,0.0,0.2,0.26136363,0.17094018,0.06561086,0.16742082,0.4
38988224,0,24,0.040723983,0.040723983,0.03641075,0.0,0.6,0.7659091,0.20512821,0.2357466,1.0,0.0
39001941,0,0,0.009049774,0.009049774,0.0069857817,0.0,0.4,1.0,0.0,0.05580694,0.07692308,0.0
39041028,1,0,0.0,0.0,0.00042130522,0.0,0.0,1.0,0.0,0.06787331,0.06787331,0.0
39068896,1,18,0.03167421,0.03167421,0.034978326,0.0,0.4,0.5159091,0.15384616,0.024321267,0.1040724,0.0
39080527,0,35,0.009049774,0.009049774,0.010835114,0.0,0.2,0.08181818,0.2991453,0.060331825,0.15384616,0.0
39085764,1,14,0.009049774,0.009049774,0.013254705,0.0,0.2,0.16136363,0.11965812,0.007541478,0.018099548,0.2
39132413,1,10,0.004524887,0.004524887,0.0032260236,0.0,0.2,0.52272725,0.08547009,0.095022626,0.12669684,0.2
39161886,1,112,0.0,0.0,0.012690343,0.0,0.0,0.0,0.95726496,0.0,0.0,0.2
39179439,1,90,0.0,0.0,0.012690343,0.0,0.0,0.0,0.7692308,0.0,0.0,0.2
39271180,1,18,0.022624435,0.022624435,0.031342458,0.0,0.2,0.5159091,0.15384616,0.005279035,0.009049774,0.0
39282185,1,10,0.0,0.0,0.0006688666,0.0,0.0,0.52272725,0.08547009,0.049773756,0.049773756,0.2
39296317,1,9,0.004524887,0.004524887,0.0067066103,0.0,0.2,0.23636363,0.07692308,0.009049774,0.013574661,0.0
39296425,0,8,0.004524887,0.004524887,0.0043229014,0.0,0.2,0.15454546,0.06837607,0.1040724,0.14932127,0.0
39299693,0,1,0.004524887,0.004524887,0.004596656,0.0,0.2,0.6363636,0.008547009,0.9366516,1.0,0.0
39314178,0,2,0.004524887,0.004524887,0.0077447887,0.0,0.0,0.77272725,0.017094018,0.4366516,0.8733032,0.0
39349202,1,21,0.0,0.0,0.0009950122,0.0,0.0,0.125,0.17948718,0.11764706,0.11764706,0.4
39354901,1,27,0.0,0.0,0.0035441774,0.0,0.0,0.25,0.23076923,0.004524887,0.004524887,0.0
3936591,1,13,0.009049774,0.009049774,0.0106914565,0.0,0.2,0.13863637,0.11111111,0.018099548,0.03167421,0.0
39367703,1,2,0.0,0.0,0.00059965235,0.0,0.0,0.77272725,0.017094018,0.036199097,0.036199097,0.2
39405858,1,24,0.0,0.0,0.004047927,0.0,0.0,0.7659091,0.20512821,0.004524887,0.004524887,0.0
39411131,1,27,0.0,0.0,0.0003015937,0.0,0.0,0.25,0.23076923,0.11764706,0.11764706,0.0
39469612,0,10,0.07692308,0.07692308,0.070850655,0.0,0.8,0.52272725,0.08547009,0.1618904,1.0,0.0
39495217,1,48,0.004524887,0.004524887,0.01173593,0.0,0.0,0.009090909,0.41025642,0.0067873304,0.009049774,0.0
39507031,1,18,0.009049774,0.009049774,0.012743586,0.0,0.2,0.5159091,0.15384616,0.054298643,0.08597285,0.2
39513773,1,7,0.0,0.0,0.0013236862,0.0,0.0,0.4568182,0.05982906,0.049773756,0.049773756,0.4
39589400,1,18,0.013574661,0.013574661,0.019781688,0.0,0.2,0.5159091,0.15384616,0.012443439,0.03167421,0.0
39674234,1,18,0.004524887,0.004524887,0.0059880316,0.0,0.2,0.5159091,0.15384616,0.095022626,0.11312217,0.4
3969131,1,2,0.009049774,0.009049774,0.007306065,0.0,0.4,0.77272725,0.017094018,0.33031675,0.8733032,0.4
39729028,1,22,0.0,0.0,0.0034371833,0.0,0.0,0.19772728,0.18803419,0.004524887,0.004524887,0.0
39795064,1,18,0.013574661,0.013574661,0.01614374,0.0,0.2,0.5159091,0.15384616,0.012443439,0.022624435,0.2
39817459,1,22,0.0,0.0,0.0008392479,0.0,0.0,0.19772728,0.18803419,0.054298643,0.054298643,0.0
39856692,1,5,0.0,0.0,0.0051128734,0.0,0.0,0.1,0.042735044,0.004524887,0.004524887,0.0
39859453,1,0,0.0,0.0,0.00022113103,0.0,0.0,1.0,0.0,0.09049774,0.09049774,0.2
39889494,1,13,0.004524887,0.004524887,0.009130096,0.0,0.0,0.13863637,0.11111111,0.03167421,0.06334842,0.0
40049363,1,13,0.013574661,0.013574661,0.030292954,0.0,0.0,0.13863637,0.11111111,0.0011312218,0.004524887,0.0
40069433,2,25,0.0,0.0,0.0049765194,0.0,0.0,0.052272726,0.21367522,0.004524887,0.004524887,0.2
40082688,1,0,0.009049774,0.009049774,0.00585483,0.0,0.4,1.0,0.0,0.12518854,0.25791857,0.0
40088934,1,18,0.004524887,0.004524887,0.008359583,0.0,0.2,0.5159091,0.15384616,0.0067873304,0.009049774,0.2
40103016,0,8,0.009049774,0.009049774,0.0079590315,0.0,0.4,0.15454546,0.06837607,0.09803922,0.14932127,0.0
40116577,1,14,0.004524887,0.004524887,0.0046779346,0.0,0.2,0.16136363,0.11965812,0.036199097,0.05882353,0.6
40143,1,2,0.009049774,0.009049774,0.010002663,0.0,0.2,0.77272725,0.017094018,0.0060331826,0.009049774,0.0
40145501,1,3,0.0,0.0,0.0032272507,0.0,0.0,0.15227273,0.025641026,0.004524887,0.004524887,0.0
40160755,1,0,0.013574661,0.013574661,0.009878452,0.0,0.6,1.0,0.0,0.23868778,0.5972851,0.0
40170117,1,10,0.0,0.0,0.00038361733,0.0,0.0,0.52272725,0.08547009,0.25339368,0.25339368,0.0
40225273,1,10,0.004524887,0.004524887,0.0037135489,0.0,0.2,0.52272725,0.08547009,0.29185522,0.30316743,0.0
40293394,0,1,0.009049774,0.009049774,0.016203377,0.0,0.0,0.6363636,0.008547009,0.007541478,0.022624435,0.2
40306549,1,18,0.004524887,0.004524887,0.00476381,0.0,0.2,0.5159091,0.15384616,0.07466064,0.13122173,0.4
40313412,1,13,0.0,0.0,0.004904538,0.0,0.0,0.13863637,0.11111111,0.013574661,0.013574661,0.2
40415571,1,29,0.004524887,0.004524887,0.0070689754,0.0,0.2,0.21136364,0.24786325,0.033936653,0.05882353,0.2
40426026,0,1,0.0,0.0,0.0012710884,0.0,0.0,0.6363636,0.008547009,1.0,1.0,0.0
40449158,1,27,0.0,0.0,0.0023231974,0.0,0.0,0.25,0.23076923,0.013574661,0.013574661,0.0
40512761,1,27,0.004524887,0.004524887,0.009138341,0.0,0.0,0.25,0.23076923,0.0067873304,0.013574661,0.0
40581589,0,17,0.0,0.0,0.0010842463,0.0,0.0,0.15227273,0.14529915,0.15384616,0.15384616,0.0
40581809,1,24,0.0,0.0,0.0014414472,0.0,0.0,0.7659091,0.20512821,0.022624435,0.022624435,0.0
40647820,1,17,0.0,0.0,0.00086561206,0.0,0.0,0.15227273,0.14529915,0.022624435,0.022624435,0.2
40706058,1,0,0.009049774,0.009049774,0.006175555,0.0,0.4,1.0,0.0,0.07692308,0.108597286,0.0
40716707,1,2,0.004524887,0.004524887,0.00771142,0.0,0.0,0.77272725,0.017094018,0.07239819,0.14479639,0.0
40732805,1,27,0.004524887,0.004524887,0.0034601295,0.0,0.2,0.25,0.23076923,0.061085973,0.09049774,0.2
40870809,1,27,0.004524887,0.004524887,0.0051888954,0.0,0.2,0.25,0.23076923,0.51131225,1.0,0.0
40897994,1,12,0.0,0.0,0.008470262,0.0,0.0,0.0022727272,0.102564104,0.004524887,0.004524887,0.0
40959839,1,18,0.0,0.0,0.001979849,0.0,0.0,0.5159091,0.15384616,0.009049774,0.009049774,0.2
40965202,0,16,0.0,0.0,0.005275592,0.0,0.0,0.038636364,0.13675214,0.004524887,0.004524887,0.0
40977575,0,25,0.009049774,0.009049774,0.010774297,0.0,0.2,0.052272726,0.21367522,0.04826546,0.11764706,0.4
41006832,1,10,0.004524887,0.004524887,0.004976878,0.0,0.2,0.52272725,0.08547009,0.15384616,0.30316743,0.0
41016284,1,18,0.0,0.0,0.0025613478,0.0,0.0,0.5159091,0.15384616,0.009049774,0.009049774,0.2
41033580,1,2,0.004524887,0.004524887,0.0038030953,0.0,0.2,0.77272725,0.017094018,0.08597285,0.14932127,0.4
41068549,1,10,0.004524887,0.004524887,0.0052449587,0.0,0.2,0.52272725,0.08547009,0.033936653,0.049773756,0.4
41133911,1,0,0.040723983,0.040723983,0.036403462,0.0,0.4,1.0,0.0,0.036651585,0.16289593,0.2
41160904,1,87,0.013574661,0.013574661,0.02585011,0.0,0.2,0.022727273,0.74358976,0.0056561087,0.013574661,0.0
41187329,1,35,0.0,0.0,0.005521129,0.0,0.0,0.08181818,0.2991453,0.004524887,0.004524887,0.0
41190466,0,10,0.0,0.0,0.0016796624,0.0,0.0,0.52272725,0.08547009,0.027149322,0.027149322,0.0
41197349,0,2,0.0,0.0,0.0012627405,0.0,0.0,0.77272725,0.017094018,0.040723983,0.040723983,0.2
41205821,1,9,0.004524887,0.004524887,0.003271453,0.0,0.2,0.23636363,0.07692308,0.0520362,0.054298643,0.0
41244720,1,24,0.009049774,0.009049774,0.008562046,0.0,0.4,0.7659091,0.20512821,0.11463047,0.27149323,0.2
41246418,0,4,0.013574661,0.013574661,0.015128963,0.0,0.2,0.19090909,0.034188036,0.015837105,0.036199097,0.4
41256421,1,24,0.022624435,0.022624435,0.027628819,0.0,0.2,0.7659091,0.20512821,0.019607844,0.06334842,0.0
41275334,1,18,0.0,0.0,0.0009525607,0.0,0.0,0.5159091,0.15384616,0.13122173,0.13122173,0.0
41292330,1,18,0.0,0.0,0.0023880198,0.0,0.0,0.5159091,0.15384616,0.018099548,0.018099548,0.0
41373006,0,4,0.009049774,0.009049774,0.010553558,0.0,0.2,0.19090909,0.034188036,0.015082956,0.022624435,0.0
41378883,1,25,0.004524887,0.004524887,0.0063243876,0.0,0.2,0.052272726,0.21367522,0.0067873304,0.009049774,0.2
41384567,1,0,0.0,0.0,0.0004583513,0.0,0.0,1.0,0.0,0.06334842,0.06334842,0.2
41387852,1,0,0.0,0.0,0.0026033358,0.0,0.0,1.0,0.0,0.004524887,0.004524887,0.2
41401451,1,18,0.0,0.0,0.001665232,0.0,0.0,0.5159091,0.15384616,0.11312217,0.11312217,0.4
41420112,0,2,0.009049774,0.009049774,0.007455992,0.0,0.4,0.77272725,0.017094018,0.025641026,0.05882353,0.2
41479866,1,87,0.0,0.0,0.0033822188,0.0,0.0,0.022727273,0.74358976,0.013574661,0.013574661,0.0
41569270,0,4,0.004524887,0.004524887,0.0055754636,0.0,0.2,0.19090909,0.034188036,0.042986427,0.07692308,0.4
41589335,0,8,0.004524887,0.004524887,0.004000069,0.0,0.2,0.15454546,0.06837607,0.11312217,0.14932127,0.0
41615133,1,7,0.009049774,0.009049774,0.009986618,0.0,0.2,0.4568182,0.05982906,0.012066365,0.022624435,0.0
41647907,1,7,0.0,0.0,0.0013565416,0.0,0.0,0.4568182,0.05982906,0.08144797,0.08144797,0.0
41664064,1,1,0.009049774,0.009049774,0.010674874,0.0,0.2,0.6363636,0.008547009,0.29713425,0.8733032,0.2
41671586,1,18,0.004524887,0.004524887,0.008804472,0.0,0.2,0.5159091,0.15384616,0.0067873304,0.009049774,0.2
41673488,1,87,0.0,0.0,0.0040793484,0.0,0.0,0.022727273,0.74358976,0.018099548,0.018099548,0.2
41678622,0,4,0.0,0.0,0.0011076122,0.0,0.0,0.19090909,0.034188036,0.07692308,0.07692308,0.0
41688436,1,19,0.009049774,0.009049774,0.018434443,0.0,0.0,0.40681818,0.16239317,0.0030165913,0.009049774,0.0
41731244,1,24,0.004524887,0.004524887,0.0051842136,0.0,0.2,0.7659091,0.20512821,0.1764706,0.27149323,0.0
41764460,1,14,0.0,0.0,0.0018908577,0.0,0.0,0.16136363,0.11965812,0.03167421,0.03167421,0.0
41773112,1,2,0.018099548,0.018099548,0.01343344,0.0,0.4,0.77272725,0.017094018,0.18642534,0.5972851,0.0
41796356,0,7,0.013574661,0.013574661,0.012159764,0.0,0.4,0.4568182,0.05982906,0.06447964,0.13574661,0.4
41805105,1,7,0.0,0.0,0.0014385168,0.0,0.0,0.4568182,0.05982906,0.022624435,0.022624435,0.0
41814828,1,2,0.013574661,0.013574661,0.010980504,0.0,0.4,0.77272725,0.017094018,0.055429865,0.14932127,0.0
41905556,1,106,0.0,0.0,0.0047681727,0.0,0.0,0.01590909,0.9059829,0.013574661,0.013574661,0.4
41947542,2,19,0.009049774,0.009049774,0.0072256993,0.0,0.4,0.40681818,0.16239317,0.14781298,0.30316743,0.0
41974544,0,1,0.0,0.0,0.0012710884,0.0,0.0,0.6363636,0.008547009,1.0,1.0,0.4
42007859,0,10,0.004524887,0.004524887,0.0074271155,0.0,0.0,0.52272725,0.08547009,0.15158372,0.30316743,0.0
42009772,1,21,0.009049774,0.009049774,0.010768555,0.0,0.2,0.125,0.17948718,0.036199097,0.08144797,0.0
42024018,0,6,0.0,0.0,0.0037863764,0.0,0.0,0.05,0.051282052,0.009049774,0.009049774,0.2
42048967,1,18,0.0,0.0,0.0017618721,0.0,0.0,0.5159091,0.15384616,0.07692308,0.07692308,0.2
42079072,1,2,0.009049774,0.009049774,0.0071141003,0.0,0.4,0.77272725,0.017094018,0.49321267,0.8733032,0.0
42128261,1,10,0.027149322,0.027149322,0.025100807,0.0,0.6,0.52272725,0.08547009,0.34583065,1.0,0.0
42135344,2,19,0.004524887,0.004524887,0.0036920644,0.0,0.2,0.40681818,0.16239317,0.18552037,0.30316743,0.0
42140578,1,14,0.0,0.0,0.0014340031,0.0,0.0,0.16136363,0.11965812,0.018099548,0.018099548,0.0
42149443,1,10,0.027149322,0.027149322,0.019435259,0.0,0.6,0.52272725,0.08547009,0.045895282,0.18099548,0.2
42158886,1,24,0.0,0.0,0.0012528698,0.0,0.0,0.7659091,0.20512821,0.27149323,0.27149323,0.2
42166787,1,0,0.013574661,0.013574661,0.011142518,0.0,0.4,1.0,0.0,0.028280543,0.07692308,0.2
42254940,1,116,0.0,0.0,0.012690343,0.0,0.0,0.0,0.991453,0.0,0.0,0.0
42296794,1,18,0.0,0.0,0.0027431867,0.0,0.0,0.5159091,0.15384616,0.013574661,0.013574661,0.0
42312515,1,0,0.0,0.0,0.0004613354,0.0,0.0,1.0,0.0,0.1040724,0.1040724,0.2
42346517,1,21,0.0,0.0,0.0009950122,0.0,0.0,0.125,0.17948718,0.11764706,0.11764706,0.2
42351915,1,1,0.0,0.0,0.0044865096,0.0,0.0,0.6363636,0.008547009,0.004524887,0.004524887,0.2
42390043,0,2,0.0,0.0,0.0024362039,0.0,0.0,0.77272725,0.017094018,0.009049774,0.009049774,0.2
42399726,1,7,0.0,0.0,0.0044292477,0.0,0.0,0.4568182,0.05982906,0.004524887,0.004524887,0.2
42402725,0,98,0.0,0.0,0.012690343,0.0,0.0,0.0,0.83760685,0.0,0.0,0.0
42408628,1,29,0.004524887,0.004524887,0.0066970615,0.0,0.2,0.21136364,0.24786325,0.029411765,0.040723983,0.0
42425091,1,24,0.0,0.0,0.0014991921,0.0,0.0,0.7659091,0.20512821,0.040723983,0.040723983,0.0
42455190,1,18,0.004524887,0.004524887,0.0072482587,0.0,0.2,0.5159091,0.15384616,0.047511313,0.07692308,0.0
42498587,1,19,0.004524887,0.004524887,0.0051339227,0.0,0.2,0.40681818,0.16239317,0.022624435,0.027149322,0.0
42518276,1,13,0.004524887,0.004524887,0.012760977,0.0,0.0,0.13863637,0.11111111,0.004524887,0.009049774,0.0
42578978,1,10,0.0,0.0,0.003946729,0.0,0.0,0.52272725,0.08547009,0.004524887,0.004524887,0.0
42593464,1,2,0.0,0.0,0.0005413931,0.0,0.0,0.77272725,0.017094018,0.07692308,0.07692308,0.0
42643520,1,18,0.0,0.0,0.0009525607,0.0,0.0,0.5159091,0.15384616,0.13122173,0.13122173,0.0
42799002,1,27,0.0,0.0,0.0020724516,0.0,0.0,0.25,0.23076923,0.018099548,0.018099548,0.0
42810808,0,10,0.022624435,0.022624435,0.016944613,0.0,0.8,0.52272725,0.08547009,0.46003017,1.0,0.0
4285941,1,2,0.0,0.0,0.00076464063,0.0,0.0,0.77272725,0.017094018,0.8733032,0.8733032,0.0
42884666,1,85,0.0,0.0,0.008470262,0.0,0.0,0.0022727272,0.72649574,0.004524887,0.004524887,0.0
43024584,1,0,0.0,0.0,0.000935784,0.0,0.0,1.0,0.0,0.013574661,0.013574661,0.0
43028906,1,2,0.0,0.0,0.0029389658,0.0,0.0,0.77272725,0.017094018,0.004524887,0.004524887,0.0
43057643,1,24,0.004524887,0.004524887,0.007727353,0.0,0.2,0.7659091,0.20512821,0.011312217,0.018099548,0.0
43076611,0,80,0.0,0.0,0.008470262,0.0,0.0,0.0022727272,0.6837607,0.004524887,0.004524887,0.0
43112269,1,4,0.04524887,0.04524887,0.03698065,0.0,0.8,0.19090909,0.034188036,0.05512135,0.25791857,0.0
43192347,1,18,0.0,0.0,0.001665232,0.0,0.0,0.5159091,0.15384616,0.11312217,0.11312217,0.0
43199935,1,0,0.09049774,0.09049774,0.059827246,0.0,1.0,1.0,0.0,0.103210516,0.5972851,0.0
43286759,1,29,0.040723983,0.040723983,0.061680857,0.0,0.2,0.21136364,0.24786325,0.0022624435,0.013574661,0.2
43311708,2,19,0.040723983,0.040723983,0.032521117,0.0,0.6,0.40681818,0.16239317,0.057466064,0.30316743,0.2
43324009,1,0,0.0,0.0,0.0019747063,0.0,0.0,1.0,0.0,0.013574661,0.013574661,0.0
43341949,1,5,0.018099548,0.018099548,0.019498527,0.0,0.2,0.1,0.042735044,0.014479638,0.049773756,0.4
43378656,0,13,0.022624435,0.022624435,0.029416861,0.0,0.2,0.13863637,0.11111111,0.0067873304,0.027149322,0.0
43416392,1,35,0.0,0.0,0.0036364344,0.0,0.0,0.08181818,0.2991453,0.027149322,0.027149322,0.4
43439738,1,0,0.0,0.0,0.00010382775,0.0,0.0,1.0,0.0,0.19004525,0.19004525,0.2
43452681,1,73,0.0,0.0,0.012690343,0.0,0.0,0.0,0.62393165,0.0,0.0,0.0
43462817,1,18,0.013574661,0.013574661,0.023978358,0.0,0.2,0.5159091,0.15384616,0.0022624435,0.004524887,0.0
43464255,1,106,0.0,0.0,0.0047681727,0.0,0.0,0.01590909,0.9059829,0.013574661,0.013574661,0.2
43481813,1,24,0.0,0.0,0.0030710225,0.0,0.0,0.7659091,0.20512821,0.009049774,0.009049774,0.0
43484036,0,1,0.009049774,0.009049774,0.007813905,0.0,0.4,0.6363636,0.008547009,0.35746607,1.0,0.0
43512440,0,0,0.018099548,0.018099548,0.011311236,0.0,0.6,1.0,0.0,0.08235294,0.1402715,0.2
43515339,1,19,0.009049774,0.009049774,0.008867328,0.0,0.2,0.40681818,0.16239317,0.013574661,0.018099548,0.0
43535614,1,9,0.004524887,0.004524887,0.0050574993,0.0,0.2,0.23636363,0.07692308,0.020361992,0.022624435,0.0
43549785,1,24,0.009049774,0.009049774,0.013870666,0.0,0.2,0.7659091,0.20512821,0.009049774,0.022624435,0.0
43635008,1,0,0.0,0.0,0.0009747535,0.0,0.0,1.0,0.0,0.03167421,0.03167421,0.4
43659020,1,24,0.06334842,0.06334842,0.071707584,0.0,0.4,0.7659091,0.20512821,0.016892912,0.08144797,0.0
43666495,1,10,0.004524887,0.004524887,0.0036003287,0.0,0.2,0.52272725,0.08547009,0.09049774,0.1402715,0.0
43687630,1,20,0.022624435,0.022624435,0.026942704,0.0,0.2,0.26136363,0.17094018,0.0173454,0.07692308,0.4
43699273,0,9,0.03167421,0.03167421,0.02439067,0.0,0.6,0.23636363,0.07692308,0.023755657,0.049773756,0.2
43755227,1,7,0.013574661,0.013574661,0.016917892,0.0,0.2,0.4568182,0.05982906,0.018099548,0.049773756,0.2
4418531,1,18,0.009049774,0.009049774,0.012331163,0.0,0.2,0.5159091,0.15384616,0.01055807,0.022624435,0.2
4508121,1,9,0.0,0.0,0.0016268591,0.0,0.0,0.23636363,0.07692308,0.013574661,0.013574661,0.2
4545311,1,14,0.004524887,0.004524887,0.0042603896,0.0,0.2,0.16136363,0.11965812,0.047511313,0.054298643,0.2
4750991,1,2,0.009049774,0.009049774,0.008197794,0.0,0.2,0.77272725,0.017094018,0.025641026,0.036199097,0.4
5054721,0,27,0.11764706,0.11764706,0.0853209,0.0,1.0,0.25,0.23076923,0.08781632,0.5972851,0.0
5074411,0,6,0.0,0.0,0.0030597178,0.0,0.0,0.05,0.051282052,0.036199097,0.036199097,0.0
5074681,0,14,0.054298643,0.054298643,0.044487778,0.0,0.6,0.16136363,0.11965812,0.14096762,1.0,0.0
51063,1,2,0.027149322,0.027149322,0.018841783,0.0,0.8,0.77272725,0.017094018,0.04848093,0.07692308,0.2
5302652,1,2,0.004524887,0.004524887,0.0077447887,0.0,0.0,0.77272725,0.017094018,0.4366516,0.8733032,0.0
5309742,1,21,0.027149322,0.027149322,0.037407774,0.0,0.2,0.125,0.17948718,0.0071105366,0.018099548,0.2
5378272,1,2,0.07692308,0.07692308,0.055131864,0.0,0.8,0.77272725,0.017094018,0.053293113,0.21719457,0.6
5385262,1,2,0.013574661,0.013574661,0.01685158,0.0,0.2,0.77272725,0.017094018,0.020361992,0.054298643,0.0
5397192,1,7,0.022624435,0.022624435,0.02300692,0.0,0.4,0.4568182,0.05982906,0.039969835,0.09049774,0.0
5422582,1,10,0.0,0.0,0.00057700323,0.0,0.0,0.52272725,0.08547009,0.03167421,0.03167421,0.0
5435942,1,0,0.05882353,0.05882353,0.043276094,0.0,0.8,1.0,0.0,0.042340014,0.16742082,0.2
5453812,1,5,0.0,0.0,0.0017399928,0.0,0.0,0.1,0.042735044,0.013574661,0.013574661,0.2
5500442,1,13,0.009049774,0.009049774,0.011427128,0.0,0.2,0.13863637,0.11111111,0.025641026,0.06334842,0.0
5506262,1,20,0.0,0.0,0.002438535,0.0,0.0,0.26136363,0.17094018,0.009049774,0.009049774,0.0
5519212,0,1,0.013574661,0.013574661,0.014308903,0.0,0.4,0.6363636,0.008547009,0.2975113,1.0,0.0
5522622,1,83,0.009049774,0.009049774,0.029570667,0.0,0.0,0.0045454544,0.7094017,0.0,0.0,0.2
55413,0,27,0.0,0.0,0.0028017887,0.0,0.0,0.25,0.23076923,0.013574661,0.013574661,0.2
55843,1,2,0.009049774,0.009049774,0.009104928,0.0,0.4,0.77272725,0.017094018,0.05882353,0.14932127,0.2
5597882,2,25,0.004524887,0.004524887,0.0062674587,0.0,0.2,0.052272726,0.21367522,0.009049774,0.013574661,0.2
5628242,0,10,0.013574661,0.013574661,0.022423077,0.0,0.0,0.52272725,0.08547009,0.07579186,0.30316743,0.0
5628622,1,38,0.0,0.0,0.00050810975,0.0,0.0,0.07727273,0.32478634,0.07692308,0.07692308,0.0
5640632,1,5,0.009049774,0.009049774,0.010225907,0.0,0.2,0.1,0.042735044,0.04223228,0.11312217,0.2
5644032,0,27,0.0,0.0,0.0013904459,0.0,0.0,0.25,0.23076923,0.009049774,0.009049774,0.0
5654732,1,14,0.004524887,0.004524887,0.004450777,0.0,0.2,0.16136363,0.11965812,0.015837105,0.018099548,0.0
5661792,1,2,0.03167421,0.03167421,0.024550589,0.0,0.6,0.77272725,0.017094018,0.054298643,0.21719457,0.0
56733,1,33,0.0,0.0,0.008470262,0.0,0.0,0.0022727272,0.2820513,0.004524887,0.004524887,0.0
5676272,1,2,0.0,0.0,0.0006162085,0.0,0.0,0.77272725,0.017094018,0.14932127,0.14932127,0.2
5699042,1,10,0.009049774,0.009049774,0.0072899302,0.0,0.2,0.52272725,0.08547009,0.075414784,0.1764706,0.2
5711062,1,7,0.009049774,0.009049774,0.012002071,0.0,0.2,0.4568182,0.05982906,0.033182506,0.08144797,0.0
5730272,1,8,0.013574661,0.013574661,0.025573982,0.0,0.0,0.15454546,0.06837607,0.0033936652,0.013574661,0.2
5745462,0,3,0.04524887,0.04524887,0.04407896,0.0,0.4,0.15227273,0.025641026,0.014808721,0.07692308,0.0
575263,1,60,0.009049774,0.009049774,0.029570667,0.0,0.0,0.0045454544,0.51282054,0.0,0.0,0.2
5754882,1,16,0.0,0.0,0.0040332936,0.0,0.0,0.038636364,0.13675214,0.04524887,0.04524887,0.4
5762142,1,7,0.018099548,0.018099548,0.02779667,0.0,0.2,0.4568182,0.05982906,0.0036199095,0.009049774,0.0
5771302,1,1,0.013574661,0.013574661,0.010823582,0.0,0.4,0.6363636,0.008547009,0.022624435,0.036199097,0.2
5778852,1,27,0.027149322,0.027149322,0.020951308,0.0,0.4,0.25,0.23076923,0.05882353,0.14479639,0.0
5807222,1,2,0.0,0.0,0.00076464063,0.0,0.0,0.77272725,0.017094018,0.8733032,0.8733032,0.0
5807732,0,10,0.0,0.0,0.0046946188,0.0,0.0,0.52272725,0.08547009,0.004524887,0.004524887,0.2
5821822,0,6,0.004524887,0.004524887,0.008380329,0.0,0.2,0.05,0.051282052,0.018099548,0.03167421,0.2
5850832,1,3,0.0,0.0,0.0020292215,0.0,0.0,0.15227273,0.025641026,0.009049774,0.009049774,0.2
5872192,0,27,0.013574661,0.013574661,0.011213862,0.0,0.4,0.25,0.23076923,0.030542986,0.049773756,0.0
5875672,1,2,0.004524887,0.004524887,0.00695379,0.0,0.0,0.77272725,0.017094018,0.040723983,0.08144797,0.0
591313,0,50,0.0,0.0,0.012690343,0.0,0.0,0.0,0.42735043,0.0,0.0,0.0
59312688,2,0,0.004524887,0.004524887,0.0038389175,0.0,0.2,1.0,0.0,0.022624435,0.03167421,0.2
5934642,1,10,0.0,0.0,0.00071925647,0.0,0.0,0.52272725,0.08547009,0.04524887,0.04524887,0.0
594103,1,2,0.013574661,0.013574661,0.015217656,0.0,0.2,0.77272725,0.017094018,0.23190045,0.8733032,0.2
5988422,1,117,0.0,0.0,0.012690343,0.0,0.0,0.0,1.0,0.0,0.0,0.2
6080842,1,34,0.0,0.0,0.012690343,0.0,0.0,0.0,0.2905983,0.0,0.0,0.0
6093352,0,20,0.004524887,0.004524887,0.0047980356,0.0,0.2,0.26136363,0.17094018,0.07466064,0.14479639,0.0
6107302,0,2,0.054298643,0.054298643,0.04759596,0.0,0.8,0.77272725,0.017094018,0.13296206,0.8733032,0.0
6108002,0,6,0.009049774,0.009049774,0.017343031,0.0,0.2,0.05,0.051282052,0.012066365,0.03167421,0.4
6114252,0,27,0.022624435,0.022624435,0.022515392,0.0,0.4,0.25,0.23076923,0.10708899,0.5972851,0.2
6120962,1,0,0.022624435,0.022624435,0.018033603,0.0,0.4,1.0,0.0,0.050527904,0.13574661,0.2
6124592,0,6,0.004524887,0.004524887,0.0070865876,0.0,0.2,0.05,0.051282052,0.024886878,0.036199097,0.0
619863,1,2,0.0,0.0,0.0006461151,0.0,0.0,0.77272725,0.017094018,0.036199097,0.036199097,0.2
6199172,1,29,0.009049774,0.009049774,0.014524663,0.0,0.2,0.21136364,0.24786325,0.013574661,0.027149322,0.0
620863,1,2,0.04524887,0.04524887,0.033556852,0.0,0.8,0.77272725,0.017094018,0.06828465,0.21719457,0.0
622663,1,2,0.004524887,0.004524887,0.004201702,0.0,0.2,0.77272725,0.017094018,0.042986427,0.06787331,0.2
6300502,0,9,0.049773756,0.049773756,0.034994885,0.0,0.8,0.23636363,0.07692308,0.093891405,0.29411766,0.0
6321112,0,1,0.0,0.0,0.0012710884,0.0,0.0,0.6363636,0.008547009,1.0,1.0,0.4
6322352,1,14,0.018099548,0.018099548,0.015571194,0.0,0.4,0.16136363,0.11965812,0.015384615,0.027149322,0.2
6331202,1,29,0.0,0.0,0.00084646797,0.0,0.0,0.21136364,0.24786325,0.027149322,0.027149322,0.0
6331792,1,1,0.022624435,0.022624435,0.021134336,0.0,0.4,0.6363636,0.008547009,0.20286576,1.0,0.4
637073,0,8,0.004524887,0.004524887,0.0055490197,0.0,0.2,0.15454546,0.06837607,0.011312217,0.018099548,0.0
638663,0,1,0.004524887,0.004524887,0.005043812,0.0,0.2,0.6363636,0.008547009,0.022624435,0.022624435,0.0
6413942,1,1,0.0,0.0,0.0016770876,0.0,0.0,0.6363636,0.008547009,0.018099548,0.018099548,0.2
6426102,1,1,0.018099548,0.018099548,0.0130436355,0.0,0.6,0.6363636,0.008547009,0.044343892,0.07239819,0.2
6480302,1,2,0.027149322,0.027149322,0.019044032,0.0,0.8,0.77272725,0.017094018,0.2029735,0.8733032,0.2
651083,1,2,0.004524887,0.004524887,0.012603607,0.0,0.0,0.77272725,0.017094018,0.0022624435,0.004524887,0.0
6514442,1,14,0.004524887,0.004524887,0.0039540255,0.0,0.2,0.16136363,0.11965812,0.033936653,0.049773756,0.4
651723,1,18,0.03167421,0.03167421,0.03511991,0.0,0.4,0.5159091,0.15384616,0.023190046,0.07239819,0.0
6523992,0,6,0.004524887,0.004524887,0.009227169,0.0,0.2,0.05,0.051282052,0.018099548,0.03167421,0.0
6532082,1,7,0.009049774,0.009049774,0.01765149,0.0,0.0,0.4568182,0.05982906,0.0060331826,0.018099548,0.0
6556212,1,1,0.004524887,0.004524887,0.00540415,0.0,0.2,0.6363636,0.008547009,0.024886878,0.04524887,0.0
659823,0,10,0.0,0.0,0.0022190015,0.0,0.0,0.52272725,0.08547009,0.036199097,0.036199097,0.0
6601682,0,2,0.022624435,0.022624435,0.019138677,0.0,0.4,0.77272725,0.017094018,0.033182506,0.11312217,0.2
6603512,1,3,0.004524887,0.004524887,0.0056297914,0.0,0.2,0.15227273,0.025641026,0.011312217,0.013574661,0.0
6623432,0,1,0.009049774,0.009049774,0.009485307,0.0,0.2,0.6363636,0.008547009,0.11463047,0.18099548,0.0
662683,1,2,0.004524887,0.004524887,0.0041843723,0.0,0.2,0.77272725,0.017094018,0.03846154,0.05882353,0.2
6629262,1,2,0.0,0.0,0.001620912,0.0,0.0,0.77272725,0.017094018,0.009049774,0.009049774,0.0
6647162,1,13,0.004524887,0.004524887,0.0064958828,0.0,0.2,0.13863637,0.11111111,0.047511313,0.06334842,0.0
6675742,0,19,0.0,0.0,0.0005936938,0.0,0.0,0.40681818,0.16239317,0.040723983,0.040723983,0.0
6686172,0,9,0.040723983,0.040723983,0.03543189,0.0,0.8,0.23636363,0.07692308,0.220362,1.0,0.2
6703062,0,1,0.004524887,0.004524887,0.005575242,0.0,0.2,0.6363636,0.008547009,0.013574661,0.018099548,0.0
6729252,1,2,0.0,0.0,0.0030477268,0.0,0.0,0.77272725,0.017094018,0.004524887,0.004524887,0.2
6737102,1,2,0.0,0.0,0.0029772085,0.0,0.0,0.77272725,0.017094018,0.004524887,0.004524887,0.0
6738162,1,20,0.0,0.0,0.0025755123,0.0,0.0,0.26136363,0.17094018,0.027149322,0.027149322,0.2
6750102,1,19,0.004524887,0.004524887,0.0033099686,0.0,0.2,0.40681818,0.16239317,0.056561086,0.07692308,0.2
6760152,1,0,0.009049774,0.009049774,0.006415065,0.0,0.4,1.0,0.0,0.41025642,0.8733032,0.2
6774272,0,9,0.018099548,0.018099548,0.018936917,0.0,0.2,0.23636363,0.07692308,0.054298643,0.21719457,0.2
67763,1,2,0.013574661,0.013574661,0.01344639,0.0,0.2,0.77272725,0.017094018,0.030542986,0.054298643,0.0
6806042,1,16,0.0,0.0,0.0040332936,0.0,0.0,0.038636364,0.13675214,0.04524887,0.04524887,0.2
6811802,0,27,0.036199097,0.036199097,0.028852252,0.0,0.6,0.25,0.23076923,0.05681247,0.21719457,0.4
6818222,1,18,0.018099548,0.018099548,0.021374812,0.0,0.2,0.5159091,0.15384616,0.02443439,0.07239819,0.0
6821602,1,2,0.0,0.0,0.00076464063,0.0,0.0,0.77272725,0.017094018,0.8733032,0.8733032,0.0
6834712,1,10,0.004524887,0.004524887,0.00427553,0.0,0.2,0.52272725,0.08547009,0.015837105,0.022624435,0.4
6842512,1,14,0.018099548,0.018099548,0.01830593,0.0,0.4,0.16136363,0.11965812,0.053393666,0.13122173,0.2
688513,0,27,0.0,0.0,0.0033836446,0.0,0.0,0.25,0.23076923,0.004524887,0.004524887,0.0
6885512,1,21,0.0,0.0,0.003543994,0.0,0.0,0.125,0.17948718,0.013574661,0.013574661,0.0
688963,1,2,0.004524887,0.004524887,0.0063196043,0.0,0.2,0.77272725,0.017094018,0.018099548,0.027149322,0.2
689253,1,35,0.0,0.0,0.0012749629,0.0,0.0,0.08181818,0.2991453,0.013574661,0.013574661,0.0
689753,1,29,0.004524887,0.004524887,0.012367438,0.0,0.0,0.21136364,0.24786325,0.0022624435,0.004524887,0.0
6898072,1,0,0.009049774,0.009049774,0.014652269,0.0,0.0,1.0,0.0,0.02111614,0.05882353,0.0
6898562,1,0,0.049773756,0.049773756,0.034377992,0.0,1.0,1.0,0.0,0.10708899,0.29411766,0.2
6937522,1,18,0.0,0.0,0.0049215923,0.0,0.0,0.5159091,0.15384616,0.004524887,0.004524887,0.2
693923,1,7,0.027149322,0.027149322,0.030666744,0.0,0.4,0.4568182,0.05982906,0.025856497,0.09049774,0.0
6963532,1,116,0.0,0.0,0.012690343,0.0,0.0,0.0,0.991453,0.0,0.0,0.0
6974192,0,2,0.009049774,0.009049774,0.008924008,0.0,0.2,0.77272725,0.017094018,0.060331825,0.14932127,0.0
6979102,1,9,0.0,0.0,0.00040785593,0.0,0.0,0.23636363,0.07692308,0.054298643,0.054298643,0.0
701343,1,10,0.022624435,0.022624435,0.017901538,0.0,0.6,0.52272725,0.08547009,0.41553545,1.0,0.0
7020342,1,5,0.013574661,0.013574661,0.012467444,0.0,0.2,0.1,0.042735044,0.0260181,0.05882353,0.0
7021362,1,2,0.009049774,0.009049774,0.015590649,0.0,0.0,0.77272725,0.017094018,0.0060331826,0.018099548,0.0
7040302,1,18,0.0,0.0,0.0018118742,0.0,0.0,0.5159091,0.15384616,0.013574661,0.013574661,0.0
7044252,1,0,0.009049774,0.009049774,0.0082937,0.0,0.2,1.0,0.0,0.116138764,0.30316743,0.2
704563,1,9,0.004524887,0.004524887,0.0083192615,0.0,0.0,0.23636363,0.07692308,0.015837105,0.03167421,0.0
7067442,1,2,0.0,0.0,0.00076464063,0.0,0.0,0.77272725,0.017094018,0.8733032,0.8733032,0.0
7067852,1,0,0.0,0.0,0.0030694136,0.0,0.0,1.0,0.0,0.009049774,0.009049774,0.6
7070252,0,10,0.0,0.0,0.00104971,0.0,0.0,0.52272725,0.08547009,0.07692308,0.07692308,0.0
7098522,1,20,0.009049774,0.009049774,0.009679189,0.0,0.2,0.26136363,0.17094018,0.30165914,0.8733032,0.2
7105292,1,29,0.027149322,0.027149322,0.04040984,0.0,0.2,0.21136364,0.24786325,0.0038784745,0.013574661,0.0
7129612,1,13,0.009049774,0.009049774,0.009338114,0.0,0.2,0.13863637,0.11111111,0.01055807,0.013574661,0.2
7156032,0,17,0.004524887,0.004524887,0.0045847143,0.0,0.2,0.15227273,0.14529915,0.027149322,0.03167421,0.0
7165492,1,1,0.0,0.0,0.003045772,0.0,0.0,0.6363636,0.008547009,0.004524887,0.004524887,0.0
7177992,1,2,0.013574661,0.013574661,0.011205271,0.0,0.4,0.77272725,0.017094018,0.024886878,0.036199097,0.0
717853,1,10,0.004524887,0.004524887,0.0050513963,0.0,0.2,0.52272725,0.08547009,0.009049774,0.009049774,0.0
718713,1,2,0.009049774,0.009049774,0.013287781,0.0,0.2,0.77272725,0.017094018,0.015082956,0.036199097,0.0
7210172,1,22,0.022624435,0.022624435,0.019634953,0.0,0.4,0.19772728,0.18803419,0.0346908,0.13122173,0.0
7216852,0,0,0.013574661,0.013574661,0.010966185,0.0,0.4,1.0,0.0,0.23303168,0.8733032,0.0
7227522,0,10,0.004524887,0.004524887,0.0048757433,0.0,0.2,0.52272725,0.08547009,0.022624435,0.036199097,0.6
7232312,1,13,0.004524887,0.004524887,0.012940624,0.0,0.0,0.13863637,0.11111111,0.0022624435,0.004524887,0.0
7315022,1,1,0.004524887,0.004524887,0.007977066,0.0,0.0,0.6363636,0.008547009,0.018099548,0.036199097,0.0
7340872,0,0,0.1040724,0.1040724,0.079768635,0.0,0.8,1.0,0.0,0.055995476,0.5972851,0.0
7341752,0,35,0.027149322,0.027149322,0.024425238,0.0,0.4,0.08181818,0.2991453,0.03425986,0.12669684,0.0
7347932,1,7,0.009049774,0.009049774,0.00855073,0.0,0.2,0.4568182,0.05982906,0.04524887,0.09049774,0.2
7362232,1,0,0.0,0.0,0.00049342326,0.0,0.0,1.0,0.0,0.054298643,0.054298643,0.0
7375072,1,35,0.004524887,0.004524887,0.004847877,0.0,0.2,0.08181818,0.2991453,0.03167421,0.036199097,0.2
7376382,0,10,0.30316743,0.30316743,0.24568962,0.0,1.0,0.52272725,0.08547009,0.026350811,0.15384616,0.2
7382262,1,22,0.027149322,0.027149322,0.021501968,0.0,0.6,0.19772728,0.18803419,0.09696186,0.29411766,0.2
7396282,1,17,0.004524887,0.004524887,0.0126661705,0.0,0.0,0.15227273,0.14529915,0.0067873304,0.013574661,0.0
7400342,1,3,0.0,0.0,0.001696271,0.0,0.0,0.15227273,0.025641026,0.027149322,0.027149322,0.2
740673,1,1,0.0,0.0,0.0012796655,0.0,0.0,0.6363636,0.008547009,0.027149322,0.027149322,0.0
7450912,1,2,0.009049774,0.009049774,0.007243946,0.0,0.4,0.77272725,0.017094018,0.043740574,0.05882353,0.2
7462462,0,1,0.004524887,0.004524887,0.00853575,0.0,0.0,0.6363636,0.008547009,0.5,1.0,0.0
7463182,1,20,0.013574661,0.013574661,0.013747611,0.0,0.4,0.26136363,0.17094018,0.015837105,0.022624435,0.0
7519082,1,19,0.0,0.0,0.0007943724,0.0,0.0,0.40681818,0.16239317,0.11764706,0.11764706,0.0
7536882,1,2,0.06787331,0.06787331,0.05371276,0.0,1.0,0.77272725,0.017094018,0.19315611,1.0,0.6
754799,1,29,0.0,0.0,0.0015334707,0.0,0.0,0.21136364,0.24786325,0.022624435,0.022624435,0.2
7559112,1,22,0.0,0.0,0.0025987574,0.0,0.0,0.19772728,0.18803419,0.009049774,0.009049774,0.0
7561302,0,6,0.03167421,0.03167421,0.0469921,0.0,0.2,0.05,0.051282052,0.010180996,0.036199097,0.2
759186,1,2,0.04524887,0.04524887,0.035749394,0.0,0.8,0.77272725,0.017094018,0.043603454,0.15384616,0.2
7594962,1,9,0.009049774,0.009049774,0.007628694,0.0,0.2,0.23636363,0.07692308,0.049773756,0.08144797,0.2
760244,1,20,0.0,0.0,0.003451504,0.0,0.0,0.26136363,0.17094018,0.018099548,0.018099548,0.2
7610242,1,2,0.0,0.0,0.0003926961,0.0,0.0,0.77272725,0.017094018,0.21719457,0.21719457,0.0
761528,1,13,0.004524887,0.004524887,0.01027891,0.0,0.0,0.13863637,0.11111111,0.013574661,0.013574661,0.0
764035,1,13,0.013574661,0.013574661,0.020217482,0.0,0.2,0.13863637,0.11111111,0.0079185525,0.013574661,0.4
768761,1,13,0.0,0.0,0.0026231215,0.0,0.0,0.13863637,0.11111111,0.013574661,0.013574661,0.0
7687692,1,25,0.004524887,0.004524887,0.0064615593,0.0,0.2,0.052272726,0.21367522,0.0067873304,0.009049774,0.0
7689702,1,13,0.009049774,0.009049774,0.010865733,0.0,0.2,0.13863637,0.11111111,0.02413273,0.06334842,0.2
7694572,1,54,0.0,0.0,0.012690343,0.0,0.0,0.0,0.46153846,0.0,0.0,0.0
7697422,0,22,0.009049774,0.009049774,0.009345428,0.0,0.2,0.19772728,0.18803419,0.018099548,0.027149322,0.4
770441,1,0,0.07692308,0.07692308,0.05493101,0.0,1.0,1.0,0.0,0.17094018,0.8733032,0.2
771647,1,2,0.0,0.0,0.0006162085,0.0,0.0,0.77272725,0.017094018,0.14932127,0.14932127,0.2
7720822,1,4,0.0,0.0,0.0028584397,0.0,0.0,0.19090909,0.034188036,0.018099548,0.018099548,0.0
7721252,0,0,0.009049774,0.009049774,0.008064551,0.0,0.4,1.0,0.0,0.009049774,0.009049774,0.0
7725712,1,48,0.009049774,0.009049774,0.022873724,0.0,0.0,0.009090909,0.41025642,0.0015082957,0.004524887,0.0
77293,1,2,0.0,0.0,0.0011322648,0.0,0.0,0.77272725,0.017094018,0.018099548,0.018099548,0.2
774675,0,2,0.11312217,0.11312217,0.08746589,0.0,0.8,0.77272725,0.017094018,0.049425688,0.21719457,0.0
774791,0,20,0.03167421,0.03167421,0.032262657,0.0,0.4,0.26136363,0.17094018,0.1566742,1.0,0.0
7754832,0,10,0.0,0.0,0.0022190015,0.0,0.0,0.52272725,0.08547009,0.036199097,0.036199097,0.0
7768452,0,1,0.004524887,0.004524887,0.004117604,0.0,0.2,0.6363636,0.008547009,0.5723982,1.0,0.2
7770012,1,1,0.027149322,0.027149322,0.019506548,0.0,0.6,0.6363636,0.008547009,0.07498384,0.21719457,0.2
777534,1,29,0.0,0.0,0.0012199358,0.0,0.0,0.21136364,0.24786325,0.036199097,0.036199097,0.0
778150,0,6,0.022624435,0.022624435,0.033801243,0.0,0.2,0.05,0.051282052,0.007541478,0.03167421,0.0
778337,1,27,0.013574661,0.013574661,0.017789826,0.0,0.2,0.25,0.23076923,0.015837105,0.049773756,0.0
778389,1,18,0.0,0.0,0.0029468697,0.0,0.0,0.5159091,0.15384616,0.013574661,0.013574661,0.4
7791532,1,24,0.022624435,0.022624435,0.021762779,0.0,0.4,0.7659091,0.20512821,0.018853696,0.049773756,0.2
780159,1,13,0.0,0.0,0.0016449156,0.0,0.0,0.13863637,0.11111111,0.06334842,0.06334842,0.0
780591,0,15,0.009049774,0.009049774,0.015053963,0.0,0.2,0.006818182,0.12820514,0.0060331826,0.013574661,0.0
7809112,0,3,0.0,0.0,0.0012378412,0.0,0.0,0.15227273,0.025641026,0.04524887,0.04524887,0.0
7809332,1,2,0.004524887,0.004524887,0.0077447887,0.0,0.0,0.77272725,0.017094018,0.4366516,0.8733032,0.0
781538,1,2,0.018099548,0.018099548,0.01639578,0.0,0.4,0.77272725,0.017094018,0.20542987,0.8733032,0.0
7828252,0,2,0.013574661,0.013574661,0.010633474,0.0,0.6,0.77272725,0.017094018,0.5022625,1.0,0.4
785774,1,22,0.0,0.0,0.0008392479,0.0,0.0,0.19772728,0.18803419,0.054298643,0.054298643,0.0
7858302,0,2,0.14479639,0.14479639,0.12247838,0.0,0.8,0.77272725,0.017094018,0.0532017,0.8733032,0.2
789043,1,7,0.022624435,0.022624435,0.016957937,0.0,0.8,0.4568182,0.05982906,0.23453997,0.8733032,0.0
790577,1,22,0.009049774,0.009049774,0.011892563,0.0,0.2,0.19772728,0.18803419,0.027149322,0.06787331,0.0
7909882,1,2,0.004524887,0.004524887,0.004301529,0.0,0.2,0.77272725,0.017094018,0.12895928,0.21719457,0.0
7913222,0,22,0.022624435,0.022624435,0.021093832,0.0,0.4,0.19772728,0.18803419,0.039969835,0.14479639,0.0
792609,1,114,0.0,0.0,0.008470262,0.0,0.0,0.0022727272,0.974359,0.004524887,0.004524887,0.0
792795,1,18,0.009049774,0.009049774,0.009481686,0.0,0.2,0.5159091,0.15384616,0.04223228,0.08597285,0.0
793202,1,1,0.009049774,0.009049774,0.008898511,0.0,0.2,0.6363636,0.008547009,0.025641026,0.036199097,0.0
7948122,1,3,0.004524887,0.004524887,0.008401944,0.0,0.0,0.15227273,0.025641026,0.009049774,0.018099548,0.2
795448,0,19,0.036199097,0.036199097,0.026991898,0.0,0.8,0.40681818,0.16239317,0.07189543,0.21719457,0.2
795622,1,2,0.004524887,0.004524887,0.0031674483,0.0,0.2,0.77272725,0.017094018,0.1561086,0.21719457,0.0
796051,1,7,0.004524887,0.004524887,0.010745655,0.0,0.0,0.4568182,0.05982906,0.004524887,0.009049774,0.0
797018,1,0,0.03167421,0.03167421,0.022329923,0.0,0.8,1.0,0.0,0.1985294,1.0,0.2
797371,0,2,0.004524887,0.004524887,0.0048854733,0.0,0.2,0.77272725,0.017094018,0.011312217,0.013574661,0.2
797531,0,3,0.004524887,0.004524887,0.0043604947,0.0,0.2,0.15227273,0.025641026,0.17420815,0.30316743,0.0
7976712,1,38,0.022624435,0.022624435,0.020502603,0.0,0.4,0.07727273,0.32478634,0.04223228,0.12669684,0.2
7978482,1,13,0.0,0.0,0.002483093,0.0,0.0,0.13863637,0.11111111,0.013574661,0.013574661,0.0
7991402,1,21,0.0,0.0,0.0023448446,0.0,0.0,0.125,0.17948718,0.013574661,0.013574661,0.0
799192,1,10,0.004524887,0.004524887,0.0033363744,0.0,0.2,0.52272725,0.08547009,0.054298643,0.08144797,0.4
799681,1,13,0.018099548,0.018099548,0.021738438,0.0,0.2,0.13863637,0.11111111,0.028959276,0.049773756,0.6
801917,1,2,0.027149322,0.027149322,0.021729082,0.0,0.6,0.77272725,0.017094018,0.043956045,0.11312217,0.4
8026012,0,3,0.013574661,0.013574661,0.014344412,0.0,0.2,0.15227273,0.025641026,0.06561086,0.18099548,0.0
8031702,1,10,0.0,0.0,0.0017698309,0.0,0.0,0.52272725,0.08547009,0.013574661,0.013574661,0.2
8033942,0,2,0.013574661,0.013574661,0.01315114,0.0,0.2,0.77272725,0.017094018,0.04411765,0.11312217,0.2
804226,2,22,0.0,0.0,0.0011810235,0.0,0.0,0.19772728,0.18803419,0.022624435,0.022624435,0.0
8043172,1,0,0.009049774,0.009049774,0.0058403155,0.0,0.4,1.0,0.0,0.26244345,0.5972851,0.0
8053532,1,22,0.013574661,0.013574661,0.016810782,0.0,0.2,0.19772728,0.18803419,0.0067873304,0.009049774,0.4
805458,1,2,0.027149322,0.027149322,0.023024317,0.0,0.4,0.77272725,0.017094018,0.043309633,0.14479639,0.0
8073252,1,7,0.0,0.0,0.0017961441,0.0,0.0,0.4568182,0.05982906,0.027149322,0.027149322,0.0
8077782,1,7,0.018099548,0.018099548,0.019918408,0.0,0.4,0.4568182,0.05982906,0.028959276,0.09049774,0.0
811274,1,2,0.0,0.0,0.0006162085,0.0,0.0,0.77272725,0.017094018,0.14932127,0.14932127,0.2
812823,1,20,0.013574661,0.013574661,0.014178373,0.0,0.4,0.26136363,0.17094018,0.015837105,0.036199097,0.4
812825,1,1,0.004524887,0.004524887,0.004233289,0.0,0.2,0.6363636,0.008547009,0.122171946,0.21719457,0.2
813669,1,3,0.009049774,0.009049774,0.007660712,0.0,0.4,0.15227273,0.025641026,0.3122172,0.8733032,0.0
8152512,0,24,0.0,0.0,0.0034490582,0.0,0.0,0.7659091,0.20512821,0.004524887,0.004524887,0.0
8155172,0,10,0.004524887,0.004524887,0.005675628,0.0,0.2,0.52272725,0.08547009,0.018099548,0.027149322,0.0
8160132,1,18,0.004524887,0.004524887,0.012409203,0.0,0.0,0.5159091,0.15384616,0.004524887,0.009049774,0.0
8175092,1,18,0.009049774,0.009049774,0.01998932,0.0,0.0,0.5159091,0.15384616,0.01055807,0.027149322,0.0
818095,1,2,0.018099548,0.018099548,0.016119208,0.0,0.4,0.77272725,0.017094018,0.06968326,0.21719457,0.0
8181702,1,29,0.004524887,0.004524887,0.006332373,0.0,0.2,0.21136364,0.24786325,0.049773756,0.08597285,0.0
8184102,2,19,0.004524887,0.004524887,0.0056302603,0.0,0.2,0.40681818,0.16239317,0.013574661,0.022624435,0.4
8188252,1,0,0.018099548,0.018099548,0.013337417,0.0,0.4,1.0,0.0,0.14298643,0.5972851,0.0
819191,1,106,0.004524887,0.004524887,0.009739333,0.0,0.0,0.01590909,0.9059829,0.004524887,0.004524887,0.0
820919,1,1,0.03167421,0.03167421,0.024198182,0.0,0.8,0.6363636,0.008547009,0.07635747,0.21719457,0.0
821812,1,18,0.08597285,0.08597285,0.09793033,0.0,0.4,0.5159091,0.15384616,0.0067873304,0.022624435,0.0
822259,1,13,0.03167421,0.03167421,0.04027848,0.0,0.2,0.13863637,0.11111111,0.010180996,0.018099548,0.4
82243,0,2,0.08144797,0.08144797,0.07208058,0.0,0.4,0.77272725,0.017094018,0.011431294,0.03167421,0.4
82383,1,18,0.027149322,0.027149322,0.039474234,0.0,0.2,0.5159091,0.15384616,0.0038784745,0.009049774,0.2
8266702,1,117,0.0,0.0,0.012690343,0.0,0.0,0.0,1.0,0.0,0.0,0.0
8268242,0,4,0.0,0.0,0.0011076122,0.0,0.0,0.19090909,0.034188036,0.07692308,0.07692308,0.2
8269092,1,1,0.0,0.0,0.0010657395,0.0,0.0,0.6363636,0.008547009,0.03167421,0.03167421,0.0
8393652,1,17,0.004524887,0.004524887,0.011862175,0.0,0.0,0.15227273,0.14529915,0.004524887,0.009049774,0.2
8401432,1,3,0.0,0.0,0.0018864133,0.0,0.0,0.15227273,0.025641026,0.018099548,0.018099548,0.2
8410612,1,2,0.013574661,0.013574661,0.011046712,0.0,0.4,0.77272725,0.017094018,0.25904977,0.8733032,0.4
8414602,1,29,0.036199097,0.036199097,0.034952197,0.0,0.4,0.21136364,0.24786325,0.019607844,0.07692308,0.0
8451272,1,18,0.0,0.0,0.0020868352,0.0,0.0,0.5159091,0.15384616,0.07239819,0.07239819,0.2
8463082,1,2,0.0,0.0,0.00077557797,0.0,0.0,0.77272725,0.017094018,0.05882353,0.05882353,0.0
8468772,1,2,0.0,0.0,0.00058391376,0.0,0.0,0.77272725,0.017094018,0.06787331,0.06787331,0.2
8496132,1,27,0.004524887,0.004524887,0.00876624,0.0,0.0,0.25,0.23076923,0.024886878,0.049773756,0.0
850741,1,38,0.004524887,0.004524887,0.006101169,0.0,0.2,0.07727273,0.32478634,0.027149322,0.027149322,0.2
8521372,1,20,0.004524887,0.004524887,0.003818407,0.0,0.2,0.26136363,0.17094018,0.15384616,0.29411766,0.0
8521542,1,10,0.018099548,0.018099548,0.021737134,0.0,0.2,0.52272725,0.08547009,0.014479638,0.06334842,0.2
8526602,0,19,0.0,0.0,0.001199826,0.0,0.0,0.40681818,0.16239317,0.040723983,0.040723983,0.0
8531732,1,10,0.018099548,0.018099548,0.015797194,0.0,0.4,0.52272725,0.08547009,0.02081448,0.027149322,0.0
8549992,1,3,0.0,0.0,0.0011233133,0.0,0.0,0.15227273,0.025641026,0.049773756,0.049773756,0.0
8604722,1,2,0.0,0.0,0.00076464063,0.0,0.0,0.77272725,0.017094018,0.8733032,0.8733032,0.0
8614022,1,14,0.009049774,0.009049774,0.012459562,0.0,0.2,0.16136363,0.11965812,0.019607844,0.04524887,0.2
8614192,1,24,0.004524887,0.004524887,0.0043045967,0.0,0.2,0.7659091,0.20512821,0.16063349,0.1764706,0.0
8624502,1,2,0.0,0.0,0.00076464063,0.0,0.0,0.77272725,0.017094018,0.8733032,0.8733032,0.0
8647352,1,18,0.0,0.0,0.004969592,0.0,0.0,0.5159091,0.15384616,0.004524887,0.004524887,0.0
865701,1,10,0.0,0.0,0.00059089524,0.0,0.0,0.52272725,0.08547009,0.280543,0.280543,0.0
8720562,1,7,0.08144797,0.08144797,0.082429975,0.0,0.4,0.4568182,0.05982906,0.021671826,0.09049774,0.0
8755102,1,0,0.018099548,0.018099548,0.011565539,0.0,0.8,1.0,0.0,0.09140272,0.12669684,0.0
8755252,1,36,0.0,0.0,0.012690343,0.0,0.0,0.0,0.30769232,0.0,0.0,0.2
876061,1,10,0.004524887,0.004524887,0.003994235,0.0,0.2,0.52272725,0.08547009,0.09954751,0.16289593,0.2
878441,1,0,0.0,0.0,0.00078320265,0.0,0.0,1.0,0.0,0.027149322,0.027149322,0.2
8793052,1,1,0.0,0.0,0.0010657395,0.0,0.0,0.6363636,0.008547009,0.03167421,0.03167421,0.0
8820652,1,0,0.29411766,0.29411766,0.2030549,0.0,1.0,1.0,0.0,0.059509117,0.30316743,0.2
8828892,1,9,0.004524887,0.004524887,0.005156571,0.0,0.2,0.23636363,0.07692308,0.009049774,0.009049774,0.0
8847052,1,2,0.018099548,0.018099548,0.015136322,0.0,0.4,0.77272725,0.017094018,0.034389142,0.05882353,0.2
8900342,0,9,0.022624435,0.022624435,0.01706162,0.0,0.8,0.23636363,0.07692308,0.300905,1.0,0.0
890641,1,91,0.0,0.0,0.012690343,0.0,0.0,0.0,0.7777778,0.0,0.0,0.2
8931402,1,14,0.004524887,0.004524887,0.0036842017,0.0,0.2,0.16136363,0.11965812,0.1764706,0.29411766,0.0
893891,0,1,0.027149322,0.027149322,0.026292041,0.0,0.4,0.6363636,0.008547009,0.020685198,0.049773756,0.0
8941152,1,2,0.004524887,0.004524887,0.0063621365,0.0,0.2,0.77272725,0.017094018,0.03167421,0.054298643,0.0
8969062,1,2,0.0,0.0,0.00076464063,0.0,0.0,0.77272725,0.017094018,0.8733032,0.8733032,0.4
8971572,1,10,0.009049774,0.009049774,0.008160486,0.0,0.2,0.52272725,0.08547009,0.1417798,0.280543,0.0
8997,1,2,0.0,0.0,0.001061803,0.0,0.0,0.77272725,0.017094018,0.018099548,0.018099548,0.0
901731,2,3,0.004524887,0.004524887,0.0049163206,0.0,0.2,0.15227273,0.025641026,0.300905,0.5972851,0.0
9018932,0,2,0.027149322,0.027149322,0.022158384,0.0,0.6,0.77272725,0.017094018,0.046541695,0.21719457,0.0
9021082,0,27,0.022624435,0.022624435,0.017936692,0.0,0.4,0.25,0.23076923,0.02111614,0.049773756,0.0
9025382,1,3,0.0,0.0,0.0018864133,0.0,0.0,0.15227273,0.025641026,0.018099548,0.018099548,0.2
9089882,1,0,0.036199097,0.036199097,0.027719034,0.0,0.6,1.0,0.0,0.04927099,0.16289593,0.2
9131212,1,2,0.004524887,0.004524887,0.0050106435,0.0,0.2,0.77272725,0.017094018,0.011312217,0.013574661,0.0
9146202,2,10,0.040723983,0.040723983,0.030359048,0.0,1.0,0.52272725,0.08547009,0.26334843,0.8733032,0.2
9153162,1,20,0.040723983,0.040723983,0.036071584,0.0,0.4,0.26136363,0.17094018,0.035746608,0.21719457,0.0
9159762,1,2,0.0,0.0,0.00076464063,0.0,0.0,0.77272725,0.017094018,0.8733032,0.8733032,0.0
9167792,1,10,0.03167421,0.03167421,0.024399176,0.0,0.6,0.52272725,0.08547009,0.043552037,0.15384616,0.0
9237052,1,1,0.0,0.0,0.0016129422,0.0,0.0,0.6363636,0.008547009,0.013574661,0.013574661,0.0
9244632,2,19,0.013574661,0.013574661,0.009832605,0.0,0.6,0.40681818,0.16239317,0.17533937,0.30316743,0.0
9266012,1,10,0.004524887,0.004524887,0.0055026,0.0,0.2,0.52272725,0.08547009,0.43891403,0.8733032,0.0
927331,0,1,0.0,0.0,0.0012710884,0.0,0.0,0.6363636,0.008547009,1.0,1.0,0.6
9284762,0,1,0.004524887,0.004524887,0.0035759206,0.0,0.2,0.6363636,0.008547009,0.12669684,0.18099548,0.0
928881,1,7,0.022624435,0.022624435,0.022970852,0.0,0.4,0.4568182,0.05982906,0.03846154,0.09049774,0.2
929101,1,30,0.0,0.0,0.0007264091,0.0,0.0,0.14772727,0.25641027,0.07692308,0.07692308,0.2
932091,1,20,0.0,0.0,0.002471958,0.0,0.0,0.26136363,0.17094018,0.009049774,0.009049774,0.0
9433,1,41,0.0,0.0,0.012690343,0.0,0.0,0.0,0.35042736,0.0,0.0,0.0
9447312,1,2,0.004524887,0.004524887,0.0039417767,0.0,0.2,0.77272725,0.017094018,0.51131225,0.8733032,0.2
9462472,1,2,0.018099548,0.018099548,0.014949515,0.0,0.4,0.77272725,0.017094018,0.0959276,0.29411766,0.0
9463702,1,8,0.004524887,0.004524887,0.005045682,0.0,0.2,0.15454546,0.06837607,0.03846154,0.07239819,0.0
9475112,1,2,0.0,0.0,0.00076464063,0.0,0.0,0.77272725,0.017094018,0.8733032,0.8733032,0.0
9489922,1,18,0.009049774,0.009049774,0.012192395,0.0,0.2,0.5159091,0.15384616,0.054298643,0.13122173,0.2
9507822,1,1,0.049773756,0.049773756,0.04114512,0.0,0.4,0.6363636,0.008547009,0.02111614,0.05882353,0.2
9516202,0,19,0.0,0.0,0.001199826,0.0,0.0,0.40681818,0.16239317,0.040723983,0.040723983,0.4
9517462,1,60,0.0,0.0,0.0070635686,0.0,0.0,0.0045454544,0.51282054,0.009049774,0.009049774,0.2
9527932,1,2,0.013574661,0.013574661,0.010020741,0.0,0.6,0.77272725,0.017094018,0.29072398,0.8733032,0.2
9590002,1,0,0.11312217,0.11312217,0.07592601,0.0,1.0,1.0,0.0,0.061085973,0.25791857,0.0
9618592,1,18,0.009049774,0.009049774,0.019885484,0.0,0.0,0.5159091,0.15384616,0.004524887,0.009049774,0.0
9627452,1,13,0.013574661,0.013574661,0.019027371,0.0,0.2,0.13863637,0.11111111,0.011312217,0.018099548,0.2
9647442,1,1,0.036199097,0.036199097,0.031321347,0.0,0.8,0.6363636,0.008547009,0.24987431,1.0,0.2
9676722,0,2,0.022624435,0.022624435,0.017151764,0.0,0.6,0.77272725,0.017094018,0.068627454,0.14479639,0.0
9697962,0,19,0.040723983,0.040723983,0.03890249,0.0,0.4,0.40681818,0.16239317,0.023529412,0.11312217,0.0
9701722,0,8,0.013574661,0.013574661,0.015760927,0.0,0.2,0.15454546,0.06837607,0.015837105,0.049773756,0.0
9726392,1,29,0.004524887,0.004524887,0.0045985896,0.0,0.2,0.21136364,0.24786325,0.03167421,0.05882353,0.0
9791392,0,10,0.0,0.0,0.003329156,0.0,0.0,0.52272725,0.08547009,0.013574661,0.013574661,0.2
9798082,1,7,0.018099548,0.018099548,0.020186977,0.0,0.4,0.4568182,0.05982906,0.027149322,0.08144797,0.2
9817342,1,10,0.0,0.0,0.0018973768,0.0,0.0,0.52272725,0.08547009,0.009049774,0.009049774,0.0
9831802,1,2,0.054298643,0.054298643,0.039934758,0.0,1.0,0.77272725,0.017094018,0.15384616,0.8733032,0.2
9846942,1,3,0.018099548,0.018099548,0.016667848,0.0,0.4,0.15227273,0.025641026,0.20633484,0.8733032,0.0
9850942,1,18,0.004524887,0.004524887,0.0049759257,0.0,0.2,0.5159091,0.15384616,0.07692308,0.13122173,0.0
9870112,1,18,0.0,0.0,0.0028757474,0.0,0.0,0.5159091,0.15384616,0.027149322,0.027149322,0.2
988,1,2,0.018099548,0.018099548,0.014880375,0.0,0.4,0.77272725,0.017094018,0.028054299,0.07692308,0.0
9889072,0,38,0.0,0.0,0.00385039,0.0,0.0,0.07727273,0.32478634,0.009049774,0.009049774,0.0
9893032,0,27,0.004524887,0.004524887,0.00876624,0.0,0.0,0.25,0.23076923,0.024886878,0.049773756,0.2
9909562,1,10,0.009049774,0.009049774,0.011953258,0.0,0.2,0.52272725,0.08547009,0.0060331826,0.013574661,0.2
9922122,0,1,0.004524887,0.004524887,0.004596656,0.0,0.2,0.6363636,0.008547009,0.9366516,1.0,0.0
9924742,2,19,0.0,0.0,0.0032485607,0.0,0.0,0.40681818,0.16239317,0.004524887,0.004524887,0.0
9939382,1,75,0.0,0.0,0.0073390203,0.0,0.0,0.0045454544,0.64102566,0.004524887,0.004524887,0.2
9957402,1,18,0.004524887,0.004524887,0.005005433,0.0,0.2,0.5159091,0.15384616,0.07692308,0.11312217,0.0
9973242,0,20,0.004524887,0.004524887,0.006841527,0.0,0.2,0.26136363,0.17094018,0.013574661,0.018099548,0.2
9981522,1,2,0.03167421,0.03167421,0.021913378,0.0,0.8,0.77272725,0.017094018,0.06504525,0.21719457,0.0
9983972,0,38,0.009049774,0.009049774,0.008093528,0.0,0.2,0.07727273,0.32478634,0.03167421,0.05882353,0.0
