node_id,ml_score,ris_score,fair_ris_score,fairness_bonus,weak_group_bonus,community_diversity_bonus,protected_group_coverage_bonus,spread_proxy_score,combined_score,score_normalization
10007042,0.7687576963998518,0.0,0.0,0.2,0.2,0.0,0.0,0.010595006024882885,1.1096220797649172,per_group
10046442,0.6671615298295231,0.0,0.0,0.06666666666666667,0.06666666666666667,0.2631578947368421,0.0,0.09529920508694183,0.7631174354053379,per_group
10074432,0.8072515730907956,0.0,0.0,0.6666666666666666,0.6666666666666666,0.0,0.0,0.005524713387630528,2.990672238580511,per_group
10077242,0.8151886660992341,0.0,0.0,0.2,0.2,0.10526315789473684,0.0,0.03447565304773629,1.2171811233650305,per_group
10093672,0.9415397292227078,0.0,0.0,0.0,0.0,0.0,0.0,0.0021794367691866405,0.3770517790429205,per_group
10104672,0.878403248024794,0.0,0.0,1.0,1.0,0.05263157894736842,0.0,0.01606137203872984,4.396678836775559,per_group
10107362,0.9670207513450629,0.0,0.0,0.0,0.0,0.0,0.0,0.00323505469070381,0.3874553114761659,per_group
10125152,0.9890449551273035,0.0,0.0,0.0,0.0,0.0,0.0,0.005440776085270809,0.3967061372679756,per_group
10125822,0.690230391494781,0.0,0.0,0.047619047619047616,0.047619047619047616,0.05263157894736842,0.0,0.07575430020195388,0.5238244702723884,per_group
10130032,0.9445769249715261,0.0,0.0,0.3333333333333333,0.3333333333333333,0.0,0.0,0.007437184718727594,1.7126515402656892,per_group
10138132,0.4007665496276043,0.0,0.0,0.0,0.0,0.25,0.0,0.2385340643224981,0.40801343271554136,per_group
10144442,0.9285072933730706,0.0,0.0,1.0,1.0,0.0,0.0,0.0036884024378233643,4.372140597836793,per_group
10166632,0.8938123316387301,0.0,0.0,1.0,1.0,0.0,0.0,0.00042028283661521353,4.357608989222816,per_group
10214802,0.9986025944484648,0.0,0.0,0.0,0.0,0.0,0.0,0.06942799385392612,0.41332663655017116,per_group
10241462,0.9979804625966568,0.0,0.0,0.0,0.0,0.0,0.0,0.04619146214519652,0.40843047746770206,per_group
10241802,0.8536793257468442,0.0,0.0,0.0,0.0,0.0,0.0,0.0003817341448238127,0.34154807712770247,per_group
10263662,0.9429182608212618,0.0,0.0,0.0,0.0,0.0,0.0,0.013288239527023103,0.3798249522339094,per_group
10270072,0.8973888256815555,0.0,0.0,0.25,0.25,0.05263157894736842,0.0,0.023950205375673977,1.4058508345056515,per_group
10270872,0.9773103809180583,0.0,0.0,0.0,0.0,0.0,0.0,0.026870879432617824,0.3962983282537469,per_group
10284152,0.844228033835345,0.0,0.0,0.5,0.5,0.045454545454545456,0.0,0.013248086641412339,2.3767044672260567,per_group
1032291,0.83227965991458,0.0,0.0,0.5,0.5,0.0,0.0,0.0031389521409855266,2.333539654394029,per_group
10326,0.8014226086423234,0.0,0.0,0.3333333333333333,0.3333333333333333,0.15789473684210525,0.0,0.04863588108302119,1.789945342480551,per_group
10332972,0.9897335542173283,0.0,0.0,0.0,0.0,0.0,0.0,0.007361163445384222,0.39736565437600824,per_group
10348132,0.8800989164264507,0.0,0.0,0.6,0.6,0.10526315789473684,0.0,0.03664753202492747,2.843579599291355,per_group
10367842,0.8630184236221814,0.0,0.0,0.0,0.0,0.0,0.0,0.0005024573158693331,0.34530786091204646,per_group
10507892,0.8815483204302325,0.0,0.0,0.0,0.0,0.0,0.0,0.00108056467413694,0.3528354411069204,per_group
10523552,0.9243150384807423,0.0,0.0,0.5,0.5,0.045454545454545456,0.0,0.017912345904757827,2.4096721209368845,per_group
10524,0.7560476454298526,0.0,0.0,0.2857142857142857,0.2857142857142857,0.10526315789473684,0.0,0.04272929234485919,1.5380325858138453,per_group
10545772,0.9227642405067054,0.0,0.0,0.0,0.0,0.045454545454545456,0.0,0.02461285700949514,0.41039190396821756,per_group
1058591,0.8136974918969764,0.0,0.0,0.0,0.0,0.0,0.0,0.01795427873245785,0.32906985250528215,per_group
10599392,0.8887988504987109,0.0,0.0,0.0,0.0,0.0,0.0,0.0013735771552401512,0.3557942556305324,per_group
10609292,0.899893615751865,0.0,0.0,0.5,0.5,0.05263157894736842,0.0,0.015595671497892212,2.4051818437582195,per_group
10618402,0.8047888226695421,0.0,0.0,0.0,0.0,0.0,0.0,0.0029562629804976105,0.3225067816639164,per_group
10638782,0.5179206133193752,0.0,0.0,0.14705882352941177,0.14705882352941177,0.3157894736842105,0.0,0.17554159454697718,1.0831434373021611,per_group
10645702,0.917557477019204,0.0,0.0,0.5,0.5,0.0,0.0,0.004776542289654961,2.3679782992656127,per_group
10651272,0.8927221425383366,0.0,0.0,1.0,1.0,0.10526315789473684,0.0,0.03461035106286269,4.448221453543697,per_group
10659742,0.8216420239656326,0.0,0.0,0.08333333333333333,0.08333333333333333,0.15789473684210525,0.0,0.07565343337401666,0.803436619068074,per_group
10701982,0.9646459308462783,0.0,0.0,0.0,0.0,0.0,0.0,0.006253042923388311,0.387108980923189,per_group
10717512,0.9506908262883357,0.0,0.0,0.0,0.0,0.0,0.0,0.0013438154897187497,0.38054509361327804,per_group
10722102,0.9890449551273035,0.0,0.0,0.0,0.0,0.0,0.0,0.005440776085270809,0.3967061372679756,per_group
10728992,0.7980870680958044,0.0,0.0,0.0,0.0,0.0,0.0,0.0,0.3192348272383218,per_group
10732492,0.7871524711804339,0.0,0.0,0.2857142857142857,0.2857142857142857,0.1,0.0,0.056156437602993714,1.548949418849915,per_group
10750192,0.832502117333291,0.0,0.0,0.0,0.0,0.0,0.0,0.010093900324031766,0.3350196269981228,per_group
10768042,0.840881651021251,0.0,0.0,0.0,0.0,0.0,0.0,0.011053734352735108,0.33856340727904743,per_group
10790832,0.8180414780092929,0.0,0.0,0.7692307692307693,0.7692307692307693,0.15789473684210525,0.0,0.07117405613511427,3.5446902688275013,per_group
10804132,0.8366934904711418,0.0,0.0,0.0,0.0,0.0,0.0,0.002611318134594498,0.33519965981537564,per_group
1081091,0.9541522297109701,0.0,0.0,0.0,0.0,0.0,0.0,0.002712164141561605,0.3822033247127004,per_group
10821392,0.9448377140055125,0.0,0.0,1.0,1.0,0.0,0.0,0.006561482270873761,4.37924738205638,per_group
10836002,0.8929683729405741,0.0,0.0,0.5,0.5,0.05263157894736842,0.0,0.01577890018328307,2.4024483923707813,per_group
1086591,0.9980816474245126,0.0,0.0,0.0,0.0,0.0,0.0,0.040554641358940706,0.4073435872415932,per_group
10936542,0.9497181787149982,0.0,0.0,0.0,0.0,0.0,0.0,0.015485645350330647,0.3829844005560655,per_group
10969982,0.8912754921811904,0.0,0.0,0.0,0.0,0.05263157894736842,0.0,0.015788269144846465,0.4017731138593403,per_group
10996862,0.8319620796341689,0.0,0.0,0.0,0.0,0.0,0.0,0.0006324422429891868,0.33291132030226545,per_group
1100251,0.8234308574117918,0.0,0.0,0.14285714285714285,0.14285714285714285,0.05263157894736842,0.0,0.03640008580806691,0.9501861947127963,per_group
11039482,0.6996222302776773,0.0,0.0,0.0,0.0,0.05263157894736842,0.0,0.03958368899335283,0.3298708930676363,per_group
1106311,0.8630184236221814,0.0,0.0,0.0,0.0,0.0,0.0,0.0005024573158693331,0.34530786091204646,per_group
11069572,0.8424910421401882,0.0,0.0,0.6666666666666666,0.6666666666666666,0.0,0.0,0.009022419347513966,3.0054675673922446,per_group
11071232,0.7444855136238875,0.0,0.0,0.7142857142857143,0.7142857142857143,0.09090909090909091,0.0,0.03411574323799848,3.2344874839672846,per_group
11120172,0.7663027141216604,0.0,0.0,0.4,0.4,0.15,0.0,0.06432392853932344,2.039385871356529,per_group
1112751,0.8898820194999656,0.0,0.0,0.6666666666666666,0.6666666666666666,0.10526315789473684,0.0,0.03440853041208349,3.113711706864859,per_group
11130772,0.7899274427709789,0.0,0.0,0.0,0.0,0.0,0.0,0.0038148450996534785,0.3167339461283223,per_group
11138972,0.8433054800448696,0.0,0.0,0.0,0.0,0.0,0.0,0.00409480732132018,0.3381411534822119,per_group
11142222,0.998635797562642,0.0,0.0,0.0,0.0,0.0,0.0,0.03495208313183079,0.406444735651423,per_group
11162812,0.9567720057755869,0.0,0.0,1.0,1.0,0.0,0.0,0.0030941391282035715,4.383327630135876,per_group
11206912,0.7426588035663736,0.0,0.0,0.0,0.0,0.10526315789473684,0.0,0.06120595356420095,0.3935152384551791,per_group
11221192,0.6776967186369116,0.0,0.0,0.3,0.3,0.09090909090909091,0.0,0.04316369163465263,1.5524386985089678,per_group
11231562,0.6470992083469896,0.0,0.0,0.11764705882352941,0.11764705882352941,0.42105263157894735,0.0,0.1366391334247948,1.0935978505810304,per_group
11264322,0.7973242305707878,0.0,0.0,0.0,0.0,0.05263157894736842,0.0,0.022065380334611973,0.36544803145313226,per_group
11288162,0.8544562620457167,0.0,0.0,1.0,1.0,0.05263157894736842,0.0,0.014572229478710697,4.386802213871924,per_group
11332342,0.8552893591376993,0.0,0.0,1.0,1.0,0.0,0.0,0.001465648120788329,4.342408873279237,per_group
11347052,0.9996060735816813,0.0,0.0,0.0,0.0,0.0,0.0,0.060846206706196705,0.41201167077391193,per_group
11350892,0.7785977165042696,0.0,0.0,0.4,0.4,0.45454545454545453,0.0,0.2048475212443066,2.316044954486933,per_group
11358372,0.8349375987976967,0.0,0.0,0.0,0.0,0.0,0.0,0.00010828551486098048,0.3339966966220509,per_group
11360912,0.8088157079154661,0.0,0.0,1.0,1.0,0.0,0.0,0.001953999680396637,4.323917083102266,per_group
11364652,0.8408258981757907,0.0,0.0,0.3333333333333333,0.3333333333333333,0.05263157894736842,0.0,0.018020857743585045,1.715373127310261,per_group
11376132,0.8739617349863962,0.0,0.0,0.0,0.0,0.0,0.0,0.004215382083294227,0.35042777041121737,per_group
11379982,0.8289829739308874,0.0,0.0,1.0,1.0,0.0,0.0,0.0011017756118670155,4.331813544694729,per_group
11395432,0.871047765411027,0.0,0.0,0.25,0.25,0.045454545454545456,0.0,0.01876511937880753,1.3885357664038087,per_group
11402482,0.9607943356060891,0.0,0.0,0.0,0.0,0.0,0.0,0.0068124567761558815,0.38568022559766685,per_group
11425612,0.838904209778376,0.0,0.0,0.25,0.25,0.15789473684210525,0.0,0.07463088254809984,1.4768036498946546,per_group
11442052,0.8305736638040186,0.0,0.0,0.0,0.0,0.0,0.0,0.0006535147033787779,0.3323601684622832,per_group
1147031,0.8626714948177561,0.0,0.0,0.6666666666666666,0.6666666666666666,0.05263157894736842,0.0,0.019000819102700246,3.057640691572204,per_group
11541862,0.8602306930360855,0.0,0.0,0.25,0.25,0.10526315789473684,0.0,0.0329088212948759,1.4348845677891988,per_group
11550142,0.8720240686393678,0.0,0.0,0.0,0.0,0.0,0.0,0.00399210736437708,0.3496080489286225,per_group
1160081,0.8027623767152456,0.0,0.0,0.0,0.0,0.0,0.0,0.01910885417204055,0.3249267215205064,per_group
11606702,0.9179882867351165,0.0,0.0,0.75,0.75,0.05263157894736842,0.0,0.021068420993109897,3.413514262050563,per_group
11620042,0.9415970118718545,0.0,0.0,1.0,1.0,0.0,0.0,0.010042232476710853,4.378647251244084,per_group
11625152,0.9605626000937804,0.0,0.0,0.0,0.0,0.0,0.0,0.0036626886289355728,0.3849575777632993,per_group
11626822,0.9989129799304375,0.0,0.0,0.0,0.0,0.0,0.0,0.05255179405430459,0.4100755507830359,per_group
11650012,0.7124897490404646,0.0,0.0,0.5,0.5,0.05263157894736842,0.0,0.030184478983369387,2.3331380585707544,per_group
11672342,0.8252287846909757,0.0,0.0,0.75,0.75,0.15789473684210525,0.0,0.059394140738566,3.4682861314977877,per_group
11702862,0.819502287549448,0.0,0.0,0.0,0.0,0.0,0.0,0.0007093555986718034,0.32794278613951355,per_group
11724382,0.867641113086522,0.0,0.0,0.0,0.0,0.0,0.0,0.0007173431912042363,0.34719991387284965,per_group
11726732,0.8362700068151054,0.0,0.0,0.4,0.4,0.10526315789473684,0.0,0.03371926107735791,2.025462381257303,per_group
11763862,0.8588909079653444,0.0,0.0,1.0,1.0,0.05263157894736842,0.0,0.03831037082560423,4.393323700509153,per_group
11767072,0.9081134804295105,0.0,0.0,1.0,1.0,0.0,0.0,0.0007303641311603152,4.3633914649980365,per_group
11769872,0.9295604527253436,0.0,0.0,0.0,0.0,0.0,0.0,0.011503744844410309,0.37412493005901953,per_group
11770552,0.8779264762070143,0.0,0.0,1.0,1.0,0.0,0.0,0.0006880365113870425,4.351308197785083,per_group
11786302,0.8313166214632342,0.0,0.0,0.0,0.0,0.0,0.0,3.8854436686562607e-05,0.332534419472631,per_group
11792612,0.9420907815083721,0.0,0.0,0.5,0.5,0.0,0.0,0.005120848354744891,2.377860482274298,per_group
11819122,0.9029608806420307,0.0,0.0,1.0,1.0,0.0,0.0,0.0010806046220773922,4.361400473181227,per_group
11842342,0.9330439432029446,0.0,0.0,0.0,0.0,0.05263157894736842,0.0,0.01654551187008958,0.4186319428130906,per_group
11918842,0.8630184236221814,0.0,0.0,0.0,0.0,0.0,0.0,0.0005024573158693331,0.34530786091204646,per_group
11920922,0.9993799466627146,0.0,0.0,0.0,0.0,0.0,0.0,0.06942799385392612,0.41363757743587104,per_group
11926262,0.9418871263926185,0.0,0.0,0.0,0.0,0.0,0.0,0.0014105118590647346,0.37703695292886036,per_group
11944562,0.8193540155765971,0.0,0.0,0.0,0.0,0.0,0.0,0.002833228174472116,0.3283082518655333,per_group
11963282,0.7431403347733999,0.0,0.0,0.0,0.0,0.0,0.0,0.007407172211365677,0.29873756835163306,per_group
11981952,0.9444431096435119,0.0,0.0,1.0,1.0,0.0,0.0,0.0022218773935023493,4.378221619336105,per_group
12018412,0.9902816979233323,0.0,0.0,0.0,0.0,0.0,0.0,0.008089998850035236,0.39773067893934,per_group
12037502,0.8250470610108487,0.0,0.0,0.0,0.0,0.0,0.0,0.0005609104011474018,0.330131006484569,per_group
12062282,0.9994127721066066,0.0,0.0,0.0,0.0,0.0,0.0,0.06942799385392612,0.41365070761342787,per_group
12080652,0.8312695545031489,0.0,0.0,0.8571428571428571,0.8571428571428571,0.05263157894736842,0.0,0.031858670309791705,3.8095562475925413,per_group
12081592,0.9794074485597561,0.0,0.0,1.0,1.0,0.0,0.0,0.009752018541242028,4.393713383132151,per_group
12114432,0.9209269121330736,0.0,0.0,0.0,0.0,0.0,0.0,0.0018115563907161241,0.36873307613137274,per_group
12115732,0.8283713924126972,0.0,0.0,0.0,0.0,0.0,0.0,0.006045268448834262,0.3325576106548458,per_group
12118882,0.7826214903113238,0.0,0.0,0.5,0.5,0.0,0.0,0.008016857376405923,2.3146519675998105,per_group
12149902,0.9133153228978738,0.0,0.0,0.6666666666666666,0.6666666666666666,0.0,0.0,0.009382510755815608,3.0338692979769792,per_group
12163342,0.7931034682043392,0.0,0.0,0.0,0.0,0.0,0.0,0.00612624050713022,0.3184666353831617,per_group
12168312,0.842481383733951,0.0,0.0,0.0,0.0,0.10526315789473684,0.0,0.03671306670689563,0.42854569315074903,per_group
12174212,0.8169389144968583,0.0,0.0,1.0,1.0,0.0,0.0,8.559845928904602e-05,4.326792685490601,per_group
12217472,0.8269049905901775,0.0,0.0,0.0,0.0,0.0,0.0,0.0006075124338112192,0.3308834987228333,per_group
12222522,0.7234435537531481,0.0,0.0,1.0,1.0,0.0,0.0,0.005133341572522222,4.290404089815763,per_group
12227112,0.8522379617113255,0.0,0.0,0.0,0.0,0.0,0.0,0.007916239486614449,0.3424784325818531,per_group
12230022,0.8043624833799577,0.0,0.0,0.75,0.75,0.05263157894736842,0.0,0.02091354734073648,3.3680329659780255,per_group
12264532,0.8809633829929141,0.0,0.0,0.0,0.0,0.0,0.0,0.0014325745628840907,0.3526718681097425,per_group
12286822,0.956766872434328,0.0,0.0,1.0,1.0,0.0,0.0,0.0018624475178060824,4.3830792384772925,per_group
12287142,0.9581112681634016,0.0,0.0,0.0,0.0,0.0,0.0,0.0018682554386380134,0.38361815835308827,per_group
12301112,0.9015545236142026,0.0,0.0,0.5,0.5,0.05263157894736842,0.0,0.015680104404860153,2.405863093484548,per_group
12327342,0.8214530592147232,0.0,0.0,1.0,1.0,0.05263157894736842,0.0,0.025885204048186127,4.375863527653421,per_group
12334662,0.8122407683911554,0.0,0.0,0.0,0.0,0.0,0.0,0.00514854134986694,0.3259260156264356,per_group
12369282,0.8281924223792058,0.0,0.0,1.0,1.0,0.0,0.0,0.00256044498680501,4.3317890579490435,per_group
12377702,0.8630184236221814,0.0,0.0,0.0,0.0,0.0,0.0,0.0005024573158693331,0.34530786091204646,per_group
12389772,0.833013054766734,0.0,0.0,0.0,0.0,0.05263157894736842,0.0,0.016841555564906026,0.3786787961775696,per_group
12429382,0.9981895400165879,0.0,0.0,0.0,0.0,0.0,0.0,0.05255179405430459,0.40978617481749613,per_group
12448322,0.9405736072012822,0.0,0.0,0.0,0.0,0.0,0.0,0.0015759995400486358,0.3765446427885226,per_group
12455292,0.8789456117333366,0.0,0.0,0.25,0.25,0.09090909090909091,0.0,0.028768879576923784,1.4300592933359921,per_group
12464552,0.9081542536991316,0.0,0.0,0.6666666666666666,0.6666666666666666,0.045454545454545456,0.0,0.017494159414131596,3.0697908363927815,per_group
12470922,0.79443113383032,0.0,0.0,0.0,0.0,0.05263157894736842,0.0,0.025878176242000624,0.3650533519384229,per_group
1249501,0.9223445812092718,0.0,0.0,0.0,0.0,0.0,0.0,0.002150647359284959,0.3693679619555657,per_group
1253451,0.4117641037140731,0.0,0.0,0.22448979591836735,0.22448979591836735,0.45454545454545453,0.0,0.2540886831321786,1.4771189254218982,per_group
12618652,0.8276751617571924,0.0,0.0,0.5,0.5,0.0,0.0,0.0025284876098681736,2.3315757622248503,per_group
12623252,0.8054549964757122,0.0,0.0,0.3333333333333333,0.3333333333333333,0.0,0.0,0.0060322615164402965,1.6567217842269062,per_group
12650962,0.6850663861709282,0.0,0.0,0.0,0.0,0.0,0.0,0.007234098587884797,0.27547337418594825,per_group
1265601,0.813910447663504,0.0,0.0,0.25,0.25,0.09090909090909091,0.0,0.02761877193847016,1.4038152061803684,per_group
12681372,0.8630184236221814,0.0,0.0,0.0,0.0,0.0,0.0,0.0005024573158693331,0.34530786091204646,per_group
12695882,0.9595005423833981,0.0,0.0,0.0,0.0,0.0,0.0,0.003739301772290038,0.38454807730781726,per_group
12706762,0.7601564507166327,0.0,0.0,0.14285714285714285,0.14285714285714285,0.09090909090909091,0.0,0.03920067073504491,0.9560585585895063,per_group
12715022,0.8829614935833744,0.0,0.0,0.0,0.0,0.0,0.0,0.001440092187184791,0.35347261587078677,per_group
12739402,0.8067207097581995,0.0,0.0,0.2,0.2,0.05263157894736842,0.0,0.02496104540570224,1.169785756142315,per_group
12740012,0.9176993833089375,0.0,0.0,1.0,1.0,0.05263157894736842,0.0,0.020299234763337237,4.413244863434137,per_group
12741382,0.8137816886510222,0.0,0.0,0.25,0.25,0.05263157894736842,0.0,0.019994735509497385,1.3716168857202031,per_group
12771132,0.8182885243068299,0.0,0.0,0.0,0.0,0.0,0.0,0.00014560546445582326,0.32734453081562315,per_group
1277191,0.7802997932487316,0.0,0.0,0.5,0.5,0.0,0.0,0.004632693250535539,2.3130464559495993,per_group
12783392,0.9896870664175149,0.0,0.0,0.0,0.0,0.0,0.0,0.008474805959007393,0.39756978775880747,per_group
12787922,0.6592977949511651,0.0,0.0,0.0,0.0,0.0,0.0,0.005856412954586126,0.26489040057138324,per_group
12790082,0.9596134248976366,0.0,0.0,0.0,0.0,0.0,0.0,0.009426496773742375,0.3857306693138031,per_group
12793382,0.9609712489035132,0.0,0.0,0.0,0.0,0.0,0.0,0.003990842337082997,0.3851866680288219,per_group
12803772,0.8849928604061955,0.0,0.0,0.0,0.0,0.15789473684210525,0.0,0.04421942816665645,0.4891568192694937,per_group
12818,0.8778497177206205,0.0,0.0,0.3333333333333333,0.3333333333333333,0.045454545454545456,0.0,0.016423660629209497,1.7241215889110597,per_group
12874212,0.8291237498656747,0.0,0.0,0.0,0.0,0.0,0.0,0.010250936319279492,0.33369968721012583,per_group
1290661,0.9996594402026765,0.0,0.0,0.0,0.0,0.0,0.0,0.06942799385392612,0.4137493748518558,per_group
12920142,0.9272800508601933,0.0,0.0,0.25,0.25,0.05263157894736842,0.0,0.040876958854042904,1.4211926752727804,per_group
12925,0.6106952001282083,0.0,0.0,0.4,0.4,0.22727272727272727,0.0,0.08983709102698405,2.0440636800748617,per_group
12952252,0.8203175879252119,0.0,0.0,0.0,0.0,0.10526315789473684,0.0,0.033340301237839716,0.4190056217334422,per_group
12964542,0.8500992621620838,0.0,0.0,0.0,0.0,0.05263157894736842,0.0,0.022110390133578697,0.38656704604944403,per_group
12966662,0.8515365001300865,0.0,0.0,0.0,0.0,0.0,0.0,0.0029269509314756915,0.3411999902383298,per_group
12967642,0.7301131894948449,0.0,0.0,0.0,0.0,0.05263157894736842,0.0,0.021166633116393104,0.3383838655791114,per_group
12973362,0.7925382907313037,0.0,0.0,0.6428571428571429,0.6428571428571429,0.2631578947368421,0.0,0.10311914467944534,3.119594032446456,per_group
13008262,0.9518838028091208,0.0,0.0,1.0,1.0,0.0,0.0,0.005867550314242655,4.381927031186497,per_group
1304091,0.7192750063155395,0.0,0.0,0.0,0.0,0.21052631578947367,0.0,0.09643346100719984,0.4754177473592347,per_group
13043702,0.7744213356076868,0.0,0.0,0.0,0.0,0.0,0.0,0.004543336307121717,0.31067720150449907,per_group
13051142,0.779282184834349,0.0,0.0,0.5,0.5,0.05263157894736842,0.0,0.021253939174305014,2.3580689249264957,per_group
13116482,0.858629663962075,0.0,0.0,0.0,0.0,0.0,0.0,0.011921452649944793,0.34583615611481894,per_group
13118432,0.8662621395446808,0.0,0.0,1.0,1.0,0.05263157894736842,0.0,0.015380006247824346,4.391686120225332,per_group
1315431,0.5202089616647854,0.0,0.0,0.2,0.2,0.5263157894736842,0.0,0.2512516438351077,1.479386545011883,per_group
13159492,0.7776225858040541,0.0,0.0,0.0,0.0,0.0,0.0,0.0017956501301394075,0.31140816434764956,per_group
13170292,0.8653927266129646,0.0,0.0,0.0,0.0,0.0,0.0,0.00716387176675307,0.34758986499853645,per_group
13211,0.8894768134250731,0.0,0.0,0.0,0.0,0.045454545454545456,0.0,0.017172196142564104,0.39558880096217847,per_group
13222222,0.870543176176374,0.0,0.0,0.5,0.5,0.0,0.0,0.005042260379371171,2.3492257225464237,per_group
13224342,0.9439942511571187,0.0,0.0,0.25,0.25,0.0,0.0,0.011772625664021626,1.3799522255956518,per_group
13225072,0.8948973788989554,0.0,0.0,1.0,1.0,0.0,0.0,0.016866959849451885,4.361332343529472,per_group
13232092,0.8113109708823855,0.0,0.0,0.8333333333333334,0.8333333333333334,0.09090909090909091,0.0,0.03279889466825036,3.7371447733472105,per_group
13253832,0.8307975052413983,0.0,0.0,1.0,1.0,0.0,0.0,0.0003007100488716906,4.3323791441063335,per_group
13253992,0.3868129023004332,0.0,0.0,0.10810810810810811,0.10810810810810811,0.45,0.0,0.30609302550121653,1.008376198452849,per_group
13258742,0.9989605462014481,0.0,0.0,0.0,0.0,0.0,0.0,0.06942799385392612,0.4134698172513645,per_group
13264762,0.9522613668578366,0.0,0.0,0.0,0.0,0.0,0.0,0.0016440662044626471,0.3812333599840272,per_group
13285072,0.9255424318418914,0.0,0.0,1.0,1.0,0.0,0.0,0.005447606958510934,4.371306494128459,per_group
13291122,0.875809023931195,0.0,0.0,0.0,0.0,0.0,0.0,0.004434579873207164,0.3512105255471194,per_group
13302,0.8982968661563536,0.0,0.0,0.0,0.0,0.0,0.0,0.001040534634106641,0.3595268533893628,per_group
1330691,0.9884620931134391,0.0,0.0,0.0,0.0,0.0,0.0,0.04859398431260307,0.4051036341078963,per_group
13308842,0.7794247115444664,0.0,0.0,0.0,0.0,0.10526315789473684,0.0,0.033861314099227,0.4027526737534214,per_group
13330612,0.9324174970922682,0.0,0.0,0.6,0.6,0.05263157894736842,0.0,0.02949520608489336,2.8209713032117807,per_group
13354182,0.8764222882334401,0.0,0.0,0.0,0.0,0.0,0.0,0.0009547734705099234,0.35075986998747805,per_group
13406742,0.7955507631527676,0.0,0.0,0.0,0.0,0.0,0.0,0.0011238246104379106,0.3184450701831946,per_group
13454462,0.9636322531774787,0.0,0.0,0.0,0.0,0.0,0.0,0.0024009089547686008,0.38593308306194524,per_group
13466982,0.8508402990677818,0.0,0.0,0.0,0.0,0.10526315789473684,0.0,0.02915709556064316,0.43037806505503085,per_group
13467242,0.8272621487574986,0.0,0.0,0.0,0.0,0.0,0.0,0.014601142227049614,0.33382508794840937,per_group
13473142,0.7851318481704517,0.0,0.0,0.5,0.5,0.0,0.0,0.0045304194343979785,2.3149588231550604,per_group
13473852,0.6845772909345635,0.0,0.0,0.0,0.0,0.10526315789473684,0.0,0.04148843190332594,0.3663391290702801,per_group
13501922,0.6759466680197217,0.0,0.0,0.7142857142857143,0.7142857142857143,0.2727272727272727,0.0,0.09408651294056006,3.364520645120676,per_group
13541632,0.8179287615131293,0.0,0.0,0.5,0.5,0.09090909090909091,0.0,0.028025020953691686,2.405503781523263,per_group
13648652,0.9320694157601531,0.0,0.0,0.25,0.25,0.05263157894736842,0.0,0.022501196931252927,1.4194332688482065,per_group
13651452,0.7883988055280223,0.0,0.0,1.0,1.0,0.0,0.0,0.0010112103194844595,4.315561764275106,per_group
13654112,0.39626122533129693,0.0,0.0,0.13157894736842105,0.13157894736842105,0.45,0.0,0.32481691334243795,1.1097836622746906,per_group
13722332,0.8548245367864923,0.0,0.0,0.5,0.5,0.0,0.0,0.0038267548456917457,2.3426951656837356,per_group
13746182,0.7287289894607577,0.0,0.0,0.4444444444444444,0.4444444444444444,0.09090909090909091,0.0,0.041067656726862495,2.150210177634726,per_group
13755792,0.8291417845513557,0.0,0.0,0.0,0.0,0.0,0.0,0.00047500137667546064,0.3317517140958774,per_group
13763362,0.9578474365198612,0.0,0.0,1.0,1.0,0.0,0.0,0.002923941472187181,4.383723762902382,per_group
13767032,0.8977761634760457,0.0,0.0,1.0,1.0,0.05263157894736842,0.0,0.019670503835538495,4.4051498293154205,per_group
13768662,0.7640265235323412,0.0,0.0,0.5,0.5,0.0,0.0,0.012792283796826964,2.308169066172302,per_group
13772282,0.8554245937835782,0.0,0.0,1.0,1.0,0.0,0.0,0.00043684686068732573,4.342257206885568,per_group
13789152,0.7533450602417994,0.0,0.0,0.0,0.0,0.0,0.0,0.005326671325604146,0.3024033583618406,per_group
13797692,0.7892642048816444,0.0,0.0,0.6666666666666666,0.6666666666666666,0.0,0.0,0.006070226297657351,2.9835863938788556,per_group
13894222,0.6018238254948377,0.0,0.0,0.375,0.375,0.18181818181818182,0.0,0.0757779534793823,1.901339666348357,per_group
13897532,0.8409112612214925,0.0,0.0,0.0,0.0,0.0,0.0,0.006716117319413594,0.3377077279524797,per_group
13923382,0.8296336164365372,0.0,0.0,1.0,1.0,0.0,0.0,0.0006279405532322485,4.331979034685261,per_group
13936882,0.9807561744831532,0.0,0.0,1.0,1.0,0.0,0.0,0.004336556609609247,4.393169781115183,per_group
13942322,0.936541070180628,0.0,0.0,1.0,1.0,0.0,0.0,0.001397672022535408,4.374895962476758,per_group
13960822,0.8156920765262822,0.0,0.0,0.3333333333333333,0.3333333333333333,0.045454545454545456,0.0,0.014999656200155987,1.6989737315475137,per_group
13979662,0.8060940171791515,0.0,0.0,0.0,0.0,0.10526315789473684,0.0,0.028771247091689947,0.41240238260578804,per_group
14025482,0.8108156372725314,0.0,0.0,0.0,0.0,0.05263157894736842,0.0,0.017530991285536243,0.36993771632401456,per_group
14027132,0.7765673612168045,0.0,0.0,0.0,0.0,0.0,0.0,0.001676604232760621,0.3109622653332739,per_group
14038472,0.9101597713371834,0.0,0.0,0.0,0.0,0.05263157894736842,0.0,0.018973722466594074,0.4099639161860869,per_group
14050355,0.808641889878054,0.0,0.0,0.3333333333333333,0.3333333333333333,0.05,0.0,0.025562354866494958,1.701902560257854,per_group
14051473,0.8552016673908304,0.0,0.0,0.0,0.0,0.05263157894736842,0.0,0.025643935777323802,0.3893147172696917,per_group
14052933,0.8626326038084837,0.0,0.0,0.0,0.0,0.0,0.0,0.004343714769148171,0.34592178447722316,per_group
14053148,0.9989395204308512,0.0,0.0,0.0,0.0,0.0,0.0,0.06942799385392612,0.4134614069431257,per_group
14055022,0.9349340581520535,0.0,0.0,1.0,1.0,0.0,0.0,0.002175353003137608,4.374408693861448,per_group
14061925,0.8700569450724667,0.0,0.0,1.0,1.0,0.05263157894736842,0.0,0.021584997676341793,4.394445040722149,per_group
14062948,0.8265560763649444,0.0,0.0,0.3333333333333333,0.3333333333333333,0.05263157894736842,0.0,0.016937988485399045,1.7094486247342855,per_group
14063351,0.9269731158213469,0.0,0.0,0.0,0.0,0.0,0.0,0.004047393196995565,0.3715987249679379,per_group
14065315,0.7862111586668529,0.0,0.0,0.0,0.0,0.0,0.0,0.0011514522977045746,0.3147147539262821,per_group
14066623,0.8740168813100776,0.0,0.0,0.5,0.5,0.045454545454545456,0.0,0.023752415837075793,2.3907208720550823,per_group
14069593,0.8634924894627972,0.0,0.0,0.5,0.5,0.05263157894736842,0.0,0.014746288963365408,2.390451516735687,per_group
14070736,0.9005460260306636,0.0,0.0,0.5,0.5,0.05263157894736842,0.0,0.016449759966867587,2.405613625563534,per_group
14070830,0.676294218189476,0.0,0.0,0.2222222222222222,0.2222222222222222,0.1,0.0,0.061028429499173156,1.251612262064514,per_group
14073382,0.8836077931463368,0.0,0.0,1.0,1.0,0.0,0.0,0.0016353866622052335,4.353770194590976,per_group
14078385,0.9861794128305279,0.0,0.0,0.0,0.0,0.0,0.0,0.008588600312893465,0.39618948519478986,per_group
14086918,0.7572038668526166,0.0,0.0,0.42857142857142855,0.42857142857142855,0.045454545454545456,0.0,0.02934323851789456,2.0593995450939757,per_group
14087968,0.7343376233901409,0.0,0.0,0.25,0.25,0.0,0.0,0.010645593460548958,1.2958641680481662,per_group
14092350,0.9382235142793066,0.0,0.0,0.0,0.0,0.0,0.0,0.0018807861906060652,0.3756655629498439,per_group
14092673,0.8091633133086563,0.0,0.0,1.0,1.0,0.0,0.0,0.00023623509523351745,4.323712572342509,per_group
14095083,0.8443214316079675,0.0,0.0,0.0,0.0,0.0,0.0,0.0004181322913296974,0.33781219910145294,per_group
14097544,0.6908436387992074,0.0,0.0,0.0,0.0,0.15789473684210525,0.0,0.06829087509074762,0.4163114200115167,per_group
14098609,0.6660015646832105,0.0,0.0,0.0,0.0,0.0,0.0,0.057457919712322114,0.27789220981574864,per_group
14099733,0.9263303147360312,0.0,0.0,1.0,1.0,0.0,0.0,0.01739004930022679,4.374010135754458,per_group
14100597,0.8630184236221814,0.0,0.0,0.0,0.0,0.0,0.0,0.0005024573158693331,0.34530786091204646,per_group
14102919,0.8002274920068607,0.0,0.0,1.0,1.0,0.05263157894736842,0.0,0.01826360045511637,4.365848980051662,per_group
14103852,0.8630184236221814,0.0,0.0,0.0,0.0,0.0,0.0,0.0005024573158693331,0.34530786091204646,per_group
14108775,0.7149063289304337,0.0,0.0,0.0,0.0,0.0,0.0,0.004357072461068635,0.2868339460643872,per_group
14109605,0.7931421722376054,0.0,0.0,0.0,0.0,0.05263157894736842,0.0,0.014986148656423871,0.36235936178422173,per_group
14110253,0.8449864845774594,0.0,0.0,0.0,0.0,0.0,0.0,0.0014982043991397956,0.33829423471081177,per_group
14110743,0.8709819524172652,0.0,0.0,0.7142857142857143,0.7142857142857143,0.1,0.0,0.06550947982308285,3.29863753407438,per_group
14111623,0.8659480113554948,0.0,0.0,1.0,1.0,0.05263157894736842,0.0,0.014488728980741486,4.391382213496241,per_group
14115889,0.9466865667496352,0.0,0.0,1.0,1.0,0.0,0.0,0.002316544507415767,4.379137935601337,per_group
14116517,0.6521272311209392,0.0,0.0,0.14285714285714285,0.14285714285714285,0.2631578947368421,0.0,0.09666564629165907,1.0621389089247526,per_group
14120099,0.9245185342345759,0.0,0.0,0.0,0.0,0.10526315789473684,0.0,0.035494022210994756,0.46111674445181877,per_group
14125985,0.9391987428821209,0.0,0.0,1.0,1.0,0.0,0.0,0.001657760627981386,4.3760110492784445,per_group
14126174,0.7604526301557827,0.0,0.0,1.0,1.0,0.0,0.0,0.010669098918722527,4.306314871846058,per_group
14126360,0.8251515975960869,0.0,0.0,0.0,0.0,0.0,0.0,0.006091234291525851,0.33127888589674,per_group
14129238,0.8674268725791494,0.0,0.0,1.0,1.0,0.0,0.0,0.003725940285361638,4.347715937088732,per_group
14133057,0.8435868198777524,0.0,0.0,0.0,0.0,0.0,0.0,0.0054742313897241735,0.3385295742290458,per_group
14133447,0.917348347619546,0.0,0.0,0.3333333333333333,0.3333333333333333,0.0,0.0,0.007525321502125233,1.7017777366815767,per_group
14133954,0.7549048480804652,0.0,0.0,0.0,0.0,0.0,0.0,0.005609541247534289,0.303083847481693,per_group
14135487,0.9378078156242522,0.0,0.0,0.0,0.0,0.0,0.0,0.00793628930521377,0.37671038411074365,per_group
14138511,0.7502789580918758,0.0,0.0,0.5,0.5,0.045454545454545456,0.0,0.018337793780457096,2.3401427783564777,per_group
14139527,0.9405323747424787,0.0,0.0,0.5,0.5,0.0,0.0,0.006145471196882977,2.377442044136368,per_group
14139780,0.8427824519261867,0.0,0.0,0.5,0.5,0.045454545454545456,0.0,0.013016137639398156,2.376079844661991,per_group
14140382,0.7465540407061724,0.0,0.0,0.0,0.0,0.05263157894736842,0.0,0.028125195824854638,0.34635191860533465,per_group
14142706,0.9475075104012203,0.0,0.0,0.3333333333333333,0.3333333333333333,0.0,0.0,0.008726774953171874,1.7140816924844557,per_group
14146262,0.9659002933789519,0.0,0.0,0.0,0.0,0.0,0.0,0.00312582801008889,0.3869852829535985,per_group
14152810,0.9807561744831532,0.0,0.0,1.0,1.0,0.0,0.0,0.004336556609609247,4.393169781115183,per_group
14155050,0.8567808327428574,0.0,0.0,0.0,0.0,0.0,0.0,0.0003117758822340107,0.3427746882735898,per_group
14155739,0.8548640309067156,0.0,0.0,1.0,1.0,0.045454545454545456,0.0,0.01490725577490141,4.381290699881302,per_group
14160053,0.9589982231223071,0.0,0.0,0.0,0.0,0.0,0.0,0.0023355258058022285,0.3840663944100833,per_group
14160799,0.7711738343465336,0.0,0.0,0.0,0.0,0.0,0.0,0.0046029296675715895,0.30939011967212776,per_group
14160956,0.9902816979233323,0.0,0.0,0.0,0.0,0.0,0.0,0.008089998850035236,0.39773067893934,per_group
14161205,0.9987059201616326,0.0,0.0,0.0,0.0,0.0,0.0,0.060846206706196705,0.41165160940589246,per_group
14161889,0.9987789755016898,0.0,0.0,0.0,0.0,0.0,0.0,0.06942799385392612,0.41339718897146116,per_group
14163711,0.9239660397920411,0.0,0.0,0.3333333333333333,0.3333333333333333,0.0,0.0,0.006219219507248456,1.7041635931515995,per_group
14164472,0.8585103947950775,0.0,0.0,0.0,0.0,0.0,0.0,0.0077449576634975184,0.3449531494507305,per_group
14167991,0.8250161249807457,0.0,0.0,0.2,0.2,0.15789473684210525,0.0,0.04918816682754241,1.2661598728314911,per_group
14169105,0.9309935151956951,0.0,0.0,0.0,0.0,0.0,0.0,0.00126843067587793,0.3726510922134536,per_group
14170847,0.7764504137057574,0.0,0.0,0.5,0.5,0.0,0.0,0.0037492628309206875,2.311330018048487,per_group
14171337,0.8815483204302325,0.0,0.0,0.0,0.0,0.0,0.0,0.00108056467413694,0.3528354411069204,per_group
14172103,0.9217520897098976,0.0,0.0,0.4,0.4,0.0,0.0,0.011769983274423641,1.9710548325388437,per_group
14172656,0.9225740191701847,0.0,0.0,0.0,0.0,0.0,0.0,0.006424128868455777,0.37031443344176507,per_group
14177779,0.9060963599412042,0.0,0.0,0.3333333333333333,0.3333333333333333,0.0,0.0,0.0066644272433940875,1.6971047627584936,per_group
14180279,0.7975313999855654,0.0,0.0,0.3333333333333333,0.3333333333333333,0.2631578947368421,0.0,0.09752969778417257,1.8823781486738675,per_group
14180577,0.6718368059002896,0.0,0.0,0.2222222222222222,0.2222222222222222,0.0,0.0,0.018568933156614762,1.1613373978803279,per_group
14181437,0.952982043718847,0.0,0.0,0.0,0.0,0.0,0.0,0.0016510257446312828,0.38152302263646504,per_group
14181937,0.998875891752315,0.0,0.0,0.0,0.0,0.0,0.0,0.06942799385392612,0.4134359554717112,per_group
14186692,0.8835918491923606,0.0,0.0,0.0,0.0,0.0,0.0,0.0012629705996824636,0.3536893337968807,per_group
14188391,0.9476950813309931,0.0,0.0,0.0,0.0,0.0,0.0,0.001987711403841142,0.37947557481316546,per_group
14190794,0.9044446691144823,0.0,0.0,0.5,0.5,0.045454545454545456,0.0,0.014577616935242104,2.4010570273964777,per_group
14193124,0.9421541694222273,0.0,0.0,0.5,0.5,0.0,0.0,0.004739073072083924,2.3778094823833076,per_group
14195918,0.8255475447857679,0.0,0.0,0.0,0.0,0.0,0.0,0.00011423671326272451,0.33024186525695975,per_group
14198539,0.8152770547566713,0.0,0.0,0.0,0.0,0.0,0.0,0.005019802465420597,0.32711478239575265,per_group
14200945,0.8826341750868478,0.0,0.0,0.0,0.0,0.05263157894736842,0.0,0.019640949971078566,0.39908712318684963,per_group
14202860,0.7743687103608742,0.0,0.0,0.5,0.5,0.0,0.0,0.0029963108693781557,2.3103467463182255,per_group
14203889,0.9247830202941377,0.0,0.0,0.0,0.0,0.0,0.0,0.001484171086334715,0.37021004233492205,per_group
14204673,0.8536793257468442,0.0,0.0,0.0,0.0,0.0,0.0,0.0003817341448238127,0.34154807712770247,per_group
14204887,0.8624842468465391,0.0,0.0,1.0,1.0,0.05263157894736842,0.0,0.014532305195647804,4.390005422935641,per_group
14206313,0.8221192887201557,0.0,0.0,0.0,0.0,0.10526315789473684,0.0,0.03532662744522587,0.4201235672928969,per_group
14206767,0.8044181342385057,0.0,0.0,0.0,0.0,0.0,0.0,0.012517181960588885,0.3242706900875201,per_group
14207225,0.9334215837418447,0.0,0.0,0.0,0.0,0.0,0.0,0.013681995428090572,0.376105032582356,per_group
14207256,0.9569904192474596,0.0,0.0,0.0,0.0,0.0,0.0,0.0020349395074901844,0.3832031556004819,per_group
14209248,0.9619891930248159,0.0,0.0,0.5,0.5,0.0,0.0,0.006014544721403636,2.3859985861542072,per_group
14212820,0.8742761946330475,0.0,0.0,1.0,1.0,0.0,0.0,0.0009505351096517751,4.34990058487515,per_group
14213287,0.7754851270955804,0.0,0.0,0.2,0.2,0.0,0.0,0.011096204374017567,1.1124132917130356,per_group
14213837,0.9472447283729868,0.0,0.0,0.0,0.0,0.0,0.0,0.0024247508137901484,0.37938284151195273,per_group
14215410,0.9507996054398323,0.0,0.0,1.0,1.0,0.0,0.0,0.005167451608858332,4.381353332497704,per_group
14218593,0.9284410835559634,0.0,0.0,0.0,0.0,0.0,0.0,0.005464238112852146,0.37246928104495586,per_group
14219559,0.7645672921376692,0.0,0.0,0.0,0.0,0.0,0.0,0.0033230922872511956,0.30649153531251794,per_group
14219598,0.835072085539551,0.0,0.0,0.5,0.5,0.10526315789473684,0.0,0.0324049073619126,2.4247203420039924,per_group
14220008,0.9704635447951506,0.0,0.0,0.0,0.0,0.0,0.0,0.0037335824444803697,0.38893213440695634,per_group
14220561,0.9435586323949393,0.0,0.0,1.0,1.0,0.0,0.0,0.014297236122248523,4.380282900182425,per_group
14237254,0.6573072684326673,0.0,0.0,0.45454545454545453,0.45454545454545453,0.09090909090909091,0.0,0.04311375002973024,2.162454748288104,per_group
14237896,0.8316227861743414,0.0,0.0,0.14285714285714285,0.14285714285714285,0.05263157894736842,0.0,0.03811044100444693,0.9538050372570921,per_group
14238479,0.9163012022319224,0.0,0.0,0.0,0.0,0.05263157894736842,0.0,0.019330125536079136,0.41249176915787955,per_group
14239038,0.9987467571986357,0.0,0.0,0.0,0.0,0.0,0.0,0.06942799385392612,0.41338430165023954,per_group
14242280,0.9264069748985392,0.0,0.0,0.0,0.0,0.0,0.0,0.007548772411551007,0.37207254444172594,per_group
14245571,0.8931997302514157,0.0,0.0,0.5,0.5,0.05263157894736842,0.0,0.014747556708831424,2.4023346666002277,per_group
14249581,0.920536166141246,0.0,0.0,0.3333333333333333,0.3333333333333333,0.0,0.0,0.005703998525582855,1.702688599494948,per_group
14251709,0.9003456387455623,0.0,0.0,0.5,0.5,0.05263157894736842,0.0,0.01622969633971284,2.4054894579240624,per_group
14253587,0.8444253222760936,0.0,0.0,0.0,0.0,0.0,0.0,0.00034667099219029465,0.3378394631088755,per_group
14254414,0.8954009030383586,0.0,0.0,0.5,0.5,0.045454545454545456,0.0,0.014130648290654819,2.397350127237111,per_group
14255057,0.7652317878655903,0.0,0.0,0.75,0.75,0.15789473684210525,0.0,0.05673575616126604,3.4437556558521734,per_group
14255702,0.8784474678502406,0.0,0.0,1.0,1.0,0.05263157894736842,0.0,0.014943103490958688,4.396472870996183,per_group
14258044,0.7285970010612418,0.0,0.0,0.0,0.0,0.10526315789473684,0.0,0.043961693805778905,0.38444166550144193,per_group
14259990,0.8368588282540055,0.0,0.0,0.0,0.0,0.05263157894736842,0.0,0.028565993865850205,0.38256199323266704,per_group
14261400,0.9071927085884777,0.0,0.0,0.5,0.5,0.05263157894736842,0.0,0.015339490290366478,2.4080502446513594,per_group
14262680,0.8690996959124223,0.0,0.0,0.16666666666666666,0.16666666666666666,0.05263157894736842,0.0,0.02686805207592074,1.0617854186047144,per_group
14262785,0.7855957526394468,0.0,0.0,0.16666666666666666,0.16666666666666666,0.15789473684210525,0.0,0.0481912071153803,1.1168589986192057,per_group
14265113,0.852778883297022,1.0,1.0,0.0,0.0,0.05263157894736842,0.0,0.015649577232985035,4.886346731923301,per_group
14268141,0.900743838146226,0.0,0.0,0.0,0.0,0.0,0.0,0.0008423354523064037,0.3604660023489517,per_group
14268164,0.7363628794971256,0.0,0.0,0.3333333333333333,0.3333333333333333,0.05263157894736842,0.0,0.027774123082493992,1.6755385729065768,per_group
14268324,0.913796699176964,0.0,0.0,1.0,1.0,0.05,0.0,0.0218563750560955,4.409889954682004,per_group
14269768,0.8128669334391051,0.0,0.0,1.0,1.0,0.09090909090909091,0.0,0.028237626428363586,4.403521571388587,per_group
14270650,0.8411032855797747,0.0,0.0,0.5,0.5,0.15789473684210525,0.0,0.07118104354710329,2.476993312415015,per_group
14277183,0.8310925732144497,0.0,0.0,0.0,0.0,0.05263157894736842,0.0,0.019021711864093273,0.37834663481649333,per_group
14278838,0.936650417148569,0.0,0.0,1.0,1.0,0.0,0.0,0.002967316825353588,4.375253630224499,per_group
14279461,0.9311880618607736,0.0,0.0,1.0,1.0,0.0,0.0,0.0021738367552243633,4.372909992095355,per_group
14282136,0.8973512605021448,0.0,0.0,0.0,0.0,0.0,0.0,0.0009587800847492465,0.3591322602178078,per_group
14291706,0.7899274427709789,0.0,0.0,0.0,0.0,0.0,0.0,0.0038148450996534785,0.3167339461283223,per_group
14294948,0.9094735099023683,0.0,0.0,1.0,1.0,0.05263157894736842,0.0,0.02368138697595584,4.4106309445140335,per_group
14299765,0.7635370236370703,0.0,0.0,0.7777777777777778,0.7777777777777778,0.18181818181818182,0.0,0.060613413441055315,3.5741031487086956,per_group
14300586,0.957995005173883,0.0,0.0,0.0,0.0,0.0,0.0,0.001627245098357796,0.3835234510892248,per_group
14301374,0.9478739876226643,0.0,0.0,0.0,0.0,0.0,0.0,0.011705838254228695,0.3814907626999115,per_group
14301386,0.4602686695627097,0.0,0.0,0.125,0.125,0.42105263157894735,0.0,0.18697204887866822,1.0583439828639756,per_group
14301443,0.8475973467124295,0.0,0.0,0.0,0.0,0.0,0.0,0.001170782822238318,0.33927309524941945,per_group
14301804,0.8264642503063778,0.0,0.0,0.0,0.0,0.0,0.0,0.003236352115350875,0.33123297054562134,per_group
14302121,0.8699173752082605,0.0,0.0,0.0,0.0,0.0,0.0,0.0007281588017025469,0.34811258184364474,per_group
14305154,0.9078711935212201,1.0,1.0,0.5,0.5,0.05263157894736842,0.0,0.017777504986827102,6.908809241563749,per_group
14306885,0.781352632007862,0.0,0.0,0.75,0.75,0.045454545454545456,0.0,0.018385436004323838,3.352581776367646,per_group
14307465,0.8535299829114129,0.0,0.0,1.0,1.0,0.05263157894736842,0.0,0.017500920948319874,4.387017440512124,per_group
1431301,0.901863675631873,0.0,0.0,0.5,0.5,0.045454545454545456,0.0,0.01985846784399033,2.4010808001851833,per_group
14315043,0.8813282156753952,0.0,0.0,0.0,0.0,0.0,0.0,0.0009350028038813487,0.35271828683093437,per_group
14315063,0.9800141900153854,0.0,0.0,0.0,0.0,0.0,0.0,0.026769972310968695,0.3973596704683479,per_group
1431551,0.9444431096435119,0.0,0.0,1.0,1.0,0.0,0.0,0.0022218773935023493,4.378221619336105,per_group
14316661,0.8671653186433198,0.0,0.0,0.0,0.0,0.05263157894736842,0.0,0.017621315082803114,0.3924956536317833,per_group
14319626,0.7649763616434158,0.0,0.0,0.7692307692307693,0.7692307692307693,0.15789473684210525,0.0,0.07315568087495468,3.5238605472291185,per_group
14326094,0.8601142069842745,0.0,0.0,0.5,0.5,0.05263157894736842,0.0,0.014677265810543842,2.3890863991137135,per_group
14326743,0.9988262241259628,0.0,0.0,0.0,0.0,0.0,0.0,0.06942799385392612,0.41341608842117034,per_group
14328764,0.805134320333209,0.0,0.0,0.3333333333333333,0.3333333333333333,0.15789473684210525,0.0,0.04785419953625076,1.791273690847551,per_group
14333927,0.8390855935021282,0.0,0.0,1.0,1.0,0.05263157894736842,0.0,0.01989586281934362,4.381718673122616,per_group
14334937,0.856363128345192,0.0,0.0,1.0,1.0,0.0,0.0,0.0009342697682846157,4.342732105291734,per_group
14334981,0.8992108613321996,0.0,0.0,0.5,0.5,0.045454545454545456,0.0,0.014686445765642746,2.398985270049645,per_group
14338426,0.8943316404979015,0.0,0.0,1.0,1.0,0.0,0.0,0.0004941763549801056,4.357831491470156,per_group
14340048,0.8773601598801232,0.0,0.0,0.0,0.0,0.0,0.0,0.0015246553292933116,0.35124899501790796,per_group
14342597,0.6918365602470169,0.0,0.0,0.125,0.125,0.15,0.0,0.07442236143768721,0.9116190963863442,per_group
14344131,0.8493806623771198,0.0,0.0,0.0,0.0,0.0,0.0,0.001983915559568381,0.34014904806276164,per_group
14344614,0.9007524042308572,0.0,0.0,0.0,0.0,0.09090909090909091,0.0,0.026518840077330578,0.4383320024350818,per_group
14347788,0.9097307973856947,0.0,0.0,0.5,0.5,0.05263157894736842,0.0,0.015872564689078626,2.4091720950499886,per_group
14349955,0.887799319264556,0.0,0.0,0.0,0.0,0.0,0.0,0.0039068062693933606,0.35590108895970113,per_group
14350969,0.9100866467209728,0.0,0.0,1.0,1.0,0.10526315789473684,0.0,0.03317139536583879,4.454879464077347,per_group
14353449,0.8966643550888908,0.0,0.0,0.5,0.5,0.0,0.0,0.008583403754398157,2.360382422786436,per_group
14354411,0.8418307582261199,0.0,0.0,0.0,0.0,0.0,0.0,0.004913832463857937,0.3377150697832195,per_group
14356416,0.8179138583862088,0.0,0.0,0.0,0.0,0.15789473684210525,0.0,0.050141346598377386,0.46350960214784326,per_group
14361342,0.8403067168002599,0.0,0.0,0.0,0.0,0.0,0.0,0.00011308957104332728,0.33614530463431264,per_group
14361793,0.8701412245120929,0.0,0.0,0.6666666666666666,0.6666666666666666,0.045454545454545456,0.0,0.01714287902950875,3.0545153686410416,per_group
14365965,0.8751592653121195,0.0,0.0,0.5,0.5,0.05263157894736842,0.0,0.01487095520686264,2.3951431603241153,per_group
14366450,0.7737608744793129,0.0,0.0,0.4,0.4,0.0,0.0,0.011079380186271357,1.9117202258289796,per_group
14366549,0.8652314683065981,0.0,0.0,0.75,0.75,0.15789473684210525,0.0,0.05498918254954807,3.4834062133062327,per_group
14368074,0.5901701281617318,0.0,0.0,0.36363636363636365,0.36363636363636365,0.45454545454545453,0.0,0.18746914835094639,2.0917436991167,per_group
14372426,0.8630184236221814,0.0,0.0,0.0,0.0,0.0,0.0,0.0005024573158693331,0.34530786091204646,per_group
14372710,0.9398768659324096,0.0,0.0,0.5,0.5,0.0,0.0,0.004647743903141556,2.376880295153592,per_group
14373362,0.798781130612633,0.0,0.0,0.0,0.0,0.0,0.0,0.012648454303328826,0.322042143105719,per_group
14376745,0.9528135749951752,0.0,0.0,0.0,0.0,0.0,0.0,0.006144934548875168,0.3823544169078451,per_group
14380723,0.9989188204606702,0.0,0.0,0.0,0.0,0.0,0.0,0.060846206706196705,0.4117367695255075,per_group
14385076,0.943314743442233,0.0,0.0,0.5,0.5,0.0,0.0,0.005679769877252222,2.3784618513523434,per_group
14387400,0.8313166214632342,0.0,0.0,0.0,0.0,0.0,0.0,3.8854436686562607e-05,0.332534419472631,per_group
14389149,0.837321083934583,0.0,0.0,0.0,0.0,0.0,0.0,0.007554339761896021,0.33643930152621243,per_group
14390067,0.823801749816653,0.0,0.0,0.2,0.2,0.10526315789473684,0.0,0.03531492561295664,1.2207942113650423,per_group
14400049,0.8220517733841287,0.0,0.0,0.0,0.0,0.0,0.0,0.005051949396506128,0.32983109923295273,per_group
14402868,0.7263679751032269,0.0,0.0,0.0,0.0,0.0,0.0,0.008669382479939007,0.29228106653727853,per_group
14405372,0.9774380940291456,0.0,0.0,0.0,0.0,0.0,0.0,0.004047547761492143,0.39178474716395667,per_group
14405379,0.822799473434772,0.0,0.0,0.0,0.0,0.0,0.0,0.005236944778379435,0.33016717832958475,per_group
14410711,0.7907958521497792,0.0,0.0,0.3333333333333333,0.3333333333333333,0.045454545454545456,0.0,0.015856349782142336,1.6891865805133097,per_group
14418930,0.7751304846054325,0.0,0.0,0.0,0.0,0.0,0.0,0.0014088424888088235,0.3103339623399348,per_group
14420451,0.7911340472833712,0.0,0.0,0.6,0.6,0.09090909090909091,0.0,0.031213324298326697,2.7954235565002867,per_group
14420936,0.8619559159065301,0.0,0.0,0.0,0.0,0.0,0.0,0.0009113539897843887,0.3449646371605689,per_group
14421893,0.9203220617511038,0.0,0.0,1.0,1.0,0.0,0.0,0.005948245295993689,4.36931847375964,per_group
14426940,0.7932817618163779,0.0,0.0,0.0,0.0,0.0,0.0,0.006295427218628282,0.3185717901702768,per_group
14426992,0.9149998747260759,0.0,0.0,0.0,0.0,0.05263157894736842,0.0,0.016228604173552413,0.4113509338830356,per_group
14430556,0.8241403803615497,0.0,0.0,0.7857142857142857,0.7857142857142857,0.2631578947368421,0.0,0.10306200357257078,3.7036520115057505,per_group
14431629,0.8536793257468442,0.0,0.0,0.0,0.0,0.0,0.0,0.0003817341448238127,0.34154807712770247,per_group
14434688,0.8006571458710989,0.0,0.0,0.4,0.4,0.10526315789473684,0.0,0.03557547987316251,2.0115884806388613,per_group
14437066,0.8815483204302325,0.0,0.0,0.0,0.0,0.0,0.0,0.00108056467413694,0.3528354411069204,per_group
14437161,0.8909340044568301,0.0,0.0,0.2,0.2,0.0,0.0,0.013263157963255978,1.1590262333753834,per_group
14439519,0.7355407290004103,0.0,0.0,0.14285714285714285,0.14285714285714285,0.05263157894736842,0.0,0.027571835201193877,0.9132644932268691,per_group
14441617,0.8080302557094058,0.0,0.0,0.25,0.25,0.05263157894736842,0.0,0.02192790961148446,1.369702947363954,per_group
14442244,0.7962406649098116,0.0,0.0,0.3333333333333333,0.3333333333333333,0.045454545454545456,0.0,0.016132236910295715,1.6914196830429533,per_group
14442703,0.9335672295517006,0.0,0.0,0.0,0.0,0.0,0.0,0.001177443506287374,0.37366238052193773,per_group
14444798,0.9000739116152181,0.0,0.0,0.5,0.5,0.0,0.0,0.011683607877312149,2.3623662862215498,per_group
14444930,0.7770143109484076,0.0,0.0,1.0,1.0,0.0,0.0,0.005694985127611658,4.311944721404886,per_group
14447648,0.6933963032259922,0.0,0.0,0.1111111111111111,0.1111111111111111,0.05263157894736842,0.0,0.037056661547959495,0.7713195612023279,per_group
14450630,0.8067777374400653,0.0,0.0,0.0,0.0,0.0,0.0,0.0009427439059002592,0.3228996437572062,per_group
14451294,0.5839732530483294,0.0,0.0,0.38461538461538464,0.38461538461538464,0.2631578947368421,0.0,0.13036486155762264,2.0086501277818685,per_group
14451981,0.8046212241767863,0.0,0.0,0.0,0.0,0.0,0.0,0.006048675934629543,0.32305822485764046,per_group
14454433,0.8735391862103904,0.0,0.0,0.0,0.0,0.0,0.0,0.0048641762259722015,0.3503885097293506,per_group
14455718,0.9184986037481754,0.0,0.0,0.2,0.2,0.05263157894736842,0.0,0.02680605655845138,1.214865915968855,per_group
14456344,0.8536793257468442,0.0,0.0,0.0,0.0,0.0,0.0,0.0003817341448238127,0.34154807712770247,per_group
14456828,0.8771798077963521,0.0,0.0,0.6666666666666666,0.6666666666666666,0.13636363636363635,0.0,0.04889799104579251,3.136409097085275,per_group
14457848,0.8379752905878431,0.0,0.0,0.0,0.0,0.0,0.0,0.0029652834403609833,0.33578317292320947,per_group
14459159,0.8630184236221814,0.0,0.0,0.0,0.0,0.0,0.0,0.0005024573158693331,0.34530786091204646,per_group
14459303,0.8348881181473506,0.0,0.0,0.75,0.75,0.05263157894736842,0.0,0.021170673599502723,3.3802946451367357,per_group
14460783,0.8664775953960931,0.0,0.0,1.0,1.0,0.05263157894736842,0.0,0.03283509741726186,4.395263320799785,per_group
14461330,0.9148807200167232,0.0,0.0,0.3333333333333333,0.3333333333333333,0.0,0.0,0.008146486480392852,1.700914918636101,per_group
14461792,0.9582046796762759,0.0,0.0,0.0,0.0,0.0,0.0,0.00992317933343361,0.3852665077371971,per_group
14462500,0.8245144726562913,0.0,0.0,0.5,0.5,0.045454545454545456,0.0,0.013251675891539881,2.3688197606044605,per_group
14463102,0.9459157794116912,0.0,0.0,1.0,1.0,0.0,0.0,0.0016618324651299233,4.378698678257702,per_group
14463675,0.7776279571147753,0.0,0.0,0.0,0.0,0.05263157894736842,0.0,0.024024239865866145,0.3579612939769781,per_group
14464020,0.9391987428821209,0.0,0.0,1.0,1.0,0.0,0.0,0.001657760627981386,4.3760110492784445,per_group
14465317,0.8891729979858605,0.0,0.0,0.0,0.0,0.05263157894736842,0.0,0.01578482615787903,0.4009314275838148,per_group
14467222,0.8536793257468442,0.0,0.0,0.0,0.0,0.0,0.0,0.0003817341448238127,0.34154807712770247,per_group
14475952,0.7995740315753646,0.0,0.0,1.0,1.0,0.0,0.0,0.00013200391699558014,4.3198560134135455,per_group
14476022,0.8756848293685865,0.0,0.0,0.0,0.0,0.0,0.0,0.004027737305652987,0.3510794792085652,per_group
14479538,0.8701990463563393,0.0,0.0,1.0,1.0,0.0,0.0,0.006065634030971702,4.34929274534873,per_group
14479592,0.8400923403103373,0.0,0.0,0.5,0.5,0.05263157894736842,0.0,0.01440387035405568,2.381022973352841,per_group
14483590,0.860041771191729,0.0,0.0,0.5,0.5,0.0,0.0,0.0028417771988162007,2.3445850639164547,per_group
14484634,0.9258520433492089,0.0,0.0,0.5,0.5,0.0,0.0,0.0031325934419050338,2.3709673360280648,per_group
14499717,0.9774380940291456,0.0,0.0,0.0,0.0,0.0,0.0,0.004047547761492143,0.39178474716395667,per_group
14501275,0.7927405994784315,0.0,0.0,0.75,0.75,0.09090909090909091,0.0,0.027550597350486653,3.395333631988743,per_group
14505596,0.644540944085156,0.0,0.0,0.375,0.375,0.05,0.0,0.04269106128034726,1.806354589890132,per_group
14506615,0.7250433667965568,0.0,0.0,0.125,0.125,0.1,0.0,0.09568253920846811,0.8891538545603164,per_group
14508359,0.8467021970938557,0.0,0.0,0.0,0.0,0.0,0.0,0.008261859646850823,0.3403332507669125,per_group
14512268,0.887232770921822,0.0,0.0,0.5,0.5,0.045454545454545456,0.0,0.013571773172171035,2.3939710993667993,per_group
14513507,0.8728885267069219,0.0,0.0,0.0,0.0,0.0,0.0,0.0010106872023169452,0.34935754812323216,per_group
14514220,0.4465305706079275,0.0,0.0,0.3142857142857143,0.3142857142857143,0.22727272727272727,0.0,0.1428849313624972,1.6461502534767094,per_group
14514703,0.9375436784356953,0.0,0.0,0.0,0.0,0.045454545454545456,0.0,0.02212723780879884,0.4158065552996743,per_group
14516061,0.9702905786826228,0.0,0.0,1.0,1.0,0.0,0.0,0.0037639663336931336,4.388869024739788,per_group
14519514,0.8821729902688508,0.0,0.0,0.0,0.0,0.0,0.0,0.0038448322063453907,0.35363816254880936,per_group
14519891,0.6194285272148167,0.0,0.0,0.43478260869565216,0.43478260869565216,0.3157894736842105,0.0,0.14722880956911208,2.2689791865297257,per_group
14521343,0.6797582733398154,0.0,0.0,0.15384615384615385,0.15384615384615385,0.15789473684210525,0.0,0.06558315016559062,1.0267203442273438,per_group
14521383,0.7449825753660336,0.0,0.0,0.1111111111111111,0.1111111111111111,0.05263157894736842,0.0,0.03177846322511905,0.7908984303937765,per_group
14521896,0.8624452538503544,0.0,0.0,0.0,0.0,0.0,0.0,0.0013658711025029066,0.3452512757606424,per_group
14527485,0.7599482562743463,0.0,0.0,0.8,0.8,0.045454545454545456,0.0,0.021949512699637987,3.5447328414133024,per_group
14537873,0.9486482850101778,0.0,0.0,1.0,1.0,0.0,0.0,0.005602909186528601,4.380579895841377,per_group
14549852,0.8369345875321204,0.0,0.0,0.8571428571428571,0.8571428571428571,0.2631578947368421,0.0,0.10008276454703642,3.993888132283157,per_group
14551274,0.8630184236221814,0.0,0.0,0.0,0.0,0.0,0.0,0.0005024573158693331,0.34530786091204646,per_group
14552124,0.8017641368598187,0.0,0.0,0.5,0.5,0.045454545454545456,0.0,0.018024034625429276,2.36067409803265,per_group
14553715,0.9409076610834838,0.0,0.0,1.0,1.0,0.0,0.0,0.0024085040893314234,4.37684476525126,per_group
14554753,0.9181988047201854,0.0,0.0,0.0,0.0,0.05263157894736842,0.0,0.01756904904077046,0.41289859485412306,per_group
14555289,0.9439841472903148,0.0,0.0,1.0,1.0,0.0,0.0,0.008861469015408928,4.379365952719208,per_group
14558773,0.8785669285203307,0.0,0.0,0.3333333333333333,0.3333333333333333,0.10526315789473684,0.0,0.028685442578776765,1.7747077195730103,per_group
14560510,0.6858511074707827,0.0,0.0,0.13333333333333333,0.13333333333333333,0.15789473684210525,0.0,0.07718337581406075,0.9494262409581427,per_group
14564657,0.9589938372548643,0.0,0.0,0.0,0.0,0.0,0.0,0.0019420204759156333,0.3839859389971289,per_group
14574911,0.8775836132052518,0.0,0.0,0.0,0.0,0.0,0.0,0.0009705879280453106,0.3512275628677098,per_group
14578032,0.8774237694351723,0.0,0.0,0.3333333333333333,0.3333333333333333,0.13636363636363635,0.0,0.04414444152975786,1.8022226385042628,per_group
1458001,0.7908876325536649,0.0,0.0,0.4,0.4,0.15789473684210525,0.0,0.04625780862830856,2.051922404220812,per_group
14581841,0.8818147388054405,0.0,0.0,0.25,0.25,0.045454545454545456,0.0,0.020411980619415886,1.3931719280096957,per_group
14590651,0.7815180949089527,0.0,0.0,0.0,0.0,0.0,0.0,0.030346484822195006,0.3186765349280201,per_group
14599976,0.751788230023594,1.0,1.0,0.1111111111111111,0.1111111111111111,0.21052631578947367,0.0,0.0721672532939654,5.428014239744254,per_group
14605765,0.999313537778451,0.0,0.0,0.0,0.0,0.0,0.0,0.04619146214519652,0.4089637075404197,per_group
14625006,0.9396240283069435,0.0,0.0,0.5,0.5,0.05263157894736842,0.0,0.058703734638414266,2.429695621408355,per_group
14642711,0.7820529482733599,0.0,0.0,0.4,0.4,0.10526315789473684,0.0,0.037480917973911065,2.004527889219916,per_group
14647281,0.8190165461464511,0.0,0.0,0.25,0.25,0.045454545454545456,0.0,0.018576929576447045,1.3676856407375062,per_group
14662013,0.8262101537558091,0.0,0.0,0.0,0.0,0.0,0.0,8.265759760006178e-05,0.3305005930218437,per_group
14680965,0.9986258729612264,0.0,0.0,0.0,0.0,0.0,0.0,0.06942799385392612,0.4133359479552758,per_group
14682248,0.9244289387320083,0.0,0.0,0.0,0.0,0.0,0.0,0.0023837215308071943,0.3702483197989648,per_group
14685548,0.8630184236221814,0.0,0.0,0.0,0.0,0.0,0.0,0.0005024573158693331,0.34530786091204646,per_group
14687072,0.8176923768080537,0.0,0.0,0.0,0.0,0.0,0.0,0.00331181663128993,0.3277393140494795,per_group
14690122,0.9013753581057957,0.0,0.0,0.5714285714285714,0.5714285714285714,0.0,0.0,0.018946567943534266,2.650053742545311,per_group
14690638,0.859700140119819,0.0,0.0,0.75,0.75,0.05263157894736842,0.0,0.023137758172455412,3.3906128708403136,per_group
14694370,0.9881365882753932,0.0,0.0,0.0,0.0,0.0,0.0,0.005398665581229011,0.3963343684264031,per_group
14694965,0.8136001072635489,0.0,0.0,0.0,0.0,0.0,0.0,0.0012573156464456329,0.32569150603470876,per_group
14695367,0.9537537413473879,1.0,1.0,0.0,0.0,0.0,0.0,0.001978742156973958,4.88189724497035,per_group
14696659,0.8373662981324259,0.0,0.0,0.0,0.0,0.0,0.0,0.003042253169725916,0.3355549698869155,per_group
14696934,0.6084105071132642,0.0,0.0,0.1,0.1,0.2631578947368421,0.0,0.10740641506356105,0.8753718016474916,per_group
14700957,0.9152707179698458,0.0,0.0,0.0,0.0,0.05263157894736842,0.0,0.03337379918358419,0.41488831018254996,per_group
14702781,0.948179290624821,0.0,0.0,1.0,1.0,0.0,0.0,0.001736200441264758,4.379618956338181,per_group
14707837,0.8535855657786859,0.0,0.0,0.0,0.0,0.0,0.0,0.0001600891174277269,0.34146624413495996,per_group
14710900,0.9879567904569079,0.0,0.0,0.0,0.0,0.0,0.0,0.012487018057483161,0.3976801197942598,per_group
14711966,0.8577446686431693,0.0,0.0,0.25,0.25,0.045454545454545456,0.0,0.021952558234622725,1.3838520154678287,per_group
14715516,0.9431828148720988,0.0,0.0,0.0,0.0,0.0,0.0,0.00954880033587624,0.3791828860160148,per_group
14716327,0.9456901801119469,0.0,0.0,0.0,0.0,0.0,0.0,0.013191542269094903,0.38091438049859777,per_group
14719154,0.8630184236221814,0.0,0.0,0.0,0.0,0.0,0.0,0.0005024573158693331,0.34530786091204646,per_group
14719235,0.8241092722090726,0.0,0.0,1.0,1.0,0.0,0.0,0.0004288636716624835,4.329729481617962,per_group
14720172,0.8012828729400916,0.0,0.0,0.6,0.6,0.13636363636363635,0.0,0.04061684860317826,2.837727427987581,per_group
14720695,0.8630184236221814,0.0,0.0,0.0,0.0,0.0,0.0,0.0005024573158693331,0.34530786091204646,per_group
14721480,0.9100184174765589,0.0,0.0,0.0,0.0,0.0,0.0,0.0006209549334366873,0.3641315579773109,per_group
14721642,0.8386822352634776,0.0,0.0,0.0,0.0,0.0,0.0,0.0073949483161073115,0.3369518837686125,per_group
14726448,0.955130857877532,0.0,0.0,0.5,0.5,0.0,0.0,0.0071973863620202385,2.383491820423417,per_group
14727321,0.9098000040046861,0.0,0.0,1.0,1.0,0.0,0.0,0.0010575067627750267,4.36413150295443,per_group
14727766,0.8368911411074262,0.0,0.0,0.0,0.0,0.0,0.0,0.007290968102857409,0.336214650063542,per_group
14728116,0.889944155026362,0.0,0.0,0.5,0.5,0.05263157894736842,0.0,0.016123358759356644,2.401307596920311,per_group
14730488,0.9363747239270565,0.0,0.0,0.0,0.0,0.0,0.0,0.0021949901456143972,0.3749888875999455,per_group
14731797,0.9013532354447084,0.0,0.0,0.0,0.0,0.05263157894736842,0.0,0.016460351165446713,0.4059386275688675,per_group
14731904,0.7256490693575256,0.0,0.0,0.0,0.0,0.0,0.0,0.0041040655559096625,0.29108044085419216,per_group
14735417,0.9496297475630142,0.0,0.0,0.0,0.0,0.0,0.0,0.0020374269637256624,0.3802593844179509,per_group
14737175,0.916455519269433,0.0,0.0,0.0,0.0,0.0,0.0,0.004941282961676194,0.3675704643001085,per_group
14737298,0.9534152000410395,0.0,0.0,1.0,1.0,0.0,0.0,0.007020930651271647,4.38277026614667,per_group
14739557,0.8630184236221814,0.0,0.0,0.0,0.0,0.0,0.0,0.0005024573158693331,0.34530786091204646,per_group
14742505,0.827672782062569,0.0,0.0,0.75,0.75,0.05263157894736842,0.0,0.02048858404822477,3.3772720927925675,per_group
14745620,0.9050755000647601,0.0,0.0,0.5,0.5,0.045454545454545456,0.0,0.018514177406652454,2.4020966718708707,per_group
14746865,0.8221028518294361,0.0,0.0,0.0,0.0,0.05263157894736842,0.0,0.01989300446191619,0.37492500478205243,per_group
14747961,0.9437321163824332,0.0,0.0,1.0,1.0,0.0,0.0,0.0022624262266944463,4.377945331798313,per_group
14749267,0.8057724258695748,0.0,0.0,1.0,1.0,0.0,0.0,4.808514480886007e-05,4.322318587376792,per_group
14752933,0.9502971096532173,0.0,0.0,0.0,0.0,0.0,0.0,0.0013673438619849815,0.38039231263368395,per_group
14754547,0.9437444355515634,0.0,0.0,1.0,1.0,0.0,0.0,0.0022624262266944463,4.3779502594659645,per_group
147563,0.9301911822863419,0.0,0.0,1.0,1.0,0.05263157894736842,0.0,0.0198425068198204,4.418150237436396,per_group
14759197,0.8238593554243558,0.0,0.0,0.0,0.0,0.0,0.0,0.002722680442921978,0.33008827825832676,per_group
14763573,0.9987467571986357,0.0,0.0,0.0,0.0,0.0,0.0,0.06942799385392612,0.41338430165023954,per_group
14767753,0.8736442242312813,0.0,0.0,1.0,1.0,0.05263157894736842,0.0,0.015428569829765875,4.3946486668163605,per_group
14770241,0.8759029475224946,0.0,0.0,1.0,1.0,0.0,0.0,0.003610672918245042,4.351083313592647,per_group
14771089,0.9897335542173283,0.0,0.0,0.0,0.0,0.0,0.0,0.007361163445384222,0.39736565437600824,per_group
14772707,0.934345270708791,0.0,0.0,0.3333333333333333,0.3333333333333333,0.05263157894736842,0.0,0.018921886409068157,1.752961082056558,per_group
14773226,0.8136001072635489,0.0,0.0,0.0,0.0,0.0,0.0,0.0012573156464456329,0.32569150603470876,per_group
1477511,0.8461366796644454,0.0,0.0,0.0,0.0,0.0,0.0,0.0003162328243202867,0.3385179184306422,per_group
14778372,0.8079485471947326,0.0,0.0,0.0,0.0,0.05263157894736842,0.0,0.0197945280024228,0.3692435876362724,per_group
14778534,0.8101412148184672,0.0,0.0,0.0,0.0,0.0,0.0,0.00026025292693973763,0.3241085365127748,per_group
14778685,0.8496507917125027,0.0,0.0,0.0,0.0,0.0,0.0,0.00840592076087305,0.3415415008371757,per_group
14783101,0.9377215644425213,0.0,0.0,0.0,0.0,0.0,0.0,0.014381609598741914,0.3779649476967569,per_group
14785887,0.6116428463201031,0.0,0.0,0.08,0.08,0.3157894736842105,0.0,0.13834071195132155,0.8449568598656739,per_group
14786640,0.9663250943659404,0.0,0.0,0.0,0.0,0.0,0.0,0.002979813852771937,0.3871260005169306,per_group
14788470,0.9606250883249157,0.0,0.0,0.0,0.0,0.0,0.0,0.007477927568509841,0.38574562084366826,per_group
14788631,0.9483485716819895,0.0,0.0,0.0,0.0,0.0,0.0,0.004305593413407571,0.3802005473554773,per_group
14790224,0.8753790811040383,0.0,0.0,0.5,0.5,0.05263157894736842,0.0,0.015327382129932572,2.395322372025497,per_group
14792975,0.7921894954908016,0.0,0.0,0.0,0.0,0.05263157894736842,0.0,0.0277948763287776,0.3645400366199709,per_group
14793446,0.8209557710297268,0.0,0.0,0.3333333333333333,0.3333333333333333,0.05263157894736842,0.0,0.017850567118521104,1.707391018326823,per_group
14794913,0.961693808580298,0.0,0.0,0.0,0.0,0.0,0.0,0.002105498277284558,0.3850986230875761,per_group
14795369,0.8232439493969497,0.0,0.0,0.6666666666666666,0.6666666666666666,0.05263157894736842,0.0,0.017149343018390866,3.0414993781870194,per_group
14796006,0.8995112413204464,0.0,0.0,0.0,0.0,0.05263157894736842,0.0,0.022508462249719488,0.40641145213601726,per_group
14799428,0.8241092722090726,0.0,0.0,1.0,1.0,0.0,0.0,0.0004288636716624835,4.329729481617962,per_group
14799737,0.9363375170517868,0.0,0.0,1.0,1.0,0.0,0.0,0.0011191289302761717,4.37475883260677,per_group
14802405,0.9677203585304232,0.0,0.0,0.0,0.0,0.0,0.0,0.00416190864918943,0.3879205251420072,per_group
14803185,0.9601294616767009,0.0,0.0,0.0,0.0,0.0,0.0,0.0022341708585728497,0.38449861884239495,per_group
14808468,0.7511269808790517,0.0,0.0,0.2,0.2,0.05263157894736842,0.0,0.023846383322801933,1.1473253321740757,per_group
14812022,0.9049507812860407,0.0,0.0,0.25,0.25,0.0,0.0,0.011390656360963923,1.364258443786609,per_group
14813714,0.8538248846482598,0.0,0.0,0.5,0.5,0.045454545454545456,0.0,0.012824401512307303,2.3804584705254017,per_group
14818703,0.9027793433210407,0.0,0.0,0.125,0.125,0.1,0.0,0.06696493589418105,0.9545047245072525,per_group
14824238,0.8470588453266146,0.0,0.0,0.0,0.0,0.0,0.0,0.0008536001722220563,0.33899425816509027,per_group
14824349,0.8914808863239521,0.0,0.0,0.5,0.5,0.13636363636363635,0.0,0.03896050173088705,2.473475363966667,per_group
14824584,0.6567522016169753,0.0,0.0,0.13333333333333333,0.13333333333333333,0.2631578947368421,0.0,0.09939223201391603,1.0264389761723804,per_group
14825622,0.7842161586772216,0.0,0.0,0.25,0.25,0.0,0.0,0.008293305645729266,1.3153451246000345,per_group
14825748,0.922887568029945,0.0,0.0,0.0,0.0,0.05263157894736842,0.0,0.017431268014975743,0.4147465439728679,per_group
14828860,0.6795947342078463,0.0,0.0,0.3333333333333333,0.3333333333333333,0.1,0.0,0.10246437202886385,1.7056641014222447,per_group
14828938,0.6470464471176272,0.0,0.0,0.16666666666666666,0.16666666666666666,0.15789473684210525,0.0,0.09128374925336959,1.0700577848380755,per_group
14829029,0.928374060340837,0.0,0.0,0.0,0.0,0.0,0.0,0.0018322055337755211,0.3717160652430899,per_group
14830184,0.799759474065731,0.0,0.0,0.38461538461538464,0.38461538461538464,0.15789473684210525,0.0,0.08114481673918988,2.000910080909353,per_group
14832751,0.8231880145317617,0.0,0.0,0.3333333333333333,0.3333333333333333,0.05,0.0,0.0257369080587252,1.707755920757783,per_group
14834422,0.8630184236221814,0.0,0.0,0.0,0.0,0.0,0.0,0.0005024573158693331,0.34530786091204646,per_group
14834530,0.8471399929132694,0.0,0.0,0.0,0.0,0.0,0.0,0.0007968100130890321,0.3390153591679256,per_group
14837785,0.8625638329371065,0.0,0.0,0.4,0.4,0.045454545454545456,0.0,0.03777828508781066,1.9889448265560412,per_group
14837803,0.9022979742101616,0.0,0.0,1.0,1.0,0.05263157894736842,0.0,0.015804346552713743,4.406185322152503,per_group
14842910,0.8938957569330958,0.0,0.0,0.0,0.0,0.05263157894736842,0.0,0.01568691552864909,0.40280094903686287,per_group
14849301,0.9274071108309402,0.0,0.0,0.6666666666666666,0.6666666666666666,0.09090909090909091,0.0,0.02725314929292793,3.1158074135849008,per_group
14849643,0.9416154460062758,0.0,0.0,1.0,1.0,0.0,0.0,0.0013720835145541231,4.376920595105421,per_group
14850673,0.8650057117770305,0.0,0.0,0.0,0.0,0.0,0.0,0.0009319828267747976,0.34618868127616714,per_group
14852204,0.7816842825827532,0.0,0.0,0.0,0.0,0.0,0.0,0.0013724982140973351,0.31294821267592077,per_group
14852216,0.7819456728921323,1.0,1.0,0.75,0.75,0.045454545454545456,0.0,0.01801609051800488,7.85274512362409,per_group
14852377,0.8298550980146921,0.0,0.0,0.5,0.5,0.05263157894736842,0.0,0.014813269305106758,2.3770099562247933,per_group
14854384,0.6342850088547392,0.0,0.0,0.5,0.5,0.045454545454545456,0.0,0.03745989211048173,2.297569618327628,per_group
14856432,0.8937763982499182,0.0,0.0,0.0,0.0,0.0,0.0,0.0009115121656371097,0.3576928617330947,per_group
14857310,0.9993504149910292,0.0,0.0,0.0,0.0,0.0,0.0,0.060846206706196705,0.4119094073376511,per_group
14858006,0.7860844996381869,0.0,0.0,0.5,0.5,0.045454545454545456,0.0,0.017922445846948572,2.3543819253883007,per_group
14861336,0.8812076416481779,0.0,0.0,0.0,0.0,0.0,0.0,0.0009173646834806456,0.3526665295959673,per_group
14863834,0.8574736128411585,0.0,0.0,0.5,0.5,0.0,0.0,0.003218317047134883,2.3436331085458906,per_group
14866770,0.853177638022696,0.0,0.0,1.0,1.0,0.0,0.0,0.007039072374007626,4.34267886968388,per_group
14871174,0.8690004693409614,0.0,0.0,0.6,0.6,0.13636363636363635,0.0,0.04184616888859583,2.8650603306050124,per_group
14871283,0.605850669606972,0.0,0.0,0.047619047619047616,0.047619047619047616,0.21052631578947367,0.0,0.10474812488696922,0.622187135927952,per_group
14872695,0.8536793257468442,0.0,0.0,0.0,0.0,0.0,0.0,0.0003817341448238127,0.34154807712770247,per_group
14875152,0.8277822480152413,0.0,0.0,0.0,0.0,0.0,0.0,0.01252753997635893,0.3336184072013683,per_group
14879825,0.8234664830569507,0.0,0.0,0.6666666666666666,0.6666666666666666,0.045454545454545456,0.0,0.015451626509996132,3.0355072215550822,per_group
14882176,0.8283456917107656,0.0,0.0,0.0,0.0,0.0,0.0,0.0,0.33133827668430627,per_group
14887872,0.865659940822434,0.0,0.0,0.0,0.0,0.0,0.0,0.004250127240655179,0.34711400177710466,per_group
14901848,0.8346804727936483,0.0,0.0,0.8,0.8,0.10526315789473684,0.0,0.03664045299968071,3.625410806033185,per_group
14909369,0.7496685000400639,0.0,0.0,0.0,0.0,0.15789473684210525,0.0,0.060366158981013066,0.4382564212859124,per_group
14912783,0.8235880702372987,0.0,0.0,0.0,0.0,0.0,0.0,0.00024135233904976533,0.3294834985627295,per_group
14914062,0.9037403346061627,0.0,0.0,0.0,0.0,0.045454545454545456,0.0,0.01436973292910381,0.4007337167919222,per_group
14916450,0.9300916345609034,0.0,0.0,0.0,0.0,0.05263157894736842,0.0,0.03694095074628324,0.42153010713151273,per_group
14923674,0.9376281905666851,0.0,0.0,0.2,0.2,0.05,0.0,0.03755259138737503,1.2225617945041491,per_group
14925627,0.8338386218250157,0.0,0.0,0.0,0.0,0.0,0.0,4.536191655458245e-05,0.3335445211133172,per_group
14927129,0.9787577419266369,0.0,0.0,1.0,1.0,0.0,0.0,0.003343743865421442,4.392171845543739,per_group
14930659,0.9985731606005928,0.0,0.0,0.0,0.0,0.0,0.0,0.06942799385392612,0.4133148630110223,per_group
14931988,0.9677803371204586,0.0,0.0,0.0,0.0,0.0,0.0,0.0029896494889231177,0.3877100647459681,per_group
14932486,0.9468139314054385,0.0,0.0,1.0,1.0,0.0,0.0,0.004630807115137529,4.379651733985203,per_group
14935079,0.7282178987099301,0.0,0.0,0.23076923076923078,0.23076923076923078,0.21052631578947367,0.0,0.08867440315220236,1.4005200158229147,per_group
14949111,0.8360735630239514,0.0,0.0,1.0,1.0,0.0,0.0,0.0009040302811277351,4.334610231265806,per_group
14950987,0.6948153491255081,0.0,0.0,0.25,0.25,0.05263157894736842,0.0,0.04007126857054273,1.3280456565222065,per_group
14951093,0.7546260329847161,0.0,0.0,0.631578947368421,0.631578947368421,0.3181818181818182,0.0,0.12677438402087687,3.1080665340172007,per_group
14951244,0.9586420208040383,0.0,0.0,1.0,1.0,0.0,0.0,0.002721181341510152,4.384001044589918,per_group
14951853,0.8313411654685173,0.0,0.0,0.0,0.0,0.0,0.0,0.0015658707620091646,0.3328496403398088,per_group
14959367,0.8945010101669985,0.0,0.0,0.5,0.5,0.05,0.0,0.022399605079162065,2.4022803250826317,per_group
14964894,0.9347337695248197,0.0,0.0,0.3333333333333333,0.3333333333333333,0.0,0.0,0.009195333581222383,1.7090659078595056,per_group
14965263,0.9883541899558069,0.0,0.0,0.0,0.0,0.0,0.0,0.005445700648083412,0.3964308161119395,per_group
14965482,0.9377725961438272,0.0,0.0,0.5,0.5,0.0,0.0,0.0038186063775220904,2.3758727597330354,per_group
14966504,0.7572068966677782,0.0,0.0,0.16666666666666666,0.16666666666666666,0.05263157894736842,0.0,0.02469782636323042,1.0165942537643187,per_group
14976574,0.8343030532263916,0.0,0.0,0.0,0.0,0.0,0.0,0.0014511598854041678,0.33401145326763754,per_group
14980052,0.8652268279020826,0.0,0.0,0.0,0.0,0.0,0.0,0.004467217172827133,0.3469841745953985,per_group
14980117,0.7840448376621622,0.0,0.0,0.0,0.0,0.0,0.0,0.003173158943191169,0.3142525668535031,per_group
14982693,0.8034379890166214,0.0,0.0,0.0,0.0,0.0,0.0,0.004548029525533867,0.32228480151175537,per_group
14983638,0.9178089937430689,0.0,0.0,0.75,0.75,0.05263157894736842,0.0,0.022373988635330876,3.4137036583821887,per_group
14983673,0.9133460974486988,0.0,0.0,0.0,0.0,0.05263157894736842,0.0,0.016373407035636462,0.4107183835445016,per_group
14984480,0.850757468697072,0.0,0.0,1.0,1.0,0.05263157894736842,0.0,0.014703154394982137,4.38534888151572,per_group
14985991,0.7930589169214272,0.0,0.0,0.5,0.5,0.0,0.0,0.006162311667782148,2.3184560291021272,per_group
14986396,0.9466771499580545,0.0,0.0,1.0,1.0,0.0,0.0,0.002081944185038333,4.3790872488202295,per_group
14990262,0.8348192740804786,0.0,0.0,0.0,0.0,0.0,0.0,0.0007350545968197441,0.3340747205515554,per_group
14992758,0.8692748159399697,0.0,0.0,0.0,0.0,0.0,0.0,0.00708165286084276,0.34912625694815647,per_group
14994079,0.8158429291402751,0.0,0.0,0.0,0.0,0.0,0.0,0.0009617585908732299,0.32652952337428476,per_group
14994212,0.7640989342401647,0.0,0.0,0.5,0.5,0.0,0.0,0.0033664364694434823,2.3063128609899546,per_group
14996598,0.8909674377292927,0.0,0.0,0.0,0.0,0.0,0.0,0.0008323265570061379,0.3565534404031183,per_group
15001089,0.8630184236221814,0.0,0.0,0.0,0.0,0.0,0.0,0.0005024573158693331,0.34530786091204646,per_group
15005664,0.906620341038116,0.0,0.0,0.6666666666666666,0.6666666666666666,0.10526315789473684,0.0,0.032602647337305765,3.120045858865163,per_group
15006507,0.7953078303273654,0.0,0.0,0.6666666666666666,0.6666666666666666,0.05263157894736842,0.0,0.018753351698385608,3.0306457322951847,per_group
15007774,0.7903767801093157,0.0,0.0,0.5,0.5,0.0,0.0,0.002956725475537413,2.3167420571388337,per_group
15008154,0.8775836132052518,0.0,0.0,0.0,0.0,0.0,0.0,0.0009705879280453106,0.3512275628677098,per_group
15011971,0.9223571255995003,0.0,0.0,1.0,1.0,0.05263157894736842,0.0,0.019437456663552198,4.414935604730405,per_group
15013313,0.8739917871299248,0.0,0.0,1.0,1.0,0.05263157894736842,0.0,0.014488773281912021,4.394599732666247,per_group
15013394,0.8194393786222989,0.0,0.0,0.0,0.0,0.0,0.0,0.000729875766855001,0.3279217266022906,per_group
15017875,0.8365767664498686,0.0,0.0,0.0,0.0,0.0,0.0,6.856106499267693e-05,0.334644418792946,per_group
15020350,0.763247751469045,0.0,0.0,0.25,0.25,0.05263157894736842,0.0,0.019745365613857993,1.3513534368682842,per_group
15038481,0.9358512349544232,0.0,0.0,0.0,0.0,0.05263157894736842,0.0,0.01613529394134233,0.41967281592793254,per_group
15053286,0.8371642960545445,0.0,0.0,0.0,0.0,0.0,0.0,0.011213808648849582,0.3371084801515877,per_group
15053955,0.83227965991458,0.0,0.0,0.5,0.5,0.0,0.0,0.0031389521409855266,2.333539654394029,per_group
15055852,0.7501350901644196,0.0,0.0,0.0,0.0,0.0,0.0,0.0356154599233818,0.3071771280504442,per_group
15063431,0.8889638398262905,0.0,0.0,0.0,0.0,0.05263157894736842,0.0,0.021726246878178982,0.4020360484640468,per_group
15064403,0.8011922202071498,0.0,0.0,0.0,0.0,0.0,0.0,0.01540062216786569,0.32355701251643304,per_group
15068090,0.8631912881147614,0.0,0.0,1.0,1.0,0.0,0.0,0.001558027374468346,4.345588120720798,per_group
15068456,0.8626863339135142,0.0,0.0,0.0,0.0,0.0,0.0,0.000670598679970397,0.3452086533013998,per_group
15070780,0.8747037237699435,0.0,0.0,1.0,1.0,0.10526315789473684,0.0,0.03419033185905319,4.440930082195577,per_group
15070923,0.7941612254665807,0.0,0.0,0.0,0.0,0.0,0.0,0.003941897391461125,0.3184528696649246,per_group
15073198,0.999405893833018,0.0,0.0,0.0,0.0,0.0,0.0,0.04457433534083311,0.40867722460137385,per_group
15074041,0.8613205931735604,0.0,0.0,0.0,0.0,0.0,0.0,0.0016539423600821302,0.3448590257414406,per_group
15076390,0.5403475353621772,0.0,0.0,0.7619047619047619,0.7619047619047619,0.5263157894736842,0.0,0.3300115254639109,3.7508129984356477,per_group
15078437,0.7031335376856429,0.0,0.0,0.9333333333333333,0.9333333333333333,0.2631578947368421,0.0,0.10494898392148409,4.2461028609813605,per_group
15079276,0.853717281876086,0.0,0.0,0.0,0.0,0.0,0.0,0.0042970424630481485,0.34234632124304404,per_group
15082542,0.7533730216536233,0.0,0.0,0.5,0.5,0.0,0.0,0.009835674741291581,2.3033163436097075,per_group
15085767,0.7982782124905483,0.0,0.0,0.0,0.0,0.0,0.0,0.003713142799315399,0.3200539135560824,per_group
15087024,0.9596554690022848,0.0,0.0,0.0,0.0,0.0,0.0,0.0023285117799573284,0.3843278899569054,per_group
15088655,0.8403938306212917,0.0,0.0,0.0,0.0,0.0,0.0,4.032227815444015e-05,0.3361655967041476,per_group
15093092,0.7701304742367631,0.0,0.0,1.0,1.0,0.2631578947368421,0.0,0.08192796943393517,4.534964099370966,per_group
15098044,0.9559259096017244,0.0,0.0,0.0,0.0,0.0,0.0,0.002241881778314871,0.38281874019635276,per_group
15100166,0.812450929422031,0.0,0.0,0.25,0.25,0.05263157894736842,0.0,0.019584224985146174,1.3710024799237364,per_group
15102107,0.7772775810771307,0.0,0.0,0.3333333333333333,0.3333333333333333,0.05263157894736842,0.0,0.018241627299267697,1.689997954381934,per_group
15105099,0.8857444274606017,0.0,0.0,0.0,0.0,0.10526315789473684,0.0,0.03329558221248704,0.44516741374252755,per_group
15105269,0.532912179511652,0.0,0.0,0.2564102564102564,0.2564102564102564,0.5263157894736842,0.0,0.2350974534481971,1.7068780197142732,per_group
15108462,0.8889435614285361,0.0,0.0,0.0,0.0,0.05263157894736842,0.0,0.015737734129412966,0.40083023455519184,per_group
15112648,0.87797905895928,1.0,1.0,0.0,0.0,0.15789473684210525,0.0,0.06287001444084968,4.990081415945566,per_group
15113441,0.8274978291984062,0.0,0.0,0.5,0.5,0.0,0.0,0.004838248818842595,2.331966781443131,per_group
15122176,0.7942464020328048,0.0,0.0,0.0,0.0,0.0,0.0,0.004761086514588868,0.31865077811603976,per_group
15127424,0.826902168952267,0.0,0.0,1.0,1.0,0.0,0.0,0.0012459779867929773,4.331010063178265,per_group
15130854,0.8961916778067538,1.0,1.0,0.0,0.0,0.05263157894736842,0.0,0.02820564815213207,4.906223063911023,per_group
15133785,0.9869994782971517,0.0,0.0,0.0,0.0,0.0,0.0,0.011292443275965612,0.39705827997405385,per_group
15135342,0.8241092722090726,0.0,0.0,1.0,1.0,0.0,0.0,0.0004288636716624835,4.329729481617962,per_group
15140286,0.9338887602909469,0.0,0.0,0.0,0.0,0.0,0.0,0.001092101354850825,0.37377392438734897,per_group
15145142,0.9265469527179016,0.0,0.0,0.0,0.0,0.045454545454545456,0.0,0.018721264285431506,0.4107266703078833,per_group
15156740,0.5780965690530984,0.0,0.0,0.14285714285714285,0.14285714285714285,0.18181818181818182,0.0,0.08980436384638268,0.9660826172736328,per_group
15157283,1.0,0.0,0.0,0.0,0.0,0.0,0.0,0.060846206706196705,0.4121692413412394,per_group
15162962,0.903361521047125,0.0,0.0,0.3333333333333333,0.3333333333333333,0.05,0.0,0.02653066662718308,1.73998407507762,per_group
15165724,0.8247159435018342,0.0,0.0,0.0,0.0,0.0,0.0,0.003328894155526092,0.3305521562318389,per_group
15170581,0.8712226894771502,0.0,0.0,0.0,0.0,0.0,0.0,0.004054872157093192,0.3493000502222787,per_group
15172774,0.9402552848003227,0.0,0.0,0.25,0.25,0.0,0.0,0.010521843407160416,1.3782064826015612,per_group
15174079,0.8558301569476231,0.0,0.0,0.125,0.125,0.13636363636363635,0.0,0.049435558831368055,0.961310083636232,per_group
15177325,0.8713417885939447,0.0,0.0,0.6666666666666666,0.6666666666666666,0.09090909090909091,0.0,0.02601585760529826,3.093133826352577,per_group
15184942,0.6195568607462879,0.0,0.0,0.15384615384615385,0.15384615384615385,0.3684210526315789,0.0,0.1478410096748553,1.1875124037233646,per_group
15186408,0.7977065455098409,0.0,0.0,0.0,0.0,0.0,0.0,0.0012382055486926994,0.31933025931367487,per_group
15186722,0.6980020661868545,0.0,0.0,0.21428571428571427,0.21428571428571427,0.2631578947368421,0.0,0.10407271293531063,1.3676845419941346,per_group
15186787,0.8075735413177368,0.0,0.0,0.0,0.0,0.05263157894736842,0.0,0.027997370728716792,0.3707341538307329,per_group
15189995,0.8318080114051284,0.0,0.0,0.0,0.0,0.05263157894736842,0.0,0.026578411220494473,0.38014414996404505,per_group
15194724,0.8845027453007065,0.0,0.0,1.0,1.0,0.0,0.0,0.0020196963291488983,4.354205037386112,per_group
15197493,0.8903893606714339,0.0,0.0,1.0,1.0,0.05,0.0,0.021170741869302612,4.400389892642433,per_group
15200582,0.8953440568258495,0.0,0.0,0.0,0.0,0.0,0.0,0.0113387967654931,0.3604053820834385,per_group
15202082,0.898575392414193,0.0,0.0,0.0,0.0,0.0,0.0,0.0006717807175807472,0.3595645131091934,per_group
15207554,0.8736484821848751,0.0,0.0,0.0,0.0,0.0,0.0,0.004381490791263127,0.3503356910322027,per_group
15212777,0.7692148697326266,0.0,0.0,0.0,0.0,0.05263157894736842,0.0,0.01868099182712317,0.3535274094163701,per_group
15220372,0.9390830731543809,0.0,0.0,1.0,1.0,0.0,0.0,0.0011286852054266396,4.375858966302838,per_group
15221267,0.664058974521639,0.0,0.0,0.0,0.0,0.0,0.0,0.011943891497349948,0.26801236810812556,per_group
15225972,0.9976134393202858,0.0,0.0,1.0,1.0,0.0,0.0,0.023709858570293754,4.403787347442173,per_group
15231051,0.9417191157027583,0.0,0.0,1.0,1.0,0.0,0.0,0.0024761703237238027,4.377182880345848,per_group
15236550,0.8173628061005443,0.0,0.0,0.0,0.0,0.0,0.0,0.006396177330597456,0.32822435790633725,per_group
15244246,0.820927673635353,0.0,0.0,0.0,0.0,0.0,0.0,0.006575029676002146,0.3296860753893417,per_group
15244650,0.7057866932168062,0.0,0.0,0.06666666666666667,0.06666666666666667,0.3157894736842105,0.0,0.11222654238309421,0.8240582313773764,per_group
15245522,0.9336320422345482,0.0,0.0,0.0,0.0,0.0,0.0,0.001567474716656005,0.37376631183715053,per_group
15251252,0.8104161715343717,0.0,0.0,0.7777777777777778,0.7777777777777778,0.21052631578947367,0.0,0.0704586291939704,3.617790358195233,per_group
15254525,0.840510142954804,0.0,0.0,0.5,0.5,0.09090909090909091,0.0,0.029197850266115443,2.414770899962418,per_group
15256094,0.7884568764828684,0.0,0.0,0.6666666666666666,0.6666666666666666,0.0,0.0,0.006700260810786109,2.983389469421971,per_group
15256188,0.4860764873184867,0.0,0.0,0.058823529411764705,0.058823529411764705,0.22727272727272727,0.0,0.12878410122637302,0.6372997146379099,per_group
15258293,0.9979801619477379,0.0,0.0,0.0,0.0,0.0,0.0,0.06942799385392612,0.4130776635498804,per_group
15261848,0.8370222452833518,0.0,0.0,0.0,0.0,0.0,0.0,0.01140978258861392,0.33709085463106353,per_group
15264436,0.8940082314996846,0.0,0.0,0.0,0.0,0.0,0.0,0.001029299735080281,0.3578091525468899,per_group
15264854,0.8593342620714854,0.0,0.0,1.0,1.0,0.0,0.0,0.00023775670612788166,4.3437812561698195,per_group
15264996,0.8294705744726935,0.0,0.0,0.0,0.0,0.045454545454545456,0.0,0.013099841951156004,0.370771834542945,per_group
15266031,0.8536793257468442,0.0,0.0,0.0,0.0,0.0,0.0,0.0003817341448238127,0.34154807712770247,per_group
15269276,0.8511485545105939,0.0,0.0,0.5,0.5,0.05263157894736842,0.0,0.03185693082904332,2.3889360711279415,per_group
15272006,0.9986258729612264,0.0,0.0,0.0,0.0,0.0,0.0,0.06942799385392612,0.4133359479552758,per_group
15272960,0.8688536143876255,0.0,0.0,0.3333333333333333,0.3333333333333333,0.09090909090909091,0.0,0.02661959580089337,1.758925970975835,per_group
15279175,0.9318290071108335,0.0,0.0,1.0,1.0,0.0,0.0,0.0011925429942127447,4.372970111443176,per_group
15285795,0.8324944003235841,0.0,0.0,0.75,0.75,0.05263157894736842,0.0,0.02060509324688856,3.3792240419367063,per_group
15286167,0.8805657955137249,0.0,0.0,0.0,0.0,0.0,0.0,0.0017043236260839189,0.35256718293070677,per_group
15286867,0.8231536722500279,0.0,0.0,0.6666666666666666,0.6666666666666666,0.045454545454545456,0.0,0.015059411615810953,3.035303654253476,per_group
15286893,0.9694914565393481,0.0,0.0,0.0,0.0,0.0,0.0,0.012397125108117614,0.39027600763736275,per_group
15291641,0.8953226728226874,0.0,0.0,0.0,0.0,0.05263157894736842,0.0,0.027848906512888454,0.40580411358954743,per_group
15294868,0.9191639663648523,0.0,0.0,0.0,0.0,0.10526315789473684,0.0,0.03500329108796208,0.45887677107932284,per_group
15296201,0.8784740099441999,0.0,0.0,0.0,0.0,0.0,0.0,0.0016948413394594526,0.35172857224557186,per_group
15297709,0.9502721121309387,0.0,0.0,1.0,1.0,0.0,0.0,0.0011453291597158944,4.380337910684319,per_group
15298719,0.8536793257468442,0.0,0.0,0.0,0.0,0.0,0.0,0.0003817341448238127,0.34154807712770247,per_group
15299357,0.7977065455098409,0.0,0.0,0.0,0.0,0.0,0.0,0.0012382055486926994,0.31933025931367487,per_group
15300081,0.9306498769238939,0.0,0.0,0.0,0.0,0.0,0.0,0.005452897430018176,0.37335053025556125,per_group
15303316,0.864832483835309,0.0,0.0,0.6666666666666666,0.6666666666666666,0.05,0.0,0.02464607926376135,3.0575288760535426,per_group
15305959,0.741924936801762,0.0,0.0,0.5,0.5,0.09090909090909091,0.0,0.03851363501551504,2.3771999744510808,per_group
15307206,0.7945676773082417,0.0,0.0,0.14285714285714285,0.14285714285714285,0.15789473684210525,0.0,0.056666350369680374,1.0269047018994883,per_group
15309336,0.8912347048991608,0.0,0.0,0.0,0.0,0.0,0.0,0.00034843379421085115,0.35656356871850653,per_group
15312421,0.7252349854952513,0.0,0.0,0.0,0.0,0.05263157894736842,0.0,0.03536829791663548,0.33927291693932243,per_group
15312645,0.9115411458489869,0.0,0.0,0.5,0.5,0.045454545454545456,0.0,0.01403997132715232,2.4037880889686614,per_group
15315375,0.9417191157027583,0.0,0.0,1.0,1.0,0.0,0.0,0.0024761703237238027,4.377182880345848,per_group
15319555,0.859548602774657,0.0,0.0,0.5714285714285714,0.5714285714285714,0.09090909090909091,0.0,0.05408797033922877,2.713078593619267,per_group
15322509,0.8153788036996364,0.0,0.0,0.0,0.0,0.0,0.0,0.002923193749119217,0.32673616022967844,per_group
15324534,0.8446304519526228,0.0,0.0,0.0,0.0,0.0,0.0,0.0002655424829989723,0.3379052892776489,per_group
15326799,0.7624321281347249,0.0,0.0,0.6666666666666666,0.6666666666666666,0.10526315789473684,0.0,0.03623337355042585,3.0630967189464307,per_group
15328843,0.8742535928414923,0.0,0.0,0.14285714285714285,0.14285714285714285,0.22727272727272727,0.0,0.0687771593772647,1.1167036222588032,per_group
15328911,0.8633305172480437,0.0,0.0,0.0,0.0,0.0,0.0,0.005292138836864573,0.3463906346665904,per_group
15333555,0.7972647042095676,0.0,0.0,0.0,0.0,0.05263157894736842,0.0,0.017490064491329428,0.3645091577399877,per_group
15336858,0.9486394979054477,0.0,0.0,0.0,0.0,0.0,0.0,0.0019358390200394037,0.37984296696618697,per_group
15338788,0.9009772011996788,0.0,0.0,0.4,0.4,0.05263157894736842,0.0,0.025281710348748383,2.007552485707516,per_group
15338937,0.9438895671774024,0.0,0.0,1.0,1.0,0.0,0.0,0.0010478808167815952,4.377765403034317,per_group
15339370,0.8154082124444821,0.0,0.0,1.0,1.0,0.0,0.0,0.000570955269239451,4.326277476031641,per_group
15354381,0.6779819253311942,0.0,0.0,0.5,0.5,0.0,0.0,0.008238458444755506,2.272840461821429,per_group
15357283,0.8992914896871488,0.0,0.0,0.6666666666666666,0.6666666666666666,0.045454545454545456,0.0,0.017709147425411784,3.0662887283902442,per_group
15357578,0.9202714082512647,0.0,0.0,0.0,0.0,0.05263157894736842,0.0,0.016473380470015335,0.41350850255240373,per_group
15359181,0.8271686947500775,0.0,0.0,0.0,0.0,0.0,0.0,0.00015077753630685632,0.3308976334072924,per_group
15365571,0.829961487300795,0.0,0.0,0.5555555555555556,0.5555555555555556,0.13636363636363635,0.0,0.052976372574308504,2.6738930007483113,per_group
15370031,0.9628348994045499,0.0,0.0,0.0,0.0,0.0,0.0,0.0017801787403403787,0.38548999550988805,per_group
15374556,0.767038554010518,0.0,0.0,0.0,0.0,0.0,0.0,0.002018724800209862,0.3072191665642492,per_group
15374640,0.944897937277301,0.0,0.0,0.0,0.0,0.0,0.0,0.005023441362726049,0.3789638631834656,per_group
15375297,0.8358033656972935,0.0,0.0,0.0,0.0,0.0,0.0,0.007986058510115548,0.3359185579809405,per_group
15385010,0.8969488031478873,0.0,0.0,0.0,0.0,0.0,0.0,0.010734220992556717,0.36092636545766626,per_group
15385968,0.7489430049672886,0.0,0.0,0.25,0.25,0.0,0.0,0.00819535148616442,1.3012162722841483,per_group
15390684,0.8674265751173215,0.0,0.0,0.3333333333333333,0.3333333333333333,0.15789473684210525,0.0,0.050247167025512,1.8166691862590485,per_group
15394051,0.7025363703177426,0.0,0.0,0.18181818181818182,0.18181818181818182,0.10526315789473684,0.0,0.056210932885508144,1.1037399882927155,per_group
15400651,0.9505044510658125,0.0,0.0,1.0,1.0,0.0,0.0,0.0020511463544258435,4.38061200969721,per_group
15404189,0.8039299319075899,0.0,0.0,0.0,0.0,0.0,0.0,0.0013990375900627267,0.3218517802810485,per_group
15409431,0.8412927607216033,0.0,0.0,0.5,0.5,0.045454545454545456,0.0,0.012841703303836098,2.375449081313045,per_group
15412118,0.7721316954280525,0.0,0.0,0.25,0.25,0.2631578947368421,0.0,0.07950464181024068,1.535279922322743,per_group
15420486,0.8263527824528389,0.0,0.0,0.2857142857142857,0.2857142857142857,0.21052631578947367,0.0,0.06632364320820014,1.6550840371114974,per_group
15422070,0.9582235557539843,1.0,1.0,0.5,0.5,0.0,0.0,0.007466607678086188,6.884782743837212,per_group
15427732,0.9253235849256408,0.0,0.0,0.6666666666666666,0.6666666666666666,0.0,0.0,0.007402295521613953,3.0382765597412456,per_group
15437590,0.9442971355824209,0.0,0.0,0.0,0.0,0.0,0.0,0.0015607193153123274,0.3780309980960308,per_group
15438387,0.792348629069826,0.0,0.0,0.0,0.0,0.10526315789473684,0.0,0.03536550512616538,0.40822307896895293,per_group
15439239,0.929650413681014,0.0,0.0,1.0,1.0,0.0,0.0,0.006180344953967968,4.373096234463199,per_group
15447927,0.9807561744831532,0.0,0.0,1.0,1.0,0.0,0.0,0.004336556609609247,4.393169781115183,per_group
15448175,0.8640650439891651,0.0,0.0,0.0,0.0,0.0,0.0,0.0045739724606333075,0.3465408120877927,per_group
15450146,0.9056248791910995,0.0,0.0,0.14285714285714285,0.14285714285714285,0.045454545454545456,0.0,0.027391914757809405,0.9755205424202095,per_group
15453188,0.8352097508735095,0.0,0.0,0.0,0.0,0.0,0.0,0.009514129625564947,0.3359867262745168,per_group
15453466,0.7989050167260845,0.0,0.0,0.25,0.25,0.045454545454545456,0.0,0.01795767654573323,1.359517178363217,per_group
15461382,0.9902816979233323,0.0,0.0,0.0,0.0,0.0,0.0,0.008089998850035236,0.39773067893934,per_group
15465681,0.7229982255297107,0.0,0.0,0.0,0.0,0.0,0.0,0.0010498453277318544,0.28940925927743066,per_group
15466457,0.8763154838821059,0.0,0.0,0.25,0.25,0.05,0.0,0.039636264632297524,1.398453446479302,per_group
15467616,0.7075862862822265,0.0,0.0,0.0,0.0,0.0,0.0,0.004219828461024522,0.28387848020509554,per_group
15467653,0.9544938208987674,0.0,0.0,0.0,0.0,0.0,0.0,0.0016840294958234525,0.38213433425867166,per_group
15468731,0.7934537422550714,0.0,0.0,0.1111111111111111,0.1111111111111111,0.0,0.0,0.02639252424133437,0.7671044461947398,per_group
15468968,0.9776183983914081,0.0,0.0,0.0,0.0,0.0,0.0,0.026595306548442613,0.3963664206662518,per_group
15469032,0.9983044924554898,0.0,0.0,0.5,0.5,0.0,0.0,0.046037723220198126,2.4085293416262354,per_group
15473329,0.864160775704297,0.0,0.0,1.0,1.0,0.0,0.0,0.0003721480090345844,4.345738739883526,per_group
15473834,0.9223445812092718,0.0,0.0,0.0,0.0,0.0,0.0,0.002150647359284959,0.3693679619555657,per_group
15480002,0.9988827546216305,0.0,0.0,0.0,0.0,0.0,0.0,0.06942799385392612,0.41343870061943744,per_group
15481749,0.9422408510005545,0.0,0.0,1.0,1.0,0.0,0.0,0.0014816797382348347,4.377192676347869,per_group
15483913,0.6686726359153236,0.0,0.0,0.0,0.0,0.05263157894736842,0.0,0.07016914839144082,0.32360814720231235,per_group
15487691,0.6694516799437196,0.0,0.0,0.15384615384615385,0.15384615384615385,0.05263157894736842,0.0,0.042600285457950526,0.933790607611588,per_group
15489180,0.8308005676863511,0.0,0.0,0.0,0.0,0.0,0.0,4.885207344699814e-05,0.33232999748922987,per_group
15490016,0.7170284046129496,0.0,0.0,0.0,0.0,0.05263157894736842,0.0,0.03216899762344194,0.335350424527763,per_group
15494593,0.8651854297145465,0.0,0.0,0.6666666666666666,0.6666666666666666,0.10526315789473684,0.0,0.029046784894701312,3.102760721847215,per_group
15495146,0.8630184236221814,0.0,0.0,0.0,0.0,0.0,0.0,0.0005024573158693331,0.34530786091204646,per_group
15495322,0.898315257796228,0.0,0.0,0.0,0.0,0.0,0.0,0.0034741325818666564,0.36002092963486454,per_group
15495464,0.8329537945927933,0.0,0.0,1.0,1.0,0.0,0.0,0.01043474621266526,4.33526846707965,per_group
15496979,0.8717472223168504,0.0,0.0,0.0,0.0,0.0,0.0,0.0013315658651826441,0.3489652020997767,per_group
15497454,0.8343620904715067,0.0,0.0,0.25,0.25,0.05,0.0,0.028727526551959422,1.3794903414989945,per_group
15498363,0.7971464843802454,0.0,0.0,0.3333333333333333,0.3333333333333333,0.0,0.0,0.006460318590814337,1.6534839908035943,per_group
15498654,0.9290788790237704,0.0,0.0,0.0,0.0,0.05263157894736842,0.0,0.022146942330947796,0.4181662032335925,per_group
15499069,0.830444905327079,0.0,0.0,0.5,0.5,0.10526315789473684,0.0,0.031642201357076474,2.422716928718036,per_group
15501729,0.6596151708998018,0.0,0.0,0.0,0.0,0.1,0.0,0.06629957367900022,0.35710598309572084,per_group
15513388,0.8792638217319592,0.0,0.0,0.3333333333333333,0.3333333333333333,0.1,0.0,0.044415009646359804,1.773921863955389,per_group
15516881,0.9290693262496397,0.0,0.0,0.0,0.0,0.05263157894736842,0.0,0.016023038658200723,0.4169376013893908,per_group
15520859,0.7763479023790794,0.0,0.0,0.0,0.0,0.0,0.0,0.0003481880498267771,0.3106087985615971,per_group
15521862,0.9113146371378746,0.0,0.0,0.5,0.5,0.05263157894736842,0.0,0.017126748740872937,2.410056467761219,per_group
15527430,0.850979528201064,0.0,0.0,0.0,0.0,0.0,0.0,0.010525348699326257,0.34249688102029086,per_group
15527979,0.8620605932123154,0.0,0.0,0.0,0.0,0.10526315789473684,0.0,0.030371081891065035,0.4351089799789286,per_group
15531489,0.9405502352005176,0.0,0.0,1.0,1.0,0.0,0.0,0.0014879943950377925,4.376517692959214,per_group
15546710,0.5404639646376012,0.0,0.0,0.03571428571428571,0.03571428571428571,0.18181818181818182,0.0,0.11892849218350095,0.528282972603429,per_group
15549156,0.7718041474609729,0.0,0.0,0.16666666666666666,0.16666666666666666,0.15789473684210525,0.0,0.05062997015378494,1.111830109155497,per_group
15557309,0.9988748416058261,0.0,0.0,0.0,0.0,0.0,0.0,0.06942799385392612,0.4134355354131157,per_group
15559118,0.7890865776758331,0.0,0.0,0.5,0.5,0.05263157894736842,0.0,0.022835662786700163,2.362307026785568,per_group
15567045,0.7747371380820185,0.0,0.0,0.3333333333333333,0.3333333333333333,0.05263157894736842,0.0,0.018169801601814396,1.688967412044398,per_group
15570842,0.9659001786436754,0.0,0.0,0.0,0.0,0.0,0.0,0.0070078692442199515,0.3877616453063142,per_group
15572221,0.8171541278152259,0.0,0.0,0.5,0.5,0.09090909090909091,0.0,0.027899176994154586,2.405168759252194,per_group
15574629,0.8993397342290199,0.0,0.0,0.0,0.0,0.045454545454545456,0.0,0.013892106409129136,0.39887795133707016,per_group
15577501,0.8630184236221814,0.0,0.0,0.0,0.0,0.0,0.0,0.0005024573158693331,0.34530786091204646,per_group
15582892,0.7155257974365181,0.0,0.0,0.375,0.375,0.05263157894736842,0.0,0.0297478131798558,1.834265144768473,per_group
15585410,0.8852115798388056,0.0,0.0,1.0,1.0,0.0,0.0,0.01847242109107375,4.357779116153737,per_group
15585556,0.9007326365836777,0.0,0.0,0.6666666666666666,0.6666666666666666,0.05263157894736842,0.0,0.017948005675103247,3.072654585593053,per_group
15592470,0.8533295616306742,0.0,0.0,0.0,0.0,0.0,0.0,0.0019644459393788265,0.34172471384014547,per_group
15592537,0.8802637272769335,0.0,0.0,1.0,1.0,0.05263157894736842,0.0,0.027740896678512747,4.399758933404371,per_group
15594403,0.7884942036928169,0.0,0.0,0.0,0.0,0.0,0.0,0.00032467168522749064,0.3154626158141723,per_group
15594511,0.8539668268529773,0.0,0.0,0.5,0.5,0.05263157894736842,0.0,0.01432236364524003,2.386556466628134,per_group
15595551,0.8566383400283775,0.0,0.0,1.0,1.0,0.0,0.0,0.001155933310599256,4.342886522673471,per_group
15595652,0.9483069858077392,0.0,0.0,0.0,0.0,0.0,0.0,0.007592264245139374,0.38084124717212353,per_group
15605407,0.8305736638040186,0.0,0.0,0.0,0.0,0.0,0.0,0.0006535147033787779,0.3323601684622832,per_group
15608670,0.855029241517553,0.0,0.0,0.3333333333333333,0.3333333333333333,0.05263157894736842,0.0,0.017233084714123516,1.7208969100410738,per_group
15610416,0.8742498650118224,0.0,0.0,0.0,0.0,0.0,0.0,0.001861826593756248,0.3500723113234802,per_group
15610769,0.8630184236221814,0.0,0.0,0.0,0.0,0.0,0.0,0.0005024573158693331,0.34530786091204646,per_group
15613327,0.8930493888812582,0.0,0.0,0.5,0.5,0.09090909090909091,0.0,0.028866699944267358,2.4357203682686297,per_group
15619695,0.8543397759939058,0.0,0.0,0.0,0.0,0.0,0.0,0.0016679445532355153,0.34206949930820946,per_group
15621083,0.9977528448059374,0.0,0.0,0.0,0.0,0.0,0.0,0.06942799385392612,0.4129867366931602,per_group
15622705,0.807824463117946,0.0,0.0,0.0,0.0,0.0,0.0,0.00522158361935196,0.3241741019710488,per_group
15636498,0.8941821152297443,0.0,0.0,0.5,0.5,0.045454545454545456,0.0,0.013575141406586206,2.396751510736851,per_group
1564111,0.873735069073526,0.0,0.0,0.0,0.0,0.0,0.0,0.0013793910912280338,0.34976990584765605,per_group
1565151,0.8575579050242799,0.0,0.0,0.8888888888888888,0.8888888888888888,0.15789473684210525,0.0,0.061296017918674076,4.037153710622687,per_group
15655753,0.7548296157347312,0.0,0.0,0.0,0.0,0.05263157894736842,0.0,0.018148259273983884,0.347666761306584,per_group
15658445,0.8906283852218381,0.0,0.0,0.0,0.0,0.0,0.0,0.0037898357735505145,0.35700932124344537,per_group
15664977,0.8463271062277662,0.0,0.0,0.14285714285714285,0.14285714285714285,0.15789473684210525,0.0,0.08125512230064735,1.0525262278534915,per_group
15669653,0.9135041006727771,0.0,0.0,0.0,0.0,0.05263157894736842,0.0,0.016796956767978467,0.4108662947806013,per_group
15723890,0.8678461577739575,0.0,0.0,0.6,0.6,0.05263157894736842,0.0,0.03698288810594734,2.796640303888667,per_group
15728729,0.8715046492943747,0.0,0.0,0.0,0.0,0.15789473684210525,0.0,0.053093397687975614,0.4855363287290292,per_group
15730606,0.8909674377292927,0.0,0.0,0.0,0.0,0.0,0.0,0.0008323265570061379,0.3565534404031183,per_group
15739621,0.8494774649548322,0.0,0.0,1.0,1.0,0.0,0.0,0.0038557021854592863,4.340562126419025,per_group
15739897,0.8969346864594254,0.0,0.0,0.0,0.0,0.10526315789473684,0.0,0.05177408739186271,0.4533392183779322,per_group
15741724,0.8316768238021828,0.0,0.0,0.0,0.0,0.0,0.0,0.013258068950000883,0.3353223433108733,per_group
15744478,0.7876543414689766,0.0,0.0,0.0,0.0,0.0,0.0,0.004327888700522372,0.31592731432769516,per_group
15745126,0.7502701038386548,0.0,0.0,0.0,0.0,0.0,0.0,0.026607131630988847,0.3054294678616597,per_group
15745159,0.8499965953369067,0.0,0.0,0.6666666666666666,0.6666666666666666,0.10526315789473684,0.0,0.03875816614892489,3.0986274643470035,per_group
15746569,0.8073170442329818,0.0,0.0,0.0,0.0,0.0,0.0,0.00015821997830004687,0.3229584616888528,per_group
15750726,0.8296336164365372,0.0,0.0,1.0,1.0,0.0,0.0,0.0006279405532322485,4.331979034685261,per_group
15751768,0.9989643104092648,0.0,0.0,0.0,0.0,0.0,0.0,0.060846206706196705,0.41175496550494534,per_group
15755677,0.9150300407445128,0.0,0.0,0.0,0.0,0.045454545454545456,0.0,0.014132513804625928,0.40520215542236665,per_group
15755923,0.906020785476683,0.0,0.0,0.0,0.0,0.0,0.0,0.007328290030116058,0.3638739721966964,per_group
15755973,0.8085767015861922,0.0,0.0,0.0,0.0,0.0,0.0,0.00014784987238236193,0.32346025060895334,per_group
15757811,0.6971330929935782,0.0,0.0,0.7407407407407407,0.7407407407407407,0.3181818181818182,0.0,0.14340123172308933,3.5250419010504666,per_group
15758330,0.8986961216079088,0.0,0.0,0.3333333333333333,0.3333333333333333,0.0,0.0,0.007762411192708443,1.6943642642150385,per_group
15760559,0.7976540902412157,0.0,0.0,0.5,0.5,0.0,0.0,0.003668498538861437,2.3197953358042587,per_group
15765833,0.9518302851768244,0.0,0.0,0.0,0.0,0.0,0.0,0.002365906435366145,0.38120529535780306,per_group
15769442,0.9438895671774024,0.0,0.0,1.0,1.0,0.0,0.0,0.0010478808167815952,4.377765403034317,per_group
15770608,0.9123901061272411,0.0,0.0,0.0,0.0,0.05263157894736842,0.0,0.019817866990555485,0.4110248790069023,per_group
15773440,0.7908898422701008,0.0,0.0,0.3333333333333333,0.3333333333333333,0.0,0.0,0.005341398034880053,1.6507575498483498,per_group
15777354,0.9002049053053218,0.0,0.0,1.0,1.0,0.0,0.0,0.0004139403517491622,4.360164750192479,per_group
15777389,0.8221309322259912,0.0,0.0,0.0,0.0,0.0,0.0,0.0007951495571943389,0.32901140280183533,per_group
15779986,0.8438914887808107,0.0,0.0,0.0,0.0,0.0,0.0,0.004816717942046608,0.33851993910073364,per_group
15782326,0.8614626099491157,0.0,0.0,0.0,0.0,0.0,0.0,0.0049821694066944176,0.3455814778609852,per_group
15785068,0.8039864648438529,0.0,0.0,0.5,0.5,0.0,0.0,0.002319108716912156,2.322058407680924,per_group
15788707,0.838614108005976,0.0,0.0,0.0,0.0,0.0,0.0,0.013841884162033101,0.33821402003479706,per_group
15791504,0.8338077140331633,0.0,0.0,1.0,1.0,0.0,0.0,0.00034966683764032017,4.333593018980793,per_group
15791939,0.928007016940371,0.0,0.0,0.5,0.5,0.0,0.0,0.004068216562480161,2.3720164500886445,per_group
15792031,0.9773738534366883,0.0,0.0,0.0,0.0,0.0,0.0,0.01559380119293836,0.39406830161326295,per_group
15792641,0.9466359429959791,0.0,0.0,0.0,0.0,0.0,0.0,0.0019399967183423488,0.37904237654206013,per_group
15793783,0.9488547192692951,0.0,0.0,0.0,0.0,0.0,0.0,0.011571846727255924,0.3818562570531693,per_group
15798850,0.8964352820459962,0.0,0.0,1.0,1.0,0.10526315789473684,0.0,0.029998333203530295,4.448784305774894,per_group
15802312,0.9655620197882486,0.0,0.0,1.0,1.0,0.0,0.0,0.00267713535983074,4.386760234987266,per_group
15806134,0.9455076702827033,0.0,0.0,1.0,1.0,0.0,0.0,0.0022318458402253005,4.378649437281126,per_group
15808140,0.9412326466293887,0.0,0.0,1.0,1.0,0.05263157894736842,0.0,0.016300315872367684,4.421858384984124,per_group
15809173,0.9447067883066838,0.0,0.0,0.0,0.0,0.0,0.0,0.00848676319662541,0.3795800679619986,per_group
15809321,0.8808213407327282,0.0,0.0,0.0,0.0,0.0,0.0,0.0012252026950930301,0.3525735768321099,per_group
15809746,0.8536793257468442,0.0,0.0,0.0,0.0,0.0,0.0,0.0003817341448238127,0.34154807712770247,per_group
15811110,0.735580435904982,0.0,0.0,0.25,0.25,0.0,0.0,0.017838790690688486,1.2977999325001306,per_group
15811621,0.8370352826103238,0.0,0.0,0.0,0.0,0.0,0.0,0.011350577414633646,0.3370842285270563,per_group
15814139,0.9714795639134812,0.0,0.0,0.0,0.0,0.0,0.0,0.003062454882855912,0.3892043165419637,per_group
15823113,0.9084803474188814,0.0,0.0,1.0,1.0,0.0,0.0,0.0005838358599756989,4.363508906139548,per_group
15825711,0.7602140147763398,0.0,0.0,0.2857142857142857,0.2857142857142857,0.15789473684210525,0.0,0.051625299069969786,1.5835835980553568,per_group
15830237,0.9513743637293014,0.0,0.0,0.0,0.0,0.0,0.0,0.001663673280747319,0.3808824801478701,per_group
15830701,0.8125952918965721,0.0,0.0,0.5,0.5,0.05263157894736842,0.0,0.030133133852875048,2.3731700066870984,per_group
15834295,0.7835502351325264,0.0,0.0,0.2222222222222222,0.2222222222222222,0.15789473684210525,0.0,0.05517159816815446,1.3396590920492144,per_group
15834790,0.9444431096435119,0.0,0.0,1.0,1.0,0.0,0.0,0.0022218773935023493,4.378221619336105,per_group
15837380,0.8296888933430728,0.0,0.0,0.0,0.0,0.0,0.0,8.062521690945391e-05,0.33189168238061106,per_group
15838767,0.9277673069077454,0.0,0.0,1.0,1.0,0.0,0.0,0.001112005785513884,4.371329323920201,per_group
15840187,0.8759232407742044,0.0,0.0,1.0,1.0,0.0,0.0,0.000835412609353697,4.350536378831552,per_group
15840874,0.7073306390884083,0.0,0.0,0.16666666666666666,0.16666666666666666,0.0,0.0,0.015451968490360716,0.9526893160001022,per_group
15842013,0.8453964756518655,0.0,0.0,0.5,0.5,0.05263157894736842,0.0,0.014666770603245368,2.3831972075392898,per_group
15844409,0.6926046128204552,0.0,0.0,0.6923076923076923,0.6923076923076923,0.05263157894736842,0.0,0.050911429724585726,3.098560163461763,per_group
15844557,0.7884773215059989,0.0,0.0,0.5,0.5,0.13636363636363635,0.0,0.047440527228152826,2.433969943138939,per_group
15846682,0.7334267368325273,0.0,0.0,0.2222222222222222,0.2222222222222222,0.13636363636363635,0.0,0.05141077124533792,1.3016326469618766,per_group
15846704,0.6744410836734965,0.0,0.0,0.3333333333333333,0.3333333333333333,0.10526315789473684,0.0,0.044991317412100364,1.6963185566009416,per_group
15847834,0.8630184236221814,0.0,0.0,0.0,0.0,0.0,0.0,0.0005024573158693331,0.34530786091204646,per_group
1584901,0.9522230425056147,0.0,0.0,0.0,0.0,0.0,0.0,0.008610648690374232,0.38261134674032077,per_group
15852053,0.8113862700763441,0.0,0.0,0.0,0.0,0.05,0.0,0.036418045709885515,0.3718381171725148,per_group
15853001,0.8631827042162987,0.0,0.0,0.0,0.0,0.0,0.0,0.001186205121519673,0.34551032271082344,per_group
15854271,0.8630184236221814,0.0,0.0,0.0,0.0,0.0,0.0,0.0005024573158693331,0.34530786091204646,per_group
15858295,0.8431768664854314,0.0,0.0,0.0,0.0,0.05263157894736842,0.0,0.014669864211736047,0.38230998259441457,per_group
15858376,0.8536793257468442,0.0,0.0,0.0,0.0,0.0,0.0,0.0003817341448238127,0.34154807712770247,per_group
15858413,0.9312189044028736,0.0,0.0,0.0,0.0,0.0,0.0,0.0014463272782643016,0.37277682721680233,per_group
15861560,0.9994127721066066,0.0,0.0,0.0,0.0,0.0,0.0,0.06942799385392612,0.41365070761342787,per_group
15862005,0.7534299133529391,0.0,0.0,0.0,0.0,0.0,0.0,0.008518323099526517,0.30307562996108095,per_group
15863862,0.9566532832909961,0.0,0.0,0.0,0.0,0.0,0.0,0.0046294453355080175,0.3835872023835001,per_group
15865288,0.8094291755730219,0.0,0.0,0.6,0.6,0.05,0.0,0.03338197523721694,2.770448065276652,per_group
15870683,0.7710145987805969,0.0,0.0,0.8,0.8,0.05263157894736842,0.0,0.022257137678627185,3.5549625302058594,per_group
15872224,0.9567315764637188,0.0,0.0,1.0,1.0,0.0,0.0,0.0029571452901408666,4.383284059643516,per_group
15872418,0.9829426650345907,0.0,0.0,0.6,0.6,0.0,0.0,0.024547338537295026,2.7980865337212952,per_group
15878694,0.9980706423992435,0.0,0.0,0.0,0.0,0.0,0.0,0.06942799385392612,0.41311385573048265,per_group
15880652,0.8959117322310497,0.0,0.0,1.0,1.0,0.05263157894736842,0.0,0.017120427414385752,4.403894041533192,per_group
15883349,0.9135891577577416,0.0,0.0,0.5,0.5,0.0,0.0,0.004468882073851217,2.366329439517867,per_group
1588551,0.9590709310137068,0.0,0.0,0.0,0.0,0.0,0.0,0.005954298491999018,0.3848192321038826,per_group
15888299,0.8455794538557306,0.0,0.0,1.0,1.0,0.0,0.0,0.0002633910871755934,4.338284459759728,per_group
15893411,0.9300285438015224,0.0,0.0,0.0,0.0,0.0,0.0,0.0014691250023418936,0.3723052425210774,per_group
15898829,0.8614781459554421,0.0,0.0,0.0,0.0,0.0,0.0,0.005078075556722801,0.3456068734935214,per_group
15900173,0.9437177489761449,0.0,0.0,0.0,0.0,0.0,0.0,0.005187420718593716,0.37852458373417674,per_group
15904572,0.9118879426532168,0.0,0.0,0.0,0.0,0.045454545454545456,0.0,0.014156294450899415,0.403950072315103,per_group
15904829,0.7535716623865476,0.0,0.0,0.0,0.0,0.0,0.0,0.007399777469965492,0.30290862044861216,per_group
15906167,0.8642903160808986,0.0,0.0,0.0,0.0,0.0,0.0,0.0013859477606325,0.34599331598448596,per_group
15906181,0.8524340097223885,0.0,0.0,1.0,1.0,0.0,0.0,0.00013333909612766066,4.3410002717081815,per_group
15907414,0.8835753069086886,0.0,0.0,0.0,0.0,0.0,0.0,0.004460825254516582,0.3543222878143788,per_group
15911001,0.8244820705138193,0.0,0.0,0.0,0.0,0.0,0.0,0.006758516739125902,0.33114453155335294,per_group
15911231,0.9991461145757009,0.0,0.0,0.0,0.0,0.0,0.0,0.06942799385392612,0.4135440446010656,per_group
15912438,0.8536793257468442,0.0,0.0,0.0,0.0,0.0,0.0,0.0003817341448238127,0.34154807712770247,per_group
15914129,0.691285072151831,0.0,0.0,0.0,0.0,0.2631578947368421,0.0,0.09610756793851648,0.5062618582379094,per_group
15915972,0.9420560847108734,0.0,0.0,0.0,0.0,0.0,0.0,0.005521964322807931,0.377926826748911,per_group
15916174,0.8316649237669926,0.0,0.0,0.0,0.0,0.0,0.0,0.0005346055828978436,0.3327728906233766,per_group
15917850,0.7739182465637616,0.0,0.0,1.0,1.0,0.0,0.0,0.001345496239344301,4.309836397873373,per_group
15921624,0.8342706553838772,0.0,0.0,0.0,0.0,0.0,0.0,0.0005740786457443216,0.33382307788269977,per_group
15925598,0.9629151067060169,0.0,0.0,0.0,0.0,0.0,0.0,0.012369339027460376,0.38763991048789886,per_group
15929023,0.8943316404979015,0.0,0.0,1.0,1.0,0.0,0.0,0.0004941763549801056,4.357831491470156,per_group
15936819,0.8916511439752982,0.0,0.0,0.0,0.0,0.0,0.0,0.0038654391753211678,0.3574335454251836,per_group
15940236,0.8928349199633036,0.0,0.0,0.5,0.5,0.045454545454545456,0.0,0.013884707159153391,2.396274545780788,per_group
15940603,0.7865867254718671,0.0,0.0,0.0,0.0,0.0,0.0,0.00038310798787261557,0.31471131178632145,per_group
15940891,0.9107277789470388,0.0,0.0,0.0,0.0,0.05263157894736842,0.0,0.018964627639263754,0.4101893002645631,per_group
15941343,0.7171424939723186,0.0,0.0,0.5,0.5,0.2631578947368421,0.0,0.10353694844778773,2.5180907030679585,per_group
15947833,0.8379769107749478,0.0,0.0,0.0,0.0,0.05263157894736842,0.0,0.01828813441878588,0.3809536543516311,per_group
15949665,0.997563566657745,0.0,0.0,0.0,0.0,0.0,0.0,0.03484545751532539,0.4059945181661631,per_group
15953354,0.6338398218710186,0.0,0.0,0.1875,0.1875,0.15789473684210525,0.0,0.07867636888457562,1.1455869919990067,per_group
15954487,0.8345680265312534,0.0,0.0,1.0,1.0,0.0,0.0,0.00014542717545190694,4.333856296047592,per_group
15957148,0.7873045686928011,0.0,0.0,0.2,0.2,0.1,0.0,0.06744798424978178,1.208411424327077,per_group
15964263,0.8322660346288402,0.0,0.0,1.0,1.0,0.0,0.0,9.195909250562135e-05,4.332924805670037,per_group
15969841,0.831779047121999,0.0,0.0,0.0,0.0,0.0,0.0,0.006001364162804498,0.33391189168136054,per_group
15970379,0.8273994911329009,0.0,0.0,0.16666666666666666,0.16666666666666666,0.15789473684210525,0.0,0.04789712896096456,1.133521678385704,per_group
15974947,0.7185084046904597,0.0,0.0,0.0,0.0,0.05263157894736842,0.0,0.02029769876887463,0.3335681647878536,per_group
15978226,0.9172775909358656,0.0,0.0,0.5,0.5,0.0,0.0,0.005948418337827545,2.3681007200419115,per_group
15978412,0.7015785366276364,0.0,0.0,0.9090909090909091,0.9090909090909091,0.13636363636363635,0.0,0.05954684586938932,4.037995329279478,per_group
15980543,0.8791272531161166,0.0,0.0,0.0,0.0,0.0,0.0,0.004568280531749826,0.3525645573527966,per_group
15983683,0.8414128797850376,0.0,0.0,0.25,0.25,0.09090909090909091,0.0,0.029365444444385085,1.4151655135301648,per_group
15984635,0.8804721290335696,0.0,0.0,1.0,1.0,0.0,0.0,0.0031961803367971317,4.352828087680787,per_group
15997671,0.8688148294681937,0.0,0.0,0.75,0.75,0.05263157894736842,0.0,0.02205583075219162,3.394042361095611,per_group
15997827,0.8338077140331633,0.0,0.0,1.0,1.0,0.0,0.0,0.00034966683764032017,4.333593018980793,per_group
15998006,0.9988748416058261,0.0,0.0,0.0,0.0,0.0,0.0,0.06942799385392612,0.4134355354131157,per_group
16001456,0.7879637357656442,0.0,0.0,0.0,0.0,0.0,0.0,0.003909982027270607,0.3159674907117118,per_group
16004411,0.2118223296877205,0.0,0.0,0.09333333333333334,0.09333333333333334,0.2631578947368421,0.0,0.3025388137291177,0.7290963437437188,per_group
16010382,0.8893863461077494,0.0,0.0,0.0,0.0,0.05263157894736842,0.0,0.025246288030286872,0.40290905920705194,per_group
16014498,0.7648755903806235,0.0,0.0,0.25,0.25,0.09090909090909091,0.0,0.027666988533222338,1.3842109065861667,per_group
16016397,0.7920580003650451,0.0,0.0,0.0,0.0,0.0,0.0,0.0012234020685340863,0.3170678805597249,per_group
16022080,0.7111148634740299,0.0,0.0,0.0,0.0,0.0,0.0,0.004399827156351005,0.28532591082088216,per_group
16034907,0.9150315355197433,0.0,0.0,0.6666666666666666,0.6666666666666666,0.045454545454545456,0.0,0.01565919836939762,3.0721747569120796,per_group
16040695,0.9071277599230801,0.0,0.0,1.0,1.0,0.0,0.0,0.006374640381129123,4.3641260320454585,per_group
16042401,0.7901529188365374,0.0,0.0,0.0,0.0,0.10526315789473684,0.0,0.03642120600788497,0.40755593505198145,per_group
16045488,0.8949642653156891,0.0,0.0,1.0,1.0,0.10526315789473684,0.0,0.030008414125165802,4.448197915267099,per_group
16045504,0.9544938208987674,0.0,0.0,0.0,0.0,0.0,0.0,0.0016840294958234525,0.38213433425867166,per_group
16045666,0.9019417351216055,0.0,0.0,0.0,0.0,0.045454545454545456,0.0,0.014349376714027673,0.4000102057550841,per_group
16047907,0.9534143798962854,0.0,0.0,0.5,0.5,0.0,0.0,0.0046044077973026246,2.3822866335179746,per_group
16050772,0.6637858990107236,0.0,0.0,0.09090909090909091,0.09090909090909091,0.15789473684210525,0.0,0.0678932826444783,0.7690451692432329,per_group
1605141,0.9973507699026015,0.0,0.0,0.0,0.0,0.0,0.0,0.023376834830124597,0.40361567492706557,per_group
16052393,0.8348192740804786,0.0,0.0,0.0,0.0,0.0,0.0,0.0007350545968197441,0.3340747205515554,per_group
16054649,0.7677443599545692,0.0,0.0,0.5714285714285714,0.5714285714285714,0.15,0.0,0.0751841808240074,2.7278488658609152,per_group
16062445,0.8928985150412247,0.0,0.0,0.0,0.0,0.045454545454545456,0.0,0.02461213485244246,0.3984454693506148,per_group
16077875,0.7880242819959886,0.0,0.0,0.8888888888888888,0.8888888888888888,0.15789473684210525,0.0,0.06317909417854127,4.009716876663344,per_group
16078680,0.9172689305472186,0.0,0.0,1.0,1.0,0.0,0.0,0.010456946048232527,4.3689989614285345,per_group
16081847,0.8630184236221814,0.0,0.0,0.0,0.0,0.0,0.0,0.0005024573158693331,0.34530786091204646,per_group
16083146,0.9881365882753932,0.0,0.0,0.0,0.0,0.0,0.0,0.005398665581229011,0.3963343684264031,per_group
16085807,0.8522505570950102,0.0,0.0,1.0,1.0,0.0,0.0,0.0014660638477004323,4.341193435607544,per_group
16090188,0.8630184236221814,0.0,0.0,0.0,0.0,0.0,0.0,0.0005024573158693331,0.34530786091204646,per_group
16090877,0.8575272549285031,0.0,0.0,0.75,0.75,0.09090909090909091,0.0,0.02845696548016866,3.4214295677947075,per_group
16092470,0.9014374856761779,0.0,0.0,0.0,0.0,0.0,0.0,0.01593525259171365,0.3637620447888139,per_group
16095075,0.865936707806034,0.0,0.0,0.0,0.0,0.0,0.0,0.0019908505901314313,0.34677285324043994,per_group
16096104,0.7419520682588886,0.0,0.0,0.25,0.25,0.0,0.0,0.010058753506161061,1.2987925780047878,per_group
16099100,0.7986930479159331,0.0,0.0,0.0,0.0,0.0,0.0,0.0034527714858203253,0.32016777346353736,per_group
16102437,0.43826125368635943,0.0,0.0,0.20930232558139536,0.20930232558139536,0.2631578947368421,0.0,0.18283495947333647,1.2596071114842664,per_group
16116251,0.9035534787515981,0.0,0.0,0.0,0.0,0.045454545454545456,0.0,0.01587307871289422,0.40095964360685443,per_group
16117890,0.998635797562642,0.0,0.0,0.0,0.0,0.0,0.0,0.03495208313183079,0.406444735651423,per_group
16127606,0.7233644945278752,0.0,0.0,0.0,0.0,0.0,0.0,0.008735845645833509,0.29109296694031683,per_group
16134117,0.9580336986175912,0.0,0.0,0.0,0.0,0.0,0.0,0.002669733885759463,0.38374742622418845,per_group
16134672,0.7056373843770124,0.0,0.0,0.08333333333333333,0.08333333333333333,0.15789473684210525,0.0,0.06379992755660084,0.7546640620691426,per_group
16145074,0.9287803973267327,0.0,0.0,1.0,1.0,0.0,0.0,0.004110693810021392,4.3723342976926975,per_group
16146535,0.7512337882864305,0.0,0.0,0.14285714285714285,0.14285714285714285,0.13636363636363635,0.0,0.043919513932434116,0.9897968986205395,per_group
16148335,0.709941742016014,0.0,0.0,0.4444444444444444,0.4444444444444444,0.10526315789473684,0.0,0.044539778716685095,2.1548729566433096,per_group
16150352,0.9356199796304939,0.0,0.0,0.0,0.0,0.0,0.0,0.0015909506529221623,0.374566181982782,per_group
16152223,0.9081519294954956,1.0,1.0,1.0,1.0,0.0,0.0,0.0007303641311603152,8.86340684462443,per_group
16153327,0.7638850676848042,0.0,0.0,0.5,0.5,0.0,0.0,0.01230072591577394,2.3080141722570766,per_group
16156062,0.8272260963839554,0.0,0.0,0.3333333333333333,0.3333333333333333,0.05263157894736842,0.0,0.016845083803671786,1.7096980518055445,per_group
16158468,0.8483701760487884,0.0,0.0,0.0,0.0,0.0,0.0,0.00032427697156031383,0.3394129258138274,per_group
16158546,0.7026018799111585,0.0,0.0,0.5,0.5,0.05263157894736842,0.0,0.02359932427835028,2.3278658799780283,per_group
16166839,0.9246629004242082,0.0,0.0,0.5,0.5,0.045454545454545456,0.0,0.019206621874132062,2.410070120908146,per_group
16168272,0.8109266330288899,0.0,0.0,0.0,0.0,0.21052631578947367,0.0,0.06278891892030236,0.5053494896271954,per_group
16168407,0.8254300681979603,0.0,0.0,0.16666666666666666,0.16666666666666666,0.0,0.0,0.019658288731549154,1.0007703516921607,per_group
16170886,0.9081134804295105,0.0,0.0,1.0,1.0,0.0,0.0,0.0007303641311603152,4.3633914649980365,per_group
16175266,0.8471792408767352,0.0,0.0,0.0,0.0,0.0,0.0,0.007831800150389473,0.340438056380772,per_group
1618581,0.9010987695992924,0.0,0.0,0.0,0.0,0.0,0.0,0.006372655907045603,0.3617140390211261,per_group
16186643,0.7266657189596354,0.0,0.0,0.5,0.5,0.05,0.0,0.027113690436543554,2.3360890256711633,per_group
16186782,0.8439889542734539,0.0,0.0,0.5,0.5,0.0,0.0,0.00316028987128333,2.338227639683638,per_group
16188243,0.8451614808078138,0.0,0.0,1.0,1.0,0.0,0.0,0.004836175292059972,4.339031827381538,per_group
16189104,0.8149649408090057,0.0,0.0,0.3333333333333333,0.3333333333333333,0.05263157894736842,0.0,0.01798114998685453,1.7050208028122011,per_group
16190433,0.954802353247246,0.0,0.0,0.0,0.0,0.0,0.0,0.00299932988976489,0.3825208072768514,per_group
16194172,0.8113773811861819,0.0,0.0,0.3333333333333333,0.3333333333333333,0.10526315789473684,0.0,0.03938386737816981,1.7499715855992295,per_group
16209040,0.7813231639236663,0.0,0.0,0.4,0.4,0.05263157894736842,0.0,0.024657051523571425,1.9595659390320754,per_group
16213363,0.9416265753280945,0.0,0.0,1.0,1.0,0.0,0.0,0.0013673116724519192,4.376924092465728,per_group
16213727,0.814287614362088,0.0,0.0,0.6666666666666666,0.6666666666666666,0.045454545454545456,0.0,0.01636229351965216,3.0320178074790682,per_group
16214306,0.8380051441518716,0.0,0.0,0.5,0.5,0.0,0.0,0.004556958482619117,2.336113449357273,per_group
16214599,0.8630184236221814,0.0,0.0,0.0,0.0,0.0,0.0,0.0005024573158693331,0.34530786091204646,per_group
16217220,0.8425455335018679,0.0,0.0,0.6666666666666666,0.6666666666666666,0.10526315789473684,0.0,0.028735226566832032,3.0936424516965695,per_group
16217319,0.9161532787143557,0.0,0.0,0.5,0.5,0.05263157894736842,0.0,0.015937981317700564,2.411754170907177,per_group
16220573,0.557474506760886,0.0,0.0,0.2222222222222222,0.2222222222222222,0.22727272727272727,0.0,0.09554142165017097,1.3128051577414594,per_group
16227947,0.8980271067586287,0.0,0.0,1.0,1.0,0.045454545454545456,0.0,0.015537443552646692,4.398681967777616,per_group
16231946,0.7757161954435036,0.0,0.0,0.4,0.4,0.10526315789473684,0.0,0.0349876977051095,2.001494544034213,per_group
16236786,0.5790255619657352,0.0,0.0,0.13333333333333333,0.13333333333333333,0.21052631578947367,0.0,0.15344006651643935,0.9640526240544942,per_group
16244531,0.7351786754612928,0.0,0.0,0.2,0.2,0.0,0.0,0.012095324242434553,1.096490535033004,per_group
16246096,0.8808213407327282,0.0,0.0,0.0,0.0,0.0,0.0,0.0012252026950930301,0.3525735768321099,per_group
16249208,0.7833539613195597,0.0,0.0,0.5,0.5,0.0,0.0,0.0047874815157918724,2.314299080830982,per_group
16251682,0.9468229745442491,0.0,0.0,0.0,0.0,0.0,0.0,0.0016186964580532253,0.3790529291093103,per_group
16254381,0.7016236126040488,1.0,1.0,0.75,0.75,0.0,0.0,0.01022363561557722,7.782694172164735,per_group
16257494,0.8479278252356233,0.0,0.0,0.0,0.0,0.05,0.0,0.0208192618068056,0.38333498245561043,per_group
16261754,0.9327706776342816,0.0,0.0,0.5,0.5,0.0,0.0,0.003561938777856901,2.373820658809284,per_group
16269833,0.8607418854368094,0.0,0.0,1.0,1.0,0.05263157894736842,0.0,0.01613383467848232,4.389628784268315,per_group
16273731,0.8623785792667711,0.0,0.0,0.6666666666666666,0.6666666666666666,0.09090909090909091,0.0,0.02626698897920398,3.0895987688964888,per_group
16286974,0.8345385427611377,0.0,0.0,0.5,0.5,0.0,0.0,0.003693080738533371,2.3345540332521617,per_group
16287203,0.7909324048082206,0.0,0.0,0.0,0.0,0.05263157894736842,0.0,0.019918088639382842,0.3624618428090596,per_group
16295357,0.8066731158657334,0.0,0.0,0.0,0.0,0.0,0.0,0.00016308465658501859,0.3227018632776104,per_group
16301912,0.9173593419450855,0.0,0.0,0.75,0.75,0.05263157894736842,0.0,0.025749680688367593,3.4141989360736025,per_group
16303345,0.8608337076536317,0.0,0.0,0.0,0.0,0.10526315789473684,0.0,0.02988989652607172,0.43452198868245645,per_group
16304657,0.8630184236221814,0.0,0.0,0.0,0.0,0.0,0.0,0.0005024573158693331,0.34530786091204646,per_group
16304739,0.9986426641502303,0.0,0.0,0.0,0.0,0.0,0.0,0.04619146214519652,0.40869535808913143,per_group
16306595,0.7345424299039854,0.0,0.0,0.3333333333333333,0.3333333333333333,0.09090909090909091,0.0,0.04065485608891582,1.7080085492399832,per_group
16308740,0.9587149881904254,0.0,0.0,0.0,0.0,0.0,0.0,0.0037510283723854337,0.3842362009506473,per_group
16316851,0.7961274916282867,0.0,0.0,0.5,0.5,0.045454545454545456,0.0,0.017147017629710094,2.358244036540893,per_group
16322274,0.8065476889612664,0.0,0.0,0.5,0.5,0.05263157894736842,0.0,0.014914268565461764,2.367707192455494,per_group
16333340,0.9990132468760814,0.0,0.0,0.0,0.0,0.0,0.0,0.06942799385392612,0.4134908975212178,per_group
16335288,0.9995746715021586,0.0,0.0,0.0,0.0,0.0,0.0,0.09717575755846794,0.41926502011255706,per_group
16338900,0.9810774800013013,0.0,0.0,0.0,0.0,0.0,0.0,0.02690341864847666,0.3978116757302159,per_group
16339549,0.8283956313022175,0.0,0.0,0.0,0.0,0.0,0.0,0.0054261859985600975,0.33244348972059906,per_group
16340098,0.8042879819404295,0.0,0.0,0.0,0.0,0.0,0.0,0.0035716391267057884,0.322429520601513,per_group
16344649,0.659058295685148,0.0,0.0,0.2,0.2,0.10526315789473684,0.0,0.05198244380208164,1.1582303333502653,per_group
16347512,0.9206812766544921,0.0,0.0,0.25,0.25,0.0,0.0,0.00915755223777613,1.370104021109352,per_group
16350797,0.9492298908750235,0.0,0.0,0.0,0.0,0.0,0.0,0.0020613550343343253,0.38010422735687627,per_group
16351122,0.9288060640330269,0.0,0.0,0.5,0.5,0.0,0.0,0.005267131587181979,2.3725758519306472,per_group
16355091,0.9020665939280018,0.0,0.0,0.0,0.0,0.0,0.0,0.0007072318573639154,0.36096808394267355,per_group
16356533,0.8198896168450287,0.0,0.0,0.5,0.5,0.05263157894736842,0.0,0.014650658502321678,2.3729912415963708,per_group
16356717,0.82449001920761,0.0,0.0,0.5,0.5,0.045454545454545456,0.0,0.0132331852843301,2.368806281103546,per_group
16357565,0.8676947787017298,0.0,0.0,0.0,0.0,0.0,0.0,0.00034455296278255515,0.3471468220732485,per_group
16359962,0.9977068901406159,0.0,0.0,0.0,0.0,0.0,0.0,0.05255179405430459,0.4095931148671073,per_group
16365445,0.9590254788464015,0.0,0.0,0.0,0.0,0.0,0.0,0.002201287156216954,0.384050448969804,per_group
16365985,0.8208071251048638,0.0,0.0,0.3333333333333333,0.3333333333333333,0.0,0.0,0.011403120477309353,1.6639368074707406,per_group
16366947,0.9019020525172087,0.0,0.0,1.0,1.0,0.05263157894736842,0.0,0.018782699887016956,4.406622624142182,per_group
16374987,0.9363730934864053,0.0,0.0,1.0,1.0,0.0,0.0,0.0016249755584896945,4.37487423250626,per_group
16380856,0.8235824131694397,0.0,0.0,0.75,0.75,0.09090909090909091,0.0,0.027753005131010453,3.4077108390212505,per_group
16394063,0.8747426060148918,1.0,1.0,0.0,0.0,0.0,0.0,0.001255497958005581,4.850148141997558,per_group
16394309,0.9973180565380767,0.0,0.0,0.0,0.0,0.0,0.0,0.05255179405430459,0.40943758142609166,per_group
16394517,0.8326722824966764,0.0,0.0,0.6,0.6,0.15789473684210525,0.0,0.04615385683846581,2.8686154738400482,per_group
16395784,0.9095333082286883,0.0,0.0,0.5,0.5,0.05263157894736842,0.0,0.021388732527190545,2.410196332954808,per_group
16396652,0.8284755890415606,0.0,0.0,0.0,0.0,0.0,0.0,6.881122854057342e-05,0.3314039978623324,per_group
16397377,0.8373547056200465,0.0,0.0,0.0,0.0,0.0,0.0,0.003042253169725916,0.3355503328819638,per_group
16399227,0.8462291987918359,0.0,0.0,0.5,0.5,0.05263157894736842,0.0,0.014376111481008718,2.383472164970831,per_group
16403341,0.8675178619028534,0.0,0.0,1.0,1.0,0.05263157894736842,0.0,0.014755148423331253,4.392063437603703,per_group
16404717,0.9365972607199209,0.0,0.0,0.0,0.0,0.05263157894736842,0.0,0.016808729807850954,0.4201059134074333,per_group
16406458,0.8132421608864621,0.0,0.0,0.14285714285714285,0.14285714285714285,0.10526315789473684,0.0,0.04355346655264206,0.9896466554094742,per_group
16410165,0.8124724826561907,0.0,0.0,0.3333333333333333,0.3333333333333333,0.05263157894736842,0.0,0.01700512174330625,1.7038286139023655,per_group
16410966,0.8044547985335234,0.0,0.0,1.0,1.0,0.05263157894736842,0.0,0.02199412339441409,4.368286007250187,per_group
16411682,0.8260300788640997,0.0,0.0,1.0,1.0,0.0,0.0,0.003794351812867642,4.331170901908213,per_group
16412744,0.5522003523375859,0.0,0.0,0.3,0.3,0.3157894736842105,0.0,0.14950605476831816,1.7034129308360662,per_group
16420606,0.8101288241299114,0.0,0.0,0.0,0.0,0.0,0.0,1.2494909393205316e-05,0.32405402863384325,per_group
16424513,0.8957414310851146,0.0,0.0,0.6666666666666666,0.6666666666666666,0.05263157894736842,0.0,0.01901499322212874,3.0708715009030327,per_group
16426613,0.8496457093647001,0.0,0.0,1.0,1.0,0.0,0.0,0.006323852713787372,4.341123054288637,per_group
16428853,0.9416265753280945,0.0,0.0,1.0,1.0,0.0,0.0,0.0013673116724519192,4.376924092465728,per_group
16428901,0.8862011432932682,0.0,0.0,0.5,0.5,0.13636363636363635,0.0,0.03904045009800278,2.4713794564278166,per_group
16431844,0.7667194199637137,0.0,0.0,0.1111111111111111,0.1111111111111111,0.3684210526315789,0.0,0.17596615425508821,1.0810622853862109,per_group
16433223,0.8104293108482561,0.0,0.0,0.6666666666666666,0.6666666666666666,0.10526315789473684,0.0,0.03822787528796,3.0826944923793502,per_group
16435224,0.9044165398431081,0.0,0.0,0.0,0.0,0.05263157894736842,0.0,0.017818055462252777,0.40743549018758857,per_group
16437938,0.8493780787086717,0.0,0.0,0.0,0.0,0.0,0.0,0.0019654257541317868,0.34014431663429506,per_group
16439625,0.7871691873120491,0.0,0.0,0.3333333333333333,0.3333333333333333,0.0,0.0,0.00655310574560618,1.649511629407274,per_group
16439879,0.9227393300527317,0.0,0.0,0.0,0.0,0.0,0.0,0.00898778148862073,0.37089328831881685,per_group
16440473,0.7997237786463814,0.0,0.0,0.75,0.75,0.15789473684210525,0.0,0.04355748691846953,3.4549167983159306,per_group
16440855,0.8253171223549567,0.0,0.0,0.0,0.0,0.0,0.0,9.981505645086715e-05,0.33014681195327283,per_group
16444797,0.9145986752104049,0.0,0.0,0.5,0.5,0.0,0.0,0.006327825131579524,2.367105035110478,per_group
16447060,0.30937784277894753,0.0,0.0,0.08196721311475409,0.08196721311475409,0.10526315789473684,0.0,0.21525502154571516,0.5788815201955279,per_group
16451087,0.8470568565818223,0.0,0.0,0.0,0.0,0.0,0.0,0.0024016790867169733,0.33930307845007235,per_group
16452021,0.7595903988024832,0.0,0.0,0.25,0.25,0.05263157894736842,0.0,0.020395942769767948,1.3500206112328414,per_group
16452950,0.765229395622012,0.0,0.0,0.25,0.25,0.045454545454545456,0.0,0.018243661009724813,1.346104126814386,per_group
16454768,0.8004141790500592,0.0,0.0,0.3333333333333333,0.3333333333333333,0.05263157894736842,0.0,0.01691484915224122,1.6989872379416997,per_group
16460562,0.9991531913709905,0.0,0.0,0.0,0.0,0.0,0.0,0.060846206706196705,0.4118305178896356,per_group
16460745,0.9991531913709905,0.0,0.0,0.0,0.0,0.0,0.0,0.060846206706196705,0.4118305178896356,per_group
16462841,0.9335328518883474,0.0,0.0,0.0,0.0,0.0,0.0,0.0011527135427568042,0.3736436834638904,per_group
16462880,0.6350228700551773,0.0,0.0,0.043478260869565216,0.043478260869565216,0.3157894736842105,0.0,0.1318385921598739,0.7069214888796751,per_group
16463885,0.8319620796341689,0.0,0.0,0.0,0.0,0.0,0.0,0.0006324422429891868,0.33291132030226545,per_group
16464939,0.9483532751176172,0.0,0.0,0.0,0.0,0.0,0.0,0.00202009339771666,0.3797453287265902,per_group
16477216,0.8135697088535416,0.0,0.0,0.0,0.0,0.0,0.0,0.002665756553509132,0.32596103485211847,per_group
16487708,0.8776041720670154,0.0,0.0,1.0,1.0,0.05263157894736842,0.0,0.014676597261969798,4.396082251437095,per_group
16489432,0.790625152236714,0.0,0.0,0.0,0.0,0.0,0.0,0.025693642903329948,0.32138878947535165,per_group
16490278,0.9567720057755869,0.0,0.0,1.0,1.0,0.0,0.0,0.0030941391282035715,4.383327630135876,per_group
16494857,0.6394068454771473,0.0,0.0,0.3181818181818182,0.3181818181818182,0.3157894736842105,0.0,0.14991477146984017,1.8111045441594682,per_group
16499533,0.9266945953372271,0.0,0.0,0.75,0.75,0.045454545454545456,0.0,0.019061387612864036,3.4108537520211,per_group
16499557,0.9994624147674126,0.0,0.0,0.0,0.0,0.0,0.0,0.06942799385392612,0.41367056467775026,per_group
16505673,0.948477750144235,0.0,0.0,0.0,0.0,0.0,0.0,0.006548635739934285,0.3807008272056809,per_group
16510377,0.8331918718198569,0.0,0.0,0.75,0.75,0.10526315789473684,0.0,0.031877513373099596,3.423862777718352,per_group
16511202,0.9003423666654553,0.0,0.0,0.6666666666666666,0.6666666666666666,0.05263157894736842,0.0,0.019511242288267387,3.072811124948397,per_group
16515024,0.8319620796341689,0.0,0.0,0.0,0.0,0.0,0.0,0.0006324422429891868,0.33291132030226545,per_group
16516106,0.9144572196042289,0.0,0.0,0.0,0.0,0.09090909090909091,0.0,0.035683962501926896,0.4456469530693497,per_group
16516483,0.9644004780942481,0.0,0.0,0.0,0.0,0.0,0.0,0.010483633348231011,0.3878569179073455,per_group
16517592,0.7396904744801719,0.0,0.0,0.0,0.0,0.0,0.0,0.0008116764785863121,0.296038525087786,per_group
16519098,0.8524340097223885,0.0,0.0,1.0,1.0,0.0,0.0,0.00013333909612766066,4.3410002717081815,per_group
16521778,0.998974995366938,0.0,0.0,0.0,0.0,0.0,0.0,0.04045667587779767,0.40768133332233475,per_group
16530997,0.7196668740287234,0.0,0.0,0.0,0.0,0.0,0.0,0.0010655574344897597,0.28807986109838735,per_group
16531797,0.9994624147674126,0.0,0.0,0.0,0.0,0.0,0.0,0.06942799385392612,0.41367056467775026,per_group
16537567,0.8630184236221814,0.0,0.0,0.0,0.0,0.0,0.0,0.0005024573158693331,0.34530786091204646,per_group
16541717,0.9976934416789031,0.0,0.0,0.0,0.0,0.0,0.0,0.05255179405430459,0.40958773548242217,per_group
16541786,0.8876523391259293,0.0,0.0,0.2,0.2,0.05263157894736842,0.0,0.02700213081303803,1.202566624970874,per_group
16543625,0.7754219971967877,0.0,0.0,0.0,0.0,0.0,0.0,0.006577934322128077,0.31148438574314075,per_group
16547885,0.8881841328829636,0.0,0.0,1.0,1.0,0.05263157894736842,0.0,0.01602200986604296,4.400583318284289,per_group
16548023,0.8997291703544851,0.0,0.0,1.0,1.0,0.05263157894736842,0.0,0.023219819251259967,4.40664089514994,per_group
16549857,0.874294891601454,0.0,0.0,0.3333333333333333,0.3333333333333333,0.045454545454545456,0.0,0.016313234463813293,1.722677573230314,per_group
16552022,0.8257201028625771,0.0,0.0,0.6666666666666666,0.6666666666666666,0.045454545454545456,0.0,0.015202149287140771,3.0363587740327618,per_group
16552311,0.7758567674044661,0.0,0.0,0.0,0.0,0.0,0.0,0.005060333452575429,0.3113547736523015,per_group
16561129,0.7567898721828623,0.0,0.0,0.75,0.75,0.0,0.0,0.007893147809634075,3.304294578435072,per_group
16561591,0.797893388742521,0.0,0.0,0.42857142857142855,0.42857142857142855,0.2,0.0,0.08847865288122908,2.211138800358969,per_group
16572534,0.7311679551409885,0.0,0.0,0.0,0.0,0.0,0.0,0.0009923236283650972,0.29266564678206847,per_group
16572778,0.8450551905335638,0.0,0.0,0.0,0.0,0.0,0.0,0.0004952653751428753,0.3381211292884541,per_group
16573966,0.9977872749501547,0.0,0.0,0.0,0.0,0.0,0.0,0.06942799385392612,0.41300050875084715,per_group
16575742,0.7485862459784386,0.0,0.0,1.0,1.0,0.045454545454545456,0.0,0.019969208433802732,4.339791976441772,per_group
16575853,0.7145663045644005,0.0,0.0,0.0,0.0,0.05263157894736842,0.0,0.046632361266339475,0.3372582572369229,per_group
16579031,0.856059343328708,0.0,0.0,0.0,0.0,0.0,0.0,0.0017080612484927141,0.34276534958118177,per_group
16579074,0.7402608192901038,0.0,0.0,0.1111111111111111,0.1111111111111111,0.10526315789473684,0.0,0.0437062002286656,0.8335005385220086,per_group
16585828,0.7748144851495801,0.0,0.0,1.0,1.0,0.0,0.0,0.0034133814786789203,4.310608470355568,per_group
16586626,0.9109087377253227,0.0,0.0,1.0,1.0,0.0,0.0,0.007949045006331507,4.365953304091395,per_group
16593654,0.8430033527517548,0.0,0.0,0.0,0.0,0.0,0.0,0.00029531640540807956,0.33726040438178356,per_group
16594644,0.9686475190884655,0.0,0.0,0.0,0.0,0.0,0.0,0.00793922809461907,0.38904685325431004,per_group
16594962,0.8442960028711356,0.0,0.0,0.0,0.0,0.0,0.0,0.0025558760290853642,0.3382295763542713,per_group
16598002,0.7083777047226638,0.0,0.0,0.2,0.2,0.05263157894736842,0.0,0.025866638364872973,1.130629672719935,per_group
16601276,0.846371742499772,0.0,0.0,0.6666666666666666,0.6666666666666666,0.0,0.0,0.006137947485821965,3.0064429531637398,per_group
16603948,0.8999733355217459,0.0,0.0,0.0,0.0,0.10526315789473684,0.0,0.03801704289167054,0.4518032691028219,per_group
16607015,0.9544938208987674,0.0,0.0,0.0,0.0,0.0,0.0,0.0016840294958234525,0.38213433425867166,per_group
16611179,0.8617252942398914,0.0,0.0,0.0,0.0,0.05263157894736842,0.0,0.01812743628774236,0.3904208681113998,per_group
16617884,0.9332323470258356,0.0,0.0,0.0,0.0,0.0,0.0,0.008129920124600587,0.37491892283525435,per_group
16618029,0.9153381738135072,0.0,0.0,0.0,0.0,0.05263157894736842,0.0,0.016259496807321992,0.4114924320447621,per_group
16619381,0.9617841398384711,0.0,0.0,0.0,0.0,0.0,0.0,0.0022830373459692163,0.3851702634045823,per_group
16628874,0.7805342951560398,0.0,0.0,0.25,0.25,0.05263157894736842,0.0,0.02138382745725642,1.358595746711762,per_group
16636746,0.8553330095362183,0.0,0.0,0.0,0.0,0.05263157894736842,0.0,0.015231559996396455,0.38728477897166136,per_group
16636919,0.9620540628369774,0.0,0.0,0.5,0.5,0.0,0.0,0.005987414116635484,2.386019107958118,per_group
16639670,0.8630184236221814,0.0,0.0,0.0,0.0,0.0,0.0,0.0005024573158693331,0.34530786091204646,per_group
16645520,0.8724556432571234,0.0,0.0,1.0,1.0,0.05263157894736842,0.0,0.014674912420100309,4.394022502944765,per_group
16646201,0.8533769891240977,0.0,0.0,0.0,0.0,0.045454545454545456,0.0,0.015319236439165993,0.3807782793011087,per_group
16649779,0.997563566657745,0.0,0.0,0.0,0.0,0.0,0.0,0.03484545751532539,0.4059945181661631,per_group
16652658,0.9077989867872216,0.0,0.0,0.3333333333333333,0.3333333333333333,0.10526315789473684,0.0,0.030969823206655502,1.7868574190053426,per_group
16661603,0.8459010513257249,0.0,0.0,0.25,0.25,0.05,0.0,0.028815417154560423,1.384123503961202,per_group
16667356,0.8319620796341689,0.0,0.0,0.0,0.0,0.0,0.0,0.0006324422429891868,0.33291132030226545,per_group
16670897,0.8573103657899996,0.0,0.0,1.0,1.0,0.0,0.0,0.004864457298729505,4.343897037775746,per_group
1668011,0.8327932559726341,0.0,0.0,0.5,0.5,0.05263157894736842,0.0,0.02055376516117038,2.379333318579183,per_group
16698800,0.7387026632420368,0.0,0.0,0.2,0.2,0.15789473684210525,0.0,0.058994533742336056,1.233595761518966,per_group
16730276,0.8810935012953528,0.0,0.0,1.0,1.0,0.05263157894736842,0.0,0.014431079815441932,4.397428879639125,per_group
16743661,0.7234186325805555,0.0,0.0,0.3333333333333333,0.3333333333333333,0.21052631578947367,0.0,0.06908031610102583,1.8049379022173395,per_group
16780257,0.9202757256972242,0.0,0.0,0.25,0.25,0.05263157894736842,0.0,0.021994180337415268,1.4146143895042675,per_group
16782103,0.9179250293526833,0.0,0.0,0.5,0.5,0.0,0.0,0.0042897681799624774,2.3680279653770655,per_group
16782107,0.9834728104931206,0.0,0.0,0.0,0.0,0.0,0.0,0.03092493164130364,0.399574110525509,per_group
16783192,0.8744954834925853,0.0,0.0,0.0,0.0,0.0,0.0,0.004381221698270669,0.35067443773668827,per_group
16784574,0.9996396653653024,0.0,0.0,0.0,0.0,0.0,0.0,0.06942799385392612,0.41374146491690617,per_group
16787980,0.8284399851311262,0.0,0.0,0.0,0.0,0.0,0.0,0.003317452565512878,0.33203948456555304,per_group
16788703,0.8101288241299114,0.0,0.0,0.0,0.0,0.0,0.0,1.2494909393205316e-05,0.32405402863384325,per_group
16788710,0.9545019034259121,0.0,0.0,0.0,0.0,0.0,0.0,0.0016840294958234525,0.3821375672695296,per_group
16796298,0.8169950242965122,0.0,0.0,1.0,1.0,0.05263157894736842,0.0,0.018040335745565964,4.372511340025612,per_group
16796683,0.8630184236221814,0.0,0.0,0.0,0.0,0.0,0.0,0.0005024573158693331,0.34530786091204646,per_group
16813674,0.8854280895549798,0.0,0.0,0.3333333333333333,0.3333333333333333,0.10526315789473684,0.0,0.030528192941395263,1.7778207340593937,per_group
16819281,0.9091434462581155,0.0,0.0,0.0,0.0,0.05263157894736842,0.0,0.02010613874362886,0.4097838694098667,per_group
16822115,0.8914276226588946,0.0,0.0,0.0,0.0,0.0,0.0,0.0009709060662079117,0.35676523027679946,per_group
16830375,0.826902168952267,0.0,0.0,1.0,1.0,0.0,0.0,0.0012459779867929773,4.331010063178265,per_group
16831357,0.8645041656384402,0.0,0.0,0.0,0.0,0.0,0.0,0.0013203292431284049,0.3460657321040018,per_group
16834699,0.798626841411949,0.0,0.0,0.0,0.0,0.0,0.0,0.0011837372498063239,0.3196874840147409,per_group
16839438,0.8445236716553112,0.0,0.0,0.0,0.0,0.0,0.0,0.005324907464614242,0.3388744501550473,per_group
16845153,0.6124137653911425,0.0,0.0,0.15,0.15,0.15789473684210525,0.0,0.083466327246367,0.9879745610794145,per_group
16850092,0.8443699603804642,0.0,0.0,0.0,0.0,0.0,0.0,0.0003746489824355497,0.3378229139486728,per_group
16851290,0.9969316908063456,0.0,0.0,0.0,0.0,0.0,0.0,0.03110184006343017,0.4049930443352243,per_group
16852922,0.9054781471112938,0.0,0.0,0.5,0.5,0.0,0.0,0.004254247256014525,2.3630421082957205,per_group
16855827,0.9019178195545602,0.0,0.0,1.0,1.0,0.05,0.0,0.021468963670486195,4.405060920555922,per_group
16858294,0.8812076416481779,0.0,0.0,0.0,0.0,0.0,0.0,0.0009173646834806456,0.3526665295959673,per_group
16861860,0.9674470141444629,0.0,0.0,0.0,0.0,0.0,0.0,0.0026968559417641703,0.38751817684613804,per_group
16871327,0.9562658362302999,0.0,0.0,0.0,0.0,0.0,0.0,0.0025260192232775883,0.38301153833677554,per_group
16871663,0.7810287617031257,0.0,0.0,0.16666666666666666,0.16666666666666666,0.05263157894736842,0.0,0.024349437400788987,1.0260533219859695,per_group
16874180,0.8046201421325936,0.0,0.0,0.8333333333333334,0.8333333333333334,0.18181818181818182,0.0,0.0525816399880644,3.8111522636385295,per_group
16880649,0.8616334651419829,0.0,0.0,0.0,0.0,0.0,0.0,0.000496880865087058,0.3447527622298106,per_group
16884008,0.9983008289853196,0.0,0.0,0.0,0.0,0.0,0.0,0.04619146214519652,0.4085586240231671,per_group
16884022,0.8806260017876946,0.0,0.0,0.0,0.0,0.05263157894736842,0.0,0.028927774467199418,0.4001412187664125,per_group
16899287,0.8026445988292107,0.0,0.0,0.3333333333333333,0.3333333333333333,0.0,0.0,0.005948070677658597,1.6555807870005492,per_group
16908192,0.7947006852398659,0.0,0.0,0.0,0.0,0.0,0.0,0.017529026474944122,0.3213860793909352,per_group
16917389,0.7563245738927307,0.0,0.0,0.0,0.0,0.0,0.0,0.0006414449340325384,0.3026581185438988,per_group
16918618,0.7391317901738942,0.0,0.0,0.9047619047619048,0.9047619047619048,0.3157894736842105,0.0,0.1431447732111652,4.195960868706778,per_group
16925295,0.8775836132052518,0.0,0.0,0.0,0.0,0.0,0.0,0.0009705879280453106,0.3512275628677098,per_group
16926826,0.9199424919597767,0.0,0.0,1.0,1.0,0.0,0.0,0.009082400845414272,4.369793476952994,per_group
16928036,0.9401521462856758,0.0,0.0,0.0,0.0,0.0,0.0,0.007149329725496397,0.37749072445936965,per_group
16930883,0.9549838564916319,0.0,0.0,0.0,0.0,0.0,0.0,0.005810027152416786,0.3831555480271361,per_group
16931885,0.8780845389234581,0.0,0.0,1.0,1.0,0.05263157894736842,0.0,0.014462746561917575,4.396231628039661,per_group
16933135,0.9987665554080107,0.0,0.0,0.0,0.0,0.0,0.0,0.06942799385392612,0.41339222093398953,per_group
16936384,0.9114470756425711,0.0,0.0,0.5,0.5,0.05263157894736842,0.0,0.016408370160668505,2.4099657674470567,per_group
16940704,0.8967220947404704,0.0,0.0,0.0,0.0,0.0,0.0,0.01195902844851307,0.36108064358589076,per_group
16942880,0.8342810750467635,0.0,0.0,0.0,0.0,0.0,0.0,0.0014511598854041678,0.33400266199578627,per_group
16943465,0.957995005173883,0.0,0.0,0.0,0.0,0.0,0.0,0.001627245098357796,0.3835234510892248,per_group
16945142,0.982080083591193,0.0,0.0,1.0,1.0,0.0,0.0,0.010963192006096769,4.395024671837696,per_group
16945563,0.8627587616191564,0.0,0.0,1.0,1.0,0.05263157894736842,0.0,0.015424580549972883,4.3902936839155515,per_group
16946002,0.7859267511637301,0.0,0.0,0.5,0.5,0.0,0.0,0.0029640316901012264,2.314963506803512,per_group
16954507,0.8630184236221814,0.0,0.0,0.0,0.0,0.0,0.0,0.0005024573158693331,0.34530786091204646,per_group
16956110,0.931846523363043,0.0,0.0,0.5,0.5,0.0,0.0,0.004035011558695127,2.373545611656956,per_group
16958365,0.9560885617292275,0.0,0.0,1.0,1.0,0.0,0.0,0.003400899289186669,4.383115604549528,per_group
16958590,0.878444850186155,0.0,0.0,0.3333333333333333,0.3333333333333333,0.0,0.0,0.006835405363610641,1.6860783544805176,per_group
16965701,0.8695972050690624,0.0,0.0,0.0,0.0,0.05263157894736842,0.0,0.02984124490747525,0.3959123941670148,per_group
16968979,0.8695649432090977,0.0,0.0,0.0,0.0,0.0,0.0,0.0014073929704549184,0.3481074558777301,per_group
16971414,0.9986120006164089,0.0,0.0,0.0,0.0,0.0,0.0,0.06942799385392612,0.4133303990173488,per_group
16979008,0.9024097008727258,0.0,0.0,0.3333333333333333,0.3333333333333333,0.10526315789473684,0.0,0.03100414152293922,1.7847085683028008,per_group
16980497,0.9974126695842629,0.0,0.0,0.0,0.0,0.0,0.0,0.06942799385392612,0.4128506666044904,per_group
16986733,0.9293123695608637,0.0,0.0,1.0,1.0,0.0,0.0,0.003615772043008043,4.372448102232947,per_group
16988925,0.8961075556018199,0.0,0.0,1.0,1.0,0.05263157894736842,0.0,0.017871462311091314,4.404122577860841,per_group
16988986,0.8073942993191455,0.0,0.0,0.0,0.0,0.0,0.0,0.0002577435305901781,0.32300926843377625,per_group
16991700,0.8636077006782028,0.0,0.0,0.0,0.0,0.10526315789473684,0.0,0.032298605722140473,0.4361133277314987,per_group
16994507,0.7879263405644207,0.0,0.0,0.0,0.0,0.05263157894736842,0.0,0.024197401289307946,0.3621152796415246,per_group
17006804,0.761018103604902,0.0,0.0,0.75,0.75,0.0,0.0,0.007883410338792574,3.3059839235097193,per_group
17022135,0.9976523420155585,0.0,0.0,0.0,0.0,0.0,0.0,0.040554641358940706,0.4071718650780116,per_group
17028863,0.8887652203143379,0.0,0.0,0.0,0.0,0.0,0.0,0.003923854972106303,0.35629085912015646,per_group
17044292,0.6547866656595208,0.0,0.0,0.07692307692307693,0.07692307692307693,0.18181818181818182,0.0,0.07211752765720787,0.7294850249421031,per_group
17044330,0.8980283261170227,0.0,0.0,0.0,0.0,0.0,0.0,0.009692886753190159,0.3611499077974471,per_group
17059192,0.8536793257468442,0.0,0.0,0.0,0.0,0.0,0.0,0.0003817341448238127,0.34154807712770247,per_group
17071990,0.8730729020467719,0.0,0.0,0.0,0.0,0.0,0.0,0.0009953074977326682,0.3494282223182553,per_group
17083813,0.8515092482242124,0.0,0.0,0.0,0.0,0.0,0.0,0.004912692494984853,0.34158623778868197,per_group
17084975,0.8630264971985762,0.0,0.0,0.0,0.0,0.0,0.0,0.0005024573158693331,0.3453110903426044,per_group
1708661,0.9414288864467178,0.0,0.0,0.0,0.0,0.0,0.0,0.005377899107925654,0.3776471344002723,per_group
17090151,0.7753021399047241,0.0,0.0,1.0,1.0,0.0,0.0,0.003900053515091516,4.310900866664908,per_group
17100370,0.8789282936477893,0.0,0.0,0.0,0.0,0.0,0.0,0.004188323721044711,0.35240898220332467,per_group
17100782,0.9316606097205969,0.0,0.0,1.0,1.0,0.0,0.0,0.0023177956896137165,4.373127803026161,per_group
17105161,0.9222899672176669,0.0,0.0,0.16666666666666666,0.16666666666666666,0.0,0.0,0.01887193333857966,1.0393570402214494,per_group
17105262,0.8938123316387301,0.0,0.0,1.0,1.0,0.0,0.0,0.00042028283661521353,4.357608989222816,per_group
17107079,0.9485040245225491,0.0,0.0,0.0,0.0,0.05263157894736842,0.0,0.05016920047735681,0.4315407130623858,per_group
17112369,0.6549144823678549,0.0,0.0,0.18181818181818182,0.18181818181818182,0.13636363636363635,0.0,0.05757481673335171,1.1098443926574486,per_group
17112843,0.9285142369820251,0.0,0.0,1.0,1.0,0.0,0.0,0.005994269208606198,4.3726045486345315,per_group
17115414,0.9056012939651569,0.0,0.0,0.25,0.25,0.045454545454545456,0.0,0.018914352602103262,1.4023870244701198,per_group
17120553,0.5364409390068512,0.0,0.0,0.14285714285714285,0.14285714285714285,0.05,0.0,0.040322201056613,0.8340693872426345,per_group
17120614,0.9630488200471187,0.0,0.0,0.0,0.0,0.0,0.0,0.00220770397787783,0.3856610688144231,per_group
17129863,0.9501590808857863,0.0,0.0,0.0,0.0,0.0,0.0,0.0026075595934463977,0.3805851442730038,per_group
17135182,0.7738341811208573,0.0,0.0,0.75,0.75,0.045454545454545456,0.0,0.01780448908360081,3.3494582066286993,per_group
17138727,0.7640750013113817,0.0,0.0,0.0,0.0,0.0,0.0,0.0006896566439922321,0.30576793185335116,per_group
17150049,0.9246331033778465,1.0,1.0,0.25,0.25,0.09090909090909091,0.0,0.030834144059031336,5.948747342890218,per_group
17156411,0.876319017985698,0.0,0.0,0.75,0.75,0.10526315789473684,0.0,0.03246427212077158,3.441230987934223,per_group
17164436,0.9471714272372074,0.0,0.0,0.0,0.0,0.0,0.0,0.0015214161872862638,0.3791728541323402,per_group
17173775,0.5840846907479751,0.0,0.0,0.631578947368421,0.631578947368421,0.631578947368421,0.0,0.32752700092722403,3.3307182238530553,per_group
17173819,0.9201410621398958,0.0,0.0,1.0,1.0,0.045454545454545456,0.0,0.015587217710592878,4.407537504761713,per_group
17176166,0.8712847991694376,0.0,0.0,0.6666666666666666,0.6666666666666666,0.0,0.0,0.00608206749202552,3.0163969998328466,per_group
17176836,0.8784740099441999,0.0,0.0,0.0,0.0,0.0,0.0,0.0016948413394594526,0.35172857224557186,per_group
17191474,0.8828593621894877,0.0,0.0,0.5714285714285714,0.5714285714285714,0.05263157894736842,0.0,0.0334475730682613,2.687652808361628,per_group
17201112,0.6199527059490564,0.0,0.0,0.18181818181818182,0.18181818181818182,0.15789473684210525,0.0,0.08838190632258566,1.1192459803905512,per_group
17204571,0.7869228063439531,0.0,0.0,0.0,0.0,0.0,0.0,0.001253093861257368,0.31501974130983273,per_group
17208441,0.8912347048991608,0.0,0.0,0.0,0.0,0.0,0.0,0.00034843379421085115,0.35656356871850653,per_group
17221081,0.8718026985084373,0.0,0.0,0.5,0.5,0.045454545454545456,0.0,0.014928802659908171,2.3880704762989926,per_group
17221781,0.8243253676228744,0.0,0.0,0.0,0.0,0.0,0.0,0.01150006595241303,0.33203016023963244,per_group
17221943,0.8816725659862973,0.0,0.0,1.0,1.0,0.05263157894736842,0.0,0.01910985825959366,4.398596261204332,per_group
17223468,0.8353504248213843,0.0,0.0,0.5,0.5,0.05263157894736842,0.0,0.020821544470121446,2.380409741980473,per_group
17234887,0.9495182248742747,0.0,0.0,0.0,0.0,0.0,0.0,0.0018746295821288732,0.3801822158661357,per_group
17235460,0.9289867678440297,0.0,0.0,1.0,1.0,0.0,0.0,0.0024646935884862033,4.372087645855308,per_group
17235677,0.9318868626893012,0.0,0.0,0.0,0.0,0.0,0.0,0.0011686119319718035,0.37298846746211484,per_group
17238240,0.8998515716472169,0.0,0.0,0.6,0.6,0.05263157894736842,0.0,0.025180293663561785,2.807081950549494,per_group
17239031,0.7564841494150422,0.0,0.0,0.3333333333333333,0.3333333333333333,0.0,0.0,0.00784838452807682,1.6374966700049653,per_group
17239946,0.7547257980429157,0.0,0.0,0.8,0.8,0.045454545454545456,0.0,0.02108477059143758,3.54247090969909,per_group
17240550,0.8919446538103551,0.0,0.0,0.5,0.5,0.10526315789473684,0.0,0.03224626862026069,2.447437641563983,per_group
17240635,0.9985637076886471,0.0,0.0,0.0,0.0,0.0,0.0,0.06942799385392612,0.4133110818462441,per_group
17245450,0.9341653342519787,0.0,0.0,0.5,0.5,0.0,0.0,0.003555311529759897,2.3743771960067432,per_group
17248244,0.8991476869395231,0.0,0.0,0.5,0.5,0.045454545454545456,0.0,0.025430237461882277,2.401108758631822,per_group
17250640,0.8536793257468442,0.0,0.0,0.0,0.0,0.0,0.0,0.0003817341448238127,0.34154807712770247,per_group
17258003,0.8402977953645717,0.0,0.0,0.0,0.0,0.0,0.0,0.000494963037971592,0.33621811075342306,per_group
17264531,0.7969230480529356,0.0,0.0,0.5,0.5,0.0,0.0,0.0039530518440778215,2.31955982958999,per_group
17266270,0.7334242456002591,0.0,0.0,0.6666666666666666,0.6666666666666666,0.0,0.0,0.01668891173240145,2.9633741472532504,per_group
17266551,0.8909674377292927,0.0,0.0,0.0,0.0,0.0,0.0,0.0008323265570061379,0.3565534404031183,per_group
17275103,0.9515310130812153,0.0,0.0,1.0,1.0,0.0,0.0,0.0016544144113012696,4.3809432881147465,per_group
17282551,0.9357583588728393,0.0,0.0,1.0,1.0,0.0,0.0,0.0014326198911360497,4.374589867527363,per_group
17285878,0.7445787983391716,0.0,0.0,0.3,0.3,0.22727272727272727,0.0,0.07306592724594142,1.6942628866030387,per_group
17291344,0.6267567400809698,0.0,0.0,0.16666666666666666,0.16666666666666666,0.05,0.0,0.03879140400297306,0.9651276434996492,per_group
17292603,0.8795746102085704,0.0,0.0,0.0,0.0,0.0,0.0,0.004115707414817285,0.3526529855663917,per_group
17297261,0.6598706199872566,0.0,0.0,0.4166666666666667,0.4166666666666667,0.18181818181818182,0.0,0.07423277994806249,2.0909160161057274,per_group
17300462,0.9125375112113363,0.0,0.0,1.0,1.0,0.05263157894736842,0.0,0.015977345813539223,4.410315736805137,per_group
17303568,0.98609141353305,0.0,0.0,0.0,0.0,0.0,0.0,0.008797794291592291,0.3961961242715385,per_group
17305642,0.8398774708836714,0.0,0.0,0.0,0.0,0.0,0.0,0.002645345968727227,0.33648005754721405,per_group
17313956,0.8173893396955942,0.0,0.0,0.0,0.0,0.0,0.0,0.00357291269144906,0.32767031841652755,per_group
17316916,0.9000112552882673,0.0,0.0,0.25,0.25,0.045454545454545456,0.0,0.02098411696905477,1.4005649618727543,per_group
17322769,0.7776225858040541,0.0,0.0,0.0,0.0,0.0,0.0,0.0017956501301394075,0.31140816434764956,per_group
17323772,0.5668115413421457,0.0,0.0,0.10344827586206896,0.10344827586206896,0.3684210526315789,0.0,0.15966512747000142,0.9671875875843976,per_group
17324503,0.8728885267069219,0.0,0.0,0.0,0.0,0.0,0.0,0.0010106872023169452,0.34935754812323216,per_group
17326261,0.8791836688765078,0.0,0.0,1.0,1.0,0.0,0.0,0.004558549172551924,4.352585177385114,per_group
17335211,0.7755225902880787,0.0,0.0,0.0,0.0,0.0,0.0,0.004921623665047342,0.31119336084824095,per_group
17340590,0.8933299322348516,0.0,0.0,0.2,0.2,0.09090909090909091,0.0,0.03224946965788458,1.2365091395527903,per_group
17349165,0.8076322687814763,0.0,0.0,0.0,0.0,0.05263157894736842,0.0,0.021929574470813725,0.369544085564648,per_group
17350393,0.7754958187235664,0.0,0.0,0.8,0.8,0.10526315789473684,0.0,0.0357828426416935,3.6015654223335547,per_group
17353001,0.797548873743228,0.0,0.0,0.3333333333333333,0.3333333333333333,0.05263157894736842,0.0,0.018085212698724887,1.6980751885282641,per_group
17354054,0.7656897863930113,0.0,0.0,0.5,0.5,0.18181818181818182,0.0,0.05366588118034704,2.4624636362478194,per_group
17354468,0.7917704992589121,0.0,0.0,0.16666666666666666,0.16666666666666666,0.05263157894736842,0.0,0.02694731588300387,1.030869592704727,per_group
17357985,0.8083624610788196,0.0,0.0,1.0,1.0,0.05263157894736842,0.0,0.02121576441192106,4.369693400471807,per_group
17359791,0.9380698879935533,0.0,0.0,0.0,0.0,0.0,0.0,0.00098079381896431,0.3754241139612142,per_group
17365848,0.7677625251062032,0.0,0.0,0.9166666666666666,0.9166666666666666,0.2631578947368421,0.0,0.08957465689854414,4.202212923878331,per_group
17384357,0.867513153507063,0.0,0.0,0.0,0.0,0.05263157894736842,0.0,0.015125165155911235,0.3921355575919022,per_group
17388280,0.8703952186631698,0.0,0.0,0.0,0.0,0.0,0.0,0.0019771228489750977,0.34855351203506296,per_group
17393514,0.9379248371073534,0.0,0.0,0.0,0.0,0.05263157894736842,0.0,0.028286867455263275,0.4229325714918888,per_group
17398289,0.9981810867888568,0.0,0.0,0.0,0.0,0.0,0.0,0.06942799385392612,0.41315803348632796,per_group
17402349,0.8889576341288401,0.0,0.0,0.0,0.0,0.045454545454545456,0.0,0.019060055259458617,0.3957587010670642,per_group
17404895,0.8040636447287265,0.0,0.0,0.0,0.0,0.0,0.0,0.0028322762860809566,0.3221919131487068,per_group
17416766,0.9980745763319177,0.0,0.0,1.0,1.0,0.0,0.0,0.03495208313183079,4.406220247159133,per_group
17422097,0.8172136842367567,0.0,0.0,0.0,0.0,0.0,0.0,0.007451629274034274,0.3283757995495095,per_group
17424632,0.7430610399489875,0.0,0.0,0.0,0.0,0.0,0.0,0.013004611865553227,0.2998253383527057,per_group
17427120,0.8446304519526228,0.0,0.0,0.0,0.0,0.0,0.0,0.0002655424829989723,0.3379052892776489,per_group
17431643,0.8047334586261167,0.0,0.0,0.0,0.0,0.18181818181818182,0.0,0.09507959583576563,0.48636384807214533,per_group
17437053,0.8483701760487884,0.0,0.0,0.0,0.0,0.0,0.0,0.00032427697156031383,0.3394129258138274,per_group
17444939,0.8109145985732235,0.0,0.0,0.0,0.0,0.0,0.0,0.0037739144303886776,0.32512062231536715,per_group
17451602,0.7720538114225954,0.0,0.0,0.75,0.75,0.10526315789473684,0.0,0.031638112443597786,3.3993596733735467,per_group
17451621,0.7252423795464024,0.0,0.0,0.14285714285714285,0.14285714285714285,0.05263157894736842,0.0,0.0560712550095709,0.9148450374069413,per_group
17463636,0.8490764694129861,0.0,0.0,0.0,0.0,0.05263157894736842,0.0,0.016796152820419658,0.38509508148717314,per_group
17465796,0.6502726950843558,0.0,0.0,0.3076923076923077,0.3076923076923077,0.13636363636363635,0.0,0.061334886171747656,1.6122361951282318,per_group
17469640,0.781182387988879,0.0,0.0,0.0,0.0,0.05263157894736842,0.0,0.026749847020248043,0.359928187757496,per_group
17473799,0.8272134330089956,0.0,0.0,0.3333333333333333,0.3333333333333333,0.05263157894736842,0.0,0.01746099481586889,1.709816168658,per_group
17477554,0.9315338569862683,0.0,0.0,0.5,0.5,0.0,0.0,0.003823944267798538,2.373378331648067,per_group
17478702,0.8649042942915307,0.0,0.0,0.0,0.0,0.0,0.0,0.0013346343069327456,0.3462286445779989,per_group
17480824,0.8289407513491424,0.0,0.0,0.8571428571428571,0.8571428571428571,0.15789473684210525,0.0,0.052973226698324875,3.8970581639244344,per_group
17481122,0.9351218925480169,0.0,0.0,1.0,1.0,0.0,0.0,0.0013372398050924082,4.374316204980225,per_group
17481888,0.9433976545525818,0.0,0.0,0.0,0.0,0.0,0.0,0.01368581065528669,0.3800962239520901,per_group
17486893,0.43830867760063824,0.0,0.0,0.25,0.25,0.2631578947368421,0.0,0.19974386539720826,1.4257985599091707,per_group
17489909,0.8262101537558091,0.0,0.0,0.0,0.0,0.0,0.0,8.265759760006178e-05,0.3305005930218437,per_group
17490827,0.8869503166246427,0.0,0.0,0.0,0.0,0.0,0.0,0.004489132805870681,0.3556779532110313,per_group
17491510,0.8666475055921974,0.0,0.0,0.0,0.0,0.0,0.0,0.00018469825528774953,0.3466959418879365,per_group
17492541,0.8368471273694724,0.0,0.0,0.0,0.0,0.05,0.0,0.024720295824122673,0.37968291011261357,per_group
17497582,0.7726786393109187,0.0,0.0,0.4,0.4,0.09090909090909091,0.0,0.030194088054033147,1.987837546062447,per_group
17498138,0.8263594116021468,0.0,0.0,0.9230769230769231,0.9230769230769231,0.21052631578947367,0.0,0.08833615270923574,4.208939740121977,per_group
17498731,0.8591440394819895,0.0,0.0,0.0,0.0,0.0,0.0,0.007023795633219062,0.34506237491943964,per_group
17503213,0.8342706553838772,0.0,0.0,0.0,0.0,0.0,0.0,0.0005740786457443216,0.33382307788269977,per_group
17513262,0.769513249442752,0.0,0.0,0.0,0.0,0.0,0.0,0.0007924283348433249,0.3079637854440695,per_group
17514047,0.8133996641706615,0.0,0.0,1.0,1.0,0.0,0.0,0.0,4.325359865668265,per_group
17514705,0.8378338508381867,0.0,0.0,0.5,0.5,0.045454545454545456,0.0,0.012863043328973877,2.3740697853647057,per_group
17515749,0.9695213727003269,0.0,0.0,1.0,1.0,0.0,0.0,0.002726904840996558,4.388353930048329,per_group
17524742,0.8856402756140596,0.0,0.0,0.0,0.0,0.0,0.0,0.0011165980446071978,0.3544794298545453,per_group
17526658,0.8524039964047574,0.0,0.0,0.0,0.0,0.0,0.0,0.0016632206844176187,0.3412942426987865,per_group
17528783,0.8446329506319772,0.0,0.0,1.0,1.0,0.0,0.0,7.891020927616868e-05,4.337868962294647,per_group
17530043,0.9244289387320083,0.0,0.0,0.0,0.0,0.0,0.0,0.0023837215308071943,0.3702483197989648,per_group
17537187,0.9407890995082696,0.0,0.0,1.0,1.0,0.045454545454545456,0.0,0.018009784737340027,4.416281233114412,per_group
17540560,0.8828928648902201,0.0,0.0,0.6666666666666666,0.6666666666666666,0.05263157894736842,0.0,0.019148015151846873,3.0657586788110187,per_group
17540746,0.8475434701366512,0.0,0.0,0.13333333333333333,0.13333333333333333,0.15789473684210525,0.0,0.08607043570515972,1.0158805980027101,per_group
17542666,0.721888590924681,0.0,0.0,0.9166666666666666,0.9166666666666666,0.21052631578947367,0.0,0.08575459932488061,4.140994075533094,per_group
175473,0.7945413816826542,0.0,0.0,0.0,0.0,0.0,0.0,0.0035493096534734256,0.31852641460375636,per_group
17547378,0.9044874178959251,0.0,0.0,0.2,0.2,0.045454545454545456,0.0,0.021994926870562318,1.2025575888961189,per_group
17548348,0.6487533680752884,0.0,0.0,0.35294117647058826,0.35294117647058826,0.10526315789473684,0.0,0.07249004015054665,1.7699745874583672,per_group
17548763,0.7733460026008703,0.0,0.0,0.5,0.5,0.0,0.0,0.0030310260583198793,2.309944606252012,per_group
17550920,0.827946216919009,0.0,0.0,0.2,0.2,0.05,0.0,0.03375287506498986,1.1779290617806017,per_group
17553103,0.9223148605232085,0.0,0.0,1.0,1.0,0.05263157894736842,0.0,0.02008377726279497,4.415047962819737,per_group
17553191,0.9405736072012822,0.0,0.0,0.0,0.0,0.0,0.0,0.0015759995400486358,0.3765446427885226,per_group
17553397,0.856718926687014,0.0,0.0,0.6666666666666666,0.6666666666666666,0.05263157894736842,0.0,0.01769831002312259,3.054999162503991,per_group
17556659,0.8665327108233509,0.0,0.0,0.0,0.0,0.0,0.0,0.0066723511875792655,0.3479475545668563,per_group
17558182,0.7456005385146629,0.0,0.0,0.0,0.0,0.15,0.0,0.07780172959562628,0.4338005613249904,per_group
17560937,0.7889318763880743,0.0,0.0,0.5,0.5,0.045454545454545456,0.0,0.018416897779765386,2.355619766474819,per_group
17563020,0.8676855793803404,0.0,0.0,0.0,0.0,0.0,0.0,0.0012819286815268095,0.3473306174884416,per_group
17565891,0.7814039035626714,0.0,0.0,0.6,0.6,0.0,0.0,0.01034966603723741,2.714631494632516,per_group
17565994,0.8700093441633118,0.0,0.0,0.5,0.5,0.09090909090909091,0.0,0.035034524836983216,2.427737915359994,per_group
1756621,0.9427200832525965,0.0,0.0,1.0,1.0,0.0,0.0,0.002706032434109585,4.3776292397878604,per_group
17567609,0.7239896912988744,0.0,0.0,0.2727272727272727,0.2727272727272727,0.15789473684210525,0.0,0.06339537775590107,1.519499832453505,per_group
17570154,0.8262582575828374,0.0,0.0,0.0,0.0,0.0,0.0,0.000172636677437728,0.33053783036862255,per_group
17575531,0.9501590808857863,0.0,0.0,0.0,0.0,0.0,0.0,0.0026075595934463977,0.3805851442730038,per_group
17582384,0.8630184236221814,0.0,0.0,0.0,0.0,0.0,0.0,0.0005024573158693331,0.34530786091204646,per_group
17586622,0.6230384559670996,0.0,0.0,0.1,0.1,0.3157894736842105,0.0,0.12103039424737538,0.9260530401836834,per_group
17589906,0.8685959315584868,0.0,0.0,0.0,0.0,0.0,0.0,0.004376029049211293,0.34831357843323696,per_group
1759181,0.8286190034362495,0.0,0.0,0.0,0.0,0.0,0.0,0.009984349327837639,0.3334444712400673,per_group
17594136,0.7700818477547652,0.0,0.0,0.5,0.5,0.0,0.0,0.0036275400322114586,2.3087582471083485,per_group
17602194,0.8297626638763954,0.0,0.0,0.0,0.0,0.0,0.0,0.0036028307501280057,0.3326256317005838,per_group
17617518,0.9476950813309931,0.0,0.0,0.0,0.0,0.0,0.0,0.001987711403841142,0.37947557481316546,per_group
17624589,0.937318759517252,0.0,0.0,0.0,0.0,0.0,0.0,0.0019909916667123235,0.3753257021402433,per_group
17627045,0.9620869219836495,0.0,0.0,0.0,0.0,0.0,0.0,0.0033346139428175174,0.38550169158202335,per_group
17630489,0.8726062789314634,0.0,0.0,0.5,0.5,0.045454545454545456,0.0,0.013723286959451178,2.3881508053281117,per_group
17644635,0.9774380940291456,0.0,0.0,0.0,0.0,0.0,0.0,0.004047547761492143,0.39178474716395667,per_group
17645505,0.6658966586417133,0.0,0.0,0.25,0.25,0.2727272727272727,0.0,0.09586708640131164,1.503713898918766,per_group
17657810,0.8259889441427539,0.0,0.0,0.3333333333333333,0.3333333333333333,0.0,0.0,0.0058538554717874535,1.6648996820847926,per_group
17658075,0.8359855388887776,0.0,0.0,0.6666666666666666,0.6666666666666666,0.09090909090909091,0.0,0.025589587339705806,3.0789060724173916,per_group
17660333,0.9698936844230527,0.0,0.0,0.0,0.0,0.0,0.0,0.002836978611735652,0.3885248694915682,per_group
17668238,0.9774380940291456,0.0,0.0,0.0,0.0,0.0,0.0,0.004047547761492143,0.39178474716395667,per_group
17673099,0.8351853981403419,0.0,0.0,0.5,0.5,0.05,0.0,0.021406524905895122,2.378355464237316,per_group
17676511,0.8630184236221814,0.0,0.0,0.0,0.0,0.0,0.0,0.0005024573158693331,0.34530786091204646,per_group
17697991,0.8031720921381043,0.0,0.0,0.3333333333333333,0.3333333333333333,0.05263157894736842,0.0,0.017928673220762227,1.700293167990622,per_group
17708309,0.9444431096435119,0.0,0.0,1.0,1.0,0.0,0.0,0.0022218773935023493,4.378221619336105,per_group
17713109,0.998100532836742,0.0,0.0,0.0,0.0,0.0,0.0,0.020729577405949745,0.40338612861588674,per_group
17718867,0.957995005173883,0.0,0.0,0.0,0.0,0.0,0.0,0.001627245098357796,0.3835234510892248,per_group
17719459,0.6819522837912302,0.0,0.0,0.125,0.125,0.05263157894736842,0.0,0.034461617763627085,0.8217785002271122,per_group
17746464,0.8686941534540639,0.0,0.0,1.0,1.0,0.0,0.0,0.0033741405589246065,4.34815248949341,per_group
17826349,0.8470911611045675,0.0,0.0,0.0,0.0,0.05,0.0,0.027827847308536907,0.38440203390353445,per_group
17827249,0.9629950559464506,0.0,0.0,0.0,0.0,0.0,0.0,0.010752084192564118,0.38734843921709305,per_group
17829189,0.8815290487706642,0.0,0.0,0.5,0.5,0.09090909090909091,0.0,0.028638795286442104,2.4310666512928267,per_group
17831577,0.8259279213733683,0.0,0.0,0.0,0.0,0.045454545454545456,0.0,0.013172601385031107,0.36936932518998994,per_group
17836849,0.8973512605021448,0.0,0.0,0.0,0.0,0.0,0.0,0.0009587800847492465,0.3591322602178078,per_group
17850012,0.0,0.0,0.0,0.20300751879699247,0.20300751879699247,1.0,0.0,1.0,1.8120300751879699,per_group
17850268,0.85692988905268,0.0,0.0,0.5,0.5,0.0,0.0,0.005243386784697058,2.3438206329780114,per_group
17856365,0.8726217884363772,0.0,0.0,0.0,0.0,0.0,0.0,0.00460617484909321,0.34996995034436956,per_group
17860158,0.9091151883051068,0.0,0.0,0.5,0.5,0.0,0.0,0.003752125302805277,2.364396500382604,per_group
17862286,0.4797212112958392,0.0,0.0,0.1875,0.1875,0.2631578947368421,0.0,0.14596657868719357,1.181608116045248,per_group
17862883,0.753002510167877,0.0,0.0,0.25,0.25,0.3181818181818182,0.0,0.10331171292104033,1.5764088011968136,per_group
17864134,0.9985367353374011,0.0,0.0,0.0,0.0,0.0,0.0,0.06942799385392612,0.41330029290574566,per_group
17864472,0.9983764162061773,0.0,0.0,0.0,0.0,0.0,0.0,0.04045667587779767,0.4074419016580305,per_group
17866516,0.8319620796341689,0.0,0.0,0.0,0.0,0.0,0.0,0.0006324422429891868,0.33291132030226545,per_group
17877831,0.998546432592991,0.0,0.0,0.0,0.0,0.0,0.0,0.06942799385392612,0.4133041718079816,per_group
17881987,0.9058571153475725,0.0,0.0,0.0,0.0,0.09090909090909091,0.0,0.032402396627091296,0.44155059819172005,per_group
17885419,0.7974723299989003,0.0,0.0,0.1111111111111111,0.1111111111111111,0.05,0.0,0.04734782317409468,0.8129029410788235,per_group
17886496,0.8252689172622378,0.0,0.0,0.25,0.25,0.05,0.0,0.028254126127668814,1.375758392130429,per_group
17887849,0.8474072156216481,0.0,0.0,0.5714285714285714,0.5714285714285714,0.15789473684210525,0.0,0.0525476013178247,2.761502481700194,per_group
17888209,0.7869946051303021,0.0,0.0,0.3333333333333333,0.3333333333333333,0.05263157894736842,0.0,0.017277726720235597,1.6936919838873958,per_group
17900812,0.7869708591775252,0.0,0.0,0.6,0.6,0.10526315789473684,0.0,0.034268860928316366,2.8058526421724626,per_group
17902979,0.8393653424012635,0.0,0.0,0.5,0.5,0.0,0.0,0.007112990002367048,2.337168734960979,per_group
17909423,0.8116700033617058,0.0,0.0,0.3333333333333333,0.3333333333333333,0.045454545454545456,0.0,0.014725962425713906,1.6973101635267946,per_group
17912672,0.9742230628512365,0.0,0.0,0.0,0.0,0.0,0.0,0.005383445845301116,0.3907659143095549,per_group
17918441,0.8061090432509158,0.0,0.0,1.0,1.0,0.0,0.0,0.0026236426417001447,4.3229683458287065,per_group
17924186,0.8470408879772304,0.0,0.0,0.25,0.25,0.0,0.0,0.012085484585503342,1.341233452107993,per_group
17929500,0.8728885267069219,0.0,0.0,0.0,0.0,0.0,0.0,0.0010106872023169452,0.34935754812323216,per_group
17931722,0.8536793257468442,0.0,0.0,0.0,0.0,0.0,0.0,0.0003817341448238127,0.34154807712770247,per_group
17934423,0.8247943900653899,0.0,0.0,0.0,0.0,0.05,0.0,0.028016268013607497,0.37552100962887747,per_group
17943996,0.6186790593910246,0.0,0.0,0.0,0.0,0.2631578947368421,0.0,0.11659251698326425,0.4813164429425364,per_group
17948234,0.8307133518784069,0.0,0.0,0.0,0.0,0.0,0.0,4.0191081447825184e-05,0.3322933789676524,per_group
17955306,0.5935003441633258,0.0,0.0,0.4,0.4,0.0,0.0,0.02657624202797546,1.8427153860709256,per_group
17955640,0.8630184236221814,0.0,0.0,0.0,0.0,0.0,0.0,0.0005024573158693331,0.34530786091204646,per_group
17956232,0.7748669164280825,0.0,0.0,0.0,0.0,0.05263157894736842,0.0,0.017857390663098455,0.35562350786174746,per_group
17961577,0.8109823178830753,0.0,0.0,0.0,0.0,0.0,0.0,0.00019278683024835723,0.32443148451927983,per_group
17962349,0.9467580978203392,0.0,0.0,0.0,0.0,0.0,0.0,0.017682864631270296,0.3822398120543897,per_group
17963120,0.7880152051607825,0.0,0.0,0.0,0.0,0.0,0.0,0.0014869489085816991,0.31550347184602934,per_group
17971670,0.7395970544683883,0.0,0.0,0.125,0.125,0.05263157894736842,0.0,0.03230136247404816,0.8444043574400597,per_group
17973137,0.7724771420982631,0.0,0.0,0.0,0.0,0.0,0.0,0.005332150953733337,0.3100572870300519,per_group
17974216,0.7085021967471002,0.0,0.0,0.25,0.25,0.0,0.0,0.011621634090641944,1.2857252055169686,per_group
17978915,0.7784831899037415,0.0,0.0,0.125,0.125,0.0,0.0,0.03186603070275285,0.8177664821020472,per_group
17987925,0.968694270620804,0.0,0.0,0.0,0.0,0.0,0.0,0.011297207074660958,0.3897371496632538,per_group
17993853,0.7700352014627371,0.0,0.0,0.0,0.0,0.0,0.0,0.006764177140051832,0.3093669160131052,per_group
18000551,0.8530076399415969,0.0,0.0,0.0,0.0,0.0,0.0,0.0010363652482057455,0.34141032902627994,per_group
18003414,0.8630184236221814,0.0,0.0,0.0,0.0,0.0,0.0,0.0005024573158693331,0.34530786091204646,per_group
18006637,0.766350244338545,0.0,0.0,0.2,0.2,0.0,0.0,0.012246665267814523,1.108989430788981,per_group
18010581,0.8241551344682142,0.0,0.0,1.0,1.0,0.0,0.0,0.0007364774549448087,4.329809349278275,per_group
18013276,0.8099258524550579,0.0,0.0,0.0,0.0,0.05263157894736842,0.0,0.018151029405621574,0.36970581002104225,per_group
18014005,0.7803522424964011,0.0,0.0,1.0,1.0,0.09090909090909091,0.0,0.030165547824009525,4.390901279290635,per_group
18024506,0.8800567788337994,0.0,0.0,0.0,0.0,0.05263157894736842,0.0,0.016470121621410816,0.3974219990156967,per_group
18027230,0.8909674377292927,0.0,0.0,0.0,0.0,0.0,0.0,0.0008323265570061379,0.3565534404031183,per_group
18031789,0.833289796253606,0.0,0.0,0.5,0.5,0.0,0.0,0.0035271545031320523,2.3340213494020685,per_group
18033114,0.8148194347234975,0.0,0.0,0.2,0.2,0.05,0.0,0.03227708552216482,1.172383190993832,per_group
18034865,0.8631969653862198,0.0,0.0,0.3333333333333333,0.3333333333333333,0.10526315789473684,0.0,0.029708630863117598,1.7687643719762343,per_group
18037238,0.8004656314473789,0.0,0.0,0.0,0.0,0.0,0.0,0.003801362494083939,0.3209465250777684,per_group
18044059,0.571159243418929,0.0,0.0,0.25806451612903225,0.25806451612903225,0.47368421052631576,0.0,0.1926258498152896,1.6781943002678112,per_group
18045976,0.8648827580551898,0.0,0.0,0.875,0.875,0.15789473684210525,0.0,0.058378208329687056,3.9839445343616977,per_group
18046425,0.8613205931735604,0.0,0.0,0.0,0.0,0.0,0.0,0.0016539423600821302,0.3448590257414406,per_group
18047199,0.8700575659394407,0.0,0.0,0.0,0.0,0.0,0.0,0.004995022162500013,0.3490220308082763,per_group
18049260,0.9983318871872449,0.0,0.0,0.0,0.0,0.0,0.0,0.06942799385392612,0.41321835364568316,per_group
18050213,0.7967165075574512,0.0,0.0,0.0,0.0,0.05263157894736842,0.0,0.022400335339759214,0.36527193324882706,per_group
18050805,0.8319620796341689,0.0,0.0,0.0,0.0,0.0,0.0,0.0006324422429891868,0.33291132030226545,per_group
18059285,0.7731802214328811,0.0,0.0,0.2857142857142857,0.2857142857142857,0.045454545454545456,0.0,0.027996665124393038,1.4940922008188102,per_group
18064251,0.998974995366938,0.0,0.0,0.0,0.0,0.0,0.0,0.04045667587779767,0.40768133332233475,per_group
18065267,0.8580408186559667,0.0,0.0,0.0,0.0,0.0,0.0,0.008475497134669751,0.3449114268893207,per_group
18067465,0.9143356509632545,0.0,0.0,1.0,1.0,0.0,0.0,0.0048710707228979125,4.366708474529881,per_group
18070682,0.8218347792301205,0.0,0.0,0.0,0.0,0.0,0.0,0.008282112056671722,0.3303903341033826,per_group
18071286,0.7409014670783357,0.0,0.0,0.45454545454545453,0.45454545454545453,0.21052631578947367,0.0,0.07438416007098267,2.297840289658928,per_group
18079672,0.8902842557518232,0.0,0.0,0.0,0.0,0.0,0.0,0.0011079438144396974,0.3563352910636172,per_group
18083070,0.7533349410185441,0.0,0.0,0.7142857142857143,0.7142857142857143,0.18181818181818182,0.0,0.057772654828860175,3.3154859099705924,per_group
18096326,0.653310436382762,0.0,0.0,0.14285714285714285,0.14285714285714285,0.045454545454545456,0.0,0.026910474937097372,0.874498477332732,per_group
18102660,0.28608843365027675,0.0,0.0,0.05128205128205128,0.05128205128205128,0.3,0.0,0.24575709756548114,0.608714998101412,per_group
18112363,0.9039484794074316,0.0,0.0,1.0,1.0,0.05263157894736842,0.0,0.015674900091674156,4.406819634939203,per_group
18112998,0.9980706423992435,0.0,0.0,0.0,0.0,0.0,0.0,0.06942799385392612,0.41311385573048265,per_group
18116560,0.984608934073926,0.0,0.0,1.0,1.0,0.0,0.0,0.006718684874984361,4.395187310604568,per_group
18117244,0.8819737137128091,0.0,0.0,0.0,0.0,0.0,0.0,0.0044494841010623044,0.35367938230533613,per_group
18119760,0.7981053653308885,0.0,0.0,0.0,0.0,0.0,0.0,0.004266665933043033,0.32009547931896404,per_group
18120477,0.8724556432571234,0.0,0.0,1.0,1.0,0.05263157894736842,0.0,0.014674912420100309,4.394022502944765,per_group
18128517,0.9070856563260663,0.0,0.0,1.0,1.0,0.05263157894736842,0.0,0.01928006594161632,4.408795538876644,per_group
18132782,0.9978850580895356,0.0,0.0,0.0,0.0,0.0,0.0,0.03484545751532539,0.40612311473887935,per_group
18132880,0.8115271672950676,0.0,0.0,0.0,0.0,0.0,0.0,0.00802648445957593,0.32621616380994223,per_group
18134710,0.8339850240378053,0.0,0.0,0.0,0.0,0.0,0.0,0.0029739525222595574,0.3341888001195741,per_group
18139029,0.9468689232187752,0.0,0.0,0.0,0.0,0.0,0.0,0.0019400412324017085,0.37913557753399046,per_group
18141609,0.8150576129167648,0.0,0.0,1.0,1.0,0.0,0.0,0.00014059870088557218,4.326051164906883,per_group
18149185,0.9774380940291456,0.0,0.0,0.0,0.0,0.0,0.0,0.004047547761492143,0.39178474716395667,per_group
18156509,0.8909674377292927,0.0,0.0,0.0,0.0,0.0,0.0,0.0008323265570061379,0.3565534404031183,per_group
18156806,0.9991461145757009,0.0,0.0,0.0,0.0,0.0,0.0,0.06942799385392612,0.4135440446010656,per_group
18162730,0.8466902061132531,0.0,0.0,0.6666666666666666,0.6666666666666666,0.09090909090909091,0.0,0.025295583888575963,3.0831291386169557,per_group
18166634,0.8054994785847241,0.0,0.0,0.6666666666666666,0.6666666666666666,0.05,0.0,0.025064285196533326,3.0338793151398633,per_group
18179554,0.7294772331045846,0.0,0.0,0.6923076923076923,0.6923076923076923,0.2631578947368421,0.0,0.09984499654967398,3.2915169775720114,per_group
18183543,0.9012115586255278,0.0,0.0,1.0,1.0,0.0,0.0,0.0005919653981003213,4.360603016529831,per_group
18190568,0.788930587480091,0.0,0.0,0.4,0.4,0.09090909090909091,0.0,0.02955466400764501,1.9942104405208383,per_group
18194029,0.855339247735695,0.0,0.0,0.0,0.0,0.0,0.0,0.002024455249274755,0.342540590144133,per_group
18197944,0.8818228606995778,0.0,0.0,0.0,0.0,0.05263157894736842,0.0,0.022012716083619297,0.39923695065444975,per_group
18197971,0.9004811965093922,0.0,0.0,0.5,0.5,0.045454545454545456,0.0,0.013307826412193614,2.399217680249832,per_group
18198300,0.8914412524034686,0.0,0.0,0.0,0.0,0.0,0.0,0.0003821628812307755,0.35665293353763367,per_group
18199717,0.9385345828611198,0.0,0.0,0.0,0.0,0.0,0.0,0.006294625218114677,0.3766727581880709,per_group
18201948,0.9838016587933337,0.0,0.0,0.0,0.0,0.0,0.0,0.04410074864983004,0.40234081324729953,per_group
18202775,0.9199222645554787,0.0,0.0,0.0,0.0,0.0,0.0,0.002826125248616398,0.3685341308719148,per_group
18208795,0.6551777276629199,0.0,0.0,0.13333333333333333,0.13333333333333333,0.10526315789473684,0.0,0.05957372295371943,0.8915296953050347,per_group
18211716,0.79790992441104,0.0,0.0,1.0,1.0,0.05263157894736842,0.0,0.019907298416798887,4.36525069260567,per_group
18216488,0.9590165124970174,0.0,0.0,0.5,0.5,0.0,0.0,0.006089274465121569,2.3848244598918313,per_group
18217662,0.8613205931735604,0.0,0.0,0.0,0.0,0.0,0.0,0.0016539423600821302,0.3448590257414406,per_group
18218255,0.8099238807080843,0.0,0.0,0.0,0.0,0.0,0.0,0.003589441991849266,0.3246874406816036,per_group
18220568,0.864920816171344,0.0,0.0,0.5,0.5,0.05263157894736842,0.0,0.015259542805137792,2.39112549818746,per_group
18221018,0.7398851869081315,0.0,0.0,0.25,0.25,0.1,0.0,0.06147636378013078,1.3882493475192788,per_group
18225076,0.7936320153779945,0.0,0.0,0.4,0.4,0.05263157894736842,0.0,0.022973327667717636,1.9641527348426362,per_group
18226553,0.8675780341811856,0.0,0.0,0.0,0.0,0.0,0.0,0.004534629327854238,0.3479381395380451,per_group
18229080,0.8190036395389525,0.0,0.0,0.0,0.0,0.0,0.0,0.005814834288784454,0.32876442267333794,per_group
18229692,0.8192821827946107,0.0,0.0,1.0,1.0,0.0,0.0,0.00017858009611841587,4.327748589137069,per_group
18240461,0.8783723714870566,0.0,0.0,0.0,0.0,0.0,0.0,0.003975345287776163,0.3521440176523779,per_group
18242426,0.8567259121929478,0.0,0.0,0.0,0.0,0.0,0.0,0.0012918467353656448,0.34294873422425226,per_group
182563,0.8016594902442549,0.0,0.0,1.0,1.0,0.0,0.0,0.007879883637425925,4.322239772825188,per_group
18257868,0.9550728645673356,0.0,0.0,0.0,0.0,0.0,0.0,0.01742214415806509,0.3855135746585473,per_group
18261996,0.8873786487475208,0.0,0.0,1.0,1.0,0.05263157894736842,0.0,0.015245194476322117,4.400105761552168,per_group
18262909,0.8117072748522474,0.0,0.0,0.0,0.0,0.0,0.0,0.0027186817799963623,0.32522664629689824,per_group
18263331,0.9976909100662749,0.0,0.0,0.0,0.0,0.0,0.0,0.04619146214519652,0.40831465645554926,per_group
18267236,0.9276001785059238,0.0,0.0,0.5,0.5,0.045454545454545456,0.0,0.035996482403717174,2.4146030042467492,per_group
18273175,0.7359499344887068,0.0,0.0,0.0,0.0,0.10526315789473684,0.0,0.03816221659751762,0.38622294343077573,per_group
18278088,0.9462748328358015,0.0,0.0,0.5,0.5,0.0,0.0,0.004744736461202368,2.379458880426561,per_group
18279690,0.8198169938070181,0.0,0.0,0.16666666666666666,0.16666666666666666,0.09090909090909091,0.0,0.037969600707393254,1.0749146570582253,per_group
18279744,0.9676734760835081,0.0,0.0,0.0,0.0,0.0,0.0,0.009334908078108365,0.3889363720490249,per_group
18280014,0.9986073283409833,0.0,0.0,0.0,0.0,0.0,0.0,0.06942799385392612,0.41332853010717857,per_group
18288362,0.8330850575269078,0.0,0.0,0.0,0.0,0.0,0.0,0.0030677885867232053,0.3338475807281077,per_group
18294221,0.7923221464682323,0.0,0.0,0.25,0.25,0.0,0.0,0.009660333917953737,1.3188609253708836,per_group
18301693,0.9973846869251657,0.0,0.0,0.5,0.5,0.0,0.0,0.040554641358940706,2.4070648030418544,per_group
18311970,0.9287831006597556,0.0,0.0,0.0,0.0,0.0,0.0,0.0013661279217591646,0.3717864658482541,per_group
18317966,0.8727586814251793,0.0,0.0,0.5,0.5,0.0,0.0,0.004805545978986903,2.3500645817658694,per_group
18326035,0.7870266197679073,0.0,0.0,0.16666666666666666,0.16666666666666666,0.18181818181818182,0.0,0.09725607832345784,1.1463830756930666,per_group
18327631,0.7144013237357303,0.0,0.0,0.14285714285714285,0.14285714285714285,0.0,0.0,0.019510546781361125,0.8610912102791358,per_group
18331325,0.8857223047995143,0.0,0.0,0.0,0.0,0.0,0.0,0.0014916067650674104,0.35458724327281926,per_group
1833431,0.9391987428821209,0.0,0.0,1.0,1.0,0.0,0.0,0.001657760627981386,4.3760110492784445,per_group
18335602,0.7405803612845578,0.0,0.0,0.07692307692307693,0.07692307692307693,0.2631578947368421,0.0,0.09210205123630913,0.8328711782428664,per_group
18336787,0.6986742594213489,0.0,0.0,0.0,0.0,0.0,0.0,0.008479341143200295,0.2811655719971796,per_group
18338903,0.957995005173883,0.0,0.0,0.0,0.0,0.0,0.0,0.001627245098357796,0.3835234510892248,per_group
18343473,0.8125180538082271,0.0,0.0,0.0,0.0,0.0,0.0,0.002891467867011299,0.32558551509669315,per_group
18349132,0.8630184236221814,0.0,0.0,0.0,0.0,0.0,0.0,0.0005024573158693331,0.34530786091204646,per_group
18350445,0.9209269121330736,0.0,0.0,0.0,0.0,0.0,0.0,0.0018115563907161241,0.36873307613137274,per_group
18352189,0.9342252639978225,0.0,0.0,0.0,0.0,0.0,0.0,0.0025612361058261124,0.37420235282029424,per_group
18353496,0.6352996965311429,0.0,0.0,0.1111111111111111,0.1111111111111111,0.05263157894736842,0.0,0.05512191002024799,0.751693968218846,per_group
18354470,0.9453223473144585,0.0,0.0,0.0,0.0,0.0,0.0,0.009821979553089067,0.38009333483640123,per_group
18360110,0.8095113606451338,0.0,0.0,0.8571428571428571,0.8571428571428571,0.10526315789473684,0.0,0.04174690630368454,3.844935880406008,per_group
18361955,0.8914529324109954,0.0,0.0,0.0,0.0,0.05263157894736842,0.0,0.016190686721592202,0.40192457346661137,per_group
18362842,0.9938285987637351,0.0,0.0,0.0,0.0,0.0,0.0,0.01208731987689945,0.399948903480874,per_group
18366220,0.9990930431361466,0.0,0.0,0.0,0.0,0.0,0.0,0.06942799385392612,0.4135228160252439,per_group
18380360,0.8767462411618566,0.0,0.0,0.0,0.0,0.0,0.0,0.0036585436069469413,0.35143020518613205,per_group
18382715,0.8027170945261278,0.0,0.0,0.0,0.0,0.0,0.0,0.0001996840651667578,0.3211267746234845,per_group
18390476,0.7863950240721409,0.0,0.0,0.0,0.0,0.0,0.0,0.0011364906806122395,0.3147853077649788,per_group
18392870,0.9290148992340409,0.0,0.0,1.0,1.0,0.0,0.0,0.006546816558366524,4.37291532300529,per_group
18398842,0.7234663114621153,0.0,0.0,0.625,0.625,0.10526315789473684,0.0,0.04083473727237162,2.8817639983551095,per_group
18402562,0.7115526592934435,0.0,0.0,0.5,0.5,0.0,0.0,0.004366208729694324,2.2854943054633163,per_group
18403763,0.8999580374848817,0.0,0.0,1.0,1.0,0.05263157894736842,0.0,0.015659136409076388,4.405220305433663,per_group
18405034,0.9097212106159265,0.0,0.0,1.0,1.0,0.05263157894736842,0.0,0.019146431493794545,4.409823033703024,per_group
18413484,0.8860583941705097,0.0,0.0,0.3333333333333333,0.3333333333333333,0.10526315789473684,0.0,0.03850894000439615,1.7796690053182058,per_group
18413922,0.8789562273226983,0.0,0.0,0.6666666666666666,0.6666666666666666,0.09090909090909091,0.0,0.02584728829034358,3.0961458879810873,per_group
18416284,0.7918301276070447,0.0,0.0,0.0,0.0,0.05263157894736842,0.0,0.019892260986505327,0.3628157663980138,per_group
18419709,0.8581455706115058,0.0,0.0,0.0,0.0,0.05263157894736842,0.0,0.015079698813628042,0.3883794311652227,per_group
18441690,0.9986025944484648,0.0,0.0,0.0,0.0,0.0,0.0,0.06942799385392612,0.41332663655017116,per_group
18444724,0.8658721500904675,0.0,0.0,1.0,1.0,0.0,0.0,0.004020854601051953,4.347153030956397,per_group
18446235,0.9989216822824494,0.0,0.0,0.0,0.0,0.0,0.0,0.06942799385392612,0.413454271683765,per_group
18448748,0.9811229641571836,0.0,0.0,0.0,0.0,0.0,0.0,0.026575973012018046,0.39776438026527705,per_group
18454132,0.947099185734899,0.0,0.0,0.0,0.0,0.0,0.0,0.0017335053686877522,0.3791863753676972,per_group
18454167,0.8584771130659887,0.0,0.0,0.0,0.0,0.05263157894736842,0.0,0.02174135670370323,0.38984437972503094,per_group
18462658,0.9516991506395681,0.0,0.0,0.0,0.0,0.0,0.0,0.0012577473869418274,0.38093120973321565,per_group
18470677,0.7877229786610404,0.0,0.0,1.0,1.0,0.0,0.0,0.0060093018079902015,4.316291051826014,per_group
18475357,0.9674112974778398,0.0,0.0,0.0,0.0,0.0,0.0,0.0030756712405674014,0.3875796532392494,per_group
18479406,0.8904607425074986,0.0,0.0,0.25,0.25,0.045454545454545456,0.0,0.019059007667665672,1.3963597349001688,per_group
18481392,0.8210718151382506,0.0,0.0,0.0,0.0,0.0,0.0,0.00708641476623658,0.3298460090085476,per_group
18485036,0.9088114625093155,0.0,0.0,0.5,0.5,0.045454545454545456,0.0,0.013984890390758842,2.4026851994455143,per_group
18490620,0.7150004288549667,0.0,0.0,0.1111111111111111,0.1111111111111111,0.10526315789473684,0.0,0.04397854607438193,0.823450851517097,per_group
18503945,0.8970544020967965,0.0,0.0,1.0,1.0,0.0,0.0,0.0007062646954930703,4.358963013777817,per_group
18506582,0.8630184236221814,0.0,0.0,0.0,0.0,0.0,0.0,0.0005024573158693331,0.34530786091204646,per_group
18516935,0.8161184807798354,0.0,0.0,0.6666666666666666,0.6666666666666666,0.05263157894736842,0.0,0.017169338795674186,3.038653189895631,per_group
18521819,0.8888111785632424,0.0,0.0,0.0,0.0,0.0,0.0,0.0008444080381059332,0.35569335303291816,per_group
18529500,0.8308143359195288,1.0,1.0,0.16666666666666666,0.16666666666666666,0.21052631578947367,0.0,0.06053079755815449,5.679519613177688,per_group
18531868,0.9980816474245126,0.0,0.0,0.0,0.0,0.0,0.0,0.040554641358940706,0.4073435872415932,per_group
18532459,0.8149363504778886,0.0,0.0,1.0,1.0,0.0,0.0,0.0018799170974207865,4.32635052361064,per_group
18535985,0.7728099083956952,0.0,0.0,0.25,0.25,0.0,0.0,0.00806652808401192,1.3107372689750805,per_group
18536192,0.8210500239346286,0.0,0.0,0.0,0.0,0.0,0.0,0.00017325506650574704,0.32845466058715256,per_group
18551792,0.8709056036675038,0.0,0.0,0.0,0.0,0.0,0.0,0.004648971130489682,0.3492920356930995,per_group
18551889,0.8938123316387301,0.0,0.0,1.0,1.0,0.0,0.0,0.00042028283661521353,4.357608989222816,per_group
18552677,0.8522907229406879,0.0,0.0,1.0,1.0,0.05263157894736842,0.0,0.027492109009689295,4.388519974136107,per_group
18555730,0.8434545428523339,0.0,0.0,0.0,0.0,0.05263157894736842,0.0,0.030034113542380874,0.3854939030073045,per_group
18555743,0.8183269903706337,1.0,1.0,0.0,0.0,0.0,0.0,0.00014560546445582326,4.827359917241144,per_group
18559873,0.8414575619284553,0.0,0.0,0.3333333333333333,0.3333333333333333,0.13636363636363635,0.0,0.044522572576037034,1.7879117817108319,per_group
18567925,0.7309988608401838,0.0,0.0,0.0,0.0,0.0,0.0,0.0011085793427043425,0.29262126020461443,per_group
18581150,0.8835918491923606,0.0,0.0,0.0,0.0,0.0,0.0,0.0012629705996824636,0.3536893337968807,per_group
18581294,0.8668217417331704,0.0,0.0,0.7777777777777778,0.7777777777777778,0.05263157894736842,0.0,0.03426338633644646,3.5067977482295634,per_group
18581681,0.8421457448051521,0.0,0.0,0.0,0.0,0.05263157894736842,0.0,0.01850375843698214,0.3826643127673521,per_group
18582171,0.9518302851768244,0.0,0.0,0.0,0.0,0.0,0.0,0.002365906435366145,0.38120529535780306,per_group
18584267,0.8074816001161835,0.0,0.0,1.0,1.0,0.05263157894736842,0.0,0.02399745732891694,4.369897394670152,per_group
18585448,0.904080594953572,0.0,0.0,0.8,0.8,0.10526315789473684,0.0,0.0373086119440334,3.653304486686025,per_group
18586159,0.8156797423929429,0.0,0.0,0.0,0.0,0.0,0.0,0.005439791176501716,0.3273598551924775,per_group
18589172,0.8909674377292927,0.0,0.0,0.0,0.0,0.0,0.0,0.0008323265570061379,0.3565534404031183,per_group
18593382,0.9365285336130518,0.0,0.0,0.0,0.0,0.0,0.0,0.0009826139326055796,0.37480793623174186,per_group
18594226,0.9307784197252487,0.0,0.0,0.0,0.0,0.045454545454545456,0.0,0.021063519168515347,0.41288770808743896,per_group
18595063,0.8630184236221814,0.0,0.0,0.0,0.0,0.0,0.0,0.0005024573158693331,0.34530786091204646,per_group
18602421,0.7754116612802965,0.0,0.0,0.5,0.5,0.13636363636363635,0.0,0.09181059881991224,2.43761769336701,per_group
18606802,0.757081850230207,0.0,0.0,1.0,1.0,0.0,0.0,0.0015291979258750506,4.303138579677258,per_group
18608117,0.9838016587933337,0.0,0.0,0.0,0.0,0.0,0.0,0.04410074864983004,0.40234081324729953,per_group
18610863,0.8399353654542927,0.0,0.0,0.0,0.0,0.0,0.0,0.008573866552541621,0.33768891949222546,per_group
18617401,0.769113290767849,0.0,0.0,0.0,0.0,0.0,0.0,0.0005594849464158157,0.30775721329642275,per_group
18619137,0.9474199940368426,0.0,0.0,0.0,0.0,0.0,0.0,0.001259574444121745,0.37921991250356146,per_group
18619708,0.8612868525033657,0.0,0.0,0.5,0.5,0.05263157894736842,0.0,0.01457923555101971,2.389535851269445,per_group
18623167,0.9647962255595588,0.0,0.0,0.0,0.0,0.0,0.0,0.0028110811890865173,0.38648070646164084,per_group
18624195,0.8319620796341689,0.0,0.0,0.0,0.0,0.0,0.0,0.0006324422429891868,0.33291132030226545,per_group
18628195,0.863740504636002,0.0,0.0,0.0,0.0,0.0,0.0,0.004302283794653524,0.34635665861333154,per_group
18629050,0.9487497874847712,0.0,0.0,1.0,1.0,0.0,0.0,0.0015433744843625936,4.37980858989078,per_group
18635869,0.8493989180344443,0.0,0.0,0.0,0.0,0.0,0.0,0.007090852511691962,0.34117773771611615,per_group
18636844,0.8607044562399485,0.0,0.0,0.0,0.0,0.0,0.0,0.004803481525815267,0.34524247880114245,per_group
18637875,0.8200295938823354,0.0,0.0,0.5,0.5,0.0,0.0,0.002784424188866344,2.3285687223907074,per_group
18638637,0.745444780053155,0.0,0.0,0.0,0.0,0.0,0.0,0.005516295497051231,0.2992811711206722,per_group
18645243,0.799333095290005,0.0,0.0,0.6666666666666666,0.6666666666666666,0.18181818181818182,0.0,0.07238782410527872,3.1463320150582694,per_group
18652644,0.9028671971640567,0.0,0.0,0.3333333333333333,0.3333333333333333,0.05263157894736842,0.0,0.019428508380169733,1.7404711770328845,per_group
18652948,0.781252164034798,0.0,0.0,0.0,0.0,0.0,0.0,0.006754023495480989,0.3138516703130154,per_group
18653078,0.9996060735816813,0.0,0.0,0.0,0.0,0.0,0.0,0.060846206706196705,0.41201167077391193,per_group
18657917,0.8812076416481779,0.0,0.0,0.0,0.0,0.0,0.0,0.0009173646834806456,0.3526665295959673,per_group
18659105,0.8830187489259974,0.0,0.0,0.0,0.0,0.045454545454545456,0.0,0.017240418792607154,0.3930192196925568,per_group
1865971,0.9157064400553735,0.0,0.0,0.5,0.5,0.0,0.0,0.004907546417566275,2.3672640853056626,per_group
18660521,0.8170645666118932,0.0,0.0,0.75,0.75,0.13636363636363635,0.0,0.0511055887185858,3.4461378534793834,per_group
18668930,0.8178594143727912,0.0,0.0,0.0,0.0,0.0,0.0,0.00011970936471138794,0.3271677076220588,per_group
18675144,0.8801785775297661,0.0,0.0,0.6666666666666666,0.6666666666666666,0.13636363636363635,0.0,0.044229007455131204,3.1366748082605085,per_group
18675238,0.9521569237606015,0.0,0.0,1.0,1.0,0.0,0.0,0.0016733833168116356,4.381197446167603,per_group
18676090,0.8473225494865146,0.0,0.0,0.5,0.5,0.05263157894736842,0.0,0.024497901395691614,2.385933863231639,per_group
18677238,0.8129303189038963,0.0,0.0,0.2,0.2,0.05263157894736842,0.0,0.025230738611659254,1.1723235384417852,per_group
18693436,0.8457213719592219,0.0,0.0,0.5,0.5,0.0,0.0,0.003276593792043612,2.3389438675420973,per_group
18695536,0.7210274814274183,0.0,0.0,0.0,0.0,0.0,0.0,0.01551813340094281,0.2915146192511559,per_group
18709845,0.9213205561183155,0.0,0.0,0.0,0.0,0.0,0.0,0.004254707369740061,0.36937916392127423,per_group
18716273,0.9478138620883336,0.0,0.0,0.0,0.0,0.0,0.0,0.0023234538788028014,0.379590235611094,per_group
18717493,0.9646715338107522,0.0,0.0,0.0,0.0,0.0,0.0,0.003352601541578003,0.3865391338326165,per_group
18717494,0.8070458311539772,0.0,0.0,0.5,0.5,0.0,0.0,0.0024051322564145076,2.323299358912874,per_group
18718930,0.7879550518353288,0.0,0.0,0.2222222222222222,0.2222222222222222,0.1,0.0,0.06492752104214178,1.2970564138314489,per_group
18721173,0.8785253561248142,0.0,0.0,0.5,0.5,0.045454545454545456,0.0,0.013373151037069727,2.390448409020976,per_group
18725918,0.8376323139956742,0.0,0.0,1.0,1.0,0.0,0.0,0.0008322587341655668,4.335219377345102,per_group
18726713,0.8057843303669197,0.0,0.0,1.0,1.0,0.045454545454545456,0.0,0.01950929813140479,4.362579228136685,per_group
18734728,0.7975386010578603,0.0,0.0,0.0,0.0,0.0,0.0,0.0001342956473069549,0.31904229955260555,per_group
18741333,0.8284755890415606,0.0,0.0,0.0,0.0,0.0,0.0,6.881122854057342e-05,0.3314039978623324,per_group
18741505,0.9704635447951506,0.0,0.0,0.0,0.0,0.0,0.0,0.0037335824444803697,0.38893213440695634,per_group
18745797,0.7654102544741547,0.0,0.0,1.0,1.0,0.0,0.0,0.0011217359167962793,4.3063884489730215,per_group
18746965,0.9296435295644251,0.0,0.0,1.0,1.0,0.0,0.0,0.002168174521891711,4.372291046730148,per_group
18760928,0.9335268056568012,0.0,0.0,0.0,0.0,0.0,0.0,0.004253906569680892,0.3742615035766567,per_group
18762666,0.8630273206675654,0.0,0.0,0.0,0.0,0.0,0.0,0.0005024573158693331,0.3453114197302,per_group
18762748,0.9456231847022621,0.0,0.0,0.0,0.0,0.0,0.0,0.001963491174502743,0.37864197211580547,per_group
18775043,0.9562585144198785,0.0,0.0,0.0,0.0,0.0,0.0,0.010214840601468553,0.38454637388824514,per_group
18781217,0.9516107888367199,0.0,0.0,0.0,0.0,0.0,0.0,0.0015424756776299493,0.38095281067021397,per_group
18797739,0.9518302851768244,0.0,0.0,0.0,0.0,0.0,0.0,0.002365906435366145,0.38120529535780306,per_group
18817130,0.770236064686763,0.0,0.0,0.2,0.2,0.0,0.0,0.01256890991496448,1.110608207857698,per_group
18826341,0.8538192993803326,0.0,0.0,1.0,1.0,0.0,0.0,0.0006998149561715437,4.341667682743367,per_group
18843449,0.8113638161096967,0.0,0.0,0.2,0.2,0.13636363636363635,0.0,0.04009359095899032,1.2416551537265859,per_group
18882655,0.8416302397952046,0.0,0.0,1.0,1.0,0.09090909090909091,0.0,0.032944412408838865,4.415968251127121,per_group
18886013,0.7244861465907526,0.0,0.0,0.0,0.0,0.0,0.0,0.001118412285208686,0.2900181410933428,per_group
18888190,0.804915570583243,0.0,0.0,0.6,0.6,0.09090909090909091,0.0,0.030180131159860832,2.800729527192542,per_group
18895320,0.8524042173764009,0.0,0.0,0.0,0.0,0.0,0.0,0.004448906962678665,0.34185146834309615,per_group
18897854,0.8305736638040186,0.0,0.0,0.0,0.0,0.0,0.0,0.0006535147033787779,0.3323601684622832,per_group
18906662,0.8780461408509291,0.0,0.0,0.0,0.0,0.10526315789473684,0.0,0.043792788865633564,0.4441875404292879,per_group
18907487,0.883148826543685,0.0,0.0,0.5,0.5,0.05263157894736842,0.0,0.014725478769594059,2.398309889529288,per_group
18908187,0.6621627433038028,0.0,0.0,0.2857142857142857,0.2857142857142857,0.21052631578947367,0.0,0.08140616833834814,1.5924245264779127,per_group
18908676,0.8246973818837724,0.0,0.0,0.3333333333333333,0.3333333333333333,0.15789473684210525,0.0,0.054836327613077815,1.8004953410831421,per_group
18912014,0.8374712936587699,0.0,0.0,0.0,0.0,0.05263157894736842,0.0,0.01786343633245508,0.38066646788789377,per_group
18916680,0.8091633133086563,0.0,0.0,1.0,1.0,0.0,0.0,0.00023623509523351745,4.323712572342509,per_group
18923296,0.7938257055225131,0.0,0.0,0.2,0.2,0.10526315789473684,0.0,0.03792333921539226,1.2093254763678734,per_group
18925783,0.8909674377292927,0.0,0.0,0.0,0.0,0.0,0.0,0.0008323265570061379,0.3565534404031183,per_group
18940999,0.8941863261455111,0.0,0.0,0.0,0.0,0.0,0.0,0.001008523864060691,0.3578762352310166,per_group
18943482,0.9983023577266423,0.0,0.0,0.0,0.0,0.0,0.0,0.04619146214519652,0.40855923551969625,per_group
18950167,0.8277266103654243,0.0,0.0,0.5,0.5,0.09090909090909091,0.0,0.027573144654707112,2.409332545804384,per_group
18952281,0.7609564794988118,0.0,0.0,0.5555555555555556,0.5555555555555556,0.21052631578947367,0.0,0.06736075427961251,2.708498017509249,per_group
18953636,0.8221309322259912,0.0,0.0,0.0,0.0,0.0,0.0,0.0007951495571943389,0.32901140280183533,per_group
18954398,0.7032331109078096,0.0,0.0,0.7333333333333333,0.7333333333333333,0.3157894736842105,0.0,0.11645735894071316,3.490549628431968,per_group
18956041,0.9065135607408044,0.0,0.0,0.75,0.75,0.10526315789473684,0.0,0.03388868106847978,3.453593686825807,per_group
18959428,0.9600814300904023,0.0,0.0,0.0,0.0,0.0,0.0,0.005738318316341497,0.3851802356994292,per_group
18961908,0.8718173751635148,0.0,0.0,0.0,0.0,0.05263157894736842,0.0,0.02593263499008819,0.39601874022131833,per_group
18968381,0.9426209913070177,0.0,0.0,0.0,0.0,0.0,0.0,0.0021782072964558097,0.37748403798209823,per_group
18970302,0.9581614159781332,0.0,0.0,0.0,0.0,0.0,0.0,0.003073241128288456,0.383879214616911,per_group
18971863,0.8727367446845016,0.0,0.0,1.0,1.0,0.0,0.0,0.003722191231621188,4.349839136120125,per_group
18975155,0.7664150477545583,0.0,0.0,0.6,0.6,0.2727272727272727,0.0,0.08581482437330851,2.9419108021583034,per_group
18978733,0.7956760874101703,0.0,0.0,1.0,1.0,0.0,0.0,0.003234293742230899,4.318917293712515,per_group
18982304,0.8804327358490642,0.0,0.0,0.0,0.0,0.0,0.0,0.004889844762946475,0.353151063292215,per_group
18983688,0.8752034256452007,0.0,0.0,1.0,1.0,0.10526315789473684,0.0,0.03410683769498346,4.441113264112867,per_group
18988350,0.7943799194024628,1.0,1.0,0.16666666666666666,0.16666666666666666,0.05263157894736842,0.0,0.02719997405298828,5.531963892396145,per_group
18993967,0.9022193677974081,0.0,0.0,0.5,0.5,0.0,0.0,0.006246886250877912,2.3621371243691387,per_group
19000184,0.8887693082897444,0.0,0.0,0.75,0.75,0.05263157894736842,0.0,0.020673576782788593,3.40174770183035,per_group
19004086,0.8049231394332091,0.0,0.0,0.0,0.0,0.21052631578947367,0.0,0.059523564900904,0.5022950213850434,per_group
19012615,0.9152388725564403,0.0,0.0,0.0,0.0,0.05263157894736842,0.0,0.01614669972750601,0.41143015212597206,per_group
19017473,0.8703952186631698,0.0,0.0,0.0,0.0,0.0,0.0,0.0019771228489750977,0.34855351203506296,per_group
19017785,0.8916543565630397,0.0,0.0,0.0,0.0,0.0,0.0,0.0009845489999042005,0.3568586524251967,per_group
19021911,0.880111732781779,0.0,0.0,0.0,0.0,0.0,0.0,0.0042055855148200524,0.35288581021567567,per_group
19022050,0.7913029062632508,1.0,1.0,0.0,0.0,0.05263157894736842,0.0,0.020031343005950736,4.862632694264386,per_group
19023607,0.8614781459554421,0.0,0.0,0.0,0.0,0.0,0.0,0.005078075556722801,0.3456068734935214,per_group
19024376,0.8374184465361011,0.0,0.0,0.3333333333333333,0.3333333333333333,0.045454545454545456,0.0,0.015734484748480337,1.7078112452611063,per_group
19026329,0.8460678045029194,0.0,0.0,0.0,0.0,0.0,0.0,0.0064715532519746275,0.3397214324515627,per_group
19033871,0.9541936788919625,0.0,0.0,1.0,1.0,0.0,0.0,0.006794710786287471,4.383036413714042,per_group
19041419,0.7347973830636624,0.0,0.0,0.5,0.5,0.0,0.0,0.004982636060869533,2.2949154804376386,per_group
19041498,0.9989455530629576,0.0,0.0,0.0,0.0,0.0,0.0,0.06942799385392612,0.41346381999596826,per_group
19042570,0.8773601598801232,0.0,0.0,0.0,0.0,0.0,0.0,0.0015246553292933116,0.35124899501790796,per_group
19043458,0.8834757965849275,0.0,0.0,0.6,0.6,0.10526315789473684,0.0,0.03629705691645421,2.844860256333051,per_group
19045839,0.8427824519261867,0.0,0.0,0.5,0.5,0.045454545454545456,0.0,0.013016137639398156,2.376079844661991,per_group
19046394,0.8348192740804786,0.0,0.0,0.0,0.0,0.0,0.0,0.0007350545968197441,0.3340747205515554,per_group
19050831,0.8305583958341407,0.0,0.0,0.0,0.0,0.05,0.0,0.031996464136453705,0.378622651160947,per_group
19058868,0.913862988270224,0.0,0.0,0.4,0.4,0.045454545454545456,0.0,0.023650723886257444,2.0066389764489774,per_group
19063439,0.7887886739046325,0.0,0.0,0.0,0.0,0.0,0.0,0.01983712546368594,0.3194828946545902,per_group
19063796,0.767692817051559,0.0,0.0,0.9090909090909091,0.9090909090909091,0.21052631578947367,0.0,0.07797934093533038,4.127457684002905,per_group
19070417,0.8305736638040186,0.0,0.0,0.0,0.0,0.0,0.0,0.0006535147033787779,0.3323601684622832,per_group
19078792,0.8855952546033578,0.0,0.0,0.0,0.0,0.0,0.0,0.0011795310841453248,0.3544740080581722,per_group
19084896,0.9105277826117686,0.0,0.0,0.3333333333333333,0.3333333333333333,0.05263157894736842,0.0,0.017473926375214523,1.7431444948109782,per_group
19087305,0.7778186896388334,1.0,1.0,0.6666666666666666,0.6666666666666666,0.0,0.0,0.008716097424457937,7.4795373620070915,per_group
19094564,0.8928049729090465,0.0,0.0,1.0,1.0,0.0,0.0,0.001020156304764457,4.357326020424572,per_group
19098264,0.8002280869305165,0.0,0.0,0.5,0.5,0.05263157894736842,0.0,0.014719310101078431,2.3651403599503174,per_group
19099851,0.7049917081791491,0.0,0.0,0.2857142857142857,0.2857142857142857,0.09090909090909091,0.0,0.03535020489700914,1.504651139835477,per_group
19103957,0.9061335405072809,0.0,0.0,0.0,0.0,0.05263157894736842,0.0,0.019968322240609262,0.40855234380892896,per_group
19105135,0.7733180581868652,0.0,0.0,0.0,0.0,0.10526315789473684,0.0,0.05316572645002934,0.4041708948805414,per_group
19105285,0.8847715488062279,0.0,0.0,0.0,0.0,0.0,0.0,0.004090368585822127,0.3547266932396556,per_group
19106350,0.8879051051894714,0.0,0.0,0.5,0.5,0.05263157894736842,0.0,0.01653436946953875,2.400574179127591,per_group
19109577,0.8630184236221814,0.0,0.0,0.0,0.0,0.0,0.0,0.0005024573158693331,0.34530786091204646,per_group
19109908,0.785979382031557,0.0,0.0,0.9,0.9,0.22727272727272727,0.0,0.07550197880392084,4.111310330391589,per_group
19110217,0.673233607238932,0.0,0.0,0.0,0.0,0.0,0.0,0.008270516428715293,0.2709475461813159,per_group
19112266,0.9001356052372015,0.0,0.0,0.0,0.0,0.0,0.0,0.0006910057871096116,0.36019244325230254,per_group
19115353,0.7932675481486163,0.0,0.0,0.0,0.0,0.05263157894736842,0.0,0.017509349254024593,0.3629141522681462,per_group
19131792,0.7423345231164235,0.0,0.0,0.3333333333333333,0.3333333333333333,0.09090909090909091,0.0,0.03406508930450754,1.709807433168077,per_group
19148918,0.8308005676863511,0.0,0.0,0.0,0.0,0.0,0.0,4.885207344699814e-05,0.33232999748922987,per_group
19154583,0.9250077280634638,0.0,0.0,0.0,0.0,0.0,0.0,0.003959132156301755,0.3707949176566459,per_group
19154612,0.7699100112585049,0.0,0.0,0.6666666666666666,0.6666666666666666,0.045454545454545456,0.0,0.016690250914041166,3.014332357716513,per_group
19160730,0.8239595440650241,0.0,0.0,1.0,1.0,0.0,0.0,0.003082053504996915,4.330200228327009,per_group
19175670,0.9558989298139327,0.0,0.0,1.0,1.0,0.0,0.0,0.0029371636336927988,4.382947004652311,per_group
19176674,0.8832531422131924,0.0,0.0,0.4,0.4,0.045454545454545456,0.0,0.02310873319114565,1.9942866398871426,per_group
19177397,0.8342706553838772,0.0,0.0,0.0,0.0,0.0,0.0,0.0005740786457443216,0.33382307788269977,per_group
19186482,0.910633271074856,0.0,0.0,0.0,0.0,0.05263157894736842,0.0,0.024197104423155712,0.4111979924724683,per_group
19187629,0.9994362811522849,0.0,0.0,0.0,0.0,0.0,0.0,0.06942799385392612,0.4136601112316992,per_group
19190374,0.8901346240842297,0.0,0.0,0.0,0.0,0.0,0.0,0.0012112542683904587,0.35629610048737,per_group
19198433,0.9993504149910292,0.0,0.0,0.0,0.0,0.0,0.0,0.060846206706196705,0.4119094073376511,per_group
19202226,0.8899243330177401,0.0,0.0,1.0,1.0,0.09090909090909091,0.0,0.025482281333193576,4.433793462201007,per_group
19202272,0.7998923918472151,0.0,0.0,0.9230769230769231,0.9230769230769231,0.13636363636363635,0.0,0.06803289027643442,4.134962136192774,per_group
19206896,0.8036434076560691,0.0,0.0,0.0,0.0,0.0,0.0,0.0007098796393016451,0.321599338990288,per_group
19209706,0.9493983605059897,0.0,0.0,1.0,1.0,0.0,0.0,0.0027185606736279183,4.380303056337122,per_group
19215129,0.852280327745695,0.0,0.0,0.3333333333333333,0.3333333333333333,0.1,0.0,0.055554144922054634,1.7653562934160223,per_group
19216244,0.7434583971732749,0.0,0.0,1.0,1.0,0.0,0.0,0.002960608601245357,4.297975480589559,per_group
19219542,0.834168192532525,0.0,0.0,1.0,1.0,0.0,0.0,0.0014511598854041678,4.333957508990091,per_group
19224821,0.8630184236221814,0.0,0.0,0.0,0.0,0.0,0.0,0.0005024573158693331,0.34530786091204646,per_group
19237148,0.9828906253747689,0.0,0.0,1.0,1.0,0.0,0.0,0.0048860842089327285,4.394133466991694,per_group
19241013,0.9018889641967804,0.0,0.0,0.8333333333333334,0.8333333333333334,0.0,0.0,0.014686591731120729,3.69702623735827,per_group
19248432,0.8450757056522965,0.0,0.0,0.5,0.5,0.09090909090909091,0.0,0.028023596826165346,2.4163622743534243,per_group
19252644,0.8740693566757353,0.0,0.0,1.0,1.0,0.0,0.0,0.0009910742637045133,4.349825957523035,per_group
19264957,0.8841384310516969,0.0,0.0,0.0,0.0,0.05263157894736842,0.0,0.016262574517974783,0.3990131504821685,per_group
19268192,0.9446682585010596,0.0,0.0,0.5,0.5,0.0,0.0,0.0037575128820061436,2.378618805976825,per_group
19269161,0.6685827174542,0.0,0.0,0.0,0.0,0.0,0.0,0.010594283863891234,0.26955194375445823,per_group
19279528,0.9433696209000284,0.0,0.0,0.0,0.0,0.0,0.0,0.005349162597685265,0.37841768087954847,per_group
19285776,0.9985602713218436,0.0,0.0,0.0,0.0,0.0,0.0,0.060846206706196705,0.4115933498699768,per_group
19298258,0.9151239758006814,0.0,0.0,1.0,1.0,0.05263157894736842,0.0,0.01721984699126761,4.411598822876421,per_group
19314095,0.8099238807080843,0.0,0.0,0.0,0.0,0.0,0.0,0.003589441991849266,0.3246874406816036,per_group
19314660,0.8280264604865161,0.0,0.0,0.6666666666666666,0.6666666666666666,0.09090909090909091,0.0,0.025030323662559757,3.075610588321058,per_group
19315174,0.8661323526997075,0.0,0.0,0.9,0.9,0.10526315789473684,0.0,0.05536538197889538,4.041736543791452,per_group
19315920,0.8475130485500282,0.0,0.0,0.0,0.0,0.0,0.0,0.0007504946537551648,0.3391553183507623,per_group
19320233,0.6581144748019065,1.0,1.0,0.14285714285714285,0.14285714285714285,0.3157894736842105,0.0,0.10798240354343823,5.60890242100539,per_group
19333638,0.7385424418026132,0.0,0.0,0.0,0.0,0.05263157894736842,0.0,0.02170532640526732,0.3418633051599935,per_group
19343267,0.6471407510159851,0.0,0.0,0.07692307692307693,0.07692307692307693,0.0,0.0,0.0314653376254307,0.572841675623788,per_group
19343291,0.826588661183465,0.0,0.0,0.3333333333333333,0.3333333333333333,0.10526315789473684,0.0,0.029343654806119154,1.7540480550837325,per_group
19346657,0.8630184236221814,0.0,0.0,0.0,0.0,0.0,0.0,0.0005024573158693331,0.34530786091204646,per_group
19346768,0.8891670997427584,0.0,0.0,0.0,0.0,0.0,0.0,0.0009861337265076144,0.35586406664240494,per_group
19351120,0.9275390538349705,0.0,0.0,0.0,0.0,0.0,0.0,0.0012843793626742775,0.37127249740652307,per_group
19354217,0.7667196409353574,0.0,0.0,0.0,0.0,0.05263157894736842,0.0,0.017585159656256982,0.35231015146328915,per_group
19357404,0.8815483204302325,0.0,0.0,0.0,0.0,0.0,0.0,0.00108056467413694,0.3528354411069204,per_group
19358432,0.8918422164557311,0.0,0.0,0.8,0.8,0.05263157894736842,0.0,0.02894023198517712,3.604630196137223,per_group
19359749,0.8012373611929964,0.0,0.0,0.0,0.0,0.0,0.0,0.02142236421089908,0.32477941731937837,per_group
19360333,0.8459681122960215,0.0,0.0,0.0,0.0,0.0,0.0,0.005009094039691078,0.33938906372634686,per_group
19361498,0.9085374230266526,0.0,0.0,0.0,0.0,0.0,0.0,0.0006813256566881789,0.3635512343419987,per_group
19365413,0.8784740099441999,0.0,0.0,0.0,0.0,0.0,0.0,0.0016948413394594526,0.35172857224557186,per_group
19386907,0.7186454751007623,0.0,0.0,0.0,0.0,0.0,0.0,0.012557552705547375,0.2899697005814144,per_group
19391596,0.7757198329767134,0.0,0.0,0.1111111111111111,0.1111111111111111,0.05263157894736842,0.0,0.03878911212284174,0.8045954632175929,per_group
19391687,0.8938123316387301,0.0,0.0,1.0,1.0,0.0,0.0,0.00042028283661521353,4.357608989222816,per_group
19391788,0.8487985210809837,0.0,0.0,0.0,0.0,0.0,0.0,0.006153514033857651,0.34075011123916504,per_group
19393442,0.9568923712465048,0.0,0.0,0.0,0.0,0.0,0.0,0.0016116890184960987,0.3830792863023012,per_group
19394410,1.0,0.0,0.0,0.0,0.0,0.0,0.0,0.09717575755846794,0.41943515151169364,per_group
19396079,0.9988523619905452,0.0,0.0,0.0,0.0,0.0,0.0,0.06942799385392612,0.4134265435670033,per_group
19401409,0.8048676585528486,0.0,0.0,1.0,1.0,0.15789473684210525,0.0,0.0551063784934971,4.459284128593524,per_group
19402839,0.9235536870495556,0.0,0.0,0.0,0.0,0.0,0.0,0.008002627952669986,0.37102200041035627,per_group
19412536,0.8602290952411241,0.0,0.0,0.0,0.0,0.0,0.0,0.004128200504436526,0.344917278197337,per_group
19430884,0.7085883076968265,0.0,0.0,0.0,0.0,0.0,0.0,0.01384550951610482,0.28620442498195153,per_group
19432346,0.887790442358746,0.0,0.0,0.0,0.0,0.0,0.0,0.004502888094338763,0.3560167545623662,per_group
19444649,0.9223147075428398,0.0,0.0,0.5,0.5,0.0,0.0,0.0037859567082845847,2.3696830743587927,per_group
19445903,0.6921524028507517,0.0,0.0,0.0,0.0,0.2631578947368421,0.0,0.09267421997888413,0.5059221209255512,per_group
19447907,0.8877052533356604,0.0,0.0,0.3333333333333333,0.3333333333333333,0.05263157894736842,0.0,0.01812035753047137,1.7341447693315863,per_group
19451823,0.9221839348243798,0.0,0.0,0.0,0.0,0.05263157894736842,0.0,0.01674656888964112,0.41432815086557495,per_group
19457100,0.7496801945393555,0.0,0.0,0.3333333333333333,0.3333333333333333,0.0,0.0,0.007521452689030993,1.6347097016868817,per_group
19461979,0.8604241830297447,1.0,1.0,1.0,1.0,0.0,0.0,0.002168823886475904,8.844603437989193,per_group
19467242,0.9647250429441392,0.0,0.0,0.0,0.0,0.0,0.0,0.002187587876671688,0.38632753475299003,per_group
19477342,0.7863656688391806,0.0,0.0,0.0,0.0,0.0,0.0,0.00132932221239378,0.31481213197815106,per_group
19479061,0.7427909097616976,0.0,0.0,0.2857142857142857,0.2857142857142857,0.1,0.0,0.058164606471358606,1.5316064280560935,per_group
19479376,0.9037979416324118,0.0,0.0,1.0,1.0,0.0,0.0,0.0005655909659376332,4.361632294846152,per_group
19484555,0.8632300771371213,0.0,0.0,0.0,0.0,0.0,0.0,0.004843208593429104,0.3462606725735344,per_group
19484754,0.8990594647951207,0.0,0.0,1.0,1.0,0.05263157894736842,0.0,0.02005872072967905,4.405740793221879,per_group
19489212,0.9302234611441252,0.0,0.0,0.4,0.4,0.0,0.0,0.013204659554654725,1.974730316368581,per_group
19494042,0.8630184236221814,0.0,0.0,0.0,0.0,0.0,0.0,0.0005024573158693331,0.34530786091204646,per_group
19496091,0.8397733252482642,0.0,0.0,0.0,0.0,0.05263157894736842,0.0,0.02095753031322953,0.38220609931984634,per_group
19499465,0.8877988433256314,0.0,0.0,0.0,0.0,0.05263157894736842,0.0,0.01828984209817434,0.40088276890778224,per_group
19503548,0.8478948150499639,0.0,0.0,0.0,0.0,0.0,0.0,0.0003571836941393126,0.33922936275881344,per_group
19504234,0.8630184236221814,0.0,0.0,0.0,0.0,0.0,0.0,0.0005024573158693331,0.34530786091204646,per_group
19519102,0.7579043511662322,0.0,0.0,0.0,0.0,0.0,0.0,0.004933066377766343,0.3041483537420462,per_group
19520915,0.9979801619477379,0.0,0.0,0.0,0.0,0.0,0.0,0.06942799385392612,0.4130776635498804,per_group
19524140,0.9252044217173787,0.0,0.0,0.0,0.0,0.05263157894736842,0.0,0.016982100979657667,0.41558345204077785,per_group
19529802,0.7244149937215157,0.0,0.0,0.0,0.0,0.0,0.0,0.05208584779327554,0.30018316704726145,per_group
19535157,0.9348048662307361,0.0,0.0,0.0,0.0,0.0,0.0,0.0025241752517235396,0.3744267815426392,per_group
19539658,0.7949329774307382,0.0,0.0,0.0,0.0,0.10526315789473684,0.0,0.03150907269785116,0.408485531827655,per_group
19543485,0.8560460938647457,0.0,0.0,1.0,1.0,0.05,0.0,0.02025083930303013,4.386468605406504,per_group
19544422,0.8792236987396356,0.0,0.0,1.0,1.0,0.05263157894736842,0.0,0.019653568541641492,4.397725456362077,per_group
19546355,0.8621648578324538,0.0,0.0,0.0,0.0,0.0,0.0,0.001554140223841677,0.34517677117774986,per_group
19549139,0.890796493649156,0.0,0.0,1.0,1.0,0.0,0.0,0.0031238035832472986,4.356943358176312,per_group
19552939,0.8363237199223172,0.0,0.0,0.6666666666666666,0.6666666666666666,0.0,0.0,0.006844412007224301,3.0025650370370385,per_group
1955631,0.8279128932500608,0.0,0.0,0.0,0.0,0.0,0.0,0.0031613756026192042,0.33179743242054816,per_group
19564125,0.8964363359107579,0.0,0.0,1.0,1.0,0.05263157894736842,0.0,0.02648825849713961,4.405977449221626,per_group
19570101,0.8630184236221814,0.0,0.0,0.0,0.0,0.0,0.0,0.0005024573158693331,0.34530786091204646,per_group
19584156,0.9295481633023961,0.0,0.0,1.0,1.0,0.0,0.0,0.001982547044672329,4.372215774729893,per_group
19588662,0.9186272942338402,0.0,0.0,0.0,0.0,0.05263157894736842,0.0,0.020492631722426064,0.41365470719591607,per_group
19607062,0.7880152051607825,0.0,0.0,0.0,0.0,0.0,0.0,0.0014869489085816991,0.31550347184602934,per_group
19608617,0.8335265928664438,0.0,0.0,0.5,0.5,0.0,0.0,0.0031754345170783398,2.334045724049993,per_group
19609221,0.9146921857394164,0.0,0.0,0.3333333333333333,0.3333333333333333,0.045454545454545456,0.0,0.01766645696602963,1.7391071353859422,per_group
19609948,0.8469057895985983,0.0,0.0,0.0,0.0,0.0,0.0,0.011846757491442407,0.3411316673377278,per_group
19621874,0.947099185734899,0.0,0.0,0.0,0.0,0.0,0.0,0.0017335053686877522,0.3791863753676972,per_group
19624059,0.3575947024651162,0.0,0.0,0.15517241379310345,0.15517241379310345,0.5909090909090909,0.0,0.28858927950149726,1.2941726647860328,per_group
19624691,0.8450611766794415,0.0,0.0,1.0,1.0,0.10526315789473684,0.0,0.029453494248724097,4.428125695837312,per_group
19634279,0.9733598073793582,0.0,0.0,0.5,0.5,0.0,0.0,0.008758514580766137,2.3910956258678966,per_group
19645587,0.8827601969149707,0.0,0.0,0.0,0.0,0.0,0.0,0.0013458197781696486,0.3533732427216222,per_group
19649695,0.8126713416526544,0.0,0.0,0.75,0.75,0.09090909090909091,0.0,0.028589383000974185,3.4035136859885293,per_group
19650585,0.7661129037955076,0.0,0.0,0.0,0.0,0.0,0.0,0.004996575454653568,0.30744447660913377,per_group
19661200,0.9712247363405799,0.0,0.0,0.0,0.0,0.0,0.0,0.014058024262495897,0.3913014993887312,per_group
19664443,0.9179442538856759,0.0,0.0,0.0,0.0,0.0,0.0,0.0014263802150540565,0.3674629775972812,per_group
19667401,0.8022885795157451,1.0,1.0,0.0,0.0,0.0,0.0,0.0037735030648192902,4.821670132419262,per_group
19667423,0.8706802890812234,0.0,0.0,0.0,0.0,0.0,0.0,0.0019027576108501729,0.3486526671546594,per_group
19670016,0.8860542382038282,0.0,0.0,1.0,1.0,0.05263157894736842,0.0,0.015572688148156119,4.399641496069058,per_group
19679411,0.697955016224588,0.0,0.0,0.0,0.0,0.0,0.0,0.015856868394483564,0.2823533801687319,per_group
19686924,0.42637133504990765,0.0,0.0,0.14705882352941177,0.14705882352941177,0.3,0.0,0.39954024341872735,1.0786918768213556,per_group
19693207,0.9460159122795184,0.0,0.0,0.0,0.0,0.0,0.0,0.001049565101881128,0.3786162779321836,per_group
19712980,0.9138810508834887,0.0,0.0,0.3333333333333333,0.3333333333333333,0.09090909090909091,0.0,0.035602227198652574,1.778733471853732,per_group
19720889,0.8487464439824521,0.0,0.0,0.0,0.0,0.045454545454545456,0.0,0.01569569399127872,0.37900135275487296,per_group
19722414,0.8301623165905612,0.0,0.0,0.5,0.5,0.05263157894736842,0.0,0.014467761369454194,2.3770637420680103,per_group
19725084,0.914478849087212,0.0,0.0,0.0,0.0,0.05263157894736842,0.0,0.017071439097397296,0.411311090612259,per_group
19732108,0.9112385926014305,0.0,0.0,0.5,0.5,0.0,0.0,0.005678357355199081,2.365631108511612,per_group
19739122,0.7803986073807967,0.0,0.0,0.5,0.5,0.09090909090909091,0.0,0.028111851772396737,2.3905090860340708,per_group
19744614,0.8672447069557352,0.0,0.0,1.0,1.0,0.0,0.0,0.0010455023154992804,4.347106983245394,per_group
19745574,0.8023840571440792,0.0,0.0,0.5,0.5,0.05,0.0,0.035621374817876,2.3680778978212067,per_group
19748714,0.8630184236221814,0.0,0.0,0.0,0.0,0.0,0.0,0.0005024573158693331,0.34530786091204646,per_group
19750906,0.9334454571782621,0.0,0.0,0.0,0.0,0.05263157894736842,0.0,0.015811219248367862,0.4186456898788732,per_group
19753032,0.9995746715021586,0.0,0.0,0.0,0.0,0.0,0.0,0.09717575755846794,0.41926502011255706,per_group
19757493,0.7102616409646616,0.0,0.0,0.0,0.0,0.10526315789473684,0.0,0.0404163738028116,0.3763984574622164,per_group
19764560,0.8536793257468442,0.0,0.0,0.0,0.0,0.0,0.0,0.0003817341448238127,0.34154807712770247,per_group
19765005,0.867167302060355,0.0,0.0,0.8333333333333334,0.8333333333333334,0.045454545454545456,0.0,0.02538023944268157,3.721639938409648,per_group
19770634,0.8950772528733271,0.0,0.0,0.0,0.0,0.045454545454545456,0.0,0.014329397813322512,0.3972604170756317,per_group
19779229,0.8212000466828094,0.0,0.0,0.0,0.0,0.0,0.0,0.010329508573014914,0.3305459203877268,per_group
19779249,0.8481234896920717,0.0,0.0,0.3333333333333333,0.3333333333333333,0.09090909090909091,0.0,0.026252530976449875,1.7505605081327247,per_group
19782176,0.8807029482609315,0.0,0.0,0.4,0.4,0.09090909090909091,0.0,0.03367196150604287,2.0317428443328542,per_group
19787521,0.7441154001162115,0.0,0.0,0.5,0.5,0.045454545454545456,0.0,0.021520908753625848,2.338313978160846,per_group
19791945,0.8277929056475899,0.0,0.0,0.5,0.5,0.10526315789473684,0.0,0.039763434462789654,2.423280375467383,per_group
19792412,0.84951224249197,0.0,0.0,1.0,1.0,0.05263157894736842,0.0,0.022617340159661464,4.386433628186615,per_group
19801854,0.7827405440369459,0.0,0.0,0.0,0.0,0.0,0.0,0.0005914737658346517,0.31321451236794534,per_group
19803042,0.9266927252293422,0.0,0.0,0.0,0.0,0.05263157894736842,0.0,0.017094951273842106,0.4162013435044001,per_group
19808025,0.6634319443508384,0.0,0.0,0.08333333333333333,0.08333333333333333,0.09090909090909091,0.0,0.04501873781191905,0.6804371313633252,per_group
19849576,0.9987166174101042,0.0,0.0,0.0,0.0,0.0,0.0,0.06942799385392612,0.4133722457348269,per_group
19860841,0.861376006062646,1.0,1.0,0.0,0.0,0.0,0.0,0.0016539423600821302,4.844881190897075,per_group
19896151,0.8023311250560461,0.0,0.0,0.0,0.0,0.0,0.0,0.00014383645775050148,0.32096121731396854,per_group
19896681,0.8853643052401657,0.0,0.0,0.0,0.0,0.0,0.0,0.0011660771719483685,0.354378937530456,per_group
19904805,0.9322278269318811,0.0,0.0,0.0,0.0,0.05263157894736842,0.0,0.058634953455739144,0.4267233846217951,per_group
19926939,0.9698952184761939,0.0,0.0,0.0,0.0,0.0,0.0,0.009943232192966186,0.3899467338290708,per_group
19935554,0.8815483204302325,0.0,0.0,0.0,0.0,0.0,0.0,0.00108056467413694,0.3528354411069204,per_group
19942754,0.5945625541656742,0.0,0.0,0.0,0.0,0.21052631578947367,0.0,0.09286136633432351,0.42481834756471337,per_group
19954665,0.8949021977805676,0.0,0.0,0.0,0.0,0.0,0.0,0.007565870688482753,0.3594740532499236,per_group
19956215,0.7093050037260918,0.0,0.0,0.0,0.0,0.0,0.0,0.0012183137869934853,0.2839656642478354,per_group
19960087,0.8580112198522013,0.0,0.0,0.0,0.0,0.0,0.0,0.00018559337041692522,0.34324160661496395,per_group
19991155,0.788732479115885,0.0,0.0,0.0,0.0,0.05263157894736842,0.0,0.03188106312084664,0.3639744674284181,per_group
20011468,0.8319620796341689,0.0,0.0,0.0,0.0,0.0,0.0,0.0006324422429891868,0.33291132030226545,per_group
20019278,0.8319620796341689,0.0,0.0,0.0,0.0,0.0,0.0,0.0006324422429891868,0.33291132030226545,per_group
20021195,0.86942646197984,0.0,0.0,1.0,1.0,0.0,0.0,0.0032241786758562055,4.3484154205271075,per_group
20024547,0.8099001687509448,0.0,0.0,0.0,0.0,0.0,0.0,0.003568369531459675,0.32467374140666994,per_group
20026791,0.7465989288833412,0.0,0.0,0.5,0.5,0.0,0.0,0.004282103656276011,2.2994959922845917,per_group
20035061,0.8635350180052794,0.0,0.0,0.0,0.0,0.0,0.0,0.0014134787365350833,0.3456967029494188,per_group
20065266,0.9032018825656571,0.0,0.0,0.25,0.25,0.05,0.0,0.03606388036192875,1.4084935290986487,per_group
20077017,0.9274704689246048,0.0,0.0,0.5,0.5,0.0,0.0,0.005478256277338756,2.3720838388253096,per_group
20082550,0.9380698879935533,0.0,0.0,0.0,0.0,0.0,0.0,0.00098079381896431,0.3754241139612142,per_group
20086401,0.9233655041983082,0.0,0.0,0.0,0.0,0.05263157894736842,0.0,0.018892948390899268,0.4152300545153979,per_group
20088940,0.9535126867809561,0.0,0.0,1.0,1.0,0.0,0.0,0.0022115569596988234,4.381847386104322,per_group
20091551,0.8909674377292927,0.0,0.0,0.0,0.0,0.0,0.0,0.0008323265570061379,0.3565534404031183,per_group
20109855,0.9377633790766167,0.0,0.0,1.0,1.0,0.0,0.0,0.006583712191886359,4.376422094069024,per_group
20112492,0.8672447069557352,0.0,0.0,1.0,1.0,0.0,0.0,0.0010455023154992804,4.347106983245394,per_group
20113397,0.8743986639170542,0.0,0.0,0.25,0.25,0.0,0.0,0.008777398717137772,1.3515149453102493,per_group
20150376,0.8558389156153148,0.0,0.0,1.0,1.0,0.0,0.0,0.00064618938878398,4.342464804123883,per_group
20154719,0.9597885027310067,0.0,0.0,0.0,0.0,0.0,0.0,0.0024655305565628814,0.3844085072037153,per_group
20158964,0.9492298908750235,0.0,0.0,0.0,0.0,0.0,0.0,0.0020613550343343253,0.38010422735687627,per_group
20164970,0.7677641229011646,0.0,0.0,0.25,0.25,0.05263157894736842,0.0,0.02069880342669995,1.3533506730037004,per_group
20168604,0.718545667613987,0.0,0.0,1.0,1.0,0.0,0.0,0.0031767893490603845,4.288053624915407,per_group
20183009,0.9170874958300101,0.0,0.0,1.0,1.0,0.0,0.0,0.010444355911487162,4.368923869514302,per_group
20195474,0.9525726861574761,0.0,0.0,0.0,0.0,0.0,0.0,0.002333717783560288,0.38149581801970256,per_group
20199054,0.9549416084131588,0.0,0.0,0.0,0.0,0.0,0.0,0.008458053064974958,0.38366825397825854,per_group
20199133,0.9988083567625601,0.0,0.0,0.0,0.0,0.0,0.0,0.06942799385392612,0.41340894147580926,per_group
20203570,0.7330298112164458,0.0,0.0,0.0,0.0,0.05263157894736842,0.0,0.027161582028298895,0.3407495040501329,per_group
20205482,0.931951093270464,0.0,0.0,0.0,0.0,0.0,0.0,0.0013868377028610052,0.37305780484875783,per_group
20210157,0.7439538927853165,0.0,0.0,0.2857142857142857,0.2857142857142857,0.045454545454545456,0.0,0.026787178851568984,1.4821597721052198,per_group
20214703,0.8099001687509448,0.0,0.0,0.0,0.0,0.0,0.0,0.003568369531459675,0.32467374140666994,per_group
20220400,0.8202648946871244,0.0,0.0,0.0,0.0,0.0,0.0,0.003290583248470327,0.3287640745245438,per_group
20234402,0.9567748316629521,0.0,0.0,1.0,1.0,0.0,0.0,0.003534068217707334,4.383416746308722,per_group
20236489,0.8640525675902114,0.0,0.0,0.0,0.0,0.05263157894736842,0.0,0.014873441099023634,0.3907009784137841,per_group
20244205,0.6721161900177998,0.0,0.0,0.0,0.0,0.0,0.0,0.015238000008018645,0.2718940760087237,per_group
20253599,0.8478404756768751,0.0,0.0,0.5,0.5,0.0,0.0,0.0064407958697924395,2.340424349444709,per_group
20268544,0.7795721166285615,0.0,0.0,0.0,0.0,0.0,0.0,0.0014068911870003136,0.31211022488882467,per_group
20274736,0.9486475371061533,0.0,0.0,1.0,1.0,0.0,0.0,0.001068224022128152,4.379672659646887,per_group
20283,0.9385215030396009,0.0,0.0,1.0,1.0,0.0,0.0,0.010720305539946923,4.377552662323829,per_group
20285007,0.9393213354003134,0.0,0.0,0.5,0.5,0.0,0.0,0.00501066636333297,2.376730667432792,per_group
20288478,0.9493983605059897,0.0,0.0,1.0,1.0,0.0,0.0,0.0027185606736279183,4.380303056337122,per_group
20297525,0.8630184236221814,0.0,0.0,0.0,0.0,0.0,0.0,0.0005024573158693331,0.34530786091204646,per_group
20300556,0.9465825231011405,0.0,0.0,1.0,1.0,0.0,0.0,0.0022452561654821564,4.379082060473553,per_group
20311466,0.9593455052786896,0.0,0.0,0.0,0.0,0.0,0.0,0.0024033061560931697,0.3842188633426945,per_group
20322060,0.8899801649053584,0.0,0.0,1.0,1.0,0.05263157894736842,0.0,0.01924959105672078,4.401947247331382,per_group
20322928,0.8912347048991608,0.0,0.0,0.0,0.0,0.0,0.0,0.00034843379421085115,0.35656356871850653,per_group
20325190,0.6900903974596556,0.0,0.0,0.1,0.1,0.05263157894736842,0.0,0.03539828646302389,0.7252210794343618,per_group
20346756,0.7196099993272264,0.0,0.0,0.0,0.0,0.0,0.0,0.001126914851925862,0.2880693827012757,per_group
20351750,0.9523652830226909,0.0,0.0,0.0,0.0,0.0,0.0,0.0032786272144652573,0.3816018386519694,per_group
20352155,0.7014903538397856,0.0,0.0,0.9090909090909091,0.9090909090909091,0.18181818181818182,0.0,0.06851044052657727,4.076116411459411,per_group
20355846,0.8015011672984804,0.0,0.0,0.0,0.0,0.05,0.0,0.03232375879015175,0.36706521867742253,per_group
20370618,0.9751346643690602,0.0,0.0,0.0,0.0,0.0,0.0,0.0033176918518735806,0.39071740411799877,per_group
20370789,0.9707503697533798,0.0,0.0,0.0,0.0,0.0,0.0,0.003372991777118572,0.38897474625677564,per_group
20378448,0.8562045500756342,0.0,0.0,0.0,0.0,0.0,0.0,0.009366644463819728,0.34435514892301766,per_group
20384431,0.8548395628582567,0.0,0.0,1.0,1.0,0.0,0.0,0.0004758596350961842,4.342030997070322,per_group
20385558,0.8179348506923501,0.0,0.0,0.0,0.0,0.0,0.0,0.001060246160460872,0.3273859895090322,per_group
20402581,0.7477562794276862,0.0,0.0,0.3333333333333333,0.3333333333333333,0.0,0.0,0.01269951695940426,1.6349757484962888,per_group
20411676,0.8718138311183079,0.0,0.0,0.0,0.0,0.0,0.0,0.0018617284227602266,0.3490978781318752,per_group
20414967,0.7181383961721728,0.0,0.0,0.875,0.875,0.21052631578947367,0.0,0.08820975487952035,3.9733183620763524,per_group
20417378,0.769033638989243,0.0,0.0,0.0,0.0,0.0,0.0,0.01010845534279587,0.3096351466642564,per_group
20418312,0.8307133518784069,0.0,0.0,0.0,0.0,0.0,0.0,4.0191081447825184e-05,0.3322933789676524,per_group
20420442,0.8651932912057128,0.0,0.0,0.5,0.5,0.10526315789473684,0.0,0.03178756734387445,2.4366453562668493,per_group
20466461,0.7785484694784114,0.0,0.0,0.2222222222222222,0.2222222222222222,0.22727272727272727,0.0,0.06993536058792049,1.3961135306160195,per_group
20468744,0.9247830202941377,0.0,0.0,0.0,0.0,0.0,0.0,0.001484171086334715,0.37021004233492205,per_group
20473453,0.9288097355618743,0.0,0.0,0.3333333333333333,0.3333333333333333,0.05263157894736842,0.0,0.022783717926558016,1.7515192343012893,per_group
20478132,0.7419876099524451,0.0,0.0,0.2222222222222222,0.2222222222222222,0.09090909090909091,0.0,0.038971495435165024,1.2662055046841727,per_group
20494264,0.946704172240393,0.0,0.0,0.3333333333333333,0.3333333333333333,0.05263157894736842,0.0,0.020843474211210546,1.7582889602296272,per_group
20504742,0.8307133518784069,0.0,0.0,0.0,0.0,0.0,0.0,4.0191081447825184e-05,0.3322933789676524,per_group
20510315,0.9588493134530018,0.0,0.0,1.0,1.0,0.0,0.0,0.0019054760472457235,4.38392082059065,per_group
20529138,0.9260542586905732,0.0,0.0,0.0,0.0,0.0,0.0,0.004209319973693019,0.37126356747096795,per_group
20529281,0.9072490285604303,0.0,0.0,0.0,0.0,0.045454545454545456,0.0,0.015764519962293742,0.4024161517802673,per_group
20536317,0.8751087987882867,0.0,0.0,0.25,0.25,0.05263157894736842,0.0,0.02145329595788287,1.3964394418647859,per_group
20537065,0.7678406640789414,0.0,0.0,0.0,0.0,0.05263157894736842,0.0,0.022025012338343978,0.35364653125714013,per_group
20548784,0.798851885074777,0.0,0.0,0.6,0.6,0.09090909090909091,0.0,0.03264679473897523,2.7987973857049786,per_group
20567161,0.826725629606855,0.0,0.0,0.9166666666666666,0.9166666666666666,0.10526315789473684,0.0,0.057998238891369666,4.093167092603472,per_group
20567252,0.9493983605059897,0.0,0.0,1.0,1.0,0.0,0.0,0.0027185606736279183,4.380303056337122,per_group
20570095,0.9174352032101128,0.0,0.0,1.0,1.0,0.05263157894736842,0.0,0.018464415545608317,4.412772227551062,per_group
20573668,0.6995446182373201,0.0,0.0,0.2222222222222222,0.2222222222222222,0.05263157894736842,0.0,0.03819931943612852,1.2184518632289372,per_group
20576509,0.8315174846872601,0.0,0.0,0.0,0.0,0.0,0.0,0.016111075782043117,0.3358292090313127,per_group
20579309,0.9469221140227959,0.0,0.0,0.0,0.0,0.0,0.0,0.023591343443068236,0.383487114297732,per_group
20596035,0.957995005173883,0.0,0.0,0.0,0.0,0.0,0.0,0.001627245098357796,0.3835234510892248,per_group
20599451,0.9989188204606702,0.0,0.0,0.0,0.0,0.0,0.0,0.060846206706196705,0.4117367695255075,per_group
20607973,0.8539151704818327,0.0,0.0,0.0,0.0,0.0,0.0,0.004644697895535222,0.34249500777184017,per_group
20613460,0.8759232407742044,0.0,0.0,1.0,1.0,0.0,0.0,0.000835412609353697,4.350536378831552,per_group
20635870,0.8433369349444864,0.0,0.0,1.0,1.0,0.0,0.0,0.004617623514421939,4.338258298680678,per_group
20638270,0.9028264448936326,0.0,0.0,0.6666666666666666,0.6666666666666666,0.10526315789473684,0.0,0.030156740982416008,3.1180391191363923,per_group
20641802,0.9110722652404908,0.0,0.0,0.0,0.0,0.05263157894736842,0.0,0.019995702138801846,0.4105333096818515,per_group
20650869,0.9248658336670288,0.0,0.0,1.0,1.0,0.0,0.0,0.0018322723987559421,4.370312787946562,per_group
20657078,0.7726276577831873,0.0,0.0,0.7058823529411765,0.7058823529411765,0.2631578947368421,0.0,0.11244387563748569,3.365595565794952,per_group
20657429,0.8536793257468442,0.0,0.0,0.0,0.0,0.0,0.0,0.0003817341448238127,0.34154807712770247,per_group
20659066,0.8798918320007667,0.0,0.0,0.5,0.5,0.10526315789473684,0.0,0.03440869654077764,2.4430489984242514,per_group
20661527,0.5797221684439103,0.0,0.0,0.4166666666666667,0.4166666666666667,0.45454545454545453,0.0,0.1603053346858603,2.2942529646177663,per_group
20693960,0.8464168377128837,0.0,0.0,1.0,1.0,0.05263157894736842,0.0,0.018708150270220596,4.384413628297093,per_group
20697142,0.9135764433893256,0.0,0.0,0.5,0.5,0.05263157894736842,0.0,0.015523536013162588,2.4106405477162576,per_group
20708884,0.8414728861504118,0.0,0.0,1.0,1.0,0.05263157894736842,0.0,0.022537304571718153,4.383201878532403,per_group
20716296,0.8305736638040186,0.0,0.0,0.0,0.0,0.0,0.0,0.0006535147033787779,0.3323601684622832,per_group
20719354,0.8078671616386156,0.0,0.0,0.5625,0.5625,0.21052631578947367,0.0,0.09768525857986256,2.761104969002998,per_group
20724218,0.8242149157967155,0.0,0.0,0.8333333333333334,0.8333333333333334,0.15789473684210525,0.0,0.050931603708739615,3.799521409867452,per_group
20725832,0.9508606828520123,0.0,0.0,0.0,0.0,0.0,0.0,0.0033657473043479415,0.38101742260167454,per_group
20726522,0.8715379820169197,0.0,0.0,0.0,0.0,0.10526315789473684,0.0,0.029881830188653737,0.4388020851602881,per_group
20734423,0.5233971065429057,0.0,0.0,0.13333333333333333,0.13333333333333333,0.3157894736842105,0.0,0.14621341673005642,1.0245664382438753,per_group
20745227,0.814468910462596,0.0,0.0,1.0,1.0,0.10526315789473684,0.0,0.03693602629673732,4.417385295760176,per_group
20745274,0.7266548321902923,0.0,0.0,0.375,0.375,0.045454545454545456,0.0,0.03187736445019867,1.833401042129793,per_group
20765649,0.8389451405258969,0.0,0.0,0.0,0.0,0.05263157894736842,0.0,0.024812849836935335,0.3826458893356406,per_group
20767940,0.8865735895575464,0.0,0.0,0.0,0.0,0.05263157894736842,0.0,0.020242534503866205,0.4007832058816866,per_group
20771592,0.822672159772425,0.0,0.0,1.0,1.0,0.0,0.0,0.0015821483657379246,4.329385293582118,per_group
20775769,0.8676578335916535,0.0,0.0,0.5,0.5,0.0,0.0,0.005158097529494195,2.34809475294256,per_group
20780856,0.8319620796341689,0.0,0.0,0.0,0.0,0.0,0.0,0.0006324422429891868,0.33291132030226545,per_group
20782744,0.8536793257468442,0.0,0.0,0.0,0.0,0.0,0.0,0.0003817341448238127,0.34154807712770247,per_group
20788139,0.9737468659963235,0.0,0.0,0.8181818181818182,0.8181818181818182,0.0,0.0,0.046294555046696224,3.6714849301351413,per_group
20790544,0.9989129767398401,0.0,0.0,0.0,0.0,0.0,0.0,0.04045667587779767,0.40765652587149565,per_group
20791477,0.6819463005590345,0.0,0.0,0.0,0.0,0.0,0.0,0.01719936866547904,0.2762183939567096,per_group
20794585,0.8784740099441999,0.0,0.0,0.0,0.0,0.0,0.0,0.0016948413394594526,0.35172857224557186,per_group
20795697,0.8659542750516998,0.0,0.0,0.8,0.8,0.15789473684210525,0.0,0.05015314717749156,3.682728128929863,per_group
20806196,0.7280612277164613,0.0,0.0,0.6923076923076923,0.6923076923076923,0.18181818181818182,0.0,0.0755908620494933,3.2210279781817976,per_group
20808933,0.8412578467455585,0.0,0.0,0.4,0.4,0.10526315789473684,0.0,0.03338815800690109,2.0273912966153933,per_group
20813871,0.8630184236221814,0.0,0.0,0.0,0.0,0.0,0.0,0.0005024573158693331,0.34530786091204646,per_group
20817803,0.9429712341499527,0.0,0.0,0.0,0.0,0.0,0.0,0.0010797229666614048,0.3774044382533134,per_group
20821109,0.8319620796341689,0.0,0.0,0.0,0.0,0.0,0.0,0.0006324422429891868,0.33291132030226545,per_group
20851551,0.8667383253113545,0.0,0.0,0.5714285714285714,0.5714285714285714,0.1,0.0,0.05725608625598301,2.7238608330900242,per_group
20851795,0.9285642700614801,0.0,0.0,0.0,0.0,0.10526315789473684,0.0,0.031720593115080124,0.46198035296339757,per_group
20852423,0.794866371318168,0.0,0.0,0.0,0.0,0.05,0.0,0.028953080796719266,0.3637371646866111,per_group
20859704,0.8760844724713401,0.0,0.0,0.0,0.0,0.0,0.0,0.004543748700652735,0.3513425387286666,per_group
20863618,0.817370019902412,0.0,0.0,0.5,0.5,0.0,0.0,0.0036004284267526607,2.3276680936463157,per_group
20873,0.9629982940309202,0.0,0.0,0.0,0.0,0.0,0.0,0.0028532396740777585,0.3857699655471836,per_group
20893623,0.7904306971903523,0.0,0.0,0.5,0.5,0.05263157894736842,0.0,0.021243232104198564,2.362526188454875,per_group
20920377,0.7340067275234677,0.0,0.0,0.7272727272727273,0.7272727272727273,0.22727272727272727,0.0,0.07780133210132359,3.4000720483387425,per_group
20928893,0.7422474323200585,0.0,0.0,0.5833333333333334,0.5833333333333334,0.22727272727272727,0.0,0.0828089003442557,2.82861226814839,per_group
20961576,0.8489175738034241,0.0,0.0,1.0,1.0,0.0,0.0,0.0007200655252801625,4.339711042626426,per_group
20974633,0.8509710632873326,0.0,0.0,0.0,0.0,0.0,0.0,0.005953615002963982,0.3415791483155259,per_group
20974986,0.7482806621357507,0.0,0.0,0.0,0.0,0.0,0.0,0.00841745843568902,0.3009957565414381,per_group
20978193,0.9338887602909469,0.0,0.0,0.0,0.0,0.0,0.0,0.001092101354850825,0.37377392438734897,per_group
20993726,0.8299314352186441,0.0,0.0,0.8,0.8,0.05263157894736842,0.0,0.023169594323178406,3.578711756109988,per_group
21001897,0.8114502678329301,0.0,0.0,0.5,0.5,0.0,0.0,0.002687209668743766,2.325117549066921,per_group
21018685,0.8637978722742425,0.0,0.0,0.0,0.0,0.0,0.0,0.004720824796608866,0.3464633138690188,per_group
21030225,0.7265516705303275,0.0,0.0,0.0,0.0,0.0,0.0,0.0011035772444796077,0.2908413836610269,per_group
2103501,0.9834728104931206,0.0,0.0,0.0,0.0,0.0,0.0,0.03092493164130364,0.399574110525509,per_group
21044126,0.767801984350481,0.0,0.0,0.4090909090909091,0.4090909090909091,0.45454545454545453,0.0,0.1699803541990083,2.3411168645799942,per_group
21053220,0.8543082620379657,0.0,0.0,0.3333333333333333,0.3333333333333333,0.05263157894736842,0.0,0.017937466042464517,1.720749394514907,per_group
21060795,0.8099001687509448,0.0,0.0,0.0,0.0,0.0,0.0,0.003568369531459675,0.32467374140666994,per_group
21062689,0.8859732435975421,0.0,0.0,1.0,1.0,0.0,0.0,0.04665135842939618,4.363719569124896,per_group
21069104,0.8194379338077062,0.0,0.0,0.0,0.0,0.0,0.0,0.0007833905647576114,0.327931851636034,per_group
21072539,0.8560318408579901,0.0,0.0,1.0,1.0,0.05263157894736842,0.0,0.0163628548068157,4.387790570462454,per_group
21081275,0.9432177963830614,0.0,0.0,0.5,0.5,0.0,0.0,0.005232059867891329,2.378333530526803,per_group
21085123,0.7666107359107035,0.0,0.0,0.0,0.0,0.0,0.0,0.0003773210753393482,0.3067197585793493,per_group
21093392,0.5071517132492456,0.0,0.0,0.28125,0.28125,0.3157894736842105,0.0,0.15651534378389675,1.6117953330038457,per_group
21128914,0.8845027453007065,0.0,0.0,1.0,1.0,0.0,0.0,0.0020196963291488983,4.354205037386112,per_group
21145162,0.957995005173883,0.0,0.0,0.0,0.0,0.0,0.0,0.001627245098357796,0.3835234510892248,per_group
21146733,0.9508202854592732,0.0,0.0,0.0,0.0,0.0,0.0,0.0016909849815106535,0.38066631118001143,per_group
21161755,0.9544938208987674,0.0,0.0,0.0,0.0,0.0,0.0,0.0016840294958234525,0.38213433425867166,per_group
21165967,0.8466165235402134,0.0,0.0,0.5,0.5,0.09090909090909091,0.0,0.029699813811602072,2.4173138449056784,per_group
21170661,0.830056420179824,0.0,0.0,0.5,0.5,0.05263157894736842,0.0,0.014640433570517532,2.3770559179439283,per_group
21175294,0.744172523801967,0.0,0.0,0.1111111111111111,0.1111111111111111,0.09090909090909091,0.0,0.046101710650874136,0.8240610688226788,per_group
21177451,0.9536221527336283,0.0,0.0,0.0,0.0,0.0,0.0,0.0015191667161449343,0.3817526944366803,per_group
21187585,0.8319620796341689,0.0,0.0,0.0,0.0,0.0,0.0,0.0006324422429891868,0.33291132030226545,per_group
2119161,0.9476950813309931,0.0,0.0,0.0,0.0,0.0,0.0,0.001987711403841142,0.37947557481316546,per_group
21192419,0.9759627762926915,0.0,0.0,0.0,0.0,0.0,0.0,0.006042235458927314,0.39159355760886205,per_group
21193380,0.8215429946736655,0.0,0.0,0.3333333333333333,0.3333333333333333,0.05263157894736842,0.0,0.017982142871239493,1.707652222934942,per_group
21193728,0.8247908358911934,0.0,0.0,0.0,0.0,0.05263157894736842,0.0,0.02775240143014516,0.3775720778004012,per_group
21203278,0.8160184486165628,0.0,0.0,0.5714285714285714,0.5714285714285714,0.10526315789473684,0.0,0.04424049208539076,2.705180289893778,per_group
21204595,0.7665420647230023,0.0,0.0,0.0,0.0,0.0,0.0,0.004969614686626206,0.3076107488265262,per_group
21207933,0.9381052689532563,0.0,0.0,1.0,1.0,0.0,0.0,0.005311903742294041,4.376304488329761,per_group
21219434,0.93400036796878,0.0,0.0,1.0,1.0,0.0,0.0,0.0015128750934405425,4.3739027222062,per_group
21222599,0.7473809917036478,0.0,0.0,0.0,0.0,0.09090909090909091,0.0,0.03364873486142595,0.37840941638101705,per_group
21231872,0.8624097964004671,0.0,0.0,1.0,1.0,0.0,0.0,0.0007362332991165093,4.34511116522001,per_group
21237512,0.7015627012647975,0.0,0.0,0.45454545454545453,0.45454545454545453,0.21052631578947367,0.0,0.0727663391051149,2.2817812191403393,per_group
21242674,0.8047283387971834,0.0,0.0,0.5,0.5,0.0,0.0,0.004221701443305456,2.3227356758075346,per_group
21248230,0.9197978008818698,0.0,0.0,1.0,1.0,0.045454545454545456,0.0,0.018035434418262594,4.407889843600037,per_group
21249293,0.8703153524003233,0.0,0.0,0.3333333333333333,0.3333333333333333,0.045454545454545456,0.0,0.016794598027860028,1.721182030262671,per_group
21250871,0.998875891752315,0.0,0.0,0.0,0.0,0.0,0.0,0.06942799385392612,0.4134359554717112,per_group
21261486,0.876028431775464,0.0,0.0,0.0,0.0,0.05263157894736842,0.0,0.032769912262972496,0.39907061832067486,per_group
21266715,0.6282393125619762,0.0,0.0,0.15789473684210525,0.15789473684210525,0.15789473684210525,0.0,0.10215652038693436,1.0296217659442826,per_group
21269579,0.8578819684385182,0.0,0.0,0.0,0.0,0.0,0.0,0.005852321406725014,0.34432325165675226,per_group
21278729,0.9544938208987674,0.0,0.0,0.0,0.0,0.0,0.0,0.0016840294958234525,0.38213433425867166,per_group
21282497,0.9451027864898209,0.0,0.0,1.0,1.0,0.0,0.0,0.0012729080098382644,4.378295696197896,per_group
21303582,0.959906416299222,0.0,0.0,0.0,0.0,0.0,0.0,0.009560227280778724,0.3858746119758446,per_group
21326273,0.8465294312642035,0.0,0.0,0.0,0.0,0.0,0.0,0.00032512030256610333,0.33867679656619465,per_group
21327648,0.8909674377292927,0.0,0.0,0.0,0.0,0.0,0.0,0.0008323265570061379,0.3565534404031183,per_group
21345004,0.8622534504637158,0.0,0.0,0.8,0.8,0.15789473684210525,0.0,0.04749707809753745,3.6807165852786783,per_group
21348792,0.8272302554813937,0.0,0.0,0.5,0.5,0.09090909090909091,0.0,0.045045646482223624,2.412628504216275,per_group
21351802,0.8305736638040186,0.0,0.0,0.0,0.0,0.0,0.0,0.0006535147033787779,0.3323601684622832,per_group
21352055,0.8491910635321569,0.0,0.0,0.0,0.0,0.045454545454545456,0.0,0.024060423437556395,0.38085214646401044,per_group
21362085,0.731079464496639,0.0,0.0,0.0,0.0,0.0,0.0,0.01227626626876228,0.29488703905240804,per_group
21368708,0.8342706553838772,0.0,0.0,0.0,0.0,0.0,0.0,0.0005740786457443216,0.33382307788269977,per_group
21371439,0.7923623463095475,0.0,0.0,0.0,0.0,0.0,0.0,0.004367112013356699,0.31781836092649035,per_group
21372580,0.8170236486232668,0.0,0.0,0.0,0.0,0.0,0.0,0.003728551855914155,0.32755516982048954,per_group
21377185,0.9049028759025101,0.0,0.0,0.5,0.5,0.0,0.0,0.006114212247787944,2.3631839928105616,per_group
21381690,0.8787440797872172,0.0,0.0,0.6666666666666666,0.6666666666666666,0.10526315789473684,0.0,0.030361926098221914,3.108447210116987,per_group
21395752,0.8760844724713401,0.0,0.0,0.0,0.0,0.0,0.0,0.004543748700652735,0.3513425387286666,per_group
2140491,0.9751353421212262,0.0,0.0,0.0,0.0,0.0,0.0,0.03327915342489256,0.396709967533469,per_group
21406735,0.9973662703773436,0.0,0.0,0.0,0.0,0.0,0.0,0.060846206706196705,0.41111574949217683,per_group
21408157,0.920898381294322,0.0,0.0,1.0,1.0,0.0,0.0,0.005681197603683103,4.369495592038465,per_group
21408711,0.9280928695544216,0.0,0.0,0.0,0.0,0.0,0.0,0.002543333799494821,0.3717458145816676,per_group
21413138,0.9176906690488341,0.0,0.0,0.0,0.0,0.09090909090909091,0.0,0.029575479125857885,0.445718636171978,per_group
21421864,0.918605222566209,0.0,0.0,0.5,0.5,0.05263157894736842,0.0,0.017306915238310787,2.4130087352320406,per_group
21425652,0.9724756148442495,0.0,0.0,0.0,0.0,0.0,0.0,0.003574804924914555,0.38970520692268273,per_group
21428883,0.8862365614105565,0.0,0.0,1.0,1.0,0.0,0.0,0.0011455694886359211,4.354723738461949,per_group
21437676,0.8099247815924774,1.0,1.0,0.0,0.0,0.0,0.0,0.003568369531459675,4.824683586543283,per_group
21454987,0.6356250347817866,0.0,0.0,0.08333333333333333,0.08333333333333333,0.0,0.0,0.03011126142861561,0.593605599531771,per_group
21463619,0.9897588450189541,0.0,0.0,1.0,1.0,0.0,0.0,0.008570885076414318,4.397617715022864,per_group
21470154,0.8630184236221814,0.0,0.0,0.0,0.0,0.0,0.0,0.0005024573158693331,0.34530786091204646,per_group
21475280,0.9491693956381353,0.0,0.0,1.0,1.0,0.0,0.0,0.002665332132399179,4.380200824681734,per_group
21476327,0.9437321163824332,0.0,0.0,1.0,1.0,0.0,0.0,0.0022624262266944463,4.377945331798313,per_group
21488707,0.9404729801143539,1.0,1.0,1.0,1.0,0.0,0.0,0.0067510829327419915,8.87753940863229,per_group
21491565,0.936611938336401,0.0,0.0,1.0,1.0,0.0,0.0,0.008084745311807745,4.3762617243969215,per_group
21494085,0.8386916690528772,0.0,0.0,0.0,0.0,0.0,0.0,0.005166838405967256,0.33651003530234436,per_group
21499200,0.9595683211856155,0.0,0.0,0.0,0.0,0.0,0.0,0.007913217406168035,0.3854099719554798,per_group
21501777,0.9573021634284136,0.0,0.0,1.0,1.0,0.0,0.0,0.0018053205714640733,4.3832819294856575,per_group
21526244,0.9228526970048042,0.0,0.0,1.0,1.0,0.0,0.0,0.01607591428111913,4.372356261658145,per_group
21543550,0.9404483545244573,0.0,0.0,1.0,1.0,0.0,0.0,0.0067510829327419915,4.377529558396331,per_group
21548052,0.8367136644902872,0.0,0.0,0.0,0.0,0.0,0.0,0.005296892890023903,0.33574484437411967,per_group
21550185,0.8108956120096933,0.0,0.0,0.6,0.6,0.3157894736842105,0.0,0.09770826777514544,2.9965314773062746,per_group
21554726,0.827888042439066,0.0,0.0,1.0,1.0,0.0,0.0,0.0005721579711714949,4.331269648569861,per_group
21583614,0.9381363792110013,0.0,0.0,1.0,1.0,0.0,0.0,0.004166088770084102,4.376087769438417,per_group
21588987,0.9358383591910474,0.0,0.0,0.5,0.5,0.045454545454545456,0.0,0.014197370489190337,2.4135384541378935,per_group
21590617,0.7267923936392938,0.0,0.0,0.0,0.0,0.05263157894736842,0.0,0.02086917886313357,0.336996056386239,per_group
21599056,0.7944981329225238,0.0,0.0,0.75,0.75,0.09090909090909091,0.0,0.027957849627289054,3.3961180958217403,per_group
21624641,0.9438895671774024,0.0,0.0,1.0,1.0,0.0,0.0,0.0010478808167815952,4.377765403034317,per_group
21625645,0.9983860879193817,0.0,0.0,0.0,0.0,0.0,0.0,0.06942799385392612,0.4132400339385379,per_group
21640610,0.825721534458369,0.0,0.0,0.0,0.0,0.05263157894736842,0.0,0.021646952839317654,0.3767232675091059,per_group
21644106,0.826905738494202,0.0,0.0,0.3333333333333333,0.3333333333333333,0.05263157894736842,0.0,0.017025614541576507,1.709606014797224,per_group
21653078,0.9103171796376058,0.0,0.0,1.0,1.0,0.05263157894736842,0.0,0.02413624810208114,4.4110593846333535,per_group
21654561,0.8008462806001957,0.0,0.0,0.2,0.2,0.05263157894736842,0.0,0.021787959629443052,1.1668013673238617,per_group
21661811,0.9969635415315694,0.0,0.0,0.0,0.0,0.0,0.0,0.05255179405430459,0.4092957754234887,per_group
21664865,0.9740176867063357,0.0,0.0,0.0,0.0,0.0,0.0,0.007864185099973893,0.3911799117025291,per_group
21672624,0.9298040824613141,0.0,0.0,0.3333333333333333,0.3333333333333333,0.05263157894736842,0.0,0.020816792228231684,1.7515235879214,per_group
21676304,0.7821476431215488,0.0,0.0,0.0,0.0,0.0,0.0,0.01841813843604331,0.3165426849358282,per_group
21702193,0.7638299607564559,0.0,0.0,1.0,1.0,0.0,0.0,0.009538296886578725,4.307439643679898,per_group
21706932,0.945270826925864,1.0,1.0,1.0,1.0,0.0,0.0,0.0032840283141579605,8.878765136433177,per_group
21710124,0.7925090884787119,0.0,0.0,0.25,0.25,0.05263157894736842,0.0,0.022824504340779088,1.3636737994175354,per_group
21711002,0.8867868951848885,0.0,0.0,0.0,0.0,0.0,0.0,0.0014814752602542226,0.3550110531260063,per_group
21712968,0.9593504941384892,0.0,0.0,0.0,0.0,0.0,0.0,0.002868702985875959,0.3843139382525709,per_group
21719730,0.8630184236221814,0.0,0.0,0.0,0.0,0.0,0.0,0.0005024573158693331,0.34530786091204646,per_group
21730822,0.9590120930641455,0.0,0.0,0.0,0.0,0.0,0.0,0.0026163171875958143,0.3841281006631774,per_group
21733345,0.5420675809866996,0.0,0.0,0.19047619047619047,0.19047619047619047,0.18181818181818182,0.0,0.10454107222331867,1.1450945541986508,per_group
21742949,0.8807107505036729,0.0,0.0,0.0,0.0,0.0,0.0,0.0011635476442892197,0.352517009730327,per_group
21747701,0.74310329652637,0.0,0.0,0.2,0.2,0.0,0.0,0.01301045313726286,1.0998434092380007,per_group
21749388,0.953273348994217,0.0,0.0,0.25,0.25,0.0,0.0,0.013255511481346056,1.383960441893956,per_group
21764132,0.7887570145383535,0.0,0.0,0.25,0.25,0.045454545454545456,0.0,0.018573903350961995,1.3555812228491704,per_group
21765190,0.8476082658216801,0.0,0.0,0.0,0.0,0.0,0.0,0.007842756929715367,0.34061185771461516,per_group
21781613,0.948179290624821,0.0,0.0,1.0,1.0,0.0,0.0,0.001736200441264758,4.379618956338181,per_group
21789095,0.8431608205445428,1.0,1.0,0.0,0.0,0.0,0.0,0.0025514188673848013,4.837774611991294,per_group
21797153,0.8841008403755579,0.0,0.0,0.6666666666666666,0.6666666666666666,0.10526315789473684,0.0,0.03063809454511379,3.110645148041702,per_group
21798081,0.7358945385974399,0.0,0.0,0.25,0.25,0.0,0.0,0.008902317736570905,1.2961382789862903,per_group
21800616,0.9405736072012822,0.0,0.0,0.0,0.0,0.0,0.0,0.0015759995400486358,0.3765446427885226,per_group
21808399,0.8226452012319068,0.0,0.0,0.5,0.5,0.0,0.0,0.004642944027799308,2.3299866692983224,per_group
21808591,0.8717027186322404,0.0,0.0,0.3333333333333333,0.3333333333333333,0.045454545454545456,0.0,0.017554275351528273,1.7218889122201715,per_group
21812403,0.6925028298818526,0.0,0.0,0.3,0.3,0.05263157894736842,0.0,0.03483212152769365,1.5260728194161743,per_group
21818817,0.9983860879193817,0.0,0.0,0.0,0.0,0.0,0.0,0.06942799385392612,0.4132400339385379,per_group
21819083,0.8857057999175197,0.0,0.0,0.75,0.75,0.05263157894736842,0.0,0.02073360167221023,3.4005343034593447,per_group
21819639,0.8000116197088892,0.0,0.0,0.0,0.0,0.05263157894736842,0.0,0.01739502509552743,0.36558891606055594,per_group
21832091,0.9134623710277755,0.0,0.0,1.0,1.0,0.0,0.0,0.020002252717818646,4.369385398954674,per_group
21838881,0.6491987493329374,0.0,0.0,0.3333333333333333,0.3333333333333333,0.05,0.0,0.03487565490988033,1.6399879640484845,per_group
21841080,0.824140040405175,0.0,0.0,1.0,1.0,0.0,0.0,0.006285151472795378,4.330913046456629,per_group
21841872,0.9186223648664061,0.0,0.0,0.0,0.0,0.0,0.0,0.004278499871866246,0.3683046459209357,per_group
21842565,0.8719875063312625,0.0,0.0,1.0,1.0,0.05263157894736842,0.0,0.01756798510383485,4.394413862711167,per_group
21845131,0.928944339468154,0.0,0.0,0.0,0.0,0.0,0.0,0.0055539257849568655,0.372688520944253,per_group
21852268,0.8706802890812234,0.0,0.0,0.0,0.0,0.0,0.0,0.0019027576108501729,0.3486526671546594,per_group
21865855,0.7484936773231451,0.0,0.0,0.8,0.8,0.045454545454545456,0.0,0.019599943950240496,3.539681096082943,per_group
21870772,0.9116490777204524,0.0,0.0,0.125,0.125,0.05263157894736842,0.0,0.0374649320905059,0.9142578806641769,per_group
21875520,0.888290216269707,0.0,0.0,0.3333333333333333,0.3333333333333333,0.05263157894736842,0.0,0.018295283407190416,1.7344137396805488,per_group
21878443,0.8634909582136223,0.0,0.0,0.0,0.0,0.0,0.0,0.008316021093546434,0.3470595875041583,per_group
21890179,0.9608383472082561,0.0,0.0,0.0,0.0,0.0,0.0,0.010630851248231354,0.38646150913294874,per_group
21897900,0.9342483882601461,0.0,0.0,0.0,0.0,0.045454545454545456,0.0,0.017941737651293733,0.4136513391979536,per_group
21908551,0.8953488723292868,0.0,0.0,0.3333333333333333,0.3333333333333333,0.045454545454545456,0.0,0.01637148129641771,1.731110814887968,per_group
21924231,0.8900070021436627,0.0,0.0,0.5,0.5,0.09090909090909091,0.0,0.029488802348148366,2.4346278340543672,per_group
21960339,0.7860735273285321,0.0,0.0,0.0,0.0,0.0,0.0,0.0012060707297637749,0.3146706250773656,per_group
21969601,0.7662547335950567,0.0,0.0,0.0,0.0,0.0,0.0,0.0048736089182176276,0.30747661522166625,per_group
21996162,0.9249413379778626,0.0,0.0,0.0,0.0,0.0,0.0,0.0048685229285189,0.3709502397768488,per_group
22025346,0.9603966886345343,0.0,0.0,0.0,0.0,0.0,0.0,0.002214272553250571,0.3846015299644639,per_group
22025998,0.7153482722176194,0.0,0.0,0.0,0.0,0.0,0.0,0.004402472885797991,0.2870198034642074,per_group
22026917,0.8328132114118324,0.0,0.0,0.0,0.0,0.0,0.0,0.003762994881037622,0.3338778835409405,per_group
22026974,0.6856736269329406,1.0,1.0,0.5,0.5,0.045454545454545456,0.0,0.026373094360073256,6.815907706008828,per_group
22027704,0.8224579872563273,0.0,0.0,0.0,0.0,0.0,0.0,0.006011654640059397,0.33018552583054284,per_group
22028219,0.9981810867888568,0.0,0.0,0.0,0.0,0.0,0.0,0.06942799385392612,0.41315803348632796,per_group
22035170,0.8619559159065301,0.0,0.0,0.0,0.0,0.0,0.0,0.0009113539897843887,0.3449646371605689,per_group
22039728,0.8456070446303907,0.0,0.0,1.0,1.0,0.05263157894736842,0.0,0.014755300274366712,4.383299141064924,per_group
22040276,0.9404284160830777,0.0,0.0,0.0,0.0,0.0,0.0,0.02758237826417152,0.38168784208606543,per_group
22043224,0.9061240047309689,0.0,0.0,0.5,0.5,0.05263157894736842,0.0,0.015102133102500677,2.4075752916707827,per_group
22043768,0.8067785023419085,0.0,0.0,0.25,0.25,0.05263157894736842,0.0,0.019579606073401534,1.3687325853093382,per_group
22052371,0.8154082124444821,0.0,0.0,1.0,1.0,0.0,0.0,0.000570955269239451,4.326277476031641,per_group
22059105,0.8962069843425272,0.0,0.0,0.0,0.0,0.0,0.0,0.0009024120651417119,0.35866327615003923,per_group
22069883,0.8471660845650321,0.0,0.0,0.0,0.0,0.0,0.0,0.007675517437858324,0.3404015373135845,per_group
22071998,0.9404823501619332,0.0,0.0,0.0,0.0,0.0,0.0,0.0019095148709430245,0.3765748430389619,per_group
22078338,0.9416154460062758,0.0,0.0,1.0,1.0,0.0,0.0,0.0013720835145541231,4.376920595105421,per_group
2207861,0.9138142335356095,0.0,0.0,0.0,0.0,0.045454545454545456,0.0,0.01693298683678136,0.40527592714523647,per_group
22094377,0.9174648134103544,0.0,0.0,0.0,0.0,0.0,0.0,0.0017053966963968361,0.3673270047034211,per_group
22098829,0.9483530159008815,0.0,0.0,1.0,1.0,0.0,0.0,0.0028487323662042575,4.379910952833594,per_group
22104014,0.7221122371170003,0.0,0.0,0.75,0.75,0.09090909090909091,0.0,0.03900752826902638,3.3693736732278783,per_group
22108726,0.7975465620398797,0.0,0.0,0.5,0.5,0.0,0.0,0.003799001514707114,2.319778425118893,per_group
22115490,0.8032211220243285,0.0,0.0,0.5,0.5,0.0,0.0,0.0024144793472037937,2.3217713446791723,per_group
22120173,0.8724236788589868,0.0,0.0,0.25,0.25,0.10526315789473684,0.0,0.03560914468958577,1.4403018267973013,per_group
22123886,0.9031785547087885,0.0,0.0,0.5,0.5,0.05263157894736842,0.0,0.016591039403575574,2.4066948929221255,per_group
22126862,0.8152338972948957,0.0,0.0,0.0,0.0,0.0,0.0,0.00023150155379163145,0.32613985922871663,per_group
22133603,0.8914276226588946,0.0,0.0,0.0,0.0,0.0,0.0,0.0009709060662079117,0.35676523027679946,per_group
22147816,0.9661421893374111,0.0,0.0,1.0,1.0,0.0,0.0,0.007962022546304418,4.388049280244226,per_group
22168649,0.9581614159781332,0.0,0.0,0.0,0.0,0.0,0.0,0.003073241128288456,0.383879214616911,per_group
22169218,0.9444259375971319,0.0,0.0,0.8571428571428571,0.8571428571428571,0.0,0.0,0.026677514411224904,3.811677306492526,per_group
22174265,0.8049981678051182,0.0,0.0,0.0,0.0,0.0,0.0,0.003914068701633428,0.322782080862374,per_group
22183550,0.9987166174101042,0.0,0.0,0.0,0.0,0.0,0.0,0.06942799385392612,0.4133722457348269,per_group
22192769,0.8544965298783068,0.0,0.0,0.0,0.0,0.0,0.0,0.004312856920583537,0.3426611833354395,per_group
22198749,0.957995005173883,0.0,0.0,0.0,0.0,0.0,0.0,0.001627245098357796,0.3835234510892248,per_group
22210647,0.9918708548056862,0.0,0.0,0.0,0.0,0.0,0.0,0.01691130242867804,0.40013060240801007,per_group
22210679,0.9992762743103228,0.0,0.0,0.0,0.0,0.0,0.0,0.06942799385392612,0.41359610849491435,per_group
22211080,0.6260310919340965,0.0,0.0,0.125,0.125,0.05263157894736842,0.0,0.03254095619704685,0.7990258911709428,per_group
22216682,0.9982834646511152,0.0,0.0,0.0,0.0,0.0,0.0,0.03495208313183079,0.40630380248681225,per_group
22217321,0.9514279071151035,0.0,0.0,1.0,1.0,0.0,0.0,0.0015988774926260975,4.380890938344566,per_group
22229716,0.8600113871787289,0.0,0.0,0.8333333333333334,0.8333333333333334,0.15789473684210525,0.0,0.05078774518266892,3.813811226715043,per_group
22231178,0.8023044936302758,0.0,0.0,0.75,0.75,0.09090909090909091,0.0,0.030432938161161313,3.3997356578116156,per_group
22239541,0.7528832635023278,0.0,0.0,0.0,0.0,0.0,0.0,0.007120233540287535,0.3025773521089887,per_group
22242176,0.7069116768521563,0.0,0.0,0.9411764705882353,0.9411764705882353,0.15789473684210525,0.0,0.08560150553169454,4.190906643673827,per_group
22242395,0.8850918217068876,0.0,0.0,0.0,0.0,0.0,0.0,0.000977314842619504,0.35423219165127895,per_group
22245744,0.8856568801951921,0.0,0.0,0.0,0.0,0.0,0.0,0.003865091117285724,0.355035770301534,per_group
22270734,0.9939998847207934,0.0,0.0,0.0,0.0,0.0,0.0,0.012049325410140884,0.40000981897034554,per_group
22271534,0.8558971501423108,0.0,0.0,1.0,1.0,0.0,0.0,0.007122665503907479,4.343783393157706,per_group
22284693,0.9133277992968274,0.0,0.0,0.5,0.5,0.05263157894736842,0.0,0.016825696058347394,2.4108015220882955,per_group
22295588,0.8437599060511347,0.0,0.0,0.3333333333333333,0.3333333333333333,0.05,0.0,0.024790166500549066,1.715795329053897,per_group
22297849,0.9985602713218436,0.0,0.0,0.0,0.0,0.0,0.0,0.060846206706196705,0.4115933498699768,per_group
22299209,0.8867542593729117,0.0,0.0,1.0,1.0,0.10526315789473684,0.0,0.034499660005435695,4.445812162066042,per_group
22303562,0.6622578332239247,0.0,0.0,0.20833333333333334,0.20833333333333334,0.2,0.0,0.16140183976899117,1.2905168345767013,per_group
22317106,0.8536793257468442,0.0,0.0,0.0,0.0,0.0,0.0,0.0003817341448238127,0.34154807712770247,per_group
2232381,0.9567720057755869,0.0,0.0,1.0,1.0,0.0,0.0,0.0030941391282035715,4.383327630135876,per_group
22324656,0.9142969809256257,0.0,0.0,0.0,0.0,0.05263157894736842,0.0,0.016867192753005838,0.41119749407874623,per_group
22327443,0.8342706553838772,0.0,0.0,0.0,0.0,0.0,0.0,0.0005740786457443216,0.33382307788269977,per_group
22341818,0.8305736638040186,0.0,0.0,0.0,0.0,0.0,0.0,0.0006535147033787779,0.3323601684622832,per_group
22343542,0.8717693223299426,0.0,0.0,0.3333333333333333,0.3333333333333333,0.05263157894736842,0.0,0.017715054800670073,1.727689336383339,per_group
22343946,0.9575505441188754,0.0,0.0,0.0,0.0,0.0,0.0,0.003240868425094785,0.38366839133256914,per_group
22358960,0.9341617112642403,0.0,0.0,0.5,0.5,0.0,0.0,0.005532755850392394,2.374771235675775,per_group
22372182,0.9581423656727827,0.0,0.0,0.0,0.0,0.0,0.0,0.006153732232435208,0.3844876927156001,per_group
22382483,0.8296714365832291,0.0,0.0,0.0,0.0,0.0,0.0,0.01211848612261108,0.3342922718578139,per_group
22384688,0.9165470671810569,0.0,0.0,0.5,0.5,0.05263157894736842,0.0,0.022938622027149018,2.4133118144357475,per_group
22399021,0.9539978682695565,0.0,0.0,0.0,0.0,0.0,0.0,0.005384175591803297,0.3826759824261833,per_group
22400810,0.9379719494407383,0.0,0.0,0.3333333333333333,0.3333333333333333,0.045454545454545456,0.0,0.01657499900759668,1.7482007492747844,per_group
22403779,0.8676947787017298,0.0,0.0,0.0,0.0,0.0,0.0,0.00034455296278255515,0.3471468220732485,per_group
22425685,0.9269743960836482,0.0,0.0,1.0,1.0,0.0,0.0,0.015200727936684777,4.373829904020797,per_group
22428105,0.8965137269794716,0.0,0.0,0.3333333333333333,0.3333333333333333,0.10526315789473684,0.0,0.032688586204301866,1.7826870676817717,per_group
22428125,0.9642107866865877,0.0,0.0,0.0,0.0,0.0,0.0,0.00254288245935658,0.3861928911665064,per_group
22432632,0.798288941773258,0.0,0.0,0.0,0.0,0.0,0.0,0.0010471421743806668,0.31952500514417936,per_group
2243311,0.8280846392105886,0.0,0.0,0.0,0.0,0.0,0.0,0.008378469398742483,0.33290954956398394,per_group
22443806,0.8862365614105565,0.0,0.0,1.0,1.0,0.0,0.0,0.0011455694886359211,4.354723738461949,per_group
22450755,0.7678534464386323,0.0,0.0,0.0,0.0,0.0,0.0,0.007729751199342975,0.3086873288153215,per_group
22455366,0.8312476613126144,0.0,0.0,0.0,0.0,0.0,0.0,0.0008844706467433437,0.3326759586543945,per_group
22455413,0.9344364130128637,0.0,0.0,0.0,0.0,0.0,0.0,0.0015847542497588129,0.3740915160550973,per_group
22461427,0.0,0.0,0.0,0.20270270270270271,0.20270270270270271,1.0,0.0,1.0,1.8108108108108107,per_group
22463905,0.8402047978791074,0.0,0.0,0.75,0.75,0.05263157894736842,0.0,0.02002298324492105,3.382191778958522,per_group
22470620,0.8305736638040186,0.0,0.0,0.0,0.0,0.0,0.0,0.0006535147033787779,0.3323601684622832,per_group
22489157,0.8515365001300865,0.0,0.0,0.0,0.0,0.0,0.0,0.0029269509314756915,0.3411999902383298,per_group
22495490,0.7048330475943344,0.0,0.0,0.0,0.0,0.0,0.0,0.001745332878121062,0.282282285613358,per_group
22498142,0.7916076941510404,0.0,0.0,1.0,1.0,0.0,0.0,0.0011581937252211991,4.31687471640546,per_group
22523228,0.730570804770907,0.0,0.0,0.1,0.1,0.10526315789473684,0.0,0.0491658450392488,0.7862720172320021,per_group
22545389,0.9979363426333953,0.0,0.0,0.0,0.0,0.0,0.0,0.05255179405430459,0.4096848958642191,per_group
22546379,0.7774515877475507,0.0,0.0,0.7142857142857143,0.7142857142857143,0.10526315789473684,0.0,0.04082399062100244,3.260498816681867,per_group
22547653,0.9160654169892994,0.0,0.0,1.0,1.0,0.05263157894736842,0.0,0.015871828274295074,4.411705795608474,per_group
22550427,0.7972794243205946,0.0,0.0,0.0,0.0,0.0,0.0,0.001410256518764033,0.3191938210319907,per_group
22552819,0.8812076416481779,0.0,0.0,0.0,0.0,0.0,0.0,0.0009173646834806456,0.3526665295959673,per_group
22554654,0.7620548105543808,0.0,0.0,0.8,0.8,0.05263157894736842,0.0,0.02541209925639154,3.552009607230926,per_group
22559810,0.9020463045059279,0.0,0.0,1.0,1.0,0.05263157894736842,0.0,0.014976208073292292,4.405919026574924,per_group
22570815,0.999313537778451,0.0,0.0,0.0,0.0,0.0,0.0,0.04619146214519652,0.4089637075404197,per_group
22574003,0.8715790550718522,0.0,0.0,0.3333333333333333,0.3333333333333333,0.13636363636363635,0.0,0.045592324088850986,1.8001743292707535,per_group
22578352,0.8163004052913533,0.0,0.0,0.4166666666666667,0.4166666666666667,0.3181818181818182,0.0,0.09835795548788076,2.2674038744262384,per_group
22599782,0.8630184236221814,0.0,0.0,0.0,0.0,0.0,0.0,0.0005024573158693331,0.34530786091204646,per_group
22604125,0.9450274682661968,0.0,0.0,0.0,0.0,0.0,0.0,0.01846405882130829,0.3817037990707404,per_group
22606755,0.9590716576704578,0.0,0.0,1.0,1.0,0.0,0.0,0.00261075680313273,4.38415081442881,per_group
22613561,0.8810813017960579,0.0,0.0,0.0,0.0,0.0,0.0,0.004785326160766625,0.3533895859505765,per_group
22629285,0.7892755254289238,0.0,0.0,0.6666666666666666,0.6666666666666666,0.0,0.0,0.006365180346997037,2.9836499129076355,per_group
22629977,0.9621076933181473,0.0,0.0,1.0,1.0,0.0,0.0,0.0025902977239660972,4.385361136872053,per_group
2264811,0.9357126347404343,0.0,0.0,0.0,0.0,0.0,0.0,0.01109894156420326,0.37650484220901437,per_group
22668964,0.9807561744831532,0.0,0.0,1.0,1.0,0.0,0.0,0.004336556609609247,4.393169781115183,per_group
22673770,0.8271266251487012,1.0,1.0,0.0,0.0,0.0,0.0,0.0006697627323800969,4.830984602605957,per_group
22675994,0.9175604535395314,0.0,0.0,0.5,0.5,0.0,0.0,0.003816165271985097,2.36778741447021,per_group
22694068,0.8784740099441999,0.0,0.0,0.0,0.0,0.0,0.0,0.0016948413394594526,0.35172857224557186,per_group
22698646,0.8659349270134177,0.0,0.0,0.0,0.0,0.0,0.0,0.0004783466820486305,0.34646964014177684,per_group
22701625,0.8869185092953762,0.0,0.0,1.0,1.0,0.0,0.0,0.0029795700925605365,4.355363317736662,per_group
22738931,0.8236150967690921,0.0,0.0,0.0,0.0,0.0,0.0,0.0007814225626769815,0.32960232322017224,per_group
22744477,0.9452507270052063,0.0,0.0,0.0,0.0,0.0,0.0,0.0024407904402346456,0.37858844889012944,per_group
22746133,0.8619559159065301,0.0,0.0,0.0,0.0,0.0,0.0,0.0009113539897843887,0.3449646371605689,per_group
22746993,0.8903961695211501,0.0,0.0,1.0,1.0,0.0,0.0,0.0004490632757427978,4.356248280463609,per_group
22747266,0.73935730023509,0.0,0.0,0.75,0.75,0.10526315789473684,0.0,0.04754089378070305,3.389461625165966,per_group
22750634,0.875321534988701,0.0,0.0,0.0,0.0,0.0,0.0,0.001606264647103566,0.35044986692490115,per_group
22778375,0.7838686519970682,0.0,0.0,0.4,0.4,0.09090909090909091,0.0,0.03126073112431852,1.9925268797509639,per_group
22794532,0.9527590459926639,0.0,0.0,1.0,1.0,0.0,0.0,0.002123390941739523,4.381528296585413,per_group
22810726,0.928825968478769,0.0,0.0,0.6666666666666666,0.6666666666666666,0.0,0.0,0.007898058122590602,3.0397766656826923,per_group
22811603,0.978366519138065,0.0,0.0,1.0,1.0,0.0,0.0,0.005064333645683758,4.392359474384363,per_group
22816200,0.9958106379165788,0.0,0.0,0.0,0.0,0.0,0.0,0.03677576448694097,0.4056794080640197,per_group
22821611,0.9203696726413886,0.0,0.0,0.0,0.0,0.0,0.0,0.004373225990902547,0.369022514254736,per_group
22832829,0.9145745298088878,0.0,0.0,0.0,0.0,0.10526315789473684,0.0,0.036351365052756025,0.4573106112498958,per_group
22836014,0.8916543565630397,0.0,0.0,0.0,0.0,0.0,0.0,0.0009845489999042005,0.3568586524251967,per_group
22875636,0.7370570194209258,0.0,0.0,0.2,0.2,0.0,0.0,0.013831929947091216,1.0975891937577886,per_group
22888911,0.8342810750467635,0.0,0.0,0.0,0.0,0.0,0.0,0.0014511598854041678,0.33400266199578627,per_group
22890237,0.7812716605328904,0.0,0.0,0.5,0.5,0.0,0.0,0.004257692554499933,2.313360202724056,per_group
2289831,0.9571032550176966,0.0,0.0,0.0,0.0,0.0,0.0,0.00581304806005943,0.38400391161909053,per_group
22918836,0.8804305500897319,0.0,0.0,0.3333333333333333,0.3333333333333333,0.09090909090909091,0.0,0.026816597295714825,1.7635961455556417,per_group
22942992,0.8160829893343107,0.0,0.0,0.0,0.0,0.0,0.0,0.003525206316767797,0.3271382369970779,per_group
22951944,0.6968172162339096,0.0,0.0,0.15384615384615385,0.15384615384615385,0.15789473684210525,0.0,0.0697463211216528,1.0343765555761941,per_group
22952068,0.8108380233998091,0.0,0.0,0.0,0.0,0.0,0.0,0.0036184713657699662,0.32505890363307766,per_group
229523,0.7597969392979677,0.0,0.0,0.42857142857142855,0.42857142857142855,0.05263157894736842,0.0,0.0279147152697836,2.065892696216753,per_group
22955009,0.5395565947713948,0.0,0.0,0.125,0.125,0.25,0.0,0.14253637328571353,0.9443299125657006,per_group
22955144,0.8630184236221814,0.0,0.0,0.0,0.0,0.0,0.0,0.0005024573158693331,0.34530786091204646,per_group
22975077,0.8248734622880785,0.0,0.0,1.0,1.0,0.10526315789473684,0.0,0.04305899194064193,4.422771709619149,per_group
2298661,0.876012768285497,0.0,0.0,0.6666666666666666,0.6666666666666666,0.10526315789473684,0.0,0.03007825091020496,3.1072979504786957,per_group
23015762,0.7565046094166971,0.0,0.0,0.4,0.4,0.2,0.0,0.10052932941196017,2.082707709649071,per_group
23016489,0.9292728921268449,0.0,0.0,0.5,0.5,0.0,0.0,0.004827064443085594,2.3726745697393548,per_group
23076156,0.8235880702372987,0.0,0.0,0.0,0.0,0.0,0.0,0.00024135233904976533,0.3294834985627295,per_group
23091045,0.790002352158157,0.0,0.0,0.0,0.0,0.0,0.0,0.004179265585564967,0.3168367939803758,per_group
23102115,0.7262577102530741,0.0,0.0,0.3333333333333333,0.3333333333333333,0.10526315789473684,0.0,0.04473429890792195,1.716993803531937,per_group
23103935,0.9540934087592275,0.0,0.0,0.0,0.0,0.0,0.0,0.0023447271521021477,0.38210630893411146,per_group
23130671,0.8943316404979015,0.0,0.0,1.0,1.0,0.0,0.0,0.0004941763549801056,4.357831491470156,per_group
23132210,0.7272265519254976,0.0,0.0,0.5,0.5,0.0,0.0,0.0041400169356693465,2.291718624157333,per_group
23134293,0.9378957283427647,0.0,0.0,1.0,1.0,0.0,0.0,0.005680824440062938,4.376294456225119,per_group
23135992,0.6009741993848897,0.0,0.0,0.3157894736842105,0.3157894736842105,0.10526315789473684,0.0,0.06964869520761371,1.6016878398481103,per_group
23142308,0.7534636349003667,0.0,0.0,0.8333333333333334,0.8333333333333334,0.13636363636363635,0.0,0.04329540874869774,3.7524687781341286,per_group
23155139,0.9902816979233323,0.0,0.0,0.0,0.0,0.0,0.0,0.008089998850035236,0.39773067893934,per_group
23160361,0.792740615767741,0.0,0.0,0.9,0.9,0.2631578947368421,0.0,0.08499176956021817,4.144620916008614,per_group
23173341,0.7190843247849377,0.0,0.0,0.2857142857142857,0.2857142857142857,0.05263157894736842,0.0,0.030920531628807653,1.478780242254774,per_group
23174831,0.8423788868869614,0.0,0.0,0.3333333333333333,0.3333333333333333,0.05263157894736842,0.0,0.017116458609638438,1.7158134429679401,per_group
23175674,0.6233858913821025,0.0,0.0,0.25,0.25,0.0,0.0,0.02583045083900856,1.2545204467206428,per_group
23186374,0.9629270944176818,0.0,0.0,0.0,0.0,0.0,0.0,0.0036168884816020325,0.38589421546339314,per_group
23192594,0.6635846799468477,0.0,0.0,0.2857142857142857,0.2857142857142857,0.13636363636363635,0.0,0.0472260641806916,1.5268271367629294,per_group
23200315,0.9763849856703288,0.0,0.0,0.0,0.0,0.0,0.0,0.004981284432906519,0.3915502511547128,per_group
23202105,0.9437321163824332,0.0,0.0,1.0,1.0,0.0,0.0,0.0022624262266944463,4.377945331798313,per_group
23206952,0.7790498416500204,0.0,0.0,0.0,0.0,0.0,0.0,0.0015250029745831899,0.3119249372549248,per_group
23208011,0.7506432399555895,0.0,0.0,0.0,0.0,0.0,0.0,0.005207321839928998,0.30129876035022163,per_group
23218852,0.7277185027954103,0.0,0.0,0.0,0.0,0.15789473684210525,0.0,0.059413695459883134,0.42928592968382495,per_group
23219721,0.8630184236221814,0.0,0.0,0.0,0.0,0.0,0.0,0.0005024573158693331,0.34530786091204646,per_group
23225221,0.616705544644278,0.0,0.0,0.09090909090909091,0.09090909090909091,0.3157894736842105,0.0,0.13076428665516368,0.889103017772476,per_group
23231036,0.894730545576596,0.0,0.0,0.3333333333333333,0.3333333333333333,0.045454545454545456,0.0,0.017503931376342593,1.7310899742028765,per_group
23236261,0.9965343391718914,0.0,0.0,0.0,0.0,0.0,0.0,0.031881202495229403,0.40498997616780247,per_group
23240683,0.7309988608401838,0.0,0.0,0.0,0.0,0.0,0.0,0.0011085793427043425,0.29262126020461443,per_group
23256816,0.8434495964870812,0.0,0.0,0.5,0.5,0.05263157894736842,0.0,0.01462094512048907,2.3824092907768253,per_group
23281198,0.8477321629224608,0.0,0.0,0.0,0.0,0.05263157894736842,0.0,0.014782230531313929,0.3841545744331419,per_group
23294276,0.8784740099441999,0.0,0.0,0.0,0.0,0.0,0.0,0.0016948413394594526,0.35172857224557186,per_group
23299628,0.8563242033402821,0.0,0.0,0.0,0.0,0.0,0.0,0.0014985632682373692,0.34282939398976037,per_group
23300429,0.690236748678989,0.0,0.0,0.3333333333333333,0.3333333333333333,0.15789473684210525,0.0,0.057481076356064274,1.7472400375498258,per_group
23307551,0.7424264263864075,0.0,0.0,0.0,0.0,0.0,0.0,0.006124511189649847,0.29819547279249303,per_group
23317513,0.7835684058007573,0.0,0.0,0.0,0.0,0.0,0.0,0.01580870315006804,0.31658910295031656,per_group
23335036,0.7642833013593434,0.0,0.0,0.5555555555555556,0.5555555555555556,0.18181818181818182,0.0,0.06110849577824381,2.685611787376154,per_group
23344327,0.5821501350017758,0.0,0.0,0.24,0.24,0.42105263157894735,0.0,0.16116601607633999,1.5619353624791361,per_group
23345629,0.7888703994171244,0.0,0.0,0.0,0.0,0.0,0.0,0.0015016715491378756,0.31584849407667737,per_group
23367105,0.7199196435240787,0.0,0.0,0.3333333333333333,0.3333333333333333,0.0,0.0,0.006774292514833994,1.6226560492459317,per_group
23381383,0.9978850580895356,0.0,0.0,0.0,0.0,0.0,0.0,0.03484545751532539,0.40612311473887935,per_group
23387073,0.8630184236221814,0.0,0.0,0.0,0.0,0.0,0.0,0.0005024573158693331,0.34530786091204646,per_group
23390357,0.7649985777925062,0.0,0.0,0.0,0.0,0.0,0.0,0.005180755210164016,0.3070355821590353,per_group
23411888,0.8221309322259912,0.0,0.0,0.0,0.0,0.0,0.0,0.0007951495571943389,0.32901140280183533,per_group
23419128,0.8624253494046124,0.0,0.0,0.5,0.5,0.05263157894736842,0.0,0.015066636284977394,2.390088730176735,per_group
23420295,0.7952533183226729,0.0,0.0,0.6666666666666666,0.6666666666666666,0.05263157894736842,0.0,0.017602117256938297,3.0303936806050182,per_group
23425876,0.8893752550310229,0.0,0.0,0.0,0.0,0.0,0.0,0.0009803354820855437,0.3559461691088263,per_group
23428392,0.9983318871872449,0.0,0.0,0.0,0.0,0.0,0.0,0.06942799385392612,0.41321835364568316,per_group
23436744,0.7456634229955806,0.0,0.0,0.0,0.0,0.0,0.0,0.000764396630443662,0.298418248524321,per_group
23440812,0.7855716667302952,0.0,0.0,0.0,0.0,0.0,0.0,0.001418047334224186,0.314512276158963,per_group
23456569,0.9932628975454096,1.0,1.0,0.0,0.0,0.0,0.0,0.012509724234157957,4.899807103864996,per_group
23460768,0.6093542345836864,0.0,0.0,0.2222222222222222,0.2222222222222222,0.2727272727272727,0.0,0.10926154106292203,1.372664709116766,per_group
23469104,0.8782431965635578,0.0,0.0,0.3333333333333333,0.3333333333333333,0.05263157894736842,0.0,0.02011587541600547,1.7307590501998522,per_group
23480093,0.8931903900441704,0.0,0.0,0.125,0.125,0.045454545454545456,0.0,0.03249511923441664,0.9001388162281879,per_group
23485991,0.7018741352997135,0.0,0.0,0.4166666666666667,0.4166666666666667,0.15789473684210525,0.0,0.06951773725313067,2.087635657710863,per_group
23491643,0.8065651287232914,0.0,0.0,0.0,0.0,0.0,0.0,0.0007900771184112515,0.3227840669129989,per_group
23509707,0.8943316404979015,0.0,0.0,1.0,1.0,0.0,0.0,0.0004941763549801056,4.357831491470156,per_group
23514314,0.8536793257468442,0.0,0.0,0.0,0.0,0.0,0.0,0.0003817341448238127,0.34154807712770247,per_group
23516386,0.8015757929847894,0.0,0.0,0.3333333333333333,0.3333333333333333,0.10526315789473684,0.0,0.02911588007766787,1.7439973528585722,per_group
23538058,0.7864892769770426,0.0,0.0,0.0,0.0,0.0,0.0,0.0014913979169178958,0.3148939903742006,per_group
23542242,0.8783292093918708,0.0,0.0,0.25,0.25,0.045454545454545456,0.0,0.020640575270377434,1.3918234351744603,per_group
23546586,0.9324276107944172,0.0,0.0,0.0,0.0,0.05263157894736842,0.0,0.016364706327320604,0.4183492487411258,per_group
23553485,0.9001356052372015,0.0,0.0,0.0,0.0,0.0,0.0,0.0006910057871096116,0.36019244325230254,per_group
23558839,0.8072056235311548,0.0,0.0,0.0,0.0,0.0,0.0,0.0035664696365817626,0.32359554333977825,per_group
23569466,0.7753167637009813,0.0,0.0,0.7142857142857143,0.7142857142857143,0.10526315789473684,0.0,0.04071503079243424,3.2596230950975262,per_group
23585963,0.8775836132052518,0.0,0.0,0.0,0.0,0.0,0.0,0.0009705879280453106,0.3512275628677098,per_group
23602061,0.875321534988701,0.0,0.0,0.0,0.0,0.0,0.0,0.001606264647103566,0.35044986692490115,per_group
23622398,0.9462158720319122,0.0,0.0,0.0,0.0,0.0,0.0,0.0013911054401726695,0.37876456990079943,per_group
23626294,0.7962935817431219,0.0,0.0,0.5,0.5,0.0,0.0,0.004250808720745457,2.3193675944413976,per_group
23654898,0.9483303238128664,0.0,0.0,0.0,0.0,0.0,0.0,0.0019321767228914239,0.3797185648697249,per_group
23662170,0.9422647414347907,0.0,0.0,0.0,0.0,0.05263157894736842,0.0,0.06299351989947301,0.4316098637117056,per_group
23664562,0.9351218925480169,0.0,0.0,1.0,1.0,0.0,0.0,0.0013372398050924082,4.374316204980225,per_group
23678749,0.9032653285734454,0.0,0.0,1.0,1.0,0.05263157894736842,0.0,0.022374475943581017,4.407886289775989,per_group
23679184,0.9331922042492874,0.0,0.0,0.0,0.0,0.0,0.0,0.0016377713021119965,0.37360443596013737,per_group
23686201,0.957995005173883,0.0,0.0,0.0,0.0,0.0,0.0,0.001627245098357796,0.3835234510892248,per_group
23689320,0.7335348504067867,0.0,0.0,0.0,0.0,0.05263157894736842,0.0,0.024812697751966827,0.3404817428710028,per_group
23713679,0.8149363504778886,0.0,0.0,1.0,1.0,0.0,0.0,0.0018799170974207865,4.32635052361064,per_group
23741758,0.9471714272372074,0.0,0.0,0.0,0.0,0.0,0.0,0.0015214161872862638,0.3791728541323402,per_group
23756767,0.8221309322259912,0.0,0.0,0.0,0.0,0.0,0.0,0.0007951495571943389,0.32901140280183533,per_group
23769455,0.8577188743677279,0.0,0.0,1.0,1.0,0.10526315789473684,0.0,0.042579289502177445,4.435813933963316,per_group
23793502,0.7555211719900832,0.0,0.0,0.0,0.0,0.0,0.0,0.00517220415278274,0.30324290962658984,per_group
23799941,0.9985506214929463,0.0,0.0,0.0,0.0,0.0,0.0,0.06942799385392612,0.4133058473679637,per_group
23802496,0.937979338284767,0.0,0.0,0.0,0.0,0.0,0.0,0.001307616904027036,0.37545325869471224,per_group
23807441,0.9313679161125651,0.0,0.0,0.0,0.0,0.0,0.0,0.005077013651856023,0.37356256917539726,per_group
23815405,0.7750360787201621,0.0,0.0,0.0,0.0,0.0,0.0,0.0069702597204802505,0.3114084834321609,per_group
23832567,0.8319620796341689,0.0,0.0,0.0,0.0,0.0,0.0,0.0006324422429891868,0.33291132030226545,per_group
23840343,0.7907501541957127,0.0,0.0,1.0,1.0,0.0,0.0,0.00015262706418543782,4.316330587091122,per_group
2384071,0.0,0.0,0.0,0.23195876288659795,0.23195876288659795,1.0,0.0,1.0,1.9278350515463918,per_group
23841181,0.7607895609188056,0.0,0.0,0.2857142857142857,0.2857142857142857,0.10526315789473684,0.0,0.038702763875041075,1.5391240463154627,per_group
23842725,0.8656259366860488,0.0,0.0,0.0,0.0,0.0,0.0,0.0014374735402177563,0.3465378693824631,per_group
23843209,0.9580153282249902,0.0,0.0,1.0,1.0,0.05263157894736842,0.0,0.020277075169599187,4.429366809481811,per_group
23845287,0.9237045153963629,0.0,0.0,0.3333333333333333,0.3333333333333333,0.05,0.0,0.03318002587613004,1.7494511446671046,per_group
23855565,0.9677203585304232,0.0,0.0,0.0,0.0,0.0,0.0,0.00416190864918943,0.3879205251420072,per_group
23863891,0.7636830656069229,0.0,0.0,0.0,0.0,0.0,0.0,0.004991176540200647,0.3064714615508093,per_group
23875013,0.7644154336250646,0.0,0.0,0.8333333333333334,0.8333333333333334,0.10526315789473684,0.0,0.03846575645060992,3.7310031843892704,per_group
23875971,0.9085689419412266,0.0,0.0,0.0,0.0,0.045454545454545456,0.0,0.015021229239082582,0.40279545898794356,per_group
23877922,0.836545541456847,0.0,0.0,0.0,0.0,0.0,0.0,0.0030641285734898873,0.3352310422974368,per_group
23882885,0.8342706553838772,0.0,0.0,0.0,0.0,0.0,0.0,0.0005740786457443216,0.33382307788269977,per_group
23885448,0.5775404625426037,0.0,0.0,0.8292682926829268,0.8292682926829268,0.42105263157894735,0.0,0.24227503689170884,3.9333864683902484,per_group
23889215,0.8751732885125784,0.0,0.0,0.0,0.0,0.0,0.0,0.0009723579948168001,0.35026378700399474,per_group
23906713,0.798626841411949,0.0,0.0,0.0,0.0,0.0,0.0,0.0011837372498063239,0.3196874840147409,per_group
23912636,0.9430890549039403,0.0,0.0,0.0,0.0,0.0,0.0,0.006308361254910495,0.3784972942125583,per_group
23932171,0.7844562698647134,0.0,0.0,0.0,0.0,0.0,0.0,0.0013146676055785609,0.3140454414670011,per_group
23933453,0.8558389156153148,0.0,0.0,1.0,1.0,0.0,0.0,0.00064618938878398,4.342464804123883,per_group
23948231,0.8319620796341689,0.0,0.0,0.0,0.0,0.0,0.0,0.0006324422429891868,0.33291132030226545,per_group
23966837,0.7333812714762763,0.0,0.0,0.0,0.0,0.0,0.0,0.00031415581243523887,0.2934153397529976,per_group
23967016,0.9987665554080107,0.0,0.0,0.0,0.0,0.0,0.0,0.06942799385392612,0.41339222093398953,per_group
23974256,0.8851726663286733,0.0,0.0,0.16666666666666666,0.16666666666666666,0.045454545454545456,0.0,0.025783009794801113,1.0622559715207325,per_group
23986984,0.8783114343068812,0.0,0.0,0.75,0.75,0.05263157894736842,0.0,0.031945862295836146,3.3998190093398146,per_group
24000375,0.7616079039041236,0.0,0.0,0.0,0.0,0.0,0.0,0.0003818300332335953,0.3047195275682962,per_group
24008715,0.948179290624821,0.0,0.0,1.0,1.0,0.0,0.0,0.001736200441264758,4.379618956338181,per_group
24060334,0.6219939740012923,0.0,0.0,0.1,0.1,0.10526315789473684,0.0,0.05261160458244827,0.7435304368327961,per_group
24068931,0.7358839999498225,0.0,0.0,0.2,0.2,0.10526315789473684,0.0,0.036172195988829925,1.1857985654934844,per_group
24119191,0.9983008289853196,0.0,0.0,0.0,0.0,0.0,0.0,0.04619146214519652,0.4085586240231671,per_group
24120763,0.7983282237323613,0.0,0.0,0.5,0.5,0.0,0.0,0.009356825850172628,2.321202654662979,per_group
24127258,0.8305736638040186,0.0,0.0,0.0,0.0,0.0,0.0,0.0006535147033787779,0.3323601684622832,per_group
24129724,0.7921450971882582,0.0,0.0,0.0,0.0,0.0,0.0,0.004225163293412981,0.31770307153398586,per_group
24130280,0.9452993067711593,0.0,0.0,0.0,0.0,0.0,0.0,0.0012792307988545597,0.37837556886823465,per_group
24141043,0.7972794243205946,0.0,0.0,0.0,0.0,0.0,0.0,0.001410256518764033,0.3191938210319907,per_group
24153737,0.9040121192407863,0.0,0.0,0.0,0.0,0.0,0.0,0.0008155070639213693,0.36176794910909876,per_group
24155868,0.999268747463713,0.0,0.0,0.0,0.0,0.0,0.0,0.04455573235406948,0.4086186454562991,per_group
24173927,0.926902614295118,0.0,0.0,1.0,1.0,0.0,0.0,0.004179596940624738,4.371596965106172,per_group
24187243,0.9054138026073506,0.0,0.0,0.25,0.25,0.09090909090909091,0.0,0.029111062769147374,1.4407150063240424,per_group
24188726,0.7581237930061387,0.0,0.0,0.0,0.0,0.0,0.0,0.007166877064932992,0.3046828926154421,per_group
24189649,0.7809479030793894,0.0,0.0,0.0,0.0,0.0,0.0,0.001494025111501942,0.3126779662540562,per_group
24197313,0.8797434325442753,0.0,0.0,0.6,0.6,0.10526315789473684,0.0,0.03851043715623796,2.843809986764747,per_group
24197480,0.8601375619872205,0.0,0.0,0.0,0.0,0.0,0.0,0.0016609015188279075,0.3443872050986538,per_group
24202933,0.9442971355824209,0.0,0.0,0.0,0.0,0.0,0.0,0.0015607193153123274,0.3780309980960308,per_group
24208679,0.7874739245425771,0.0,0.0,0.6666666666666666,0.6666666666666666,0.09090909090909091,0.0,0.033081676761115425,3.0609998445631934,per_group
24214759,0.7812229893465518,0.0,0.0,1.0,1.0,0.0,0.0,0.003996403055302783,4.3132884763496815,per_group
24222115,0.8575140078186758,0.0,0.0,1.0,1.0,0.0,0.0,0.000251264423712393,4.343055856012213,per_group
24241212,0.9021396603800214,0.0,0.0,0.5,0.5,0.05,0.0,0.022662185385169183,2.4053883012290425,per_group
24266032,0.94492252887156,0.0,0.0,0.0,0.0,0.0,0.0,0.0016647419037585196,0.37830195992937576,per_group
24266846,0.8532281739565373,0.0,0.0,0.6666666666666666,0.6666666666666666,0.09090909090909091,0.0,0.02546929360054701,3.0857790676966634,per_group
24278053,0.7486369194186787,0.0,0.0,0.25,0.25,0.05263157894736842,0.0,0.020237376784590734,1.3456075062822843,per_group
24280714,0.7649865603346585,0.0,0.0,0.25,0.25,0.0,0.0,0.009235108886735661,1.3078416459112105,per_group
24299336,0.9965343391718914,0.0,0.0,0.0,0.0,0.0,0.0,0.031881202495229403,0.40498997616780247,per_group
24305062,0.9861794128305279,0.0,0.0,0.0,0.0,0.0,0.0,0.008588600312893465,0.39618948519478986,per_group
24321605,0.8861813563912597,0.0,0.0,1.0,1.0,0.0,0.0,0.0008017463735281503,4.354632891831209,per_group
24355110,0.7503450982149265,0.0,0.0,0.0,0.0,0.0,0.0,0.008082795277119362,0.30175459834139445,per_group
24365037,0.8711267020742481,0.0,0.0,0.4,0.4,0.09090909090909091,0.0,0.032629914358521014,2.027703936428676,per_group
24369882,0.7806827457356023,0.0,0.0,0.3333333333333333,0.3333333333333333,0.05,0.0,0.04775974594358608,1.6951583808162916,per_group
24380688,0.6115531998240794,0.0,0.0,0.07692307692307693,0.07692307692307693,0.10526315789473684,0.0,0.0560234531636818,0.6477288045704653,per_group
24381592,0.9989643104092648,0.0,0.0,0.0,0.0,0.0,0.0,0.060846206706196705,0.41175496550494534,per_group
24400109,0.7271393191197346,0.0,0.0,0.0,0.0,0.0,0.0,0.008788580554763278,0.2926134437588465,per_group
24401652,0.9425677700483408,0.0,0.0,1.0,1.0,0.0,0.0,0.0012562501168099011,4.377278358042698,per_group
24415163,0.7417571372736023,0.0,0.0,0.0,0.0,0.0,0.0,0.007570103962192068,0.2982168757018793,per_group
24422284,0.940777920982512,0.0,0.0,0.5,0.5,0.0,0.0,0.006222825680058371,2.3775557335290163,per_group
24437093,0.8342706553838772,0.0,0.0,0.0,0.0,0.0,0.0,0.0005740786457443216,0.33382307788269977,per_group
24447359,0.8909674377292927,0.0,0.0,0.0,0.0,0.0,0.0,0.0008323265570061379,0.3565534404031183,per_group
24469669,0.835059048212579,0.0,0.0,0.0,0.0,0.0,0.0,0.00903224647909741,0.3358300685808511,per_group
24471813,0.8567953977859669,0.0,0.0,0.3333333333333333,0.3333333333333333,0.0,0.0,0.008508918329377304,1.6777532761135956,per_group
24480574,0.7310040111792614,0.0,0.0,0.0,0.0,0.0,0.0,0.012611892913893957,0.29492398305448336,per_group
24513665,0.8784740099441999,0.0,0.0,0.0,0.0,0.0,0.0,0.0016948413394594526,0.35172857224557186,per_group
24535621,0.9858684554445866,0.0,0.0,0.0,0.0,0.0,0.0,0.048536627675517204,0.4040547077129381,per_group
24546595,0.8151553503745078,0.0,0.0,0.3333333333333333,0.3333333333333333,0.0,0.0,0.005083424954782425,1.660412158474093,per_group
24560098,0.8333276843915728,0.0,0.0,0.0,0.0,0.05263157894736842,0.0,0.01828713761703578,0.379093764437931,per_group
24561360,0.8536793257468442,0.0,0.0,0.0,0.0,0.0,0.0,0.0003817341448238127,0.34154807712770247,per_group
24582434,0.8676855793803404,0.0,0.0,0.0,0.0,0.0,0.0,0.0012819286815268095,0.3473306174884416,per_group
24599593,0.9990667012257138,0.0,0.0,0.0,0.0,0.0,0.0,0.09717575755846794,0.4190618320019791,per_group
24601153,0.8650942109202895,0.0,0.0,0.0,0.0,0.0,0.0,0.0012794975768940706,0.3462935838834946,per_group
24603879,0.7511817138553878,0.0,0.0,0.25,0.25,0.0,0.0,0.008076237149511497,1.3020879329720574,per_group
24605719,0.8016256645849664,0.0,0.0,0.0,0.0,0.10526315789473684,0.0,0.032608397984341876,0.41138247174664444,per_group
24634969,0.8676947787017298,0.0,0.0,0.0,0.0,0.0,0.0,0.00034455296278255515,0.3471468220732485,per_group
24640763,0.9224840313141975,0.0,0.0,0.0,0.0,0.0,0.0,0.004424001936251065,0.3698784129129292,per_group
24644259,0.8262499626472933,0.0,0.0,1.0,1.0,0.0,0.0,0.003199196142474541,4.331139824287413,per_group
24653118,0.9149184069919678,0.0,0.0,0.0,0.0,0.0,0.0,0.00128745818348741,0.3662248544334846,per_group
24653768,0.9883541899558069,0.0,0.0,0.0,0.0,0.0,0.0,0.005445700648083412,0.3964308161119395,per_group
24661292,0.8356967383803506,0.0,0.0,1.0,1.0,0.0,0.0,0.005599615440332014,4.335398618440207,per_group
24663433,0.9602897213612166,0.0,0.0,1.0,1.0,0.0,0.0,0.003094705894737045,4.384734829723434,per_group
24691785,0.8536793257468442,0.0,0.0,0.0,0.0,0.0,0.0,0.0003817341448238127,0.34154807712770247,per_group
24694181,0.7707139413627607,0.0,0.0,0.0,0.0,0.0,0.0,0.004761099656432646,0.3092377964763908,per_group
24699440,0.9000781355731744,0.0,0.0,0.25,0.25,0.05263157894736842,0.0,0.02103211388657347,1.4063429401644791,per_group
24728208,0.84568691655883,0.0,0.0,0.5,0.5,0.09090909090909091,0.0,0.0293051688296291,2.4168630731167307,per_group
24731038,0.9984400485573288,0.0,0.0,0.0,0.0,0.0,0.0,0.06942799385392612,0.41326161819371676,per_group
24747785,0.8929345217845575,0.0,0.0,1.0,1.0,0.0,0.0,0.0008992088932755801,4.3573536504924775,per_group
24766695,0.6806197907847278,0.0,0.0,0.0,0.0,0.10526315789473684,0.0,0.04800351930109945,0.36605914648990046,per_group
24777860,0.9758825386473455,0.0,0.0,0.0,0.0,0.0,0.0,0.005368665866591691,0.39142674863225657,per_group
24795477,0.8808015139186468,0.0,0.0,0.0,0.0,0.13636363636363635,0.0,0.04419799126320982,0.4702511129110098,per_group
24800593,0.9989395204308512,0.0,0.0,0.0,0.0,0.0,0.0,0.06942799385392612,0.4134614069431257,per_group
24812917,0.880985726625645,0.0,0.0,0.0,0.0,0.05263157894736842,0.0,0.019883891767292182,0.3984763321616112,per_group
24821116,0.7728846648025045,0.0,0.0,0.0,0.0,0.0,0.0,0.009925900528551005,0.311139046026712,per_group
24823150,0.8764222882334401,0.0,0.0,0.0,0.0,0.0,0.0,0.0009547734705099234,0.35075986998747805,per_group
24823649,0.8600926877457523,0.0,0.0,0.0,0.0,0.0,0.0,0.0041848827810161875,0.3448740516545042,per_group
24829706,0.8970544020967965,0.0,0.0,1.0,1.0,0.0,0.0,0.0007062646954930703,4.358963013777817,per_group
24847667,0.9413163658070222,0.0,0.0,0.3333333333333333,0.3333333333333333,0.045454545454545456,0.0,0.016603038658196255,1.7495441237514178,per_group
24853652,0.8342706553838772,0.0,0.0,0.0,0.0,0.0,0.0,0.0005740786457443216,0.33382307788269977,per_group
24863940,0.8101288241299114,0.0,0.0,0.0,0.0,0.0,0.0,1.2494909393205316e-05,0.32405402863384325,per_group
24876633,0.8611132367827766,0.0,0.0,0.5,0.5,0.0,0.0,0.0032766576046141726,2.3451006262340335,per_group
24879395,0.8843851614524376,0.0,0.0,1.0,1.0,0.0,0.0,0.0009201588198049852,4.353938096344936,per_group
24882838,0.8879653709558067,0.0,0.0,0.0,0.0,0.0,0.0,0.003878470072298517,0.3559618423967824,per_group
24886520,0.8319620796341689,0.0,0.0,0.0,0.0,0.0,0.0,0.0006324422429891868,0.33291132030226545,per_group
24889381,0.9064810900234397,0.0,0.0,0.0,0.0,0.045454545454545456,0.0,0.014200132478633894,0.40179609886873907,per_group
24902362,0.8763746603453365,0.0,0.0,0.0,0.0,0.0,0.0,0.001037488719768695,0.35075736188208834,per_group
24902648,0.8433996956381415,0.0,0.0,0.5,0.5,0.09090909090909091,0.0,0.027838030962382812,2.415654757175006,per_group
24906622,0.5994133236858247,0.0,0.0,0.15384615384615385,0.15384615384615385,0.3157894736842105,0.0,0.1376881749234306,1.1353191587909996,per_group
24910181,0.9705186092289521,0.0,0.0,1.0,1.0,0.0,0.0,0.013947345997927615,4.390996912891167,per_group
24910814,0.8725278297807081,0.0,0.0,0.5,0.5,0.0,0.0,0.004881948914088213,2.349987521695101,per_group
24918830,0.8604684355371679,0.0,0.0,0.0,0.0,0.0,0.0,0.0032528056908438445,0.3448379353530359,per_group
24920619,0.7862390432856726,0.0,0.0,1.0,1.0,0.045454545454545456,0.0,0.015183384948661071,4.353895930667638,per_group
24922522,0.8018142383860448,0.0,0.0,0.8333333333333334,0.8333333333333334,0.05263157894736842,0.0,0.025937474156263116,3.701351786676899,per_group
24931228,0.9428115910097721,0.0,0.0,0.0,0.0,0.0,0.0,0.0016202936324011673,0.3774486951303891,per_group
24936920,0.9990132468760814,0.0,0.0,0.0,0.0,0.0,0.0,0.06942799385392612,0.4134908975212178,per_group
24947250,0.9343806534911722,0.0,0.0,0.0,0.0,0.0,0.0,0.00538703544672063,0.374829668485813,per_group
2495,0.657109835723221,0.0,0.0,0.0,0.0,0.21052631578947367,0.0,0.08480654985193953,0.44822629689125526,per_group
24971746,0.9217777379499998,0.0,0.0,0.3333333333333333,0.3333333333333333,0.10526315789473684,0.0,0.03192619031657172,1.792640192892437,per_group
24973585,0.9625516253501253,0.0,0.0,0.0,0.0,0.0,0.0,0.0026710889142926506,0.38555486792290866,per_group
24983519,0.8630184236221814,0.0,0.0,0.0,0.0,0.0,0.0,0.0005024573158693331,0.34530786091204646,per_group
24987071,0.843461420008657,1.0,1.0,0.5,0.5,0.05,0.0,0.020818426564716608,6.8815482533164065,per_group
25033333,0.8912347048991608,0.0,0.0,0.0,0.0,0.0,0.0,0.00034843379421085115,0.35656356871850653,per_group
25045345,0.7761442345149616,0.0,0.0,0.25,0.25,0.0,0.0,0.007927308017499026,1.3120431554094845,per_group
25094692,0.8035471320107376,0.0,0.0,0.0,0.0,0.0,0.0,0.0003014900435818431,0.3214791508130114,per_group
25159425,0.9369647238148517,0.0,0.0,1.0,1.0,0.0,0.0,0.001444445180661586,4.375074778562073,per_group
25172126,0.9985637076886471,0.0,0.0,0.0,0.0,0.0,0.0,0.06942799385392612,0.4133110818462441,per_group
25181001,0.8236150967690921,0.0,0.0,0.0,0.0,0.0,0.0,0.0007814225626769815,0.32960232322017224,per_group
25184645,0.8663792869913759,0.0,0.0,0.75,0.75,0.09090909090909091,0.0,0.028906741697305983,3.425060335863284,per_group
2520,0.9188273075669292,0.0,0.0,0.5,0.5,0.05263157894736842,0.0,0.015773911953287048,2.412790968575324,per_group
25202593,0.8291547368892339,0.0,0.0,0.0,0.0,0.0,0.0,0.007599299818093503,0.3331817547193123,per_group
25210674,0.8084241801586569,0.0,0.0,0.0,0.0,0.0,0.0,0.0035555074828896383,0.3240807735600407,per_group
25219716,0.7809441295636296,0.0,0.0,0.0,0.0,0.0,0.0,0.0029423914894858086,0.312966130123349,per_group
25232217,0.9984954253766263,0.0,0.0,0.0,0.0,0.0,0.0,0.03059437509394242,0.40551704516943904,per_group
25264350,0.8355612317693719,0.0,0.0,0.0,0.0,0.0,0.0,0.011601760448875939,0.336544844797524,per_group
25268947,0.8798456404283463,0.0,0.0,0.0,0.0,0.0,0.0,0.0015688084534251348,0.3522520178620236,per_group
25274236,0.9988262241259628,0.0,0.0,0.0,0.0,0.0,0.0,0.06942799385392612,0.41341608842117034,per_group
25281456,0.9481049188440404,0.0,0.0,0.0,0.0,0.0,0.0,0.0009757409923278528,0.37943711573608174,per_group
25283577,0.9072720374085275,0.0,0.0,0.0,0.0,0.05263157894736842,0.0,0.0219224440038555,0.4093985669220768,per_group
25293746,0.8486047629451903,0.0,0.0,0.0,0.0,0.0,0.0,0.0030284874113187536,0.3400476026603399,per_group
25343925,0.9983023577266423,0.0,0.0,0.0,0.0,0.0,0.0,0.04619146214519652,0.40855923551969625,per_group
25377274,0.8963975978818542,0.0,0.0,0.0,0.0,0.0,0.0,0.0005213238868097249,0.35866330393010365,per_group
25385002,0.9522613668578366,0.0,0.0,0.0,0.0,0.0,0.0,0.0016440662044626471,0.3812333599840272,per_group
2538581,0.9883541899558069,0.0,0.0,0.0,0.0,0.0,0.0,0.005445700648083412,0.3964308161119395,per_group
25389502,0.998546432592991,0.0,0.0,0.0,0.0,0.0,0.0,0.06942799385392612,0.4133041718079816,per_group
25390038,0.7886661196315322,0.0,0.0,0.0,0.0,0.0,0.0,0.0014462088046740486,0.3157556896135477,per_group
25393808,0.6936719058590087,0.0,0.0,0.125,0.125,0.05263157894736842,0.0,0.03189314169994054,0.8259526538414864,per_group
25399568,0.9715937722575813,0.0,0.0,0.0,0.0,0.0,0.0,0.009083033653646834,0.39045411563376187,per_group
25418870,0.740624708593645,0.0,0.0,0.0,0.0,0.0,0.0,0.0057995792353528735,0.2974097992845286,per_group
25434484,0.9432555642003766,0.0,0.0,0.0,0.0,0.0,0.0,0.012661953194105886,0.3798346163189718,per_group
25448109,0.8312476613126144,0.0,0.0,0.0,0.0,0.0,0.0,0.0008844706467433437,0.3326759586543945,per_group
25456152,0.6542147672357796,0.0,0.0,0.2727272727272727,0.2727272727272727,0.21052631578947367,0.0,0.08286763204676542,1.5375895768443348,per_group
25463087,0.9246468167725909,0.0,0.0,0.0,0.0,0.0,0.0,0.00242657435662711,0.37034404158036177,per_group
25464103,0.7923623463095475,0.0,0.0,0.0,0.0,0.0,0.0,0.004367112013356699,0.31781836092649035,per_group
25466028,0.8536793257468442,0.0,0.0,0.0,0.0,0.0,0.0,0.0003817341448238127,0.34154807712770247,per_group
25468909,0.7446582569845142,0.0,0.0,0.6666666666666666,0.6666666666666666,0.21052631578947367,0.0,0.07334668033524967,3.147620358159101,per_group
25477060,0.7776225858040541,0.0,0.0,0.0,0.0,0.0,0.0,0.0017956501301394075,0.31140816434764956,per_group
25500750,0.8624097964004671,0.0,0.0,1.0,1.0,0.0,0.0,0.0007362332991165093,4.34511116522001,per_group
25515118,0.8764222882334401,0.0,0.0,0.0,0.0,0.0,0.0,0.0009547734705099234,0.35075986998747805,per_group
25519553,0.7252529691874761,0.0,0.0,0.2,0.2,0.0,0.0,0.013994082614873223,1.092900004197965,per_group
25542280,0.7872485015487902,0.0,0.0,0.0,0.0,0.0,0.0,0.0041780281355216775,0.31573500624662043,per_group
25543989,0.998496929633008,0.0,0.0,0.0,0.0,0.0,0.0,0.04619146214519652,0.4086370642822425,per_group
25546904,0.7865892411490403,0.0,0.0,0.875,0.875,0.10526315789473684,0.0,0.051234846784525716,3.9090931921323104,per_group
25552427,0.8132740657922332,0.0,0.0,0.0,0.0,0.05263157894736842,0.0,0.017129551526628428,0.37084079978011375,per_group
25580589,0.7945230240384172,0.0,0.0,0.25,0.25,0.05263157894736842,0.0,0.020667117547996054,1.3640478962828606,per_group
25582095,0.8430427366977705,0.0,0.0,0.0,0.0,0.0,0.0,0.007702011673637046,0.3387574970138356,per_group
25583120,0.8764222882334401,0.0,0.0,0.0,0.0,0.0,0.0,0.0009547734705099234,0.35075986998747805,per_group
25587988,0.9016904806673779,0.0,0.0,0.0,0.0,0.0,0.0,0.0008703672748190942,0.36085026572191503,per_group
25591977,0.8562455374351631,0.0,0.0,0.75,0.75,0.15789473684210525,0.0,0.043746329033483404,3.477563270254446,per_group
25595093,0.9192543947605379,0.0,0.0,1.0,1.0,0.05263157894736842,0.0,0.015413798393202147,4.41288978074075,per_group
25596413,0.9983733550497172,0.0,0.0,0.0,0.0,0.0,0.0,0.046037723220198126,0.40855688666392653,per_group
25602221,0.8267929749646947,0.0,0.0,0.3333333333333333,0.3333333333333333,0.0,0.0,0.008072211255953287,1.6656649655704017,per_group
25618697,0.8818684064225587,0.0,0.0,0.5,0.5,0.0,0.0,0.004555715252251625,2.353658505619474,per_group
25621469,0.782609524850114,0.0,0.0,0.0,0.0,0.0,0.0,0.016615778544836285,0.3163669656490129,per_group
25624117,0.9493983605059897,0.0,0.0,1.0,1.0,0.0,0.0,0.0027185606736279183,4.380303056337122,per_group
25638591,0.7207594258259215,0.0,0.0,0.0,0.0,0.0,0.0,0.009443731798691917,0.290192516690107,per_group
25652452,0.8321824223584684,0.0,0.0,0.0,0.0,0.0,0.0,0.0009645645239318054,0.3330658818481737,per_group
25652849,0.8355587160921988,0.0,0.0,0.5,0.5,0.10526315789473684,0.0,0.04355853810178647,2.427145720373026,per_group
25663963,0.9532168567436415,0.0,0.0,1.0,1.0,0.0,0.0,0.006578709447176159,4.382602484586892,per_group
25670595,0.8553412874739437,0.0,0.0,0.0,0.0,0.0,0.0,0.004386964767638424,0.34301390794310516,per_group
25671752,0.9990667012257138,0.0,0.0,0.0,0.0,0.0,0.0,0.09717575755846794,0.4190618320019791,per_group
25677530,0.8943316404979015,0.0,0.0,1.0,1.0,0.0,0.0,0.0004941763549801056,4.357831491470156,per_group
25681991,0.7237276869208482,0.0,0.0,0.6875,0.6875,0.3157894736842105,0.0,0.17690414130180937,3.32750348197607,per_group
25684080,0.8115056127307407,1.0,1.0,0.0,0.0,0.05263157894736842,0.0,0.019181376083193362,4.87054378346683,per_group
25710052,0.7793606297678244,0.0,0.0,0.0,0.0,0.0,0.0,0.0013873566095330032,0.3120217232290364,per_group
25721532,0.826482492807628,0.0,0.0,0.5,0.5,0.05263157894736842,0.0,0.01639003436959531,2.375976267154865,per_group
25731254,0.9993799466627146,0.0,0.0,0.0,0.0,0.0,0.0,0.06942799385392612,0.41363757743587104,per_group
25752192,0.9513671371107632,0.0,0.0,0.0,0.0,0.0,0.0,0.005256904021321387,0.38159823564856954,per_group
25753282,0.8894426173866813,0.0,0.0,0.0,0.0,0.0,0.0,0.0006414939931410548,0.35590534575330074,per_group
25784828,0.9117335568795799,0.0,0.0,0.14285714285714285,0.14285714285714285,0.10526315789473684,0.0,0.04608698060017738,1.0295499166162283,per_group
25791150,0.8319620796341689,0.0,0.0,0.0,0.0,0.0,0.0,0.0006324422429891868,0.33291132030226545,per_group
25800870,0.9012580646575947,0.0,0.0,0.0,0.0,0.0,0.0,0.0009018622170792813,0.36068359830645375,per_group
25803035,0.9966788110698906,0.0,0.0,0.0,0.0,0.0,0.0,0.03195557581713809,0.4050626395913839,per_group
25834141,0.9056682724265339,0.0,0.0,0.5,0.5,0.045454545454545456,0.0,0.01485401365930666,2.401601748066111,per_group
25840488,0.9248658336670288,0.0,0.0,1.0,1.0,0.0,0.0,0.0018322723987559421,4.370312787946562,per_group
25841161,0.8335622882857935,0.0,0.0,1.0,1.0,0.05263157894736842,0.0,0.017560924428318227,4.379042363357876,per_group
25847047,0.9331433209501957,0.0,0.0,0.75,0.75,0.05263157894736842,0.0,0.020707523049133144,3.4195040961478,per_group
25850372,0.9378707500481294,0.0,0.0,1.0,1.0,0.0,0.0,0.015657437963471164,4.3782797876119455,per_group
25861494,0.8422736193955175,0.0,0.0,0.0,0.0,0.0,0.0,0.007156347317294529,0.3383407172216659,per_group
25889080,0.8943316404979015,0.0,0.0,1.0,1.0,0.0,0.0,0.0004941763549801056,4.357831491470156,per_group
25916660,0.9278038811391489,0.0,0.0,1.0,1.0,0.0,0.0,0.012073634393432457,4.373536279334346,per_group
25920592,0.9117652493126167,0.0,0.0,1.0,1.0,0.0,0.0,0.007347068411690805,4.366175513407385,per_group
25929128,0.9440530946925705,0.0,0.0,0.0,0.0,0.0,0.0,0.007701592586457739,0.37916155639431975,per_group
25933353,0.8558130789308331,0.0,0.0,0.7142857142857143,0.7142857142857143,0.10526315789473684,0.0,0.04443905134672723,3.292566425300325,per_group
25935484,0.8465882381116432,0.0,0.0,0.0,0.0,0.0,0.0,0.008928367745547032,0.3404209687937667,per_group
2594881,0.8305736638040186,0.0,0.0,0.0,0.0,0.0,0.0,0.0006535147033787779,0.3323601684622832,per_group
25964451,0.8502847593579707,0.0,0.0,1.0,1.0,0.05263157894736842,0.0,0.018443668138441154,4.385907900528771,per_group
25967281,0.7804886390149097,0.0,0.0,0.0,0.0,0.0,0.0,0.006768182779735271,0.31354909216191096,per_group
25967442,0.9788625865353954,0.0,0.0,0.0,0.0,0.0,0.0,0.0036313409063470103,0.3922713027954276,per_group
25975653,0.8943316404979015,0.0,0.0,1.0,1.0,0.0,0.0,0.0004941763549801056,4.357831491470156,per_group
25982406,0.924061794914293,0.0,0.0,0.3333333333333333,0.3333333333333333,0.0,0.0,0.008162026989123928,1.7045904566968753,per_group
25988864,0.9012949499242561,0.0,0.0,1.0,1.0,0.05263157894736842,0.0,0.015997086948386738,4.405822660517274,per_group
26006577,0.8405861269446737,0.0,0.0,0.6666666666666666,0.6666666666666666,0.05263157894736842,0.0,0.017179147041533643,3.0484422100107373,per_group
26038230,0.9503999782223946,0.0,0.0,0.5,0.5,0.0,0.0,0.0056597387943894744,2.381291939047836,per_group
26047548,0.9229154444526751,0.0,0.0,0.0,0.0,0.0,0.0,0.0023689785350960607,0.3696399734880893,per_group
26061739,0.838304101787834,0.0,0.0,1.0,1.0,0.05263157894736842,0.0,0.014967250304844231,4.380420353933998,per_group
26061741,0.94443069867218,0.0,0.0,0.5,0.5,0.0,0.0,0.0052624967198297125,2.378824778812838,per_group
26082001,0.9636322531774787,0.0,0.0,0.0,0.0,0.0,0.0,0.0024009089547686008,0.38593308306194524,per_group
26086035,0.8342706553838772,0.0,0.0,0.0,0.0,0.0,0.0,0.0005740786457443216,0.33382307788269977,per_group
26089632,0.9295772635680754,0.0,0.0,0.0,0.0,0.0,0.0,0.0016296731507195344,0.3721568400573741,per_group
26090755,0.8067043578565737,0.0,0.0,0.0,0.0,0.0,0.0,0.000158602546505737,0.32271346365193065,per_group
26094715,0.776607867018857,0.0,0.0,0.0,0.0,0.0,0.0,0.0015235274329099937,0.3109478522941248,per_group
26128352,0.8087777347884055,0.0,0.0,0.5,0.5,0.05263157894736842,0.0,0.015021157327160242,2.3686205885386893,per_group
26245943,0.9540934087592275,0.0,0.0,0.0,0.0,0.0,0.0,0.0023447271521021477,0.38210630893411146,per_group
26250561,0.8658492030351713,0.0,0.0,0.0,0.0,0.0,0.0,0.0021980364715140383,0.34677928850837136,per_group
26267569,0.8471860570020492,0.0,0.0,0.0,0.0,0.0,0.0,4.251621186337521e-05,0.33888292604319237,per_group
2628591,0.8536793257468442,0.0,0.0,0.0,0.0,0.0,0.0,0.0003817341448238127,0.34154807712770247,per_group
26287227,0.9412693449200438,0.0,0.0,0.0,0.0,0.05263157894736842,0.0,0.016359352112701873,0.42188487154845267,per_group
26310302,0.8092475544983214,0.0,0.0,0.0,0.0,0.0,0.0,0.0009761777965355453,0.3238942573586357,per_group
26336265,0.9424598041531722,0.0,0.0,1.0,1.0,0.0,0.0,0.002320415064184858,4.377448004674106,per_group
26336343,0.7940039276519801,0.0,0.0,0.0,0.0,0.05263157894736842,0.0,0.015188900397230776,0.362744614298133,per_group
26338809,0.9971583854030348,0.0,0.0,0.0,0.0,0.0,0.0,0.027517694060294626,0.4043668929732729,per_group
26343712,0.8117644385166629,0.0,0.0,0.5,0.5,0.10526315789473684,0.0,0.03158855252709623,2.4152340122278737,per_group
26344156,0.786516626467392,0.0,0.0,0.0,0.0,0.0,0.0,0.004418967855035134,0.31549044415796385,per_group
26344853,0.9986426641502303,0.0,0.0,0.0,0.0,0.0,0.0,0.04619146214519652,0.40869535808913143,per_group
26348935,0.8848867430238148,0.0,0.0,0.5,0.5,0.0,0.0,0.0031625661847425085,2.3545872104464745,per_group
26357006,0.8563242033402821,0.0,0.0,0.0,0.0,0.0,0.0,0.0014985632682373692,0.34282939398976037,per_group
26357737,0.8630184236221814,0.0,0.0,0.0,0.0,0.0,0.0,0.0005024573158693331,0.34530786091204646,per_group
26361292,0.8849887809296985,0.0,0.0,1.0,1.0,0.0,0.0,0.0031581473073875855,4.354627141833357,per_group
26361561,0.7684917995213346,0.0,0.0,0.0,0.0,0.0,0.0,0.0018921800810723101,0.30777515582474835,per_group
26363100,0.8163254292229696,0.0,0.0,0.0,0.0,0.0,0.0,0.0008902988925517946,0.32670823146769823,per_group
26368568,0.8205081164754452,0.0,0.0,0.0,0.0,0.0,0.0,0.010999120142336552,0.3304030706186454,per_group
26384168,0.9988083567625601,0.0,0.0,0.0,0.0,0.0,0.0,0.06942799385392612,0.41340894147580926,per_group
26389613,0.8278659112790692,0.0,0.0,0.0,0.0,0.0,0.0,0.0027162746160538267,0.3316896194348385,per_group
26433072,0.8752254197568813,0.0,0.0,0.0,0.0,0.05,0.0,0.024433579241732496,0.394976883751099,per_group
26434364,0.8185838489955909,0.0,0.0,1.0,1.0,0.0,0.0,8.77959449275444e-05,4.327451098787222,per_group
26434435,0.7422734252977198,0.0,0.0,0.5,0.5,0.0,0.0,0.00472959818406383,2.2978552897559004,per_group
26440043,0.7744642720978188,0.0,0.0,0.0,0.0,0.0,0.0,0.004331624124610394,0.31065203366404964,per_group
26454650,0.8255475447857679,0.0,0.0,0.0,0.0,0.0,0.0,0.00011423671326272451,0.33024186525695975,per_group
26467174,0.8489175738034241,0.0,0.0,1.0,1.0,0.0,0.0,0.0007200655252801625,4.339711042626426,per_group
26473619,0.8322513397419491,0.0,0.0,0.5833333333333334,0.5833333333333334,0.09090909090909091,0.0,0.053436027468920226,2.74964834745117,per_group
26478351,0.745429620820082,0.0,0.0,0.6666666666666666,0.6666666666666666,0.045454545454545456,0.0,0.016163123696188327,3.004434776097573,per_group
26513550,0.9653163292208321,0.0,0.0,0.5,0.5,0.0,0.0,0.007507358317278969,2.3876280033517885,per_group
26518245,0.7637291067295667,0.0,0.0,0.4444444444444444,0.4444444444444444,0.2727272727272727,0.0,0.07995864327270337,2.3174429673059636,per_group
26557792,0.8212613748128158,0.0,0.0,0.0,0.0,0.0,0.0,0.0006305423481112742,0.3286306583947486,per_group
26565599,0.8425610525103756,0.0,0.0,1.0,1.0,0.05263157894736842,0.0,0.014991151534380366,4.382127914468922,per_group
26575561,0.9620869219836495,0.0,0.0,0.0,0.0,0.0,0.0,0.0033346139428175174,0.38550169158202335,per_group
26586889,0.8745073554717786,0.0,0.0,0.0,0.0,0.0,0.0,0.004644951816358815,0.3507319325519832,per_group
2661731,0.8928247923656949,0.0,0.0,0.2,0.2,0.0,0.0,0.014505976197034724,1.160031112185685,per_group
26630786,0.7952741576484456,0.0,0.0,0.0,0.0,0.0,0.0,0.013094109366778515,0.320728484932734,per_group
26662482,0.7876145665731299,0.0,0.0,0.0,0.0,0.0,0.0,0.004050857952090865,0.31585599821967014,per_group
26663754,0.7253171019575742,0.0,0.0,0.0,0.0,0.0,0.0,0.010700330890559578,0.2922669069611416,per_group
26694808,0.8630184236221814,0.0,0.0,0.0,0.0,0.0,0.0,0.0005024573158693331,0.34530786091204646,per_group
26713238,0.8341234202779694,0.0,0.0,0.0,0.0,0.0,0.0,0.00036768591059882706,0.33372290529330756,per_group
26713654,0.8152338972948957,0.0,0.0,0.0,0.0,0.0,0.0,0.00023150155379163145,0.32613985922871663,per_group
26740586,0.949293751680022,0.0,0.0,0.0,0.0,0.0,0.0,0.0018196517293298724,0.3800814310178748,per_group
26747105,0.5962012866451217,0.0,0.0,0.47058823529411764,0.47058823529411764,0.13636363636363635,0.0,0.07021948884139886,2.243968262693708,per_group
26755061,0.8268091568881332,0.0,0.0,0.0,0.0,0.0,0.0,0.0006195801944191506,0.3308475787941371,per_group
26763525,0.877056808308017,0.0,0.0,0.75,0.75,0.10526315789473684,0.0,0.03298874404323853,3.4416309984476436,per_group
26766494,0.6592314335625771,0.0,0.0,0.0,0.0,0.15,0.0,0.0887506535800248,0.4014427041410358,per_group
26771859,0.7469764195039907,0.0,0.0,0.3333333333333333,0.3333333333333333,0.0,0.0,0.007879210687046894,1.633699743272339,per_group
26774191,0.9284653042851477,0.0,0.0,0.3333333333333333,0.3333333333333333,0.0,0.0,0.007391248156414738,1.7061977046786752,per_group
26775646,0.9016904806673779,0.0,0.0,0.0,0.0,0.0,0.0,0.0008703672748190942,0.36085026572191503,per_group
2677771,0.7957017547766165,0.0,0.0,0.0,0.0,0.0,0.0,0.0009219669633906104,0.31846509530332473,per_group
26824146,0.7404687572047418,0.0,0.0,0.3333333333333333,0.3333333333333333,0.0,0.0,0.004985937440479855,1.630518023703326,per_group
26827667,0.8510888581711863,0.0,0.0,0.6666666666666666,0.6666666666666666,0.05263157894736842,0.0,0.018289251740320374,3.0528653234411,per_group
26841567,0.764032115814706,0.0,0.0,0.0,0.0,0.0,0.0,0.02397752391882366,0.31040835110964715,per_group
26852551,0.7088562953070484,0.0,0.0,0.0,0.0,0.0,0.0,0.001265090896374785,0.28379553630209436,per_group
26859441,0.823297367588655,0.0,0.0,0.5,0.5,0.045454545454545456,0.0,0.012991243186350115,2.3682808320363686,per_group
26865845,0.8870219410223964,0.0,0.0,1.0,1.0,0.05263157894736842,0.0,0.019042237619461902,4.4007224870907455,per_group
26869589,0.8216893116676144,0.0,0.0,0.0,0.0,0.0,0.0,0.0008763772973019531,0.32885100012650614,per_group
26878079,0.8443699603804642,0.0,0.0,0.0,0.0,0.0,0.0,0.0003746489824355497,0.3378229139486728,per_group
26885687,0.8073170442329818,0.0,0.0,0.0,0.0,0.0,0.0,0.00015821997830004687,0.3229584616888528,per_group
26899638,0.8900743441430183,0.0,0.0,0.0,0.0,0.0,0.0,0.0007739292332457522,0.3561845235038565,per_group
26909507,0.9146856530488868,0.0,0.0,0.5,0.5,0.05263157894736842,0.0,0.015640849333612483,2.4111076942441723,per_group
26911668,0.7878458728905154,0.0,0.0,0.0,0.0,0.0,0.0,0.020304581508662423,0.3191992654579387,per_group
26926095,0.9213432397074213,0.0,0.0,0.0,0.0,0.05263157894736842,0.0,0.015988109877989577,0.4138401810164612,per_group
26943787,0.5919618199074985,0.0,0.0,0.0,0.0,0.0,0.0,0.034308597488749766,0.24364644746074937,per_group
26945207,0.8631936524526475,0.0,0.0,0.0,0.0,0.0,0.0,0.0005024573158693331,0.34537795244423286,per_group
26950569,0.8459603082632665,0.0,0.0,0.5,0.5,0.045454545454545456,0.0,0.020647315490994373,2.3788772227671418,per_group
26951888,0.970509855352302,0.0,0.0,0.25,0.25,0.0,0.0,0.023570052065988573,1.3929179525541187,per_group
26960967,0.9859102078393492,0.0,0.0,0.0,0.0,0.0,0.0,0.00909930911294546,0.3961839449583288,per_group
26962282,0.7244861465907526,0.0,0.0,0.0,0.0,0.0,0.0,0.001118412285208686,0.2900181410933428,per_group
26973491,0.9437321163824332,0.0,0.0,1.0,1.0,0.0,0.0,0.0022624262266944463,4.377945331798313,per_group
26991891,0.9015699120207018,0.0,0.0,0.5,0.5,0.045454545454545456,0.0,0.01411965869894388,2.3998155329117057,per_group
26994899,0.8218194301998002,0.0,0.0,0.0,0.0,0.0,0.0,2.46466095241079e-05,0.3287327014018249,per_group
27005052,0.9293142988132905,0.0,0.0,0.0,0.0,0.0,0.0,0.0013083078150417772,0.3719873810883246,per_group
27014448,0.8734333152963812,0.0,0.0,0.4,0.4,0.10526315789473684,0.0,0.03620579234707958,2.040825010903758,per_group
27015480,0.8630184236221814,0.0,0.0,0.0,0.0,0.0,0.0,0.0005024573158693331,0.34530786091204646,per_group
27041690,0.8221309322259912,0.0,0.0,0.0,0.0,0.0,0.0,0.0007951495571943389,0.32901140280183533,per_group
27051306,0.8656301092261407,0.0,0.0,0.0,0.0,0.045454545454545456,0.0,0.013034137227491208,0.3852225074995909,per_group
27060950,0.8630184236221814,0.0,0.0,0.0,0.0,0.0,0.0,0.0005024573158693331,0.34530786091204646,per_group
27067262,0.7563813126116778,0.0,0.0,0.0,0.0,0.05263157894736842,0.0,0.020806946206289065,0.34881917744382374,per_group
27068053,0.8151633393493146,0.0,0.0,0.3333333333333333,0.3333333333333333,0.0,0.0,0.0061380710421688805,1.6606262832814929,per_group
27077016,0.9589391979184879,0.0,0.0,0.0,0.0,0.0,0.0,0.00760136106357303,0.3850959513801098,per_group
27093722,0.9585431742386227,0.0,0.0,0.0,0.0,0.0,0.0,0.0049907021197402954,0.38441541011939717,per_group
27097694,0.9952095270547312,0.0,0.0,0.0,0.0,0.0,0.0,0.019857472231549652,0.40205530526820243,per_group
27107578,0.957336878911836,0.0,0.0,0.0,0.0,0.0,0.0,0.002333521712528332,0.3834014559072401,per_group
27109599,0.9174128109202058,0.0,0.0,1.0,1.0,0.0,0.0,0.0023124254383689894,4.367427609455756,per_group
27120518,0.8000289404861831,0.0,0.0,0.6666666666666666,0.6666666666666666,0.10526315789473684,0.0,0.03708578557672797,3.0783059262922743,per_group
27127082,0.9034760845279769,0.0,0.0,0.5,0.5,0.05263157894736842,0.0,0.015673184885024467,2.4066303339460906,per_group
27131872,0.8131576096345903,0.0,0.0,0.2,0.2,0.05,0.0,0.031790148988506434,1.1716210736515376,per_group
27132703,0.767325477190814,0.0,0.0,0.5,0.5,0.0,0.0,0.010681106347712313,2.309066412145868,per_group
27177009,0.8176982240576995,0.0,0.0,0.0,0.0,0.0,0.0,0.0007806935725895934,0.3272354283375978,per_group
27185074,0.8533478342858174,0.0,0.0,0.0,0.0,0.0,0.0,0.004067909987594698,0.34215271571184597,per_group
27197438,0.8759128806036837,0.0,0.0,0.25,0.25,0.05263157894736842,0.0,0.020661737733522183,1.3966027629460724,per_group
27280930,0.8524874556947605,0.0,0.0,0.0,0.0,0.0,0.0,0.004292701514676266,0.34185352258083945,per_group
27301759,0.7261478023571147,0.0,0.0,0.0,0.0,0.05263157894736842,0.0,0.024612752248587964,0.33748693455045825,per_group
27304100,0.8123151018072976,0.0,0.0,0.25,0.25,0.045454545454545456,0.0,0.017903863341516217,1.3648704497548587,per_group
27325588,0.7716714624879047,0.0,0.0,0.0,0.0,0.0,0.0,0.007473276700145717,0.31016324033519105,per_group
27362221,0.8793115183885674,0.0,0.0,0.5,0.5,0.0,0.0,0.0026997932373454105,2.3522645660028965,per_group
27366452,0.7575157109785521,0.0,0.0,0.3333333333333333,0.3333333333333333,0.045454545454545456,0.0,0.015199778559339999,1.6757432098002585,per_group
27371047,0.9605626000937804,0.0,0.0,0.0,0.0,0.0,0.0,0.0036626886289355728,0.3849575777632993,per_group
27384145,0.8909674377292927,0.0,0.0,0.0,0.0,0.0,0.0,0.0008323265570061379,0.3565534404031183,per_group
27423405,0.8342706553838772,0.0,0.0,0.0,0.0,0.0,0.0,0.0005740786457443216,0.33382307788269977,per_group
27425310,0.847101833198888,0.0,0.0,0.8,0.8,0.09090909090909091,0.0,0.031184022583705295,3.617804810523569,per_group
27426369,0.827013650406906,0.0,0.0,0.3333333333333333,0.3333333333333333,0.05,0.0,0.024479897943454735,1.7090347730847866,per_group
27444001,0.9493983605059897,0.0,0.0,1.0,1.0,0.0,0.0,0.0027185606736279183,4.380303056337122,per_group
27449131,0.8813282156753952,0.0,0.0,0.0,0.0,0.0,0.0,0.0009350028038813487,0.35271828683093437,per_group
27466659,0.9636322531774787,0.0,0.0,0.0,0.0,0.0,0.0,0.0024009089547686008,0.38593308306194524,per_group
27486099,0.6920925705287944,0.0,0.0,0.2222222222222222,0.2222222222222222,0.15789473684210525,0.0,0.06052710363628444,1.3041471273013476,per_group
27491648,0.7927800507072129,0.0,0.0,0.0,0.0,0.05263157894736842,0.0,0.02058681942875346,0.36333464732653065,per_group
27512951,0.791348113417581,0.0,0.0,0.17647058823529413,0.17647058823529413,0.3181818181818182,0.0,0.167721080809357,1.310511269015535,per_group
27536246,0.936611938336401,0.0,0.0,1.0,1.0,0.0,0.0,0.008084745311807745,4.3762617243969215,per_group
27557882,0.8213440182075195,0.0,0.0,0.0,0.0,0.0,0.0,0.008252471682052726,0.33018810161941836,per_group
27568464,0.998499339073814,0.0,0.0,0.0,0.0,0.0,0.0,0.06942799385392612,0.41328533440031084,per_group
27573564,0.9632018854048535,0.0,0.0,0.0,0.0,0.0,0.0,0.0032981084238373373,0.38594037584670887,per_group
27578602,0.9287831006597556,0.0,0.0,0.0,0.0,0.0,0.0,0.0013661279217591646,0.3717864658482541,per_group
27597623,0.8125989464276008,0.0,0.0,0.5,0.5,0.05263157894736842,0.0,0.015130627211537528,2.3701709671712425,per_group
27600350,0.6429276036723311,0.0,0.0,0.25,0.25,0.3157894736842105,0.0,0.1120670740037602,1.532216035217053,per_group
27603170,0.8489175738034241,0.0,0.0,1.0,1.0,0.0,0.0,0.0007200655252801625,4.339711042626426,per_group
27630383,0.8775836132052518,0.0,0.0,0.0,0.0,0.0,0.0,0.0009705879280453106,0.3512275628677098,per_group
27646602,0.9307650966382088,0.0,0.0,1.0,1.0,0.0,0.0,0.00492982878440091,4.373292004412163,per_group
27649220,0.8245876269681817,0.0,0.0,0.3333333333333333,0.3333333333333333,0.05263157894736842,0.0,0.01721257130108032,1.7087161615387167,per_group
27654418,0.7670196014426253,0.0,0.0,0.0,0.0,0.0,0.0,0.0050755808707395565,0.30782295675119803,per_group
27662946,0.756242117474033,0.0,0.0,0.0,0.0,0.0,0.0,0.004546892527567849,0.3034062254951268,per_group
27663986,0.8245144726562913,0.0,0.0,0.5,0.5,0.045454545454545456,0.0,0.013251675891539881,2.3688197606044605,per_group
27667262,0.8629803961776801,0.0,0.0,1.0,1.0,0.05263157894736842,0.0,0.014865071984082306,4.390270436025783,per_group
27671298,0.8729282166136748,0.0,0.0,0.0,0.0,0.0,0.0,0.0008596884824537885,0.3493432243419607,per_group
27684535,0.9986981264392265,0.0,0.0,0.0,0.0,0.0,0.0,0.06942799385392612,0.4133648493464758,per_group
27696456,0.7151422926501534,0.0,0.0,0.0,0.0,0.21052631578947367,0.0,0.07018891278964642,0.46851575224956965,per_group
27706925,0.813957242183894,0.0,0.0,0.5,0.5,0.0,0.0,0.003840296113951503,2.3263509560963476,per_group
27713882,0.9996396653653024,0.0,0.0,0.0,0.0,0.0,0.0,0.06942799385392612,0.41374146491690617,per_group
27721637,0.900743838146226,0.0,0.0,0.0,0.0,0.0,0.0,0.0008423354523064037,0.3604660023489517,per_group
27727773,0.872070855574083,0.0,0.0,0.0,0.0,0.0,0.0,0.001043303351999787,0.3490370029000332,per_group
27732542,0.8019568160896184,0.0,0.0,0.3333333333333333,0.3333333333333333,0.05263157894736842,0.0,0.017154006283796642,1.6996521241838347,per_group
27750137,0.7886661196315322,0.0,0.0,0.0,0.0,0.0,0.0,0.0014462088046740486,0.3157556896135477,per_group
27750803,0.8218515560772148,0.0,0.0,1.0,1.0,0.0,0.0,0.0039092418353288555,4.329522470797952,per_group
27755928,0.9244247742664174,0.0,0.0,0.0,0.0,0.05263157894736842,0.0,0.04113238347037555,0.42010164955853685,per_group
27769800,0.8078849413570154,0.0,0.0,0.0,0.0,0.0,0.0,0.0011588771541984517,0.3233857519736459,per_group
27771549,0.8702236256830106,0.0,0.0,0.5,0.5,0.05263157894736842,0.0,0.014951191210093584,2.393184951673118,per_group
27812852,0.7174680701924245,0.0,0.0,0.2,0.2,0.05263157894736842,0.0,0.02574189326694654,1.1342408698882538,per_group
27816413,0.9176157333708108,0.0,0.0,0.2,0.2,0.0,0.0,0.010723114947677581,1.1691909163378598,per_group
27817171,0.8202159069735218,0.0,0.0,0.6666666666666666,0.6666666666666666,0.0,0.0,0.009233026095255798,2.9965996346751265,per_group
2789161,0.8107903445182494,0.0,0.0,0.5,0.5,0.0,0.0,0.005116678381844451,2.3253394734836688,per_group
27906730,0.7919179181551542,0.0,0.0,0.75,0.75,0.0,0.0,0.010097461915782606,3.3187866596452182,per_group
27908774,0.9605571182972373,0.0,0.0,0.0,0.0,0.0,0.0,0.006012754090472926,0.3854253981369895,per_group
27915919,0.7907352471086795,0.0,0.0,0.0,0.0,0.15789473684210525,0.0,0.04843201829022809,0.45229629197520166,per_group
27928116,0.8057273232355184,0.0,0.0,0.0,0.0,0.0,0.0,0.0009317859484555932,0.3224772864838985,per_group
27929005,0.7785715300135156,0.0,0.0,0.5,0.5,0.0,0.0,0.003624630406473933,2.312153538086701,per_group
27930985,0.9746292427277977,0.0,0.0,0.0,0.0,0.0,0.0,0.04425145750388546,0.3987019885918962,per_group
27939999,0.8322114716306915,0.0,0.0,1.0,1.0,0.0,0.0,0.00437951556254566,4.333760491764786,per_group
28015432,0.8909674377292927,0.0,0.0,0.0,0.0,0.0,0.0,0.0008323265570061379,0.3565534404031183,per_group
28057988,0.7294507165073535,0.0,0.0,0.0,0.0,0.05263157894736842,0.0,0.02188366358344135,0.33826228247752443,per_group
28077220,0.7602856435845013,0.0,0.0,0.0,0.0,0.0,0.0,0.004841564666794594,0.30508257036715947,per_group
28112807,0.9528771383383456,0.0,0.0,0.5,0.5,0.0,0.0,0.004644655893415011,2.3820797865140215,per_group
28134743,0.8335265928664438,0.0,0.0,0.5,0.5,0.0,0.0,0.0031754345170783398,2.334045724049993,per_group
28136273,0.782830848351095,0.0,0.0,1.0,1.0,0.0,0.0,0.0009982206005864254,4.3133319834605555,per_group
28157063,0.8490561740174131,0.0,0.0,0.5,0.5,0.05263157894736842,0.0,0.015416792013397298,2.3848110911675393,per_group
28170196,0.8806107292475586,0.0,0.0,0.0,0.0,0.0,0.0,0.0012494075113712027,0.35249417320129767,per_group
28170243,0.8631815313668059,0.0,0.0,0.5,0.5,0.0,0.0,0.0031607221985475885,2.3459047569864317,per_group
28185623,0.8763746603453365,0.0,0.0,0.0,0.0,0.0,0.0,0.001037488719768695,0.35075736188208834,per_group
28188761,0.7664160502385452,0.0,0.0,1.0,1.0,0.0,0.0,0.0014538316783996772,4.306857186431098,per_group
28264034,0.7684614414170687,0.0,0.0,0.0,0.0,0.0,0.0,0.009708195093644937,0.3093262155855565,per_group
28281289,0.8838342890810194,0.0,0.0,0.0,0.0,0.05263157894736842,0.0,0.030968329701033692,0.4018326447305093,per_group
28311552,0.9062842346693019,0.0,0.0,0.0,0.0,0.05263157894736842,0.0,0.016468159459213455,0.4079125889174582,per_group
28323866,0.7975386010578603,0.0,0.0,0.0,0.0,0.0,0.0,0.0001342956473069549,0.31904229955260555,per_group
28340503,0.8217504631908173,0.0,0.0,0.6666666666666666,0.6666666666666666,0.09090909090909091,0.0,0.025722858267808544,3.073238696323828,per_group
28342587,0.8218151055064747,0.0,0.0,0.5,0.5,0.045454545454545456,0.0,0.013181581212926336,2.3677259948088114,per_group
28371222,0.8221627351448498,0.0,0.0,0.0,0.0,0.0,0.0,5.6499627771859096e-05,0.32887639398349433,per_group
2837181,0.7787399374187908,0.0,0.0,0.3333333333333333,0.3333333333333333,0.05263157894736842,0.0,0.01704044151578975,1.6903426597619022,per_group
28377253,0.8747508842180318,0.0,0.0,1.0,1.0,0.0,0.0,0.000710420387097233,4.350042437764632,per_group
28400714,0.8037773504677239,0.0,0.0,0.0,0.0,0.0,0.0,0.001178822885736123,0.32174670476423683,per_group
28417103,0.9977157013849041,0.0,0.0,0.0,0.0,0.0,0.0,0.023709858570293754,0.40382825226802044,per_group
28426100,0.9961917683201386,0.0,0.0,0.6666666666666666,0.6666666666666666,0.0,0.0,0.03416573798702939,3.0719765215921275,per_group
28432226,0.998499339073814,0.0,0.0,0.0,0.0,0.0,0.0,0.06942799385392612,0.41328533440031084,per_group
28435172,0.9442847494652401,0.0,0.0,1.0,1.0,0.0,0.0,0.003332117225784371,4.378380323231253,per_group
28447324,0.5531740652749378,0.0,0.0,0.034482758620689655,0.034482758620689655,0.36363636363636365,0.0,0.15628182424880918,0.6813661163515865,per_group
28451057,0.7405002845604834,0.0,0.0,0.0,0.0,0.0,0.0,0.008339970626061118,0.2978681079494056,per_group
28504810,0.945795944789589,0.0,0.0,1.0,1.0,0.0,0.0,0.0030189976067422643,4.378922177437184,per_group
28522547,0.8319620796341689,0.0,0.0,0.0,0.0,0.0,0.0,0.0006324422429891868,0.33291132030226545,per_group
28529552,0.839926526588549,0.0,0.0,0.0,0.0,0.0,0.0,0.008126922663194253,0.3375959951680585,per_group
28545595,0.9244045728318252,0.0,0.0,1.0,1.0,0.0,0.0,0.004145600895572122,4.370590949311844,per_group
28547034,0.8520690713843455,0.0,0.0,0.0,0.0,0.0,0.0,0.010539037170972874,0.3429354359879328,per_group
28552463,0.8489175738034241,0.0,0.0,1.0,1.0,0.0,0.0,0.0007200655252801625,4.339711042626426,per_group
28557583,0.9047958376693352,0.0,0.0,0.25,0.25,0.10526315789473684,0.0,0.03456416685841529,1.4530416947552067,per_group
28564091,0.7618005231860616,0.0,0.0,0.0,0.0,0.10526315789473684,0.0,0.03625697878850897,0.3961821313479159,per_group
28575684,0.8966416201841871,0.0,0.0,1.0,1.0,0.0,0.0,0.0009386795686730008,4.358844383987409,per_group
28591920,0.7959434637590697,0.0,0.0,0.0,0.0,0.0,0.0,0.012799836719416664,0.3209373528475112,per_group
28595634,0.8335929863464341,0.0,0.0,0.0,0.0,0.0,0.0,0.002499801157820626,0.3339371547701378,per_group
28597688,0.8630184236221814,0.0,0.0,0.0,0.0,0.0,0.0,0.0005024573158693331,0.34530786091204646,per_group
28598978,0.7665173668923762,0.0,0.0,0.3333333333333333,0.3333333333333333,0.05263157894736842,0.0,0.018343327899195905,1.6857142088280177,per_group
28630654,0.6977315968950969,0.0,0.0,0.0,0.0,0.0,0.0,0.01227536961554483,0.2815477126811477,per_group
28630986,0.6487323595660229,0.0,0.0,0.0,0.0,0.0,0.0,0.01283907585825881,0.26206075899806097,per_group
28643831,0.7981344485987492,0.0,0.0,0.3333333333333333,0.3333333333333333,0.05263157894736842,0.0,0.01860081570609612,1.6984125390719467,per_group
28644355,0.8646622735920054,0.0,0.0,1.0,1.0,0.045454545454545456,0.0,0.019568544227455548,4.38614225464593,per_group
28666895,0.8805649286249693,0.0,0.0,0.0,0.0,0.0,0.0,0.001265899699231299,0.352479151389834,per_group
28676868,0.7142246824034059,0.0,0.0,0.42857142857142855,0.42857142857142855,0.05263157894736842,0.0,0.027744346660284833,2.0476297197370283,per_group
28682208,0.7575728883688068,0.0,0.0,1.0,1.0,0.0,0.0,0.0003878359930879378,4.303106722546141,per_group
28685024,0.9327606259421626,0.0,0.0,0.5,0.5,0.045454545454545456,0.0,0.014081786112469888,2.4122842439629952,per_group
28697421,0.9989216822824494,0.0,0.0,0.0,0.0,0.0,0.0,0.06942799385392612,0.413454271683765,per_group
28701544,0.757114360542569,0.0,0.0,0.0,0.0,0.0,0.0,0.007578427000400043,0.3043614296171076,per_group
28726058,0.6539109822192958,0.0,0.0,0.21052631578947367,0.21052631578947367,0.21052631578947367,0.0,0.09618090659127146,1.2913268899954462,per_group
28736496,0.8764720720030768,0.0,0.0,0.2857142857142857,0.2857142857142857,0.09090909090909091,0.0,0.03745531799750281,1.5736643079851467,per_group
28738070,0.7408309261305733,0.0,0.0,0.0,0.0,0.0,0.0,0.007877670694956422,0.29790790459122063,per_group
28744781,0.8784740099441999,0.0,0.0,0.0,0.0,0.0,0.0,0.0016948413394594526,0.35172857224557186,per_group
28750751,0.7758567674044661,0.0,0.0,0.0,0.0,0.0,0.0,0.005060333452575429,0.3113547736523015,per_group
28756867,0.9437321163824332,0.0,0.0,1.0,1.0,0.0,0.0,0.0022624262266944463,4.377945331798313,per_group
28777454,0.8471703510175354,0.0,0.0,1.0,1.0,0.0,0.0,0.0020827024007824186,4.33928468088717,per_group
28796772,0.8543397759939058,0.0,0.0,0.0,0.0,0.0,0.0,0.0016679445532355153,0.34206949930820946,per_group
28840182,0.8176501032328526,1.0,1.0,0.0,0.0,0.0,0.0,0.0039004918124022933,4.827840139655621,per_group
28849272,0.9293875084185946,0.0,0.0,0.0,0.0,0.0,0.0,0.0020902232807134477,0.3721730480235806,per_group
28895291,0.8319620796341689,0.0,0.0,0.0,0.0,0.0,0.0,0.0006324422429891868,0.33291132030226545,per_group
2892601,0.8638177427243472,0.0,0.0,0.0,0.0,0.0,0.0,0.007290540526500009,0.3469852051950389,per_group
28942852,0.8099001687509448,0.0,0.0,0.0,0.0,0.0,0.0,0.003568369531459675,0.32467374140666994,per_group
28953592,0.9144330144689853,0.0,0.0,0.0,0.0,0.05263157894736842,0.0,0.022440302483711212,0.4123665294422311,per_group
28956393,0.8718138311183079,0.0,0.0,0.0,0.0,0.0,0.0,0.0018617284227602266,0.3490978781318752,per_group
28960268,0.9528574166191549,0.0,0.0,0.0,0.0,0.0,0.0,0.00794371066235001,0.382731708780132,per_group
28963222,0.9344364130128637,0.0,0.0,0.0,0.0,0.0,0.0,0.0015847542497588129,0.3740915160550973,per_group
28980262,0.8784740099441999,0.0,0.0,0.0,0.0,0.0,0.0,0.0016948413394594526,0.35172857224557186,per_group
28990533,0.9495182248742747,0.0,0.0,0.0,0.0,0.0,0.0,0.0018746295821288732,0.3801822158661357,per_group
28992823,0.825819008648788,0.0,0.0,1.0,1.0,0.0,0.0,0.00043879043507133594,4.330415361546529,per_group
29001162,0.7604448111591632,0.0,0.0,0.0,0.0,0.0,0.0,0.0004922370823585799,0.304276371880137,per_group
29028679,0.7684407550716646,0.0,0.0,0.0,0.0,0.0,0.0,0.0019980817984894986,0.30777591838836377,per_group
29075225,0.9331044242451815,0.0,0.0,0.25,0.25,0.045454545454545456,0.0,0.01975912829421672,1.4135572317205523,per_group
29089902,0.9966291929071069,0.0,0.0,0.6666666666666666,0.6666666666666666,0.0,0.0,0.02990437502109736,3.0712992188337287,per_group
29096237,0.7968848709520502,0.0,0.0,0.0,0.0,0.0,0.0,0.0013716786364275431,0.31902828410810563,per_group
29100809,0.8473130817014776,0.0,0.0,0.0,0.0,0.0,0.0,0.0008155749119529324,0.3390883476629816,per_group
29103015,1.0,0.0,0.0,0.0,0.0,0.0,0.0,0.06942799385392612,0.41388559877078523,per_group
29109370,0.8918404316847636,0.0,0.0,1.0,1.0,0.05263157894736842,0.0,0.017932497382503486,4.4024279353083005,per_group
29118055,0.7851666767010457,0.0,0.0,0.0,0.0,0.05263157894736842,0.0,0.021700772430547823,0.3605120883244226,per_group
29121289,0.8563908588771979,0.0,0.0,0.3333333333333333,0.3333333333333333,0.05,0.0,0.024365622947486797,1.7207628014737097,per_group
29138884,0.7979673600405555,0.0,0.0,0.6666666666666666,0.6666666666666666,0.05263157894736842,0.0,0.01843168874333068,3.0316452115894497,per_group
29144914,0.8660181103599699,0.0,0.0,0.0,0.0,0.0,0.0,0.0013092204844058369,0.34666908824086917,per_group
29147311,0.7569911603523566,0.0,0.0,0.0,0.0,0.0,0.0,0.004938490026663662,0.30378416214627535,per_group
29159786,0.8146469869699039,0.0,0.0,0.6666666666666666,0.6666666666666666,0.13636363636363635,0.0,0.0439961891916412,3.110415608383865,per_group
29162413,0.9364979169683071,0.0,0.0,0.5,0.5,0.0,0.0,0.00562636723394169,2.3757244402341113,per_group
29171615,0.8707270330827527,0.0,0.0,0.3333333333333333,0.3333333333333333,0.10526315789473684,0.0,0.03028040430492466,1.7718907537432087,per_group
29186233,0.7580321067718664,0.0,0.0,0.7777777777777778,0.7777777777777778,0.21052631578947367,0.0,0.07394349609352116,3.597533705670141,per_group
29202957,0.8764222882334401,0.0,0.0,0.0,0.0,0.0,0.0,0.0009547734705099234,0.35075986998747805,per_group
29308780,0.8528892161384498,1.0,1.0,1.0,1.0,0.0,0.0,0.0007767803501609673,8.841311042525412,per_group
29324811,0.9442847537146948,0.0,0.0,1.0,1.0,0.0,0.0,0.003332117225784371,4.378380324931035,per_group
29378681,0.7855353253938335,0.0,0.0,0.0,0.0,0.0,0.0,0.017223730974010032,0.3176588763523354,per_group
29383902,0.9437321163824332,0.0,0.0,1.0,1.0,0.0,0.0,0.0022624262266944463,4.377945331798313,per_group
29388899,0.8920041206792098,0.0,0.0,1.0,1.0,0.05263157894736842,0.0,0.022068261105317722,4.4033205636506425,per_group
29396184,0.9354246491964672,0.0,0.0,0.0,0.0,0.05263157894736842,0.0,0.020211645209304747,0.42031745187834263,per_group
29398810,0.8071935040863946,0.0,0.0,0.0,0.0,0.0,0.0,0.0010646988522424617,0.32309034140500636,per_group
29461507,0.837493662788229,0.0,0.0,0.5,0.5,0.0,0.0,0.0033341775011483856,2.3356643006155213,per_group
29465688,0.9590716576704578,0.0,0.0,1.0,1.0,0.0,0.0,0.00261075680313273,4.38415081442881,per_group
29468405,0.7927837957973684,0.0,0.0,1.0,1.0,0.0,0.0,0.000861058725168769,4.317285730063982,per_group
29475431,0.8290044251781346,0.0,0.0,0.0,0.0,0.0,0.0,0.0026160203656395986,0.3321249741443818,per_group
29480440,0.9589982231223071,0.0,0.0,0.0,0.0,0.0,0.0,0.0023355258058022285,0.3840663944100833,per_group
29488715,0.8305736638040186,0.0,0.0,0.0,0.0,0.0,0.0,0.0006535147033787779,0.3323601684622832,per_group
29511324,0.8474342421534414,0.0,0.0,1.0,1.0,0.0,0.0,0.0013344832245320139,4.339240593506283,per_group
29555433,0.8235880702372987,0.0,0.0,0.0,0.0,0.0,0.0,0.00024135233904976533,0.3294834985627295,per_group
29591647,0.8934611312068768,0.0,0.0,0.8,0.8,0.10526315789473684,0.0,0.03879784335910295,3.6493545474703604,per_group
29596691,0.9471714272372074,0.0,0.0,0.0,0.0,0.0,0.0,0.0015214161872862638,0.3791728541323402,per_group
29613217,0.9976134393202858,0.0,0.0,1.0,1.0,0.0,0.0,0.023709858570293754,4.403787347442173,per_group
29620256,0.6789127664542152,0.0,0.0,0.375,0.375,0.05,0.0,0.0856458301334571,1.8286942726083775,per_group
29630488,0.8313512881366804,0.0,0.0,0.0,0.0,0.0,0.0,0.0030535551271627104,0.3331512262801047,per_group
29650713,0.9977528448059374,0.0,0.0,0.0,0.0,0.0,0.0,0.06942799385392612,0.4129867366931602,per_group
29692115,0.8222791702032045,0.0,0.0,1.0,1.0,0.0,0.0,8.579940209475819e-05,4.3289288279617,per_group
29698402,0.5884101936734867,0.0,0.0,0.07142857142857142,0.07142857142857142,0.05263157894736842,0.0,0.048962340486603806,0.572976094438896,per_group
29720198,0.9692685641422378,0.0,0.0,0.0,0.0,0.0,0.0,0.0045253828352485705,0.38861250222394483,per_group
29733774,0.8114507636940634,0.0,0.0,0.3333333333333333,0.3333333333333333,0.045454545454545456,0.0,0.015018169391034671,1.6972809090528018,per_group
29762189,0.8536793257468442,0.0,0.0,0.0,0.0,0.0,0.0,0.0003817341448238127,0.34154807712770247,per_group
29777851,0.8364956734748237,0.0,0.0,0.5,0.5,0.05,0.0,0.020220416459078724,2.3786423526817453,per_group
29781434,0.8598512677262178,0.0,0.0,0.0,0.0,0.0,0.0,0.0014051908235683298,0.34422154525520077,per_group
29791874,0.8524874556947605,0.0,0.0,0.0,0.0,0.0,0.0,0.004292701514676266,0.34185352258083945,per_group
29837961,0.9018219927909531,0.0,0.0,0.5,0.5,0.05263157894736842,0.0,0.02599806192400799,2.408033672659078,per_group
29838696,0.8490486609815309,0.0,0.0,0.5,0.5,0.05263157894736842,0.0,0.0148627733225238,2.384697282215012,per_group
29842451,0.8824299717914399,0.0,0.0,0.0,0.0,0.0,0.0,0.0013830768594823835,0.3532486040884725,per_group
29858011,0.9523652830226909,0.0,0.0,0.0,0.0,0.0,0.0,0.0032786272144652573,0.3816018386519694,per_group
29863027,0.5608424591239881,0.0,0.0,0.3170731707317073,0.3170731707317073,0.45454545454545453,0.0,0.22030162257364064,1.9003263547275162,per_group
29888946,0.9002049053053218,0.0,0.0,1.0,1.0,0.0,0.0,0.0004139403517491622,4.360164750192479,per_group
29893170,0.9988552048757291,0.0,0.0,0.0,0.0,0.0,0.0,0.06942799385392612,0.4134276807210769,per_group
29894281,0.8196250797920106,0.0,0.0,0.0,0.0,0.0,0.0,0.0006567244444655168,0.3279813768056974,per_group
29941073,0.9081134804295105,0.0,0.0,1.0,1.0,0.0,0.0,0.0007303641311603152,4.3633914649980365,per_group
29955557,0.7838933361037511,0.0,0.0,0.0,0.0,0.0,0.0,0.004199383157963732,0.3143972110730932,per_group
29973725,0.8402057157613192,0.0,0.0,0.0,0.0,0.0,0.0,0.0030712137358781502,0.33669652905170333,per_group
29986886,0.8656301092261407,0.0,0.0,0.0,0.0,0.045454545454545456,0.0,0.013034137227491208,0.3852225074995909,per_group
29990761,0.7427364326045496,0.0,0.0,0.2857142857142857,0.2857142857142857,0.0,0.0,0.015344454603298101,1.443020606819622,per_group
3000661,0.7962935817431219,0.0,0.0,0.5,0.5,0.0,0.0,0.004250808720745457,2.3193675944413976,per_group
30009126,0.8499287060488676,0.0,0.0,0.5,0.5,0.05263157894736842,0.0,0.015665784873141807,2.3852099025520705,per_group
30023125,0.7869537248608575,0.0,0.0,0.6666666666666666,0.6666666666666666,0.045454545454545456,0.0,0.015482623008965909,3.020908317576439,per_group
30037607,0.8768193654727972,0.0,0.0,0.5,0.5,0.0,0.0,0.0049589910349853595,2.351719544396116,per_group
30059344,0.9339845090038975,0.0,0.0,1.0,1.0,0.0,0.0,0.00776178406295022,4.3751461604141495,per_group
30063657,0.8145783424196307,1.0,1.0,0.75,0.75,0.05263157894736842,0.0,0.019510404679858165,7.8718386810617185,per_group
30070321,0.8303381250297674,0.0,0.0,0.3333333333333333,0.3333333333333333,0.05263157894736842,0.0,0.01715167694767665,1.7110041818926702,per_group
30095547,0.7958579987264555,0.0,0.0,0.0,0.0,0.0,0.0,0.0035585067183520735,0.31905490083425264,per_group
30098626,0.9493983605059897,0.0,0.0,1.0,1.0,0.0,0.0,0.0027185606736279183,4.380303056337122,per_group
30104098,0.799585144436755,0.0,0.0,0.0,0.0,0.0,0.0,0.00360594329732137,0.32055524643416633,per_group
30147928,0.8224865775874445,0.0,0.0,0.0,0.0,0.05263157894736842,0.0,0.018077883555939853,0.37471547090406054,per_group
30150093,0.8395484611041804,0.0,0.0,0.0,0.0,0.0,0.0,0.0025314861261602076,0.3363256816669042,per_group
30157434,0.9434584175051153,0.0,0.0,0.0,0.0,0.05263157894736842,0.0,0.06353516071452855,0.43219566230284656,per_group
30175950,0.8319620796341689,0.0,0.0,0.0,0.0,0.0,0.0,0.0006324422429891868,0.33291132030226545,per_group
30185290,0.8759740387555026,0.0,0.0,0.0,0.0,0.0,0.0,0.0010921931049491798,0.3506080541231909,per_group
30197513,0.6846529776961713,0.0,0.0,0.1111111111111111,0.1111111111111111,0.15,0.0,0.08273857997039734,0.8548533515169924,per_group
30197992,0.8916543565630397,0.0,0.0,0.0,0.0,0.0,0.0,0.0009845489999042005,0.3568586524251967,per_group
30201321,0.7820282167075564,0.0,0.0,0.5,0.5,0.0,0.0,0.003402475276120824,2.313491781738247,per_group
30208398,0.8779264762070143,0.0,0.0,1.0,1.0,0.0,0.0,0.0006880365113870425,4.351308197785083,per_group
3025261,0.8635992867579275,0.0,0.0,0.75,0.75,0.10526315789473684,0.0,0.045635731153910286,3.4387773872497425,per_group
30273024,0.9522613668578366,0.0,0.0,0.0,0.0,0.0,0.0,0.0016440662044626471,0.3812333599840272,per_group
30283530,0.8160905639110884,0.0,0.0,0.5,0.5,0.045454545454545456,0.0,0.012626738596095389,2.3653252096472905,per_group
30284737,0.8325617116857862,0.0,0.0,0.0,0.0,0.0,0.0,0.0003873984870068858,0.33310216437171586,per_group
30285499,0.6633886599868185,0.0,0.0,0.125,0.125,0.05263157894736842,0.0,0.03453871315941806,0.8143684697845058,per_group
30288543,0.9474199940368426,0.0,0.0,0.0,0.0,0.0,0.0,0.001259574444121745,0.37921991250356146,per_group
30296618,0.8023884874671809,0.0,0.0,0.7857142857142857,0.7857142857142857,0.18181818181818182,0.0,0.08250084567764433,3.62576725243409,per_group
30298247,0.8319620796341689,0.0,0.0,0.0,0.0,0.0,0.0,0.0006324422429891868,0.33291132030226545,per_group
30336759,0.9974126695842629,0.0,0.0,0.0,0.0,0.0,0.0,0.06942799385392612,0.4128506666044904,per_group
3036281,0.6902923655418994,0.0,0.0,0.1111111111111111,0.1111111111111111,0.10526315789473684,0.0,0.0465128810352801,0.8140744931840498,per_group
30393446,0.8864193493214899,0.0,0.0,0.0,0.0,0.05,0.0,0.021121250796691877,0.3987919898879344,per_group
30412906,0.9114203465285614,0.0,0.0,1.0,1.0,0.045454545454545456,0.0,0.015031886440418292,4.4039381522631444,per_group
30426836,0.9986981264392265,0.0,0.0,0.0,0.0,0.0,0.0,0.06942799385392612,0.4133648493464758,per_group
30471776,0.9493983605059897,0.0,0.0,1.0,1.0,0.0,0.0,0.0027185606736279183,4.380303056337122,per_group
30473755,0.7314540000145946,0.0,0.0,0.2727272727272727,0.2727272727272727,0.1,0.0,0.07888542994394308,1.4792677769037175,per_group
30507566,0.9981745787490075,0.0,0.0,0.0,0.0,0.0,0.0,0.06942799385392612,0.41315543027038826,per_group
30514544,0.9422145243286906,0.0,0.0,0.0,0.0,0.0,0.0,0.0009079702073285527,0.37706740377294196,per_group
30545061,0.8342706553838772,0.0,0.0,0.0,0.0,0.0,0.0,0.0005740786457443216,0.33382307788269977,per_group
30556522,0.9977871077846084,0.0,0.0,0.5,0.5,0.0,0.0,0.03551049317565435,2.4062169417489745,per_group
30558373,0.7239767899544524,0.0,0.0,0.0,0.0,0.05263157894736842,0.0,0.020970103810714662,0.3358899999018186,per_group
30571003,0.7227847839198187,0.0,0.0,0.0,0.0,0.0,0.0,0.00863288589652556,0.2908404907472326,per_group
30577172,0.8164071887310989,0.0,0.0,0.0,0.0,0.05263157894736842,0.0,0.014717135996107513,0.37161156584955585,per_group
30624063,0.9281499482297435,0.0,0.0,0.0,0.0,0.05263157894736842,0.0,0.017617268650216913,0.41688869617983554,per_group
30624436,0.9624786112197367,0.0,0.0,0.0,0.0,0.0,0.0,0.0031349307123921056,0.3856184306303731,per_group
30641053,0.9896870664175149,0.0,0.0,0.0,0.0,0.0,0.0,0.008474805959007393,0.39756978775880747,per_group
30660378,0.8594875484008639,0.0,0.0,0.0,0.0,0.0,0.0,0.004128353583515871,0.3446206900770488,per_group
30663037,0.8305736638040186,0.0,0.0,0.0,0.0,0.0,0.0,0.0006535147033787779,0.3323601684622832,per_group
30677846,0.8342706553838772,0.0,0.0,0.0,0.0,0.0,0.0,0.0005740786457443216,0.33382307788269977,per_group
30702406,0.8546794742837357,0.0,0.0,0.5,0.5,0.05,0.0,0.02066441403054131,2.386004672519603,per_group
30715732,0.8595370460490287,0.0,0.0,0.0,0.0,0.0,0.0,0.0020671402136497796,0.34422824646234146,per_group
30720643,0.8894426173866813,0.0,0.0,0.0,0.0,0.0,0.0,0.0006414939931410548,0.35590534575330074,per_group
30733040,0.8630184236221814,0.0,0.0,0.0,0.0,0.0,0.0,0.0005024573158693331,0.34530786091204646,per_group
30734481,0.9075588925975485,0.0,0.0,1.0,1.0,0.05263157894736842,0.0,0.01628875741669774,4.4083865716802535,per_group
30736020,0.9988523619905452,0.0,0.0,0.0,0.0,0.0,0.0,0.06942799385392612,0.4134265435670033,per_group
30736021,0.8909674377292927,0.0,0.0,0.0,0.0,0.0,0.0,0.0008323265570061379,0.3565534404031183,per_group
30750281,0.8284769828626971,0.0,0.0,0.0,0.0,0.0,0.0,0.0007539857168314179,0.33154159028844515,per_group
30784733,0.8430978606239375,0.0,0.0,0.0,0.0,0.0,0.0,0.004816407876568425,0.3382024258248887,per_group
30821560,0.8222791702032045,0.0,0.0,1.0,1.0,0.0,0.0,8.579940209475819e-05,4.3289288279617,per_group
30845844,0.7907257793236425,0.0,0.0,0.0,0.0,0.0,0.0,0.001184019811858788,0.3165271156918288,per_group
30864390,0.7079921601980504,0.0,0.0,0.0,0.0,0.15789473684210525,0.0,0.06412636711442257,0.4223379269757889,per_group
30866634,0.8446015216651308,0.0,0.0,0.0,0.0,0.0,0.0,0.007696817290919392,0.33937997212423626,per_group
30873801,0.8630184236221814,0.0,0.0,0.0,0.0,0.0,0.0,0.0005024573158693331,0.34530786091204646,per_group
30900591,0.8596890937448258,0.0,0.0,0.6666666666666666,0.6666666666666666,0.09090909090909091,0.0,0.02654234130060662,3.0885780451519906,per_group
30916946,0.6937496878775534,0.0,0.0,0.0,0.0,0.0,0.0,0.004618003007500456,0.27842347575252147,per_group
30919969,1.0,0.0,0.0,0.0,0.0,0.0,0.0,0.06942799385392612,0.41388559877078523,per_group
30938840,0.8630184236221814,0.0,0.0,0.0,0.0,0.0,0.0,0.0005024573158693331,0.34530786091204646,per_group
30988234,0.8863669810707872,0.0,0.0,0.0,0.0,0.05263157894736842,0.0,0.015612694169362331,0.3997745944200821,per_group
30994019,0.9418644470529675,0.0,0.0,0.0,0.0,0.0,0.0,0.0013720421184962549,0.37702018724488623,per_group
31015297,0.8677571743791666,1.0,1.0,0.0,0.0,0.0,0.0,0.00034455296278255515,4.847171780344223,per_group
31094987,0.7962935817431219,0.0,0.0,0.5,0.5,0.0,0.0,0.004250808720745457,2.3193675944413976,per_group
31099177,0.8103384405092832,0.0,0.0,0.5,0.5,0.10526315789473684,0.0,0.03213912543270005,2.4147737276060424,per_group
31100873,0.998496929633008,0.0,0.0,0.0,0.0,0.0,0.0,0.04619146214519652,0.4086370642822425,per_group
31147615,0.8201658144017011,0.0,0.0,0.0,0.0,0.0,0.0,0.0009747186687795933,0.32826126949443635,per_group
31172192,0.945407458203949,0.0,0.0,0.0,0.0,0.0,0.0,0.00090315939398095,0.3783436151603758,per_group
31177882,0.8630184236221814,0.0,0.0,0.0,0.0,0.0,0.0,0.0005024573158693331,0.34530786091204646,per_group
31195013,0.7423510750559423,0.0,0.0,0.0,0.0,0.0,0.0,0.006124511189649847,0.29816533226030695,per_group
31201950,0.9493983605059897,0.0,0.0,1.0,1.0,0.0,0.0,0.0027185606736279183,4.380303056337122,per_group
31205118,0.9984400485573288,0.0,0.0,0.0,0.0,0.0,0.0,0.06942799385392612,0.41326161819371676,per_group
31237866,0.8633254688958785,0.0,0.0,1.0,1.0,0.05263157894736842,0.0,0.014562692194172382,4.390347989155081,per_group
31245293,0.9449837592641087,0.0,0.0,1.0,1.0,0.0,0.0,0.0022897979833506545,4.378451463302314,per_group
31246970,0.9262599437664563,0.0,0.0,1.0,1.0,0.0,0.0,0.01185683199347377,4.372875343905277,per_group
31252679,0.7684244031700388,0.0,0.0,0.0,0.0,0.0,0.0,0.002149495134220793,0.30779966029485967,per_group
31257790,0.8268091568881332,0.0,0.0,0.0,0.0,0.0,0.0,0.0006195801944191506,0.3308475787941371,per_group
31278533,0.7337007491176687,0.0,0.0,0.0,0.0,0.0,0.0,0.008250775114840462,0.2951304546700356,per_group
31280937,0.9714795639134812,0.0,0.0,0.0,0.0,0.0,0.0,0.003062454882855912,0.3892043165419637,per_group
31285824,0.9893610482541217,0.0,0.0,0.0,0.0,0.0,0.0,0.029589956386920052,0.40166241057903274,per_group
31286288,0.768584131672719,1.0,1.0,0.0,0.0,0.0,0.0,0.0018921800810723101,4.807812088685302,per_group
31294536,0.8319620796341689,0.0,0.0,0.0,0.0,0.0,0.0,0.0006324422429891868,0.33291132030226545,per_group
31351910,0.9988181459126076,0.0,0.0,0.0,0.0,0.0,0.0,0.06942799385392612,0.4134128571358283,per_group
31474749,0.7892799788574332,0.0,0.0,0.6666666666666666,0.6666666666666666,0.0,0.0,0.005400164148764362,2.9834586910393925,per_group
31512912,0.8185838489955909,0.0,0.0,1.0,1.0,0.0,0.0,8.77959449275444e-05,4.327451098787222,per_group
31513726,0.8016491555704622,0.0,0.0,0.0,0.0,0.0,0.0,0.0010378675028611729,0.32086723572875714,per_group
31536024,0.9307016862754071,0.0,0.0,1.0,1.0,0.0,0.0,0.0015316947104000327,4.372587013452243,per_group
31545782,0.7885020226894364,0.0,0.0,0.0,0.0,0.0,0.0,0.00416609157657911,0.31623402739109036,per_group
31557959,0.8460194627064287,0.0,0.0,0.2,0.2,0.05263157894736842,0.0,0.02496348488011727,1.1855057452164897,per_group
31564134,0.8319620796341689,0.0,0.0,0.0,0.0,0.0,0.0,0.0006324422429891868,0.33291132030226545,per_group
31568626,0.7966439438692591,0.0,0.0,0.0,0.0,0.0,0.0,0.0013716786364275431,0.31893191327498915,per_group
3160851,0.9685983783944941,0.0,0.0,0.0,0.0,0.0,0.0,0.0080941415394082,0.3890581796656793,per_group
31741815,0.7976371251036102,0.0,0.0,0.6666666666666666,0.6666666666666666,0.0,0.0,0.006785427036515268,2.987078602115414,per_group
31753236,0.8682666868655255,0.0,0.0,0.0,0.0,0.045454545454545456,0.0,0.027367617102305807,0.38914383453030776,per_group
31847329,0.7772615861296983,0.0,0.0,0.4,0.4,0.10526315789473684,0.0,0.034303455180294706,2.001975851803728,per_group
31894920,0.9483532751176172,0.0,0.0,0.0,0.0,0.0,0.0,0.00202009339771666,0.3797453287265902,per_group
31953,0.9135214894413459,0.0,0.0,0.5,0.5,0.05263157894736842,0.0,0.01726338007161065,2.4109665349487552,per_group
32028843,0.8335362986209431,0.0,0.0,0.0,0.0,0.0,0.0,0.005275384881372646,0.33446959642465185,per_group
3212691,0.8522904679734068,0.0,0.0,0.5,0.5,0.0,0.0,0.0029432326406849817,2.3415048337174995,per_group
32136042,0.9354242582466362,0.0,0.0,0.5,0.5,0.0,0.0,0.005315714821205054,2.3752328462628958,per_group
32150710,0.7987009038257449,0.0,0.0,1.0,1.0,0.0,0.0,0.0007828848753906853,4.319636938505376,per_group
32167638,0.7678408000614914,0.0,0.0,0.0,0.0,0.0,0.0,0.0005244402331668244,0.30724120807122995,per_group
32176315,0.8530915581727059,0.0,0.0,0.0,0.0,0.0,0.0,0.004465054517202506,0.3421296341725229,per_group
32199618,0.8078569119539166,0.0,0.0,0.0,0.0,0.05263157894736842,0.0,0.019165918759180733,0.3690812116912976,per_group
3220851,0.7846309224522454,0.0,0.0,0.0,0.0,0.0,0.0,0.00645042411104784,0.31514245380310774,per_group
32215972,0.9692685641422378,0.0,0.0,0.0,0.0,0.0,0.0,0.0045253828352485705,0.38861250222394483,per_group
32218384,0.7533763362282772,0.0,0.0,0.0,0.0,0.0,0.0,0.005193120189177297,0.30238915852914633,per_group
32232053,0.7600889448260663,0.0,0.0,0.0,0.0,0.0,0.0,0.004841564666794594,0.30500389086378543,per_group
3224511,0.9860195076838622,0.0,0.0,0.0,0.0,0.0,0.0,0.008949178396164997,0.3961976387527779,per_group
32266226,0.9527450142932958,0.0,0.0,0.0,0.0,0.0,0.0,0.0020128975032011427,0.38150058521795854,per_group
32267384,0.9978850580895356,0.0,0.0,0.0,0.0,0.0,0.0,0.03484545751532539,0.40612311473887935,per_group
32281133,0.7896923799356523,0.0,0.0,0.0,0.0,0.05263157894736842,0.0,0.017397739520348177,0.36146176303622535,per_group
32294244,0.8134881767490043,0.0,0.0,0.75,0.75,0.05,0.0,0.033141346407772415,3.3720235399811562,per_group
32337506,0.798626841411949,0.0,0.0,0.0,0.0,0.0,0.0,0.0011837372498063239,0.3196874840147409,per_group
32368103,0.8359924324351153,0.0,0.0,1.0,1.0,0.0,0.0,0.0027181633030719183,4.33494060563466,per_group
32386974,0.8637820982984538,0.0,0.0,0.0,0.0,0.0,0.0,0.004252652471211659,0.34636336981362387,per_group
3244801,0.9133194873634646,0.0,0.0,0.2857142857142857,0.2857142857142857,0.0,0.0,0.019258950650819184,1.5120367279326925,per_group
3249,0.807462239600641,0.0,0.0,1.0,1.0,0.0,0.0,0.0033111764997580976,4.323647131140207,per_group
32522601,0.8894426173866813,0.0,0.0,0.0,0.0,0.0,0.0,0.0006414939931410548,0.35590534575330074,per_group
32526324,0.8494006008184993,0.0,0.0,0.0,0.0,0.0,0.0,0.0020067192294957207,0.3401615841732989,per_group
32531520,0.7282452312024608,0.0,0.0,0.0,0.0,0.0,0.0,0.006725825649323958,0.2926432576108491,per_group
32534283,0.8602287382869306,0.0,0.0,1.0,1.0,0.05263157894736842,0.0,0.01455312236428259,4.389107382945523,per_group
32535748,0.917617411328074,0.0,0.0,0.5,0.5,0.05263157894736842,0.0,0.021166443663957653,2.4133855164219162,per_group
32556315,0.9988552048757291,0.0,0.0,0.0,0.0,0.0,0.0,0.06942799385392612,0.4134276807210769,per_group
32562445,0.99500986323929,0.0,0.0,0.0,0.0,0.0,0.0,0.02071857308410475,0.402147659912537,per_group
32585384,0.7657381562453809,0.0,0.0,0.25,0.25,0.0,0.0,0.006737530047512801,1.3076427685076548,per_group
32608004,0.8495716158728215,0.0,0.0,0.0,0.0,0.0,0.0,0.00454374541464366,0.34073739543205733,per_group
32617892,0.8802875667177134,0.0,0.0,1.0,1.0,0.0,0.0,0.0009301380666723355,4.35230105430042,per_group
32618486,0.9581112681634016,0.0,0.0,0.0,0.0,0.0,0.0,0.0018682554386380134,0.38361815835308827,per_group
32625798,0.948052443472139,0.0,0.0,0.3333333333333333,0.3333333333333333,0.0,0.0,0.00747827104195383,1.7140499649305796,per_group
32627702,0.7518846331134474,0.0,0.0,0.3333333333333333,0.3333333333333333,0.36363636363636365,0.0,0.13543890725037572,1.9520840589378785,per_group
32637415,0.8892247903395549,0.0,0.0,0.6666666666666666,0.6666666666666666,0.05263157894736842,0.0,0.01900007598640394,3.068261861157664,per_group
3267891,0.9523813141404268,0.0,0.0,0.5,0.5,0.0,0.0,0.0046946330278758094,2.381891452261746,per_group
32686924,0.8721615045027732,0.0,0.0,0.6666666666666666,0.6666666666666666,0.10526315789473684,0.0,0.030914609337053676,3.105924716650976,per_group
32687809,0.7357394844949127,0.0,0.0,0.6666666666666666,0.6666666666666666,0.0,0.0,0.005689604826443123,2.96210038142992,per_group
32691467,0.7270452021973828,0.0,0.0,0.4444444444444444,0.4444444444444444,0.21052631578947367,0.0,0.0675675028678183,2.2505304118618734,per_group
32695795,0.7415043011409749,0.0,0.0,0.2,0.2,0.1,0.0,0.04720555812557414,1.1860428320815048,per_group
32706038,0.9479927896272783,0.0,0.0,0.6666666666666666,0.6666666666666666,0.05263157894736842,0.0,0.021022945134196,3.092173634702312,per_group
32708920,0.8857490588181606,0.0,0.0,0.3333333333333333,0.3333333333333333,0.045454545454545456,0.0,0.016263338607406957,1.7272492609457153,per_group
32799467,0.7632961612568105,0.0,0.0,0.3333333333333333,0.3333333333333333,0.0,0.0,0.012625031857024217,1.6411768042074624,per_group
32816905,0.8232883986929493,0.0,0.0,0.0,0.0,0.05263157894736842,0.0,0.021669883820087662,0.37575459939909206,per_group
32817140,0.9468689232187752,0.0,0.0,0.0,0.0,0.0,0.0,0.0019400412324017085,0.37913557753399046,per_group
32822106,0.8392341544378976,0.0,0.0,0.0,0.0,0.0,0.0,0.013801686159847783,0.33845399900712864,per_group
32830235,0.797817507270562,0.0,0.0,0.0,0.0,0.0,0.0,0.0036994755733086413,0.31986689802288654,per_group
32860953,0.8502174140001311,0.0,0.0,0.5,0.5,0.05263157894736842,0.0,0.031622825428687724,2.388516793843685,per_group
32909193,0.978366519138065,0.0,0.0,1.0,1.0,0.0,0.0,0.005064333645683758,4.392359474384363,per_group
32919651,0.8847561147868138,0.0,0.0,0.0,0.0,0.0,0.0,0.000923758227074396,0.3540871975601404,per_group
3293021,0.9985367353374011,0.0,0.0,0.0,0.0,0.0,0.0,0.06942799385392612,0.41330029290574566,per_group
32949746,0.8417933800227152,0.0,0.0,0.125,0.125,0.15789473684210525,0.0,0.060135438904344356,0.9750602292636391,per_group
32971573,0.9539978682695565,0.0,0.0,0.0,0.0,0.0,0.0,0.005384175591803297,0.3826759824261833,per_group
33052420,0.8626811835744366,0.0,0.0,1.0,1.0,0.0,0.0,0.0013732824265527222,4.345347129915085,per_group
33069453,0.9037403346061627,0.0,0.0,0.0,0.0,0.045454545454545456,0.0,0.01436973292910381,0.4007337167919222,per_group
33095128,0.8943316404979015,0.0,0.0,1.0,1.0,0.0,0.0,0.0004941763549801056,4.357831491470156,per_group
3317821,0.8905145423308408,0.0,0.0,1.0,1.0,0.0,0.0,0.00044108323133766234,4.356294033578604,per_group
3320411,0.8131915923757168,0.0,0.0,0.0,0.0,0.0,0.0,0.009729234877727207,0.3272224839258322,per_group
33217626,0.8232201694485354,0.0,0.0,0.0,0.0,0.0,0.0,0.0027922991799211767,0.3298465276153984,per_group
33234192,0.8319620796341689,0.0,0.0,0.0,0.0,0.0,0.0,0.0006324422429891868,0.33291132030226545,per_group
33279644,0.9424598041531722,0.0,0.0,1.0,1.0,0.0,0.0,0.002320415064184858,4.377448004674106,per_group
3328331,0.8342810750467635,0.0,0.0,0.0,0.0,0.0,0.0,0.0014511598854041678,0.33400266199578627,per_group
33325960,0.8630184236221814,0.0,0.0,0.0,0.0,0.0,0.0,0.0005024573158693331,0.34530786091204646,per_group
33334440,0.781801762735508,0.0,0.0,0.3333333333333333,0.3333333333333333,0.045454545454545456,0.0,0.01561072907066147,1.6855398206053054,per_group
33345091,0.8753494062974595,0.0,0.0,0.8181818181818182,0.8181818181818182,0.045454545454545456,0.0,0.034357685109091325,3.6661022086317114,per_group
33347300,0.8938123316387301,0.0,0.0,1.0,1.0,0.0,0.0,0.00042028283661521353,4.357608989222816,per_group
33354383,0.7210829963034163,0.0,0.0,0.5714285714285714,0.5714285714285714,0.10526315789473684,0.0,0.04543430358726513,2.6674448712688945,per_group
33361493,0.9276579973598308,0.0,0.0,0.0,0.0,0.0,0.0,0.0013325753053076072,0.37132971400499387,per_group
33390923,0.7888500530280951,0.0,0.0,0.0,0.0,0.0,0.0,0.017355738012724546,0.31901116881378294,per_group
3339171,0.6787195366367416,0.0,0.0,0.16666666666666666,0.16666666666666666,0.21052631578947367,0.0,0.09988671737142109,1.1265528774272264,per_group
33396349,0.7411186142127125,0.0,0.0,0.0,0.0,0.0,0.0,0.00866650685987901,0.2981807470570608,per_group
33432232,0.8079149595049065,0.0,0.0,0.0,0.0,0.05263157894736842,0.0,0.024816064952642474,0.3702344599503859,per_group
33433404,0.9977872749501547,0.0,0.0,0.0,0.0,0.0,0.0,0.06942799385392612,0.41300050875084715,per_group
33435237,0.8814818929546047,0.0,0.0,0.0,0.0,0.0,0.0,0.0009634704027596101,0.35278545126239386,per_group
33437822,0.7524329381498008,0.0,0.0,0.75,0.75,0.13636363636363635,0.0,0.051604941573397865,3.4203850726655087,per_group
33442941,0.9787422258017141,0.0,0.0,0.0,0.0,0.0,0.0,0.0041345891284358055,0.39232380814637285,per_group
33564977,0.7662245794646156,0.0,0.0,0.0,0.0,0.0,0.0,0.0048736089182176276,0.3074645535694898,per_group
33568241,0.8651829208112193,0.0,0.0,0.5,0.5,0.045454545454545456,0.0,0.014202358758584145,2.3852772764398407,per_group
33625173,0.8201658144017011,0.0,0.0,0.0,0.0,0.0,0.0,0.0009747186687795933,0.32826126949443635,per_group
33628154,0.9763849856703288,0.0,0.0,0.0,0.0,0.0,0.0,0.004981284432906519,0.3915502511547128,per_group
33635180,0.945795944789589,0.0,0.0,1.0,1.0,0.0,0.0,0.0030189976067422643,4.378922177437184,per_group
33639082,0.861790888822401,0.0,0.0,0.0,0.0,0.15789473684210525,0.0,0.04786876433060254,0.4806058978687651,per_group
33640997,0.8375666344240709,0.0,0.0,0.0,0.0,0.0,0.0,0.007990401254381706,0.3366247340205047,per_group
33657483,0.9659002933789519,0.0,0.0,0.0,0.0,0.0,0.0,0.00312582801008889,0.3869852829535985,per_group
33672294,0.8029635628978276,0.0,0.0,0.8,0.8,0.10526315789473684,0.0,0.03324007538910067,3.6120439665527404,per_group
33700884,0.910157689104388,0.0,0.0,0.6666666666666666,0.6666666666666666,0.05263157894736842,0.0,0.020040876317642734,3.076843180729845,per_group
33730406,0.932904892546759,0.0,0.0,1.0,1.0,0.05263157894736842,0.0,0.016180870407866182,4.418503394258172,per_group
33790384,0.9641181103293739,0.0,0.0,0.0,0.0,0.0,0.0,0.011710158876914512,0.38798927590713245,per_group
3381061,0.9903966470267168,0.0,0.0,0.0,0.0,0.0,0.0,0.007023503913844613,0.3975633595934557,per_group
33839778,0.9988181459126076,0.0,0.0,0.0,0.0,0.0,0.0,0.06942799385392612,0.4134128571358283,per_group
33841004,0.9117120716366951,0.0,0.0,1.0,1.0,0.05263157894736842,0.0,0.015483832211193897,4.409886858254811,per_group
33881792,0.8250588914926903,0.0,0.0,0.3333333333333333,0.3333333333333333,0.05263157894736842,0.0,0.018206269602412305,1.7091034070087865,per_group
3388571,0.9325726106871609,0.0,0.0,0.0,0.0,0.05263157894736842,0.0,0.02982176482837696,0.4210986603984345,per_group
33980514,0.7309352380046478,0.0,0.0,0.0,0.0,0.0,0.0,0.006316172103720895,0.2936373296226033,per_group
34007815,0.7889032731985636,0.0,0.0,0.0,0.0,0.0,0.0,0.0010980922644256426,0.3157809277323106,per_group
3401411,0.9677803371204586,0.0,0.0,0.0,0.0,0.0,0.0,0.0029896494889231177,0.3877100647459681,per_group
34026749,0.9065509774785288,0.0,0.0,0.5,0.5,0.045454545454545456,0.0,0.014383188213714886,2.4018606649977907,per_group
34105120,0.8342706553838772,0.0,0.0,0.0,0.0,0.0,0.0,0.0005740786457443216,0.33382307788269977,per_group
34110614,0.6863979612952188,0.0,0.0,0.0,0.0,0.0,0.0,0.004727789918437029,0.2755047425017749,per_group
34113994,0.7925043800829215,0.0,0.0,0.25,0.25,0.10526315789473684,0.0,0.03309631663294895,1.4078315416755478,per_group
34120641,0.9987335796396591,0.0,0.0,0.0,0.0,0.0,0.0,0.04619146214519652,0.40873172428490295,per_group
34133492,0.9982019282393567,0.0,0.0,0.0,0.0,0.0,0.0,0.05255179405430459,0.4097911301066036,per_group
34172957,0.8239594045854471,0.0,0.0,0.0,0.0,0.0,0.0,0.0027490168981085866,0.3301335652138006,per_group
34180355,0.9600117517819409,0.0,0.0,0.0,0.0,0.0,0.0,0.01405912180304672,0.3868165250733857,per_group
34186888,0.7532286931747196,0.0,0.0,0.0,0.0,0.0,0.0,0.00577693289511101,0.30244686384891006,per_group
34189206,0.8781851830082053,0.0,0.0,0.75,0.75,0.10526315789473684,0.0,0.03342966793520604,3.4421705331061125,per_group
34204200,0.8236150967690921,0.0,0.0,0.0,0.0,0.0,0.0,0.0007814225626769815,0.32960232322017224,per_group
34214379,0.8165353862800202,0.0,0.0,0.0,0.0,0.05263157894736842,0.0,0.025271353708134593,0.37377368841152975,per_group
34224479,0.8707837038104248,0.0,0.0,0.0,0.0,0.0,0.0,0.002231787994102447,0.34875983912299047,per_group
34231202,0.9069847912696756,0.0,0.0,0.3333333333333333,0.3333333333333333,0.05263157894736842,0.0,0.018946041169814857,1.742021721233061,per_group
34231651,0.8509710632873326,0.0,0.0,0.0,0.0,0.0,0.0,0.005953615002963982,0.3415791483155259,per_group
34235402,0.7117949046429763,0.0,0.0,0.5,0.5,0.0,0.0,0.0035409734800497324,2.2854261565532004,per_group
34258868,0.8536793257468442,0.0,0.0,0.0,0.0,0.0,0.0,0.0003817341448238127,0.34154807712770247,per_group
34268574,0.8630184236221814,0.0,0.0,0.0,0.0,0.0,0.0,0.0005024573158693331,0.34530786091204646,per_group
34287054,0.7744566910706616,0.0,0.0,0.5,0.5,0.0,0.0,0.004216051973780356,2.3106258868230207,per_group
34313086,0.8038249783558276,0.0,0.0,0.0,0.0,0.0,0.0,0.0038262261810222834,0.32229523657853554,per_group
34333379,0.6556265324225741,0.0,0.0,0.3333333333333333,0.3333333333333333,0.045454545454545456,0.0,0.03146286788524584,1.6382401562430484,per_group
34339684,0.9990930431361466,0.0,0.0,0.0,0.0,0.0,0.0,0.06942799385392612,0.4135228160252439,per_group
34343360,0.9451806195018219,0.0,0.0,1.0,1.0,0.0,0.0,0.00216058056492387,4.378504363913714,per_group
34382438,0.7538965826722237,0.0,0.0,1.0,1.0,0.0,0.0,0.004193866950986373,4.302397406459087,per_group
34387155,0.8379291978977506,0.0,0.0,0.0,0.0,0.0,0.0,0.007364689872373269,0.3366446171335749,per_group
34396078,0.8339963242347049,0.0,0.0,0.6666666666666666,0.6666666666666666,0.045454545454545456,0.0,0.01565149541525242,3.039759131807235,per_group
34411762,0.8812907269861687,0.0,0.0,0.0,0.0,0.0,0.0,0.0008901636765369019,0.35269432352977487,per_group
34423857,0.9356185332492877,0.0,0.0,0.5,0.5,0.0,0.0,0.004897503234828005,2.3752269139466806,per_group
34445020,0.8459522363333203,0.0,0.0,0.0,0.0,0.05263157894736842,0.0,0.01885247573763917,0.3842566528387507,per_group
34522733,0.8147227218919905,0.0,0.0,0.3333333333333333,0.3333333333333333,0.05263157894736842,0.0,0.01724161157872788,1.7047760075637697,per_group
345863,0.8621648578324538,0.0,0.0,0.0,0.0,0.0,0.0,0.001554140223841677,0.34517677117774986,per_group
34635715,0.9363375170517868,0.0,0.0,1.0,1.0,0.0,0.0,0.0011191289302761717,4.37475883260677,per_group
34647944,0.8258413350848339,0.0,0.0,0.6666666666666666,0.6666666666666666,0.05263157894736842,0.0,0.018490966130462604,3.0428066570845873,per_group
34655157,0.9146739245539577,0.0,0.0,1.0,1.0,0.0,0.0,0.0005649451127800576,4.365982558844139,per_group
34686356,0.8803300782623769,0.0,0.0,0.14285714285714285,0.14285714285714285,0.10526315789473684,0.0,0.043320978335971365,1.0164353247165059,per_group
34689856,0.825819008648788,0.0,0.0,1.0,1.0,0.0,0.0,0.00043879043507133594,4.330415361546529,per_group
34691316,0.8909674377292927,0.0,0.0,0.0,0.0,0.0,0.0,0.0008323265570061379,0.3565534404031183,per_group
34701514,0.8059616041711831,0.0,0.0,0.5,0.5,0.0,0.0,0.004930150773327454,2.323370671823139,per_group
34704651,0.9309157823013204,0.0,0.0,1.0,1.0,0.0,0.0,0.006048425010738786,4.373575997922676,per_group
34747138,0.8038309220092752,0.0,0.0,0.3333333333333333,0.3333333333333333,0.05,0.0,0.03891876348739542,1.7026494548345226,per_group
34782510,0.824803703239978,0.0,0.0,0.0,0.0,0.0,0.0,0.005860063385753191,0.3310934939731418,per_group
34808187,0.8621894196805301,0.0,0.0,0.0,0.0,0.0,0.0,0.004067908139063227,0.3456893495000247,per_group
34838841,0.8548395628582567,0.0,0.0,1.0,1.0,0.0,0.0,0.0004758596350961842,4.342030997070322,per_group
34876153,0.8495161349924609,0.0,0.0,0.0,0.0,0.05263157894736842,0.0,0.014274994996049626,0.3847667161540891,per_group
34879749,0.9450505734401127,0.0,0.0,1.0,1.0,0.0,0.0,0.0022532563666033366,4.378470880649365,per_group
34896810,0.9039591535885605,0.0,0.0,0.4,0.4,0.0,0.0,0.015390222305634024,1.964661705896551,per_group
34899924,0.8456311985308174,0.0,0.0,0.0,0.0,0.05263157894736842,0.0,0.024326199832553838,0.3852229825367325,per_group
34901579,0.8875259263479754,0.0,0.0,0.0,0.0,0.05263157894736842,0.0,0.01801431056666235,0.40071849581041746,per_group
34905250,0.9692685641422378,0.0,0.0,0.0,0.0,0.0,0.0,0.0045253828352485705,0.38861250222394483,per_group
34912487,0.7732941252580822,0.0,0.0,0.16666666666666666,0.16666666666666666,0.05263157894736842,0.0,0.024926690461755434,1.0230749180201453,per_group
34913414,0.8438598728379582,0.0,0.0,0.6666666666666666,0.6666666666666666,0.05263157894736842,0.0,0.017221740261549393,3.049760227012055,per_group
34963618,0.8527447176813588,0.0,0.0,0.0,0.0,0.0,0.0,0.004439841039801923,0.34198585528050396,per_group
34983,0.8630184236221814,0.0,0.0,0.0,0.0,0.0,0.0,0.0005024573158693331,0.34530786091204646,per_group
35026068,0.963941515741051,0.0,0.0,1.0,1.0,0.0,0.0,0.0037912330723457355,4.38633485291089,per_group
35052497,0.8144997829373225,0.0,0.0,0.3333333333333333,0.3333333333333333,0.045454545454545456,0.0,0.0146360269766185,1.6984240882672224,per_group
35057448,0.8920663581925186,0.0,0.0,0.25,0.25,0.10526315789473684,0.0,0.03373327886037787,1.4477837253648727,per_group
35085904,0.8757110230072616,0.0,0.0,0.0,0.0,0.0,0.0,0.000941986791888862,0.35047280656128244,per_group
35088967,0.7400088946185892,0.0,0.0,0.5,0.5,0.10526315789473684,0.0,0.03637858440814345,2.3874898010448535,per_group
35124651,0.8458203332599141,0.0,0.0,0.0,0.0,0.0,0.0,0.0005950690421368532,0.33844714711239304,per_group
35158404,0.9453779028278342,0.0,0.0,0.0,0.0,0.0,0.0,0.004174168088457065,0.3789859947488251,per_group
35169668,0.8498466745756384,0.0,0.0,0.5,0.5,0.0,0.0,0.003171669936091366,2.3405730038174735,per_group
35245735,0.8650942109202895,0.0,0.0,0.0,0.0,0.0,0.0,0.0012794975768940706,0.3462935838834946,per_group
35249934,0.8476517462420118,0.0,0.0,0.0,0.0,0.0,0.0,0.012524726854687375,0.34156564386774224,per_group
35253656,0.9456231847022621,0.0,0.0,0.0,0.0,0.0,0.0,0.001963491174502743,0.37864197211580547,per_group
35264507,0.8902410559262572,0.0,0.0,0.2,0.2,0.0,0.0,0.015279565814562612,1.1591523355334155,per_group
35274390,1.0,0.0,0.0,0.0,0.0,0.0,0.0,0.09717575755846794,0.41943515151169364,per_group
35288445,0.9422408510005545,0.0,0.0,1.0,1.0,0.0,0.0,0.0014816797382348347,4.377192676347869,per_group
35295810,0.7342807826842812,0.0,0.0,0.0,0.0,0.0,0.0,0.0010085212141507955,0.29391401731654265,per_group
35300628,0.8318286977505325,0.0,0.0,0.0,0.0,0.0,0.0,3.433167400587506e-05,0.3327383454350142,per_group
3530201,0.7187226451978324,0.0,0.0,0.2,0.2,0.10526315789473684,0.0,0.049488686491576256,1.1815973216932378,per_group
35324281,0.8536793257468442,0.0,0.0,0.0,0.0,0.0,0.0,0.0003817341448238127,0.34154807712770247,per_group
35329667,0.9532933194721648,0.0,0.0,0.5,0.5,0.045454545454545456,0.0,0.022872444379847506,2.4222554530284715,per_group
35380950,0.7383074639563804,0.0,0.0,0.0,0.0,0.0,0.0,0.008300351566524693,0.2969830558958571,per_group
35395620,0.8656140212151135,0.0,0.0,0.0,0.0,0.0,0.0,0.0012546073355543864,0.34649652995315633,per_group
35444343,0.9422408510005545,0.0,0.0,1.0,1.0,0.0,0.0,0.0014816797382348347,4.377192676347869,per_group
35478531,0.9976523420155585,0.0,0.0,0.0,0.0,0.0,0.0,0.040554641358940706,0.4071718650780116,per_group
35497674,0.8943316404979015,0.0,0.0,1.0,1.0,0.0,0.0,0.0004941763549801056,4.357831491470156,per_group
35501247,0.900599475671685,0.0,0.0,1.0,1.0,0.05263157894736842,0.0,0.01631870880470417,4.40560879518751,per_group
35502816,0.7923260049730858,0.0,0.0,0.0,0.0,0.05263157894736842,0.0,0.025636935629139993,0.3641630522729571,per_group
35522610,0.7951073580531705,0.0,0.0,0.0,0.0,0.0,0.0,0.01596149557048432,0.32123524233536505,per_group
35541830,0.820226472712681,0.0,0.0,1.0,1.0,0.0,0.0,0.002801075704480532,4.328650804225969,per_group
35612957,0.8092415372704882,0.0,0.0,0.0,0.0,0.0,0.0,0.002723826374746836,0.32424138018314463,per_group
35676636,0.9391987428821209,0.0,0.0,1.0,1.0,0.0,0.0,0.001657760627981386,4.3760110492784445,per_group
35702577,0.8167437455421096,0.0,0.0,0.0,0.0,0.0,0.0,0.0008612198195250435,0.3268697421807489,per_group
35744304,0.8812076416481779,0.0,0.0,0.0,0.0,0.0,0.0,0.0009173646834806456,0.3526665295959673,per_group
35748261,0.8562923664257861,0.0,0.0,0.0,0.0,0.0,0.0,0.0044857695522551545,0.3434141004807655,per_group
35763630,0.9354510553078765,0.0,0.0,0.0,0.0,0.0,0.0,0.01226750497065456,0.3766339231172815,per_group
35782573,0.935961406316573,0.0,0.0,0.0,0.0,0.05263157894736842,0.0,0.016204650238517512,0.41973075573222746,per_group
35843799,0.8305736638040186,0.0,0.0,0.0,0.0,0.0,0.0,0.0006535147033787779,0.3323601684622832,per_group
3588561,0.6414292799462217,0.0,0.0,0.06666666666666667,0.06666666666666667,0.21052631578947367,0.0,0.08716104012711162,0.7090916393021566,per_group
35931640,0.7989735794701909,0.0,0.0,1.0,1.0,0.0,0.0,0.0006244953321750407,4.319714330854511,per_group
35934508,0.8797111111919452,0.0,0.0,0.16666666666666666,0.16666666666666666,0.05263157894736842,0.0,0.03116240808356757,1.0668888559180527,per_group
3595081,0.874729441469694,0.0,0.0,0.0,0.0,0.0,0.0,0.00456976138512583,0.3508057288649028,per_group
35954073,0.7927837957973684,0.0,0.0,1.0,1.0,0.0,0.0,0.000861058725168769,4.317285730063982,per_group
35967493,0.631766359950093,0.0,0.0,0.038461538461538464,0.038461538461538464,0.10526315789473684,0.0,0.10805125338772756,0.512373474819526,per_group
36016773,0.8500295697812279,0.0,0.0,0.2,0.2,0.13636363636363635,0.0,0.057350595325587075,1.2605728560685179,per_group
3602921,0.9987059201616326,0.0,0.0,0.0,0.0,0.0,0.0,0.060846206706196705,0.41165160940589246,per_group
36038057,0.9151568495821205,0.0,0.0,1.0,1.0,0.0,0.0,0.008639202058037986,4.367790580244456,per_group
36057656,0.9976284512675514,0.0,0.0,0.0,0.0,0.0,0.0,0.046037723220198126,0.4082589251510602,per_group
36058055,0.8494025215720168,0.0,0.0,0.0,0.0,0.05263157894736842,0.0,0.01797043103451097,0.38546035799360373,per_group
36063,0.8681651558382119,0.0,0.0,0.5,0.5,0.0,0.0,0.0031888510297446945,2.347903832541234,per_group
36071096,0.7732155613398755,0.0,0.0,0.4,0.4,0.10526315789473684,0.0,0.03491711349867035,2.000480173551474,per_group
36074855,0.9480919888974327,0.0,0.0,1.0,1.0,0.0,0.0,0.0016051189331818133,4.379557819345609,per_group
36083872,0.821091243645068,0.0,0.0,0.0,0.0,0.0,0.0,0.00012151673068405813,0.328460800804164,per_group
36110176,0.8589551257245363,0.0,0.0,0.0,0.0,0.0,0.0,0.007076666073468236,0.3449973835045082,per_group
36111345,0.9574674290347017,0.0,0.0,0.5,0.5,0.0,0.0,0.006117446903927455,2.3842104609946664,per_group
36123207,0.7945473819126687,0.0,0.0,0.2,0.2,0.05263157894736842,0.0,0.021803455734914077,1.164284907069945,per_group
36150796,0.820865937557697,0.0,0.0,0.0,0.0,0.0,0.0,0.008144121579757078,0.32997519933903025,per_group
36227854,0.830699073710667,0.0,0.0,0.0,0.0,0.0,0.0,0.005273888063525082,0.3333344070969718,per_group
36385793,0.9491803889774041,0.0,0.0,0.0,0.0,0.0,0.0,0.005474603358729816,0.3807670762627076,per_group
36419174,0.8757110230072616,0.0,0.0,0.0,0.0,0.0,0.0,0.000941986791888862,0.35047280656128244,per_group
36444947,0.789256249902475,0.0,0.0,0.625,0.625,0.10526315789473684,0.0,0.04622309587752897,2.909157645452285,per_group
36485675,0.8630184236221814,0.0,0.0,0.0,0.0,0.0,0.0,0.0005024573158693331,0.34530786091204646,per_group
36495774,0.5637060738543666,0.0,0.0,0.05263157894736842,0.05263157894736842,0.0,0.0,0.058565132730931224,0.4477217718774065,per_group
36515633,0.9987212939349845,0.0,0.0,0.0,0.0,0.0,0.0,0.04619146214519652,0.4087268100030331,per_group
36560198,0.9384968222067935,0.0,0.0,1.0,1.0,0.0,0.0,0.0015944250789376167,4.375717613898505,per_group
36572402,0.8630808013981183,1.0,1.0,0.0,0.0,0.0,0.0,0.0005024573158693331,4.845332812022422,per_group
3669361,0.9985731606005928,0.0,0.0,0.0,0.0,0.0,0.0,0.06942799385392612,0.4133148630110223,per_group
36722512,0.8246361727384972,0.0,0.0,0.5,0.5,0.05263157894736842,0.0,0.014623314582914573,2.374884395169877,per_group
36727137,0.9320558430018909,0.0,0.0,1.0,1.0,0.0,0.0,0.010281757549158076,4.374878688710588,per_group
36730608,0.8129551162269557,0.0,0.0,0.5,0.5,0.0,0.0,0.002192012609066958,2.325620449012596,per_group
36739717,0.8758657661074792,0.0,0.0,0.0,0.0,0.045454545454545456,0.0,0.013466199778694128,0.3894031827623669,per_group
3675691,0.8200680623412457,0.0,0.0,1.0,1.0,0.045454545454545456,0.0,0.012696009058651316,4.366930063111865,per_group
36777560,0.9403461721371144,0.0,0.0,1.0,1.0,0.0,0.0,0.0023113278020357357,4.376600734415253,per_group
36787860,0.8808213407327282,0.0,0.0,0.0,0.0,0.0,0.0,0.0012252026950930301,0.3525735768321099,per_group
36829136,0.8598512677262178,0.0,0.0,0.0,0.0,0.0,0.0,0.0014051908235683298,0.34422154525520077,per_group
36874153,0.9986264731967006,0.0,0.0,0.0,0.0,0.0,0.0,0.06942799385392612,0.4133361880494655,per_group
36883116,0.9986264731967006,0.0,0.0,0.0,0.0,0.0,0.0,0.06942799385392612,0.4133361880494655,per_group
36895550,0.8002849276363762,0.0,0.0,0.3333333333333333,0.3333333333333333,0.0,0.0,0.005550386089691674,1.654557381605822,per_group
36913973,0.7112414292323523,0.0,0.0,0.125,0.125,0.10526315789473684,0.0,0.047152900764393726,0.8781376781616093,per_group
36963624,0.9981135693281024,0.0,0.0,0.0,0.0,0.0,0.0,0.05255179405430459,0.4097557865421019,per_group
37018152,0.6803233488259386,0.0,0.0,0.4444444444444444,0.4444444444444444,0.05263157894736842,0.0,0.032730388771856946,2.0985584582204195,per_group
37042891,0.77331987695347,0.0,0.0,0.0,0.0,0.0,0.0,0.0017595745991072509,0.3096798657012095,per_group
37046242,0.8660130025154392,0.0,0.0,0.0,0.0,0.0,0.0,0.0012910676509908306,0.3466634145363739,per_group
37084108,0.8645106928008356,0.0,0.0,0.0,0.0,0.0,0.0,0.003999716677710937,0.3466042204558764,per_group
37092101,0.8806308801616723,0.0,0.0,0.5,0.5,0.05263157894736842,0.0,0.021617300130485143,2.398681075248661,per_group
37092235,0.778319853326502,0.0,0.0,0.0,0.0,0.0,0.0,0.0041016604530958525,0.31214827342122,per_group
37135242,0.8458235118520181,0.0,0.0,0.0,0.0,0.0,0.0,0.0025602200062282863,0.3388414487420529,per_group
37183,0.8715575635041057,0.0,0.0,0.0,0.0,0.0,0.0,0.004631398790008749,0.34954930515964405,per_group
37188254,0.9601294616767009,0.0,0.0,0.0,0.0,0.0,0.0,0.0022341708585728497,0.38449861884239495,per_group
3719851,0.9867570419158391,0.0,0.0,0.5,0.5,0.0,0.0,0.012955012453605103,2.3972938192570568,per_group
37249985,0.8826760157622145,0.0,0.0,0.0,0.0,0.0,0.0,0.0003585673241498968,0.3531421197697158,per_group
37278980,0.8486347980909001,0.0,0.0,0.0,0.0,0.0,0.0,0.004695134105467261,0.3403929460574535,per_group
37289924,0.8639999083477614,0.0,0.0,1.0,1.0,0.0,0.0,0.0040594845519581904,4.346411860249496,per_group
37305693,0.9656820371369024,0.0,0.0,0.0,0.0,0.0,0.0,0.008960271426941509,0.38806486914014926,per_group
37313477,0.8828750446366205,0.0,0.0,0.2,0.2,0.09090909090909091,0.0,0.03248975851297823,1.2323752422845167,per_group
37320521,0.8097526446821185,0.0,0.0,0.0,0.0,0.0,0.0,0.005241219633751043,0.3249493017995976,per_group
37343638,0.8289907249362318,0.0,0.0,0.75,0.75,0.21052631578947367,0.0,0.07106845865780624,3.514231034337633,per_group
37371543,0.811979171960779,0.0,0.0,0.0,0.0,0.0,0.0,0.0008618315882303794,0.32496403510195765,per_group
37398382,0.5825474420169557,0.0,0.0,0.0,0.0,0.2631578947368421,0.0,0.12288888760399554,0.46812307011705506,per_group
37458941,0.9992762743103228,0.0,0.0,0.0,0.0,0.0,0.0,0.06942799385392612,0.41359610849491435,per_group
37485330,0.9518302851768244,0.0,0.0,0.0,0.0,0.0,0.0,0.002365906435366145,0.38120529535780306,per_group
37526886,0.8306571910852968,0.0,0.0,0.3333333333333333,0.3333333333333333,0.10526315789473684,0.0,0.04767292602830388,1.7593413212889022,per_group
37527239,0.7264031013005733,0.0,0.0,0.5,0.5,0.18181818181818182,0.0,0.063412950786615,2.4486983761320977,per_group
37529061,0.8161564709047147,0.0,0.0,0.875,0.875,0.21052631578947367,0.0,0.07112926255555635,4.009109493504576,per_group
37531004,0.929716985638101,0.0,0.0,1.0,1.0,0.0,0.0,0.005583074936123796,4.373003409242465,per_group
37539567,0.9956457059566374,0.0,0.0,0.0,0.0,0.0,0.0,0.016421893612580913,0.4015426611051712,per_group
37568391,0.7979530988706344,0.0,0.0,0.0,0.0,0.05263157894736842,0.0,0.02467545053084124,0.3662215928123168,per_group
37584291,0.9377402450453143,0.0,0.0,0.5,0.5,0.0,0.0,0.004613633546478215,2.376018824727421,per_group
37609530,0.8943316404979015,0.0,0.0,1.0,1.0,0.0,0.0,0.0004941763549801056,4.357831491470156,per_group
37623393,0.7579043511662322,0.0,0.0,0.0,0.0,0.0,0.0,0.004933066377766343,0.3041483537420462,per_group
376793,0.9422510199456144,0.0,0.0,1.0,1.0,0.0,0.0,0.0015540991052583732,4.377211227799298,per_group
37750797,0.9193046056125481,0.0,0.0,0.0,0.0,0.045454545454545456,0.0,0.019732833324501008,0.4080320452735558,per_group
37751124,0.8834046267178718,0.0,0.0,0.0,0.0,0.0,0.0,0.001364437705063777,0.3536347382281615,per_group
37776721,0.8309872611389251,0.0,0.0,0.5,0.5,0.0,0.0,0.006326416646479574,2.333660187784866,per_group
37781630,0.7604849940026596,0.0,0.0,0.0,0.0,0.0,0.0,0.005209504583200357,0.30523589851770394,per_group
37809748,0.786259602450256,0.0,0.0,0.6,0.6,0.0,0.0,0.012109821826198882,2.716925805345342,per_group
37836873,0.6649720068022551,0.0,0.0,0.0,0.0,0.0,0.0,0.020161621437383464,0.2700211270083787,per_group
37891331,0.9985136661102827,0.0,0.0,0.0,0.0,0.0,0.0,0.04619146214519652,0.4086437588731524,per_group
37974834,0.9441317988427818,0.0,0.0,0.5,0.5,0.0,0.0,0.0062363820980400565,2.3788999959567207,per_group
37975185,0.785682254539004,0.0,0.0,0.0,0.0,0.0,0.0,0.010359237688023588,0.31634474935320633,per_group
37976910,0.7149063289304337,0.0,0.0,0.0,0.0,0.0,0.0,0.004357072461068635,0.2868339460643872,per_group
37977353,0.9101291667645458,0.0,0.0,0.25,0.25,0.05263157894736842,0.0,0.022767196066320286,1.410710369076977,per_group
37987830,0.8484881788858785,0.0,0.0,0.0,0.0,0.0,0.0,0.005989605019609865,0.34059319255827336,per_group
37989080,0.9928314557231128,0.0,0.0,0.0,0.0,0.0,0.0,0.016079365100418415,0.40034845530932883,per_group
38011323,0.8847561147868138,0.0,0.0,0.0,0.0,0.0,0.0,0.000923758227074396,0.3540871975601404,per_group
38058345,0.959870644389688,1.0,1.0,1.0,1.0,0.0,0.0,0.002821114951647424,8.884512480746205,per_group
38093134,0.9398096019930147,0.0,0.0,0.0,0.0,0.0,0.0,0.0012310722329262065,0.3761700552437911,per_group
38148115,0.9181473013294096,0.0,0.0,1.0,1.0,0.0,0.0,0.005086207319972314,4.368276161995759,per_group
38153,0.8188526309172849,0.0,0.0,0.5,0.5,0.0,0.0,0.0035789043475777144,2.3282568332364297,per_group
38169367,0.9495182248742747,0.0,0.0,0.0,0.0,0.0,0.0,0.0018746295821288732,0.3801822158661357,per_group
38176734,0.8962069843425272,0.0,0.0,0.0,0.0,0.0,0.0,0.0009024120651417119,0.35866327615003923,per_group
38187809,0.8567838753524115,0.0,0.0,0.0,0.0,0.0,0.0,0.007493875177548359,0.34421232517647427,per_group
38189795,0.9948031665763459,0.0,0.0,0.0,0.0,0.0,0.0,0.021410246498936233,0.40220331593032566,per_group
38214789,0.7196012964440325,0.0,0.0,0.0,0.0,0.0,0.0,0.004257506034216948,0.2886920197844564,per_group
38240881,0.7116168204282115,0.0,0.0,0.0,0.0,0.0,0.0,0.0005988283215948126,0.2847664938356036,per_group
38262306,0.8757468629080705,0.0,0.0,1.0,1.0,0.05263157894736842,0.0,0.020823642511165075,4.396568736823356,per_group
38273189,0.9258676596067134,0.0,0.0,1.0,1.0,0.0,0.0,0.009838730686686644,4.372314809980023,per_group
38303576,0.8422176285805948,0.0,0.0,0.0,0.0,0.0,0.0,0.00878925558685158,0.3386449025496083,per_group
38305142,0.8510329863409948,0.0,0.0,0.0,0.0,0.0,0.0,0.001912503895782865,0.34079569531555454,per_group
38321339,0.7957767661507069,0.0,0.0,0.0,0.0,0.0,0.0,0.0004087271976784331,0.3183924518998185,per_group
38323395,0.9391912250652212,0.0,0.0,0.0,0.0,0.0,0.0,0.012112448223319746,0.37809897967075246,per_group
38359577,0.8977979291829397,0.0,0.0,1.0,1.0,0.05263157894736842,0.0,0.01619378067922487,4.404463190966916,per_group
38361368,0.9248457167485525,0.0,0.0,0.6666666666666666,0.6666666666666666,0.0,0.0,0.00853821439103491,3.0383125962442943,per_group
38370559,0.920479695860232,0.0,0.0,0.25,0.25,0.045454545454545456,0.0,0.01973083305216091,1.4085016813181614,per_group
38375324,0.9221365874002853,0.0,0.0,0.75,0.75,0.05263157894736842,0.0,0.020765619986841576,3.4151130221153774,per_group
38388466,0.7925628695771987,0.0,0.0,0.0,0.0,0.0,0.0,0.006308474328714744,0.31828684269662244,per_group
38420334,0.9986073283409833,0.0,0.0,0.0,0.0,0.0,0.0,0.06942799385392612,0.41332853010717857,per_group
3842491,0.9618597420570102,0.0,0.0,0.0,0.0,0.0,0.0,0.008137713986013855,0.38637143962000686,per_group
38473186,0.8869185092953762,0.0,0.0,1.0,1.0,0.0,0.0,0.0029795700925605365,4.355363317736662,per_group
38493206,0.9381642697281065,0.0,0.0,0.0,0.0,0.0,0.0,0.0014366777149909223,0.37555304343424084,per_group
38499508,0.9391987428821209,0.0,0.0,1.0,1.0,0.0,0.0,0.001657760627981386,4.3760110492784445,per_group
38512364,0.9985506214929463,0.0,0.0,0.0,0.0,0.0,0.0,0.06942799385392612,0.4133058473679637,per_group
38550644,0.7111148634740299,0.0,0.0,0.0,0.0,0.0,0.0,0.004399827156351005,0.28532591082088216,per_group
38555777,0.8759232407742044,0.0,0.0,1.0,1.0,0.0,0.0,0.000835412609353697,4.350536378831552,per_group
38559254,0.9746292427277977,0.0,0.0,0.0,0.0,0.0,0.0,0.04425145750388546,0.3987019885918962,per_group
38590384,0.7017259143203189,0.0,0.0,0.2,0.2,0.0,0.0,0.014331257959507718,1.0835566173200293,per_group
38593629,0.7738502768893679,0.0,0.0,0.0,0.0,0.0,0.0,0.00466506233691439,0.31047312322313003,per_group
38596210,0.9653565629037089,0.0,0.0,1.0,1.0,0.0,0.0,0.003725698149318742,4.386887764791347,per_group
38609291,0.9351270683838225,0.0,0.0,1.0,1.0,0.0,0.0,0.002109825400815022,4.374472792433692,per_group
38622261,0.7725942230737298,0.0,0.0,0.0,0.0,0.0,0.0,0.005223806570454669,0.31008245054358285,per_group
38631197,0.8560442832613062,0.0,0.0,0.0,0.0,0.05263157894736842,0.0,0.015398495377671136,0.3876026755379515,per_group
38631491,0.8318286977505325,0.0,0.0,0.0,0.0,0.0,0.0,3.433167400587506e-05,0.3327383454350142,per_group
38637098,0.9973507699026015,0.0,0.0,0.0,0.0,0.0,0.0,0.023376834830124597,0.40361567492706557,per_group
38640812,0.993661501706632,0.0,0.0,0.0,0.0,0.0,0.0,0.029981694321918086,0.40346093954703643,per_group
38677225,0.9006004785429905,0.0,0.0,0.75,0.75,0.05263157894736842,0.0,0.02152285772782381,3.406650026120656,per_group
38718043,0.8784740099441999,0.0,0.0,0.0,0.0,0.0,0.0,0.0016948413394594526,0.35172857224557186,per_group
38813185,0.9655620197882486,0.0,0.0,1.0,1.0,0.0,0.0,0.00267713535983074,4.386760234987266,per_group
38843284,0.8206684059061436,0.0,0.0,1.0,1.0,0.10526315789473684,0.0,0.03418197219290852,4.4193142831168295,per_group
38868445,0.7816842825827532,0.0,0.0,0.0,0.0,0.0,0.0,0.0013724982140973351,0.31294821267592077,per_group
38886250,0.9938285987637351,0.0,0.0,0.0,0.0,0.0,0.0,0.01208731987689945,0.399948903480874,per_group
38911062,0.8658108219604611,0.0,0.0,0.0,0.0,0.0,0.0,0.0023098709335728136,0.346786302970899,per_group
38929280,0.8630184236221814,0.0,0.0,0.0,0.0,0.0,0.0,0.0005024573158693331,0.34530786091204646,per_group
38935771,0.8245327993858562,0.0,0.0,0.0,0.0,0.05,0.0,0.025468606840117067,0.37490684112236594,per_group
3898371,0.8798406175729093,0.0,0.0,1.0,1.0,0.0,0.0,0.0011211852948353552,4.352160484088131,per_group
38987613,0.8645184098105426,0.0,0.0,0.75,0.75,0.05263157894736842,0.0,0.02405675842292677,3.3927239787666976,per_group
38988224,0.6303504024180228,0.0,0.0,0.3,0.3,0.18181818181818182,0.0,0.06669436644458067,1.6109335797106707,per_group
39001941,0.8154800869660452,0.0,0.0,1.0,1.0,0.045454545454545456,0.0,0.014962435996686315,4.365548158349392,per_group
39041028,0.8067010092862823,0.0,0.0,0.0,0.0,0.0,0.0,0.00016308465658501859,0.32271302064582996,per_group
39068896,0.7455127033368316,0.0,0.0,0.125,0.125,0.10526315789473684,0.0,0.04977458666983299,0.8923705249844888,per_group
39080527,0.9432966968418356,0.0,0.0,1.0,1.0,0.045454545454545456,0.0,0.019005671206078805,4.417483449341586,per_group
39085764,0.8809308831634871,0.0,0.0,0.0,0.0,0.05263157894736842,0.0,0.02104644297350019,0.39868690501798965,per_group
39132413,0.878952311565666,0.0,0.0,0.5,0.5,0.05263157894736842,0.0,0.01448788350147106,2.3965837644844554,per_group
39161886,0.9981745787490075,0.0,0.0,0.0,0.0,0.0,0.0,0.06942799385392612,0.41315543027038826,per_group
39179439,0.9989455530629576,0.0,0.0,0.0,0.0,0.0,0.0,0.06942799385392612,0.41346381999596826,per_group
39271180,0.7709033820525947,0.0,0.0,0.0,0.0,0.0,0.0,0.019703385481923998,0.3123020299174227,per_group
39282185,0.8942721056377719,0.0,0.0,1.0,1.0,0.0,0.0,0.0005243585914199049,4.357813713973393,per_group
39296317,0.908050885962008,0.0,0.0,0.5,0.5,0.0,0.0,0.00498527387840842,2.364217409160485,per_group
39296425,0.9075164232624451,0.0,0.0,0.0,0.0,0.045454545454545456,0.0,0.01414464046808913,0.40219913376223226,per_group
39299693,0.8427824519261867,0.0,0.0,0.5,0.5,0.045454545454545456,0.0,0.013016137639398156,2.376079844661991,per_group
39314178,0.7636940555930236,0.0,0.0,0.5,0.5,0.0,0.0,0.003911387778651521,2.30625989979294,per_group
39349202,0.9518302851768244,0.0,0.0,0.0,0.0,0.0,0.0,0.002365906435366145,0.38120529535780306,per_group
39354901,0.92813275493609,0.0,0.0,1.0,1.0,0.0,0.0,0.0022359779677642052,4.3717002975679895,per_group
3936591,0.9367605120205345,0.0,0.0,0.6666666666666666,0.6666666666666666,0.05263157894736842,0.0,0.020336064252421415,3.0875433474832596,per_group
39367703,0.8395001363055085,0.0,0.0,0.0,0.0,0.0,0.0,0.0003178681951650841,0.33586362816123644,per_group
39405858,0.7733757147880241,0.0,0.0,0.0,0.0,0.0,0.0,0.0016560280985098352,0.30968149153491165,per_group
39411131,0.9380698879935533,0.0,0.0,0.0,0.0,0.0,0.0,0.00098079381896431,0.3754241139612142,per_group
39469612,0.6613171327744028,0.0,0.0,0.7222222222222222,0.7222222222222222,0.3181818181818182,0.0,0.11910342683085011,3.4317818819102746,per_group
39495217,0.9967973623566783,0.0,0.0,0.0,0.0,0.0,0.0,0.027312247510160734,0.4041813944447035,per_group
39507031,0.8178579015669235,0.0,0.0,0.0,0.0,0.0,0.0,0.008124986874519272,0.32876815800167325,per_group
39513773,0.9012594669776406,0.0,0.0,0.0,0.0,0.0,0.0,0.0008576491197186881,0.360675316615,per_group
39589400,0.7942061507015051,0.0,0.0,0.0,0.0,0.0,0.0,0.012309022614279417,0.320144264803458,per_group
39674234,0.8606566583736576,0.0,0.0,0.0,0.0,0.0,0.0,0.0040503236147563515,0.3450727280724143,per_group
3969131,0.8135835450779944,0.0,0.0,0.0,0.0,0.0,0.0,0.005833138902386989,0.3266000458116751,per_group
39729028,0.9435119606341397,0.0,0.0,1.0,1.0,0.0,0.0,0.0024936391916008625,4.377903512091977,per_group
39795064,0.836279049654674,0.0,0.0,0.0,0.0,0.0,0.0,0.010900795043839874,0.3366917788706376,per_group
39817459,0.9405502352005176,0.0,0.0,1.0,1.0,0.0,0.0,0.0014879943950377925,4.376517692959214,per_group
39856692,0.9707940928772374,0.0,0.0,0.0,0.0,0.0,0.0,0.004503686898809985,0.38921837453065694,per_group
39859453,0.8169389144968583,0.0,0.0,1.0,1.0,0.0,0.0,8.559845928904602e-05,4.326792685490601,per_group
39889494,0.9520326527078086,0.0,0.0,0.0,0.0,0.0,0.0,0.006758006204687245,0.38216466232406093,per_group
40049363,0.9405497252659555,0.0,0.0,0.0,0.0,0.0,0.0,0.01786927817778864,0.37979374574193997,per_group
40069433,0.9813134399586156,0.0,0.0,0.0,0.0,0.0,0.0,0.009456048369517966,0.3944165856573499,per_group
40082688,0.8010051082184828,0.0,0.0,0.6666666666666666,0.6666666666666666,0.0,0.0,0.005185628369885443,2.988105835628037,per_group
40088934,0.8411703419746958,0.0,0.0,0.0,0.0,0.0,0.0,0.004968336754474115,0.33746180414077315,per_group
40103016,0.9160714694441888,0.0,0.0,0.0,0.0,0.045454545454545456,0.0,0.01666050260592661,0.40612432466249726,per_group
40116577,0.9481837898669815,0.0,0.0,0.0,0.0,0.0,0.0,0.004752762698606501,0.3802240684865139,per_group
40143,0.7667498120636171,0.0,0.0,0.0,0.0,0.0,0.0,0.006876975682692391,0.3080753199619854,per_group
40145501,0.9558284781047187,0.0,0.0,0.0,0.0,0.0,0.0,0.002834514612349249,0.3828982941643574,per_group
40160755,0.7924364737970635,0.0,0.0,0.25,0.25,0.05263157894736842,0.0,0.01971681296300094,1.3630232152693202,per_group
40170117,0.9002049053053218,0.0,0.0,1.0,1.0,0.0,0.0,0.0004139403517491622,4.360164750192479,per_group
40225273,0.8848867430238148,0.0,0.0,0.5,0.5,0.0,0.0,0.0031625661847425085,2.3545872104464745,per_group
40293394,0.7576176421182235,0.0,0.0,0.0,0.0,0.0,0.0,0.008136033685832595,0.30467426358445593,per_group
40306549,0.905297740762119,0.0,0.0,0.0,0.0,0.05263157894736842,0.0,0.015090470303487376,0.40724245352343985,per_group
40313412,0.9605626000937804,0.0,0.0,0.0,0.0,0.0,0.0,0.0036626886289355728,0.3849575777632993,per_group
40415571,0.9288060640330269,0.0,0.0,0.5,0.5,0.0,0.0,0.005267131587181979,2.3725758519306472,per_group
40426026,0.8630184236221814,0.0,0.0,0.0,0.0,0.0,0.0,0.0005024573158693331,0.34530786091204646,per_group
40449158,0.9364830736230942,0.0,0.0,1.0,1.0,0.0,0.0,0.0017633442151962298,4.374945898292276,per_group
40512761,0.9212724267945591,0.0,0.0,1.0,1.0,0.0,0.0,0.005861074125195277,4.369681185542863,per_group
40581589,0.9544938208987674,0.0,0.0,0.0,0.0,0.0,0.0,0.0016840294958234525,0.38213433425867166,per_group
40581809,0.8265782245227599,0.0,0.0,1.0,1.0,0.0,0.0,0.0006470757535696955,4.330760704959818,per_group
40647820,0.9513005396569479,0.0,0.0,1.0,1.0,0.0,0.0,0.0019203388212404493,4.380904283627027,per_group
40706058,0.8147160587470452,0.0,0.0,0.0,0.0,0.0,0.0,0.005309778972860854,0.3269483792933903,per_group
40716707,0.7851318481704517,0.0,0.0,0.5,0.5,0.0,0.0,0.0045304194343979785,2.3149588231550604,per_group
40732805,0.8971153647737,0.0,0.0,1.0,1.0,0.05263157894736842,0.0,0.015177108723599621,4.403986830812094,per_group
40870809,0.901600740683351,0.0,0.0,0.5,0.5,0.05263157894736842,0.0,0.01584630343550255,2.405914820118336,per_group
40897994,0.9979804625966568,0.0,0.0,0.0,0.0,0.0,0.0,0.04619146214519652,0.40843047746770206,per_group
40959839,0.8713797663201072,0.0,0.0,0.0,0.0,0.0,0.0,0.0010391509869948471,0.34875973672544186,per_group
40965202,0.9902328818691638,0.0,0.0,0.0,0.0,0.0,0.0,0.007445470697038216,0.39758224688707317,per_group
40977575,0.9370856238104156,0.0,0.0,0.6666666666666666,0.6666666666666666,0.045454545454545456,0.0,0.020541410238352084,3.0819728346021393,per_group
41006832,0.8635248873053116,0.0,0.0,0.5,0.5,0.0,0.0,0.003651593029394935,2.3461402735280035,per_group
41016284,0.8750048741245231,0.0,0.0,0.0,0.0,0.0,0.0,0.0012642455611851953,0.3502547987620463,per_group
41033580,0.8413855343599177,0.0,0.0,0.0,0.0,0.0,0.0,0.0030175310753542397,0.3371577199590379,per_group
41068549,0.8684972167261664,0.0,0.0,1.0,1.0,0.0,0.0,0.0037553655469974166,4.3481499597998665,per_group
41133911,0.629657780535655,0.0,0.0,0.0,0.0,0.15789473684210525,0.0,0.061770331154161404,0.3905329679187785,per_group
41160904,0.9904533089636739,0.0,0.0,0.0,0.0,0.0,0.0,0.02489353695759643,0.4011600309769889,per_group
41187329,0.9743934872313575,0.0,0.0,0.0,0.0,0.0,0.0,0.005254936453229032,0.3908083821831888,per_group
41190466,0.8699173752082605,0.0,0.0,0.0,0.0,0.0,0.0,0.0007281588017025469,0.34811258184364474,per_group
41197349,0.8241092722090726,0.0,0.0,1.0,1.0,0.0,0.0,0.0004288636716624835,4.329729481617962,per_group
41205821,0.9316312714854553,0.0,0.0,0.5,0.5,0.0,0.0,0.003655545624037036,2.3733836177189898,per_group
41244720,0.774081158261285,0.0,0.0,0.3333333333333333,0.3333333333333333,0.05263157894736842,0.0,0.017836710943242882,1.6886384019843905,per_group
41246418,0.8922311113269237,0.0,0.0,0.5,0.5,0.045454545454545456,0.0,0.02007438726809598,2.397270958348025,per_group
41256421,0.6876967986206202,0.0,0.0,0.0,0.0,0.0,0.0,0.018082195344679676,0.278695158517184,per_group
41275334,0.8894426173866813,0.0,0.0,0.0,0.0,0.0,0.0,0.0006414939931410548,0.35590534575330074,per_group
41292330,0.8626117814805297,0.0,0.0,0.0,0.0,0.0,0.0,0.0011971513704298379,0.3452841428662979,per_group
41373006,0.9274658456516747,0.0,0.0,0.0,0.0,0.0,0.0,0.007136180039570464,0.372413574268584,per_group
41378883,0.9752919451858421,0.0,0.0,1.0,1.0,0.0,0.0,0.00879921984763881,4.391876622043864,per_group
41384567,0.8217793833388537,0.0,0.0,0.0,0.0,0.0,0.0,0.00017742496915022774,0.3287472383293715,per_group
41387852,0.7269291410910403,0.0,0.0,1.0,1.0,0.0,0.0,0.0010077352446170888,4.290973203485339,per_group
41401451,0.8812076416481779,0.0,0.0,0.0,0.0,0.0,0.0,0.0009173646834806456,0.3526665295959673,per_group
41420112,0.842560007890086,0.0,0.0,0.3333333333333333,0.3333333333333333,0.045454545454545456,0.0,0.015197390951894455,1.7097604510433828,per_group
41479866,0.9943379182173069,0.0,0.0,0.0,0.0,0.0,0.0,0.011817465291768161,0.4000986603452764,per_group
41569270,0.9253697411424953,0.0,0.0,0.0,0.0,0.0,0.0,0.00416449774754869,0.37098079600650785,per_group
41589335,0.9057153175679207,0.0,0.0,0.0,0.0,0.045454545454545456,0.0,0.014034985337644893,0.4014567604583336,per_group
41615133,0.8703921505568877,0.0,0.0,0.0,0.0,0.0,0.0,0.007130276435215159,0.34958291550979814,per_group
41647907,0.9016904806673779,0.0,0.0,0.0,0.0,0.0,0.0,0.0008703672748190942,0.36085026572191503,per_group
41664064,0.792576331849639,0.0,0.0,0.6666666666666666,0.6666666666666666,0.05263157894736842,0.0,0.018731857855794353,3.029548834135576,per_group
41671586,0.8385852967032152,1.0,1.0,0.0,0.0,0.0,0.0,0.005140550455381151,4.836462228772363,per_group
41673488,0.9938285987637351,0.0,0.0,0.0,0.0,0.0,0.0,0.01208731987689945,0.399948903480874,per_group
41678622,0.9287831006597556,0.0,0.0,0.0,0.0,0.0,0.0,0.0013661279217591646,0.3717864658482541,per_group
41688436,0.8449841085692837,0.0,0.0,1.0,1.0,0.0,0.0,0.01047798635669678,4.340089240699053,per_group
41731244,0.8084241801586569,0.0,0.0,0.0,0.0,0.0,0.0,0.0035555074828896383,0.3240807735600407,per_group
41764460,0.9603966886345343,0.0,0.0,0.0,0.0,0.0,0.0,0.002214272553250571,0.3846015299644639,per_group
41773112,0.8025272458886441,0.0,0.0,0.8,0.8,0.10526315789473684,0.0,0.03686878613515304,3.612595181898278,per_group
41796356,0.8351883134981686,0.0,0.0,0.25,0.25,0.09090909090909091,0.0,0.028406916222539522,1.4124839813710481,per_group
41805105,0.8989403780770429,0.0,0.0,0.0,0.0,0.0,0.0,0.0009020993232647684,0.3597565710954701,per_group
41814828,0.8051136509856236,0.0,0.0,0.0,0.0,0.05263157894736842,0.0,0.020229156850584046,0.36819655492226105,per_group
41905556,0.9961823579027398,0.0,0.0,0.0,0.0,0.0,0.0,0.01595445371844036,0.401663833904784,per_group
41947542,0.8560997859907852,0.0,0.0,0.3333333333333333,0.3333333333333333,0.0,0.0,0.008505175690871895,1.6774742828678217,per_group
41974544,0.8630184236221814,0.0,0.0,0.0,0.0,0.0,0.0,0.0005024573158693331,0.34530786091204646,per_group
42007859,0.8370843150429561,0.0,0.0,0.5,0.5,0.0,0.0,0.003961165969028122,2.3356259592109883,per_group
42009772,0.8798314387507908,0.0,0.0,0.3333333333333333,0.3333333333333333,0.10526315789473684,0.0,0.03209651520977888,1.775895738191395,per_group
42024018,0.987652791293449,0.0,0.0,0.0,0.0,0.0,0.0,0.0056925219732526415,0.39619962091203015,per_group
42048967,0.8764222882334401,0.0,0.0,0.0,0.0,0.0,0.0,0.0009547734705099234,0.35075986998747805,per_group
42079072,0.8224847078273834,0.0,0.0,0.6666666666666666,0.6666666666666666,0.05263157894736842,0.0,0.01727286589804888,3.0412203861351244,per_group
42128261,0.7779519695355573,0.0,0.0,0.7142857142857143,0.7142857142857143,0.15789473684210525,0.0,0.05328169755628087,3.3052957739420203,per_group
42135344,0.8760844724713401,0.0,0.0,0.0,0.0,0.0,0.0,0.004543748700652735,0.3513425387286666,per_group
42140578,0.9496297475630142,0.0,0.0,0.0,0.0,0.0,0.0,0.0020374269637256624,0.3802593844179509,per_group
42149443,0.791707981281594,0.0,0.0,1.0,1.0,0.05263157894736842,0.0,0.030776975610653252,4.364943850792663,per_group
42158886,0.8342706553838772,0.0,0.0,0.0,0.0,0.0,0.0,0.0005740786457443216,0.33382307788269977,per_group
42166787,0.7899168191342678,0.0,0.0,0.25,0.25,0.10526315789473684,0.0,0.03172016033523644,1.406521286036544,per_group
42254940,0.9993476385899303,0.0,0.0,0.0,0.0,0.0,0.0,0.06942799385392612,0.4136246542067573,per_group
42296794,0.8649042942915307,0.0,0.0,0.0,0.0,0.0,0.0,0.0013346343069327456,0.3462286445779989,per_group
42312515,0.8192821827946107,0.0,0.0,1.0,1.0,0.0,0.0,0.00017858009611841587,4.327748589137069,per_group
42346517,0.9518302851768244,0.0,0.0,0.0,0.0,0.0,0.0,0.002365906435366145,0.38120529535780306,per_group
42351915,0.8130525842140781,0.0,0.0,1.0,1.0,0.0,0.0,0.001903084876172706,4.325601650660865,per_group
42390043,0.7895940170614439,0.0,0.0,1.0,1.0,0.0,0.0,0.0008274493619007775,4.316003096696957,per_group
42399726,0.8659927921089599,0.0,0.0,0.0,0.0,0.0,0.0,0.002059792849721859,0.34680907541352834,per_group
42402725,0.9973662703773436,0.0,0.0,0.0,0.0,0.0,0.0,0.060846206706196705,0.41111574949217683,per_group
42408628,0.9262866473396935,0.0,0.0,1.0,1.0,0.05263157894736842,0.0,0.01663720129986797,4.415947362353746,per_group
42425091,0.8360928895438564,0.0,0.0,0.0,0.0,0.0,0.0,0.0006694284514081906,0.33457104150782424,per_group
42455190,0.846936308051333,0.0,0.0,0.0,0.0,0.0,0.0,0.0045381497548440345,0.3396821531715021,per_group
42498587,0.8775974494297045,0.0,0.0,0.5,0.5,0.05263157894736842,0.0,0.015383842443540621,2.396221011418485,per_group
42518276,0.9527203844539446,0.0,0.0,0.0,0.0,0.0,0.0,0.008163498010846914,0.38272085338374723,per_group
42578978,0.8523056810211773,0.0,0.0,1.0,1.0,0.0,0.0,0.0017931988670339691,4.341280912181878,per_group
42593464,0.8430033527517548,0.0,0.0,0.0,0.0,0.0,0.0,0.00029531640540807956,0.33726040438178356,per_group
42643520,0.8894426173866813,0.0,0.0,0.0,0.0,0.0,0.0,0.0006414939931410548,0.35590534575330074,per_group
42799002,0.9348280087609477,0.0,0.0,0.0,0.0,0.0,0.0,0.0016662819805613165,0.3742644599004914,per_group
42810808,0.7887479205764719,0.0,0.0,0.5,0.5,0.09090909090909091,0.0,0.032523716627328066,2.394731184283327,per_group
4285941,0.8536793257468442,0.0,0.0,0.0,0.0,0.0,0.0,0.0003817341448238127,0.34154807712770247,per_group
42884666,0.9976909100662749,0.0,0.0,0.0,0.0,0.0,0.0,0.04619146214519652,0.40831465645554926,per_group
43024584,0.7680487173802935,0.0,0.0,0.0,0.0,0.0,0.0,0.0003622362228640303,0.3072919341966902,per_group
43028906,0.7920580003650451,0.0,0.0,0.0,0.0,0.0,0.0,0.0012234020685340863,0.3170678805597249,per_group
43057643,0.7655490691501522,0.0,0.0,0.0,0.0,0.0,0.0,0.004539941009461995,0.3071276158619533,per_group
43076611,0.9983764162061773,0.0,0.0,0.0,0.0,0.0,0.0,0.04045667587779767,0.4074419016580305,per_group
43112269,0.804027558359546,0.0,0.0,0.7272727272727273,0.7272727272727273,0.15789473684210525,0.0,0.0728166615686672,3.371581054222145,per_group
43192347,0.8812076416481779,0.0,0.0,0.0,0.0,0.0,0.0,0.0009173646834806456,0.3526665295959673,per_group
43199935,0.6200715546976718,0.0,0.0,0.0,0.0,0.2631578947368421,0.0,0.11263798008911105,0.4810825336863646,per_group
43286759,0.8795776613170339,0.0,0.0,0.9,0.9,0.0,0.0,0.03808409348767157,3.959447883224348,per_group
43311708,0.7525126674800608,0.0,0.0,0.0,0.0,0.05,0.0,0.05267055360532774,0.3515391777130899,per_group
43324009,0.7456634229955806,0.0,0.0,0.0,0.0,0.0,0.0,0.000764396630443662,0.298418248524321,per_group
43341949,0.9089635158478653,0.0,0.0,0.0,0.0,0.05263157894736842,0.0,0.02742483957735502,0.4111756374125119,per_group
43378656,0.9308085121463564,0.0,0.0,0.16666666666666666,0.16666666666666666,0.045454545454545456,0.0,0.02797191085273838,1.0809480900593933,per_group
43416392,0.9692685641422378,0.0,0.0,0.0,0.0,0.0,0.0,0.0045253828352485705,0.38861250222394483,per_group
43439738,0.8307133518784069,0.0,0.0,0.0,0.0,0.0,0.0,4.0191081447825184e-05,0.3322933789676524,per_group
43452681,0.9986120006164089,0.0,0.0,0.0,0.0,0.0,0.0,0.06942799385392612,0.4133303990173488,per_group
43462817,0.793018717080112,0.0,0.0,0.0,0.0,0.0,0.0,0.013933528152722183,0.31999419246258926,per_group
43464255,0.9961823579027398,0.0,0.0,0.0,0.0,0.0,0.0,0.01595445371844036,0.401663833904784,per_group
43481813,0.8029631209545404,0.0,0.0,0.0,0.0,0.0,0.0,0.001277874349851309,0.3214408232517864,per_group
43484036,0.8211663909579301,0.0,0.0,0.3333333333333333,0.3333333333333333,0.045454545454545456,0.0,0.01538972016996272,1.7012414701141343,per_group
43512440,0.7354459544002089,0.0,0.0,0.2,0.2,0.0,0.0,0.008889925021944465,1.0959563667644725,per_group
43515339,0.8428887194621862,0.0,0.0,0.6666666666666666,0.6666666666666666,0.10526315789473684,0.0,0.02980268580661933,3.093993217928654,per_group
43535614,0.8780969643289556,0.0,0.0,1.0,1.0,0.05263157894736842,0.0,0.015860948344952285,4.396516238558467,per_group
43549785,0.7501033552368359,0.0,0.0,0.0,0.0,0.0,0.0,0.008377609523773718,0.3017168639994891,per_group
43635008,0.7666107359107035,0.0,0.0,0.0,0.0,0.0,0.0,0.0003773210753393482,0.3067197585793493,per_group
43659020,0.5263534351690785,0.0,0.0,0.0,0.0,0.05263157894736842,0.0,0.05979551799720316,0.2646057408249668,per_group
43666495,0.8706654159898277,0.0,0.0,1.0,1.0,0.05263157894736842,0.0,0.014632774672251436,4.393297984488276,per_group
43687630,0.8845842668393735,0.0,0.0,0.16666666666666666,0.16666666666666666,0.05263157894736842,0.0,0.030056130557034003,1.0686168626717174,per_group
43699273,0.8870478126262327,0.0,0.0,0.5,0.5,0.09090909090909091,0.0,0.038197217437161424,2.435185841265198,per_group
43755227,0.8391052089849518,0.0,0.0,0.0,0.0,0.0,0.0,0.011272959353188422,0.33789667546461843,per_group
4418531,0.8316704650559013,0.0,0.0,0.0,0.0,0.0,0.0,0.007965340310774926,0.3342612540845155,per_group
4508121,0.9425799362371025,0.0,0.0,0.0,0.0,0.0,0.0,0.0015593035155754332,0.37734383519795606,per_group
4545311,0.9505561286842305,0.0,0.0,0.5,0.5,0.0,0.0,0.004591133556426257,2.3811406781849773,per_group
4750991,0.7946622361738808,0.0,0.0,0.0,0.0,0.0,0.0,0.0061783215379277775,0.3191005587771379,per_group
5054721,0.7007814544490255,0.0,0.0,0.7777777777777778,0.7777777777777778,0.3181818181818182,0.0,0.15513984206627277,3.67699711584943,per_group
5074411,0.9883541899558069,0.0,0.0,0.0,0.0,0.0,0.0,0.005445700648083412,0.3964308161119395,per_group
5074681,0.8350233153748191,0.0,0.0,0.23076923076923078,0.23076923076923078,0.13636363636363635,0.0,0.06439946059920634,1.3790570504376012,per_group
51063,0.7955751550226565,0.0,0.0,0.14285714285714285,0.14285714285714285,0.15789473684210525,0.0,0.05067916950947889,1.0261102568132139,per_group
5302652,0.7744213356076868,0.0,0.0,0.0,0.0,0.0,0.0,0.004543336307121717,0.31067720150449907,per_group
5309742,0.9414537415071673,0.0,0.0,0.0,0.0,0.0,0.0,0.025218841920210604,0.3816252649869091,per_group
5378272,0.6550988237883385,0.0,0.0,0.4444444444444444,0.4444444444444444,0.2631578947368421,0.0,0.12010952336989242,2.274365527756565,per_group
5385262,0.8104169024405774,0.0,0.0,0.25,0.25,0.10526315789473684,0.0,0.03401584921683624,1.4151804571353876,per_group
5397192,0.8253830059003848,0.0,0.0,0.0,0.0,0.0,0.0,0.016549244707213546,0.33346305130159665,per_group
5422582,0.8906784437980212,0.0,0.0,1.0,1.0,0.0,0.0,0.000488798843323426,4.3563691372878734,per_group
5435942,0.718129693288979,0.0,0.0,0.35714285714285715,0.35714285714285715,0.3684210526315789,0.0,0.11904179322793765,2.034368506637871,per_group
5453812,0.9735778129035814,0.0,0.0,0.0,0.0,0.0,0.0,0.003198065532442198,0.390070738267921,per_group
5500442,0.9492457328420874,0.0,0.0,0.0,0.0,0.0,0.0,0.009106802674536408,0.38151965367174223,per_group
5506262,0.9308864950596349,0.0,0.0,1.0,1.0,0.0,0.0,0.001758533292082255,4.3727063046822705,per_group
5519212,0.7709661639417391,0.0,0.0,0.5,0.5,0.0,0.0,0.008773337556017126,2.310141133087899,per_group
5522622,0.9966367669652424,0.0,0.0,0.0,0.0,0.0,0.0,0.04647707643556685,0.40795012207321035,per_group
55413,0.9315514064851735,0.0,0.0,0.0,0.0,0.0,0.0,0.0016345687858707852,0.3729474763512436,per_group
55843,0.7906669838686281,0.0,0.0,0.0,0.0,0.0,0.0,0.006529467736699216,0.3175726870947911,per_group
5597882,0.971523483334672,0.0,0.0,0.5,0.5,0.0,0.0,0.012201180239512709,2.3910496293817713,per_group
5628242,0.7784298541409574,0.0,0.0,0.5,0.5,0.0,0.0,0.011616369943554437,2.313695215645094,per_group
5628622,0.9565558997576077,0.0,0.0,0.0,0.0,0.0,0.0,0.0035039272969941753,0.38332314536244194,per_group
5640632,0.9195106028823745,0.0,0.0,0.3333333333333333,0.3333333333333333,0.05263157894736842,0.0,0.02091620577399914,1.7474260787989775,per_group
5644032,0.9323015151283967,0.0,0.0,0.0,0.0,0.0,0.0,0.0011551835138604064,0.37315164275413076,per_group
5654732,0.939541032207501,0.0,0.0,0.0,0.0,0.0,0.0,0.004664831481399338,0.37674937917928025,per_group
5661792,0.7601290596782877,0.0,0.0,0.625,0.625,0.15789473684210525,0.0,0.0543486430213979,2.9412371419492787,per_group
56733,0.9987212939349845,0.0,0.0,0.0,0.0,0.0,0.0,0.04619146214519652,0.4087268100030331,per_group
5676272,0.8483701760487884,0.0,0.0,0.0,0.0,0.0,0.0,0.00032427697156031383,0.3394129258138274,per_group
5699042,0.8365844324661194,0.0,0.0,1.0,1.0,0.10526315789473684,0.0,0.029034661959555175,4.424651231694148,per_group
5711062,0.8513336777544684,0.0,0.0,0.0,0.0,0.0,0.0,0.007910446091313193,0.34211556032005,per_group
5730272,0.929150184873376,0.0,0.0,1.0,1.0,0.0,0.0,0.015836850579652114,4.37482744406528,per_group
5745462,0.8450619573004756,0.0,0.0,0.6363636363636364,0.6363636363636364,0.09090909090909091,0.0,0.05168603084027354,2.9665438072700634,per_group
575263,0.9962281765855114,0.0,0.0,0.0,0.0,0.0,0.0,0.04647707643556685,0.40778668592131795,per_group
5754882,0.9902816979233323,0.0,0.0,0.0,0.0,0.0,0.0,0.008089998850035236,0.39773067893934,per_group
5762142,0.8065410088185023,0.0,0.0,0.0,0.0,0.0,0.0,0.016943697603526837,0.3260051430481063,per_group
5771302,0.8470577064727591,1.0,1.0,1.0,1.0,0.10526315789473684,0.0,0.03176308677639484,8.929386226260172,per_group
5778852,0.8724165822696637,0.0,0.0,0.2857142857142857,0.2857142857142857,0.05263157894736842,0.0,0.029245985854365816,1.5397782360937762,per_group
5807222,0.8536793257468442,0.0,0.0,0.0,0.0,0.0,0.0,0.0003817341448238127,0.34154807712770247,per_group
5807732,0.839907632177157,0.0,0.0,0.0,0.0,0.0,0.0,0.001752237199743892,0.3363135003108116,per_group
5821822,0.9860270665921386,0.0,0.0,0.0,0.0,0.0,0.0,0.00853372419252453,0.39611757147536036,per_group
5850832,0.9344911799848372,0.0,0.0,0.0,0.0,0.0,0.0,0.0023707649095478615,0.37427062497584446,per_group
5872192,0.9083799737096896,0.0,0.0,0.25,0.25,0.0,0.0,0.008334241420484518,1.3650188377679728,per_group
5875672,0.7886469800876332,0.0,0.0,0.0,0.0,0.0,0.0,0.004237145503245179,0.3163062211357024,per_group
591313,1.0,0.0,0.0,0.0,0.0,0.0,0.0,0.060846206706196705,0.4121692413412394,per_group
59312688,0.7437960953801955,0.0,0.0,0.0,0.0,0.0,0.0,0.004030935703174801,0.2983246252927132,per_group
5934642,0.9024478354790643,0.0,0.0,1.0,1.0,0.0,0.0,0.0005438641849216644,4.36108790702861,per_group
594103,0.7342788449329452,0.0,0.0,0.0,0.0,0.0,0.0,0.01035529710360576,0.2957825973938992,per_group
5988422,0.9974389460873044,0.0,0.0,0.0,0.0,0.0,0.0,0.06942799385392612,0.41286117720570703,per_group
6080842,0.9996594402026765,0.0,0.0,0.0,0.0,0.0,0.0,0.06942799385392612,0.4137493748518558,per_group
6093352,0.8933464195161367,0.0,0.0,1.0,1.0,0.045454545454545456,0.0,0.013653326168658421,4.396432869403823,per_group
6107302,0.6379069118935313,0.0,0.0,0.23076923076923078,0.23076923076923078,0.13636363636363635,0.0,0.061846109445241534,1.2996998188142932,per_group
6108002,0.9824298362953998,0.0,0.0,0.0,0.0,0.0,0.0,0.012858842399619359,0.3955437029980838,per_group
6114252,0.8583739779659669,0.0,0.0,0.5,0.5,0.13636363636363635,0.0,0.045044488822419695,2.4614493980417795,per_group
6120962,0.7585536338463831,0.0,0.0,0.3333333333333333,0.3333333333333333,0.10526315789473684,0.0,0.03730691638182103,1.7284266964640402,per_group
6124592,0.9619580839459784,0.0,0.0,0.0,0.0,0.0,0.0,0.008094283997744853,0.3864020903779404,per_group
619863,0.8348805031245561,0.0,0.0,0.0,0.0,0.0,0.0,0.0003358536362884506,0.33401937197708015,per_group
6199172,0.9109372430673461,0.0,0.0,1.0,1.0,0.0,0.0,0.009612812176537946,4.366297459662246,per_group
620863,0.6953120253890299,0.0,0.0,0.36363636363636365,0.36363636363636365,0.15789473684210525,0.0,0.06493025044212442,1.8719721042631756,per_group
622663,0.828743032721583,0.0,0.0,0.0,0.0,0.0,0.0,0.003171829265748467,0.3321315789417829,per_group
6300502,0.7558445701723336,0.0,0.0,0.6666666666666666,0.6666666666666666,0.18181818181818182,0.0,0.07666337562251335,3.1297917153146484,per_group
6321112,0.8630184236221814,0.0,0.0,0.0,0.0,0.0,0.0,0.0005024573158693331,0.34530786091204646,per_group
6322352,0.9468438560653265,0.0,0.0,0.0,0.0,0.0,0.0,0.013348365988928364,0.3814072156239163,per_group
6331202,0.9456035422298398,0.0,0.0,1.0,1.0,0.0,0.0,0.0013988073833885244,4.378521178368614,per_group
6331792,0.7811362219131868,0.0,0.0,0.6666666666666666,0.6666666666666666,0.10526315789473684,0.0,0.03867357577112589,3.071066396901956,per_group
637073,0.936884889818157,0.0,0.0,0.5,0.5,0.0,0.0,0.00445780572479043,2.375645517072221,per_group
638663,0.8202314135266165,0.0,0.0,0.5,0.5,0.045454545454545456,0.0,0.01316802127827979,2.367089806029939,per_group
6413942,0.8473130817014776,0.0,0.0,0.0,0.0,0.0,0.0,0.0008155749119529324,0.3390883476629816,per_group
6426102,0.8203905085675975,0.0,0.0,0.8,0.8,0.10526315789473684,0.0,0.036798533859599164,3.6197264365147483,per_group
6480302,0.7608629065066597,0.0,0.0,0.14285714285714285,0.14285714285714285,0.05263157894736842,0.0,0.02772938866109599,0.9234248749213492,per_group
651083,0.7326577969555479,0.0,0.0,0.0,0.0,0.0,0.0,0.006424154925490572,0.2943479497673173,per_group
6514442,0.90956695541088,0.0,0.0,0.0,0.0,0.05263157894736842,0.0,0.015986577220484573,0.40912936076634365,per_group
651723,0.7705609100006633,0.0,0.0,0.0,0.0,0.0,0.0,0.024084873164246418,0.3130413386331146,per_group
6523992,0.9867878713814723,0.0,0.0,0.0,0.0,0.0,0.0,0.008821366757537663,0.39647942190409646,per_group
6532082,0.830307155004027,0.0,0.0,0.0,0.0,0.0,0.0,0.010097301367333177,0.3341423222750774,per_group
6556212,0.828872352126541,0.0,0.0,0.5,0.5,0.0,0.0,0.0037179276817278692,2.332292526386962,per_group
659823,0.8619559159065301,0.0,0.0,0.0,0.0,0.0,0.0,0.0009113539897843887,0.3449646371605689,per_group
6601682,0.7352560910936836,0.0,0.0,0.5,0.5,0.045454545454545456,0.0,0.02300797932511294,2.3350676686661322,per_group
6603512,0.9504596405661647,0.0,0.0,0.5,0.5,0.0,0.0,0.005224153218614576,2.381228686870189,per_group
6623432,0.7935002317195303,0.0,0.0,0.6666666666666666,0.6666666666666666,0.045454545454545456,0.0,0.01595743884192916,3.0236218834865007,per_group
662683,0.8467982347697249,0.0,0.0,0.5,0.5,0.0,0.0,0.0031651211088541556,2.339352318129661,per_group
6629262,0.818800090659566,0.0,0.0,0.0,0.0,0.0,0.0,0.0007131914955223544,0.3276626745629309,per_group
6647162,0.9600814300904023,0.0,0.0,0.0,0.0,0.0,0.0,0.005738318316341497,0.3851802356994292,per_group
6675742,0.9054611699757332,0.0,0.0,1.0,1.0,0.0,0.0,0.0004974272444048655,4.362283953439174,per_group
6686172,0.7927396506989438,0.0,0.0,0.5,0.5,0.18181818181818182,0.0,0.06709936271054082,2.475970278276231,per_group
6703062,0.8099377110322845,0.0,0.0,0.0,0.0,0.0,0.0,0.003245224468780079,0.32462412930666984,per_group
6729252,0.7865127169690822,0.0,0.0,0.0,0.0,0.0,0.0,0.001265502779043698,0.3148581873434416,per_group
6737102,0.7977065455098409,0.0,0.0,0.0,0.0,0.0,0.0,0.0012382055486926994,0.31933025931367487,per_group
6738162,0.9209269121330736,0.0,0.0,0.0,0.0,0.0,0.0,0.0018115563907161241,0.36873307613137274,per_group
6750102,0.8852610349924236,0.0,0.0,1.0,1.0,0.05263157894736842,0.0,0.014677801124254075,4.399145237379715,per_group
6760152,0.8204155633524173,0.0,0.0,0.0,0.0,0.05263157894736842,0.0,0.016916527143346818,0.3736547939275311,per_group
6774272,0.8816629519889189,0.0,0.0,0.2,0.2,0.09090909090909091,0.0,0.032502385651427414,1.2318929306531259,per_group
67763,0.7687555206790534,0.0,0.0,0.0,0.0,0.05263157894736842,0.0,0.021183685837096677,0.3538442085969355,per_group
6806042,0.9902816979233323,0.0,0.0,0.0,0.0,0.0,0.0,0.008089998850035236,0.39773067893934,per_group
6811802,0.8502258239231699,1.0,1.0,0.4444444444444444,0.4444444444444444,0.09090909090909091,0.0,0.040935976270065,6.698782575328331,per_group
6818222,0.8059043895133113,0.0,0.0,0.0,0.0,0.0,0.0,0.014385341593992592,0.3252388241241231,per_group
6821602,0.8536793257468442,0.0,0.0,0.0,0.0,0.0,0.0,0.0003817341448238127,0.34154807712770247,per_group
6834712,0.8734986974061567,0.0,0.0,0.5,0.5,0.0,0.0,0.0033801056451128017,2.350075500091485,per_group
6842512,0.8663936601671653,0.0,0.0,0.2,0.2,0.05263157894736842,0.0,0.028637448660688996,1.1943902169568987,per_group
688513,0.928374060340837,0.0,0.0,0.0,0.0,0.0,0.0,0.0018322055337755211,0.3717160652430899,per_group
6885512,0.9646715338107522,0.0,0.0,0.0,0.0,0.0,0.0,0.003352601541578003,0.3865391338326165,per_group
688963,0.7846218626148581,0.0,0.0,0.0,0.0,0.0,0.0,0.003991656293874059,0.3146470763047181,per_group
689253,0.9707937656692267,0.0,0.0,0.0,0.0,0.0,0.0,0.0036112717421952984,0.3890397606161297,per_group
689753,0.9262748508534894,0.0,0.0,1.0,1.0,0.0,0.0,0.007318133577687481,4.3719735670569335,per_group
6898072,0.6695090305841412,0.0,0.0,0.0,0.0,0.0,0.0,0.008591062841364915,0.2695218248019295,per_group
6898562,0.679376434339687,0.0,0.0,0.16666666666666666,0.16666666666666666,0.15789473684210525,0.0,0.06390554314461627,1.077514138505149,per_group
6937522,0.8473268839302928,0.0,0.0,0.0,0.0,0.0,0.0,0.0021778816203299888,0.3393663298961831,per_group
693923,0.8096289005617066,0.0,0.0,0.0,0.0,0.05263157894736842,0.0,0.03248798088912565,0.37245441956040254,per_group
6963532,0.9993476385899303,0.0,0.0,0.0,0.0,0.0,0.0,0.06942799385392612,0.4136246542067573,per_group
6974192,0.833487187679841,0.0,0.0,0.6666666666666666,0.6666666666666666,0.045454545454545456,0.0,0.01569602635406267,3.0395643833730515,per_group
6979102,0.9468677295017439,0.0,0.0,1.0,1.0,0.0,0.0,0.0010874349071774737,4.378964578782133,per_group
701343,0.7990902189485632,0.0,0.0,0.5,0.5,0.15789473684210525,0.0,0.05175172312377478,2.4563022216778645,per_group
7020342,0.8996609921035273,0.0,0.0,0.25,0.25,0.10526315789473684,0.0,0.03475755600888847,1.4510264343589783,per_group
7021362,0.7368483881937367,0.0,0.0,0.0,0.0,0.0,0.0,0.009040050378543408,0.29654736535320336,per_group
7040302,0.8817207463035098,0.0,0.0,0.0,0.0,0.0,0.0,0.0009741289808684232,0.3528831243175776,per_group
7044252,0.7682749243520576,0.0,0.0,0.0,0.0,0.05263157894736842,0.0,0.017643735344527504,0.3529439799676233,per_group
704563,0.9222892363114611,0.0,0.0,1.0,1.0,0.0,0.0,0.005609521135333977,4.370037598751652,per_group
7067442,0.8536793257468442,0.0,0.0,0.0,0.0,0.0,0.0,0.0003817341448238127,0.34154807712770247,per_group
7067852,0.734293769017797,0.0,0.0,0.0,0.0,0.0,0.0,0.0011881511290539352,0.2939551378329296,per_group
7070252,0.8937403241170025,0.0,0.0,0.0,0.0,0.0,0.0,0.0005141853460204101,0.35759896671600516,per_group
7098522,0.8885615184545828,0.0,0.0,0.0,0.0,0.10526315789473684,0.0,0.030508676303372038,0.445736868958297,per_group
7105292,0.8894545498554353,0.0,0.0,1.0,1.0,0.0,0.0,0.02547132401255127,4.360876084744684,per_group
7129612,0.9366891891731102,0.0,0.0,0.3333333333333333,0.3333333333333333,0.05263157894736842,0.0,0.019812194008755276,1.754076710962223,per_group
7156032,0.9435730825721081,0.0,0.0,0.0,0.0,0.0,0.0,0.0041538118733809295,0.37825999540351946,per_group
7165492,0.8223941434491477,0.0,0.0,1.0,1.0,0.0,0.0,0.0013453841748628566,4.3292267342146316,per_group
7177992,0.7707590195780536,0.0,0.0,0.0,0.0,0.05263157894736842,0.0,0.020316162766064218,0.35447210354232905,per_group
717853,0.8217900749668398,0.0,0.0,1.0,1.0,0.05263157894736842,0.0,0.015194473967564591,4.373860187938144,per_group
718713,0.7318161499607402,0.0,0.0,0.0,0.0,0.05263157894736842,0.0,0.01966265965291714,0.33876425507277425,per_group
7210172,0.8341247461078309,0.0,0.0,0.8333333333333334,0.8333333333333334,0.10526315789473684,0.0,0.041806364062120877,3.759555030904679,per_group
7216852,0.7354295029219233,0.0,0.0,0.25,0.25,0.045454545454545456,0.0,0.017595235927286998,1.334054484717863,per_group
7227522,0.855158993918371,0.0,0.0,0.5,0.5,0.0,0.0,0.003094551341707315,2.34268250783569,per_group
7232312,0.9520204907685016,0.0,0.0,0.0,0.0,0.0,0.0,0.008233037863259763,0.3824548038800526,per_group
7315022,0.8167161410844792,0.0,0.0,1.0,1.0,0.0,0.0,0.004713887463904703,4.327629233926572,per_group
7340872,0.5386904630557169,0.0,0.0,0.08333333333333333,0.08333333333333333,0.3181818181818182,0.0,0.12720077180087927,0.8287951274612506,per_group
7341752,0.8611158611777293,0.0,0.0,0.42857142857142855,0.42857142857142855,0.09090909090909091,0.0,0.04123187170172409,2.1397057058244235,per_group
7347932,0.8779033931691682,0.0,0.0,0.3333333333333333,0.3333333333333333,0.05263157894736842,0.0,0.018088488336878338,1.7302176514262708,per_group
7362232,0.8038906579274308,0.0,0.0,1.0,1.0,0.0,0.0,0.00019100109881324401,4.321594463390735,per_group
7375072,0.9293427786585858,0.0,0.0,0.5,0.5,0.05263157894736842,0.0,0.01796799001567766,2.4174359726244647,per_group
7376382,0.5177904620781272,0.0,0.0,0.4264705882352941,0.4264705882352941,0.5,0.0,0.32823193331134637,2.3786449244346968,per_group
7382262,0.8392951426115293,0.0,0.0,0.7142857142857143,0.7142857142857143,0.10526315789473684,0.0,0.04670515182512898,3.286412470868284,per_group
7396282,0.9486432621547407,0.0,0.0,1.0,1.0,0.0,0.0,0.007947892240757495,4.381046883310048,per_group
7400342,0.9559259096017244,0.0,0.0,0.0,0.0,0.0,0.0,0.002241881778314871,0.38281874019635276,per_group
740673,0.8552039450985413,0.0,0.0,0.0,0.0,0.0,0.0,0.000661735273247706,0.34221392509406606,per_group
7450912,0.8182247824865626,0.0,0.0,0.3333333333333333,0.3333333333333333,0.05263157894736842,0.0,0.017323128417509236,1.7061931351693547,per_group
7462462,0.7963124678253758,0.0,0.0,0.5,0.5,0.0,0.0,0.004250808720745457,2.319375148874299,per_group
7463182,0.868459660045665,0.0,0.0,0.25,0.25,0.05263157894736842,0.0,0.022029131803638566,1.3938949535368883,per_group
7519082,0.9081134804295105,0.0,0.0,1.0,1.0,0.0,0.0,0.0007303641311603152,4.3633914649980365,per_group
7536882,0.6317253272156598,0.0,0.0,0.125,0.125,0.21052631578947367,0.0,0.0942611104026126,0.9399634055983653,per_group
754799,0.94492252887156,0.0,0.0,0.0,0.0,0.0,0.0,0.0016647419037585196,0.37830195992937576,per_group
7559112,0.9485494256963981,0.0,0.0,1.0,1.0,0.0,0.0,0.0021690896761770873,4.379853588213795,per_group
7561302,0.9745692206172301,0.0,0.0,0.0,0.0,0.0,0.0,0.02933358654357779,0.39569440555560764,per_group
759186,0.6980373536585545,0.0,0.0,0.2727272727272727,0.2727272727272727,0.15789473684210525,0.0,0.06306252131396779,1.5090523261089903,per_group
7594962,0.8691091466996406,0.0,0.0,1.0,1.0,0.10526315789473684,0.0,0.02982990724345975,4.437820166444338,per_group
760244,0.9223999940983574,1.0,1.0,0.0,0.0,0.0,0.0,0.002150647359284959,4.8693901271112,per_group
7610242,0.8593342620714854,0.0,0.0,1.0,1.0,0.0,0.0,0.00023775670612788166,4.3437812561698195,per_group
761528,0.9551246366758739,0.0,0.0,0.0,0.0,0.0,0.0,0.007202705119964011,0.3834903956943424,per_group
764035,0.9440188908318151,0.0,0.0,0.0,0.0,0.05263157894736842,0.0,0.025483160232907424,0.42480945153720234,per_group
768761,0.9654003025407761,0.0,0.0,0.0,0.0,0.0,0.0,0.0027795664187732394,0.3867160343000651,per_group
7687692,0.9749212907504432,0.0,0.0,0.5,0.5,0.0,0.0,0.00885231825900389,2.391738979951978,per_group
7689702,0.950103825226524,0.0,0.0,0.0,0.0,0.0,0.0,0.008889490380666524,0.38181942816674297,per_group
7694572,0.9988827546216305,0.0,0.0,0.0,0.0,0.0,0.0,0.06942799385392612,0.41343870061943744,per_group
7697422,0.9040328988168493,0.0,0.0,0.0,0.0,0.045454545454545456,0.0,0.01678454510582249,0.40133370491154063,per_group
770441,0.6460146795202358,0.0,0.0,0.1111111111111111,0.1111111111111111,0.2631578947368421,0.0,0.11179668479673796,0.93573596900136,per_group
771647,0.8483701760487884,0.0,0.0,0.0,0.0,0.0,0.0,0.00032427697156031383,0.3394129258138274,per_group
7720822,0.9424598041531722,0.0,0.0,1.0,1.0,0.0,0.0,0.002320415064184858,4.377448004674106,per_group
7721252,0.7133882813342083,0.0,0.0,0.3333333333333333,0.3333333333333333,0.0,0.0,0.005225551848507203,1.619733756236718,per_group
7725712,0.9960312982876159,0.0,0.0,0.0,0.0,0.0,0.0,0.033083248502316684,0.4050291690155097,per_group
77293,0.8291467649122459,0.0,0.0,0.0,0.0,0.0,0.0,0.0005240392365388048,0.33176351381220615,per_group
774675,0.6111752467459514,0.0,0.0,0.46153846153846156,0.46153846153846156,0.36363636363636365,0.0,0.14970626326006709,2.411474288413331,per_group
774791,0.8405451940913471,0.0,0.0,0.375,0.375,0.09090909090909091,0.0,0.04077018510741136,1.917099387385294,per_group
7754832,0.8619559159065301,0.0,0.0,0.0,0.0,0.0,0.0,0.0009113539897843887,0.3449646371605689,per_group
7768452,0.8532524125872214,0.0,0.0,0.0,0.0,0.045454545454545456,0.0,0.012853419754523724,0.38023528534942974,per_group
7770012,0.8062648452574674,0.0,0.0,0.5714285714285714,0.5714285714285714,0.15789473684210525,0.0,0.053733582231315476,2.7452827297372195,per_group
777534,0.9487497874847712,0.0,0.0,1.0,1.0,0.0,0.0,0.0015433744843625936,4.37980858989078,per_group
778150,0.9771877311679754,0.0,0.0,0.0,0.0,0.0,0.0,0.02229151538567518,0.39533339554432523,per_group
778337,0.8967325993924503,0.0,0.0,0.75,0.75,0.0,0.0,0.012129270220249405,3.36111889380103,per_group
778389,0.8635350180052794,0.0,0.0,0.0,0.0,0.0,0.0,0.0014134787365350833,0.3456967029494188,per_group
7791532,0.7506301516351612,0.0,0.0,0.3333333333333333,0.3333333333333333,0.15789473684210525,0.0,0.05035359340273622,1.7699719021416294,per_group
780159,0.9636322531774787,0.0,0.0,0.0,0.0,0.0,0.0,0.0024009089547686008,0.38593308306194524,per_group
780591,0.930836393732243,0.0,0.0,0.6666666666666666,0.6666666666666666,0.045454545454545456,0.0,0.04019293589579118,3.083403447702358,per_group
7809112,0.948179290624821,0.0,0.0,1.0,1.0,0.0,0.0,0.001736200441264758,4.379618956338181,per_group
7809332,0.7744213356076868,0.0,0.0,0.0,0.0,0.0,0.0,0.004543336307121717,0.31067720150449907,per_group
781538,0.7581264446658618,0.0,0.0,0.0,0.0,0.05263157894736842,0.0,0.023785006273852022,0.3501128422790099,per_group
7828252,0.8179651015576557,0.0,0.0,0.5,0.5,0.09090909090909091,0.0,0.027660771660415376,2.4054454676824184,per_group
785774,0.9405502352005176,0.0,0.0,1.0,1.0,0.0,0.0,0.0014879943950377925,4.376517692959214,per_group
7858302,0.5575646945167105,0.0,0.0,0.6363636363636364,0.6363636363636364,0.2727272727272727,0.0,0.16704310442002937,3.020070862327054,per_group
789043,0.8096545842658195,0.0,0.0,0.16666666666666666,0.16666666666666666,0.2631578947368421,0.0,0.07177789713665234,1.2154103955897986,per_group
790577,0.8999098231720316,0.0,0.0,1.0,1.0,0.05263157894736842,0.0,0.02019995959500982,4.406109184345709,per_group
7909882,0.8319902110241801,0.0,0.0,0.5,0.5,0.0,0.0,0.0032104717594331252,2.333438178761559,per_group
7913222,0.8686605825156415,0.0,0.0,0.6666666666666666,0.6666666666666666,0.09090909090909091,0.0,0.03472076151841888,3.0938023247038795,per_group
792609,0.9987335796396591,0.0,0.0,0.0,0.0,0.0,0.0,0.04619146214519652,0.40873172428490295,per_group
792795,0.8456540605970199,0.0,0.0,0.3333333333333333,0.3333333333333333,0.05263157894736842,0.0,0.018376361075484487,1.7173754929451328,per_group
793202,0.8361897091193875,0.0,0.0,0.3333333333333333,0.3333333333333333,0.0,0.0,0.006530202983015919,1.6691152575776915,per_group
7948122,0.945821734730069,0.0,0.0,0.0,0.0,0.0,0.0,0.006297236445998874,0.3795881411812274,per_group
795448,0.7674995564134228,0.0,0.0,1.0,1.0,0.13636363636363635,0.0,0.054787499221223036,4.427048231500523,per_group
795622,0.8638473699224073,0.0,0.0,0.5,0.5,0.0,0.0,0.00277147608319996,2.346093243185603,per_group
796051,0.8499046371375347,0.0,0.0,0.0,0.0,0.0,0.0,0.005964465174552497,0.3411547478899244,per_group
797018,0.7205992383821354,0.0,0.0,0.125,0.125,0.10526315789473684,0.0,0.04188925508968336,0.8808280726865803,per_group
797371,0.8134091698670376,0.0,0.0,0.5,0.5,0.0,0.0,0.0029401752645213265,2.325951702999719,per_group
797531,0.9144034882526793,0.0,0.0,1.0,1.0,0.045454545454545456,0.0,0.014180957606911434,4.40496122318609,per_group
7976712,0.8851369594145462,0.0,0.0,0.8333333333333334,0.8333333333333334,0.10526315789473684,0.0,0.044286340097324184,3.780455911434406,per_group
7978482,0.9635846550355579,0.0,0.0,0.0,0.0,0.0,0.0,0.0027253622883401515,0.38597893447189124,per_group
7991402,0.968805841021645,0.0,0.0,0.0,0.0,0.0,0.0,0.002888418278563887,0.3881000200643708,per_group
799192,0.8680319439327628,0.0,0.0,1.0,1.0,0.05263157894736842,0.0,0.014530599615060449,4.392224160654012,per_group
799681,0.9120693742854754,0.0,0.0,0.0,0.0,0.10526315789473684,0.0,0.03904557807469439,0.4568473916449185,per_group
801917,0.729195086311354,0.0,0.0,0.14285714285714285,0.14285714285714285,0.10526315789473684,0.0,0.040282790108831665,0.9553736902906688,per_group
8026012,0.8690313315265592,0.0,0.0,0.25,0.25,0.09090909090909091,0.0,0.030237045631726703,1.4263872144642418,per_group
8031702,0.8742761946330475,0.0,0.0,1.0,1.0,0.0,0.0,0.0009505351096517751,4.34990058487515,per_group
8033942,0.7668030806635007,0.0,0.0,0.75,0.75,0.0,0.0,0.008309326223501858,3.3083830975101005,per_group
804226,0.9311117068529956,0.0,0.0,0.0,0.0,0.0,0.0,0.002174048744385429,0.37287949249007535,per_group
8043172,0.8330516568130878,0.0,0.0,0.0,0.0,0.05263157894736842,0.0,0.016694045136660104,0.37866473491046193,per_group
8053532,0.8616335570121628,0.0,0.0,1.0,1.0,0.05263157894736842,0.0,0.023563401639044235,4.391471366290569,per_group
805458,0.8028524821523754,0.0,0.0,0.42857142857142855,0.42857142857142855,0.15789473684210525,0.0,0.05229820298481692,2.172202137217312,per_group
8073252,0.8982968661563536,0.0,0.0,0.0,0.0,0.0,0.0,0.001040534634106641,0.3595268533893628,per_group
8077782,0.8315455990794526,0.0,0.0,0.0,0.0,0.0,0.0,0.013894071253947036,0.33539705388257046,per_group
811274,0.8483701760487884,0.0,0.0,0.0,0.0,0.0,0.0,0.00032427697156031383,0.3394129258138274,per_group
812823,0.8588723973407388,0.0,0.0,0.0,0.0,0.05263157894736842,0.0,0.022195877109589868,0.3900933975161083,per_group
812825,0.8503860833554673,0.0,0.0,0.0,0.0,0.05263157894736842,0.0,0.014778729902902923,0.38521544248066225,per_group
813669,0.8714787276207994,0.0,0.0,0.3333333333333333,0.3333333333333333,0.10526315789473684,0.0,0.0304980105662791,1.7722349528106984,per_group
8152512,0.7852183534734762,0.0,0.0,1.0,1.0,0.0,0.0,0.0011744246537624195,4.314322226320143,per_group
8155172,0.8358467664625863,0.0,0.0,0.5,0.5,0.045454545454545456,0.0,0.013469550420782907,2.3733962530328276,per_group
8160132,0.8243337985409684,0.0,0.0,0.0,0.0,0.0,0.0,0.0065359193481688066,0.33104070328602114,per_group
8175092,0.7963584825013745,0.0,0.0,0.0,0.0,0.0,0.0,0.010929765919889816,0.3207293461845278,per_group
818095,0.7552676155279697,0.0,0.0,0.6,0.6,0.10526315789473684,0.0,0.03519198257821827,2.7933559690426204,per_group
8181702,0.9020740959395644,0.0,0.0,1.0,1.0,0.05263157894736842,0.0,0.01649603257636118,4.406234108048993,per_group
8184102,0.857921633000267,0.0,0.0,0.0,0.0,0.0,0.0,0.005594902710244194,0.34428763374215565,per_group
8188252,0.8267047052919887,0.0,0.0,0.0,0.0,0.10526315789473684,0.0,0.034029421946291626,0.4216982928218433,per_group
819191,0.9914180233532351,0.0,0.0,0.0,0.0,0.0,0.0,0.019338388860838496,0.40043488711346176,per_group
820919,0.8090479491128821,0.0,0.0,0.375,0.375,0.2631578947368421,0.0,0.07732093708121762,2.04960968285087,per_group
821812,0.6651164882615274,0.0,0.0,0.0,0.0,0.05263157894736842,0.0,0.07742799385977152,0.32363745723446,per_group
822259,0.9330378239881989,0.0,0.0,0.0,0.0,0.0,0.0,0.02757313296319045,0.37872975618791765,per_group
82243,0.6473767336641018,0.0,0.0,0.5789473684210527,0.5789473684210527,0.22727272727272727,0.0,0.09805406954856694,2.7761691628777467,per_group
82383,0.7582686144217857,0.0,0.0,0.0,0.0,0.0,0.0,0.024310775173094046,0.3081696008033331,per_group
8266702,0.9974389460873044,0.0,0.0,0.0,0.0,0.0,0.0,0.06942799385392612,0.41286117720570703,per_group
8268242,0.9287831006597556,0.0,0.0,0.0,0.0,0.0,0.0,0.0013661279217591646,0.3717864658482541,per_group
8269092,0.8602791368194885,0.0,0.0,0.0,0.0,0.0,0.0,0.0005789258340530798,0.344227439894606,per_group
8393652,0.9497278122287679,0.0,0.0,0.5,0.5,0.0,0.0,0.007636670473166805,2.3814184589861407,per_group
8401432,0.958148476388619,0.0,0.0,0.0,0.0,0.0,0.0,0.002315484714435586,0.3837224874983347,per_group
8410612,0.7981298081942336,0.0,0.0,0.25,0.25,0.0,0.0,0.008740750184900021,1.3210000733146734,per_group
8414602,0.869199337125864,0.0,0.0,1.0,1.0,0.10526315789473684,0.0,0.04930603483437939,4.441751468133011,per_group
8451272,0.8815483204302325,0.0,0.0,0.0,0.0,0.0,0.0,0.00108056467413694,0.3528354411069204,per_group
8463082,0.8528449878140938,0.0,0.0,1.0,1.0,0.0,0.0,0.0003859679248754762,4.3412151887106125,per_group
8468772,0.8567808327428574,0.0,0.0,0.0,0.0,0.0,0.0,0.0003117758822340107,0.3427746882735898,per_group
8496132,0.9199222900522067,0.0,0.0,0.5,0.5,0.0,0.0,0.005717036294552949,2.369112323279793,per_group
850741,0.9305917953772664,0.0,0.0,1.0,1.0,0.05263157894736842,0.0,0.018642631379867727,4.418070507584775,per_group
8521372,0.9009880968014898,0.0,0.0,0.0,0.0,0.05263157894736842,0.0,0.01526633839447823,0.40555376955738637,per_group
8521542,0.7971630912491524,0.0,0.0,1.0,1.0,0.05263157894736842,0.0,0.026032309943912518,4.366176961646339,per_group
8526602,0.9015140593414298,0.0,0.0,1.0,1.0,0.0,0.0,0.0007033097868940619,4.360746285693951,per_group
8531732,0.8571768819194509,0.0,0.0,0.4,0.4,0.05263157894736842,0.0,0.023732996113765604,1.9897226151484282,per_group
8549992,0.9483532751176172,0.0,0.0,0.0,0.0,0.0,0.0,0.00202009339771666,0.3797453287265902,per_group
8604722,0.8536793257468442,0.0,0.0,0.0,0.0,0.0,0.0,0.0003817341448238127,0.34154807712770247,per_group
8614022,0.9132241805938012,0.0,0.0,0.3333333333333333,0.3333333333333333,0.05263157894736842,0.0,0.020738647969205347,1.7448759983225894,per_group
8614192,0.8349805522856474,0.0,0.0,0.5,0.5,0.05263157894736842,0.0,0.014729048503273256,2.379043293772808,per_group
8624502,0.8536793257468442,0.0,0.0,0.0,0.0,0.0,0.0,0.0003817341448238127,0.34154807712770247,per_group
8647352,0.843872077271812,0.0,0.0,0.0,0.0,0.0,0.0,0.0021964621438857936,0.337988123337502,per_group
865701,0.8943316404979015,0.0,0.0,1.0,1.0,0.0,0.0,0.0004941763549801056,4.357831491470156,per_group
8720562,0.7114797046554204,0.0,0.0,0.0,0.0,0.0,0.0,0.058526733021254176,0.296297228466419,per_group
8755102,0.7658305360306333,0.0,0.0,0.4,0.4,0.0,0.0,0.010315468487354831,1.9083953081097245,per_group
8755252,0.9989605462014481,0.0,0.0,0.0,0.0,0.0,0.0,0.06942799385392612,0.4134698172513645,per_group
876061,0.8563507709309696,0.0,0.0,1.0,1.0,0.05263157894736842,0.0,0.014785253317260091,4.387602622193735,per_group
878441,0.8038404803665165,0.0,0.0,1.0,1.0,0.0,0.0,0.00030317292989133173,4.321596826732584,per_group
8793052,0.8602791368194885,0.0,0.0,0.0,0.0,0.0,0.0,0.0005789258340530798,0.344227439894606,per_group
8820652,0.3922720572959754,0.0,0.0,0.18181818181818182,0.18181818181818182,0.8421052631578947,0.0,0.4065978710718742,1.639185334931808,per_group
8828892,0.9229475873279086,0.0,0.0,1.0,1.0,0.0,0.0,0.004385263066586736,4.370056087544481,per_group
8847052,0.7877733771935983,0.0,0.0,0.2,0.2,0.05263157894736842,0.0,0.023297478132927815,1.1618741096619196,per_group
8900342,0.8366844850456675,0.0,0.0,0.6666666666666666,0.6666666666666666,0.13636363636363635,0.0,0.043249508305427155,3.119081271436928,per_group
890641,0.9994362811522849,0.0,0.0,0.0,0.0,0.0,0.0,0.06942799385392612,0.4136601112316992,per_group
8931402,0.9130648430409519,0.0,0.0,0.0,0.0,0.05263157894736842,0.0,0.015882130182399187,0.4105076264107554,per_group
893891,0.7438916671721276,0.0,0.0,0.8571428571428571,0.8571428571428571,0.09090909090909091,0.0,0.036892590577537035,3.8062338862830596,per_group
8941152,0.8034863818065683,0.0,0.0,0.5,0.5,0.0,0.0,0.004008120209945124,2.3221961767646166,per_group
8969062,0.8536793257468442,0.0,0.0,0.0,0.0,0.0,0.0,0.0003817341448238127,0.34154807712770247,per_group
8971572,0.8269278356585613,0.0,0.0,1.0,1.0,0.05263157894736842,0.0,0.017857613436649745,4.3764479201086495,per_group
8997,0.830536931517726,0.0,0.0,0.0,0.0,0.0,0.0,0.0004967638397357099,0.3323141253750376,per_group
901731,0.901283675178417,0.0,0.0,0.5,0.5,0.05,0.0,0.02296797412344326,2.4051070648960553,per_group
9018932,0.7869302022901641,0.0,0.0,0.2857142857142857,0.2857142857142857,0.18181818181818182,0.0,0.055624380274846265,1.6142086452827231,per_group
9021082,0.8520874008839061,0.0,0.0,0.8333333333333334,0.8333333333333334,0.09090909090909091,0.0,0.035769575849502154,3.7540494815840693,per_group
9025382,0.958148476388619,0.0,0.0,0.0,0.0,0.0,0.0,0.002315484714435586,0.3837224874983347,per_group
9089882,0.6943665387195522,0.0,0.0,0.1111111111111111,0.1111111111111111,0.10526315789473684,0.0,0.04543497696912087,0.8154885816418791,per_group
9131212,0.8040803195889085,0.0,0.0,0.0,0.0,0.0,0.0,0.003484965535538801,0.32232912094267113,per_group
9146202,0.6886991975685934,0.0,0.0,0.8,0.8,0.2,0.0,0.10728424490886206,3.65693652800921,per_group
9153162,0.8232023557344981,0.0,0.0,0.3,0.3,0.21052631578947367,0.0,0.07397048901420021,1.7124960927282182,per_group
9159762,0.8536793257468442,0.0,0.0,0.0,0.0,0.0,0.0,0.0003817341448238127,0.34154807712770247,per_group
9167792,0.8140158845975931,0.0,0.0,0.625,0.625,0.15789473684210525,0.0,0.059902626044820176,2.9639026685216856,per_group
9237052,0.8558935296069197,0.0,0.0,0.0,0.0,0.0,0.0,0.0007907446164771885,0.3425155607660634,per_group
9244632,0.8160689349595502,0.0,0.0,0.75,0.75,0.05,0.0,0.028095697077941083,3.3720467133994085,per_group
9266012,0.8428903172571477,0.0,0.0,1.0,1.0,0.05263157894736842,0.0,0.015369132277391659,4.382335216516232,per_group
927331,0.8630184236221814,0.0,0.0,0.0,0.0,0.0,0.0,0.0005024573158693331,0.34530786091204646,per_group
9284762,0.8464256935527007,0.0,0.0,0.0,0.0,0.045454545454545456,0.0,0.012669428326824451,0.3774677994500816,per_group
928881,0.8249376290538141,0.0,0.0,0.0,0.0,0.0,0.0,0.016535283153418092,0.3332821082522092,per_group
929101,0.9585370210282396,0.0,0.0,0.0,0.0,0.0,0.0,0.0019225294032939309,0.38379931429195463,per_group
932091,0.9173534946954397,0.0,0.0,0.0,0.0,0.0,0.0,0.001771471169978076,0.36729569211217156,per_group
9433,0.9987789755016898,0.0,0.0,0.0,0.0,0.0,0.0,0.06942799385392612,0.41339718897146116,per_group
9447312,0.8402057157613192,0.0,0.0,0.0,0.0,0.0,0.0,0.0030712137358781502,0.33669652905170333,per_group
9462472,0.8374222889473485,0.0,0.0,0.8,0.8,0.15789473684210525,0.0,0.04625323710867048,3.670535352474358,per_group
9463702,0.9027164860042171,0.0,0.0,0.5,0.5,0.05263157894736842,0.0,0.016485247477105745,2.4064889070550026,per_group
9475112,0.8536793257468442,0.0,0.0,0.0,0.0,0.0,0.0,0.0003817341448238127,0.34154807712770247,per_group
9489922,0.8358331458757223,0.0,0.0,0.0,0.0,0.0,0.0,0.007911624213449485,0.3359155831929788,per_group
9507822,0.7303114860482414,0.0,0.0,0.5,0.5,0.15789473684210525,0.0,0.06669144176175427,2.431778672245332,per_group
9516202,0.9015140593414298,0.0,0.0,1.0,1.0,0.0,0.0,0.0007033097868940619,4.360746285693951,per_group
9517462,0.997563566657745,0.0,0.0,0.0,0.0,0.0,0.0,0.03484545751532539,0.4059945181661631,per_group
9527932,0.8020905549274484,0.0,0.0,0.25,0.25,0.0,0.0,0.00834360326751666,1.3225049426244826,per_group
9590002,0.6031095673616588,0.0,0.0,0.15384615384615385,0.15384615384615385,0.3157894736842105,0.0,0.1376818985363772,1.1367964009839229,per_group
9618592,0.8053086669600037,0.0,0.0,0.0,0.0,0.0,0.0,0.010889571664367355,0.32430138111687495,per_group
9627452,0.9461327863140635,0.0,0.0,0.0,0.0,0.0,0.0,0.013508440144335743,0.3811548025544926,per_group
9647442,0.7052244733642311,0.0,0.0,0.5555555555555556,0.5555555555555556,0.10526315789473684,0.0,0.04971224225074096,2.5984649863338523,per_group
9676722,0.7952391476038654,0.0,0.0,0.6666666666666666,0.6666666666666666,0.045454545454545456,0.0,0.022333092479884888,3.025592580567826,per_group
9697962,0.7974345338307507,0.0,0.0,0.4,0.4,0.09090909090909091,0.0,0.04524336770496582,2.0007497598005664,per_group
9701722,0.9323579227541614,0.0,0.0,0.25,0.25,0.0,0.0,0.010488028467765658,1.3750407747952176,per_group
9726392,0.9003167254558891,0.0,0.0,1.0,1.0,0.05263157894736842,0.0,0.015824895736193625,4.4053969324874895,per_group
9791392,0.8554302911473349,0.0,0.0,0.0,0.0,0.0,0.0,0.0012884358486407856,0.34242980362866215,per_group
9798082,0.828390090013309,0.0,0.0,0.0,0.0,0.0,0.0,0.013998032510894341,0.33415564250750246,per_group
9817342,0.8744409714878928,0.0,0.0,0.0,0.0,0.0,0.0,0.000999907319147591,0.34997637005898663,per_group
9831802,0.6821627167872055,0.0,0.0,0.07692307692307693,0.07692307692307693,0.15789473684210525,0.0,0.07303480575650584,0.7214801450321753,per_group
9846942,0.8712882160683848,0.0,0.0,0.0,0.0,0.15789473684210525,0.0,0.048417912440625,0.4845146583891632,per_group
9850942,0.8767462411618566,0.0,0.0,0.0,0.0,0.0,0.0,0.0036585436069469413,0.35143020518613205,per_group
9870112,0.8642903160808986,0.0,0.0,0.0,0.0,0.0,0.0,0.0013859477606325,0.34599331598448596,per_group
988,0.7826933750899482,0.0,0.0,0.2,0.2,0.05263157894736842,0.0,0.023198402688786396,1.1598222937316314,per_group
9889072,0.9787422258017141,0.0,0.0,0.0,0.0,0.0,0.0,0.0041345891284358055,0.39232380814637285,per_group
9893032,0.916455519269433,0.0,0.0,0.0,0.0,0.0,0.0,0.004941282961676194,0.3675704643001085,per_group
9909562,0.8227810138036227,0.0,0.0,1.0,1.0,0.0,0.0,0.00781173686402483,4.330674752894254,per_group
9922122,0.8427824519261867,0.0,0.0,0.5,0.5,0.045454545454545456,0.0,0.013016137639398156,2.376079844661991,per_group
9924742,0.8601070228873485,0.0,0.0,0.0,0.0,0.0,0.0,0.0022582119552647297,0.3444944515459924,per_group
9939382,0.9982834646511152,0.0,0.0,0.0,0.0,0.0,0.0,0.03495208313183079,0.40630380248681225,per_group
9957402,0.8460539002871917,0.0,0.0,0.0,0.0,0.05263157894736842,0.0,0.015184001094014864,0.38356362349157447,per_group
9973242,0.9212161993636324,0.0,0.0,1.0,1.0,0.0,0.0,0.004244125371947145,4.369335304819843,per_group
9981522,0.7667958251589406,0.0,0.0,0.125,0.125,0.15789473684210525,0.0,0.056044242680055735,0.9442429680732716,per_group
9983972,0.9173575131874265,0.0,0.0,0.6666666666666666,0.6666666666666666,0.09090909090909091,0.0,0.028344034670084728,3.112005751602927,per_group
