node_id,embedding_0,embedding_1,embedding_2,embedding_3,embedding_4,embedding_5,embedding_6,embedding_7,embedding_8,embedding_9,embedding_10,embedding_11,embedding_12,embedding_13,embedding_14,embedding_15,embedding_16,embedding_17,embedding_18,embedding_19,embedding_20,embedding_21,embedding_22,embedding_23,embedding_24,embedding_25,embedding_26,embedding_27,embedding_28,embedding_29,embedding_30,embedding_31
0,11.221224734718252,41.67654741559694,44.395094803623294,-3.6091268922693933,3.1150562949569984,131.25990590873826,110.92679732503939,-45.18365885966786,13.100788036324436,-115.96271357571176,6.271916110436472,-101.93941720516925,-69.91474845294455,15.450092905017474,24.467558187998694,12.638524915116896,34.715525684304346,91.28637185821088,9.138240771218872,10.07271024447342,-45.925524564264364,-3.183409431180898,-157.84457587912496,-0.7210873409804726,76.53462614446906,109.67619356903731,-10.423917149857546,-53.036373550550834,51.97134470951357,233.86699216025994,64.70438618843879,211.24964330722113
1,19.4649002712419,71.6003558076797,72.46910449693637,-5.808937472256167,4.926934113257219,205.6322892733552,172.80965859631596,-70.38638173684971,20.27719923012186,-178.679743100806,9.502367813996285,-153.29921002187533,-104.97910708021496,22.825941120841136,36.47193990540151,18.883604188334214,50.73146708365619,133.00300552125137,13.366696754425822,14.55500754661554,-66.11764234421796,-4.384510658022636,-225.00762382862698,-0.8758724338077032,106.65847704181355,151.62911825920762,-13.959755575104598,-72.48878909495467,71.8502888626648,318.1483008644957,87.86129379275431,283.4306825482814
10,19.22738312039738,68.97864848987294,57.524979891811725,-5.158710319402993,2.901038311808934,148.15970731905372,118.76916925475054,-46.581881048244405,13.381566981500614,-107.28702317559012,5.135538669382922,-78.84219313145485,-53.69939174188439,11.925948137559676,17.73844026433852,9.14192062162953,21.947014862687954,55.67569632307833,4.311776371917093,4.951804439648053,-23.7100510688638,-1.8021151750718938,-66.17753227327002,0.28056138474357656,24.3286007512573,26.58007601028791,-2.3564702235832913,-8.398112225744107,9.729143111154258,25.581412757184456,4.600228735791572,6.6495690275877015
100,46.54262953054926,128.7690121229257,-172.0625352877937,134.51853685203002,196.10539610406516,11.650299444344602,10.091243996703982,-157.70272218867743,15.30854368438498,110.27223352525586,10.138840016252193,-1.4147438974918778,-23.157371751628165,3.8566009903679634,6.254621766314208,-46.51125803145931,-1.5916934339799882,42.63926219688233,88.03669537355626,140.05137397403087,-104.7555019778941,-15.603917355265056,90.85968157517762,0.2686177392393751,-17.128008079411615,32.78286784950275,-17.93018287899694,-28.773361478927455,17.22379882196352,122.77091230102381,42.702323679409474,-175.9027279115925
101,20.27250020342727,70.54295095799931,192.17477683635886,68.0351949607244,58.85829443182443,-56.99284035764182,-130.55995614070366,-34.374125846912854,-11.711059785697545,-0.6678229091058676,-18.386527379229488,62.45691770075206,-90.93510657483702,201.74085138129632,-87.70236852685251,143.46313184261103,86.59406145642556,124.96036954077594,17.025205928805548,-18.95625984039747,2.6316142998515386,-14.447330524862952,67.5661095379528,26.191456061737,266.11673107857956,-73.5626665472031,-79.40978759381676,-2.479959841456681,-106.86073228707586,-7.8607663753487955,-93.6376239440444,-18.57748019033336
102,75.20093749273047,242.8470042630462,-55.15336839496492,-43.94945978441744,-26.19200986995615,-57.70609495093924,74.55874703838852,24.078565813205444,23.256674218572122,6.759446586239964,-0.5017302154820308,-15.573324978252398,-31.539948176255617,31.702918602021644,-10.231972768872073,-4.988162925364508,-11.102739580328535,-41.12230210570137,-15.829793422148198,-24.26160117022665,38.733350533999825,4.783840128392386,174.92729358122324,-20.700095613439796,-5.363256202077179,-2.3483602986347956,36.82355418771873,24.8267367607448,21.713401795683712,-8.757101909145865,12.455272541569638,101.55646295041639
103,21.496583860674164,72.94389817543397,13.236728166619182,-18.40712719279312,-14.562546508550556,-67.01467527523391,23.028112898806853,34.274129229082035,4.808253184832944,-22.66488532053699,-3.0292808943552614,13.752486756809077,32.714358640767834,7.643966515892172,-10.774191974312394,-18.181786213266932,14.738290418768534,52.32449799285027,1.5877546906884001,0.3120761418573188,-3.3482822264729326,-4.324493782921048,13.865946622342761,-7.581038828143651,-8.914349236904666,15.634527425149775,4.488620148599227,-8.299674843691543,2.5103280933203305,5.764196781977452,-4.621871839008099,7.311262439417878
104,108.35408399444671,228.65512858920803,-87.04143231593883,-96.35287286495014,-123.96893853413202,-102.36394025373136,-19.220792519423682,26.174809083121072,-70.01577051904248,-174.5507782470948,0.9570010261825307,269.11155609891176,-300.369850341488,-128.84033294811104,123.2381293248366,19.270538420758605,-18.865746362553246,-87.20730705341738,381.55441423281053,86.61406987890697,279.14716065876036,204.04883366571767,-48.96782176353529,11.857453283636895,57.81745741158864,-4.997253171579436,127.31015888714248,106.62993969353026,30.86457773970168,55.99088435372609,-29.52706661402962,-1.1346281673131589
105,19.948172074106598,64.37146982054489,8.317165532759816,-14.131302908556972,-7.829408691354573,-44.25256612512305,50.368915256129284,41.12714985973017,9.49808473897453,51.014713104905,2.486439703250389,-14.737558848783088,-11.588932622406523,4.438923994558344,3.0734201183183854,9.876861884620563,4.009249503638013,4.581610018173089,-0.1938920783910325,-1.8485327641480334,2.2782671778518795,0.9352013093660437,16.997036078929206,-3.9515036816093065,-0.19504089144407372,4.6872127037705065,6.835256286609889,2.6888521854053007,5.4413289846610535,2.6416082961720715,2.3264626228262677,21.217800792679554
106,11.677845847887886,43.62562559624432,115.13234503206822,32.69789809537343,36.61491250107815,-7.175119881550203,-59.02732605740615,-21.930059746693782,-14.766520736235892,11.235605155791925,9.583550862977326,-16.862203066700438,13.86613923148072,-53.213553902078516,23.531470861766397,-36.13066391576482,-18.23460493069783,-25.60092784931423,0.9060621858247743,-2.2995871236182666,7.57016299354177,2.712168308783479,-21.747935163502977,8.134174865950216,-47.31975799512548,-86.8378168114175,8.470239121573998,-7.705149994675977,-16.11373668812865,45.45672689060526,-13.171516390111169,31.354681487877304
107,43.86460978841012,129.77664455650736,41.730775153109576,-26.568073316627434,-23.44769994208313,-109.92911547884782,107.45562328829773,94.33210004584342,9.170305202094575,-19.187436939827236,-26.49539310392281,130.7045555674147,28.27564334208518,96.76029907092548,-38.65563934429716,-173.46959830296117,-3.980711234824971,60.684315756392024,-4.529623733284969,21.122721844818557,-23.756620463503502,-8.88196304293712,-5.617464702186256,0.9729367768333814,-16.140300727229107,40.595580761438924,-8.873754677466106,33.278265063368686,52.99923002856656,-14.932972204286848,104.20065535582859,-23.54701798242238
108,21.00365529335443,63.777995308475816,-89.53547848509916,54.68848446029459,88.24998662558068,-29.180014376288646,-0.19689384214304806,-85.43275837117278,10.134490578575237,18.069831074337923,2.950972955077585,8.029883818478917,5.910281885892975,9.486724923737588,-0.2179756870453324,-18.510757071804523,8.394117772699595,14.78415658081337,-40.75255881990047,-93.12993937029793,78.4999696966154,8.103529076221749,-138.46994377785,37.06892960313806,-10.846343853955627,2.5078418199799453,-63.786477030722246,29.555978091128363,-30.253001362249222,-87.45323866162802,-29.472688369190422,22.674152408116118
109,20.474226856595653,59.36287730736876,-95.4065115410146,69.85839279712751,105.48140372152562,-5.048829341097711,-9.473047210952972,-95.45144866674285,8.761916484974849,60.006726252501785,6.242368130996877,-5.455750254165322,1.2260899774585279,-5.298215489924218,-1.8761399802158445,-17.38203002954439,1.1851723855185603,38.74970714345447,94.43530521939594,143.06263474579973,-104.80800837262925,-12.77613283157602,18.67165825887206,14.754070192310245,-19.14906796033701,19.61842357270405,-37.31296471768054,-2.193467691108081,2.7557195260516236,40.62908411548474,24.60496831184096,-92.30249705761845
11,24.349627225662385,85.25194800107091,61.966386960938316,-4.93886421128927,2.9323349508808354,140.89403230039494,109.04261242229478,-39.40673027347621,11.546010354563204,-82.96705409502178,3.4127579469183633,-50.31187922802997,-34.22432991448589,7.961075646407365,10.55613955795988,4.904624342973957,11.468401691131612,28.03711777438949,2.1939619582493832,3.096193664434244,-10.30070011117091,-0.6544927893642533,-17.11792258607702,0.2737060302805391,0.22174354656682949,-4.929802618281966,0.23436858938340024,6.013160456266065,-5.9225059645567,-35.877780725006446,-11.162025188824966,-41.94256500305193
110,77.90413662631335,63.3704198865846,-30.15480917853709,-46.44914189254669,-50.91009918628211,-48.00580877596112,3.6085261922932386,10.78110083590112,-52.73718123373919,-86.09691728450574,7.047781510582221,160.41429910116705,-208.11412636420604,-109.43144132984297,27.211294178764202,20.15820771664943,-32.38880071448619,-59.75808894351175,274.6438100686474,43.10279871418714,196.09051990801555,109.4304234602733,-26.58338850823302,1.661619482452584,29.565507950038505,-4.215239581934623,40.693491824056196,5.003039403335812,1.9665742377182631,59.11736931499832,-16.741609888851645,-8.091501516793585
111,14.129745664488937,48.09813984225514,158.95643823885976,64.36487185183806,51.58211345959597,-52.935844106982024,-130.87583671713023,-35.23026693136292,-7.81020789087193,1.2316460606616821,-23.976846698099006,72.53805399917911,-113.60564546406661,246.9034186707618,-108.13697215415279,193.18168240934938,101.39034903004159,132.59595874883385,18.117135168613462,-21.946279778250293,2.7844452505137105,-15.434102963270952,78.77461123848848,29.433243124930485,318.93944778881246,-60.47596625998296,-92.52775827972505,2.1651131035317643,-113.55362322363693,-17.02250550487742,-96.93282515870435,-26.50049228950997
112,58.73664627519938,195.65445845084395,136.57174874649974,-22.500255720053758,-10.193755614269254,-181.54626365367454,96.99364479000022,131.02389199827545,6.283845934882035,27.323983103190272,-13.039302280506547,111.6137818046376,84.07681399400825,66.7657219311514,-29.14502238989644,-155.13166439216312,70.47833360598405,268.3950185041581,21.32386009479504,10.93688063368797,-24.96605903571217,-23.998455447471397,17.4224135515641,-22.004361197714164,-68.58987232224716,-4.378187279347229,6.4671243514354115,-50.76872904171594,-21.782653049655554,41.40307362657018,-46.80864746798678,47.45973678972355
113,21.65906022931334,64.96642947813123,-45.38357984307687,39.18508700800544,62.0331022191789,33.915824157181575,30.904671664816195,-58.68056899412752,9.245192532051052,36.37902566179838,4.824885759526671,-11.56889372494237,-21.990485826787115,5.234949073577535,4.492341085863493,-14.451045423782787,-3.553817756473687,2.1268750573311404,23.79651780002136,43.03205921908864,-31.174982348513616,-7.988087778391046,83.61346687281194,-5.902930139496168,-9.117586460264668,4.246414010140329,0.2543451747200146,-8.510289787563284,4.178278333684056,35.98225109942142,9.884105885603548,-65.99604927118699
114,21.046553859575113,73.19021202574667,66.78832360010132,2.1378196517059402,7.128204548048325,62.15301833131245,55.21630882995135,-15.253832043483042,4.654019500519638,-41.62438075951249,-0.1422118049897614,-5.470116885191248,-9.933907908978338,14.479238295083931,0.23751058919514478,-22.80453703465671,10.221216728637668,37.68893828173684,3.664425602401041,2.3138615837865215,-2.344656549179802,-1.9201232039342122,2.547369341449148,-1.2504891132416585,-55.93986781564134,-35.91938024740243,12.230881027934387,1.866096608810294,-2.4579403384020226,-33.89447618700021,-0.09017903117769377,-40.92929797346901
115,12.765806834638795,45.83741560568518,71.63824050994768,14.462584810284715,18.39583579802701,-42.006247181616956,-43.06293913685607,-7.299628948975397,-11.365826822020525,-26.72906715400731,7.9810463974238814,-19.01582800177614,39.562888125587676,-70.6601757720391,27.972236420400865,-60.77213645115489,-27.198444651040795,-33.24911541545539,-12.883139739122468,1.504557102226047,-5.446522123478513,-3.0769439157682412,23.523587706360956,-14.719623287215496,102.16685091769327,160.2879958826605,-23.297369539997618,6.790423285414277,22.396340450457643,-36.108686271208214,16.450230664078337,-20.22098215513857
116,40.53234987354879,130.1715081338927,74.09556855173159,-27.34419761791103,-9.885638437049128,-128.38536026172224,180.0813640586482,156.45083232516012,29.4650436204092,268.0589407346493,21.25812663882928,-111.07100034701314,-76.81066463174034,-28.450996765286533,42.62803774051348,103.55396487102882,8.454795502629313,-27.01812102118408,7.276134209168423,9.90459795521884,-13.849711316000903,9.943124699259856,-88.74352734707414,9.615929218754088,18.870791358688706,9.66174237074483,-8.71088677103248,7.213650823678668,-5.589715821337952,-14.924267653718681,7.231160033293665,-28.68598499773374
117,48.68548104558363,143.07818355523892,-160.78649013019597,86.53451658362094,135.59100295021906,-43.942096423402795,1.48467339077927,-128.0752998211932,11.847379720569826,22.509709943246552,4.34367272806373,19.73186468122228,-4.775263498102513,9.43712439450044,17.324841074086624,-16.45188973078581,12.632501142672695,7.361257359075505,-68.407043673643,-123.33312695770083,98.36499146234118,6.914028031078295,-115.85872515603157,27.286604992896315,-7.163582548855042,-1.345075632935456,-46.3814005334418,21.21870607727614,-22.068761654080706,-59.815010295941555,-22.899663991440303,40.70418504948918
118,17.675711908604125,66.26859783567137,161.49564266557877,44.8661205070977,53.31202190813343,-33.88269107870841,-97.10537072624115,-37.09355520516047,-24.5268416371981,-22.478288388036948,20.393199225787942,-65.07764336200283,48.573719878470904,-147.78897534268643,61.54728192279171,-105.25184449994484,-64.31825609853418,-103.74073817127736,-18.083589146464124,4.394265849809545,-6.5287938830896755,2.563699007301631,25.83658121828305,-28.672180312859957,174.15352158341125,253.59586986764606,-53.736097596112046,4.174612537209909,-12.878938592909932,-70.13354019501597,-4.365695144837335,-43.973744479031815
119,56.171145607861696,90.02396116447034,-42.05231615838222,-52.883147296447284,-64.20441395004165,-56.2779828499227,-8.62453567986584,13.834846124375435,-46.07817519324542,-108.00366839186434,3.1372221517098944,186.69141660036848,-222.73231212852073,-105.74655195449729,67.66394101343074,19.18647631460933,-23.61537315488971,-72.04331763886738,323.3176073096686,65.3380461349377,238.87368008480692,166.73271504364007,-40.694325357186244,9.426839133602602,50.2839417499508,-5.278985564233785,102.52303804702306,73.58175817195011,20.641842073196116,72.23435474308525,-32.60127246442333,-6.413810894503676
12,179.2880477188629,608.2767269820838,362.9158907390254,-29.256412734069098,12.932239937164857,719.8607099802913,524.4792513482342,-184.4344442354129,52.489271685792815,-343.78345783285084,11.406763223580128,-157.84794059287677,-105.81654306422092,27.087864189334034,27.93811850053821,11.343375734493192,24.083115077934423,51.96076355227783,1.9481654728408884,4.828593352998661,-8.702249649772389,-1.0175291757358853,50.67703784270915,0.4006861071661231,-55.32997269170003,-88.16756513141117,6.151892441470542,50.26443322435432,-53.969730425550814,-245.2148286261307,-68.4645716466101,-233.81632544505587
120,25.285726188159522,80.17613947305307,-35.608576790093025,15.302766564749216,32.46529147014239,46.91263404908156,36.80333485634539,-35.435661572450094,10.200263683257774,76.3796956962623,6.006418952673332,-5.692123947223819,-28.339037506171703,6.695484545632776,9.989863039800108,3.404185333066973,-9.479562078981496,-41.33921308068171,-27.321748339690373,-29.286628321071323,31.82742174841518,-8.704965373272682,203.87898921052778,-25.104798348100047,-0.4178335673683824,0.07835618030243256,29.065135932910536,-2.5234327991637064,16.36356324708955,48.26073892076635,-7.080418675565421,118.20899424054957
121,17.52864274695097,53.9977155032632,-42.05356269376851,23.520235541120368,39.91255487228657,21.08537781088631,17.68179095443369,-38.534417138011435,7.291715506619384,51.26741392656266,4.271525310949908,-3.3135049640036183,-21.153215358084005,7.237070859735143,8.505874022722402,-7.06858619829455,-4.268524820531754,-19.62216053750713,-23.65128376798178,-31.385426956769766,29.843911422749095,-5.308016374587697,111.61985033850925,-14.960559842957418,1.3954557190722827,1.0882112492563152,14.821736139038284,-3.7486044793210884,10.207173290807754,39.87617680433786,-2.5406997965293985,83.0905887535179
122,73.94609093856067,163.6099238768486,-213.82623031889702,171.63049645085582,200.24566512336335,-17.417012699997642,-30.112011324351048,-52.822346319491196,-3.5007713848707906,15.583738533052419,-4.880157105796692,12.698965692755415,24.229620454689673,1.5903596166790726,-15.47330883275711,-15.069570867698257,6.454143302423696,20.123143911886245,-16.669026731929986,-51.006551751201215,34.94525082702789,9.53064743891021,-168.26050774744124,-6.754669491139192,28.499488079796038,-18.61573012869105,33.908120581017194,-1.5392500444534456,-11.415475018861592,-93.54957792638811,-28.618325641026793,66.14759275927217
123,10.758456962516028,21.557098249939212,89.03003478650635,55.39541608239576,20.849714117890773,-17.656988421822764,-86.61147073822805,-29.27911971776089,12.275060371336325,-0.558852693318385,-23.847016344590422,31.758044666289123,-84.08641179229667,144.8873014158008,-63.8609036618688,136.77409095870914,23.717362638272537,-20.117953728008214,-4.082186708301909,-0.41828407085046426,-1.4834572812983933,6.144318873853507,-7.6387777772964744,-14.629783586197966,-88.61941827657597,112.71181676777519,39.2426423352265,13.76264980868484,92.28685772928102,-31.984196290114113,104.26572950468164,-15.884460692225167
124,19.341081724079913,61.84848012097404,-13.578468223723512,-14.28905342928462,-11.19122026818178,-25.454323893650358,14.049415719782507,6.782018434772444,4.055668229448668,-26.3154029073383,-2.594855399349482,9.071745969408942,-4.619586093227579,9.466051856135444,-6.5758730292304435,-10.190346048898114,-2.3386730274180247,-3.769661118348748,6.4638362364635205,-6.318127921335251,18.368406863704607,8.627009695725924,1.0441212042418795,1.496103772162613,-1.7809197453185999,0.19606099994740378,3.9105801167272074,12.27413831127378,3.384891856315508,-12.796971337504091,7.565974997592644,-4.18171944569988
125,62.962250545322554,212.17633954332317,-93.43303961110308,-77.58210496478912,-71.62928303785287,-151.48332729043287,-47.92532319964287,8.406697710157184,16.233170950080197,-196.95502580225158,-2.5776003433029526,-111.0414934249758,160.79702800452364,-53.79218831756528,-65.14162672107095,212.56822633352635,0.6145938563937882,-60.48301335898928,-54.298712217860555,-27.353901068593835,-28.376335804768512,-23.13043830050283,22.497713379610868,-7.401527661667616,-20.880593148400482,-54.69601952762899,15.944151088216628,-53.836406903272476,1.9522595788631005,125.39717930943704,8.163979145830556,-78.32729487682981
126,34.08007342432983,110.96462911087045,-71.22982428220963,-24.664477931006925,-23.487230327927943,-13.333277577559244,-81.78708622426902,-19.511256206742395,-0.92849094546554,-23.727912603866237,2.5344639987015825,-41.64972727187651,54.67034116569294,-45.827028294870836,-21.986288871305092,81.26837908826813,-2.581737374027658,10.056141643337934,142.35604144643384,210.11534552159884,-145.9279198594558,-0.8599505130873222,-26.18237620390846,18.647667376408222,-9.641511996466377,-35.2602606199241,-15.722038388906759,57.17346742572572,-22.512598684024212,-158.62202054425478,-41.726974135132245,206.19422406692433
127,72.97226893968427,159.41613379859712,-163.45952402285639,137.67151992785188,155.69743129083403,40.158986725058384,5.307634634932165,-52.303488245383754,-0.621523386208119,70.06179047092677,-0.365428375597839,14.544985360473776,-41.47434379181813,10.0029334795139,9.771492924547069,-42.250316046941414,-9.296480662688522,2.2064754116555703,4.7868874728106166,36.16575436435195,-42.93319530448649,1.4989604108325545,76.68826692260072,-29.705803390546908,19.08228126727798,3.179793121538046,61.37321039423265,-35.74470424729412,20.17106973635424,58.88921734387076,11.767218250721134,-62.91365245314293
128,13.155218480513984,38.592077520860265,-57.11532572239567,40.49030310930622,62.19542783918773,-7.127094355192218,3.072152539652391,-55.354997487198304,5.925941290652584,30.975716161237127,2.829611298588828,5.693928667762761,-6.529976987112523,5.9185492893194205,5.97984973376975,-16.66707426467645,2.4601988623791256,6.414044168160339,-18.741225679432667,-36.838221750281875,33.38400775155759,-1.5512962216471557,0.0652883253453008,-0.495414005965056,0.7658514988417378,4.333747070914444,-9.98736096403118,-5.8604220972329655,1.6028016260753153,38.3545135669407,6.2662577879866594,36.72904647970035
129,39.53097745383857,129.1543705040545,70.43349571082383,-26.04957670402492,-7.799825222453992,-128.76239951981637,175.9315240227769,154.0684140692679,28.877420318628733,269.4678380655962,21.299387991275243,-106.998531208437,-67.82446152843723,-30.683213761531153,46.52798805590165,100.15185713383397,13.811835749619934,-11.351587479405248,4.95617432007539,6.595734121093638,-11.633406752683232,9.803953382895855,-77.72939692893131,7.2945592900855765,21.25925716643579,16.966605981265737,3.1257089928690722,10.505491463710058,11.992719555673819,0.6905098099663993,3.8477242917191754,-14.198613300553186
13,244.12455690131034,767.5243993921088,-127.57221735151673,-168.6434551744659,-140.79797606867632,-247.8360915353569,161.423726571606,80.6821352363,40.447429955820425,-286.268221196799,-29.180551483624665,100.32859717414115,-45.17488752974902,102.37561451091356,-63.480669215837835,-120.99738574021009,-28.042825123671623,-42.45370712855791,48.87739195347898,-43.57166310555123,144.5257565458562,67.8158649600831,35.398972474890634,11.16267439292439,-15.664098174766654,7.750090872393661,30.57413620723412,105.07887846703656,32.22804936640046,-125.85751269786503,66.65336423037925,-39.46296763740342
130,9.253032993900753,28.141410842224307,-40.959497521203794,22.838323246900263,36.05766454265598,-3.9233998450060943,-13.884015916640237,-38.00435723458132,3.086039182480398,19.334027685101848,2.717658799149736,-8.646509283630323,9.277667285614227,-9.02127820713923,-4.481554223897214,5.869624943329253,0.35183955227935837,19.086925783893268,65.97145437536652,100.2304199470657,-72.77355121981422,-6.425566528681042,-0.9938327346582789,10.996045005016024,-10.870476988760698,1.1356153155011772,-21.93416794497893,11.780438988025264,-4.0858828560345035,-19.61231492190336,2.49637707825333,3.8639577977683546
131,20.999490728007604,68.00043822474117,46.588268851799576,0.7572263473779589,4.498158466264207,13.041242277188985,48.72287438294523,8.251114037560255,5.292272396406859,-16.686974162638034,-3.7058145012556527,14.310881931112979,-7.1841607792717,25.99419707296871,-8.574323329302938,-40.27701514635613,1.6002336847381777,20.857426332889656,-0.5683771078910287,5.898453412648892,-6.977898840312583,-4.557674369516074,16.93956127596961,-0.23321941312909375,-28.42861079779705,-30.12309186704607,1.9835539892922793,-2.0095002359136425,-11.244969068531475,-23.929374905439776,-6.973804018084337,-23.276734326910553
132,31.16579860642588,96.18805671630784,28.0045215513723,-19.41476441973698,-17.53050967559499,-77.93868552035944,75.26590889636554,62.941652962005655,7.449938922085181,-27.335434005093212,-19.974457565311177,99.35188941846664,16.371165067249244,75.36030969457916,-28.751946406229802,-137.1712233032885,-5.365298036458102,40.418828407476816,-4.730809127567715,15.989269582239894,-14.551712368784523,-5.5403335592896825,1.3399816808456682,1.4921584830316401,-14.90084690717368,30.478248385402818,-7.518690997842024,29.028739161683774,40.081082224777305,-20.56331029605349,82.51669409769418,-22.645420611043253
133,5.111455057448166,17.809133843147798,21.05884066656441,1.2312815736847715,2.1143008964250654,-20.8069712453341,1.900929620522695,10.828274572483613,-0.43657704102218914,2.1428082661200416,-2.004173767575197,16.686322066561647,4.8794830017990645,18.025888898829294,-7.182713704783919,-10.749610545002492,15.32610250354624,44.72589060628377,4.259649155741518,-0.22216095841833514,-2.40944378182,-4.335391892080907,9.379258890693094,-1.4742616528188022,11.893847338514627,-7.446525430681395,-6.016590555366848,-9.528677394139278,-16.03508509834854,5.554581595776192,-21.789375828046822,9.085587433750247
134,63.10652484608998,214.01996361737807,-99.03433805060463,-80.3640424263612,-75.03590871791653,-151.39273592601103,-55.394228684367825,8.535850601579666,16.41123713723092,-194.95379505241476,-2.7313697145278013,-112.92102293778255,162.27614642433406,-52.247106292156786,-66.2104669032113,213.41669720219673,1.6603155483189058,-58.07331534192274,-54.62661565309348,-25.93043856426511,-31.09505213563366,-23.949165628195082,19.484944605821454,-6.822186506858432,-22.448352240257588,-56.590176586382626,15.425481745294407,-54.47786892448192,1.8927223889643545,127.30916333836973,8.5524596747182,-76.77466246352222
135,33.493669157577294,101.0711761208932,-104.2681673055098,45.9820992772282,77.41099338910054,-47.05290046518326,-0.9149966085495511,-71.10624380569313,10.962131655779158,-11.188613152811712,0.8628918422496973,0.2248440112031722,18.074178098181395,6.167349788277791,-8.349916282641175,3.0940983408113776,5.033954214975537,-0.2838500188819201,-45.145130348784996,-91.59737744814639,75.08492253301462,7.998248337647985,-94.59104793599049,17.685757995924074,-4.7328154662774935,-8.014827752730211,-26.032662798488126,14.002004580548459,-14.90970088333345,-43.328659818239345,-11.769965577765538,25.828227556198613
136,23.202679557030173,78.50713695225355,15.687949559797977,-19.884798601669058,-15.901510781609812,-72.19893953260795,27.78765364208343,38.97289062959113,5.439720708228924,-21.842967586283216,-3.596857840364906,16.876890801993994,32.43097483639271,11.255753444344712,-11.590314266078947,-24.104361353915785,16.071176651953266,58.39285224418277,2.507827069802914,1.6555512033494575,-4.594962843100045,-4.682488463081831,13.96776290899379,-7.929536502454427,-10.68534388397682,16.192850953185932,4.497386111967864,-8.679589622609976,2.0248890735802147,4.341422003270894,-5.485794043196164,8.54705428386729
137,15.020283847623347,45.08854733866583,-50.35698085053973,33.558133377439674,53.015957669886724,6.416296799221111,10.67442025917742,-47.66014422116042,6.6802497515347605,42.18966499543191,3.601681557901167,1.2215978991324472,-13.96669255054385,6.610333402740287,7.227472171064018,-12.11742870170319,-1.02543249644103,-6.814727720897112,-21.359069629680125,-34.43652340808986,31.95987045604243,-3.5369047196447108,58.56307606506874,-8.348632984518176,1.4455372085965774,2.8493740482668692,3.5561985616257497,-5.210459289856756,6.568713229844885,40.863244531945426,1.6174055524661828,63.2953319565722
138,47.263985588716984,164.28207124514387,-85.3700344091534,-126.16286339795572,-168.83007004508053,122.32171881574816,-222.3322117019777,24.450351432603576,-16.29806856598153,98.6802723656412,5.270473950025889,-45.20523461309184,-75.46916299217634,38.77372680791751,23.634012913086035,-82.3642609226959,4.554519667370616,37.17339212751511,-32.36267817931426,-16.44149900852447,-19.64639660948103,-11.956372844883461,-39.94186900732469,0.9657094681176426,4.705337082704937,9.991422397639935,-10.641008387892082,-13.06263397981427,-0.2926332199769577,12.509397213729288,4.626668617696389,-27.57609434201664
139,58.2079287423818,158.9978950238496,70.01731047752313,-28.12294604180336,-21.172862987845765,-134.19829358372004,127.94064974389572,130.9115696258641,4.998107206522384,44.849964295145085,-24.501440623572332,128.73558987084505,58.46400348228323,78.52223510833218,-34.69970253432861,-140.5240290047859,18.905535539912357,112.7541201821723,5.872487220515983,15.408846729213563,-31.35541801849475,-13.793429308668179,-28.790990169065505,-4.249390209024882,-9.554745985110618,34.41036727829917,0.015078260660317477,8.385429793642421,43.99877003294829,29.148762555747943,64.11147219408753,4.978149432872021
14,96.0244943336984,345.71078418402425,750.9233419060298,205.1666763836709,218.91823953824075,-14.486668571139091,-321.87470025909255,-149.41831472133575,-71.39779487830845,-10.459486097212666,40.38415285612934,-106.16967600497111,16.740233899413113,-191.34573061480643,86.92309692922016,-120.26627601833097,-72.29403953098567,-118.81874828990001,-1.58227907978058,-5.296049408292294,15.3483099510581,10.218152636050053,-47.96002953724253,19.624473373377615,-64.59500879100663,-158.54708536775698,14.07257542933625,-3.3046432157813657,-28.54282120803878,47.34673330755112,-22.38451658209139,21.334742877033424
140,56.18520649005762,88.75433006749323,-40.58955705140109,-50.28623073363373,-63.0316111078051,-58.3869367243254,-4.889913077352397,12.90549971463796,-47.64728939962638,-108.28081280927935,3.017110727527544,184.75748549497246,-217.62717217128335,-104.4727063122443,66.43541439500399,19.904271407611304,-22.956112638347513,-70.14820866855155,313.7169290306965,61.48059773605489,231.62813158981965,160.33305210595276,-38.38592919715133,8.662680153163773,47.69248863891737,-4.693793946629902,96.71588079712318,67.8121392503478,20.062473401972266,70.29029614123205,-30.26293742953444,-7.453333222162395
141,40.73153510538572,120.4814628481108,-53.15032025272082,-30.563849777621403,-35.230776408438004,-85.82436112399652,-18.033009498847967,-1.3520057094346782,-3.0249915770933384,-102.39665780338117,-0.8138264355697619,-24.09211960701883,62.694956557868124,-31.419269504849886,-0.7838855699168363,101.10534416384968,6.413377683802819,-23.604512783319514,-29.512814258379596,-9.75895393199135,-18.787677495240107,-10.415784503511489,11.270059300976175,-4.650169474605549,-8.469133494274395,-20.49615178770837,9.305150751388753,-19.994289553302597,2.1376264849102746,50.8901842667839,2.202215527382123,-29.06105159725897
142,39.29955865778021,118.77891728662253,26.91958150011671,-22.081428793734972,-22.23496201062165,-79.82988684997038,93.9309396268452,69.29737652753981,12.985820228529457,-35.32418378882173,-25.45555531648404,106.57701689268355,5.059134906504508,97.80663797560543,-43.04200814835373,-149.9372822151675,-24.7656480472713,-9.391008398486848,-13.379919347871352,24.656028776971844,-25.46820915796947,-6.936283023241562,-1.0231576264301638,9.533313126288013,-10.077741832348796,19.618019972656732,-17.107971429269593,29.846827806452097,32.31799092835587,-26.593288426116967,78.58557258841621,-24.01432317380059
143,22.734021064485376,81.3695135538068,165.9330006582231,41.75167763488718,44.18807647619189,-47.44425403570387,-68.43203863580847,-9.157984962994737,-14.121354578181277,5.597916192965809,0.557321477259635,21.435536415058433,0.29991745797132874,24.51989904428956,-9.993640677684828,-17.16148584345372,22.798053722895773,64.41065125834372,8.324562680963913,-4.3704536575811925,0.421945291443633,-6.934503285032066,14.136396897603818,6.735625832896533,39.65972585505553,-60.13734338567329,-16.81071178556809,-14.59325206179069,-42.94335212675639,21.83744846035861,-46.541346576433135,16.817011289044526
144,14.315441540879787,41.782718265631225,-62.30521099841662,44.6796463296691,68.23892587813752,-7.226525824961469,3.0006251296549187,-59.92306942862974,6.359505489978349,34.4346034798253,3.0785024209994427,5.755960009907365,-6.954366977728886,6.211047997721677,5.889986219094717,-18.467530794289193,2.378388538359647,7.873194063628588,-16.511219306735825,-33.96957205825707,31.508977924590088,-1.8844877084948783,1.7356529725936547,-0.7965269948567196,0.7205754479835688,5.314453958980358,-10.066105191079668,-7.026295304492999,2.3221414134402467,42.97764659062554,7.74462142614857,33.988768947592774
145,10.774227792853509,35.95892238284731,25.916847455983284,-4.940995157687171,-2.6237059807433454,-36.86163127418451,20.481727960130222,27.440661210164997,1.2425434124637187,5.197381177578418,-3.00734425000204,25.39776472934969,17.98838069125611,15.234507671837529,-6.062565759073014,-35.94877840277857,15.847403672818219,60.74569979774691,4.5917978248550835,2.7411953954799047,-6.196394889143102,-5.643660173166709,3.7349227475477114,-5.288440256548227,-17.375437489488366,-0.41889896889890704,1.8855369741151335,-11.818192796336149,-4.164218984319954,9.857510341321742,-9.683458457071403,10.472317000504916
146,18.052050659828698,57.347180793130875,-14.303488184314762,-2.25079534372194,7.054018886292787,5.954437973508743,39.497564864570776,0.931745447746184,9.954421517108237,56.292157707823335,4.806838881028696,-22.29901982891349,-36.295453471746676,8.291825256792988,7.4986927037533375,6.501496777860896,-10.340031008326987,-41.29208865624716,-19.96464944729916,-18.840598358668057,19.039753515957702,-4.271037461824189,136.9551502861682,-17.30619795695568,5.380135066331655,-0.17175166402936426,21.75979850860737,3.362620780316291,11.421290016834659,15.141532730480005,-1.197529685499755,95.17751280762076
147,29.001595704658715,106.32450073005967,259.5707865882912,74.01675189701152,80.34849805613278,-15.569644188164068,-127.61154509874837,-53.47769214563463,-28.883450352330676,2.977225156114022,16.877025496208077,-40.12425195050207,12.273200905801371,-85.02893328883457,37.717412653103935,-54.10525185212426,-32.233264419478,-52.54881070293865,-0.5315790136806139,-2.9621995217538366,8.272467323719084,4.376312559218176,-22.548501581771696,11.086265700452397,-27.09310860432491,-86.85233520808079,5.349464897676856,-2.985622134185748,-17.214341711509515,35.398950234736866,-15.662743322990345,22.77185274678345
148,11.991690115667707,41.61594801129504,119.49626842311265,41.66895288310156,36.57064552043581,-7.216026999611417,-69.30164117784474,-28.59702646838708,-8.170253985914858,2.1795127778453924,-0.4010212250155112,-1.8924522300409112,-21.520809062230484,13.33039060775315,-4.351493816448102,9.615590193567785,-4.610110847420565,-19.37834718265092,0.22289227565330338,-0.5043951176868362,4.718169531550672,5.618074206831202,-26.858476452624757,-0.39224856150427323,-153.10976601788505,-43.41108801756375,48.49966343666044,-0.23716429826056407,57.720582226342415,10.843412630592,73.25900097035658,-7.567527075117367
149,11.520975491199215,31.316802358898084,-41.30586971520001,29.660978079225725,42.32863636660215,-2.589018819332277,0.69339713631214,-30.581567613593055,2.6890345336328356,18.15645741090255,1.4403345551655997,2.2689630245016246,-3.109153972373033,2.099410262998738,1.742584488115485,-8.295800310378977,0.6828134901875026,4.369628798750672,-1.4640941206061904,-4.184085927776627,3.695034305990089,-0.8962744444748777,3.4255010462132263,-1.260530900934818,0.48185182784676284,3.3433007851948595,0.9953813683137684,-4.915848439599216,2.3976401578231936,15.975512266715537,3.156724954210316,-7.421014046208159
15,79.61561651492954,287.7095608694274,652.3796657123695,182.42880153365832,194.16807621114427,-61.54058963596079,-322.0562642396355,-119.97082834352335,-70.21227805276195,9.160471031542702,35.92967232254875,-70.99632478132591,44.65470473060121,-186.7430062480781,77.31743959950991,-117.17607102943184,-66.8253092901908,-105.37731117311023,-2.1499420640083,-7.881177810089136,18.170043957194135,7.160181371860413,-37.135256194474664,22.299123777070502,-30.020671727223736,-151.99626560344953,5.429446940914779,-6.536381691852855,-29.547222662855336,77.30168475195141,-32.48146045659093,56.0629832668591
150,11.156297896919893,41.801032369713965,100.44884923287404,27.616651661160887,32.94471728455675,-20.615313553190052,-59.37760743708258,-22.904978567404385,-15.147506807704818,-14.50247787977692,12.576821599568715,-39.93874868103527,30.221194807853387,-90.93155228471309,37.87299406950453,-65.2691502269714,-39.3018993784604,-62.883647450511106,-11.200370483985406,2.5375521508102223,-4.039977997874505,1.4138170038883493,16.594355972634183,-17.73076998776248,110.34370186182062,157.98210204291516,-34.07173635207298,2.559259792434872,-8.625173409779778,-43.97044802545761,-3.559198818034889,-28.138243887843885
151,11.872868185971397,41.18146807578891,140.3413951791884,54.254428118822084,48.19642744295244,-21.152476988468987,-109.54370398886685,-40.957689222530426,-13.29110865833558,3.0318974316703757,-1.7081844818640195,-0.8311433417445496,-43.27581774105235,43.73516910849036,-21.5141373212457,59.30266927945195,6.2094744529167984,-25.40479935724385,2.8733493005084974,-9.203002669131072,7.18514842715688,4.647939148030555,-4.720957431216968,26.16807317313571,42.60668310633899,-82.5583093360404,4.4717228490523615,20.398151686293907,14.64604899543227,36.61885753621645,-2.374788516418865,28.65271381845097
152,10.832789152390335,37.026812300140065,109.27450353390674,39.29338788605524,33.36336164783527,-9.93122873321278,-66.91773361971795,-25.700684968140553,-7.0737745601009365,3.4045389897105203,-1.2309769401124049,0.03281439326994569,-21.189486884414233,16.14920384734518,-6.045013059349108,13.212232811523885,-3.7486322786067428,-19.0456263747837,-0.14341513879433954,-0.4755729289176703,4.112992496629458,5.183094912378746,-23.67522302667907,-1.0681727594379171,-134.07360347100914,-30.465004099902437,42.93440635311249,0.2554845308441171,53.601399278216775,9.165395934271704,67.17256253980158,-5.565689427659661
153,53.332062167154014,186.0514153899258,-96.65055164007185,-144.705087174505,-193.87313749587216,144.21644869363575,-256.2606361338684,27.11718790548161,-18.92251511652942,116.2802976348177,6.422112840600586,-52.85644101541794,-87.78958216595397,44.0140844659804,28.081672171529203,-94.50386955961302,5.435556443481149,43.3670314604739,-36.14348077635245,-17.17272186910517,-23.857879960089978,-13.929949291680801,-44.622199685057396,1.1737184772946065,4.602140420894292,10.607597207589055,-12.40058808880384,-14.536915445516955,-0.8450058418918504,12.798987408501363,4.493328713826102,-30.356440494132052
154,30.51979858102946,100.79525761479773,54.97993730703178,-6.738327186214419,0.28209759719046174,116.70604089780282,107.48475770102472,-25.28454955520797,12.848403628424903,-60.300798613577335,-0.23160232996534455,-28.408234559580315,-29.45539816004039,18.58301806477597,-2.062345630093172,-4.585232660551073,-3.482085202848008,-9.992830229566419,-4.578640017922726,4.526388899940299,-7.706749297622499,-2.5048187178720402,18.40059157667854,2.121636186564476,-12.479749962376422,-26.5765045390565,-2.6885287323529448,9.904073490265366,-17.127852799504826,-62.36200662993035,-17.540834914040367,-58.093174142842365
155,19.18540820582769,62.504594195052,-1.6316486071517864,-0.34407805079173437,7.07739169782534,44.73066933953109,37.4561074705045,-17.474858021941632,7.215973950069455,9.394176105943048,2.624783089629937,-16.674109981338685,-21.31887952478272,6.606576332072506,3.9319175611878774,0.38519992121482005,-4.940963975602906,-18.80049731252308,-10.253616135534697,-7.287166122172063,6.561309215437008,-3.2235590603724096,70.64384200003106,-7.319511819567691,-3.8376319398483645,-10.360301264714987,7.938213259065602,4.172519648523627,-3.1013722650389464,-14.586406682276655,-8.236549759570483,6.872835740547367
156,32.529588806985664,94.134901399577,-105.46158162903461,58.708524512996796,89.3482320621243,-26.360117183711047,-0.020836684113202494,-80.35118384759774,6.447304260127836,18.892828807691558,2.7405375727095307,16.036415655584246,-5.080359094481954,6.609155667166868,14.088606491570538,-13.371014206197806,8.492897269027065,4.000222404344576,-47.4110465833305,-82.03708826325385,65.16422912620204,3.2595770595881004,-63.34338753246454,12.401368551756915,-1.5934757064268519,-0.8178599913366287,-22.305302437543997,10.59515641092812,-10.9384322205481,-30.494177455337727,-12.500045977762904,43.08554998558963
157,4.259988835290121,16.068913789738062,45.15533144512408,13.388189130299718,15.091724821141915,-2.992705969930338,-24.9351302266901,-10.354216344290501,-6.078321246888486,1.8740378125474582,4.1223497229908705,-9.478326438891365,4.272298583135571,-22.72873401683028,10.26566819522522,-15.378219308628376,-8.661978618805499,-13.371702209397998,-0.048829539650246175,-0.9183226405551913,2.739007866414399,1.1959668999999433,-8.459474052439802,3.4013303387316096,-14.16177730047857,-34.163611505595206,2.4707196362027433,-2.4933566460330097,-7.305109168286836,18.447696263272302,-5.941463701385579,13.45602355769316
158,20.48896991388477,64.6141321609535,-11.74125895059437,-16.272016505017415,-14.152738620835745,-24.253864417749984,15.455795834818698,8.80270852894777,4.058414762918073,-28.71167643168593,-3.525073814049852,11.474770555270728,-3.247408021642692,12.847442793866783,-8.89526045913336,-14.86375321073496,-3.835744758468645,-5.651366160248025,3.6726803930642022,-5.2645193956039025,15.221756439050392,6.57118265510773,4.950153769584932,1.4533569831895323,-3.2259071052730386,-0.005873478936644164,2.4549474725840827,12.478502693506634,3.9906443205168665,-16.730167084736888,10.03295400814699,-4.309421134815838
159,6.546067598737731,23.066382041304394,62.281321438981436,20.581933956996362,19.166593360518338,-5.504807796958674,-36.61939262539721,-14.183720770026875,-5.497517140412727,0.9652272500351571,1.392379778104572,-4.593276810505217,-4.3343138787825,-5.463530081629095,2.3051459591350736,-0.4032877269663632,-5.242744641660132,-13.739458296158046,-0.4666900093191983,-0.5565598507247523,1.9682950528505305,1.90060219758101,-7.731283245444697,0.7507835543671433,-29.595919777485765,-10.606778535901654,9.661154625718321,0.49950663844123677,11.390155730757535,5.565285915887062,14.295867984718676,2.7742285379725655
16,32.198190590725844,119.20423989469487,300.27256285483264,85.09718856822083,94.21329557182968,-16.79359626382267,-150.97936335030448,-60.10712589515507,-36.26566346667523,16.396394314818444,22.846644161023296,-47.18683757399237,26.59124382131618,-122.59295208219523,54.17636112718144,-80.72412802531966,-43.93080153292984,-66.0573213222809,0.6505396701170527,-4.571410817269151,14.55119578367049,6.087462406464111,-41.6967226624846,16.854774003837697,-76.78921499672384,-164.28576690072356,13.791710194412317,-12.37770980901711,-32.2346901790295,82.51958546872781,-27.42095640770581,57.29185802849109
160,13.816396059613846,49.588334352939384,77.68978224144328,15.464691752262343,19.887076153483648,-45.997061684395426,-45.32223572710024,-7.101510523713371,-12.360735024371069,-28.599881454326777,8.700661592604346,-20.06487888891077,43.62656940204195,-77.2000162279417,30.635969493587407,-66.94354935357737,-29.35071516575891,-34.97113508722737,-13.557185206132154,2.0365672966119095,-6.132644789927644,-3.3831923212794823,25.791198203534464,-16.078994616621117,110.87214701909137,173.81731271730433,-25.19429366597452,7.251358361426082,24.186942785069874,-38.949083484020825,17.419257009450963,-21.55684089667084
161,28.982102262181716,94.53913814860059,-82.70537722349721,-0.28352992469176763,12.625722270575517,-22.585802581912606,-65.20040242394546,-45.95726101775423,3.6123159470547805,-9.468936124800113,4.088248613002893,-43.27108637789226,49.49060102837482,-39.350146387961786,-21.92938201961284,68.4116169465418,-1.2455387434967162,22.92792116100506,157.52744576229418,238.1080587552425,-170.60518173951743,-8.10434855791251,-18.078365598920968,24.326373483128442,-19.242315848140638,-27.317164788471583,-33.164008807435444,52.564860407820746,-19.343609269324297,-131.79126034027186,-27.155008235719478,156.97998966790553
162,24.55960190785586,76.99972091481041,-19.162691017068326,19.66277182260137,36.47073182744347,57.04714682774464,50.0554152749066,-42.997575808748564,10.572797412333344,24.161231602436434,4.498762424028232,-19.295079276731435,-28.34361765377052,6.79028565601397,5.437658548871772,-5.504797819912181,-5.8383916818170425,-14.150378831359612,6.187940403490602,19.121350115809186,-12.251683939113182,-6.941342738026676,107.63877341723787,-10.16703537514983,-7.885723179018813,-5.654087107397034,7.946318547202809,-1.7907589841662495,0.14448605242478438,8.577999165283854,-1.3625757097371818,-33.83323560346929
163,20.31439594799725,61.198446685268856,214.44701808843413,99.03310719065928,65.21110847513337,-61.64460676706989,-186.34148215125091,-55.65177070058293,-0.3511368082903799,0.11030952044704062,-39.8532069507471,92.85959169299947,-171.74296460157584,345.35434405511296,-151.45326704886944,288.5347368349412,116.39720128195059,114.58638082944947,14.956957189563353,-22.43530449368586,1.6139724135810232,-10.860955256359864,72.72521032940026,20.04140268590413,255.6454267149102,18.857626513332598,-64.83467403937293,13.658778362486974,-46.72972237587848,-42.01843673342511,-19.241086569661192,-40.78899159785977
164,46.992772706732296,163.1419357114708,-84.4648133241297,-122.94407553649052,-163.72701806304354,113.4278705779014,-216.03941886263095,23.116731289223832,-15.383721485483278,92.00063749208523,5.085106118214011,-45.2762036051534,-72.84374211018797,37.68784382873117,21.703565779530617,-79.56117709321231,3.902540940051184,35.50179792953831,-29.8506598727376,-16.13456517522661,-17.46574515586757,-10.536820614453053,-39.92585225869266,1.416352092621005,3.3990136573460457,8.642077802265824,-10.054664575597412,-11.234778800262449,-0.11615316630666744,10.754285105156102,5.164059508504646,-26.712591978864413
165,43.958583419246835,125.55686952888883,29.789914672695097,-28.249148775716293,-13.552292671501608,-71.00998493071152,149.79685839462172,95.08562232047947,25.4900592602378,154.83634762140963,12.074457051918104,-83.73918880222429,-80.72279236236025,-4.4183579556744395,10.817308998340458,75.71829409870556,-18.865999101311306,-89.73855215645635,-2.4317911862272825,0.7621930874733986,-0.09853191282617291,3.2927581487190296,8.740278808523746,-0.1504666139967275,14.523720249768967,-3.5651488457253406,-24.247658884339973,0.5695569537310707,-38.065004355362014,-45.8844513185521,20.450870081400346,-10.098151695710904
166,14.351605594383178,30.557589327079842,-43.170142560878624,36.7370316319284,42.53078540878427,-2.4871871175461515,-6.565538519329135,-8.456499916131403,-1.5359515707543143,3.061892629786269,-1.102569903762352,3.0345809054579984,5.600368358573855,0.23187230510317874,-4.271812207031684,-3.672271587371433,0.8212434790956872,4.451081557980106,-4.485150650442652,-11.84903835795563,7.107975706435838,3.061366503658107,-40.382326953621664,-2.3977191100605912,8.143950811056104,-5.164881198510302,10.372571358393468,-0.8970157535058754,-2.6546831762455567,-23.46610853600985,-7.293560725128455,18.243082695511898
167,10.64958926434061,24.46204719074747,97.89683763167329,57.02654179818646,25.772543009665267,-20.27199685555712,-94.25706542929753,-31.74219915234553,9.074222805205615,-0.29402575462252895,-24.184566770260744,35.10809308759484,-90.2189098735367,157.47976554074776,-69.8083594782101,147.78956013762576,29.270710366924813,-13.754031990633795,-3.2262632110615557,-1.9010719848337987,-1.1051262371408572,5.0908183054409175,-3.582586249413183,-12.040773467609952,-71.7184277990297,110.11206647952973,35.15444579124703,14.441545355107571,89.1552567537172,-33.99112683919753,102.5378478075943,-17.858756953705957
168,30.929058657640176,106.89611075431903,71.49242454017013,-6.482116818366259,2.216455476639109,152.04141828786857,116.40451041413881,-39.76343569468313,12.000048303654781,-80.58771496006692,2.4404103108003414,-37.87071607763623,-27.26149166380907,8.068967047580376,6.492252966627578,0.23188770280687646,5.12162100953165,11.7384963686885,0.4075706259257915,1.7205694462738044,-2.083323482743434,-0.11639500346803382,16.760333562183444,0.27297331870166197,-17.109919101470936,-28.514344142335197,2.080667498130208,17.733279662076864,-17.42123975245508,-85.3925145314263,-22.60929183824308,-82.3678009597682
169,27.25840965131738,94.96035491981297,-48.990243622840566,-71.99536144627432,-95.31678708446572,58.462136475418156,-124.33112366495712,14.992799460187095,-8.318214286655815,47.70868587481798,2.659132107931858,-28.11817237662896,-40.76258052974038,22.536237216475985,11.288980472040137,-46.584435733390166,2.2716791675765076,21.11124370329801,-18.464923510511223,-10.090561234590012,-10.649028411205324,-6.269636841430286,-27.78782409857576,1.3461766751274864,2.025669675365271,5.36833707371102,-6.735247700875374,-6.592830845382538,-0.09309272923008113,5.347268913950867,4.280215039295721,-19.64588733629092
17,234.5344741663977,773.6418620064075,-289.06697661489267,-222.81896935836218,-196.40532395612735,-409.01344564261547,-129.63656055057214,20.48730691150035,44.92385197331015,-463.8283470230589,-5.285963925687342,-252.36059446452367,351.4472667975795,-113.45600257384208,-146.00817452986297,427.0823877076209,-1.5093261140003393,-118.06930357319642,-91.84612291094702,-39.303046789580634,-57.70294434269722,-40.03356823199246,38.13920025627068,-10.577662771772887,-30.717491111371586,-82.50535425226043,21.483909642805102,-73.6311843516244,1.9736490729979732,159.0519407094991,9.397049531218428,-86.944486425966
170,25.316972880457783,81.7321396288342,31.74550961061102,-11.639610884055612,-10.029860805427617,-78.21749357928122,24.129601711241854,33.56161755234846,-3.572621376658924,-41.087218682466435,-6.005418678529148,62.62650424957915,22.859379727448044,8.82657448771701,14.149321058390361,-86.62007202829095,13.234801507897437,64.86276335915113,-6.278937685444344,3.508605756867197,-2.3471351376125713,-4.8139816516061344,26.799852268846667,-11.36821501637475,15.72723376078447,78.58697928651631,-1.4336770019326666,15.582429659049135,31.79924952777635,-31.168198129483457,38.533312749462816,-9.259756096529877
171,54.78390695377463,185.1892196336108,-82.48450135044317,-68.55666374286449,-64.18285560619215,-127.34143177518484,-47.39707805019166,6.9409740893206955,13.65271927841253,-164.94960631751957,-2.078034633423221,-96.7364310504966,134.55892544002162,-44.813896230125536,-55.53073100374221,177.827326348908,-0.4510175943176063,-52.321177902980764,-45.008738807246566,-23.415819944504666,-23.065087232939632,-18.587702327586356,14.797223962317279,-5.349186994274107,-16.637638533701207,-45.902101677133054,12.91128093560499,-44.08941113149341,1.624785241299867,104.358239402664,7.12664588314455,-65.77592119042781
172,33.990001018836274,109.88822800853005,38.27845756051683,-16.228802215343443,-13.482722886609734,-105.94462839057516,35.46698854079794,45.670562582843424,-3.364045896634927,-56.060611204019985,-8.839875286403444,84.29645490737786,31.432508704519886,15.244356573240777,14.584178931108672,-118.1584748228089,14.997444737463413,82.96932914476271,-6.618317561787815,4.092500110256035,-0.32403900819682,-4.817194344473215,34.45112824363434,-14.673994615448326,19.171418242029066,106.19679111725418,-0.9454102190094574,24.01039611647665,46.322417587050616,-42.491435528383,58.33720361046052,-14.845955104376769
173,30.46160882457118,105.39081295892312,67.63025040557791,-7.018256562607959,1.4708027110311126,145.026545430164,114.6391718233982,-38.083101694334275,12.20702029754667,-80.58244392445242,2.125860543761877,-37.108953684468766,-27.48850228610428,9.145747182262816,5.935182420416908,0.5103002120632152,4.856192020484406,10.568967825441797,0.47161051860769343,1.8550848125228514,-1.9453173358970448,0.2562387362565801,16.398567997970673,0.4286672217771117,-16.17787099186634,-27.63716181644194,2.187491113261399,17.951718691407248,-16.98955426341732,-83.61564855876141,-22.274057935435703,-79.91919881291055
174,3.7134467026580493,11.411331721736556,42.3103873420056,19.870987776839037,13.36528378971034,-12.08838087029397,-38.55760329454749,-11.860849380674827,-0.15335170901770462,-0.050566363070919385,-8.513018823033242,19.88664979120026,-37.68857263183397,75.50678591447586,-33.19081287546909,64.50715737226052,25.671310954788524,24.54349647162049,3.239291000597002,-5.0465714570308915,0.444039107572605,-2.3609839652303704,16.35811698095865,4.576962031670118,58.34213535181205,5.330303184853556,-14.626156161472352,3.5943200664811723,-9.501059684540333,-10.45799892475215,-2.4570373991210555,-10.227150535346336
175,46.85944772490574,81.1509292747423,-123.84221118217015,130.88666994778265,135.81092778609093,28.276267336763368,-16.04969670199047,-2.419233287183172,-10.763158339419043,38.498863807290995,-3.3166630388958547,12.577152327209488,-5.585248396601395,-1.5443733112703444,-1.039334502089946,-22.887696718306422,-1.7104136176910374,13.599448268066853,-1.3341637689375647,4.3783757232008,-17.212977378340778,4.7700796115012825,-6.076451134184481,-32.217941253156965,31.08667432155211,-0.724992272551649,72.2846748118766,-37.336788298002055,17.265233835887145,38.73165253090877,3.3413105699661068,-30.098428545745996
176,16.192328031334355,60.005947905594425,153.4078595562447,42.96461802042508,47.49076053989877,-8.202386982510504,-76.15799223047809,-26.920832333120135,-18.826396356834742,19.707542332289147,12.015427390853128,-19.433539744759916,17.587442319696926,-66.05842209725678,29.085386983981916,-42.17272827360296,-22.07120451799918,-31.618915939432096,1.5843275309642781,-2.9407619875534095,10.211816339393364,3.812450913868591,-30.008436828512625,10.381818477114699,-70.6327364811766,-112.1689119119487,13.55765943822582,-9.963127078454672,-17.002543222171646,57.64354260114109,-12.693078688245887,38.13676444718325
177,6.2896028278816125,22.331225447505812,34.67733804649426,5.580161651302006,6.681768420321123,-9.082842955372747,0.3220171087071061,3.569505781438974,-1.2671387926738136,-2.8750293448605517,-1.2549683744637354,13.90339071025467,3.5829938383506983,10.764252310547894,-2.9948382821212705,-26.157601503203832,7.2468856962602635,32.18920466888065,3.018073116983687,1.4509254690602023,-0.7322410598225334,-2.3900489206879816,1.0080283571545956,-1.400965046727892,-52.79472127603481,-31.379260621614375,12.19273087254331,-5.423659433049112,2.138387513711236,-2.5410291928682938,7.813678972844727,-11.433234996107121
178,16.366709052859964,57.09937100620641,9.455241445416059,-12.467474001274338,-9.034612189545552,-55.38623805258467,-11.220223722836705,10.899972364117284,1.4089252989975114,-43.96382153914764,1.3100634006776284,-22.6602753049454,53.18883379293432,-29.224266334305177,-7.916155431052278,12.049204872011883,-3.028866790115697,0.019078329931271565,-11.530878146339711,-1.4321964445695263,-11.956670170767252,-8.248331664160567,17.546730565130144,-8.757804133652563,33.59679024135814,61.00130651754311,-3.8986701208397636,-12.61436231911139,13.483366738908614,11.372002756020741,0.8493845170912887,-15.16382233017283
179,24.370632586168657,87.30845530088942,182.73631629358283,47.700423748444514,49.890408397871326,-38.76494779408011,-73.33952575799748,-17.173024447912336,-14.523167092081252,0.626225929123001,-0.2790630084306045,20.84387413918341,-11.768195603538697,37.485933285512765,-14.192051399812055,-10.042219514270078,25.12284294205385,64.31868371980975,8.784734125418098,-5.050651559331181,1.301562777066949,-6.773953146811372,17.145506458213863,8.861660802958108,44.810047822539275,-70.54870147580233,-19.039565134261824,-10.671279608578832,-46.8628260273333,10.206183807593277,-43.10748426951737,-0.10190910513149742
18,173.39878286958918,517.9487160642922,-472.5420752753122,198.45700285196352,331.54712204433713,-193.58392469772917,1.1116605822205428,-298.2147281244494,44.89493312502355,-32.91618390864016,3.776134337380753,6.538665049697359,55.24991447720722,27.61372731409061,-22.98221611131572,-1.8319371156208835,18.084889842024843,2.208818880746163,-151.07555639111047,-302.14695423753415,248.4262748768538,25.25242466085951,-297.6687026601788,57.54401339634292,-16.404431305759896,-19.893707413917383,-83.53843500837726,44.976444149908545,-41.99542429269751,-125.53345412330802,-30.40733531143831,71.37653160558187
180,18.093355721803356,52.53108107758592,12.807407211584495,-13.572765611030519,-6.735469414294549,-33.68314448912878,71.86215531970143,45.78604746351891,12.860031684517677,73.86434564033212,5.8834019133682895,-42.8515789671777,-41.50299370717926,-1.0780994680022793,5.342895005628867,40.500238053288385,-10.167625972965253,-50.20641937051817,-0.742516805915014,0.6973960092556717,-0.08141707230427447,2.723569611294367,4.791316176658747,-1.2903434799602562,7.308728972063055,-1.9104399323705188,-16.04949809374851,1.0160508479961963,-28.790977930360626,-30.411780135105136,15.714153020187274,-5.746394151631192
181,17.271004451887475,56.989317735399716,40.64249195161346,-11.863891654533893,-2.8000032000841975,-63.23083020901735,94.07092786800516,83.8906361165489,15.579842654576336,161.41319817630853,14.158205335259742,-72.26899180158567,-45.54698851614073,-25.85862635805177,31.3139934646186,75.19599118412815,5.373572304777758,-21.27026243387088,4.176633530795304,5.68961726867267,-7.67923027054317,8.422285663165528,-71.64081946466322,9.972510483697368,14.916607954571807,3.270745894502138,-1.8407050037556947,8.72367083938179,5.05812813200418,-3.802130572798851,3.2712320083833575,-28.769668946917108
182,3.421393525009392,10.45011182338397,38.503044171915604,18.06026448929726,12.096704968566256,-10.802189980470121,-34.78222296236054,-10.76094859221839,-0.11890315094182993,-0.093871063813234,-7.6036589307492575,17.655293683459842,-33.66840749989511,67.23941114324528,-29.523476544132173,57.37177427764516,22.90171138582392,22.06622275676301,2.9340503678092857,-4.540183761761399,0.45311526616523307,-2.1158618660366595,14.653011942600825,4.210699138305679,52.73265104971095,3.593117277150561,-13.361244586334243,3.1185873945480087,-9.546367825500727,-8.947530085124258,-3.8257197526016835,-8.941700856007001
183,11.642106768268553,40.33948841082854,123.30437774886391,47.12100828108438,39.36134366759846,-44.76444843789386,-95.87177573336548,-23.236937657050387,-7.01978187346121,0.9184342222654374,-17.710843718525993,59.535384050091416,-82.72335043773448,189.1466245935143,-82.26603489270391,139.42353333771567,82.40478357471609,118.02777469458604,15.679448848232992,-17.397336744875037,1.8088727724415277,-13.927150773685394,66.22981999043554,24.542386167839634,267.6490617411973,-60.94523325931261,-79.71996447633363,-1.5043045323543585,-104.4488838281404,-9.860159682782966,-93.92351917412839,-18.191545558067524
184,18.016290598516505,64.56199800182146,130.68148122364425,31.08741362315357,33.84428171065862,-6.216177850179692,-43.15803865603308,-6.704661497931359,-11.944318814586671,38.823693135213595,7.667189608965898,-1.7587869189543235,17.338528952662013,-39.78762097641857,17.329053517435316,-19.97253368216345,-7.488602801095901,-5.9415274688157345,3.455034286101709,-1.8477849253935406,8.481351648785084,2.6462341445188247,-25.176228089143176,5.880594038109101,-75.88187715804791,-74.53503583817114,15.373348054932142,-9.290753021287285,-3.850819480038472,36.33122248178528,-1.6171328105573302,19.603743636887003
185,24.05013601456543,71.86924664132209,-75.86405841784428,35.92900815277354,58.856218144410356,-31.177394845694856,-0.10681512015894501,-52.447339644450814,7.575390682732926,-3.7723079492545333,0.775460056001452,1.797505840588695,10.471676386717004,4.95575418301223,-4.423334498922068,-0.7737939412351864,3.8180678385423126,1.2595535840070378,-31.29424025481631,-63.18710353077229,51.77165045728709,5.380170354564416,-64.19752278178824,11.845113015152085,-3.108688746251924,-4.829233281504466,-17.48706724381255,9.401330376716452,-10.003309181592435,-29.784063976846962,-8.242730792243208,18.265164073712047
186,22.93546449599877,80.00988499146342,11.876959169346248,-18.326123641383194,-13.52768797998917,-79.61373006109953,-15.268628004511024,16.078738155654275,1.9909571065086054,-64.08425659025997,1.8200574615137242,-31.81720844396144,77.16024189027773,-42.784874719865364,-10.865919495660988,15.907636569895248,-4.716292390603906,-0.33375807056144613,-17.408769049369194,-2.8643499689313825,-16.678049178660704,-11.87178868223603,25.837551306700885,-13.157109864446271,52.03086053591589,95.31345851776913,-5.942701663278609,-17.76657489100001,21.9255741422831,15.398060628099648,3.0495582280569846,-24.471113350043133
187,44.54815898550615,142.566274265415,-8.831595593605426,6.621972016397358,23.30962938728118,115.66980265797733,66.16006103403848,-23.095941994575835,9.459658398397575,137.97416555551524,6.466927076031899,29.510520860407457,7.207346686984742,-11.946680977707695,8.048849341555156,39.98376835718087,-8.787161406251505,-56.96414848508114,-28.191822604310246,-35.30522319552563,47.289105899177656,-7.683185093659836,223.09045501864648,-24.66209971052055,-2.4113823878234695,5.158924869731727,23.31713279668179,-0.803449389000949,11.71724395394787,42.391449409936094,-10.805651807044836,122.6039334928365
188,14.467677422112367,38.294470734501836,-58.65519239227371,48.38105481286996,68.01299654486665,3.583352723259683,0.06761806384179814,-53.28110098025205,4.810028545893772,41.19571453653959,3.009504997470375,0.6343789086870177,-8.695639990068967,1.0447503339574835,1.6566754620646333,-19.85741475418167,-0.7461317694480278,18.688556742090547,39.07239327361805,63.280121988243856,-48.64332621096997,-6.4677843897426595,32.90267074932121,-0.4234782373901125,-5.948077412407544,15.012960081153196,-4.931650794842411,-14.942524363346381,8.61923814504045,56.7290442695464,20.643395057753224,-86.67444042363861
189,68.01272828648257,211.64695747531275,-109.6396156968361,-122.67037904210358,-159.30857755020122,67.98859978606048,-210.16352252474667,17.48116636650882,-23.709417304457833,29.531176390540317,4.947450767399714,-13.108672786933983,-71.70171873719323,-15.969029700593175,24.28623207360889,-13.295743189192336,-1.3216371033501002,13.589671699371705,93.97963103911839,82.52616944413343,-24.960616560921213,25.93647590086441,-56.54189148195215,9.443774980627037,11.558578764961151,-10.943269638839139,11.05947307899236,31.07500487825978,-5.666566670853555,-50.60345148705151,-22.557346158903737,70.22487697811985
19,92.14702499364074,295.006866199697,-0.6658010388965651,1.9912059118902712,36.02613032456196,202.36791027892198,178.02574792771617,-78.22435163306292,31.84620774998289,35.374942379505015,11.623491901005119,-72.69391008726836,-91.65998849197025,24.011657319256084,17.18117299833499,6.238927622733786,-21.309100601238296,-79.12478017990585,-35.88109759848565,-20.11967905060925,19.858534176150172,-13.525242021373069,297.113988138256,-31.103483028040596,-12.64994729809578,-37.028226898651326,33.11958778237364,13.421942563772866,-9.135913039469525,-47.34579952963039,-29.565145569314662,27.182363421603124
190,13.0400763673919,41.98799405286612,-19.73200091504702,-4.4930099806056,-1.87860704099451,18.83613749562974,-1.0315448599863704,-9.223057187984528,2.6352922442381446,23.42829665840626,2.010700568687448,-7.406488676707893,-20.206579266172852,7.887639831166638,6.131113717174397,-8.391553290068991,-2.643959387006313,-10.629871161597249,-12.962182099319321,-12.413210226131737,9.154866092504633,-2.6559657103905656,55.06323295507597,-7.219340342239118,0.270875420616931,-1.157283017307954,9.038808680468751,0.6048871354887564,4.1171405785403286,6.086684832940979,-1.7915697329023976,29.59536097043183
191,61.62301032002489,213.42141067782802,-111.76667217300422,-160.22689593903854,-214.1909215913035,156.78135111063008,-284.9339865390297,29.857755904987595,-20.959141571061462,127.56804372913689,6.9395199761707795,-56.5541943640509,-98.38399981199893,48.50471825934026,30.58540561468175,-105.25514899006492,5.333140899244718,46.42362721952861,-37.4462948764655,-20.295784604355863,-21.789277218976437,-13.05211561011241,-49.390967109084094,1.2048393240757775,6.199379874128204,11.711652483590694,-11.574631220064887,-14.108926895123211,-0.3353048741243377,13.12562862400328,4.534938705737923,-29.69571408083304
192,33.72462773392243,115.46534801247964,72.64401555758356,-8.24401909876277,-4.754265887844085,173.93666950037297,83.98606228308698,-27.87879269743806,3.796276055421067,-19.432110057665057,0.3119121617079585,18.010623055072397,26.38490249345451,-10.449906938751099,-0.6923372547226048,24.900069451366754,7.527693221313047,7.871347753597294,1.5028900578830846,-4.006562070396764,12.125355379849525,0.30832096672031833,19.003227463426626,1.6059600997835997,-19.40360843533245,-18.382331281655986,-4.181659302169775,11.419721833942516,-16.376140381668492,-56.87647512512149,-19.280847575879275,-58.68033069479236
193,7.292577855743465,25.635528519667837,34.09460417305939,6.144523190112994,9.260562845429948,-12.622352762881915,-7.486369499058561,1.305536282761197,-2.4720493430614736,12.813852731084303,5.65806316311287,-22.28138594157364,6.518529030771537,-32.33637209241872,13.705920289739712,-5.865358635478754,-13.02436281814074,-27.7388289045905,-3.8072757425961927,2.126909305884731,-2.367734720425509,0.12647930707430724,12.298850621581146,-4.584408208620991,35.051269393167786,40.59269915867185,-7.019799401400977,2.8047336674981795,-0.16999932357827946,-12.984352297981099,-2.3585810121719075,3.576508567264896
194,29.021211406241342,65.11218408146502,-94.83608623205852,83.33613173644467,102.7034124131284,5.865375523419287,-4.42702904881673,-42.856651624181445,-0.8806288975331265,38.42063317724141,1.1988222708509162,8.894937649291066,-7.263456144988272,1.8034240385305225,4.045145918261341,-19.924112697060313,0.6853589602838067,12.33952690247256,0.7303825432692804,2.6549040314310473,-6.43798241320857,0.6667862499056773,5.1768229029284,-13.003245972676272,11.213039492627615,6.01656722007515,26.64570467289799,-21.958129810877484,10.653156394064668,42.67426292911154,7.647921909807193,-31.119499985110117
195,14.936696618249089,53.55318149067717,85.24968012490964,17.568076054875334,22.092168728895256,-47.121147941272845,-50.8009075690524,-9.243597449497898,-13.540938329034882,-29.557507699922397,9.290138871939162,-21.235686746935635,44.10539019647317,-80.64174985088857,32.4273675119765,-68.71043099268213,-30.397379133131025,-36.886727583137386,-13.694094956061102,1.8821462748309519,-5.785760888467057,-3.1581471460614714,24.58892585378829,-15.79167781127646,108.85923051145306,170.14871564034377,-24.877785864683158,6.869004821079449,23.207095577222322,-37.08429040490007,16.90270600521457,-20.800058354503324
196,53.67951147135241,34.31581296365585,2.125613344150988,-17.618651333463422,-8.697411460900238,-12.632858288853003,36.17836901535613,12.707152938367548,-11.063646258627609,7.992046407291122,1.7825265343001488,5.095380747589754,-49.54294556244452,-21.247670524364565,-26.019973445939726,13.612585879933693,-21.197656901067848,-31.962093109173193,28.35318526447673,-4.049169354319487,19.03767362275104,-14.300659848990005,17.49844600979653,-2.2091975723133483,-5.586160880204413,-6.436557901905567,-34.34565259700646,-44.761914993332155,-16.363576006293513,-0.8607846554215673,7.140846753012339,-4.69044511279431
197,46.28904659248203,156.94498145933684,-70.49500628844184,-59.08089877174296,-54.462757158127566,-114.4476432516007,-36.91008733291168,8.036733643954959,12.853324942519686,-145.23267311322672,-1.9657994375670995,-85.32677623459735,122.01263839416558,-39.773894969488296,-50.85913214444001,160.69060106047522,0.8975765668066352,-43.778782802267855,-39.24494044203914,-18.565325439907784,-22.878221660541247,-17.75293063353305,17.465886464686882,-5.695185857716425,-16.77379993057266,-42.45764239192776,12.260825441862261,-41.260948706530925,1.1998168842117938,95.47191250526232,5.681903901546627,-55.971971862795115
198,12.94661018944284,44.456031008023,151.61737414973913,59.0446865731123,51.88284763815787,-22.807104405685045,-118.86070027740531,-44.58362392416444,-14.060620891737722,2.756650203383157,-2.2093648662374172,0.12022119288087002,-48.353183589302255,51.10705989868267,-24.859808826204485,67.0942193157456,7.921860198801786,-25.967585440706763,3.2193918423997756,-10.032069939307585,7.808891208995494,4.854258422639422,-3.853940721820976,28.32862934677794,50.93990864424232,-88.80316925454916,3.5264858182055265,22.44131802871401,14.856579758874204,38.86556532269813,-4.21250548806686,30.625893599854365
199,29.141511069772342,97.89031475850787,-43.68968866696487,-34.06262827635389,-31.202539485978583,-68.08407978510533,-22.06248364743351,3.36695009907515,6.970159712690308,-83.92828275300732,-0.9732300764321155,-47.60147095646219,69.35944798220594,-23.680054666151364,-26.75144936947321,91.99228453779902,1.0325659628369803,-24.72538126613345,-22.573737679762683,-9.847820153016055,-13.853893985833958,-10.043495458487925,8.263458384404998,-2.8079445394353955,-8.647199045943308,-22.449465663704913,6.040943815606745,-21.79753185999133,0.5453993263384275,49.78795319127722,2.711893548970223,-29.09457978601003
2,17.63878300909371,64.86031475799253,64.80633890046647,-5.155631302790038,4.68441262418834,184.55566624323737,156.0803994073593,-63.086732372272394,18.394043032145195,-159.71724168683212,8.413753572224845,-136.4588862402176,-94.12468649737362,21.22858606697483,32.36242927831714,15.247975588418319,44.98353751696389,118.36254849010186,11.47324578977533,12.69812028200634,-58.51696026287391,-4.038926383162056,-197.82797465137946,-0.8008959788199765,93.69864229398937,133.01474655775127,-12.49740430215977,-63.41203062141648,62.56550919951868,277.5902058518176,76.73121764884604,248.3105528908285
20,33.05910375932816,113.04180552562885,339.97013551378126,124.71094200069797,109.45043399223982,-47.45774195889611,-237.02798701103143,-87.72264671629829,-28.570638976614642,4.417001214893351,-3.28888511061563,-0.7453489750772371,-81.50352724785725,83.20411144075217,-39.51270180284659,105.91872879122597,12.049320900042442,-41.283554084971534,4.403249230925497,-15.720951658479512,12.504757364597525,6.45617752180521,-4.243573038338402,35.992574529739414,69.15479475531845,-114.31983279135127,1.1302602521090435,25.88875357229049,13.100053739086045,47.977292167247874,-0.6505011676534876,35.404475647363064
200,12.954752825752776,41.98412721318529,-9.548084028775017,-7.753787270831482,-4.468141144356813,-11.7384853820476,15.657984043720491,5.238647059436746,4.595627995053885,1.5228309134926608,-0.28393470224393663,-2.137941946624227,-7.084466594319262,7.157992043912913,-2.3644050457958037,-2.282897366095286,-2.884251262450936,-9.565649870411358,-2.9242023650759337,-4.421404780209957,7.878767814885495,1.181114506652414,37.632136839226696,-4.388811178608468,-1.0203232772417696,-0.5700786930772038,8.107317470902904,5.387444773620719,4.793929401889138,-1.5602803160048266,2.915099937182645,21.853548447383645
201,27.08018591139374,99.7294214665841,247.16848380405696,70.82639463596654,77.34176851415663,-17.84188490245264,-125.23965691424976,-51.60804250045663,-28.41813638293258,1.797027323170433,16.820763576730684,-40.29541299780583,14.026439330367122,-86.38005583931286,37.9734976995931,-55.42420773400428,-32.62070870207605,-52.490706763734536,-0.7795218257737829,-2.709919388508861,7.724903687433256,4.03874477676634,-20.475913113330357,10.42752405696041,-19.25439924926169,-80.33981649654898,3.403745626501032,-2.995997779443633,-18.135419725559064,34.499591908469114,-17.173129264353403,23.721356306751215
202,18.406174100659417,58.452599990796415,-15.8880892876118,-1.4259806923886393,8.150363914872612,9.053158460579043,37.69915888748591,-2.231406723155114,9.640082814915994,53.834415523017306,4.704366922911939,-20.569589961074172,-35.11384647603774,8.28099894106982,7.339934352590993,4.983561268016943,-9.946584293451387,-39.573214503509554,-20.041764967620722,-19.79121427429984,20.21750316824703,-4.357466044548554,138.9900548472232,-17.722290990332308,5.001605764526391,0.38811059076627225,21.937491401115388,3.097372423749953,11.57408351017071,15.847371403850216,-1.3359948846616534,95.80528232721443
203,40.2769630947082,71.77049894655542,-32.65640713978353,-39.54332190221773,-48.385763351931544,-45.45430793231977,-4.413408467891521,11.0565522895471,-33.906884778396574,-84.1894770202833,1.713737382700684,145.26130618708254,-169.36654159394223,-78.21153397246322,55.323912852320454,13.24334215889454,-16.548020896563155,-55.65005879440111,245.22278268625195,49.65225771187063,183.96789035413164,130.50449061829084,-31.277769818552013,7.6943573728227195,39.2891040539182,-4.075846004787125,82.86125189251631,61.91531792338878,17.6114580439974,55.86666442804069,-25.014754987616296,-5.956439785111445
204,12.749342110979164,32.44204486820688,-46.151552274981455,37.42854003637884,50.55350365903064,2.1656981105116624,0.3534936827293459,-36.98149899753201,3.061040880851659,27.14968257888807,1.7066559604772027,2.295579447284088,-6.743438415090278,1.079517619847238,2.188825167868692,-13.177484451493953,-0.4363325678281103,10.308110693412752,17.625775622623816,28.726807868975552,-22.263030326855024,-2.451377962929111,18.160002622441898,-1.63799365546988,-1.4262137459900341,7.809257383413278,1.1491452226863852,-9.365671224348947,5.608262157490771,32.18133429392431,9.777908248281726,-40.49976519085598
205,12.040551108006186,40.48322219853119,2.7140958270310933,-7.758966677973021,-6.71648130142001,-2.405643493956758,-10.063943312715443,-3.6437325035964303,0.3092272415087656,-20.600362244234653,1.9204796615087487,-21.984677685686446,17.841853838393256,-18.829551293117234,-2.3172336193431122,20.438432421357025,-5.408774350976214,-15.921132346781368,1.9237405519668112,10.22460576283157,-11.157181032942866,-1.9502123313021635,11.332260409775122,-2.7391130455259813,7.478535593728595,0.8720917136578645,0.7763565888502704,-0.10980249800713708,-5.292509746158257,-12.08397509123352,-7.911058000429928,5.363137880286329
206,30.360316025459536,101.52057538399359,74.17681497368716,-20.355685994469013,-3.9225560386689367,-115.09650708913675,166.91255530257357,150.2267832790663,27.833664223471214,291.1032855114457,25.859326945743888,-131.19464825233612,-81.61320169369621,-47.82876187995517,57.95760714259307,134.42303250338304,10.176974827328634,-36.82416900986357,7.2526325239639,9.814640251533028,-13.296280186202903,15.693557402207668,-130.10921536824594,18.043726081610963,26.87625717495119,6.369932499854027,-2.0518852036171222,16.987879647238483,10.566567460620917,-6.450742308487078,6.083830181371484,-51.88569660135781
207,49.88520802315474,77.04542670103311,-36.14494035037408,-46.17460349385846,-55.16217954706723,-49.686726193669486,-5.695947799842543,12.416370003038631,-41.47906582725473,-94.88249444135803,3.10167757466169,167.39378982186284,-200.63922609530601,-95.54310058537257,58.069910901376474,16.917258140850176,-22.50827090441424,-64.52242517126199,289.1125560533265,56.82743641939176,213.54133375993615,147.22429737317728,-36.8975000585693,7.5100400410324974,44.12875111195266,-4.875726222639335,88.24550726433564,62.21507742263025,16.951711323560804,65.37338908557597,-28.10256389538285,-6.853933507594297
208,15.976210388626992,55.58740067129201,4.546310063513298,-12.650334650521181,-9.154379617123102,-54.351312909020514,-10.923512720247738,9.437323683881404,1.669721697942946,-45.78333686338518,1.034319313519421,-21.977855750373738,53.019656571769126,-28.12985945523559,-8.3931622978455,13.56664415406553,-2.855292507551977,-0.8542158372054297,-12.907298767532046,-3.618739006071322,-10.237134815436498,-8.005910513412244,16.088951100436073,-8.479348207188194,33.235241024921315,61.06031902897042,-3.8753999059825612,-12.180149192588377,14.31658646091675,11.524365230735746,2.4061478664474136,-17.556266420480743
209,13.162256544933992,38.4447614366039,-47.045792093441676,27.33631879977066,42.50362074963474,-12.498408638656766,-0.36635143633756956,-36.84879477408996,4.265639643848299,8.841269461373926,1.2793346252119198,2.1017591056659244,1.9423965730503205,3.3931379526258563,-0.22109735321956092,-5.76971101971646,2.11248402270577,3.7752006119960435,-14.484487342634134,-29.66032170884656,24.221349883359174,2.3228790661916356,-32.717777617659195,7.624000913209964,-2.133180056677793,0.4057832330610806,-12.883542895936671,3.860260206940429,-5.4669468308295945,-11.069335380676872,-4.418403542003482,3.7884467021054355
21,116.06363206297988,387.65886175529226,74.02611254193663,-84.7003020875049,-63.993336809041594,-320.1966431244362,117.18380667823146,165.69065894487636,22.689032479796378,-78.03581165102099,-12.792078393525474,59.66834789868577,133.67300991777924,36.61228654453059,-42.850253169680414,-85.5080801108343,62.451787723333545,223.38296880992138,6.8708059658370555,4.087887459062947,-18.264142304798927,-18.948803610446436,53.30236101431902,-30.081984017503082,-27.869507699386176,65.6074081532815,13.461237405069165,-31.841598786869277,7.806924111885486,20.423912962370334,-17.459587710330062,31.022369106020697
210,6.648038183614274,23.54951907747911,36.55559981634809,7.281534954493511,9.126024927011906,-20.501087432566695,-19.44276744504885,-2.746328464928439,-5.569771516424986,-11.590628803493246,3.5880447415952363,-7.156936550605117,18.251597534123647,-31.366879803875072,12.798117833007765,-29.043297693926228,-11.616608749418674,-12.569749954656535,-5.434127535684186,0.6177657227900165,-2.3520147988629674,-1.361341057602056,9.859504432652805,-6.335910849736081,40.462819398298834,64.20541154091424,-9.523623588513916,2.2510947255963907,8.195600733604026,-13.568866185938123,6.206000676913202,-7.79247004736656
211,20.31911439014295,61.33703202599393,-48.88972069658814,5.858443692670777,9.208843985090326,7.925345058431462,-49.90372138433748,-21.9145779105397,-2.1672623943760856,4.678191622126563,1.5667302015887672,-16.477909026421152,35.90859382121838,-32.0156158382705,-12.507645954424028,43.543874260471526,-1.4913498085466717,13.840082768077579,108.50646321610394,159.59657508408696,-110.95387481650896,-2.2723088062327954,-31.042477580970143,13.30102519458721,-3.6196660916031864,-19.12603195357659,-14.721860708027837,38.6736087561047,-19.223956668933774,-123.78945846332383,-30.362629372415622,139.16311399626244
212,16.85687718277094,56.38072415598113,-14.215464082140281,-18.5199764612912,-16.72715684783805,-31.756487445739904,3.1590891310958717,9.391751617369643,4.1384792719871175,-31.333726401573298,-1.5501935030307965,-6.24605661754757,16.02500303755244,-0.22945632543360156,-10.220537190528281,13.61426085475381,1.1069192699026331,1.7276389250787987,7.956719643117988,8.884483764148765,-2.8778963689621313,1.7473128398309379,14.152814360749487,-1.4961591501403197,-5.2511120393418285,-3.5584667961807233,6.1223792897354015,8.02869670054933,3.3689004035197243,-12.040058060192097,2.034789982755876,19.00248243636787
213,6.123904038383118,19.91387068597364,-19.06358611114233,1.8943936364682523,5.447591175637014,-4.582487983581331,-14.865914676140864,-12.399100839195228,0.8571139492774349,-0.8526774874846682,1.0990874933180983,-10.2885823499056,12.242412480104777,-10.196765205283471,-5.2399097094948655,16.6108650555925,-0.40275094229173664,6.337895207064619,42.1356218933256,63.858367702000855,-45.70346528289691,-2.2973555292737013,-5.082099009519915,6.707243662724914,-5.095394597508536,-6.962869989780819,-9.637175014476474,14.423440196814658,-5.478736780301248,-36.70919355434756,-7.391576056098105,42.392223586693824
214,12.477495746829748,44.304370046389394,71.50074457640775,12.141640345116102,14.384791068645246,-3.504685990150498,-10.334089051449972,3.8913790084992512,-5.6971530027003,20.340150031330115,2.956212234038873,10.334222291396246,16.890235361898227,-16.33925710559217,7.219981379119684,-19.296682605430068,2.4430143363685883,17.72669154195366,3.1428879301836807,-0.33029211639381756,3.1151756632483822,-0.7100794888284592,-8.369097967572534,1.845853267468591,-33.570697177267974,-32.921181979675296,4.157342697021286,-6.953247694167788,-7.203585243773245,12.583841377679104,-8.67900935689548,5.035712373876294
215,5.452608353622261,19.385571805328503,31.638450823747164,5.463601483988265,6.2907808032833525,-7.737377888440147,-0.6094515212066165,2.788386965739688,-1.1777787717503405,-1.7623906981001745,-1.1060179219829316,11.963362547627073,2.3975633348691394,10.169107932337997,-2.8558877472921638,-20.66389825593773,6.924670356675061,28.426696972776135,2.7366269723187497,1.1088937828847354,-0.6420125919485385,-2.084572172789462,0.8636485822016017,-1.1578140315626466,-43.86693895562459,-26.44746691549438,10.164354396833845,-4.72591032234823,1.6942093989471796,-1.9118557013913766,6.194724773844831,-9.268984973543997
216,57.22549707913072,199.28936470976703,-103.95539147575467,-154.6907842198695,-207.08537031836713,152.03799082627893,-274.07521132272,29.37696257133083,-20.528579489627635,123.50561101671201,6.800338015255393,-54.16730718856841,-93.64686349666697,45.7896296283162,30.19446357236667,-100.35698516190384,5.986181974555481,46.49010172054118,-36.38754630313191,-19.248314217810258,-22.154409820891775,-13.146230343719436,-50.90330167408993,1.668436963818625,5.607077496927379,11.979906084737912,-12.697844639322266,-14.260598916973809,-0.4923895598340754,13.528311096695084,4.973012436520545,-32.40899527180136
217,8.570122098198185,29.008708103640064,82.22218680709409,28.819801431004954,24.472659849071785,-5.16307787276397,-47.49721138832678,-19.111298891677183,-5.38322485421627,2.3103143473072,-0.25773826952146117,-0.8961917737379892,-14.557743196374823,9.608523755406045,-2.9272054699410925,6.645340297123726,-3.0942023302546415,-12.597751811053097,0.12146543924850323,-0.2204504436413658,3.1527832525636414,3.7417823229173646,-18.62289710641214,-0.64544590111939,-103.16059137720384,-28.53141481933918,32.391843799763315,-0.5401017650595575,37.89406029406794,8.097566657068967,47.859314644538344,-4.1397727366137556
218,32.13141940546341,98.77160862970337,15.025466758467436,-7.730858892592004,2.960260909443139,6.44490631247826,69.7324490008477,25.252776802798216,11.592735305605894,91.10675733838684,7.072598823028882,-25.81406128742382,-24.862577500859796,-12.245595035519923,8.625155336250653,32.29838651055242,-15.783537352213457,-60.94299775995282,-12.591056317011342,-9.380502800972916,13.458837499834106,-1.5113830638692758,82.97437220910135,-8.112541567684154,16.193468026058934,10.16640078853106,2.7957892501796455,2.8378412767947645,0.8656194333589394,-0.4556984812836224,-1.10716975395509,40.33298713713708
219,13.138238890957224,39.75100585018526,-40.25855610445073,10.493418995797635,16.258763235696584,-1.0891395659140464,-32.26644985892507,-22.502166269777003,0.07665798741268183,3.9988408123364647,1.4484243309813878,-15.402070971572165,25.728874474456724,-21.66016752900276,-10.20431201527292,31.13627063495968,-0.45068864748936016,14.496534432520404,87.98250895265085,131.41755479186457,-93.21419656952756,-3.831604204371265,-24.834308344681816,12.382481914122726,-6.236636912835736,-15.802854598872642,-15.978680856789461,31.598805859215524,-14.839083522540902,-97.47410507657403,-21.59873740406355,107.73577621883392
22,41.673758696003766,148.70825230341165,247.88597823223114,60.72862751266618,71.71439512049972,-41.95798609706638,-124.6345554746122,-45.482997804588265,-28.315694070363023,-16.415397027319802,24.03098010534401,-84.87770765107173,49.12700197568166,-150.537276802288,56.124874215097414,-61.4120742004538,-58.403469994262,-104.25920834540122,-7.269615350890328,14.680535085905053,-12.965755796437984,0.9979207445491636,19.51604530101846,-10.547750780769485,90.22583378221638,86.8364005570649,-20.960752991544684,5.523842925411833,-13.558640841988591,-34.24531452978028,-17.134956144711083,11.260052005613895
220,15.505151361011572,46.85848867539956,-64.54454582480537,39.21164471721045,63.019566864826125,-20.042302026556637,-0.23295619593987638,-60.5298860738355,7.173138444419763,13.246303672162302,2.0700243807218976,5.715273839948931,3.672839655797096,7.006989181762729,-0.08015510562524784,-13.592494601526631,5.859039503798324,10.26034615562248,-29.323461141373603,-66.55764007738432,56.07566350090633,5.77996379664729,-96.49634482237143,25.623069209555847,-7.359985453538976,1.6729670277889883,-43.999626257363026,20.626900346779138,-20.98771328837801,-61.14770288039111,-20.629789660355822,16.88353629032272
221,12.920724852665375,27.338229854334347,113.35506155367199,69.63364964181085,27.53266896402122,-23.520157038206285,-111.3966450580358,-37.378521622559205,14.535997558334563,-0.46652652682258544,-30.988518908548702,43.03015908915395,-110.30538243423702,192.57747382293394,-85.00453229386993,180.80413081447892,33.698519020600585,-21.156060314720957,-4.6595676801589665,-1.266977854576857,-2.02346635863091,7.254640454147021,-7.15363615063619,-17.939617657052697,-104.4973130336646,144.93450493607162,47.61811954713328,17.78428782204071,116.16315638016488,-42.702930008614544,131.93167562126982,-21.762109314450697
222,17.600953732244076,53.21728652925872,12.10308455897899,-13.446783216065185,-6.750848477235469,-34.53281735345622,70.97951440289211,45.67496984150381,12.857654578573785,74.30668479790015,6.061138696335293,-43.594780558231804,-40.323673239832345,-1.7301997895240846,5.32685338263791,41.69172587688102,-9.911398630506087,-49.931570349757905,-1.148784789617854,0.11947955832391896,0.22448555717643928,2.7298351114471853,5.173961797960253,-1.4888426534011099,7.194823031283755,-1.7970275865888174,-15.883869715237516,1.02293768344843,-28.939205269652508,-30.23695332016514,15.819086429120734,-5.469263462230257
223,89.6136546298142,250.94679680603855,19.33333944985638,-21.985907060438723,-46.03700452333193,-40.91047253954431,197.0499769655121,90.45724811579285,50.42341332983965,-78.58202915936252,-62.46903310632898,141.7826886222907,-80.49799750075506,248.03240177834377,-140.25853437852723,-209.8166087775254,-159.62436088824103,-366.2478337994767,-77.08262740048053,85.39589462905563,-112.24856501981814,-20.712837988940173,-30.51448830175492,62.62819132630484,27.50791677607041,-72.16952200304212,-78.60386392952165,11.197374344111024,-43.33162030703676,-38.4791572882097,1.397870659032321,-14.190716644092168
224,37.880992309901146,93.9651725643571,14.213543618965057,10.640194551171298,-30.271935179145334,-14.50878084716726,98.82497284632288,56.136499769263025,39.440717009831545,-45.345011559388624,-54.080251248051724,115.36877909868291,-56.654164108423466,204.6657911060472,-116.12349237150396,-146.99092401041872,-138.57159174537674,-328.5936778787519,-72.5471618677952,85.90273590873284,-121.59584991788213,-22.23208416342866,-76.5146004892414,56.8150212090571,22.376462490663243,-51.01275156085437,-76.13556689760189,-11.306680012335162,-52.442504223775636,7.716738380836402,-40.09237083539588,10.829659561153532
225,25.655114052364617,68.38143436284842,9.998697871984412,1.3057774190871565,-20.34341231694134,-9.954808237718684,67.61672198250653,33.18937566186069,25.86776801454783,-30.81980849669049,-31.55099757417359,64.63918198696483,-39.51006741482878,120.31750002217088,-66.98724010119427,-90.21102265000604,-78.7922569198682,-184.6771559098699,-40.63667494387851,47.01094105250352,-63.55756464982353,-11.124931469665151,-29.048636490765727,31.200729201991262,2.3912009821288303,-24.390895570899534,-45.254495562912574,-0.45153465782803187,-31.994814493696673,-14.956749207158609,-19.37414447711956,-2.0721413201960157
226,36.43990737027344,79.97395389161233,5.460368104271812,13.562289294715205,-11.530185312613595,-2.047490922393266,95.40844852536853,77.57222495662182,13.190044209932893,-29.90280267231668,-58.39769599622825,153.32971477087358,-14.741718614849669,197.09542296018523,-125.47119726639878,-171.4042720383366,-142.4192662635214,-339.31719239032554,-74.73383542334916,88.05957642075774,-152.009187659968,-34.24001149272566,-127.74595734452623,73.75092706277762,119.12272404710589,-117.66337080695693,-53.284791652423706,-29.040838934916867,-5.827861150496349,106.24432403255751,11.617655216608428,35.678899032575345
227,35.433508623114136,64.81972260116135,20.836666098144235,38.18025871300702,-40.07214740586481,-12.638788897548173,62.761581667001934,38.44607317168564,56.20885586758051,-36.812262800166636,-55.78363920426471,94.08241198193656,-63.436253051484016,186.27169901749306,-99.28849185746675,-96.4556673963139,-116.13827973136571,-274.150417062152,-62.23885788496298,74.60276649965877,-98.02987719246555,-14.317109927364612,-64.05492199316906,28.78241635077057,-36.40063947488926,16.461969672595263,-60.827068669961456,-14.886941703266837,-58.957602949495204,-6.1450655251985085,-72.36254835528594,16.085455898046103
228,25.8912089315974,47.15079626172977,1.2636159410001633,15.51615637431577,-3.6870967451597294,5.02832805240965,66.99951209083726,66.34009841798394,1.7988300271979716,-15.318121657300308,-49.91145434381083,138.61677272675874,5.853010432251121,157.7738844836,-105.12972083824162,-143.61388085661693,-118.665551047214,-283.68110522174214,-63.27953186021361,74.72186217478651,-139.8910808130483,-32.26456736158964,-133.54194852826075,67.6765329203957,134.47484059359326,-119.2171237046468,-36.47541976021879,-33.02938319890815,11.551520579277426,134.26276717270463,22.464119164373663,43.3809486825897
229,37.889467105689,49.90878519888784,-5.501342532771913,32.36678306437471,10.560239000930721,20.253942701387373,54.20956399264623,84.06238648831118,-15.122763203204931,0.61122484259565,-47.47901082820509,136.53841171715615,35.25366246476645,118.07633711526522,-86.70030109778064,-108.87884784881027,-84.96503673305322,-202.6833857657902,-43.82913739843266,49.948956053743274,-111.85920019734048,-26.099632002242792,-119.636433701891,37.35983751309934,119.99106218442813,-85.14830228300026,3.6861459283301365,-32.301609144324004,28.385485255788357,118.22718797276991,27.673965903630037,35.58141877550257
23,84.877412022387,230.93896374534137,-222.3197391432934,122.40094648148674,171.76843630633624,-32.32629559729199,6.730120781131669,-148.06702226567495,3.1093268131127645,50.863249201111316,6.07390997436326,45.05294761557548,-41.241184955769576,6.849057527596403,54.95144566509469,-24.02647832761601,14.297251901569158,-2.342763765962559,-76.93591977229674,-104.82454621337888,75.11000426027702,1.0033359780045474,-9.913742313899581,2.132590335643099,1.8730342238888988,3.784336043318011,-3.390355671421868,3.096514816669278,-0.9415928055151457,-0.464063915983405,-10.576378128936078,41.35574468881056
230,18.850226330274594,39.485970348203445,9.007498789862504,16.104125261588976,-21.82664623669931,-8.06606420434139,43.095900123480504,26.93816071314336,30.80845657921809,-23.47151076110283,-34.59420659812326,61.40463043028603,-37.36040904343128,117.32431898047899,-65.15670491779991,-72.33158094346062,-78.423767828085,-186.8944085113887,-42.1957237789188,50.52153206988193,-69.06438905291733,-10.94690868710202,-45.69722054386082,26.72102103552115,-10.011685641531772,-5.348683702596122,-44.91764920341008,-9.912429045177726,-40.190302572425324,-0.2492921600178821,-46.846229869486095,10.454277338812108
231,36.82174146062713,35.88493441386196,-44.02763378232174,83.95927912455447,56.353387009139546,42.240179209722804,-1.4452625003498134,103.5555102866336,-25.309433229681733,-5.243376302437937,-23.33491944789275,56.40454019785458,18.27222653921886,34.588790994213305,-38.311068962237925,-41.11417151920966,-30.890124510023025,-68.88427850220823,-20.174572488266886,16.123646765531404,-55.225151699645814,-5.455447576910152,-68.05294172307366,-22.22787700115706,80.3585896557347,-42.83590134140904,84.3091545376681,-40.34618135549965,24.45656909424222,40.70307364717841,4.9219900223502595,14.363535860119711
232,10.77575939672398,10.455304310797429,-14.454528773492784,27.31567619784512,18.5978049293907,12.99089239312377,-1.013310088972519,32.9176243674548,-7.424332044928356,-1.969131553141367,-7.470242301031195,17.657650530572887,4.825990705478996,10.811894143215778,-12.812933998639982,-13.926870342193045,-10.1159914484051,-22.66449849214515,-7.175007400508603,5.057459347841769,-18.517916753091697,-2.641876128472907,-24.090967156009793,-9.522324096321139,28.81555588725501,-15.379026743254308,32.58304056910345,-15.173126830033402,8.58358621521036,13.636223356204384,1.4081622251187933,5.301536006472945
233,21.124256989651485,54.12587508814529,6.519726259031028,3.943077532140426,-18.43670648107507,-7.831521848028584,51.60919590903752,26.685564991906286,23.263665132056033,-25.1012878630436,-27.401141205326724,53.63642340732809,-32.033199474830134,101.5155397425292,-56.86294845959943,-70.46388255207246,-67.876055343752,-160.64030207774277,-35.4383687252946,41.131292590513645,-55.769386532475565,-9.398638081838397,-28.108846156429617,25.334104172416886,0.7463759012056896,-17.635472516148983,-37.97521257268583,-3.125443042028475,-29.746712499125962,-6.942179543108044,-24.427101831061336,2.4801270424123016
234,19.34531340724467,54.157055212944115,5.509378438219245,-2.8089505896911864,-13.453036490399533,-11.245798748276743,50.827663996390335,25.22157405528421,16.074945082418466,-22.57552418318414,-20.811473395098428,46.83191339432728,-24.921845878583017,81.44547245012828,-45.482850884893516,-68.28773135335105,-52.702519772880876,-121.4531417756279,-27.14779245327899,30.143694942121904,-40.71573023722678,-7.480648590921474,-16.800240442134616,22.168965333091254,5.742340819415202,-20.255366477948808,-30.35050562308204,2.429842966810546,-18.165175330261498,-12.089750492494474,-5.0827221595430405,-3.148416946009482
235,12.294931843892945,24.838726037685632,1.6489239047554636,7.577122388047136,-3.171861803778947,1.4960776218395164,37.4558382990651,34.980842566698485,3.711969762565505,-10.03922601800102,-27.30741622452832,75.22958426254537,-1.0184241672281367,90.80421135570587,-59.44696665151956,-81.61464761505805,-68.20223327641372,-163.69215801436135,-36.95557625386761,43.943578346931346,-78.90727970373864,-18.497130087763406,-73.34219146667981,39.52284944625281,71.69238502986292,-66.50427306736866,-25.197226283091503,-18.124693654134305,2.422056315930158,72.19975635649583,9.64885361250784,24.11508200172288
236,4.838696914216809,9.820492303741304,1.8664184285223213,4.326856275649233,-5.932420638569176,-2.5017493936923496,11.336101298337647,7.087260172381169,8.345301543883954,-6.508598536059775,-8.986366050497798,16.27228870658139,-9.661249147904261,30.962092600022952,-17.260789611233506,-19.685064659447555,-21.17336800412855,-50.347352931254925,-11.355225478819479,13.85351783957692,-18.395777821993942,-2.8857347833781923,-12.258301688503847,7.132566210635919,-2.740448886264961,-1.5765311207825916,-12.63908154941524,-2.7628165149850945,-11.809387282862957,-0.4349250610891514,-13.942123026292151,3.0112007093364204
237,6.546049908432282,12.340433391441518,0.5783834807520003,3.946659509390711,-1.165708343288339,1.3961676200431363,19.141455447041988,18.38029077016117,0.6797223195507763,-4.73801394584106,-14.413971077819292,40.36296674153528,1.309222181823596,46.67920955185098,-31.076271674481433,-43.04738102327345,-35.58631922238444,-85.31385849866824,-19.201655785199723,22.7920272672742,-42.49028687176851,-9.96440305027461,-41.03231923245909,21.442292380337424,42.13609304352554,-37.94282058553097,-11.869329585996987,-10.221940786413038,3.780288196488687,42.97022529681786,7.3233624408273945,13.847472658162784
238,118.4426377449132,386.80308824632175,161.83356899068667,-56.045197936869094,-82.46082632654411,593.1991898985159,49.258241388369434,10.76537583593661,-34.310310985483476,256.3360657674591,-15.88222443230373,346.11148025787986,347.87481446386806,-111.03197882349778,-49.515461700933855,190.0799760317656,28.400176122040918,-4.8050690869246155,15.112517627811009,-29.572029516119134,92.30858713675602,6.15462377029199,21.98812260344167,12.288613605528775,-38.401050071177075,24.75526414907163,-40.98979921364867,4.3998641394726095,-24.301839273361015,-19.120222961140627,-14.106536378779731,-37.45776493376595
239,51.81693335167005,146.13256717750505,39.75197420683301,5.797778387759857,-19.70486180924253,310.7561528654435,8.56200889001356,44.61463286596411,-32.57571604280782,145.2473059937254,-18.78980260873902,273.1294963504149,285.8091108430755,-95.48881923510248,-56.22967449031335,175.95733415488175,14.611006651272236,-14.524149492891008,36.313945227966514,12.5097011262618,47.931257186940904,24.04813438274348,-25.28355552380841,-3.685704141995779,11.836431996809354,46.685359693461365,2.837450695825761,-3.618931177020102,-17.92096319702882,-45.956975605221395,-16.17920868508878,24.132438483011796
24,94.70308129517389,299.2532292804622,100.50480731451533,-38.803466310575516,-33.48412895789917,-245.41719668230704,76.64679019900075,101.3788271368455,-10.638280082085135,-123.54689469954127,-17.684402512579684,174.7367925132281,61.66806104298791,26.71432085465898,35.631997711333796,-225.55060205809667,34.30533524693203,166.49184603397424,-11.053562545450962,8.448802821789636,-2.90429429445514,-8.823668450331297,70.18757437795405,-28.109357048079072,35.60507748106968,180.1249768357437,-1.6580174435927413,34.85567185537457,67.01186685177237,-67.26849711268878,80.52950692767928,-17.937680466726594
240,13.163788246644165,44.20737994814967,18.94690126841813,-9.154597507423674,-12.867394765462242,73.34665588743555,3.0058529428100123,1.624989006553194,-4.375079143594399,35.30511844388177,-1.7482007227037617,44.28109448352411,44.44281419728685,-14.314649088777973,-5.833485434168305,24.402460173230384,4.102244113345209,0.21480972094328574,1.1576997694983837,-5.0210160824329195,12.958710536364872,0.4669403504519279,3.005197561757917,2.171089228871279,-6.080785302947966,3.2699380616753455,-7.058721295264393,0.3772279153385216,-3.7764134232283593,-1.1328535172701866,-2.2093584966931794,-6.3761420415195476
241,50.79126705644525,151.73006095272808,76.06112813505386,-22.638332260749973,-43.38354049993143,350.54009671488035,32.56954255809377,31.91705695338345,-34.558449691142414,198.7970861085036,-28.10529314041009,377.4843234152926,371.81313919156554,-95.86019114993188,-77.0027323183741,195.25233822798586,19.26756100640973,-26.891430470830482,30.71820274800104,-16.71044318626976,78.24438892397983,8.661866443531,-53.12495318149307,27.27917664787787,14.312115594462115,82.04030090920189,-68.30865033331935,7.474494279242495,8.624566368515953,53.81186498347262,40.952071970095105,-2.5694030942826847
242,15.792618954222602,44.85564096761734,12.903470373654933,2.550255104988953,-6.1688071369090665,110.18429430667717,4.698138499943325,16.943862370171303,-11.96891298775603,53.05471045610768,-7.3161988594469705,107.72697437299564,113.32601740011792,-38.18319365511097,-22.77024952289305,72.87775826820406,5.913664436719587,-6.111949615144791,15.42349463754109,5.8584672212465785,20.152247653347064,11.389578929719148,-10.602140260116034,-2.1907568871168857,5.255226956892415,21.65699047744988,1.8967238633981183,-1.6754024851713292,-9.406978025544582,-23.0412515299638,-8.254600458554384,10.978112722267412
243,38.01406672142309,81.53704043137978,-21.305155657761933,36.70640550053844,13.025360031301148,127.9270483071288,-26.70021236309822,50.22563610730376,-22.798167219313832,49.42229921897261,-10.26915405670418,97.19081607369077,111.36107649058268,-46.06704629822749,-25.862214404888956,71.9184532813538,0.8511105773473151,-5.867883408333911,30.41541530160882,36.134397794636484,-12.201379394238993,16.636845902156878,-26.267993544788876,-15.047105420007657,24.442271185924753,7.285038130525907,39.936130983463514,-7.698013033844843,-4.587198854152506,-44.53985881611145,-18.765506744667814,42.93957405850581
244,16.650395279472008,46.34220540461806,11.807214672003061,3.4760668645918233,-6.267914722259367,115.62667078051057,2.411348041739727,18.888958999800103,-13.230281746995715,57.17265725639491,-7.607356939403094,113.45133535347598,119.06260019287822,-40.26265945402803,-23.82692298246641,76.48863500886038,5.849489034199909,-6.157627683917883,15.519121986380146,5.789771269344024,20.980868637601514,12.885739005436697,-11.187741813045827,-2.6133354794972803,6.054409578402791,23.10364057446925,2.854026975701622,-2.4805519908560063,-9.740416884320947,-23.509088275738424,-9.003478937733194,12.154489841042452
245,42.41218175638499,96.52438029916702,48.91500194585153,-11.541923093718841,-26.24661405179519,223.58519232928492,38.01212560653254,44.09089955988459,-31.22192866259188,143.91507022579216,-32.5234618650682,308.5805543139208,285.713008677185,-45.70018650733344,-74.37174284579552,115.41723989442264,3.9320635028165403,-33.58909637824532,18.394916424201224,-9.137800962061645,30.927657684102467,-0.9012787460457026,-71.44094889868418,22.711871336865872,41.440713426712584,58.04572186836707,-46.84115388412981,4.098657375700796,31.459074451013873,93.97176053786363,55.14768117481168,8.552033245114602
246,31.138771949740352,91.46743743294176,41.428049577135916,-14.774547396898896,-24.61379026208302,191.1875186072365,23.834815659195286,16.402541004639684,-16.732433438181822,102.25339156392911,-14.467437688249746,185.55320322298604,178.09014604906997,-41.21882502832107,-38.02053351286132,87.5559868077659,8.853292132986464,-11.762030776246139,10.559562699109668,-10.43741793713116,34.22055377320486,1.2461110388330878,-19.085669389568164,10.9555077982192,7.094070911777547,32.35759858996375,-29.24647476305375,2.596545265737553,5.771326097012621,31.73512853402016,18.30355990264526,-7.094408336522029
247,26.80188150356472,85.85682145254349,41.07298942163424,-13.709705173423878,-22.759465576376236,174.62829712420066,17.296181586948364,8.781214941196227,-13.10758120884563,84.99678780405931,-9.302918599638778,147.96971871409386,146.9968447924679,-41.111657910966024,-27.137518717612966,80.21858826743754,10.300083509350781,-5.611023588341236,10.274388645347004,-9.434702876906833,35.83257258807465,3.350902814722435,-9.374693552536616,9.03590101588586,-3.915272955276335,25.49626908023738,-25.050540885695014,2.8906652860300937,-3.131322278693425,7.26748735785053,6.841419462271409,-11.678356059431033
248,8.951447432591745,21.344209706278665,12.119748462516382,-3.062080088514407,-6.276181599827674,54.37484694580226,10.251906710694387,10.045240160005639,-7.19100634873267,35.65423405253459,-7.95457687794337,78.64488799611225,73.59227415036354,-12.478617454320295,-18.651427024262865,31.341516613834276,1.6338243770229204,-8.022456312597857,5.358018203985835,-2.560680480223469,9.400337486748867,-0.0964770376728831,-18.742992098965445,6.452058224356793,10.437455800434233,16.930147979743854,-13.998434900054948,1.5212891077129704,8.3384085903477,25.341136200449956,15.730268105048735,1.4224521449559269
249,24.422976101169297,64.31705364501119,27.498783357656894,-6.058754863612358,-18.150275974104154,153.70589023214401,13.35395851265597,22.452012331792545,-17.825841871275717,89.90771844198272,-16.32653511654717,182.98214890516883,177.51599187743537,-40.43707377011576,-40.74208453330027,87.78617499292649,5.795186917779755,-17.16871375365207,15.327522264467438,-3.2324338547570113,27.803752456832147,4.187724556991033,-35.50657474036556,11.552304769757624,17.42315245808773,38.2058137578364,-26.670895364873008,1.7884832611212131,9.249413651604172,33.8669844722921,22.955136523332243,5.347839969660128
25,18.109042361713836,61.59963866514255,197.83760763046394,77.9629859642124,63.905501692631184,-58.945877327359014,-156.11608772414115,-44.36890102459053,-11.453338676497316,1.6914298881020178,-23.608293038916255,71.89743899417427,-120.48045740211617,252.6475217090956,-110.7442469365458,199.88049502476835,102.08748998665493,129.52419547846858,18.946878986267137,-23.60925296652907,4.172413088305011,-14.871821351646433,78.06893908048535,34.187026079783905,327.56824898926334,-79.87433019269135,-92.72011246803932,4.688845938267408,-114.73201639751785,-8.770843519920458,-101.2565386812621,-19.826035529960194
250,9.612154469786502,28.195118533969016,14.292967607277138,-4.22696161026469,-7.526581566527441,65.43652203057192,9.306912889181962,5.857025577267682,-5.995070390675212,36.08458687271897,-5.41322231922746,69.32226276370565,66.9031027827823,-15.671009734750093,-14.448935072377953,33.58449225182191,3.412346246324172,-4.449116162314433,4.500579358230086,-3.8509042930683046,13.241896788581421,0.655923324479042,-8.52825327668481,4.476189496318433,3.201910443871036,13.451572853149578,-11.974429057853836,1.0292484067330587,2.49885002449297,13.521494453444056,7.860320528705608,-2.540339248781159
251,14.57853789141992,44.577536913354685,26.390765003132902,-7.71107070571091,-15.23546767347951,129.42807842707072,13.306574449617331,11.795535750185492,-13.507656269545912,81.39514952241986,-11.689972696454944,168.81824759138829,168.13734819010025,-44.90186334337404,-35.754499899440475,95.013398997317,9.581506484510065,-13.527974980061593,16.677297317760427,-8.941556368880446,41.503697711804726,4.587599734455336,-29.580756050493232,17.957320446059462,10.150804347380094,55.3497100194511,-44.15592770402463,6.855533939468347,7.971117501089466,29.974265712528656,30.721338666374272,5.427794127292243
252,6.589897759588576,20.601663363877428,13.511360413179025,-3.8641439808355553,-7.778908429409124,68.17859642995163,7.078871276122958,6.409243976212579,-7.3574222664146,45.819941878326375,-6.585775726309158,99.10851791387297,99.18178582369652,-26.88207027116905,-21.492699812850418,57.73880657938728,5.805114351329758,-8.623445757627946,10.646503257069197,-5.628524359115676,26.160387542717693,2.767622287171839,-19.622824914162038,12.585618285250314,7.550738408868531,38.63808971453485,-30.354959256803703,5.306026807084399,6.472712534454613,19.790722726547955,22.623109234701307,6.264728005932078
253,6.05426424461936,18.826122831254818,11.777463503325235,-3.7564766860690413,-7.526946871439388,63.448151703969096,6.066804824833976,6.254431586263471,-6.922963147995607,42.989442190503844,-6.223567959479969,92.90889639975505,92.80212821900929,-24.982831326757477,-20.24663447378733,54.043174417380534,5.396323360549357,-8.141988799607834,9.946264159448448,-5.171824662305337,24.324125981448628,2.623562653766051,-18.547056017649112,11.68712209350916,7.602831810206583,36.59910995574199,-28.308402035228013,4.908052324576379,6.140192080547967,18.550760475406403,21.261592736438583,6.176705153145628
254,17.13652946458071,51.037891780650966,20.263154183462667,-4.105468840339506,-13.03035242368342,123.47181026868573,5.263881305205945,13.921969268746174,-12.538616837009517,68.39881134680805,-9.284838351034841,130.77217751649906,132.45659864055662,-39.12098189663637,-26.784915368462467,76.18187652149503,7.300458829993884,-8.011252122835687,14.678162933540895,-0.20432305943726803,26.522925972269356,6.847904774204929,-17.724750187111766,5.203856897975669,5.30059817596253,28.800686735067618,-14.922937300885286,0.9505718458052326,-2.9607492938957014,0.7570332469665005,4.900503778068421,6.872525590206769
255,34.86787191348889,97.38829758900347,29.083759161382613,2.1910171749666953,-14.497176119674299,195.96301998313754,6.800754513110945,26.78417473290441,-19.641444613635866,94.64204097231635,-12.969224964197483,172.767210277375,177.20657949478542,-55.395196015560074,-35.08015626255825,102.23832808192692,8.849024239465264,-10.573955328999821,20.671636423123438,5.022294276907681,29.04496589622961,10.47822731018145,-20.07908124588609,0.5989358700073383,7.255199853287075,26.02071091318161,-3.4244545350603004,-1.8835318564563723,-6.270673548758455,-12.769423905812857,-3.2703831251996434,7.948299427400782
256,58.81709355166584,167.17087783080802,-199.17041649923965,120.52225285923642,178.77076135421765,-52.31739971009623,-2.4422587346571816,-139.8082144437068,14.377613354573535,31.231205099124647,2.8062406759865612,16.824487192377536,7.965894077818656,14.706250367774507,3.520290569664423,-26.836443695925354,10.747286953604835,12.255188254047184,-68.69909961232206,-138.96564917787248,115.34714771724086,7.328353427290297,-137.1871753276789,17.80860127303919,3.554189241221702,-5.088486869725683,-32.20670829852608,13.449437026559927,-18.491385915080528,-49.03128154952821,-17.495138683994362,91.99437827318587
257,13.065534833193382,37.8112137187136,-50.80103879648272,31.888411950545592,48.311251858438816,-13.977233323288443,-1.0447672589776758,-40.876659886617134,4.121370775095689,10.201769199209705,1.055805199147874,4.997936713049941,2.5643304324442524,4.467456265876637,1.6448947783743122,-8.359227398163593,3.703008473808638,4.683406238786796,-24.785910013831117,-49.9329263997366,41.372047920422446,2.64149739133166,-50.60309745665631,6.463444456573383,1.2200276834182027,-2.743387499589456,-14.53061844976162,5.183303670712195,-8.334348064153568,-20.05209035129079,-7.374176723638331,44.81631765840098
258,8.24781928989118,24.442231640652576,-34.282576604156425,21.579989485969463,33.45294988060069,-10.727365306442989,-0.5192122485821974,-29.460586710533068,3.1907320334674925,6.440831747804524,0.7202720868208564,3.9314776256760844,2.3747296102687567,3.6318314418810993,1.0756977839111517,-6.457235591264074,3.056824437145728,3.6119599648710152,-20.9359177573501,-42.48257528331438,35.51029477303278,2.4347938039978625,-44.39517162113802,5.765875564108183,0.9367456505090288,-2.8977343252027445,-13.699599682639384,5.192406263909658,-7.960628945041889,-19.766701081912764,-6.738846503312143,42.37084826744451
259,8.83197397958025,25.515044851040113,-32.81002700164335,20.08194579268561,30.323116749976705,-9.097350721488905,-0.5845496848003184,-25.007816521828083,2.612103154315081,5.41142320466365,0.5816432328738237,2.8563732082856403,1.5877348176982298,2.5263956720366103,0.6770842439855065,-4.516802545280112,2.097835639012523,2.4090084401954113,-13.66796424943273,-27.528609920058578,22.744232886745195,1.6356684003444966,-28.606019729530797,3.968398045687001,0.4689268280165428,-1.355065977784164,-7.312098859464454,3.0603772621742587,-4.327282461607367,-11.545695521061617,-4.103874982630342,19.21385777345617
26,51.5039265797428,171.62237253781544,22.946518232699326,-20.069054115150546,-14.927271283546055,-1.072414761205124,-34.966394117905054,-16.25061147057619,0.029941903749025653,-70.803222948248,7.387402364773523,-76.1109110762932,64.30384090218547,-69.98083313698591,-5.951876681672604,69.82901760145737,-19.139542379060867,-54.572951058806375,13.784995602083686,45.32148783824593,-43.88893450815479,-5.8345542592535775,39.7009127990742,-8.573916874485596,23.425691746941965,-3.9447732315759514,5.524093962074167,4.731243754226623,-18.50382281953566,-53.46586296890065,-30.33584243175774,31.78562520210686
260,3.2314525455150607,9.651350432355548,-13.82424819185835,8.746595858338909,13.675318333811177,-4.438220902065469,-0.10145281939858383,-12.325449282284028,1.3419343142075344,2.7084609314395363,0.3061642890854889,1.8009393750811524,0.8427651597468977,1.6259177681477648,0.5471239731926376,-2.9318612834026045,1.3148673402000912,1.566202974049644,-9.037116235012972,-18.469064478394625,15.54228647611919,1.1085529760709227,-19.424223846111623,2.59450835201851,0.3419361244182148,-1.2718623170528436,-6.3018745033029395,2.39395523000564,-3.590031121976082,-8.800118173520064,-2.91039565707846,18.86714555644946
261,50.20194830430999,149.27344477481685,-53.99112382381356,-21.105227288555383,-36.10479830422699,56.829883640542455,-104.11961815210472,3.7908137564688476,-13.146084437908858,3.174354640608211,0.27461629926062275,-7.9972305474382965,63.509117339151466,-61.64199544595574,-13.558544384283927,74.59855462268439,-6.518276217869095,-7.107216144486139,110.41705235777918,154.6473855107343,-99.1826419978531,8.935074687857396,-33.14809942446424,3.4326029768228903,14.944398435239693,-20.56868606930323,11.56251107404602,37.01854433060561,-23.075948621907397,-139.96977459081165,-47.202615219786644,162.0668865481549
262,8.223760342993803,24.276335841310633,-10.380966692255294,-2.864159042145629,-5.294603369553768,7.101271610176869,-17.01311049137533,0.6339108749514984,-1.9129497784167475,-2.1837855644662194,-0.1407261329477936,-2.1774128394282743,11.89601930202373,-11.280108813344707,-2.945132623994386,14.924054776360137,-1.1773851954805061,-1.7009561002416727,20.01679258017872,28.0169593341224,-18.023810784137165,1.7873885110432226,-6.330984588583391,0.23916870771842738,3.0183589601993583,-4.7353034506950324,3.413102882698607,6.949098832050229,-4.347271231354047,-27.17394197114855,-9.519099444068404,32.94770775862872
263,198.76262889207743,161.61728860930626,-281.82320153429043,469.2429205813655,314.31060541643296,204.38742889872194,-106.4084740931026,416.35164896149786,-100.15572106835324,-25.34692544856699,-43.41156326374639,46.95672843368156,17.76936411958597,-26.302685071132025,-46.51188028772492,-23.65450768511773,-15.629183567357783,-2.0166213027674713,-28.35175102175765,3.197591540310038,-79.91843750671701,28.760942844495826,-105.21586641654933,-153.19855437654954,157.76377091725334,-53.4374185690813,348.9981391508081,-121.54357040768818,55.20694050948979,-17.3646586932596,-29.528137501229327,-7.47792623026703
264,218.33952573108652,-26.647107319215067,-35.80392475367977,493.44212993788705,-276.1992603087158,34.37602123011263,-42.589576537928046,92.29707530860479,379.5841716259014,-14.018778743246996,-241.66012175390682,3.3487682482083687,-34.33216666229962,-107.67375765613568,-19.736336257191038,-8.122828461323525,15.020414954599072,23.799980513509098,-15.406890674255557,7.650303448375866,3.094243851910048,9.184540297750862,-11.040074216507076,-34.016480033717144,26.602473656933796,-1.1462899550309642,91.38642578211525,-36.391109713735894,0.4741601857636766,53.658622329508674,-106.3192829621607,-74.71141921435829
265,357.67859510377696,-105.77807496664026,5.26264875450254,256.1924787240503,-223.58622660165236,-7.017150732697762,-5.156520382281973,-21.892868651047067,213.36372693358504,-4.194557362203525,213.94969829364842,-16.67777428267713,88.01961570170165,122.33639872191785,132.55818086528097,15.582015772655636,-85.6388585590937,16.48050582497803,-67.73204661558017,188.8400581156894,176.84007686717578,3.1059695186984713,-38.63296550044732,-256.5055896955246,6.2954206684677265,-18.769580686491647,-36.25928300273016,-23.992304509913662,-134.19540659326995,51.68660605130266,34.10602842842371,-20.15813658552103
266,191.19140179377118,-9.222812796873631,-97.11949729974627,208.93145789453982,149.27068770997468,115.55981178582685,-70.62919713486838,371.16135571154905,-193.58724649957145,-94.65478755106503,100.1069300889842,-19.917390924132192,-50.405844968766765,-31.090047807964687,-32.58261699279471,64.7687058492825,-240.48879219182373,164.34302104262704,-222.80482643300158,14.554337736857489,-128.49806943134675,613.2079533697562,79.99933635934536,141.198592277636,-34.16933772938569,2.8017196768392454,-108.85235636283413,27.822580954787085,21.52352339542335,27.464816613447386,-9.8409220442877,-1.4787214260977346
267,227.46533020895515,-58.60508653845662,-7.515158138725047,245.20574885802313,-249.2239212011978,-30.7625826373915,61.785029634647245,-84.13634797311892,-196.4988333983488,32.95715879891255,-109.26234760857864,-42.33034490436998,-32.470450352864184,-88.9037467707354,-121.03940118399244,-20.001381721544288,47.72374835196491,27.05187140723784,-66.04874287037319,75.8399513834983,73.08945022260325,-112.98643042251054,15.302558682472549,180.31653455381255,11.238093350349422,6.35419028095382,48.133716308407635,-49.623104940904774,76.09060587482224,-36.72102687805717,-10.498178159426846,-1.3471985803879474
268,187.1241393495323,-54.4276424615702,1.5094111126904286,193.14913402358175,-185.04040027797564,-13.49325803192826,13.553905658057495,-29.45319437817196,74.34425095042964,-4.82729429406101,365.5921963845564,9.47368557593525,45.77887720662203,70.44007291382245,23.618653363127255,-6.402281293918268,19.67833615850223,-21.80174185889355,-17.902228953435262,58.63802000092271,47.14633017013567,22.45131786911743,-12.473568834803697,-80.00100221148125,-8.028269747311363,2.7868335369009833,-23.986248660305854,-51.22145838359749,-78.87563694918013,-9.517185367561815,59.54657838866273,17.150248471634637
269,151.9285447596778,-46.15045206960725,-0.05289547860647631,75.58123170704737,-83.22585332834592,-9.802312959030214,21.008889899512116,-24.133206497486483,-76.12238657266037,6.58286623841012,51.3460457767769,-7.910685288662683,-55.96356885625523,-83.08850288063745,-128.322049740338,13.74265152204118,-95.13008861740899,94.57608841226165,-179.81350965457736,215.77303695718675,190.10064559251927,-230.12610034749656,10.946273884373756,351.6050435426203,16.002711127685956,35.0801928315367,110.59442100584732,-4.486318472944282,127.13556980327557,-26.06393910758833,-81.26219734718752,1.2390933429107438
27,32.4484794226655,112.40960816099648,293.41889567938404,97.37363400274205,88.08836853857728,-24.91478549249851,-168.11993092176323,-64.63834449735916,-23.26891130892742,5.986782778252045,4.2332924852420115,-17.28354229931925,-24.603673364130902,-13.0493822703742,5.149958695233703,8.120358866735247,-18.878138618176028,-55.48361504695276,-1.3996217456585534,-3.951130903229205,8.925217435747392,7.923816429283885,-32.141049577764214,5.823394067247997,-112.04332445308529,-53.426999498329465,36.44241397648629,2.398371178595575,40.005119111298725,27.023228398584497,49.05232259452004,13.648485797124135
270,112.36381126624744,-17.706902617287057,-18.008192409167172,350.8061606156033,-222.82073721769885,21.039309722813964,-31.804842314964375,65.13877327394101,356.41297880602247,-12.630101461678505,-257.1968152165279,2.9021866240842815,-39.97392516849346,-138.98221920902844,-19.924688906796487,-16.762324164872688,33.182339847474616,30.4622534727996,14.503369152001964,-53.6023043568867,-37.24210584576517,20.381309554852873,12.34644558772968,49.52431591206871,29.28476424879715,-6.136597121373285,85.12676191502987,-6.102823174305647,-42.231870758916735,70.11079345080857,-97.6601707907544,-90.14432953156532
271,1321.3554989212712,-432.15085034498145,54.302451504490364,-380.4711454112671,269.88168585112027,16.91759622921168,-56.24576909920891,1.731012486021254,201.8222339028569,-3.602387989163738,-69.33671849237997,-24.75579271057208,37.86014831620159,40.46839275611201,69.34776526239095,-9.338191524889117,63.08228157490826,-23.579023854065696,-0.48446985359257727,33.794254258528866,39.61795792334891,9.100762680071709,8.481505782885584,27.231357052191868,-6.926372727493448,3.056395100716763,-15.755555310786589,12.443677932166349,-12.311844355904677,9.435747587331292,1.9563691993447214,-4.539823298336953
272,174.6210351531562,-46.2448636227987,-19.005963325480657,44.1286359186575,38.41493632888901,29.851258229608412,-22.267203052087787,98.23741526587187,-28.125623315463745,-28.97740331542484,86.15622324828044,-10.266463222348932,-7.287112613227695,4.672981390645566,-0.19140700864268057,27.31857840788533,-116.15368491410274,76.435958003313,-120.9744863197226,72.24553058312682,14.562507843795446,208.72022835681855,28.44900116858037,74.21706463525237,-10.438904339434014,0.7218191841017533,-42.462203581823694,20.807219386592926,-10.460337658012161,22.438778508970135,9.953993081212419,-0.07251916850217098
273,149.0585047275344,-45.091045319849115,-0.09309759163414064,134.61077964139866,-120.3936338047483,-4.177753782471679,3.7266776230833,-10.480551605600237,66.74436706553303,-3.047334744109332,164.1374419043072,-19.18048103522764,56.35341240857931,82.03571410061461,81.66090846131706,25.191764535806033,-148.0584216350244,66.05154654442175,-124.36258228874512,223.87965716365858,201.59916157694045,-28.156548842404177,-19.806067482738687,-66.61548096792933,25.593071164353088,-24.147179717266244,-1.2335464942607917,29.89368499332827,-56.17135246906954,41.67157942930353,36.74530617527972,-6.973149742455087
274,208.17103695352915,-52.082194656958414,-0.990066608289667,214.22760612285938,-229.19744697894626,-37.023340068360575,45.65574991952906,-83.5296716171794,-123.3323764959622,10.544130914760322,163.4432484065174,-14.43999732010636,74.32814805830154,130.72014353332685,129.13897491903936,30.078711922123457,-122.7175784616384,13.895138367828634,25.482766143553935,7.015918360678744,17.92383942929299,-6.696440624870004,-15.563597612192645,-115.75046479662741,-9.263671708399887,9.71983527766919,16.666847024618882,13.392110524123153,-131.96841688360115,4.328578661150488,50.879519585514075,-0.6598062608307501
275,129.5332445025374,-38.09283257571112,-4.79775304880299,109.17197377092037,-85.00746897278056,1.4103427261105828,3.107654982683198,11.050223339253694,10.20179979877996,-8.912112946320402,183.0193780597546,-14.91996997415323,32.789057994642484,53.15156611748566,37.40893432206881,24.734275778803354,-138.01394635946497,74.51035097441327,-138.8835717661084,193.53901817870778,158.14703513343437,16.406483868817173,-0.3168217032854024,64.77505461591862,15.744146016007438,-3.736541290076318,19.909344832133204,25.39085627459143,-38.44420101709859,28.397780657503624,27.733090420300936,0.2894878306926611
276,533.3435133937015,-179.05182632854113,23.623089085575543,-217.40005668479117,176.0057585054259,15.413963936074934,-36.56111279367149,14.841922166917742,99.82014162206467,-1.9490489510751539,-84.89981082503547,-16.7765144393659,27.053085858872596,25.78912792431247,43.65536769576121,-5.465426860928437,36.27667483790568,-11.280460378810064,-6.259017800877376,2.0695218592851123,-8.230657757587023,31.151576822339052,1.3486762542983213,-3.9078313815542125,5.212059422583077,-1.4028908884285245,24.836916595950346,-20.03481301322558,-3.0109378027129803,-32.37059782771597,21.007556607586167,10.316187968096509
277,79.5461812488905,-22.64674833353837,-0.6190495900113627,106.81711923317884,-89.3906390110065,-1.310531852569653,-1.6097745852398204,-2.582954829130586,85.0553629455228,-1.8723181906194697,40.895454937568786,-8.466148499918795,26.65186444810815,28.752669612238485,47.81827629108752,8.845072626948237,-60.37931883888553,26.474625704496226,-40.01852902059611,91.60192429743735,89.08224483144805,-7.051924604617695,-13.673582209662577,-133.80813438721654,21.13105012428115,-45.91053090624998,-71.67085430977734,4.586824635358125,62.43297577056593,4.103932409375634,-3.2993719252209965,-3.323939662120619
278,464.62148249684356,-131.49776735301083,-22.565206822282054,-56.378604309113015,155.80428570590607,47.6735261945084,-36.881181335598846,139.39108917372002,-44.15099788382629,-33.45116413234877,92.06788571278972,72.16859857639503,-159.23883999848383,-196.64737845001136,-261.28094718468526,34.17765436715203,-160.0916221209629,115.84400576333522,-125.65755676612018,-70.40119671354608,-153.20184722452626,8.828273487875723,-21.185785219953633,-160.27205998640733,18.68120834568209,-12.581477647662542,91.27029624142202,-34.908350625262194,-32.86376078281405,-101.8715802937349,56.82631909992684,35.029267612288834
279,103.24963067931051,-20.98929550927539,-24.99230547777363,60.83138239151879,36.55495989564907,32.0455906227938,-19.777274490187263,109.21735702444657,-60.436653098375956,-30.822877461012446,70.3463894536377,-3.22305723544823,-29.670599470993345,-23.920941579299225,-34.43600727828048,26.483308884593068,-107.86510148111897,74.23215392253772,-102.82958599953612,22.63598440461234,-33.828820993729195,217.38222471444107,32.54059637449172,68.41095713824029,-19.346783387784228,3.706375651880622,-58.01736817687186,9.015395105484606,-0.5319796756795344,8.804818323122289,4.755048114453631,2.711768515170406
28,22.19925183988661,78.38743496174462,119.10147200534053,25.28332886582865,32.16653965164782,-44.05559604596264,-53.98443306939662,-11.9441960878256,-14.210241638485979,-9.059334023127498,13.811617084215413,-46.193192594875505,37.24692985846801,-94.97194625615583,37.7084393324401,-49.19057962599963,-36.849462182048896,-61.061071600445,-11.704827615149826,5.17923344786932,-7.86835460941079,-1.4060523836950252,26.72250153475247,-13.755529345219687,97.0096862010208,128.79512031520247,-21.607394492480285,5.7865442674934675,6.336938355571616,-34.06012282848291,1.1999210382563632,-5.1375124359258955
280,479.0544908768485,-162.3309957923729,25.704804229426685,-190.07774560035347,138.28714616986707,8.314199528216818,-28.221081077034786,-6.328066468995622,101.0630003687847,4.510478038273275,-82.0949710864141,-25.510483966102253,57.53138157794642,62.481433172310794,84.6551488248671,-10.395747234732008,50.46509263606813,-26.690398257377947,9.193457881261713,16.406868237343083,15.620753076115395,26.06180482048654,-0.6207217062610887,1.7527097777266727,4.546039596215669,-0.9957781020519455,10.282264708683428,-1.8191119265532163,-2.757479490992567,-2.598729873748175,10.992034395916345,3.1469460184528852
281,125.89775286973376,-24.466168994153573,-5.577607644859774,364.68517764847724,-251.80086715336648,14.788014250162915,-35.94753390377657,54.13215007141401,419.86932787146327,-14.191741245341731,-317.4060597630324,3.68404421271546,-48.454249500680376,-138.48496569722812,-5.1280549948094105,-7.687715755228923,6.042734223549861,29.577037213984312,34.314771524828046,-79.45209023721553,-52.719322936835475,32.748745759178696,26.930115731177125,69.73938606806493,-26.429291900539084,34.306356730523454,-15.833590577055597,2.011680349472776,-105.38186603745804,26.93157519453435,-108.95335813899285,-21.023684058002143
282,291.49187789630565,-91.30349145815731,6.171789793333275,126.5194854173608,-113.54395543820588,1.5199677526322235,-13.617988371866636,-2.3943498072068676,215.23273595416984,-5.897167405457872,179.2536736445152,1.9988045265664138,34.98807352556905,4.5197439150506,13.472692330417296,-36.11514064032983,142.9525702094393,-49.78964047247926,31.90929490685713,-15.924378123826864,-8.164979249430163,44.954403377176824,6.461254552672071,14.995283143658783,6.287767549214861,-2.23528418517336,-0.7744078756353309,-32.33316395540673,-18.757537856767012,11.847051610908997,-31.013689913017057,-16.966936541541347
283,86.91329278405186,-25.817829422963317,1.266766083186744,87.83907873311712,-78.33054479449974,-3.0731131507298617,-0.2572985433883865,-8.60368736132339,68.34231129148671,-1.4936862221606433,87.9882538142313,-5.849509181816546,33.401929243273756,49.98376127930862,50.87352374831802,7.781435168887067,-42.63236582222072,8.720740011282821,-31.390820945559394,83.277204690263,77.2474906884626,-0.35904471241314206,-17.57300534422608,-118.71684847866518,1.6141432820654977,-8.265693409971943,-19.087736818008132,-11.699325351957299,-68.8934945970839,23.58417575581939,24.92893724272982,-6.297324202622527
284,311.9246313183055,-104.10599492248559,15.027135928236463,-45.77353549179591,24.383705475195605,3.0193791158242713,-18.08732704668653,-8.384863763621658,116.70263108323739,0.2944640413556944,24.234006343562143,-18.66992071430311,55.24113967732453,68.68100073664705,83.93183769788553,-1.4696780141387957,6.748742410889963,-9.973071503473461,-20.399447452362214,77.84829312854421,73.95872987911582,10.655767585529302,-13.601552589811089,-94.54106089679203,3.2211309592977697,-7.245540520743738,-10.092275927306655,8.124285432440471,-68.76562894541988,32.38404338023613,20.982540173866607,-11.032388462925436
285,151.55247959752225,-37.451479698135294,11.960211697333762,188.116548133675,-170.4454016157181,-16.213588134449378,5.729039344655552,-34.30127394778886,69.50000960791475,-1.0244394840319206,146.23142020588753,0.25504169700994495,42.38205096899805,119.86037916690496,75.58866989762303,26.97824288653095,-87.37941217903261,-12.261087938626789,-29.457889076135306,97.15259510569095,80.87692046247795,-3.3615561420931046,-31.8190193254444,-178.71883352187822,-40.1440340709969,29.3470391031558,-35.072395717225525,-20.51244773893552,-99.23307281324256,10.924796531018544,29.587972902926033,15.284011086236948
286,102.0586902689332,-30.3539805309898,0.3838800619381808,100.44160596012428,-97.83512156826555,-6.573196068579824,7.420791401150935,-13.03853809850437,46.121366445794216,-4.481264708552984,255.26956412535517,15.646805005624454,9.113028186253757,11.309265009067312,-27.28327092465692,-13.309977852595567,53.991107731618555,-24.537681544243306,4.172569026751521,-0.6741306924301574,-4.893843285426791,10.250567966819165,-2.272942136397181,-24.936006662862752,-6.107056326747971,0.9454998102114818,-22.083008228126634,-51.990853227857755,-28.538506990641768,-23.712192508448812,40.4803754651226,17.135417767317943
287,470.6476266507823,-138.09917371708207,-4.00686183815487,-28.740984491615425,29.681926589715943,3.052353048147286,10.696754838820286,43.15978270010564,-142.6594122392706,-23.015295918724206,162.48987026788288,97.73637379802574,-263.0356694842191,-301.8187804851023,-392.2872707684042,44.99814220653792,-171.37648345873194,118.28701087677726,-77.94988925343262,-84.85408234076708,-94.29265532469837,-231.3047070596279,2.7169896413473946,-74.28830324358906,-63.41838156624158,22.62376118789153,-112.22531933308741,-2.612314342826124,-54.82227222156297,-47.733382339786175,25.883132696162622,16.943272594528825
288,57.903656577248555,-17.126350418384348,0.5919999891845562,60.610272937948565,-53.54163498835993,-1.8874217255441703,-0.2945947856558151,-5.442381017147865,47.85607018836685,-0.9669749544283549,57.78677498549867,-3.9992421794094595,22.411652504797697,31.941867682107326,33.66067697715327,4.4167384722226535,-25.667140883521522,5.440081109521868,-20.1729353946605,54.475271243126976,50.81474640947196,-0.09247374678127401,-11.509419871850444,-77.49952273531285,2.044283088376064,-5.8610076935370925,-10.55260918624532,-8.150615804582143,-47.196307281461785,16.804768677457186,16.15801233103885,-5.61235610924415
289,220.90934325604726,-72.50775383409656,7.952265542220394,9.563562894151465,-18.049580821448618,2.021893243008237,-11.017446153101876,-2.7553076629074136,111.53513079585989,-2.650866397025232,96.92635531517716,-0.5920569225621755,22.468465006239192,5.657433265595296,7.621078264090524,-23.40004640764729,97.10690637882213,-33.62126691644185,21.145132812492292,-17.911234902514497,-14.00647918731593,22.562017131332514,5.603885877710053,25.837973148117847,5.0810604858263115,-2.3509051447645106,6.306308627178734,17.618690810266926,4.901406001498454,16.137489462519014,-21.492210617302472,-13.421507964161457
29,38.95776391585204,133.6317248483574,93.72552023747916,-19.02741451368307,-9.283484986923803,-153.15847277704188,73.2573673684992,106.505866164673,6.481532818004642,35.21609784733872,-5.873077217658771,71.361622612743,66.78389724483279,44.878811229754625,-17.31510756019731,-110.55658997130602,69.56272719252755,247.8087007807648,21.781754710394733,7.73884497826699,-22.159470775253894,-21.260132883549147,18.318698922747057,-23.83900374302887,-55.463775670850524,5.064973749591514,4.050643478823218,-63.438421526041296,-40.28611327676117,45.034319243180256,-87.40882849056098,74.61563031963759
290,28.936119340217836,-6.174428254037329,-6.8376554493866655,16.208163105584806,11.322527309523865,9.309040767228288,-6.082576398322296,32.09600792270762,-16.232403069925173,-9.25486186253643,20.257871184177468,-1.3081692839124002,-8.297276485274466,-6.584627981626708,-9.401344772746167,8.00790689226425,-32.36147625333694,22.552631974704788,-31.974280399071635,7.396597562047536,-10.199401665299858,70.84262958712445,10.368722614673962,23.230300627077916,-6.396509732438742,1.2451831254203483,-19.610946200284786,2.9719324331604158,0.13688100023607805,3.1912963551727973,1.0893596923294202,0.9475702390948996
291,70.6454085273341,-16.092167830573967,-3.9771571347032726,148.51800984037206,-109.75139486901699,2.213210144581602,-6.447412783778627,8.031026008767265,121.99075973618412,-2.6556748050919987,-25.880189080545303,-6.730867506565404,14.246929994679615,2.8973647020419686,38.17655280081955,7.321622174382171,-55.82911478593697,28.687133912679823,-30.405067983942224,75.1867513113756,76.86080547351914,-8.143982848839787,-15.446368815014692,-189.09841208764982,32.299960202655996,-75.23211504706026,-121.43731784359554,1.215142281054793,181.23263649059967,-14.27258193055477,-45.90056963964499,-6.238098029059787
292,49.02033416857948,-12.367516351482786,-1.5370397810988556,107.68089671323254,-84.27634753017759,0.8085449533647966,-4.5110551126694105,4.253096958044149,99.41071405914609,-1.784035792625446,-36.96074056765719,-7.070327814725498,10.353391753351705,-4.605626555373078,32.98797785476536,5.892713807213632,-50.2325203011044,28.992605249141064,-19.985418978277753,52.22674446727005,58.70759317694829,-7.8419193850093905,-6.177988111414302,-141.75538082821444,28.17387592137415,-70.37643033182438,-123.32737942762859,11.626805681301233,162.508878419354,-24.961814492460807,-14.289463627519389,9.750202740217233
293,143.58261151111665,-27.606289651631585,-21.854677708293785,15.0469516556896,64.87030612544157,29.36922991751587,-14.069275837144218,74.24310599696167,-19.963054715976757,-6.525652538985504,34.06716617807492,45.65416961824967,-44.391490899176056,-73.44825437492094,-111.83000337714822,1.9776668594378983,-47.60063398714078,35.23590276644527,-44.21399358288553,-41.995544297585106,-84.49260136914371,-34.6872432610961,-33.25183326838652,-93.26652229452893,34.980367541574935,-11.608370744153687,94.11308203160172,83.28659849745576,10.39296478677088,6.570564772469773,7.072371588408191,8.969026986859827
294,74.57495569820536,-9.762007259700487,-16.97631232658116,69.84329781666418,-28.522730919939857,3.9280055006997125,8.006529248868672,30.391346422611374,-124.50652023480583,-12.064289599314334,9.025580529704897,-1.462854763221885,2.1613456813803125,18.237106203434415,36.283712281173415,24.40095952141721,-83.39347086756622,36.92769361610708,-15.841383829738042,-39.857427395615396,-59.246112130101785,124.07136306513826,17.85049864145623,29.519005782074483,-9.727789832638978,4.077005237850074,-17.50750317571567,6.350024366432962,22.57432225101301,9.783614075014782,-36.86597431152368,-8.722129956156081
295,44.61673280487345,-8.536261507825172,-0.20049966290097607,159.82272341121006,-116.40657066677032,4.351467098639939,-15.087367370038667,19.835474343104103,190.63626922933113,-5.754215670767082,-177.1582391638147,0.08314817920609588,-25.620727769669273,-67.24022294080784,2.9767618115193897,0.9513023449040938,-16.961451884098985,20.97714641494056,23.85294973373483,-50.40513817351967,-31.52721920703275,12.288149279199862,19.740438000209565,44.42868914258485,-24.776399739102146,19.708233870708835,-47.21016847425879,14.712963735536842,-54.35708805210981,-10.74101271403001,-23.979713130355996,23.714832997094632
296,74.92298454470527,-22.672877279068693,-0.40266119689186297,8.17097574322282,-9.449364674085881,-1.0873046646554596,4.838175075304876,1.7619153617873606,-31.374032466504655,-1.9157734886962223,32.59815821444051,12.730581252941704,-48.3660919447289,-59.95188745263635,-82.15552039098559,9.28813461873755,-44.75084925893669,36.76140846959962,-47.88924592424241,29.646162114078354,22.85762429837814,-85.9636128237657,2.554839852037017,63.7822142657763,-6.741434606198247,11.577604518327805,6.693472757608044,0.7877427209793281,20.009066002827456,-14.162266739023082,-15.023257362670867,3.1919548340788726
297,601.1237315285805,-203.0030738208608,31.596298895406633,-238.26104433547937,168.68706729717132,7.303756629477426,-30.12474113375411,-14.308026993505848,93.57142231377266,7.019965267047626,-119.1741474750646,-32.632835530644925,62.43552076686782,67.30322026131383,94.75550589287772,-12.730953988544396,65.43139711734679,-33.40315273545174,20.882087068612954,2.777924268647366,5.967471682422421,31.181191811965913,3.91462519380082,23.69838926591443,2.6849164426080474,0.6984211729759663,11.27514248495453,-7.344487725196583,9.874645519489583,-13.108780480027992,6.050175813580951,4.528365147516061
298,462.61172009410666,-137.06752320751207,13.729358460369468,55.88143678180214,-150.9603673895229,-49.476007826324626,86.50794519902986,-145.57614649221898,-378.18968884953046,56.1348358809667,-175.14359783409182,-52.09233544470944,92.5657311114122,100.66987178009472,83.06793749231072,-11.30409637103262,-6.934187227004367,-27.518343331224596,97.07866327643873,-119.69675718377934,-96.61309513549459,-4.3818110067640985,-4.818218799485146,38.605758018250945,9.749551184323318,-3.4174265762779372,18.158956771847546,3.504567883485081,105.45373567083685,15.844120584971455,-86.58656674064729,-10.181901126907682
299,189.48618414816326,-51.655841636177996,-1.9936011809160452,167.16198555268792,-187.16403875046288,-29.049292422609284,47.592612261335624,-71.03117356082468,-149.3700791126358,16.915043249633587,92.8178054387811,-13.277899428564986,7.294716803413729,2.3400832572523855,-24.45731775256247,-6.565905657849629,13.33311012804033,-4.100281062884758,32.73611911827385,-43.58431289760222,-25.97215786142426,-30.608463382180428,11.044141289358118,62.70088649409724,-6.572131083280198,5.0706768318307205,-3.1620773028255535,-38.63125328248115,22.18268535178865,-30.834977833710234,10.350154072920862,9.041454375956983
3,6.816804731148714,25.280316582755486,26.75590479879532,-2.1000584796427635,1.903808904909492,77.39327946580173,65.43671746635634,-26.99988957050125,7.768121088881819,-69.56615941560342,3.7690291905890567,-61.254989133946836,-41.742315739755625,9.080145024033557,14.600061593446725,7.744191543394988,20.699854034567906,54.41078955170363,5.462650933102359,5.990714130025219,-27.513537938025678,-1.8636088899758139,-95.03507872505375,-0.4211289200209769,45.79053597072193,65.94083997640574,-6.1145497603872165,-32.04400409554355,31.59250511636081,141.71472666034973,39.385409136854506,127.8430179664473
30,40.26322012451943,147.91971820616504,317.1420367549034,84.10188876392805,98.58657944746525,-66.24947823323869,-173.71302469279826,-63.86338588275433,-42.55949247800487,-37.9708577637837,33.30683736413233,-102.9045434148909,78.78479267952996,-231.243166267189,94.9039720415365,-159.2011899924597,-96.47956948302875,-152.8120523970958,-26.257833953939674,6.357280255699251,-9.25231010254578,2.488955472519463,36.070020888456284,-35.748669225066,232.91702662614708,326.04069981850313,-67.75434114115053,7.054551570544,-10.814497582085812,-86.73922182783724,-4.545989776626333,-48.42607339952405
300,150.40149548549476,-41.302780949875604,-1.0569782290201393,164.54259971055018,-195.3641583905867,-35.81107625914227,53.848632829022826,-94.36847391646752,-187.09054268340853,22.408884735018074,81.62375835702446,-37.444471883618235,99.57325956486275,150.83337988442196,164.78858481038105,36.46774501195498,-197.60885956721935,45.619548549503065,42.570096254674716,-10.055999086291694,16.76022530961941,-40.983331199188314,-12.416461591076722,-77.28836852885162,14.842101548873009,-4.088357530173879,69.30030151712917,85.73209194903929,-176.34809222055887,1.9421128344168181,101.93185338218872,2.3794452730552518
301,272.0496970739253,-69.1880768957363,-2.885335523026399,185.44388781193587,-246.12244535695163,-60.9204560358506,90.53703200718013,-146.8046078946522,-390.94378359967305,35.56980508087975,-35.03072347948529,-38.9627294400854,102.61650312514358,154.08744146559582,188.60353408072555,35.47460168919111,-171.63513480109415,25.62983469330214,118.88450114221469,-159.29556997044338,-119.2337859231217,-7.338228813869653,3.298231373041323,-3.4074029809934103,0.5756495909987039,6.0076144184637785,45.20404106755936,36.91488760535947,19.39761325892945,3.9744318707808994,-63.12934379154781,-16.10862329755136
302,86.27492648328615,-21.483490719058274,-3.968106804244622,129.18945740091593,-88.53066384590217,6.328678226644994,-12.393892581242431,18.01184179401943,149.25899145487557,-4.898409343540644,-38.823337468916456,0.9873133869544582,-3.3528379182143286,-34.63747781015795,0.42910378651441383,-10.688669372358195,33.747426747807474,-2.0857766494121712,9.142724297215917,-12.462328443018327,-7.297755975966138,16.044438846291072,4.262228739880873,10.515896773840216,3.095266768915315,3.647447509035065,12.400533013679075,-15.636262417700246,-24.712910899555354,16.994169524072156,-46.00316125104121,-22.132173797501697
303,356.5670895378872,-86.85964301398404,-5.155255595693703,141.61949196478216,-210.01732375728736,-56.32563620632116,93.22893106408549,-116.12144885744868,-403.28463426162483,26.390280245798433,-57.627813119092465,7.870015741207224,-100.57064040402808,-107.89855565471726,-140.13076270430582,8.59061988946023,-13.457808623290973,6.059043956905952,51.644016602042896,-72.15410438435862,-30.815641057258244,-98.93818011940724,13.449921213059657,32.767228643173816,-33.28561514597013,11.99830031917812,-75.74866436200307,-107.28136914551555,37.32539751860782,-14.470191050834602,-44.44632377898056,-12.804117968431177
304,54.31573302075642,-14.693949661252548,-0.5372924338165754,76.84365616014361,-92.45480254313192,-17.447264858435847,25.887790608158586,-46.94877570370115,-92.00527071560714,10.518709052870705,63.26589385187076,-18.907204648136517,58.356983364967114,94.71451203412818,101.22066457944898,24.5686189918046,-126.24933274889972,25.621967052655187,32.0722334701933,-7.336457644367217,9.488156710002393,-25.794700114565295,-12.827524101232969,-86.00847324450952,10.496829501135432,2.515872191518893,69.03310219693529,86.36142282293608,-214.54767951576147,-3.6425946863329615,121.23119339014639,1.5474863418905511
305,48.108321584734796,-12.646908210362092,-1.9885494438381066,60.01148089977886,-61.09085237118791,-7.354274531088466,15.0998574043335,-20.664169711301405,-47.15036578268851,8.31580943762209,-27.01354668022419,-10.984105832727161,-10.275371841849449,-26.95351064419516,-35.44421005494412,-5.543270716878614,11.300582812481611,9.709530245854362,-20.608842444323457,23.73114265055055,23.217982325680563,-39.09733375245909,5.366366024517204,63.232930361632384,3.742065201570295,2.4932951523100484,16.802144044543976,-18.247735181315836,27.212601238783634,-13.617912414431014,-4.16056599448633,-0.4007672113900149
306,77.33638857911744,-21.290066735998682,-3.850155543117601,53.374077781877915,-46.25708559591881,-3.3131444019174165,11.357123345247,-0.901038266975154,-59.631011314902295,-1.7879422409165264,62.5462841563644,4.352759443707359,-24.589617894769837,-29.181678297281316,-49.57508720995307,5.183186311858512,-24.747427824693993,20.200479258046652,-13.831714774282492,-21.232064783031642,-27.599051924555496,13.6973128274992,11.160338058068966,31.521218373490246,-14.384640336557721,6.479589160720693,-26.815965682236392,-20.03727846581797,3.604264873603143,-19.395158958935426,6.881191244094117,7.340033730170799
307,63.68381216004067,-8.934829396905398,-11.250057350461017,195.49233409959442,-117.92679743733126,13.373354427838908,-19.30882422108772,40.798530883539755,194.05257091971444,-7.821613836130975,-144.76985190078943,2.2779736161806485,-22.640635142223882,-72.28512762612112,-10.946275928171898,-7.267577041858917,13.726010966452229,15.826073830310749,2.2122177492888517,-20.413991660322097,-15.328642979699024,12.558695793639817,1.637648934322749,11.06378426051288,15.181252707062614,0.8946825965690324,57.23782165442436,-12.142878304841833,-26.357881902432688,45.80244884535716,-77.01189521952074,-59.486083398083345
308,620.1365054587209,-211.4253554771628,33.867392394469796,-270.5496494712809,201.1863296539732,12.054726100460401,-40.98914513707515,-4.71342340625134,137.57834767691202,3.4674913116816732,-120.9838797337768,-33.79937712222047,63.78368105209603,69.09543118251155,102.93601636930558,-13.563148480283582,77.11126757577175,-36.874233218301555,16.927126021239754,13.499195287475398,16.145241731123146,36.08246536501066,5.036949458038716,19.286263933655313,2.0115719125786353,0.558417075551135,10.15666176120287,-14.271713101918618,-0.8595606715407893,-18.166658705668375,17.144679403120392,5.9818002454466495
309,452.0539434338801,-153.6881157262558,24.9347340731756,-190.05856512316203,138.12348585711666,7.7025798417695155,-26.701571376044978,-7.021054078812126,91.27873544565747,4.947348747308108,-89.2807337147631,-25.51610138260833,54.83541381787526,58.01328071103075,80.82831829241212,-11.227431515637562,54.51248786417593,-27.081309663445687,13.499255054921283,9.218067277107446,10.820468706293147,24.619902843531918,2.585184985266843,24.331570361506547,3.987179320362077,0.38192502689461266,10.521376250016104,1.0776120729007088,9.473372876529035,-5.046781608852545,7.0182699594519615,3.9047130972538255
31,19.933214976643388,72.69786235749773,167.95895736356348,46.784409142294265,50.87706059020332,-2.7219813894216944,-77.55410828878408,-35.85186380872225,-18.219054323430065,-2.1118739543565224,10.41779946955207,-23.590449109146515,8.851910412029243,-52.61182245747593,23.175666720304644,-32.99145327645135,-18.968537943941044,-30.324793079336395,-0.10591858140200318,-2.203259738851064,5.615136689574662,2.612225637155244,-12.594599577216925,7.185711218363036,-13.777943336309736,-53.96353532187783,2.539356498000196,-1.084776693308622,-11.559571611471055,19.682493548764853,-11.63210251740101,12.335130949884379
310,125.7448248689508,-33.94361064918956,-3.1269066350216304,125.12851640749648,-160.83255556140983,-33.010493903795755,69.10383740077118,-102.80982297686158,-321.82366598612134,47.817010970281345,-199.4201129720984,-81.06376113829201,-24.510326282072743,-99.53168173659805,-210.53949750147336,-78.75547012654319,354.11932210964954,-75.79568641448307,-159.63414043171875,187.7961893596363,106.5404112187106,108.39521879101805,-9.1488663684584,-82.89685258247763,-1.9627635975641673,-1.8815127427883194,-8.136182939819692,20.11558711085863,-60.696292580643096,2.1528098653778747,40.53716876634146,5.6550785452910715
311,47.300343996988154,-13.918087238236966,0.4776495007787386,49.11151824587321,-47.788346100904576,-3.5532576556608726,3.628157951024151,-7.431999984890128,20.094706133230957,-1.8120517735730537,113.53942475740064,5.257750239785777,9.159086953230164,15.002561611366783,-1.7113704893626127,-3.0819675073810258,11.823002684474275,-8.433494257365869,-2.4996890221452692,9.741714507533565,6.5092143242135,5.736440594088908,-3.2647288758771325,-25.12915920589357,-3.467328485391362,0.7552405747312652,-10.773072859838738,-21.498052743713025,-23.79809936870023,-7.6843781027705695,22.42117755089072,7.567458877718229
312,228.89583566964927,-69.18970527390039,-1.7603053432662028,-22.213848841084307,36.47381185820002,10.870801450225764,-8.066759366538529,33.68069189116006,6.0774454705911,-10.251709548150824,128.28197470007663,55.96941255912527,-100.46889322343135,-141.85118221609952,-198.63492797010937,-0.40610906885853076,-12.06473365286117,39.92508691188069,-41.70786161797491,-91.47887165957633,-117.94782083786728,-156.35959239270554,-16.87998746461273,-99.71108741647411,-14.105271118930672,3.432957422280744,13.057102799260068,460.8632543097997,0.20083832818216496,125.93497652072419,-49.5786081987532,-16.81505163573179
313,287.27403106836044,-82.07789762043319,1.670235684992874,227.72084757930503,-284.3256164427949,-53.736066488641995,89.220092872554,-149.22614314711478,-319.12087914232063,48.459097260690186,-89.6693728870004,-61.68981924137954,96.98540547280508,106.08638369773064,123.80821116425008,11.206811909149629,-123.99422012174976,28.49840995970476,110.18105957068981,-133.14990895661117,-81.41268093123247,-68.12693299155444,13.307103205107316,83.8185351918755,15.490303120258513,-13.900601042931683,35.26281706328958,27.78242566802526,59.16182845368643,-45.24646197752912,35.72224989572505,28.141832963634712
314,92.34315280594511,-24.444063719749206,-8.389712888973353,30.670790833265336,-1.3245962435171517,8.306572241762373,-0.8012990111414291,35.251601855266415,-51.75173959976101,-11.903287044178496,59.95815335267318,12.048790452518261,-47.929554389512276,-52.74309871877696,-74.06329652486723,14.745450010449098,-60.13174335729099,42.68486893523032,-44.23439499131623,-11.622209696098352,-31.673979493472377,39.02544867861814,13.9442300629824,22.749877240068606,-19.38270907451386,6.740313751473073,-41.576067716501335,-8.851927020849654,-5.773507401030367,-13.732938238796155,8.297502171962448,6.645667958426209
315,60.12947427596627,42.014993773582596,-129.33909272739177,293.2001273980118,214.1992759548574,167.16090067357737,-114.33213823351021,568.7995903376325,-194.3311415704105,-150.546402728421,-20.633484879482896,-125.19775646478602,27.528812113262415,86.52575770730014,124.07891923198851,-17.21482359939014,175.58492940994702,-95.05651709322535,139.0664951769316,-10.853160119231452,115.7171623906012,-282.22575108777886,17.75759622063676,-5.456818618713851,-40.41024844317052,16.02116016433196,-59.536353036589816,19.626552345433172,-23.69791351055807,-7.520211908290655,11.476747815085806,4.195221907200477
316,67.09795509623562,-20.325527931581203,0.5134343799111941,70.6686020967521,-66.88525916874511,-4.17662304503826,4.374000398615623,-10.817575305011074,24.86879259193652,-0.3177888987796449,87.63379271607971,-10.756206406808081,33.85633826179935,52.61990898221828,51.19701482327771,14.938414643678676,-84.4951742772098,32.51806098081228,-57.9896943614039,112.32082207327232,102.7590506617459,-15.849664212484834,-12.515707306426727,-52.8072663292488,10.676168641525372,-10.68154801853894,0.044859748194624696,18.956485763363666,-53.15165232382602,22.612278735622663,33.42411339587729,-1.1672856935225802
317,268.0972271835478,-82.61581026421577,2.493173343738719,290.29450782838273,-292.3701662222401,-18.699040920073138,19.735751525725444,-50.62420600259241,201.53880105535058,-4.858849229246891,756.1429689153263,31.005203702993878,71.4309541140127,25.40314633359502,-71.69756012996096,-106.62061317459622,435.5456124378287,-172.5985340135967,128.38603009404395,-146.7651870332038,-132.30857217443014,106.92401176676906,26.67910658360067,168.0820201695183,17.36511694378066,-10.043835457243977,1.5342831703192423,-94.75949257236181,117.59496813023901,-63.13752988957593,18.66597110838714,29.992322418497118
318,57.64265335491469,-2.117178539952151,-38.831390587876996,90.77014055181306,67.01682042573314,53.4311565920241,-34.97828610498385,188.4573423937353,-96.1676343467928,-53.324693398875425,46.424550049989115,-21.91397433168749,-22.67665914443843,-6.3722048293333025,-3.141960547108789,33.264844898493564,-114.53282762668034,81.99247848336506,-113.0384665170858,7.936313730075396,-60.95288099836045,354.8945671702654,56.607261726132975,104.44246130567733,-34.94699938440887,5.612537609509652,-104.44767568555045,30.494467200162177,12.400650005825383,24.773556932636737,-5.3351708445204435,-2.2018925416477044
319,83.47107201426697,-25.985641911628118,0.49073830638671057,107.15916324073005,-107.05051441316071,-5.990753623936287,6.257428429877706,-16.98489560069152,85.64110453721895,-2.3725383959645265,310.1058872537492,14.334312652191894,27.853844840074412,4.504721180559836,-36.41131314340019,-48.895733673756716,201.6068389113016,-78.48828813137105,60.01493253809813,-75.15793012979405,-69.10220349270608,49.387411992995226,13.322944402651698,88.33189486899555,10.155009455309019,-5.381944739648422,7.397963948593382,-29.9888165868272,68.53768151752848,-26.07831346301692,0.7371525799776216,11.473731210416155
32,49.849511033895055,170.36860376948576,136.08755387081072,-21.517406048730717,-7.463392214686333,-196.36934225648233,111.79713573401779,150.17100191245444,10.332663914925387,86.8576435089532,-5.071030047066972,79.99164887502243,68.57503303038979,55.3681430917654,-15.67706684277493,-130.47193193851106,86.44694429330899,303.09262735653465,29.144780479004318,12.18582080182786,-29.754273932731916,-24.95566946679566,6.3633019977370795,-26.2347309552752,-66.54212696256191,-0.5723053569373988,3.79669357948387,-75.03618276837504,-48.32500433034534,56.969132795075225,-101.44771415580303,84.3916814393499
320,45.89567797083203,-9.20967140457729,-0.9861267692104216,170.06424544397342,-124.77051973876195,4.947252741803378,-15.859321248976128,21.80750196267961,207.71522325283306,-6.105583826396259,-195.75512512220737,-0.581525097891093,-27.370725703946842,-77.71561042589487,3.754965272752425,-0.24258948119566193,-16.706246996381868,25.310228528925503,27.21856902268603,-57.67217051263163,-35.46384741641671,14.354271224814521,23.209152220738343,54.444269686169704,-23.086113564302764,18.54950683754862,-48.53302312366693,16.779733972558365,-65.12625866412203,-9.689358923553852,-24.374787048071074,22.529211891675168
321,85.02002509829641,19.204216841007685,-67.23349687827053,109.4687220899272,95.29691403395131,56.69689684130965,-30.120109942814576,128.6609232320687,-31.860462149467846,-10.072616956253277,4.356662755917533,32.706988053404125,-19.702952481586397,-43.032926515257486,-67.02314929066306,-5.572273444872775,-33.20028399522454,19.04921688880136,-34.708545273788864,-18.91712878725403,-66.16463842645173,0.4629936331765208,-50.67803444733032,-107.19787608731647,77.28692526372723,-28.774539509083336,190.41751733094213,-31.317214275543233,27.392961092846885,-24.863012387008986,-1.5805002037280331,2.6227519463378477
322,111.00791080694566,-25.258164830441647,-20.066698375218014,22.08426145143322,57.67440022700387,29.398566446872508,-20.21953331561198,92.22032794509276,-40.124078706038205,-23.41806331383404,42.07694975489451,13.959172037259867,-47.81112476024508,-54.67391479584964,-72.30598716826495,20.513678161999845,-87.32297424434098,62.290663456163735,-78.85908800869531,-13.744603375087525,-66.70306803189982,125.82888800015166,9.283923035532105,-20.08708077200963,0.6741423043332313,-3.866326200399943,10.922026995288174,-6.702830047801979,-6.195870851130299,-28.874331342888873,16.267256162180136,11.87458939974948
323,80.62403535928782,-9.47861330855486,-26.67928105466133,32.07369045811319,56.54962344695863,27.5202249465148,-17.381211944187317,69.50596708208758,-18.199935355653835,-9.577537856542023,15.478419030547634,23.35902079496353,-34.32009249960844,-50.184808776658365,-70.19391244755886,3.4809288278301405,-42.24456862986428,29.174572752852423,-38.956892829190856,-20.390195058934548,-59.280528236872414,6.316424621908368,-32.39966752255583,-99.09066956735568,57.87818597349558,-25.014285380356647,167.5002601724067,-55.27792271104543,17.476664783543004,-64.97257296567484,11.446071056975013,8.349690434599903
324,43.76386151642052,-1.6468402029576104,-27.410734220960503,62.364829081541906,46.686150368421245,37.08977003169864,-23.48652608597647,125.79259305709995,-64.95340290627301,-34.402060498585286,34.1503985586232,-10.767864594151586,-16.90089007271821,-8.604972176988376,-8.205417792494625,24.169191070825626,-86.4344029043545,60.74912664612567,-83.8264343599488,5.532281556947149,-47.255596714133546,252.10887156540505,36.35845147220605,67.0916383657203,-19.830546288172005,2.487547627553163,-61.76623933105249,17.595920707702422,9.201821099223633,14.781896378511975,-3.982475778595121,-0.6279034722724768
325,74.90217922498422,-21.41853935813843,-0.9233123144310024,76.30242121987827,-106.82424316771558,-24.05942107631648,51.203725410249234,-80.03565012995655,-250.15270984012247,39.31055539088974,-171.14457643047353,-71.52221066671315,-6.884485878544496,-67.32492657666334,-162.19658204874887,-70.68446751729111,320.5912298704948,-74.89559552973598,-137.7205759987241,162.71675268837873,86.08494821122018,125.12956696676147,-11.512800095007382,-103.32342122736871,-0.2517671950212416,-4.113111237792187,-7.530904729734597,37.818484135755845,-63.31722500053452,9.935588291543354,37.61083966668032,5.939592719591175
326,118.31580112064188,-37.44252212258033,0.9709298101738139,53.13583365935348,-55.95152302830934,-3.828720086307109,8.365650693530442,-10.122403830139184,-15.174145641883708,0.6837301711019138,93.49062567376325,-14.331102014100956,-11.675239868789598,-17.786447406081926,-46.970027303731406,19.782094977506723,-126.46572339125257,97.41294691316762,-199.44453072363595,275.9978314868158,243.5560307602843,-186.4516657599909,5.9380176311473125,353.93141947712076,30.819938565073812,29.254824152027922,131.5081015246491,16.961369388867553,115.49694060658243,1.787540898543499,-83.14404009608087,-2.8260487096373144
327,82.68558098935446,-18.64038756831915,-3.5764475556449264,263.1992689910393,-206.44520621687442,1.7532389649814246,-10.53293203768528,13.782150817440241,249.72397796236106,-2.0952075252525963,-274.6124237683177,-14.494821491581225,-18.596609734676463,-97.93812357068165,30.91239849967809,1.2431789473826096,-61.04164265509162,59.83599954699546,40.30902424548679,-71.32092870322296,-26.663814427502828,-9.173461406500364,37.58912252030412,56.43420964045903,9.480724574171445,-43.37584988749653,-115.63272986781786,45.77242717514061,6.454088839136287,-63.040548650025976,147.13024938787848,77.94347222859221
328,55.634154394336264,-16.16050863018356,-2.3405705146207065,-8.929386402918475,20.173375325931858,5.811916562149438,-4.881796049043297,18.22846333922887,-5.457149328388497,-4.964879791288912,12.542428516179582,9.960570465444075,-22.80201408371238,-27.55767999217797,-35.917106357943894,5.147059174538141,-22.887400241504956,16.485772238350346,-17.380695013842715,-10.158242418560842,-21.51214838789059,3.8404989980763373,-2.248322506398545,-22.69698157465313,1.70529056481632,-1.5699717225225742,10.746519598721989,-5.160210034567277,-5.763602212881133,-15.468944619206189,9.102986498319632,5.6382236203509235
329,61.09041224007174,-20.554607969082845,3.126793316251207,-8.976995190796977,4.177426516444368,0.4027238129515492,-3.5513753306697797,-2.368227570930671,24.1758045162384,0.15876269166424592,5.8898010389977085,-4.369886454771227,12.73275820298028,16.108659225782972,19.52753883519168,-0.2060153429952666,0.846261205643636,-2.1164880589836055,-5.008796376348887,18.756477968139617,17.85486773366695,2.251686060079334,-3.3191334095359517,-23.65593737861267,0.6950390524836876,-1.9267150022093533,-3.0369640375254034,2.880752787804057,-17.33874603429985,8.63800944340276,5.256558606969727,-2.92737717734352
33,130.85501573005382,355.85125854323195,14.441121901522308,-60.6868955021779,-34.381739761542725,-58.73395591179671,243.74800536602885,95.78450334540658,42.080822247954046,108.4533534940735,4.224540378259321,-77.80558122422077,-119.9612896481487,34.226402069123,-29.338107205869814,49.97679316204929,-63.5760379958811,-192.3272549723199,-21.66380539959358,-3.8438669321463457,11.02253794255113,-7.137807326433412,139.61425591142407,-2.4376453770768682,11.074913358326691,-33.647630963661435,-19.031223951465776,-4.648005411731342,-27.1093121962476,-44.63306562129957,10.150336081731579,13.116071278442174
330,260.6372567826273,-73.3692277329768,2.5772169068296886,111.69188321343357,-182.9089804494022,-51.03493669218231,87.55867720136561,-138.32299736815895,-404.0617132031877,46.02554736315699,-129.39215551672106,-46.42818181650702,70.8859861975843,93.65084083817038,91.48155923326793,10.741462676622255,-79.15936764804236,-0.33026072431980125,123.21680093326337,-172.55431033624566,-132.3076104008533,-10.307572298131605,4.719453178031498,41.859941309585295,-2.0928234746565884,2.12901431156058,17.63380470551754,-2.1869575558416505,135.5701248463404,17.36833184840101,-153.23996599765158,-29.174556837739654
331,115.30514143733694,-35.90259701709272,-0.3727156126743803,13.121531453241179,-4.339928084847195,5.256471202338678,-4.935825888423211,16.904716718953388,35.82901751066212,-6.966448880193509,136.1355437639897,38.6937625758769,-58.22849107676052,-94.58921775498736,-136.296775526864,-12.58457901582095,42.59655285965115,9.449406614110117,-14.857305859598824,-87.47589808138876,-104.94978098057153,-110.14469931808041,-10.15973214389404,-67.29767445922259,-8.329904801426192,0.6241923598889932,18.626258979960806,445.69230541734163,14.536571805077994,131.53889406510558,-59.932937041471554,-23.52596500893427
332,119.58640093601709,-36.53408790911957,0.2537493216618236,107.30262211225445,-96.08212470785557,-0.949839160942628,-1.5027937467635302,-3.0508296492320888,115.9253717142868,-4.751385830177449,239.08539493463064,18.18052786258703,7.608030834710727,-27.62289648713398,-53.916146560903925,-42.25829403519541,171.0238884906173,-56.29527232425036,43.28416881405073,-77.95647697546791,-75.52430757316189,18.67597989493401,8.934142883846961,55.620509883143654,9.636746419845105,-4.796647510927082,22.956395038687184,76.58580182866262,49.51124461114769,25.29610676000814,-35.99591069588011,-15.883175108198287
333,20.719863100981232,17.80091599303927,-33.333398068978575,57.828697732036865,37.64773409881558,26.10821442273995,-13.77635078842737,53.076149375839925,-12.938532083709438,-2.7690902941253457,-6.048775371177705,7.042460710036698,2.98605424109317,-4.38882881674007,-6.828789004859407,-2.9359922666567186,-3.385065541138912,0.4850042330222093,-5.374638965516981,1.4286597210289131,-14.042180964566395,10.240386485040643,-15.650598645416212,-23.236904108972947,26.221020004408764,-8.942430475602151,58.720340034063504,-21.66709752220385,9.572931591964077,-2.8268221172161336,-5.777273144318289,-1.1248288672412372
334,81.34664153730128,-26.518184521044954,1.6822036754524854,24.911083905368592,-29.844688923409667,-2.3875910289748634,4.492117085216854,-7.612883651038589,-6.152372674033218,0.7542369359446843,59.645622697496286,-11.159431777969942,-6.14264412144468,-10.088231722459216,-29.265347751913154,14.147109242890405,-91.15401234414215,70.62172778246529,-147.68379976517807,208.9137573622486,185.89362494243056,-145.140342953751,4.328142250731084,280.06990114491487,25.385091479692836,23.003505694164307,106.71331135584882,14.862947532876685,97.0948153283667,2.440433603348218,-70.47637670704128,-2.6395320869023755
335,108.07264319352215,-34.672708471727965,4.8559472469878955,-17.48683625059568,-0.7956335855798917,-5.143520728480799,7.161993900472771,-18.90448255376621,-34.01070238853168,7.445401276107426,-32.34198232759342,-9.736835146064852,19.159487663348642,21.70018947877938,22.485530802741156,-2.639790904511914,3.90529861991435,-7.079928731313059,14.768378471469777,-13.500188176184706,-9.824994757101765,1.0444505995531483,-0.48197311991199426,9.085825839240979,1.6593664041585752,-0.4065502659018266,2.7943966471846027,0.8379668273147258,16.09440818917053,3.474302605816801,-13.0340157234978,-1.6821804438891346
336,34.56134361268817,18.590065530042345,-44.868211679278076,77.79375580520383,56.02185449177961,35.16787074743492,-20.9107116983377,81.11779422692722,-17.728711741857243,-7.248958585470986,-4.1358968196882175,12.444560376692234,-6.7716949367459,-17.086137171624348,-25.014042467329762,-4.295847353830598,-16.119713870138973,9.466093290629422,-19.624860130545372,-6.077979697532158,-34.42426746394966,12.043684888057363,-36.8416259805914,-82.03967364646144,68.24089739732811,-27.724588392717237,182.34979853689757,-69.66673792372178,28.226428395142275,-50.64613836514975,-2.2475676542734155,0.44332155479573654
337,34.917626575639126,-9.804796589607077,-0.6442612970400633,37.31998141449948,-50.40935857690563,-10.886850892381256,23.23365778523187,-35.74473659275072,-112.00220235473564,17.495465049163524,-76.53371732175603,-31.74057826235275,-6.640760158552814,-35.1985329226305,-78.64515284930582,-31.944763925634675,145.26560659039214,-32.60429162763744,-65.2533591840732,77.44898154646482,42.75705964140386,52.10030513458059,-4.710075770073406,-42.31526898246606,-0.49208995928227506,-1.2351312070723373,-3.364847760313948,13.858686200671679,-29.47305139736436,3.0812272123721707,18.46862585845544,2.6848435986736785
338,106.15726913911959,-30.543505731087784,2.2033956155207757,117.57314254020552,-107.1942366351639,-6.353407587177083,2.8867522189082897,-15.647850521489584,69.2064649567892,-0.9967378112425561,101.74607054779287,-8.20956780196317,41.938623914529515,70.45957549040045,67.9900372938732,14.342924419362506,-73.31852514736356,14.159189553396889,-40.46755177247038,105.1840526006077,97.21014020643392,-6.802667633557235,-21.940452997053466,-143.71766025665298,-2.7566583869841925,-7.25737936775101,-30.07528716133039,-5.9097281384841125,-74.84309240714217,22.247684196351962,32.75050712185474,0.7617891099199962
339,57.994525780871626,-10.430463827178428,-8.026548606769156,201.86762981047158,-145.83231095234478,5.622995313851096,-9.139225482770282,20.13725689766476,179.69101543506554,-1.6354907449441993,-216.34237295127048,-10.803585806842632,-20.485178113475605,-94.84696244633437,5.86821907186392,-5.761239200002201,-26.2020563016706,49.81561987020966,27.884120652412424,-62.185789748787194,-28.3358792478205,-17.608954167215643,32.965869406544535,103.108272933935,41.17100816261448,-61.44569573061307,-27.878988494185283,37.72493260470714,11.176655183013846,-53.4154434802231,280.18876883289283,64.83860562844906
34,79.68105745274333,271.7077371185603,255.0459290551632,-1.2718472563588916,13.820028456596491,-236.21931469050142,69.29617243084944,141.22965105236028,-3.526566697002321,31.0541542056529,-11.81846179173808,149.08795847125526,95.66189401427603,83.88013463665861,-26.077150100989627,-192.31540326193073,108.03434973276828,381.0160670370554,32.28594896018319,7.717998825314823,-22.688132298219074,-32.22925401172331,44.22450862718457,-25.604657032816124,-55.02504971025499,-34.468739688585686,-4.7333905411174015,-75.49844999074908,-67.44359019244446,50.79323284712025,-113.17680323281591,77.79522280666048
340,56.20773228357554,-12.294727813944352,-5.547841883490746,186.19489369475764,-148.37361957612737,0.18081622251961688,-0.8143460929242281,5.095060975352015,141.4873894254471,2.488652496481278,-220.7545310437631,-16.11079713258354,-17.24906480031878,-94.96719180947697,7.1712051060974575,-6.3188586436686025,-32.889172260877295,56.03129649800627,34.09486510159114,-73.42343008408727,-32.30041167816152,-29.45351110744769,40.925015151551676,139.80112950004383,47.8924107168403,-74.24976244610063,-37.75627824933518,49.04892083286994,16.77636266974822,-76.49999656228667,366.9429420193417,92.09619001955741
341,81.16498929077113,-22.072419153835927,-1.5501843072558992,115.23654468118917,-117.66393454345855,-13.436620280483535,23.58155282838011,-37.01210474855864,-48.338638299285954,13.793316360195641,-76.38798633741081,-21.69737788412099,10.374411136745783,-11.748823645865127,6.852990370441358,-2.4175676145865155,-23.789855775514674,20.675996017362003,16.5649307390757,-25.829444441303277,-8.36379043242772,-37.58518851193101,13.238771675233005,70.36171462690595,12.310995730674446,-15.457555066343236,2.7710658808583104,6.392774120412184,27.62035644556458,-33.46681841972053,75.4387471430173,26.586490814061722
342,35.13194749092555,19.010531291584318,-42.57569043887058,71.18989924410502,55.27837021676577,35.500902923536465,-18.673814786774457,77.07066640812646,-20.5514649248055,-5.8535995695253495,-3.7616877972557528,14.287979238576673,-1.0565704191253116,-12.667884832795455,-22.034734100267762,-4.154542045043141,-9.524938469052252,2.827774044965788,-11.832485676523074,-4.710880085485958,-25.778746401786986,1.6288669920857477,-29.726563947606774,-49.2401331127075,42.51599601753681,-15.564514372947123,98.89262106764242,-27.41490764113383,14.183899364982938,-11.290011624072738,-3.6380554761964325,1.5536143690965485
343,80.76858365529175,-17.048815504842153,-7.888488873695214,178.8250919548832,-119.5301636807056,9.430666089576313,-14.400715822595831,27.798270520604593,183.1506661731941,-6.927730201638678,-15.271977239760984,7.982669910764751,-13.79649621479869,-65.82438716349873,-30.29581890444148,-23.861444500004485,86.9547943801064,-12.39769051177626,20.233849423303933,-49.194879757115395,-44.51528361348015,20.865629220161814,7.127679958417714,43.09868650821137,19.08979282967595,-3.2925385758484826,65.24505271741279,22.26256282485229,12.363834204217643,53.68081840223186,-85.27060588760632,-65.51252285982417
344,34.24322618420532,-8.389440200195097,-2.4500803377541605,95.19117156525206,-73.59367010021413,1.8096342752376602,-4.812048058952929,6.730271982453881,98.69042997200894,-2.1120348277649947,-39.91769591771605,-7.714818203560392,11.81222564044903,-6.045607152480615,37.28598219332898,6.573347017509147,-63.27709129156984,36.76313209446822,-31.33316971163476,82.06204950920294,88.10181577025062,-11.073701555223058,-14.502246896059686,-280.6593132919858,57.19331314163719,-143.33568308912314,-250.000779902797,16.18850610227181,414.0823382645929,-58.47270323428349,-92.02023630483828,7.204693994334768
345,35.6838281733185,-9.043824493318033,-5.151575926997252,14.629682652140053,7.544865753674326,7.752653828851747,-5.5255269099759365,26.08363964574286,-7.780648753823077,-7.787787636488722,25.941796167798945,-2.449971157823289,-2.1038525263345997,1.1355069046431039,-0.8409814974645045,7.422758025444452,-31.98542181441716,21.018640002308317,-33.849970381995604,20.454445317755624,4.131753347407575,59.87300069213887,7.819028135424104,20.013294491514966,-2.8822588202562134,0.05246932448257705,-12.45645291377227,5.6256258675805215,-3.523688101887999,6.920290101695548,3.3464486321450027,0.09791898920424885
346,62.115464625532795,-17.223084400310476,-0.6928298387706706,58.11872615796829,-68.05650954938692,-11.454586356495431,20.962124388289563,-32.475441220748635,-75.27290667659649,11.718912772748272,-28.856279393644208,-15.061915545379167,8.793651715020374,2.446324648902076,-0.8909522005081152,-1.6109787083486513,-10.25403741770339,7.286053811954212,7.652268330699108,-8.716267434149477,-0.9333871775534787,-28.129015066801575,4.345467846478629,41.143115480746765,3.857430125575566,-0.9499647882837416,12.547716537435505,-5.505093883372824,23.07125356256318,-13.061166733371525,1.7850712377355693,4.083091761782585
347,524.2423354896022,-178.09900639815496,28.828297324122467,-223.6409769385442,162.35634635641952,8.354272665117298,-31.64159908733754,-7.8550169266656615,108.63303578265966,4.086341766815565,-100.96680477914092,-29.324319109290503,53.37422683834133,58.32374226328585,86.22133285479238,-11.747705147142272,66.31796136030749,-32.6313273903153,17.69516715427036,9.043522612879089,13.74850858392674,27.083933721439102,5.622113919447603,22.8982806234947,0.13295670630888518,1.0055550811961742,3.9898014496404945,-3.1198663674444376,3.0980755324608578,-9.452483031859906,7.994418826714197,2.6551659262827516
348,31.873129379083917,-6.08216833873122,-4.466232002111027,114.54795622213578,-82.47617775169931,3.8494925705712393,-6.2606219154256,13.614356079774717,110.48432854522216,-1.821155240769401,-116.99311143390005,-4.528041891021638,-12.512957488255134,-56.39820855425966,0.30693379071265264,-4.982025077300341,-6.248611788335592,25.16416157741901,13.857948771515083,-33.900089380286985,-16.682525035325547,-5.337832615801287,16.387296715325824,54.82010561353962,23.49067875640329,-29.542853578333098,0.5776892664398382,17.115826967571316,-1.4076658960754977,-13.55508065412082,116.43853167449635,15.738296723662872
349,47.12055707545623,29.952611258935402,-111.15855831772244,266.1808919849747,199.13315682203375,159.50870568016714,-112.28954343209763,570.8248944209491,-201.94552700339204,-160.01820977753133,-15.20609670970399,-140.62556250061695,26.861838530321315,95.37148323330835,138.88597963952873,-13.780868914325323,188.1097948880535,-98.99434625431158,150.02250625180287,-12.385322304489824,133.68330003445442,-296.7487233419895,37.002074313531004,19.318432125451004,-67.39745112853295,25.433957127554752,-118.47567896882822,40.66850208518843,-32.273396842098265,-3.8877645514622747,17.473943181252572,4.313849986969484
35,96.3449859973811,311.3603630548712,198.77209626811072,-50.574873413054576,-9.25047209994149,-271.65937980560363,385.19440712838724,340.8611168827435,61.41597767225522,629.6547706866975,53.65368402219969,-260.1547642157958,-161.96123766077633,-96.40715962845827,112.28949584159274,251.76536342491758,17.32440078168259,-70.47012376418374,14.345508700132228,16.967070928913806,-22.33181515981657,26.02452627977451,-213.54425751577023,27.48451723275453,39.3413149310796,9.512039420736304,-5.419244668964971,21.864693056673858,11.178535705053646,-8.536193805641577,7.554197904548122,-67.79574139904354
350,365.9548264451296,-119.41970936676822,18.422135774540784,-115.41315498398849,72.30928072503566,1.5978935241470542,-4.238410484468197,-19.057311891960598,9.138262123694226,14.674612759779482,-86.36406960681202,-13.378300513830022,61.67769596370017,59.38201050625061,66.87842654032242,-10.671979913549293,22.162648652928542,-20.26883428185716,30.97209818300758,-28.593599780943464,-26.400631212249248,7.109610610646925,-7.400382833954996,17.55702992402091,13.866688283524931,-2.2184384085085207,23.327844969456702,14.983570535760597,39.79374759170658,11.85333042389771,-9.812960362107392,3.6570817442253922
351,51.62959434904407,-8.2842175664009,-7.4628691660396065,179.0589614646447,-115.70704308794059,10.475337146534496,-17.95756493589406,34.45077752161821,197.39262419544892,-7.470017992286072,-153.31809754939482,2.2962825456362186,-24.901649536507602,-77.31976446950111,-9.98910710953658,-7.099047975859969,14.033837018564679,16.81133059514519,9.09348033289104,-32.25492977232585,-22.712418135230703,15.006910705722937,7.458999451298093,29.157817484674442,6.89009698108752,8.060450883164894,45.14676639163158,-7.7055617126397635,-43.814405279480596,45.090784733838355,-86.37178183525769,-56.29841336906795
352,55.47986617814649,-18.507607798586815,3.1176756668566883,-19.3396127925834,11.608622998741852,-0.06594525255303421,-0.6648845042069027,-4.218546192833621,1.424194597928322,2.5977002569841114,-16.111580432629367,-3.2988788003686396,11.534299896099483,11.709424216842633,13.805702029026127,-1.8442722983744668,4.287748189025852,-4.06792320730095,6.722393459316231,-5.614825259108682,-4.500154617155248,1.299905323562209,-0.9874099627533087,3.932835585008545,2.2835664343325583,-0.41731141136377947,3.940015699140358,3.0787617415154487,8.045222848141266,2.2948860738449626,-2.4492003027395555,0.638156565625427
353,21.79379265974238,-5.117684327914088,-1.1210671390370957,77.55688136419832,-62.45217604382571,0.299551362385076,-2.595981378983591,3.5437911028456153,76.23485239055783,-0.2977150356576294,-94.16367962408638,-5.549104728529748,-6.349514937447137,-35.41203925729572,10.260611353353292,-0.017889185125615853,-22.108324268264372,22.786988356812248,15.68890660790031,-28.61883476328257,-11.26952214584845,-5.3231865293939045,15.789026397427556,31.570364782593774,6.611062273154996,-20.398942680998942,-43.447864225936286,20.87623729277751,0.9004616226764242,-30.014415816658634,86.41140914824877,38.016356776585454
354,28.061403684259595,-5.661296285554992,-3.604403073627308,109.72929380675352,-84.30587066980104,1.7846560487917038,-3.117295597409791,7.889638401939591,98.08035594980299,0.09917107596227417,-138.07405706534948,-8.390159413829947,-12.653047806487617,-62.350991016661396,3.234906462690531,-4.2817246399397275,-18.72619352264348,35.29690259139851,20.31637301397765,-46.13854968334516,-20.611055808246626,-16.670045725183737,26.156910101871485,90.12478367742094,33.05039480427165,-50.69909825961661,-23.40754371706819,33.04279965318609,10.718118838184203,-50.05119652706436,254.52801543300956,61.992182395834625
355,83.69364478106507,-24.528378256219128,-0.49985024259722177,57.60953491121101,-54.35628070352038,-3.1690816720124246,4.941276873508309,-2.9328233470630116,15.858222656016007,-4.604158442716547,160.54663973779336,16.886856777963725,-14.904548762845701,-14.409025975159738,-44.35555867866029,-1.8988209367108269,7.171790519691901,-2.0414855326664076,-6.888159312152008,-2.5775198798150813,-7.084192178219781,-12.846141544381394,-3.2974492429668723,-37.581723315772734,-9.07209504977544,1.7938701954456924,-23.499680770128677,-36.339923825385306,-31.75669298903231,-19.384686675322026,31.94252453866982,12.38613047694716
356,19.218868524927128,12.731023852438321,-46.89763215911476,112.43052209189393,84.0669920042359,67.30697810680206,-47.492495765964314,240.89048425014508,-84.4456434565951,-67.48539991751424,-7.676517832191036,-59.91008312753339,11.95023273549862,40.94028059201972,59.57505226900862,-6.862919734252385,84.02288223760793,-44.73446570565445,67.64841838680955,-5.703752409951746,59.018252831294205,-138.70760589034307,13.911218821839753,3.925016638441373,-27.279483257333336,10.581564393102443,-45.560060120015656,16.01170185306901,-14.061131959761287,-2.888665553641951,7.402330656565957,1.838330296528587
357,57.29779732094759,-16.245753717339447,-1.075135553940154,66.05222827240058,-91.05020994325201,-20.117306008413344,43.60016193205464,-67.84762257516368,-214.35930046776096,34.13743521762213,-151.43688011225385,-63.98151028806845,-9.895853194417771,-66.68415049664411,-154.57727961015556,-65.86007341515466,300.95548116631255,-69.3108537634731,-134.47291904979735,160.1209291463571,86.65638241743689,118.07793721815312,-10.892018105186109,-99.3801162676441,-0.3965958899279705,-3.633579572112658,-7.747392446506751,35.710433207056674,-68.44923252071612,8.237338617055288,43.9957342815362,7.182400630844457
358,32.98755806971049,-8.958829885966116,-0.27267795155747543,50.60216757706889,-61.18889889456088,-11.611126670561267,17.220905852368087,-31.579093250507967,-61.81119756290885,7.043560259450154,45.89619201388253,-13.093905513455374,41.69872214176297,68.56759291828088,73.19492980312215,18.013635955704775,-91.7613590489534,18.134109588403476,23.984482782200754,-5.210097131413643,6.712017807981481,-18.301155696444685,-10.182021286347396,-68.63461739563664,8.156976069380201,2.605733223457964,55.24091209191455,69.48251965136325,-174.76436813145202,-3.558527860728118,99.05071528753683,1.1738760889700324
359,48.40153766619656,-6.263590120594628,-9.039845619343133,145.3964833884194,-86.55090067719902,9.830492245539203,-14.116610475657852,29.097110142654547,139.99710486887736,-5.175158242789189,-102.71522312762536,1.9034306044859377,-15.900939193866849,-51.85465527778327,-8.627302804510611,-5.044353921631022,10.317707103824665,11.830884645927602,0.3358166456224192,-13.231244466535587,-9.697037067718611,8.682664242844089,-0.013060406073837981,6.097684435706314,12.7638964542567,-0.7077665739800011,43.6751951202713,-9.407550481062408,-13.75646638263085,32.928227602665935,-54.413761241799854,-43.359723077873646
36,43.480550080945534,90.13550763701366,310.9618775021375,176.90856146028693,68.96412524188136,-52.01558926696444,-257.6426147581283,-86.51368328924207,32.29700814186789,-1.0062858740934877,-60.145945431859936,73.02573072356564,-200.91207924056863,332.18111840799975,-145.8757223529761,302.3141234232404,43.283036590333566,-62.963220372002084,-11.136553479083968,1.015208286217865,-3.3040492605039007,14.627305439157022,-27.389961808375162,-30.060746007807747,-215.62783823272224,209.86049931604393,85.48255295298506,23.837883100868154,176.34684763070277,-48.92647601391723,184.78880258990625,-20.15894515759023
360,35.237320095151496,-8.217646184051821,-2.9884657608093734,93.07243954409505,-70.18612388188785,2.063001768239051,-4.866096103409569,7.059449021744124,93.77927275207601,-2.1638474904602987,-29.28625360486676,-6.965694989413556,12.97761409635539,-1.082996492038651,37.11424149283552,6.807802403842437,-62.348560159931836,34.19568940976977,-34.63856931844757,90.27952398678832,93.82412291049306,-10.926952618960051,-18.942191040211696,-306.5402289086251,59.78381416405558,-149.07595122819004,-257.689500913549,10.687234899538405,445.02307056369784,-57.94738352798905,-114.20055410444672,0.34033021835951494
361,64.88716096883704,-20.807510094164712,1.5017202293110075,14.561751019213569,-19.038086632022004,-2.220886532287895,3.940528178208836,-7.115873044267398,-11.081336970654476,1.7589041992394563,19.925512655409953,-5.793100566386188,-10.633844616644113,-17.22226555430865,-30.07589012738936,5.778987891015874,-39.151370263153474,36.02049596390561,-74.4332198751836,99.29036841413784,88.35164960814313,-85.43607975935532,3.615026910264392,149.59240710204836,10.274914991518022,13.717702183894412,53.128480129311534,3.2331610187782887,53.6695963167494,-5.104780556944564,-36.147553041116346,-0.7259558348876634
362,38.437188409455075,25.066466840657597,-88.84763638425865,208.69091055912645,155.42637770183,122.9215180200758,-86.37088009647242,435.2439862926206,-153.5843594211874,-120.46411638096293,-12.191829448596943,-105.22849690678721,20.097998959904015,70.9464249807003,103.55448962062283,-10.900443447878214,141.29590965854533,-73.87273662895169,112.14363317721555,-9.836962868361733,99.20201908319255,-223.45497091949628,24.773126146007787,9.683969847547607,-46.63033168142681,18.030057614667125,-78.04544881995322,26.501055691049277,-22.84205985345153,-4.396130872174049,11.632740465513574,2.82783993205043
363,24.815515068593864,-6.845528409537507,-1.4980527309976774,17.188322156864505,-13.95973350072873,-0.7005661235043622,3.5093047118806515,1.2048423120920264,-21.54372332938522,-1.1102286653293865,22.093828120698504,1.752402292676361,-9.496305335620917,-10.763109091328678,-17.856370197793467,2.913630438476333,-13.35688512397798,9.477015168031059,-7.040605365300653,-7.454356482271079,-10.737818389458255,7.95764123044448,4.56455999403483,11.139437705598553,-6.100865547867867,2.570299493648123,-12.041143714384917,-6.744028790516985,-0.3505632534777988,-7.198653294979145,3.3959337318244986,2.852678588853654
364,244.9845225444885,-83.390599904522,13.45411260984167,-104.76292361738462,76.47581284422898,4.0880684405188745,-15.269980878914899,-3.2085805239950878,51.65778495993136,1.5476319359236443,-46.71614816967671,-13.201949205520988,24.438408508247882,27.085436810542596,40.042471100222194,-5.128082137198212,29.816574792179306,-14.74569041526745,7.449798806449294,5.955447942047589,8.000465872312041,12.45270982096044,2.1482005801152484,8.323631749222109,-0.3328687719005451,0.7173400695114492,0.9465601579678116,-3.678278107886906,-0.8901155101679982,-4.274874375502065,5.55266130292195,1.5643734430066976
365,12.869462750850783,-2.187276427201831,-1.6562694758370577,47.947448622277506,-31.794781517622397,2.631101805535362,-4.907175598561873,8.987295887722295,55.12322371889459,-2.0325507171632298,-44.095992241587034,0.6026600213689612,-7.239146574715373,-22.428351937464893,-2.688283500580971,-1.8630253917409691,3.8052794500923577,5.24408588929387,2.970657707971997,-10.011137980450336,-6.8651977608263675,4.599096056866978,2.627798865958303,9.696355223011102,1.7911471535815007,2.5487402572092406,12.806972394819352,-1.9443739259093007,-14.166696942384123,13.84903798109845,-26.761373708182287,-17.440816644984793
366,244.02489639723703,-81.6823410567424,12.829923264505275,-89.02296522715123,58.8557029963838,1.141070208261121,-8.948338444757773,-10.015240788194134,30.375796120677176,4.185855939813833,-46.082750009744935,-14.290776030688873,28.42407215937897,32.36513977199782,42.93931746906028,-5.275943737928628,23.979752710044327,-15.198847433020635,11.64685684262794,2.138843181224858,5.567438525263634,10.079093750543134,1.4036145581175785,11.705729145508693,1.1479696502125212,-0.13969824999921882,1.285198816530201,-1.5582580289268855,6.123429946233601,1.3242519582271133,-2.6617325628338473,-0.5758178644160544
367,22.05570142508489,-4.024229736700142,0.18784475194233677,80.68357397412706,-57.37502761644155,2.6665251106551118,-8.873431160299045,11.514813998475738,100.74843134214163,-3.4086012688915908,-88.6793696063429,1.1350046435222791,-14.383563957089349,-35.20765701967645,-0.8812026689277213,0.15900663667115933,-3.2361555764997205,8.695625425983513,11.976422840694392,-26.414749683888033,-17.807029098864415,9.044445024544105,9.563940092958726,25.194158432263112,-13.186350690399301,14.001369412145495,-15.333411638373354,4.611610518510125,-35.76595070431423,1.183567629007764,-27.715370100175207,3.4691461317120464
368,271.66974757261676,-92.54438147203048,15.139194102652583,-119.00048050811723,87.73710468423016,5.058598196950063,-17.90258985898979,-2.1367527966152635,62.5565787679695,1.3723696578707454,-51.128524546042044,-14.229750730688872,27.46405877764308,29.829196757483277,44.71137473493809,-6.2283408886839,34.73302828036618,-16.540591838076107,7.662620510184774,7.608454768929148,9.638177568919396,14.464252980770592,2.7174161821705884,12.786862985829556,0.03732607162536817,0.8255375697637661,1.5160901769086308,-2.75604281602236,0.10990145078551387,-4.615425652243659,6.043519182863881,1.8303226410886924
369,40.81253909659385,19.471519266178465,-79.17827514487355,188.40534384001845,140.3222089726515,111.89745141815938,-78.48615350654046,399.78021728856027,-146.8112534304832,-112.20172258349565,0.9790439828301319,-93.10481497313387,10.86237226168116,57.6234786810012,85.34152095937185,-0.5195263258554376,88.67332392126886,-40.80926147841451,63.80479617388544,-5.474778310876348,67.3515434877801,-86.5361777687264,38.48932796408822,42.55942724286363,-52.713570799082866,17.6483595411461,-106.5410545182474,34.8480830576333,-16.645025963347365,6.160006116676819,8.91891160911169,1.1314172949501062
37,77.31657750862469,270.3629317089785,396.84454360281063,62.63463850451687,74.00775021531499,-13.757819302093646,-44.014125174620276,35.58664584505477,-26.972813172369694,156.11709712297656,18.326533094490813,35.97776250408644,79.1528955170293,-93.1874829055464,39.96195962374064,-56.31926731340997,7.857263909909281,58.47580398826116,15.157756120326772,-2.654374175837182,18.16755846095294,0.6791583402969011,-52.51389914416976,11.246850069542807,-137.0219527132571,-137.51234290884395,16.046926727667383,-26.636348261653758,-28.52003388750455,57.33222078574087,-34.595879759956674,21.594165572491285
370,14.50610430609044,-3.259775575900645,-0.5581158653684484,55.02631189128972,-43.739986054758454,0.363427283677882,-2.4590296395072193,3.0736858591202854,56.28081201416582,-0.4925387073096679,-65.9034238233071,-3.468751204699875,-4.851424124406725,-24.243753098940477,7.2704259409793455,0.4556104050462375,-15.828333431912613,15.583702522131125,10.482201799818284,-19.07504836647912,-7.33447131675455,-2.9601849607212594,10.626586828142154,19.21806793546007,3.351417085647177,-13.066339199555017,-31.510404870214746,14.439781816871708,-0.0729835164828406,-20.340270154885456,56.51646642065064,26.163229355569857
371,106.04460975666588,-31.78366913520449,-0.8233274079082966,119.89682040564075,-117.31259189968777,-9.713391955024774,14.523125405499263,-24.68089066793062,-5.310845800946689,1.738561718259244,154.7156205174621,-21.98636654011597,62.632200801630404,96.1588359393443,93.16868003159748,28.388914014960942,-162.1572988572023,63.12801093723378,-90.40207457313693,170.88206130911675,157.37440683827717,-22.79631258604794,-16.52354568416958,-56.69339048440367,21.45776481785994,-15.846310317950095,22.504816689390058,49.44265103714021,-111.9324379494584,35.35032682291737,72.5165359753455,-1.3886403351045362
372,85.18487148856399,-24.444536813509696,-0.7291323206455586,83.6884309110363,-119.22916859265264,-27.284896502134817,57.62587196039228,-90.31925873877498,-280.9927703425047,44.04967193575974,-189.61764277656488,-79.73649328584042,-8.69008963592435,-76.73864360411247,-184.19034854206237,-79.73233124847872,362.33521541012203,-84.62683983866444,-156.4303723950177,185.39039341750328,98.77216577457895,139.80152941197994,-12.909648895452905,-116.13723840902018,-0.7398630005326177,-4.20833146694846,-9.355489944121206,42.2058909590729,-74.59689028830138,10.056816525361974,46.42669574281388,7.912763110598906
373,49.272761060647326,-12.734142334918554,-2.166922569700372,63.7813532792896,-64.25223077905629,-7.326386376393982,15.647723148551286,-21.00688354430641,-48.904151060330484,8.684408241613722,-29.84585016810603,-11.069817552443375,-10.819947930081767,-28.49551547826777,-37.03588264091669,-5.360122590835079,10.849508726546636,10.265660533861082,-21.00942178803483,23.94078619818634,23.591291035107258,-40.88491612606594,5.227012804213048,64.3777276165468,3.818419072272877,2.972030495037412,18.608187746514748,-19.585461627323028,27.56224012364408,-13.330254439736414,-6.722674774770286,-1.5912851109725465
374,118.84722774853162,-34.75992854733067,2.4656914939924364,41.23307855045625,-76.34502408620392,-22.02716988955138,40.23890365538492,-65.10140298310692,-187.29289476823035,25.402405903804514,-85.36841321461823,-29.738187918743183,30.741422190708825,29.06537320673491,10.97407185937632,-10.041307297208265,27.91000249277348,-17.117494725737863,29.367795381542866,-41.122122374458186,-37.46622701258589,15.944915893342227,-1.9293984934547765,0.7478820311491086,1.3415349608142573,-1.314720043191157,5.339003816569923,4.681267179835182,50.553478842191616,11.327283470743692,-55.609582306468596,-9.550662470549547
375,30.39908424154242,-9.206000908228583,-0.16225296531183664,16.0903324471065,-17.520701023110867,-2.0213245495152306,4.545255829895121,-4.760421457158252,-16.934606568290306,1.2704562813515037,11.543607917068758,-0.9742856007462012,-14.05363694494628,-20.537005914597106,-30.836311543934457,3.0451787004171,-20.925371698738903,21.037623810698836,-39.08010124692892,45.512062874287885,40.03336934673133,-52.63407229717274,2.5882225735050883,78.11834766780032,2.911735924189861,8.161291310164218,23.577537180706116,-2.45549620342994,29.098367814183778,-7.08402222728608,-19.03641920547109,0.3382750405824671
376,84.92214130775444,-22.14660257313414,2.2332534411800453,135.7964425410204,-120.25017090163459,-7.324160838670129,4.328815497473414,-16.56379265903972,67.01964535048435,0.984801455439572,33.503144072446354,-8.032525577837763,29.26686991706307,51.72832028152114,55.808290896943326,13.373262837234272,-69.80622171079214,11.733996571307593,-18.194851211827103,63.22296866932044,62.19606600470449,-10.896308852964847,-15.577948008723961,-128.53671122433724,-5.9878109183391945,-12.684093057117332,-55.51010051501844,-2.720831780025926,-12.773446947403482,-3.1468841864127444,31.54544171363347,16.16757757991701
377,321.0633386501091,-109.50089001306812,17.521654061305117,-139.02498171113626,102.931363216953,6.042765664115689,-20.630856607828637,-3.1743520291977947,68.06268450654507,2.1844112939540263,-64.10859485372133,-18.033730812954232,33.62195698822644,35.84581453035711,52.76400577658998,-7.360874009550894,40.226919768300505,-18.80567350598874,7.909250471376739,6.2934773692701365,6.846403085996883,18.95982819721988,2.7011968083850033,12.150475905883285,1.6248419265413214,-0.03960113007883313,6.4731573212822315,-5.054794840904977,3.2202031385366787,-10.14940817528327,6.83384300210317,3.2665967918713976
378,35.49778518186172,-11.210444921432682,0.17476195703178304,18.661383075741877,-21.177760057176737,-2.2780247073185524,4.9907846620241525,-5.959460356294741,-16.526002326420315,1.3662305749658226,25.29769306978319,-3.846712765365297,-13.478273809412565,-20.272014283867502,-34.697471328083196,6.100953717495887,-41.49616135258283,37.20099956501987,-75.43648397152143,98.55200488071712,87.22928498161794,-88.80342261356776,3.6770860302656145,156.34684554128893,10.443738414866848,14.828280185820054,55.452159388383905,3.5618507838225586,57.923710774444174,-5.735047816150751,-40.51911714098474,-0.3297861978589999
379,58.54736402035109,7.240366547265056,-45.9224699992779,76.26583999395535,75.50547526928227,43.94056927378952,-27.184629500608274,109.23210165987292,-25.24104946823773,-12.44680259302689,4.107075673177257,27.571791913363516,-27.026861457780296,-49.73539452676596,-71.83860070369512,-1.954099294973601,-46.25679174949646,30.737634191064576,-49.763462651941005,-21.519764890166133,-85.3709680017603,21.177174111963794,-75.33497503315326,-200.84802411011248,153.5673782822763,-66.86390129696903,442.38110775853943,-172.29765220072454,67.55549312257237,-165.22501872419906,11.011850123252726,5.842303737300206
38,95.30810084354707,297.2188931211373,-143.04437861388527,58.65728044285433,116.72198855007535,132.48103202475352,108.07755209230889,-120.66841610830278,33.06712963453221,225.2607766959794,18.49653108635414,-29.153079636492542,-98.50937350950282,26.608343781976455,33.30394773361545,-5.126899359102407,-25.058157113843194,-106.72659082411741,-77.03414245162791,-81.52013055144197,83.26327622463245,-22.634989826206375,519.6783589621807,-64.05795019712387,1.2899301477330902,2.2344501390026235,72.00114605683746,-6.013133816535201,39.32188841283899,113.35924709783082,-14.240719959441627,271.9757994124882
380,87.64335338897423,-27.192158996413077,-0.6911005552630182,-2.960176763710267,10.30029883828582,5.095393095395819,-4.3069766471719015,16.436085955373628,14.243341326076498,-5.812374064190215,90.29288690357593,33.19237107700324,-55.91643598840875,-84.05039910176107,-119.12726067257982,-4.822286634915941,11.718591830197752,18.22268068471596,-21.360715293887193,-68.73048064596382,-85.57458477014086,-106.27568125279107,-10.861336554733834,-71.3765564223341,-9.595351190890613,1.5529493468516156,13.629001770296576,405.15219676603135,5.218688263197776,119.00717359968094,-49.85791012472464,-19.163309752548432
381,26.576318062545134,-0.6110334293641582,-15.891943101219248,34.17427833105212,25.615184741269786,19.503243907231923,-12.042422506628537,63.391627635207165,-33.02993352681586,-16.21042619285489,16.17109083653224,-3.577365756980844,-7.848870042380581,-4.434105423366305,-4.812196105482814,11.455052293951242,-44.39849247454316,30.10686826359725,-42.054535516078225,2.4659448184487855,-25.596243343893427,122.9978896512468,14.920264473210528,28.48749705154966,-5.48991296953235,-0.1000392083079511,-20.274052892958153,5.086694133766604,5.741580297727084,6.359398320159711,-2.755075624187376,-0.15209920722726317
382,55.58379017399767,-16.08928112518903,0.20356753739189282,55.58217581631243,-69.5799413513392,-13.05798579094872,22.173313046678096,-37.200084989093995,-80.34696737754665,12.37146674926017,-21.317909064182754,-16.657584633597793,25.069791261665898,27.369130154707253,31.78481613069198,2.9675780188510172,-34.43579571900471,8.14663585503616,32.36982875739446,-39.54792623128488,-24.11348835191323,-20.845585035173382,4.8173115080347655,26.794326787889286,3.8082347911487218,-3.898416245545427,9.483470427608113,7.786995329836672,18.153129878626046,-17.070217750064536,12.776716718616262,10.625947793315538
383,96.10314643061592,-30.330923447292808,1.0469297869803096,123.11056910681914,-126.35520409124459,-7.914733744034028,8.424683239489724,-22.683371342432718,98.72782286965577,-2.392555797101052,381.654357504636,16.46151946330374,36.53143866886932,9.673229952890656,-41.27012626931934,-60.887235960284116,252.28851809380788,-99.98736424021457,77.40015087182276,-91.76352365446961,-82.8447783383885,66.65014755910842,17.681559891779095,116.1949537955766,12.396290909551912,-6.944715615007405,3.8991650509587474,-62.27642178618936,89.58078645062774,-43.46535885095058,7.030684969806502,19.76607646626552
384,84.44677952339792,-23.93972866412572,-1.393654384838889,-6.860127243742615,6.817870484218057,0.12427794000407631,2.8415312343665855,10.866678945122796,-32.80509351852937,-6.604437131080282,40.55270044387088,28.05769761801465,-71.84167631642666,-79.21831686625477,-99.93649860902191,13.265478987588095,-48.008582490163356,28.27002807531938,-10.836765750360293,-24.91349925933435,-21.34887735561921,-62.610251380699474,0.492972504438581,-30.238282613435832,-19.65472385305147,5.516100469228202,-43.315653372376424,-27.666393210742154,-24.08332110088444,-17.048623501048912,14.681032232688956,5.088012233698849
385,77.55450924056659,-22.096697877670156,-0.48105600590628295,90.44063654777277,-67.8594713678724,3.2862399933291577,-9.056892246065809,9.676219100353714,120.09137593264288,-3.8445383813803433,-12.615981513330373,0.3762771677086182,1.1555140036256026,-22.942751001651104,3.9440133325669886,-10.183868762048661,34.94259552801856,-5.739069515544334,12.362960119860197,-14.514527353330445,-8.1021082333434,17.021509356802312,5.536312945948835,10.073891516726816,-1.0334717981708286,3.8590437641043747,-1.8514822049325181,-11.251814754451845,-24.828133255364992,10.180358672283583,-33.38500576396618,-12.247791028769539
386,21.833427492259634,-3.9470903975040854,0.35010683867974635,87.93076953459436,-63.89027224929165,2.494358311551058,-9.187944660948174,11.526289870406995,109.73144898504664,-3.435999923954568,-104.7018163330312,0.486866525732567,-16.13499055903507,-40.32510278022166,0.6350400527000367,0.9539588610499958,-8.80889595845878,12.005043434843241,14.669770962349611,-31.640042546935025,-20.4940442775825,8.941011479743525,12.199591051796585,30.147048718271996,-17.746820117273526,15.956214001731002,-26.946867244590543,8.537006562197673,-40.39318677532129,-5.012439113994713,-22.672179633894647,13.440143564879387
387,23.80120436352949,-7.269124169323186,0.018426136333153886,28.31191022455017,-28.527272485035905,-2.5326516136341337,3.5795567591090394,-6.759047405377256,-0.07327789650927649,0.6087253344727142,39.512029743642564,-5.663480816993257,16.718295312628516,25.829986587020702,25.10353837578802,7.427732597667522,-42.760226274372165,16.275581337292387,-24.09626536282851,47.211755635631185,43.91168258557099,-7.516128028234898,-5.1766910533006145,-19.584120843315162,5.980201389208686,-4.912936552451922,5.271546986007228,13.692175358148889,-32.140471048572174,10.93575431454244,21.023901721013768,-0.4572429359180267
388,44.10019668402733,-10.98162222040826,-0.5857364843547556,17.737546787357093,-27.472397465891227,-7.625143139411699,13.133185739638549,-16.29670046824421,-58.00043284890108,3.8693909538945257,-9.816447262795345,1.325034164034744,-15.843946494165975,-16.877952759420058,-21.737956255870348,1.3543503678683368,-1.862230982608539,0.5025827579903899,9.170399576890956,-12.222058183127064,-5.259250864083178,-15.827484471226951,2.2044995110498147,4.745069428031377,-5.794396411858866,1.8220360493151595,-13.939848637382008,-20.367790486069445,6.340369151515021,-2.615065960322834,-7.769279879748925,-2.384425178381839
389,26.80069969069993,-5.713207556959019,-3.127359215360791,65.80382228855639,-44.89603533788432,3.4745932459886943,-5.082886689587767,10.271744066181183,69.64782955404162,-2.5366989420353696,-3.395711661750488,3.2102258218320565,-5.201605844700915,-27.3376854563509,-12.818938676732873,-10.617040123430826,38.534921605644485,-5.606589639507317,9.048088260022654,-22.138989794054016,-19.952980848858235,9.307892243303346,3.337526807157876,20.802299621629974,9.39939764270496,-1.9497887007584438,31.861688992132702,12.059876817863774,6.675864971803522,27.17480029724704,-42.29146998751718,-33.14052390890964
39,143.03474258792036,488.87407474809976,-232.08184186381052,-318.33577433132103,-411.1877217250806,219.83653228863145,-511.1178013122077,61.243515565675736,-30.787108326537485,155.9607894066724,9.235581398382863,-117.09708274898978,-139.58978753486744,80.45450279126582,33.51050064713759,-147.86128447557147,7.017589927970333,66.30777345604024,-67.56575594766167,-38.267408178678444,-36.42630468917172,-20.909916607518042,-94.5035062487844,4.6607561736689,4.471510382359098,10.902701612517426,-19.02564674280842,-22.04200526568116,0.6937869370443043,23.457431416281885,15.566668416327103,-67.78095475128421
390,85.54715638239868,-24.280899668709132,0.3263654893771128,47.10879104845014,-73.81165584833899,-20.184382726887904,35.19643111910167,-55.657677741944184,-167.93192638100803,18.590958468795545,-50.71446778780941,-21.29371112386284,35.689561730420664,48.89517275820707,51.552826734940915,7.630888145844534,-46.87914935000741,3.1197886109192248,59.47331471852212,-86.52950790865523,-67.53871561179763,2.5272344050474964,3.17301065374945,21.201663667258018,-0.5985729469878817,0.6260169292976279,11.561113182991104,3.7561608369394035,72.35187510529583,10.591891935586379,-85.2621907007853,-17.04971822399104
391,73.2339166526609,-19.882127359201043,0.165760007295592,121.60071752032167,-117.78038983622677,-10.695383324309557,14.776251370960267,-28.052721407389164,8.588219911604634,8.890125076043855,-66.95109414887675,-17.792964010546516,20.655745338320394,10.384487419393473,41.17609293770779,5.498518387056298,-55.33492911679698,23.03307410875178,23.394157276390057,-23.11045992250932,-3.368001513376442,-22.713653648633997,8.670170229137456,8.101305553564165,4.377974502964577,-16.544892684903747,-30.842771624756452,16.877924561096595,6.160105854018816,-30.77090254232762,72.52218614136656,35.276920866652446
392,64.33814366140533,-20.012382565598795,-0.3789332208509611,0.08997976973711207,4.931884184701983,3.414288159855011,-3.055179609577589,10.881757718935763,13.201573808386895,-3.992277348632456,66.07755686084062,22.531735302022827,-36.98041078704161,-56.885835401182064,-80.83505814791451,-4.424199341956793,12.673943015233036,10.603860941774357,-13.069948523126705,-47.80804722401486,-58.914926427432555,-69.44777464191166,-6.986688781697121,-44.764554571235784,-5.839022489409879,0.8916320562831491,10.203943653105663,264.7927265165311,4.967862433626169,77.31322087545408,-33.73169315324636,-12.944754372776499
393,258.4565295226021,-68.33447856153063,-2.959724503986134,-23.80935095447654,10.334988225154637,-5.421112846468183,13.911774419150836,25.925955038177772,-96.30019863180294,-20.667466451338367,122.13618426114239,88.23736123478828,-220.6208458613232,-231.46222726558383,-283.76948699338766,40.11966580313283,-135.21808088198705,65.87505165340224,2.661251590898167,-71.24699490786267,-38.780095611547004,-181.33256644834483,4.40647500325644,-81.91280269064883,-59.908473080358405,14.972743719048546,-149.43815491075628,-118.22401967416093,-77.12212542907407,-36.85646137653394,46.90956845377265,10.38006498441844
394,32.76906693339452,0.5519810615644724,-28.807463618290328,69.81376718952586,52.65712057048685,42.486690754600275,-29.103193377933803,155.18830402209042,-72.088117040234,-45.50674420959146,28.153756776837362,-26.22132539319951,-11.954300147164085,4.629385011941366,10.973295082518952,20.873800220417014,-58.6558013563686,45.837741137934415,-63.15337302445076,5.602355808322688,-27.252532949107653,221.8841217038505,44.53306506599812,80.84520136220054,-34.44258011719733,7.345695450628721,-95.93928218107904,29.61239733664048,4.913474429597803,20.307924423630414,-1.5196765299037576,-2.0590954342950782
395,71.78685339489768,-17.57974844505042,-1.4365237867151817,34.32208686339399,-51.0703250241395,-14.066670997371325,23.114735488521887,-29.201247062444356,-103.51521134164254,6.255169198097999,-12.429533444968586,3.399981735583919,-28.158970668442787,-30.79812198742688,-39.068493217691675,3.3977274010585017,-5.638363884210523,3.162257177848262,13.446703990910127,-23.059162135498593,-12.090084988892192,-32.13066564958901,4.087715408044593,10.354010798367552,-11.33966461611762,4.350354230627158,-24.35041675013416,-33.85651258188489,13.04470770689682,-5.620354420876741,-16.483502446809773,-4.615431701982885
396,8.778356422728404,-2.177927016151322,-0.6363559423318191,27.486861364745458,-21.597490035167475,0.46786131027491334,-1.3730659369873968,1.9030143946304499,29.48786960434154,-0.6165192905914123,-13.428425566070532,-2.3770135223300954,3.2903985785260246,-2.6155218503876125,11.15056666511434,1.957566582657843,-19.44682063272761,11.565455597697824,-9.174384613579704,24.40847808421813,26.625089305266723,-3.455286944272873,-4.0946458724443735,-87.56248801538534,18.16399408951936,-46.00056709794145,-81.01281510751247,5.739797574395016,134.32359207543405,-19.66911134200617,-29.292516836135487,2.9753548689894864
397,122.67720721790369,-36.212393168585095,2.1534646696127853,58.89134827117928,-99.7228863167406,-26.2170066464117,52.14511890984089,-84.25032549386607,-248.75038100549972,37.774818035156386,-145.45855096496217,-56.194731361048525,20.441827396238374,-12.979943377956568,-74.97049277867377,-44.57110995028249,189.64941011362598,-52.71470595932028,-51.58988670985834,56.24596028734499,17.894382253626006,76.50244590675901,-8.146595425355807,-54.2011931477161,1.6856061813727685,-3.5019134231887072,-0.4828578305622059,25.356907050843116,1.9791044071738717,12.797236279740863,-14.249304350527417,-1.1892581763859142
398,93.05843328331814,-23.8991529268964,-10.99580297261071,2.918241318935941,42.641261590598454,18.234100732392033,-13.026195004611518,55.99706442740556,-21.449611237031405,-13.804561295659088,29.118911533474314,17.3558573785321,-42.999378923697904,-52.51664911578631,-69.52928498186418,13.37744772648707,-60.10740249402369,42.895784327384945,-51.196465885500366,-17.250081420213835,-52.306678507535686,51.4200245381184,-1.5919944711377418,-39.041286461499546,6.709072487710066,-4.977422516577127,28.70971315147554,-13.013376398474893,-7.182647841008726,-32.8194156820804,16.57503621871365,11.512289295999695
399,270.15212377618906,-91.8020602553766,14.359293126764072,-112.36526625129756,82.74615246491405,4.861025661924071,-17.070815999337167,-1.8713322216457045,58.220387190730456,0.9170491345393575,-44.791768440415126,-12.852381605228329,22.82296391827313,24.536944654924493,37.54427028833022,-5.053618194042278,29.739166144115423,-13.36083734916456,4.762048832707939,7.471611012816802,8.635230310798425,10.54506767830584,2.227304680821125,8.63460597796065,0.2450193272551272,0.5168790184506631,3.4982796203876707,-3.8987684208963027,-1.551484098328197,-7.229790933065264,6.736030769241546,2.3108173697601617
4,6.399699563451842,23.62392237914898,24.02991158885449,-2.1172632150550923,1.587302607468867,70.7582555284366,60.34690465313505,-24.233111524067194,7.171244636204574,-62.462057366718334,3.2937785162774826,-54.24299598860076,-37.5466822024024,8.64785889762603,12.868801571815453,6.244498259066341,18.299790878553548,48.20793437646732,4.7894404194820845,5.308226814883596,-24.17858565655411,-1.6642778333920507,-82.62393526365827,-0.4056121384542479,40.00915133105871,57.44273354798884,-5.452056544723295,-27.68601277812089,27.153811015233767,122.22916351999966,34.027061028711984,110.85383599042426
40,57.68146609524391,202.6999632648536,293.0784015337647,58.216995801091024,71.89224408382596,-152.57163894117258,-150.97478845427523,-24.764990533446944,-40.31046148028289,-83.8744809220844,25.76303584656598,-56.81627559850603,121.58176755425654,-216.80466050200377,87.78852311062624,-186.46346235775977,-79.48582377531537,-94.25219112566002,-36.836193602727654,3.807449641830168,-14.9098382089684,-7.843929328866846,63.447866067378925,-39.852088749253724,251.02601975750719,392.8900583912828,-57.849901876892275,14.110353600744478,48.262615131813256,-81.11863167665173,36.96906648028597,-45.15101060389972
400,75.90675758716462,-23.756697966040992,0.047448506802445625,-3.977173893151882,8.353981417486528,3.7624457535235454,-3.706564969427348,12.103473500064469,15.277134960893653,-4.505892891570479,72.75380488833024,25.615685237692077,-42.01206743190586,-63.98413437130888,-90.97451366174396,-4.6867934839601615,13.074183748222627,12.409440079121222,-14.926119751475879,-53.942303633746356,-66.31129584365775,-81.62741915829015,-8.188654631565013,-53.80004388033372,-7.700451919499003,1.2866446721528833,9.463595130817428,314.24679573928313,4.401677171979195,92.69819382883611,-38.97446585775318,-15.084159434728164
401,34.286035776583,-9.328891167633103,-0.3628103857611534,41.68538738704505,-50.382011875780805,-9.582634037069077,14.426550911204894,-25.34029174914217,-51.81388204000215,5.97934914398924,21.873177036472676,-10.404939903685834,28.24337776790204,43.12305042574005,48.077949712671014,10.87612741861474,-58.33899249977676,13.729902208606946,12.3674380733692,-2.9762367697819596,4.887965919497131,-12.308449016192483,-3.6638451246148565,-23.15721615272574,4.861144366604703,-1.3671126704772596,22.481836659496068,28.281978731138363,-56.29158992448698,0.7153096149213829,33.09431206386159,0.7265565995072053
402,70.10661267333111,-23.25954980551308,3.6989137453261756,-22.66825965608781,13.450388301627354,-0.10319567072286413,-0.5263706860522257,-5.333151261112644,0.08729966640242355,3.3782824757905194,-19.73792182675948,-4.21366217967499,14.425378896972553,14.439751904613706,16.58942327433725,-2.307664725342177,4.803292615436218,-4.631046424469277,7.681321387216694,-6.711091023407479,-5.745944337737678,1.5756028085913345,-1.475367815329929,4.371422501676633,3.3172495751255546,-0.7141863469703174,6.1516159939381785,3.611263661299982,9.990034424408181,2.4188452574558705,-2.606821847604957,0.9791835701416725
403,175.28414220329205,-49.477212929179544,-4.972543388063645,5.4304616150834955,8.922342136484712,5.205585932497295,0.18876977248193258,30.160169569593037,-37.23771808461965,-13.843311320038087,117.89563358038326,49.392317481760436,-111.56360172346871,-126.30837939223873,-171.14644063297308,19.254478323914746,-74.55097444105282,47.73295609788975,-31.691925038042314,-42.5225784376705,-51.787427044803856,-80.77280568108182,-4.151523694423247,-72.38191957157628,-23.31185333395228,5.464775236042021,-44.020595721051144,-45.170917087243325,-44.40475691265728,-41.01877082082234,36.45295221635513,15.80923173657833
404,63.45778447488104,-17.818255569611296,0.2559755612368566,35.148024787283795,-56.01914845064101,-15.594041107645245,27.107089903810166,-42.80927648443611,-128.7276313179222,14.314094750480916,-40.357983679848395,-15.751693331913467,25.738778698928826,35.15352406798519,36.5088164877529,5.231537565135305,-33.031454580677334,1.3558732914315883,45.265590763217304,-65.33647527560417,-50.75316305668453,-0.25474465868438284,2.1492361278768506,16.691969390194547,-0.45804379126969097,0.38099186638991517,8.16429076753657,1.2471696108576322,56.78215148574976,8.438465280138006,-66.29205392697172,-13.308052105730855
405,68.88381864649635,5.3430229769424455,-69.93438963824752,169.81282400372703,127.07544780891668,102.82064206717624,-70.99134139616864,373.44581180783706,-160.900983819824,-108.30707556165923,47.040188329647926,-71.16499227127565,-16.97490676168257,24.36369584429754,42.90843433723187,34.06727202824,-67.17670752235095,61.57604448040869,-82.05784589925717,7.945226850286852,-21.240832013252763,328.97001905707623,85.51523630318448,145.83224024575023,-75.34219016466565,18.817599198533195,-195.54335311672648,60.354074336793815,0.5857294191803283,35.83575081482254,1.5381346375006322,-3.4031361336970276
406,60.15702527161759,-17.448701253805723,-0.7946505536200783,70.93112374555645,-99.7783489463643,-22.390704233083873,48.39496409659847,-76.20521997995161,-238.86817410539038,38.486210633857716,-170.52845023199257,-73.19975714447688,-10.119263630892378,-74.63923373014896,-175.32884194880424,-75.76633651964737,346.9592633305804,-80.36651835795875,-155.398911845965,185.4505479377203,100.23518215383059,138.35319546273584,-12.776821845489307,-117.0102989395715,-0.472286018051592,-4.243261988236357,-9.024338938763595,44.039409807302846,-80.91390785900816,10.145644609929922,51.55798727971647,8.458950592605332
407,34.46678514091207,-4.602896567624386,-6.230117696482805,97.4672779773165,-58.22650041451523,6.6377515350316445,-9.039618279884554,19.24703154917466,91.60074648590829,-3.3269062474923237,-66.87566682006837,0.9115664133064061,-9.520311746468506,-33.128716016499084,-3.924592834180393,-3.3983483790362765,4.613752832458198,8.367260137562925,0.322087180240867,-7.16101422603737,-5.0857444090317125,3.6308529201527944,0.4479092129236225,1.9707585293270218,10.184773723887147,-3.7584114749877218,25.454042423065555,-5.52637928532917,-6.161035580984279,17.88042700233632,-25.048688078138273,-24.465896136781364
408,23.34397878106677,-6.944139115884621,-0.8992883913320919,19.63861949681407,-14.978944487904808,0.4791505914923779,0.2765714661732243,2.792795039076778,2.563311395303597,-2.0086899946523635,37.670688225508115,-3.0186830237286344,7.0679687450722595,11.443442522107343,8.37957472710525,4.951040751399686,-27.391937958445492,14.93465239368257,-28.822317525615848,39.86508770196342,32.187418065921875,6.825547253196835,0.2545659945080776,14.120812109321681,3.1967939840363027,-0.8859263932290934,3.4496285020332955,5.679086127312618,-8.365496217208715,6.707950516568724,6.392412385140429,0.13696205844347736
409,67.46174468392329,-21.448716024135322,1.1482791813144317,31.058522646524565,-29.806947750553928,-0.8318211693623837,0.1563088681524289,-3.2413924361376028,22.52586150778075,-0.9085832331031042,53.393322921678816,-7.2296825676934935,14.496143851088338,20.303305230028275,17.06528914729097,8.703576130752058,-52.985975758040034,29.647400271228136,-61.74756006963016,100.69383918795711,89.9583139461058,-34.00113350296828,-4.879187785257476,32.38881249708585,11.725804547535516,-2.32822084594102,19.715969002091832,12.252151286621269,1.563559814871497,14.001268108288212,-3.8067851252870817,-3.276231582185704
41,12.913176418453734,44.47610062344211,116.58886363950525,41.102815525620386,34.38889236244783,-51.2826537362915,-81.40129584179262,-13.408629741829971,-5.857200523215844,1.7126598789717067,-16.956716514595396,62.667786803438666,-69.94129668390859,177.55754291758186,-76.83716637252323,116.57540648862346,81.03753514057678,128.94132268883345,16.12931525578846,-15.2018530442035,0.3656439615068057,-14.478163627871831,62.97316136460743,20.21379058397559,238.03670958129928,-55.45674475136667,-72.08103539791183,-6.367319186847344,-98.25262218259219,-5.8260628126119975,-92.33004154212321,-10.41665973544045
410,46.34732847446038,-11.730858022103673,3.196031783718499,69.2254447417344,-62.44651997700333,-4.989649359897416,1.9685354641291564,-11.039113638440622,31.982947523397485,-0.05962029532236061,43.964962414850575,-1.5798609772020336,16.607320114099657,40.22733193055797,29.4980834215363,8.881927158480929,-35.49248908550188,-1.1870111899113207,-11.440713726976783,39.162283406835854,34.82935264350481,-3.6217075670790373,-11.683715256910777,-76.82971659161207,-10.614268763547306,3.1042829640230685,-23.89071606069263,-6.7846290945473795,-28.628339477102795,1.7142265973840904,17.551281597493908,8.232951669376408
411,167.0388490270509,-54.586159703748514,5.4161740579611495,-0.7914851160590244,-10.017723550363431,-0.5300013553265539,-0.8185211451257569,-5.974149415039654,16.016908491486923,0.10812089365373026,48.4097481714219,-12.94924162182001,1.1024193333662693,-0.8861647201968346,-13.982450688314417,11.912711209040978,-76.02485285038297,59.204654321697184,-128.72383035750408,186.97246567900442,166.7232572467923,-117.2217308126087,3.0199397808490036,220.75393548366824,21.105631079522585,16.931996673086257,83.39109922180079,16.43675104748214,72.22637104189091,5.76390430398511,-53.15439838284705,-3.424576459252694
412,56.2734410271699,-18.18930308608075,0.8557145242115796,23.273943484229413,-27.022050461749103,-2.501819820797702,5.097072679744312,-7.370136695563214,-12.312092204271101,1.2945731069552615,43.29260015285566,-8.163516606425723,-9.733496196978301,-15.661071631882725,-33.23946520234905,10.158190191469865,-67.80456340976556,56.073770973340714,-117.38350461848411,162.16523895580008,144.0746667040767,-124.08704557785249,4.5084028328656505,237.3165897546946,19.53383859657385,20.76635010359655,89.1290898706658,9.199335354092028,85.67465564644353,-2.124651874038071,-61.64821824262742,-1.6966041862264394
413,25.78129494812759,-3.459042477320989,1.4309393019102483,96.83227355585203,-66.71403122260547,3.1227008352458805,-11.427228715812943,14.451113704796825,118.4991221187495,-4.603031729315415,-103.63267954271791,3.4774762419519196,-19.361931284329813,-35.67542807427212,-4.22487200586758,1.3198376725473893,-4.970724366414841,4.753651972959725,11.188709274262088,-27.284408876051977,-21.462365378473798,10.921075788350642,8.171743415425997,26.07164459793041,-21.167120880615222,24.277235306579378,-12.237741236445475,2.3738649850935185,-45.53676937466548,4.65528366048007,-44.21298948529754,1.7062250174442364
414,51.1068286666805,-14.521413419575083,-0.8669193186140923,59.22889565067776,-81.25346167035586,-17.81464823189964,37.87350331400685,-58.930468842750116,-183.81073528842165,28.918752696278894,-125.82694512034148,-53.8689692563296,-9.928055352036747,-57.995740518785865,-131.9619957676997,-54.86032025753108,250.74636770575427,-56.66602773864876,-113.77619292324427,135.60535675627054,74.73528047733048,94.13363223881,-8.348695463593813,-76.97892751315709,-0.708667646867491,-2.354874833931968,-5.926066055312716,27.91454982597402,-55.91438520791206,5.486054448051881,36.38134250152607,5.838829519663901
415,50.69008212292565,-13.421626538627658,-0.2439391677974811,74.81490299081779,-89.16451598302285,-16.72019595454682,23.785536138790892,-44.370035552449494,-82.71468934628135,9.129886965823175,70.33379703591737,-16.614559904014612,56.902118376374254,95.27232939907817,100.89053541997127,24.82176146607443,-122.87122501940581,22.880601000649705,32.85527046584755,-6.080530788698822,9.854080742287444,-23.425231129964505,-14.44538850134832,-98.35718289557741,9.3196337103425,4.603784468865032,71.94701283052484,89.63145366332115,-236.2866219932804,-4.564943611399216,132.27439462130968,1.5790690568685886
416,62.325970860410884,-17.991554159798103,-3.0866782679074745,-9.545324176635837,24.484951363182837,7.295635567959701,-5.8659665416096995,22.05851052092451,-6.247264967724926,-5.372332291370398,14.929023579724062,12.26466883683713,-26.774688881964,-33.60434481150336,-45.04979445054473,5.877715173354526,-28.198805346030863,20.71912604113458,-22.906845815870767,-12.834296920242272,-28.06786638208618,1.4615282789903672,-4.113252070923045,-30.164670372249304,3.6742596723314818,-2.3475083517007422,18.221369011677513,-6.901033132536864,-6.283949207860992,-21.168857559503873,11.34887069925151,7.427413703678807
417,26.051359391421364,-5.33794806792676,-3.9747789963327267,1.918110091974886,13.25876356540592,5.79393420815803,-3.0430743206116646,14.846019564740383,-3.6385175755304213,-1.5156813806639038,4.963778102019038,8.449239925732373,-7.975316550541166,-13.177304912699942,-20.37454863847393,0.3974745122722668,-9.857962270397135,6.620640637859773,-8.813441455014251,-7.577808172204804,-16.36674569537004,-5.2766261638426055,-7.0104201831636885,-19.74017765140667,8.041878531280226,-2.7947169140211967,20.88565192980497,9.838618587314782,1.7027652083044171,-1.3311416806946446,3.0191934457557323,2.82115059935371
418,38.14043744407719,-10.511702919999792,-0.3952335332622685,47.59911050322007,-56.9894555270856,-10.552217052718563,16.063834748181687,-28.137486998633445,-57.03026841671639,6.690581233714133,26.454673320225602,-11.849240008682543,32.23445438796785,49.33375628523865,54.89255678589839,12.560781477895521,-67.99836147098333,16.403400904580785,13.092429583232766,-1.7420599605764162,7.047170289593578,-13.9768223575591,-4.304309755430631,-27.028198764160692,5.779402679260761,-1.6960989208432316,25.8371282466707,33.06124611873227,-66.04067842805358,1.2496283704176987,38.580016752878976,0.7241670907729798
419,24.723120866758855,-7.351836181985223,0.5334069560960562,12.390202467910939,-21.45839787008524,-5.625190741231491,11.537314596733573,-18.664144476345584,-55.38433142541868,8.638515209876216,-33.030068409195586,-12.666532837002933,5.434472858705148,-2.1689977313069506,-16.42128840027228,-10.217860054105563,43.3402497820126,-12.36853254841851,-10.975811638452296,11.763052965164947,3.0967897511078717,18.115260636204173,-2.0616833886052124,-12.537483480035602,0.5643234576799164,-0.9033417401916396,-0.02558451586120289,6.4208185346018825,2.3071475419121734,3.7856791960291267,-5.172267483698437,-0.5808416714895879
42,30.451807862255123,97.56150831785388,31.59393353299802,-15.921395290083884,-13.297632619684702,-89.66450200121804,40.820540240308574,45.37231214956304,-0.8311963158672688,-41.263248385908504,-9.822562978215615,79.2100504829765,22.915988302006646,25.893571348009644,5.952594222199123,-105.63255009492455,12.40908857294233,70.4650430209427,-4.410649006156578,5.613158680968813,-2.0928525253623964,-4.012877289682253,21.692339505211358,-9.436065838301369,4.465276335111531,71.3577411467911,-0.49051447241531315,21.821751006655678,38.35540719248638,-31.69660614294594,54.897533273937775,-13.742019215392967
420,91.19840875297008,-17.704327017741683,-5.239876489964631,72.55492543890658,-91.44125941046616,-25.341055958720723,33.93170698522491,-51.38633735043808,-159.00414685623252,6.792041077503921,-6.681359651972784,-2.0052987847568122,27.18059307137296,51.488387216089635,81.80523205222771,20.540726527368204,-73.57124685405307,13.13535078105672,43.1897799068753,-69.36529850356683,-56.388166873945664,8.60376679950689,3.667424598935265,-1.3775177672138728,-2.7725567160730584,4.930311347723053,12.604541362689865,10.532776380810422,13.068993285068082,3.945619220022395,-36.95824649614521,-10.057090151441265
421,36.19983082371749,-11.814366129118822,0.7092751785102333,12.624933729458938,-14.929797247787867,-1.2093767256716041,2.3057070943793785,-3.714544514258879,-3.5408986512123253,0.3209380939836239,30.49436924955425,-5.190640303689494,-3.863740966067321,-6.1167094151911225,-16.19727725568687,6.926602893138678,-44.98792740409862,35.443729348001426,-74.61398406838317,105.19698315852702,93.54230279522076,-74.76736115549402,2.3187507581392084,145.947705831592,12.951417818143653,12.379313127685773,56.054749986389,7.3579610767384525,50.91088544861964,0.6387663121424141,-37.157800227733944,-1.1676066687557083
422,27.37356003411252,-4.649281983172906,1.0577459854257447,107.78346653849935,-77.07533737072491,3.0501338289228586,-11.976463824869738,14.448150559646788,133.15452593286273,-4.469440586418831,-122.92337058574202,1.8280046568930461,-20.74343438819386,-45.21694569048032,-1.6345505357729253,2.130183699570189,-8.317627346559588,11.463117013299858,15.331222639621894,-34.78392180315216,-23.931154357606186,11.547356058488619,12.441741109959427,32.677257037733604,-23.80548690762032,24.557141522926585,-23.947215740314096,7.116264930248288,-51.03336917693477,-0.4535119136062628,-39.1576654537484,9.659876415686368
423,305.9959484065625,-104.1906771222269,16.89562283335637,-130.45257256268602,95.29467472376253,5.323425782128213,-19.688918075454716,-3.520089586193527,70.19037371915803,1.6908552099730043,-56.97158045302246,-17.07269678223144,32.27992457227759,35.60094131352207,53.5013741907266,-6.746197566672579,38.400678375990076,-18.907518301858897,9.55379660971287,10.127072585324404,13.513919692660107,16.88541024376625,3.3625555834089025,15.782174207811503,0.4612144900394329,0.5724538173946538,1.8631186437018958,-4.172513840837235,0.2697506405570971,-3.6464288913887235,5.991740005807546,1.0978853415263923
424,108.77107942463,-30.305502737939374,-0.8939884753277743,-11.738236746481471,7.957424621877802,-0.7894019966234246,4.568694090709595,12.193459912824707,-40.225606114800804,-8.012136316243277,51.82133418599157,35.663151265576005,-92.39689920285886,-100.94260953920762,-127.2696095267635,16.639483174630065,-59.396048067021674,33.89928709147885,-10.648967406673448,-31.245084797947694,-23.983231009349986,-84.37240650530777,1.92022837751714,-32.52782809917639,-26.53772053612459,7.794792034693889,-59.8056720333048,-29.50572131510518,-29.672186388752284,-17.098092763573987,16.800042528079306,5.484664950728187
425,54.93941929793954,-17.336953984189513,1.1930742251123891,23.87959349006272,-21.543776744052174,0.438026354271047,-2.955609875103082,-0.27483818337430793,45.06338422524059,-1.2688738878844612,38.49892642642163,0.7374327859948271,7.010990277071124,0.06244967413322472,1.9031919934867274,-8.382739537420067,33.63356928047085,-11.819637039457026,8.137760124401996,-5.159072173416185,-3.2794539808337766,10.40598209046471,1.7925453664737934,5.416832733906815,1.470664213367164,-0.31758053698989114,0.1860683434593316,-9.17147878075821,-3.7147763080555154,2.1657736780973513,-7.941687564151292,-4.168965170382336
426,51.610079025550974,-14.890742734195785,0.23313291929030636,50.805432741574556,-63.70611353712371,-12.04914508704343,20.30981966233373,-34.28150264931089,-73.61755210095922,11.424975803900395,-22.880800478321202,-15.460139687634289,23.22314628847791,25.383509692405738,30.40531040547048,2.973168681214045,-32.79914884716175,7.802343120575016,30.583067093673208,-37.70246634938191,-23.138351887791607,-19.698595080129543,4.621135800790464,25.370928144734243,3.4992055551881878,-3.7105324561024093,8.64059656737811,7.53641032836827,18.494588771580503,-16.151637687040413,11.902891156002912,10.287064607234536
427,33.03289983098692,-10.384450947790555,0.38695817307941943,40.41204763148164,-41.21649000401722,-2.580764867078326,2.6558613820996704,-7.2712498578977005,31.462247028495316,-0.833295446592063,119.86161117054795,4.865088202398039,11.903633498004993,4.798215904387904,-11.04253710794726,-17.661860296908856,72.90520931812574,-29.171618759876445,21.02865954268538,-23.321348318655996,-21.218242410280975,19.676997481666874,4.444063334149875,28.432616669974443,3.212770820587374,-1.9769520306325123,-0.09569555182538239,-18.74474911368728,20.82880550614852,-11.78306484588433,4.295890324492371,5.757388984568181
428,94.91664637148072,-12.304059606086689,4.828504976902543,-16.523857214439612,21.852853564041723,13.75433774504509,11.48814453649895,26.723484565598874,-11.983219525283118,16.62682021729207,-20.496245125364688,55.46355746129857,36.34468332063424,7.046716233535445,-28.222331454092597,-12.907274068102408,-11.025683307743787,-5.4045835880375295,-3.284572520687353,-16.102507763026278,-39.22354640745179,-13.90923652299468,-33.7483205911523,-14.601428273420245,30.31636970066035,-1.0952946294023373,26.283432721592643,31.81996993193716,31.67022237072648,43.32090318962775,18.386360981453304,9.412878294882136
429,62.82905616796795,-21.183803571195945,3.1757724760644357,-10.471094724070225,5.786742756372001,0.756477984786598,-4.092695393838253,-1.8965274423748095,27.055797356255404,0.16374468661823582,5.980969885247919,-4.58078396537923,14.011361046871462,17.018302422843984,20.976506673095628,-0.7655626063951348,2.731953927107327,-2.8700659080972444,-4.660024923853669,19.431340055466787,18.61230845565211,2.9790498665629697,-3.498134832679004,-23.742433612455585,1.3819562106485055,-2.2786380992929276,-2.2351191221652713,1.8278689986678658,-18.434619269243495,9.232468496867488,5.9730785212676745,-3.17648706127503
43,73.06049619351774,220.25389513802432,73.31701640075292,-7.9009498750390765,1.6978735125674884,122.44085329000266,194.68157436342258,-2.329784652035331,28.412567107235763,-68.6440177989412,-10.668126823586116,-13.370772183960536,-67.11094032183752,72.52471067651223,-29.230944972145398,-48.94242306115388,-38.83254890670525,-91.54844884701177,-20.304968912594237,21.92993395189215,-27.22282553055045,-7.2602705334171835,59.47384547080047,7.826937880138743,-18.25917229640807,-60.43445409450894,-8.140325372163186,9.611314214959455,-33.303808192185876,-88.77927342949907,-21.26029524257822,-74.11070541411517
430,14.633113389454165,-3.305437372292063,-1.5494628316326307,44.98583383732874,-33.83512484771943,1.166552573513787,-2.46589443367932,3.940012563521305,46.71993117190908,-1.146282144325876,-15.366905172902642,-3.6185640865489725,6.7556149047154985,-0.7681646076498149,19.52055824219534,3.6994090150117476,-34.24939254067193,18.82558701569542,-19.398016796054243,50.75920904503023,52.516334920654124,-6.214333526312003,-11.076211521070098,-182.38507897875266,36.131677372166486,-90.22995463108192,-155.82818653004682,6.353194718022713,277.88846158941993,-36.527031020629984,-73.74670183822876,-0.4327574738739395
431,26.40047267582047,2.7886940642701705,-21.78941855434434,36.5557993921623,38.31662930690192,22.277066922417397,-14.052547176266721,56.844248297883354,-13.64777326987777,-6.692988039821334,2.589882119862591,15.586969847536734,-15.32454204232213,-28.39325931230791,-41.406980419706365,-0.904225329295981,-27.74862002374179,18.565187951075043,-30.028472530287704,-12.767458099316482,-52.181168537484666,14.613385875974815,-46.9650460821973,-128.59832626546273,99.79020909291584,-44.20168249160189,291.72317169303716,-115.96075640250184,46.10706309273138,-114.3916372002665,8.221424050729354,3.5807462645508172
432,29.334615895174064,-6.341611368978067,-3.564648983542163,69.42340598666607,-46.54187325492477,3.940114681246767,-5.549367135006096,11.597312185244688,73.4928400883444,-2.880041022890614,-1.3896782054999444,3.437055796107207,-5.018311751689953,-28.80174920706226,-13.598354625387326,-11.625203143894431,42.238501020845646,-6.31873780976067,9.800589682856744,-23.478904163549988,-21.327572755265205,10.71474928766244,3.320373970025738,22.814169648924356,10.938178055780327,-2.9072296784201463,34.539241440906885,11.453378461189418,9.078951095591208,28.641484113568307,-45.07635786147464,-35.93356163731811
433,47.18710268329512,-8.548824857966462,-7.093787953336813,42.50480838076867,-32.60612722782365,-4.094266402879431,12.661939675173146,-2.193489051474217,-96.1462126788433,-0.7978076444315814,-6.7067277139865915,-5.279988084171116,10.699513818673022,22.147501200126317,32.730597434453024,14.019344703134857,-53.277880271395865,17.963903438054714,11.023784898246221,-42.559979368527834,-44.955126798409914,55.41883597651742,8.812809867005244,19.08233468603184,-4.536331859939166,2.1909343675317334,-4.213447444946803,4.60887000017604,29.126157173061568,7.7383133105880955,-41.13186124342523,-9.397864043140165
434,75.49680022809974,-23.42641097484671,-0.39970010209766776,-4.015470855843526,9.651507174978262,4.302299981434054,-3.6723735788839695,13.620863705952779,12.037566102067235,-4.72602642541725,75.0138103128566,28.019913835814528,-45.87884309472221,-69.38524016144352,-98.88108617290887,-4.202210631702399,9.842835332277282,15.051072469612683,-17.86760658171251,-57.62767378159134,-72.01796066729923,-90.36979560463584,-9.838903896479007,-62.09668393524145,-7.658067771853556,1.161513262454979,12.579433418075718,349.7659809962237,4.457379224083792,103.33231694206685,-42.706893173819665,-16.30053238196418
435,23.854386221504093,3.8428736325267288,-22.08202555434198,37.58857069710228,37.958241301732954,22.46024886170417,-13.884602364763932,56.90801869228758,-14.36767621423858,-6.4927729145265545,2.8077393473904566,15.730348702581706,-14.959800803132694,-28.055969582109146,-41.16119343594982,-0.9927604009455594,-27.614669831037894,18.307856438941915,-29.750624272646768,-12.57309975985063,-52.196453629954355,14.501678105280883,-47.073248706560136,-129.0578027641102,100.542774462262,-44.47752500614493,293.6726694736622,-116.48456949196249,46.765601478613476,-114.53141086779362,8.169453113483954,3.285695005015524
436,87.5266729083342,-27.488797858334763,0.8569580128533251,115.81467625495183,-119.79119272650638,-8.078414466557321,9.021612550192659,-22.76224497952996,86.38345138582265,-1.9577819408937212,361.2203600864176,15.39280305176301,35.11136392336049,11.476297369710702,-37.15168498194118,-56.634450049362336,234.7150247932291,-94.16334911292937,74.60876027603229,-87.32938349022979,-78.23598579150098,63.044403023074764,16.603937584581107,108.56499538224881,11.52191553769673,-6.817356098488024,2.173591129907526,-63.11432397229064,85.04122481666137,-44.17549651153795,10.35479018423152,20.843595401219194
437,115.69406220073185,-30.205586297962206,-2.6227519545639706,74.87109008855109,-102.19077622930816,-26.266260113203884,45.40893435553144,-65.57782091704068,-226.765474197099,19.234032565649436,-49.79135912696909,-24.310823881427098,46.76114148913335,69.54379220236866,81.38036198307759,17.881810172882975,-86.32795504210635,13.676539929985864,72.59753415200613,-115.32706176158814,-93.8653801378702,22.877652175998968,7.086631781532621,27.20449040841653,-2.7928655936345046,2.281136724944206,13.199943324099873,8.914665597571886,81.18332071045663,14.379522584226791,-104.78160872247777,-22.532282748535728
438,63.68622093180095,-21.242717088154382,2.686554559996206,-0.28922555249052234,-3.241330207541983,0.6021845018867839,-3.606831545652716,-1.1033954273668969,34.75242793045756,-0.7809080100820627,29.69228012345545,-0.518137498633042,7.743293707755995,3.0245125574918696,3.807130203974521,-7.371958868913343,31.19788632724328,-11.173961356364064,6.807815452010426,-4.754836955397551,-3.389613300362867,7.589123476743461,1.7950712523560792,7.479207360265706,1.4241760287748109,-0.7908688540869041,1.0654491484748285,4.611993914273316,0.46824108467675896,5.035186309024886,-6.212850193731871,-4.270953091596066
439,23.62449759328966,-6.233861383530513,-0.6115104808899726,16.315851066161475,-22.416229768153084,-5.81763061779899,10.281850580264193,-14.774472133241161,-52.50410603386611,4.450754256396783,-12.214982343159079,-5.951385388105199,11.091632876211637,16.800161390524224,19.781724169243876,4.554540042774354,-22.094861432901805,3.682579552987121,18.454330684489356,-29.301360282305865,-23.6730630191318,6.320128333464942,1.9202388037223905,7.344880398077865,-0.6808393316471586,0.4391321662809508,3.352146499775524,2.409790476762651,22.145644790811915,4.207413347467661,-28.809553041492926,-6.380425248949136
44,133.17292685899068,358.37645148735004,-436.0534651445785,307.58035827604544,436.1430379054535,-16.26310676333539,11.383460837489226,-313.3813465753611,27.167773417576857,192.7736605857998,15.706116303956646,22.037210472821272,-34.72379476977011,16.864411611154566,20.186181771034185,-77.3239007668252,4.285550978219418,44.01945161181764,8.006970848037168,2.3300538480207877,2.6122849203052834,-9.135400757392329,64.07588692276994,-9.525051200003439,-1.096876183495871,34.69395548509927,2.035387165339992,-41.6027551838166,22.654410111966396,149.98486183326136,32.35178491632022,-86.2780372387266
440,52.58598411592771,-17.795189710053023,2.7163779730491453,-8.896545779707473,5.1444536373849035,0.7353151794264143,-3.724857485177537,-1.1754679229925717,23.91570900412791,-0.08948917742583906,5.2144439318310924,-3.603031632477939,10.910738997914683,13.482570344402918,16.698823907174702,-0.3780773924241051,1.636378649057426,-1.9607670992397812,-4.836908529347316,16.893523659331212,15.837774375667031,2.1585677831947017,-3.1154904111702235,-22.34798232009353,0.7230361413978702,-1.6952049295192984,-2.0515364153235676,2.271027384512505,-17.60868168030408,7.936603812738771,5.515566082547086,-2.759351429217943
441,54.05715871803032,-5.736202366841743,4.614719441383356,8.256779715117556,-18.237973366298384,-0.6929777093784292,20.530532694229652,-4.730651374275854,-51.94705430071187,16.754702572142136,-30.736952243854677,22.971496427940234,31.99008749912102,23.321996080647985,-0.7372935958355459,-10.523999555679486,-7.309439986417197,-14.651678730149897,11.56938266395557,-15.018299517486518,-25.856236510121096,-4.782931264863849,-18.585765221906232,9.484493483625632,16.89624043008692,-2.8076755316436985,4.481470551187843,1.3236267344010524,29.10463177352197,26.687123997496904,-2.640415294295026,3.427701266177047
442,38.29783312057594,27.83233110008631,-86.52913805741277,196.5789404436112,144.80839848515657,114.07658475827357,-77.92571826677164,387.81653479042296,-133.24935016988698,-102.21489747857854,-15.263746514257045,-86.44307289880174,20.162010324498546,60.637040385971424,87.55222814855705,-12.823009547441355,127.77881065663281,-69.30422847859938,102.35381808846557,-8.38218049751252,84.3696339253426,-214.8318109517832,12.3999780594826,-8.278423207097727,-27.45911238251313,11.78047980577995,-37.500228373523065,12.669916709576329,-16.947213728477106,-4.835519176930002,9.304441681368035,1.716080988010041
443,153.67694192927294,-11.001458277659047,-18.193331525503627,119.95071144705179,-135.9533229953565,-45.07563322136564,45.60934513519851,-59.43487454936263,-226.8178583771777,-9.735976910035884,15.196327791948741,25.9767132936168,6.746652031007161,42.2584436147125,111.78520901433436,36.97727921715808,-93.16151879204138,22.664030587546936,27.407848916778825,-70.5515595923576,-65.25276419126206,29.117669983625678,7.340263486284766,-11.71543602910824,-9.095000293301421,10.896378966169848,1.8746011776211404,2.5978977263203262,-2.0526496448741525,7.291080069898503,-34.27646872060949,-13.65978946521444
444,23.313516872713926,-5.319678352408224,-1.5471810364958831,84.82770773772131,-67.84508066321497,0.4301162294244631,-2.5280111047567906,3.9943871080976594,80.43967400520367,-0.11262189934957785,-103.4234789003913,-6.196573728929834,-7.489778118759097,-40.45290699354468,9.07772094876405,-0.7862145171224206,-21.539190503445322,24.96515302270199,16.979470783251028,-32.34056394228272,-13.372612715958253,-7.335362486230161,17.649671167220955,41.53515240900135,10.647945176426598,-25.005120823479395,-40.424466374505215,22.5389858430215,2.8620365832868706,-33.231694420201165,111.14234562878507,41.48794251341838
445,51.98880313083868,-16.33061203564329,0.48932726296139467,69.1726825337942,-71.38889952990915,-4.8187435197240625,5.4215269748225365,-13.569921871707608,50.61189572777483,-1.1533490079322792,214.77626935780296,9.101283221593107,20.93212250441244,7.385519017546521,-21.706815240888226,-33.03429125392783,136.7582279172304,-54.968040911138566,43.22576202917972,-50.75475650149943,-45.70352887303079,36.52847987071999,9.521513436130784,62.300072850375045,6.640928927087009,-3.93481358741666,1.2759180698472465,-37.583425980289256,48.39301117404804,-26.6062284399317,7.7646817187974655,12.818670390537287
446,19.352664713438188,1.4721037975305562,-21.583128773969435,54.17168074215311,40.63212048739605,33.380768457367026,-23.449383390878694,124.84885875140043,-54.738073571334034,-37.44948237020035,18.303435078950983,-25.608824711878427,-6.676638152991641,8.440006767250859,15.076489447115462,13.595218272762184,-29.40752824490336,26.237454501224573,-35.619697584301,4.132969034345348,-9.904655842854451,142.6637668565043,35.7801841627141,63.62612054833332,-32.135936375322565,7.7555192313763195,-86.09842472031657,27.276002854160197,0.48323474731275257,16.921283973508235,0.9452346753751147,-2.209116208017413
447,20.459949215096007,-4.115260852813099,-2.541805675074598,79.59965127538322,-61.00003832762041,1.3111288904145348,-2.429272582846328,5.774601613268895,71.25437293980721,0.053461576987563486,-100.02607292623787,-6.0519447646417275,-9.305271730771482,-45.263026908431456,2.352565601826105,-2.836857820548224,-13.805595040972893,25.91818327743007,14.491831175894102,-32.92448214328029,-14.304614927573265,-12.123409923689666,18.876941080353948,63.928655634374174,24.156831121870397,-37.279852094889755,-17.731623319293615,23.954121501716674,8.577058961596302,-36.251486465801584,185.33152055462043,44.87357724930541
448,225.80216731067014,-76.66260415962377,12.678335643828232,-96.53568647527965,70.08040583573244,3.866225858618558,-14.01268141762754,-3.172964391168815,51.66804876772504,1.7326579998734717,-41.629306569960264,-13.356059168394774,25.188720927107006,27.384503038106036,39.702201517733855,-5.795018195622594,31.350405851654905,-15.292767036347147,6.67640129277267,6.965678540599229,8.680756366113558,13.449477275287812,2.672018367462039,11.479128249933936,0.5724054216075622,0.13399664851379858,1.6922687813082669,-0.9097145925781525,1.2654184533601198,-3.1820693109382754,4.219722088161725,1.0938382785268024
449,29.545348894163144,23.95439873117471,-55.001824664948614,107.40732472209507,75.89207935843545,55.19524022689598,-34.43013735764134,158.06849729259142,-48.94866574720713,-31.690056750776606,-10.359408168064858,-17.377441177366357,8.061644672407455,14.385516256111064,19.152087308896842,-7.664366687818585,34.35085937227029,-21.40638012070581,25.34800745951369,-2.5407721206806224,12.844677309432928,-59.96457610158199,-12.76324867246664,-25.862924713206663,17.108185085697343,-5.2415824935092346,44.04598575591712,-16.338290365620093,3.4652567631519164,-3.3114962601497364,-1.3867107510186116,0.07428783851695256
45,72.73416725047625,216.2196177276206,-275.19486211404,161.38722419160925,255.35519493351825,-83.7803271765321,-2.353680213504105,-234.90215779136736,27.01799433081976,47.60283540012086,7.496876288312541,21.484039078762265,14.741575106017525,23.1272967018987,1.55977602281828,-44.04774647635965,20.86293380025276,34.944498372579346,-99.07663489102977,-220.29589131000887,184.77771928475937,17.68403019725849,-311.49185823579865,78.55783145937606,-22.764282535942588,4.211654500058728,-133.97424039902455,60.01017236665848,-62.18901822116424,-176.92508158358407,-57.566880970437275,50.45658217094461
450,82.01414166027905,-23.085234519128917,-0.7809974330136356,-5.800842493385466,2.4938796574014757,-1.3221685921058655,4.53506882458145,7.287764749798805,-35.802533612324495,-5.5651994837267935,36.4105896798931,26.043800540222243,-69.33524200518296,-76.0099817411019,-95.51888871703008,12.480117072936505,-44.377611693262374,26.01939994601431,-8.862557651513445,-21.470734428473612,-15.996592490167782,-63.699336431204934,1.5901809152902922,-19.804650589385382,-19.734058335589435,6.301440299480241,-43.54035297105486,-21.575386351627056,-19.780574882715836,-12.079833775653107,9.961804903975068,3.4426567423829546
451,12.64971208105129,-2.753616057320282,-1.5659742538430899,40.83288932699801,-30.37096340456545,1.177248482931913,-2.409048796590905,3.881751013215814,43.54221313841077,-1.0794473059811327,-15.438571407975163,-3.329744366997061,6.1265325532739885,-1.321482073363162,18.029864201492096,3.312626280496179,-31.668773332432067,17.654756326170208,-17.75674143812268,46.74228894310084,48.60478161813602,-5.649042166468109,-10.399132880943007,-172.31326159362533,34.49425875357214,-85.97238321584545,-148.2702054429842,6.233816896211516,265.70764576183103,-35.328632695285165,-70.65946173739349,-0.2382077795615093
452,251.48624175968502,-84.84453798620034,12.92672982175291,-104.31634434648565,76.77459515761666,4.217728477755664,-14.830979246103176,-1.789322848941338,46.43017785162916,0.9590287555432627,-45.69746410955564,-10.915244575896182,19.161387418003084,21.089505262531215,32.984391464350644,-4.238501031977575,25.922780224885155,-12.480053925679732,7.414649232450443,2.2028896816932275,3.9361329266878466,11.783878686171096,2.043851269763479,6.529456152481133,-0.12705174714821982,0.41721640691343775,2.025430210438463,-6.047650328392055,0.4460338630890744,-7.635427753873703,5.386344253140051,2.347839390625988
453,41.178889750843446,-3.6381613884041504,7.105326088727884,151.5025229102695,-102.74254648725736,3.177106401058589,-19.68019833074577,19.65328612018765,177.22225568653113,-7.45262198125105,-154.89832458201036,8.558937335503378,-33.76947120352034,-39.029170051192104,-10.238360271432326,7.387265222009214,-12.78078144732692,-2.16043430056262,13.65860252374472,-36.29770056286565,-33.584523231900285,16.463593226926704,7.779926889907193,31.90249563681934,-49.838397525372095,54.60238370172027,-19.29331823223763,1.3941128952870117,-68.78241539472415,4.534826199897052,-75.2550021970675,11.036026345287588
454,7.5676289000607175,-1.7572449426922938,-0.7085519121563543,25.039766800783042,-19.257387414366423,0.563903032460409,-1.3580404760809455,2.0567413380911885,26.959997648690184,-0.5978030178224831,-12.33489720417065,-2.157689175299606,3.0939005729861404,-2.2117326815511285,10.42269551286444,1.9060037566326942,-18.69491606599626,10.928823012447014,-9.171575184935882,24.31687995711574,26.178872407021615,-3.459047699478415,-4.417342667124001,-89.0074491946451,18.383787385653058,-46.526984637252504,-81.67901793607882,5.419938103787701,138.81497502240654,-20.258753282410918,-31.17677093463859,2.7702478625129636
455,41.2897003836994,-10.024980099666566,0.15856018450469647,53.35165095931568,-60.84966400787886,-11.041360093983991,13.8346395101191,-26.745159568080094,-43.25424004280009,4.044960131272196,51.61535904305731,-6.811529523858812,30.225366407793043,53.39432919456044,54.64355878900592,13.37992024013722,-60.2982356815431,9.335096748614777,15.476902049246172,0.5897929294070657,7.944011203106474,-8.852116923988675,-8.069514719370465,-56.3417578965409,1.750145425392147,3.528188172324956,29.065576719475327,35.20660187195732,-110.89235665252163,-1.3632856820855055,59.81835704116952,0.7902462831710747
456,20.69176953307476,-1.718680961737261,1.3949267672734569,-4.00271407778104,5.84870083775993,4.777672588378568,3.191283226779485,8.571911726494214,-2.2569235357518056,4.800732803904333,-4.765321084484273,18.308890094189092,11.432770884024734,1.7663360008400102,-9.628763606796094,-3.9074072841076672,-2.8469067982607035,-2.7229937121889765,-1.6335388298345943,-3.733845093219017,-11.360355315542918,-4.658845230847618,-11.058393716019925,-4.648442833343898,9.978086043893407,-0.34185361883120097,7.295808806227588,11.246120326020664,9.302184746816046,15.80387252075015,6.815109103516554,3.2101709638862626
457,68.7565269916184,-16.044933450320517,-1.4457832277399085,33.649030773588116,-49.80881142289916,-13.622415651570577,22.861504050380432,-28.057676178857847,-99.98826800054871,6.228449004800668,-13.376077910707194,3.0970019714979946,-26.49203837393705,-28.25663557242064,-35.44060395349328,3.1262729840627954,-5.865319085505989,2.6307067821840673,13.65557578700333,-22.4655224840317,-11.573525130554577,-30.011505591477654,4.416569568183658,12.188550112099488,-10.329381074883342,4.034850050991886,-22.262802182268896,-32.34887878042382,14.480024319813365,-5.79128052128228,-16.501469934125314,-4.330621087996961
458,18.74757436137516,1.542071512790695,-20.870885804214115,52.17209008098301,39.34909608600417,32.249678786742095,-22.609357182805564,120.43675151728362,-52.6294908595125,-36.062621730724025,16.70129558064431,-24.253863006738904,-6.314111051534893,8.111199152389819,14.60077866640775,12.77843973539369,-27.18175467018625,24.250056593145338,-33.1775092270878,3.3597376260868814,-9.848561209225972,134.73011411624913,33.6705128055259,60.00919443713386,-30.217070509200063,7.22532057674955,-81.17664827543969,25.58155401887404,0.7488035947299907,15.918148894800385,0.6478945072068578,-2.0044885107401753
459,21.932425008148872,-4.256040000962848,-2.814986829664501,85.01095116216948,-65.084582903493,1.3243715462518786,-2.388500704189287,5.954576810921484,75.1407580419763,0.09916857805844237,-107.14568158823526,-6.270898294274102,-9.72170504751615,-46.94290586329423,3.3926581531611015,-2.7714676608754014,-16.347458395015362,27.075349729722017,16.500904317409713,-36.56810401297053,-16.84994554422912,-12.806873095294717,20.029003962752284,68.30422549780373,24.04452446434353,-37.6317935544144,-19.083329023224188,25.60493595423459,7.536014089336754,-38.738904957336004,192.69359682395765,48.36936521490871
46,10.613113790246322,39.70553313809289,107.56017557516233,31.447624898197738,35.15875848878272,-7.639919875295887,-57.544093398970944,-23.10120752021917,-13.863312884132165,5.741757502723775,9.193332436865253,-20.483629897873257,9.653706347202181,-50.12487001565157,22.506314327899638,-33.37289284086024,-18.852810199745495,-29.14643836851139,-0.036672043131999385,-2.003739138681387,6.085436299143927,2.682429643041271,-18.413347097460694,7.282157446680278,-32.233344714520136,-72.24474617882294,5.856557797586353,-5.2550820326927505,-14.451056893775034,38.21466418638106,-11.78069225428935,27.226544600820063
460,63.28549665159677,-14.297258003238849,-2.243901593313457,49.77563477128803,-64.32735307319994,-17.047827189506886,23.975018001864,-37.6119822078502,-108.61780165336705,6.902124226823584,-6.834409622498069,-5.256054529606987,23.749630956242964,40.777190012963906,58.014585757564596,13.540285912918815,-54.69383947186037,9.433342234174143,33.88751459107439,-50.378160466709836,-39.461991549765024,1.4100780402012274,1.8770431707927338,-1.8591010203792615,-1.6188117781193774,3.3291633279472084,11.086988452733065,9.001239837115266,8.670524990108124,2.349720265259723,-26.152199812721292,-6.946947899713085
461,80.78084965146122,68.81845690589269,30.02186755744899,5.757702535620282,-4.854104460790712,42.044330140907455,72.95818570620409,91.91445016980035,-43.49652208633015,70.7707996177401,-56.45458120780535,221.5009684254662,154.432124783947,63.901222914708455,-78.3543311167471,-57.90234107354019,-29.296068879743903,-55.183306340503016,-5.128628658467177,6.86345871476481,-73.34308144040412,-23.633539693059998,-110.84310218104766,15.249098727092395,89.94363748544174,-5.052425876204139,6.313465089416505,0.993081789050485,74.69006163160988,145.90477098612132,68.76947740754731,30.48108047136763
462,18.97618577113839,13.176781289840868,7.182383159779007,-0.2951815537910731,-1.1795834313070164,13.654734211867657,17.931288335734678,21.352215785813808,-10.773171694170722,18.598378593222705,-16.263450722439615,63.65076687219515,45.39363938966267,18.198756700615775,-22.230752203662053,-14.724792165965033,-9.813822009657072,-20.59048102705278,-1.6878892623005444,2.102874834803515,-22.21817310049459,-7.3440311903482804,-35.25336757118806,6.006736360661348,30.521086631808664,-2.050235885152634,0.47471584969018216,0.5060554159384365,24.95414049978547,51.49060348215117,24.168532347351377,10.55425028657922
463,20.792253815610916,16.16104874703391,8.546025166834605,-0.4678098942041787,-1.0385241945130006,11.218807062734692,21.02517040482154,25.930894913842344,-11.311429857700062,21.455659784336056,-17.389432617890918,69.21220899237467,48.41607689076231,20.418605252095826,-24.388087140057706,-18.03515943120652,-10.090191774914981,-19.352787447766346,-1.894436940828149,2.4561244998443366,-24.91422531307541,-8.153686984442032,-38.83826037556543,5.728577654238368,33.2847781266888,-2.230628889791901,1.54255113264819,0.08561678628337491,27.54738269061632,56.775858721340995,26.540355761306422,12.21910397689729
464,94.36748705426098,169.89672866150156,-80.46025734547202,16.127343014289966,-42.85510648237458,-121.26434881828749,11.032207401078544,-35.957937331155264,-95.08477230139641,-120.66479410983774,1.7899851889460603,240.75529028709568,-136.22617634109073,-83.8590907697918,268.07733839023126,64.97879340516154,59.1748599121192,-7.996639129392456,-57.96856631949338,2.9475302213707577,-26.272573992170756,7.782076445279088,0.43567662538359003,-3.257904591609661,8.8692668926154,14.962209014526326,21.86708425376652,18.400803341669974,16.902539781973406,16.96556931084273,-2.402343492732819,-8.834901599031285
465,40.786467274400984,75.49829994127599,-44.90390690192869,8.723703422540376,-32.53608077578427,-90.49745086402633,9.10845983083807,-27.767840359949727,-86.0415701594942,-128.88977473632536,4.392871649878191,389.95534632602386,-233.99849419493498,-158.69514076818137,506.64697340239,158.30290966729626,182.6733077783675,-31.270872766406722,-294.3082703617946,67.54088371598927,-204.34010273024973,-94.38766297224139,-2.090339279860582,4.312786503194373,-15.394484137519465,-25.189943503022434,-29.373215086883334,-20.453139261582276,-10.893681190828431,-15.773493278229134,2.2853264490583993,4.243513904160715
466,13.49388118101961,25.680039458646,-14.871050759333604,2.6261776000214865,-6.086524569775483,-18.91987501029522,1.0615840637333263,-6.395210280600672,-15.111516687051873,-20.618478854227366,0.5100033825573345,40.5294393020442,-23.865286241070816,-14.425630444880118,45.279488452906364,12.666867048131792,9.898630106456146,-2.630230634678985,-9.81672555885612,-0.76431001409085,-2.3544053151635604,2.859973383247495,-2.06944397473823,-0.10363586588806753,1.3479273530099176,1.2110118563476502,4.390608086190492,4.19136338807204,2.7801027120799193,2.5935486954697353,-0.9334053994703932,-1.069750013528252
467,31.360925656509483,57.051632467328425,-33.43969340631348,6.940727232433158,-20.962843179085677,-64.9712221241019,8.792123705209242,-19.797380903374584,-57.53973769793522,-84.35357253225669,1.8353749521257285,241.53524547617826,-143.46924316691633,-93.82623366491171,300.7660911310333,86.96676477720708,102.05065939145076,-16.620948533704308,-151.53607827408567,33.81933375582661,-99.54047675927518,-42.481485642210856,-2.6373018290196573,1.6743004113175797,-3.962037231951607,-6.379376016712969,-6.087300420701975,-1.2300913272036782,2.13724436485743,-3.1125314273041655,1.8196723910631265,-0.8544320810425554
468,13.501982288772322,26.422448787700134,-17.83568761282362,3.8397909102523213,-15.093580423713512,-45.06342403311288,5.4400209799465795,-13.778795662149374,-45.49625859559574,-74.79641677589706,2.709653079040104,263.44854909398765,-158.09071584655408,-110.06644867872593,357.97649697896134,117.60781793541065,143.79293025411022,-23.200395210948642,-252.56212156008834,59.193295597299716,-180.08072766379394,-94.29342097202478,-1.121584887648526,7.881581580858708,-21.690392969676623,-31.86449963116874,-39.06302025290366,-28.631375212639217,-24.53630142734568,-16.61826162742887,3.920206993187001,7.80770149957963
469,6.731876169688302,13.38744102091187,-9.953582529662777,2.1769958042976127,-8.7197997039547,-26.55478834401479,3.2397933063266167,-8.408196240601352,-27.969010108165243,-46.89861208556276,1.5652737169793518,173.53707870191892,-104.5477975174545,-73.28162348773408,239.00181845414127,80.12492054415256,98.69416032662929,-15.878033480301099,-176.84157135875222,41.615737585086336,-127.0421642216138,-68.15420400894301,-0.9122030958982503,6.485264595713955,-16.847873402332418,-24.672197437243764,-29.7529558437244,-22.128859985826466,-20.001000176523647,-11.777771528088028,2.6834209210025293,6.216047938893418
47,73.81641733122316,231.01361972469448,-53.78549165891824,-7.172524513397582,24.132877642821587,15.214936448317559,121.82042484038756,1.258057862188522,30.585037057651004,159.61004021695516,13.300490631158409,-60.74144363815543,-95.17404386841442,22.25979630812001,18.934860691822994,17.30947193173262,-26.25097265524172,-104.24995701365897,-49.88493757511267,-46.7631866830407,47.8376865243395,-10.387613893782143,335.75305590069274,-41.699100241021064,11.574779488536832,0.7407069632101436,50.22898639232878,7.6637466608695535,25.44841783548639,33.311171750395744,-1.219824552526445,197.62707052505903
470,15.86685776597696,30.238953557081597,-19.294455423422615,3.2638690990185117,-13.647118627107647,-39.646959558643736,4.626164557591821,-11.771047776261929,-37.30524858968632,-57.64919289966801,1.8446451703381905,175.71643523941015,-106.709159904164,-70.9527397602404,224.81929076774702,69.46290472441997,80.31571161767678,-14.372150981815782,-123.81419924730228,30.119640144965892,-83.9692958552756,-37.18380069310887,-2.433567348982979,1.9434351523425115,-5.316548609354159,-10.366238126716869,-9.002324550832068,-4.973160337385716,-2.5540100750192067,-5.113304491686779,0.37383627554543514,1.6891172725208774
471,8.16688371640487,16.245033170546336,-11.454194532139999,2.2932716677665486,-9.369593867455539,-28.667456290954,3.280607164505453,-9.017926618841402,-29.166146230725722,-48.41374675205308,1.5495380607398512,171.59299255675478,-103.31087370535991,-72.14823447955203,233.5835462465986,77.18985020856668,94.24189667963219,-15.637398636064955,-165.59162799271522,38.94668950555008,-117.96058206749812,-62.00269553178733,-1.1765135456931108,5.561119603153839,-14.278722576005217,-21.24082618214564,-25.761621687445093,-18.676856767581096,-16.27673258517473,-10.711311510272028,2.473031969615607,5.149719428373377
472,13.360198592573822,25.762025800335756,-16.992769090831256,3.4946952105825626,-11.240258530951932,-35.95055472110195,4.440333731067504,-11.567862572974555,-34.26572397566331,-53.510862452832015,1.4256951813897238,172.7718139777451,-103.92481038844971,-70.32650398012395,226.10653087916901,70.70924693386044,84.96224132750106,-14.176368189402476,-138.98235920905407,32.12041402067483,-96.01558103720434,-46.78522924109053,-2.014256810066538,3.2647096553014463,-8.490285768071788,-13.300328843852157,-15.53481070127071,-9.94386505889325,-6.8307121456530515,-8.006669419722527,1.4821595554806852,2.8109267719840676
473,11.32141338988493,20.03141442884642,-13.244449114743057,3.1019288085199634,-10.985632489769198,-29.86659150571269,3.2249524386210173,-9.505056795826352,-30.676875447864603,-45.94809295394139,1.4095601515219258,146.71221989673919,-87.20100655482706,-61.34510330601745,197.32762368727754,65.62001665656273,74.49054618327614,-13.115228694469947,-126.90741181681535,27.939612885671515,-91.31634726858088,-44.42359298948529,-0.42194874275602784,0.4121844244276898,-8.165218055650985,-13.459116475431644,-17.642695165014906,-14.605517622304095,-6.046268259840708,-12.790126973825078,2.086071922390751,2.0374158201285684
474,6.970238295206629,13.946250584426423,-8.590984251970626,1.006746106664966,-6.717871476315265,-17.3055258866063,1.141208289172762,-5.12555593360217,-16.680582342172368,-25.915537606586444,1.0887084508775444,83.4668755416083,-50.74991768760672,-33.46543299854416,108.64974314921197,32.62168549058512,40.23329570959343,-6.4577608857243005,-64.72369040055372,15.54345067899966,-44.70596656019679,-21.172254159697598,-0.788187473914341,0.8600465433138416,-3.333273446894341,-5.402437443358207,-6.628740235093432,-4.176935129216941,-2.421979367331505,-4.531019938995461,1.1463235252220079,1.3816435716718687
475,7.880562394073614,14.465375783260574,-8.417711302774528,2.004151024397887,-6.185553001755178,-18.55471068948688,2.533920151488145,-5.362087234379781,-16.91111669513565,-24.91579760372223,0.555749862721171,72.70025420825124,-42.72957673238704,-28.360443315740586,91.41200375835557,26.218092322323855,31.203788029480613,-4.8282792385100635,-47.35043423185703,10.860955457528265,-31.868101073956563,-13.601377953690076,-0.7070146898488366,0.3669646109255772,-0.9692844122479897,-1.3126822879633595,-2.08855898298826,-0.24538348611389885,1.0635466164003438,-1.5673101039271167,0.9372346203493863,-0.5867083970257652
476,6.856085754279392,12.51179548201601,-9.375214189994074,2.1969303497136443,-7.907219626099144,-21.707196771738804,2.3511251956378043,-7.486020698412471,-23.365222709291334,-36.16175693754046,1.3169106507224217,122.78624478886174,-73.59485858357681,-52.14910213448911,168.32015396592018,57.243548349453945,65.97381916116775,-12.22978942947398,-114.82868598577707,25.68828900047536,-83.92873102977491,-42.860757710860796,-0.17384022763100257,-0.9404675065118039,-7.901985149183889,-13.600564144016056,-18.956951544218047,-16.75759467741392,-6.7271870244668905,-16.036412771523118,3.28363749998173,2.203555454480305
477,3.1279687706573247,5.817068608303251,-4.548113175996021,1.0856465536359396,-3.9569825545730635,-11.04074977274232,1.2139398325777278,-3.7947769200546015,-12.07345223433839,-19.022110016504847,0.7561301657250041,66.30895258441198,-39.8574331442103,-28.2647353042093,91.33346795594753,31.1112941827028,36.26623862981001,-6.726883754173116,-63.3975399790323,14.43318381900205,-46.618796808058434,-24.039422212238765,-0.20146365927105112,-0.7388614511656086,-4.428107051733485,-7.710617685577232,-11.07547328060704,-9.850301849120186,-3.9572118920042882,-9.856999271213196,2.0888817711984964,1.293748969038062
478,4.544247652863264,8.767183611005507,-6.691735947883638,1.5523820433526112,-6.053973047857978,-17.74887814363938,2.1724328007118743,-5.722413465941493,-18.964932954265663,-31.635628298222667,1.1644166865239172,117.33418160497638,-70.79006668829837,-49.57502992479182,161.93748736529068,54.45473917802844,66.77772942232076,-10.945664158694246,-120.00910272499013,28.321278083883957,-86.32656046311023,-46.33330152460091,-0.6494423050393368,4.377542327954657,-11.504358613878692,-16.879750007977325,-20.303807876356004,-15.099519509800443,-13.839629417185328,-8.00993741186616,1.8858970967511777,4.211224416211422
479,200.706653954529,-61.12898380529374,5.943035405072679,39.8625626345175,-84.87953932106159,-25.273492323151018,43.6536786964081,-77.23346270617422,-191.06231736392604,29.590941334898215,-89.30883882735068,-32.2595963044077,60.9330373479567,68.8181993052407,70.65706222132181,0.4222082016633537,-37.17246501168214,-3.231677377795423,73.72584028808512,-95.28525263032716,-71.46684107945087,-16.360578780516214,1.1354424927594629,39.108982134441426,7.823404997004381,-3.328273590963476,23.537998188337344,12.106026623870113,82.44569970849675,2.6054505199334344,-57.901199143237356,-4.306274463894417
48,16.24688948761751,37.34666424013669,148.51630286764197,85.42225407985305,38.39936988021123,-33.97006193270416,-142.05896868942833,-46.92347054091796,13.425815761917715,-0.5349020314219917,-36.95894779231595,59.433527183491854,-139.93326814881303,253.56768209172222,-111.37582707985331,230.4017843332205,53.14048695955596,-2.584118738795573,-2.379765824800879,-4.656660058688833,-1.928551386847623,5.080674076956259,5.591554579546826,-14.239696612794791,-58.10065360349642,147.62688790153072,35.10575812509862,20.40823252265356,107.06639906714396,-50.79349932736973,129.07029224743985,-29.34191961620065
480,37.79371331706227,-11.70916099059735,1.229735958660587,7.716626676585244,-17.380516831729956,-5.332980786289633,9.322725967701492,-16.71642157043951,-42.0344886506881,6.457082172326742,-19.56370464410735,-7.37142818226498,13.91349537656342,16.15274179650109,16.36285102867109,0.20831557655825653,-8.784093898149896,-0.9391169020331169,17.34086434368859,-22.567914086231788,-17.07483647873549,-3.0266666436366214,0.16681373451788087,8.406342036518954,1.7094071448951502,-0.7441709024840979,5.639651873953751,3.1804448611902663,20.69818899221991,1.4566889346514993,-16.479118786049856,-1.6978735427944522
481,331.0078677163842,-39.53470592520887,-3.81595356184906,-66.23265088703795,-24.848501575529504,-41.20932242895665,49.64507712523081,-0.7586467699915107,-130.2397277671731,-30.838700990930093,29.99214953704547,122.42940535209931,-279.4337660660753,-210.92761310388525,-173.1328209934032,47.30488977311526,-103.93162044080327,-38.966366007394434,221.7816038782232,-40.24386479092096,127.80857628354816,-99.35612653980913,17.11492331995796,-31.12113107350578,-49.41922138899399,0.1976436568329537,-221.01704981433,-303.04185668922565,-82.75922843945176,45.284561159036905,42.53869695073096,-23.59214252671897
482,85.43768310676295,-11.368023197595877,-1.7728642023919772,-18.48769428159596,-11.142401711828715,-14.762102209710326,16.156393613122933,-1.700082737718226,-51.943186386776034,-12.670563398538693,11.156321698785193,50.58475363945574,-112.71097948111567,-88.05580673401494,-71.59356198901878,19.591480154139273,-44.00700718999026,-13.275497478869305,97.90488767846479,-17.46025432189766,58.10136315745137,-46.00463960831346,5.182474138711338,-14.758307191732207,-24.013724523150564,0.43641843650584594,-109.77936830402253,-154.60273422887684,-40.75938210153247,25.876356168218187,22.23248928360597,-13.527562424440118
483,59.826406189725674,-6.203646296014074,-0.9266208406911842,-14.97688187642244,-5.35529832661235,-9.34547832021036,11.678054437504192,0.6443692270030011,-28.715845012308915,-7.772104387288598,9.313047126858589,32.340620287122384,-74.64276029040738,-56.84013272423085,-48.188597692533,13.024901578683561,-29.52498458267831,-12.130497895916982,63.455959951722654,-11.746782664944261,37.94289722482793,-32.15564310578115,5.910310707774301,-9.489208130515145,-16.051305606822847,-0.7655538110948853,-75.79366281447945,-107.6260125327579,-29.218333495459554,16.752739844700653,17.142947357687603,-8.620009951003542
484,27.007389039463575,-3.3915208877860894,-0.46582070345117954,-6.79060912768853,-2.514799008423264,-4.473932040180815,5.180221323425063,0.037118815277008554,-14.125937265593247,-3.904196138411143,4.60424414589009,15.691667892531724,-36.13616746899555,-28.29607403292338,-23.67534116188637,6.773999792559771,-14.346387767458367,-5.385266577505464,31.530788159582094,-6.114105473465552,18.62838171879878,-16.20059254223871,2.731668637403804,-5.309652327721842,-8.288845507060195,-0.3120762855441519,-38.70241157326341,-54.778623664704526,-15.041288369739453,8.92139858512328,8.90988523041961,-4.4728322957622675
485,86.70247387434146,-11.452899868743787,-0.5706036399443715,-25.0230789379245,-3.70198754536782,-13.861950712372924,16.267134162479916,1.6813454164520174,-41.45877042541747,-10.02470460478177,11.106443552663846,49.20306302401858,-114.52679160049327,-88.28686201055154,-71.4756459186993,22.63006224709481,-48.20263872671899,-16.806234039206757,102.75316477617385,-20.187356295122864,62.04449959481364,-54.50684597972876,8.312495106801682,-25.10432623339469,-28.77425609269199,-2.464981533496398,-143.8349341199501,-209.51726753409025,-60.20734585720232,39.03500153345945,40.97511685948792,-16.032924710658335
486,45.43545096603913,-8.140493558201662,0.03510225893902914,-14.761655802500568,-0.6375266307854753,-7.0328739776396825,8.530690434359506,0.07411794252178365,-23.56776163239657,-5.879130997476323,5.780992051187823,29.86698299558227,-70.06116335568105,-55.098713904465136,-44.98757823598092,14.204918506940192,-30.615007223596564,-10.21230435985225,66.97175342623402,-13.888660328059308,41.7767187108385,-39.4378233540302,6.33627311778758,-18.102969381064728,-21.182751351382368,-2.409318838096734,-109.2864870152972,-163.44491746630126,-45.970662988147886,31.84886513896875,33.96496011065431,-12.144268097958024
487,25.11047800865668,-2.422417078633822,-0.11936696203233477,-7.749698086405326,-1.3753039052795206,-4.723796188898666,5.796228380942823,1.163884402554943,-13.360075160295594,-2.5735587318480784,3.9899190343704234,15.74909426656629,-38.30549513264917,-29.690693569139697,-24.36175216266967,8.226807332310841,-16.84391031122738,-5.934377179495765,34.38774173196563,-7.2193999599460446,20.470567851732564,-19.35740139231035,2.780829502158289,-8.827854820689861,-10.09514463170623,-1.1379027331345668,-51.353140028623194,-75.27792880150025,-21.499311885318388,13.95129917224985,14.975741190939365,-5.875149813778091
488,39.67342244858963,-4.973961801924838,-1.3236622543367889,-7.3145248058036145,-7.9473255140322845,-7.836213320425901,8.594964287437541,-1.5903495187953514,-30.186212177764478,-7.322179446285365,6.166868397348833,28.32598935941572,-62.027836606099626,-48.7187059931213,-39.36443406893945,10.663742511578706,-24.24640573828822,-7.162237479531754,55.22375975063998,-9.715454497918177,32.58323871968668,-25.006067978421655,2.6981298240012563,-8.546121933783494,-13.38209016756225,0.12960330064806322,-61.844056635178816,-88.17586464244718,-22.87473567316748,15.369012237386103,12.341480401465146,-7.8342883520663085
489,69.37177176417802,-8.211173623875794,-1.6701014881846004,-15.003215510701924,-7.905692265191911,-11.284085663631284,12.96472840772049,-0.7574283417585645,-37.55592571095611,-9.942726105810513,7.434712464875872,38.241231399362995,-86.18441120904058,-66.0393331100268,-52.67615964710222,15.479155934125565,-33.95639206056893,-12.44823608060227,75.64144721140475,-13.178954205946816,46.07395093003305,-34.156727557618964,6.864233678730349,-10.868804129128717,-18.468430756184002,-0.4717761374436461,-86.78081079265661,-123.09252582134724,-32.52044016628147,21.61914582052882,18.735832590463637,-10.045411975244326
49,13.622539708647171,50.96879296791907,123.0113284078358,34.22338126827948,40.566288848652675,-26.60468032146583,-75.09536945994803,-28.091589004229675,-18.72432287201184,-16.498938590008365,15.406858809703847,-48.94884699036475,37.25866727394955,-111.73095151832064,46.07773523715835,-78.58931457638825,-48.58274065455519,-78.59142334293135,-13.295334087822628,3.6113035211788116,-4.955611101786753,1.945078798298318,19.00789506273998,-21.11195188605066,127.06731113271823,185.46952846959675,-39.236026874145374,2.904740787313173,-9.64592883007909,-51.0161884316461,-3.2666824554457645,-31.13050153134889
490,16.911141605926627,-2.7429086516670163,-0.08451874016777564,-5.787499836917506,-0.8170677980480512,-3.1659663702849374,3.874922821952663,0.05919952104433866,-10.852879738246434,-2.7744801561962653,2.9192085173570814,14.072219740129157,-32.72677588297913,-25.81825087200054,-20.97849723340672,6.748808166227791,-14.696498789896708,-4.739303681499232,32.12065835547599,-6.6623454022297635,20.249588341791124,-19.179486303401795,2.959809383624914,-8.926356991382036,-10.328518587145469,-1.3591846432818238,-54.48716595524375,-82.4216678210584,-22.95528017248298,16.54100708973421,17.469560552389314,-6.168426267580063
491,30.12214217723697,-3.1980538143715864,-0.8713100403547039,-7.020064563886722,-4.1824993627954665,-5.6109265337401855,6.505717775910847,-0.20873615740396106,-18.95730803906507,-5.232468803587938,3.741151391593715,20.4545145606718,-45.64610988204092,-34.79233976217513,-27.405523959528534,8.198229698891856,-18.36547250409486,-6.872546782671984,42.071795994473256,-7.114151645771643,25.738182034681614,-18.082880351957105,3.5225672864355415,-6.425883834435528,-10.24539085476625,-0.4573314714243619,-49.534742458212335,-71.43152839033057,-18.94183939738629,13.188338338684844,11.106496464320285,-6.088089371151309
492,69.44471943923021,16.8040233825804,56.87346529241949,174.35667111639123,-90.64234162751514,-10.501932407527143,-42.66868381731173,3.5678601364250087,134.05036808077915,-15.32311994588488,-78.80834986067723,49.9451212544759,-76.57872850948009,145.20548058331144,-56.13669431115034,61.49232088808683,-51.77295054816119,-112.95304940311641,-31.073274737193746,39.67199004423524,-29.962688015581172,10.001324083418517,-47.64458617664523,-64.6998184884892,-186.35202937511733,202.0152210174072,14.57776971820855,-31.66596738146038,-45.5854046132125,0.7590411714632722,-139.95209302906437,40.50614147380477
493,21.68084804636423,5.4655636851468525,26.787501333418614,74.82055009700211,-37.583150174799194,-5.63605518116451,-26.088895568420806,-0.9836566945413481,66.62244784433133,-7.263543253303989,-46.17578826131991,30.456869865275486,-50.466581803482384,95.12961900692574,-37.004054277024856,51.63964651931286,-32.76263688455699,-77.76360850964068,-24.362617647202566,30.617241100071176,-20.418450743551578,9.75472290896336,-45.21134820196683,-73.20330017895438,-229.51107119570526,260.60752507075864,25.83033943211165,-44.545314129372805,-54.90956754129194,6.762186915130684,-239.86838186318377,82.09774528395037
494,9.277521034287892,2.913798182191064,13.889653040850837,37.30610014897316,-18.282601096411767,-3.087581454316849,-14.377067085949028,-0.6728441530987269,35.354548247450744,-4.124456383394644,-26.520243338373827,18.331669108573205,-30.41685974709867,58.100638560126974,-22.681238057986093,32.228229260632034,-20.281075205821892,-48.959346314165266,-15.769126389272218,19.642159704976073,-12.929739997731769,6.150916296630323,-30.100228384686712,-49.58663333391555,-158.12518210490006,181.94818871578235,18.029143281930057,-31.4095155761356,-37.869305845476724,5.243221195272713,-175.39110947847837,61.90072982006373
495,25.580581521794226,7.959356607681124,30.985622693908024,90.23126459271369,-44.98677842669905,-6.2318563915971374,-29.356984964081693,1.4532570880677451,81.82275392695773,-9.656966095813237,-58.61713319191923,37.71561621931196,-61.268620928780464,113.98786341102782,-46.102449368974916,57.89387297888387,-40.57855292493781,-95.83724540041288,-29.08743726117794,35.51495270637666,-27.314826831271137,11.979435445011033,-51.800693212803175,-79.31636435813824,-255.59321532445603,290.2626884243863,27.315715594051973,-49.05799718607589,-62.73512807959922,5.822058479378453,-261.3142825294374,87.19765096374302
496,7.060262995177604,2.1442899451778366,9.492437125543665,27.332299268457472,-13.758906100650256,-2.0317914005376254,-9.436802634055496,0.04097578091358129,25.35819554921181,-2.945335252884291,-19.1162021948998,12.19093760058832,-20.052975252933415,37.35457137330581,-14.974094451823913,19.772042079274037,-13.395471231657597,-31.616460874701612,-9.581475964462253,11.65271808512457,-9.195655672613233,3.9912210448256045,-17.875232241130455,-27.807141784371595,-90.68747145992884,103.52425939346797,9.978879790930588,-17.53220474634389,-22.399084184232127,2.2535449350996606,-95.16544680497367,32.097928126078564
497,4.662949213225327,1.2553788700915303,6.623256192711625,18.982123184319203,-9.595961908052592,-1.533138737352974,-7.133994633465142,-0.2683537549376805,18.459224550691754,-2.160694770180913,-13.795706008298367,9.636463016123235,-15.864387533145553,30.724747778347854,-11.754433413813757,17.04968746005553,-11.07596832473314,-26.259437570876717,-8.634649117410552,10.844449232611487,-6.829444437521337,3.3413825599752514,-16.566656504799894,-27.89475117292449,-87.82087234224231,101.7947898729264,9.869482703982811,-17.811579260964987,-21.904560867568634,3.2053797244517765,-100.57200234760127,35.59770898208855
498,7.9614521463287895,2.229905277638116,10.44052495371904,30.940974595927596,-15.73147901846942,-2.3188894609921653,-10.709947121108248,-0.005218822450509017,28.91472258306894,-3.407310002751837,-21.333739542049866,14.49028802473738,-23.686224918508337,44.88310804343721,-17.99481929611117,23.85876416336639,-15.896318091500287,-38.46059913567432,-12.211349253475982,15.147683016464132,-10.510811088407431,4.646665842646058,-22.647970605466867,-36.232700196037285,-115.9843785526642,133.44322688847396,13.213650775240392,-23.205076774023553,-28.412408950683098,3.443247914931572,-126.40134269160804,43.30766542503685
499,9.989742927577115,2.8729735988148994,11.706608264021874,36.709627049121494,-18.586631647077116,-2.517134695295537,-11.778496087904543,0.995830780370726,34.375929274075865,-4.323092811442974,-24.67462106643421,17.198776310240305,-27.16013166991938,52.28207492702671,-20.895716970120194,25.97993109913161,-19.218291700323967,-45.06485568988018,-14.394020611089486,17.832596799325955,-12.505894716333229,5.622897393172634,-25.40597760366129,-39.88778726121535,-125.70111012532007,144.9716230963218,13.505382614375694,-25.272003649213016,-32.14891576630929,3.4583261345132423,-136.04702643668233,45.955765707118815
5,50.0847057093652,179.2881584708663,152.12986185413104,-11.523387027683933,9.80379241846429,385.553136820237,311.82779828936305,-122.82667544541145,35.112374831594245,-285.16030877766,14.181393412569934,-217.55741289985244,-148.4602903992817,31.975824606584954,50.20334648038796,23.371167634573908,62.88274171939682,162.09493278619684,13.818009466655827,16.22920954171043,-74.3613446698216,-5.487886136271236,-222.27946351133744,-0.6970782681720236,92.9930414271731,121.7987385421435,-10.713312017040073,-51.84644010265138,52.62316681655863,208.85866537978984,54.40591840530074,164.32171182860327
50,84.93511663018342,266.2801659992402,70.0031074846238,-48.549848029467995,-40.344394426784376,-189.86181981104252,148.98140470881467,130.31678704148342,12.189248345753855,-70.02876314489285,-33.57102697136757,188.23569450968088,37.203117723074655,122.83869726165632,-37.88816645015502,-253.21399733019732,9.085563722456484,122.37264449205591,0.6339818993882294,19.243152707977735,-8.318152936500685,-4.635483245086471,13.443625451520305,-4.536077678697853,-31.64015050471523,67.96159464392389,-1.5062824231871383,52.00551671700855,71.03652170042834,-50.27683641993886,131.16013066455574,-39.22866018880966
51,33.1846044025501,108.53131077497333,56.83505601523659,-7.548370010586833,6.872065780397019,-48.57242920883725,93.4124665160184,68.33042280460343,15.009091839074438,165.0244374829643,16.99913156005093,-74.94226149087086,-40.34312287960302,-43.29814239389791,35.77277113260704,55.762566403009885,-13.716443114706053,-64.17271179470741,-8.878589706340797,-2.57635808233451,3.654367546005787,4.165238472964522,28.782591222129767,-4.572362265032488,41.39678356982239,37.181155671855514,0.099506936400483,9.884644021226256,6.299958369629249,-8.429034514801739,-0.10074096481298503,24.412544722649937
52,125.93705676713638,430.4422026586794,-186.62228661888028,-273.375313426537,-361.96146270282003,331.2548243012097,-463.1643041370985,42.26567193797454,-35.64959985766584,254.25414300027865,11.864508168441631,-64.99762549170404,-139.25756131838375,70.13053114240955,50.24688465139034,-151.3376581574967,9.554306775099558,64.79321461743871,-65.48468427041925,-40.13291115324698,-21.90071534169849,-22.866049406922897,-26.613865842702367,-3.599337574062806,5.359199614781836,19.201590523968534,-13.759005205376573,-21.98098444256431,0.13698945787134262,24.923959837502128,2.7653281925201485,-23.232102664218637
53,85.94334630293962,238.58036778151526,-349.9106360849685,259.7009204105217,378.4458259691299,-10.018033353572976,-19.319511735621592,-310.49993530537836,27.67042029149653,197.30813988937845,18.021886505594146,-5.478647506554596,-10.411009631394405,-6.005129352050325,0.49789509605712956,-70.12497238854438,3.3774124670969146,105.53249751375004,223.8969138341617,337.35124770150344,-248.25988883814537,-31.84303240620919,60.09888491612257,27.722480295792316,-41.27148228853857,56.56680147823549,-76.24159581750283,-24.68933628704009,14.715772206057398,145.22726847407662,67.79465608803149,-268.88539855528484
54,13.661825874962204,47.23241870692548,37.57219801204726,-6.88662337638174,-2.88755261321156,-59.68202642760218,31.95376641652592,44.682704140507894,3.010604312006916,21.607860646089165,-2.052906378019792,27.724989303096837,24.531345814179208,18.84825344082567,-6.516045112983346,-44.45125871948853,29.154325378514056,102.82214431612428,9.753143656099462,3.724508903708597,-9.93239982273853,-8.772230433369057,4.74133727833184,-9.753888856547675,-23.02678943189721,1.6606828026342126,1.2883720176984874,-27.786671763484776,-18.144560532643908,20.426616761466317,-38.80395872301153,32.65711646009467
55,85.84908479741364,282.958843416891,-64.81663042508302,-80.76360940512633,-69.70076549815796,-147.56984337022655,25.90876103568241,42.43260219324963,19.665062254386715,-128.08856983842563,-6.2065936776890025,-25.23821533122603,64.03660340147862,1.0387300241699085,-41.50369056810952,55.65659959823356,3.8731472730119836,2.2616782204968753,23.380444619326585,24.491053890049646,-3.85659472350669,5.907027852370902,72.35143363755009,-8.627678024025618,-18.94476576871941,-12.470562870816313,25.78401813854475,24.72290304755256,12.584025272990415,-30.728926325509597,6.2170503249583815,66.31489506777595
56,54.13090479941598,157.28753251212598,-187.11823416779131,109.6706873495288,169.3657014212306,-45.170107441150215,0.08480513456986605,-144.08311458297956,16.67915292469399,39.70182783431226,5.151127392098211,7.716680835511359,5.610607957099161,12.543961485487577,-0.1725745269622657,-23.179750435030257,8.039633916807585,14.9745244141905,-48.63971768390632,-102.58056391446156,84.77985064385314,6.429833053279668,-110.0041255464136,26.07306783260425,-7.772380353219465,3.1321270270654784,-44.9420750154916,12.760379159753935,-18.189765466085895,-34.32850225837265,-14.424389876957012,10.296719129422787
57,46.53665140001537,121.11753332526114,-177.08362121195617,143.93168604575956,200.21158622860852,9.941921863174729,-1.0431848033705537,-151.1638437588393,13.468747622100341,115.03842066993477,8.254173053826909,2.464783335686303,-22.95792870438149,1.9980734372664803,4.493575005946894,-52.9773583831004,-2.188792266955355,51.78531472398801,105.73689543720461,170.7346555438016,-131.61488577967575,-15.866060400324256,82.56527407466871,-0.8968998227902435,-15.028896625148978,37.482050336045724,-12.624595379806646,-36.494952102871885,21.335813892892027,137.90334832421902,51.004545868027094,-211.67464756083714
58,33.778850616924935,107.20234806912951,-38.02709591632883,18.471308154864047,39.659637506719925,66.58340076801636,50.775430696795084,-40.12990843669906,12.186531532138767,108.36733048780191,7.57213565900665,1.079985945230261,-27.45379295029188,3.57011557912321,12.48656216991366,11.906946070505851,-11.709744240923241,-54.94612678701051,-33.78878997454921,-37.67506585519311,43.23670248726631,-10.223672023687989,257.0141462139688,-31.085772116533914,-1.0027150340115536,1.0388736486152628,35.44048720528237,-2.610765688352724,19.653692395519094,59.65337753625528,-9.769886818008414,151.12237115410312
59,73.25411578336404,241.04673747559028,-137.85308930714123,-72.93573638653713,-70.74564227941552,-70.61529848731463,-134.532090565696,-19.276731931452105,3.634562835057458,-86.34178641478901,2.896871761461384,-84.19206728636254,92.92823635892564,-65.50832746024761,-42.90242283945522,145.07774925768578,-1.7158582120646289,5.520622046297275,181.89982458235272,264.9430637972706,-185.51413801540053,-0.8275508961132673,-36.13898218065449,25.07116952715116,-18.35653669294882,-55.470076555116464,-16.52685389785764,70.32850284191728,-24.89922626719955,-181.62384428106853,-49.33451617015175,255.03897159767254
6,56.62160123310181,200.65772020605738,156.56565350555414,-12.575179920073882,8.839052402192717,380.5690133830076,301.02467486466037,-114.86601251164049,33.04490837362172,-251.1075325933181,11.589675608572264,-171.71463850482832,-117.96818551604953,25.73910542320048,38.31030301125826,16.675825590599736,42.53479855813978,106.59353315551348,7.647681824644689,10.294757495680116,-43.5068929275453,-3.459832191478435,-97.17298385153536,0.04892306122143108,27.82088532048216,21.031920433296378,-1.211421286957448,1.7856711456626735,1.160067374445954,-36.699427408510566,-15.365450941429724,-69.41657159245808
60,48.11365843684939,121.34915439028948,-166.99178030775926,132.94255353172125,179.32048790623594,8.724394694529094,-1.4298274748416386,-123.74453618672199,9.345782133031392,92.07010475220144,5.950588390975971,7.9633977996367795,-21.00334025561317,3.2543312384515137,6.7304276568918775,-42.583790744146064,-1.1741995634703917,34.00635679244411,56.11871414895248,91.3748437611755,-71.72111846180226,-8.306291688735362,52.57796582656637,-6.853212544233047,-2.7689667163502287,23.171923412928802,6.140091646057894,-29.439371161578848,16.803431752772163,94.91325795570468,29.180193225562405,-118.04366907103619
61,42.14742275632591,140.68021006200678,367.816944478681,126.21196690949252,104.65507905973595,-26.497887027974183,-200.69139245741763,-77.44423080200008,-20.869662654973638,8.854549720365005,-2.69658995696582,-0.3624941859304618,-53.76816456573961,37.10313637981856,-12.84413009888695,26.376592812141503,-11.29595172604702,-47.467452996282915,-0.2920222502211373,-1.3072896004564436,10.770918821425349,12.284103077584218,-57.97050410601396,-2.9502530466482533,-313.9106991913351,-77.16865226707382,97.06038519980945,-0.8015581430735828,111.31066840661954,23.092310093549496,137.4263807420069,-9.526082998289018
62,37.14664963170506,112.33268840472084,-111.60365577822431,28.990566382455345,47.81599673611614,-17.51334273148766,-73.07837643881139,-59.34563162370716,1.9299780411678664,0.30200036019502496,3.7664767420419145,-40.34755235961011,61.59260970423298,-48.10256183231357,-26.13628546597081,73.7501149484852,-0.34893902361348234,33.32241162994096,196.240076740421,291.23827902244483,-207.20190800243876,-9.092011070876554,-54.60802743765996,27.868411321470536,-15.844101546660701,-33.80512562488946,-35.51653927914855,65.44997839710955,-29.283381638936397,-195.1825122729694,-41.41705418096559,212.62358564420924
63,37.538042375489916,121.13293100396945,-26.785765761682242,-33.4510814647025,-29.497812204036762,-48.41188481738258,24.544390161593686,15.644242359839625,7.638995062686258,-59.32940919673549,-5.747836014980208,19.232891470265965,-9.635689099730774,20.446366033781935,-13.085666707470441,-23.979691940111742,-5.764082964327245,-9.728889020371883,11.854655049212237,-12.078435710834906,36.94631512475533,17.935668037281605,6.343224444617216,2.613721075908128,-3.918990413089138,2.485882159522066,8.933655799045132,29.4564248088299,8.807110486597391,-35.691237461168605,19.09134079072035,-11.168159000099312
64,20.22257247581938,50.37336611045402,-61.415216363711686,37.45942999348549,45.38861591130311,-6.267826467303014,-23.676646099450096,-18.890574185520425,-1.004487657472039,0.6369026428520362,-0.44882028599684815,-7.8517869211799205,20.218511431270333,-11.735674845569248,-9.813996897419873,17.2083214709618,1.04265951992028,11.071506574071256,42.86718077631361,59.14782522646766,-43.033009132598856,0.5449021615302374,-49.65126406297745,4.265130294977451,3.232844973012168,-13.90463553444703,1.809173700429603,15.38375442486007,-9.948393095158057,-72.33687729968898,-18.292775057000252,74.12777056023103
65,12.083796574673782,41.64753692099794,143.3456662311535,56.06337766450626,49.20573917216946,-22.35977691866099,-113.80885077322577,-42.33596344007018,-13.321672678215997,2.688076708241738,-2.5645882440568024,1.6217499488481857,-47.24407127661154,52.33297251364411,-25.397330367310353,66.8754292644941,8.746961636475762,-23.57113641427921,3.141068588042945,-9.735550779190776,7.292032338848025,4.491343630979606,-2.7481018132863113,26.980303710732954,50.8356827699122,-81.84554902778581,2.778036367476792,21.480858503984837,14.184886740172592,36.17747980713273,-3.431715942066471,28.800662102583438
66,29.94023970802885,87.19204209980624,-136.43300754980447,95.31345315476024,144.34353399207674,-8.701356971164659,-19.628877181791502,-132.56599885634358,11.858007319688289,80.07453611611393,8.701383345882265,-11.394305689392144,7.646853542141529,-11.757542987541836,-5.0729655560674205,-15.557119305668753,1.5945168590673011,55.476204530081695,147.0783373359713,222.66035292343335,-162.60206586541824,-18.121923591399863,18.23162536426815,23.42535564364946,-27.825379701550244,22.055363819272127,-55.05060996394108,5.503750527883538,0.2128065420063543,30.349832112774397,28.070323361021302,-95.78062785887522
67,14.970293911186145,51.767756220933634,56.5763114143509,2.242297667503306,5.05701928248206,-50.61551758465149,7.790871495436332,27.485304880890308,-1.563859211997774,4.577090824039862,-3.571201355241755,37.98946650969803,17.317939609708876,29.546612088456847,-10.90277691357037,-37.932397993464704,30.16343486258512,97.3439561259563,9.498584739854783,0.5621172704264024,-4.472941908481978,-8.521590163738791,16.2657042699037,-4.640321021953243,7.198920702662131,-13.790546260373995,-7.692595528125849,-20.037512323382128,-27.51964795947926,12.603870601645795,-39.835076460088175,20.269573228009204
68,34.385956384706375,109.85303809421946,-22.71425527403902,-30.61272207920987,-27.250161499446953,-41.55045188034089,22.977184645006247,13.571694132698928,6.211810452918937,-55.85306796829658,-5.285036157552976,20.495983616580695,-11.503043303895513,18.045545087981655,-11.167902245560104,-23.496199253285276,-5.662846212554057,-9.250587013030142,13.948838843581386,-10.197470996138003,35.93094254262624,17.741850697284903,6.06979045176486,2.5856047350195457,-3.6524226382605947,1.7536285702977554,8.625787686953533,28.20356319994416,8.198177951343228,-34.28543313415671,17.94003728725461,-11.820330795854733
69,25.098550077707905,86.17459821269911,53.672868492645165,-5.483407531676992,-1.0005192891306538,119.94153884672974,71.94661363837807,-24.91610416900415,5.565803500786562,-36.88848949620433,1.2495151116315362,-8.015374612357908,-0.7758717954972407,-1.370213454419325,2.8319001759735394,8.700406690422042,5.437297319100971,9.572845501078898,1.0760926559856956,-1.4642846741974318,4.506915067692438,0.4840182764539549,12.37341522765457,0.24373278580577068,-14.18918947914036,-17.454502082551194,0.6719146153990861,9.973449506043197,-11.68415510332263,-48.89870966696468,-14.991396153293485,-48.16070090735194
7,7.77924413169331,28.198513533135426,25.909478583749568,-1.8617390973699315,1.8552932945078697,67.69789642833464,55.625220024307026,-22.087510499956654,6.3681006844091925,-52.41040261005625,2.6601739530273867,-41.37589658176342,-28.442281152797378,6.216635637430871,9.575216135736394,4.167251435223167,11.993596944927237,31.158382888873486,2.6634440055059017,3.3542063577614565,-14.79311883634401,-1.1375079314615437,-43.82715686633272,-0.0827447312195676,18.648045239135563,23.944707688054443,-2.115516654910936,-10.286842551458314,10.434993709388666,41.11738435328327,10.501071462991673,31.994164295314935
70,17.54779630422483,36.68559594184272,152.47809086606227,93.50013615750032,37.470601366690104,-31.984336389348762,-150.28590131405358,-50.37608707225522,18.57047299800373,-0.5615526447871041,-40.68349588096087,58.098473749875595,-148.48934824388067,260.3820581491497,-114.71012708648908,245.08934207489244,47.46853665087008,-24.322649900308754,-5.532361168244063,-2.5132809678715367,-2.127204128034875,9.292911705578206,-7.001374875421732,-23.136843251029607,-127.70461410432172,191.1211313868738,61.090208852612754,24.300105064096762,152.72156140518774,-58.02267810444648,176.68945070668568,-30.919930807217163
71,22.56822448950295,78.35303773316392,95.22758092063185,8.747129869924974,11.871186911158162,-80.07255626695031,-0.08465613911191262,37.89309214968699,-2.410115920179629,7.987002452067624,-8.051322214928812,63.25053013227048,13.039913650958946,74.33969741527403,-30.20187303313954,-31.056008205921113,58.21123651519469,163.22521924659839,16.04535798678478,-1.9620203688897175,-7.343721654010043,-15.458712099416461,35.67970034378951,-3.115422531864718,54.548574322330445,-31.363950854199885,-24.74659468299915,-31.285094688970084,-59.59594580607055,17.77788202482218,-77.1387457407431,28.414123684470514
72,30.029639466337645,100.06215344086465,76.17967683724567,-19.724488278216402,-3.5869104477314213,-112.66334364485412,165.79377564762572,149.2279382373362,27.397068766180926,290.3649950986344,25.98181007213243,-131.58139209098545,-82.2005090331212,-48.90135880609643,58.206865503604156,134.98668030875666,9.497989577516273,-38.57345498597017,7.787689877991461,10.49674157326634,-13.672337245797943,15.897709185480164,-133.52604990870302,18.78053251585935,26.838304941422834,5.425136140041529,-2.930878249274857,16.95883873483295,9.818607724612734,-7.844281722942502,5.9028591327842,-55.605142623850035
73,20.914328177107095,70.16063807927668,-29.118715395189408,-21.556516798133465,-18.432096427456496,-44.007938610373934,-11.977472813345663,1.3922097831981324,5.30385019517326,-52.02581351461553,-0.6664111817471776,-29.273405972936917,41.69632881446308,-13.160422991549302,-17.557995597966112,51.96753565463658,0.11597126603590739,-13.989839997491906,-11.270368941953539,-4.242515220736631,-7.945165822246205,-5.4082770148765515,5.120624928348906,-1.2881780933164757,-4.767180765961512,-11.588707616508975,2.697208925560128,-10.590807862111099,0.20721395894195596,23.66817993481946,1.4772661709837394,-13.271933210144667
74,22.395632128579557,74.00239924036534,-46.516212814508584,-21.790320180587635,-21.639733809535485,-17.38107322605708,-52.16675180877024,-9.419486274874176,0.2223384515071321,-26.137831279644256,1.2965279663036047,-30.796607663953168,37.61449475171183,-29.046296883413678,-15.718748647145516,58.36222442966107,-1.252938736205781,3.7635731326882502,85.49341555253622,127.2469750574011,-89.18872005845039,-0.6023497154402938,-16.870736030148144,11.85607993209439,-7.015409800371579,-25.74467921060849,-8.768079285367456,37.1604049271189,-13.96428505203047,-102.06248988905057,-27.448495387547606,139.33935279521214
75,33.464694489814555,91.53508911207068,-21.054558486054418,-28.118760428821304,-30.46811863959845,-42.73135662404795,16.03278663096518,14.330343127012261,-6.664135364370089,-55.67228059224593,-3.1580408420466823,54.08232070645008,-49.43520974491103,-8.904159457469126,12.517596327024748,-9.50581854486191,-6.3652989135124525,-20.23864962865267,64.97805081698944,10.170003770471807,58.59217718523861,40.69343131796825,-3.590869336099501,3.414173892319494,8.79128093060521,0.3485222855582042,25.696331108095364,31.120795972238735,9.623371900247161,-4.325886414690114,2.98560524157072,-3.1325280365473818
76,18.151204939033068,63.07477939680999,128.57427180999224,33.04638302229214,31.65833486005544,-5.35148025024496,-46.58352074247067,-8.001448723538003,-9.616690102930614,34.18877760095737,3.870787785664426,5.911438850505072,10.027067163771028,-20.24975593914422,8.290853692063711,-7.830524056417157,-3.7255946031481058,-3.6180315634989677,2.89799184475921,-1.173746002105953,7.21566853613087,3.100431339989991,-24.719881175016894,2.62058844596826,-96.04756600358658,-52.62082600991074,23.451880075913312,-6.91760312413843,14.956444193482241,23.756241628824075,20.16125605525663,7.629950371631572
77,103.25832783719972,319.97422415398376,-149.76976722681843,-9.631899411842065,12.01368970170763,122.41650198988083,1.6594263467693269,-64.94796977965201,16.72293608388587,156.31733631729205,12.108333434039377,-39.090557558795155,-114.4668580422149,44.62831948769697,35.18337482652976,-46.28158794209913,-15.859252067686148,-62.1373866107264,-74.5800850507988,-70.19706185202932,50.512940756789654,-15.452297097932423,311.61491582500247,-42.24804740016118,3.3327874763781287,-4.86841534993557,52.6447910208755,0.1644790221122057,22.66043024818385,35.13075347430942,-8.98602828397266,152.55060010235638
78,16.735474838017126,57.83564124310939,43.59298431660577,-9.066505958592533,-4.176074689764304,-72.55638548783978,39.79992859882007,54.40619092932953,4.065923637215548,27.682562120092875,-1.9515763569502735,29.74873446223842,27.94900981983201,20.72657267647304,-6.534141589575164,-49.708411083772205,34.20771642713164,119.58552509224538,11.056777802105671,4.5129047582771324,-12.05632826902207,-10.18842956006097,4.479763788396967,-11.508643465147248,-28.20434020007518,2.6370797874698306,1.9592252619457975,-32.63092301571097,-20.656776562253018,23.50339915028214,-44.90426947818177,37.0565418627061
79,71.3541912776797,236.71693300114939,-107.27518165142854,-82.81414819992064,-78.42174576911692,-171.58524932469516,-53.76951087122903,6.7410053886492145,14.234630697526558,-217.85233965670537,-2.7366605903305814,-112.09702283267023,173.60796497979848,-61.287476678190224,-60.10219457890078,234.24183667564287,4.297884461947816,-62.56365324176482,-62.76978823959421,-27.494522647536872,-36.55774140661026,-26.74630998273902,21.46863422298942,-7.8097508722327325,-22.225735460712144,-57.042898052412305,16.027316232359183,-57.46661047712583,2.127252730684908,132.728256526248,8.11386744497393,-81.02220178799813
8,25.103795850549442,90.05345482760288,75.17851427125933,-6.052402688375312,4.431690413249307,192.48056093777814,152.42306269600954,-58.78540225656567,16.895215840789906,-129.02554369870285,6.025872063775097,-90.18635296809225,-61.95195138517602,13.978035130697648,20.224910301267585,9.77607293022574,23.16004276544232,57.80513554373754,3.734164502440404,5.3416658110386805,-23.267837107323235,-2.1850745103356064,-50.44522341760712,0.2993638049117484,13.104271159207618,6.988127686337843,-0.3096212605428668,3.866888912666512,-1.618133447235195,-36.09390905765097,-13.913534392027879,-57.040082600546405
80,52.516149271248274,174.73968868816476,120.31600190823187,-36.612483553325646,-9.13916141285317,-198.56223914952733,281.79010944937755,253.0158064515747,47.29148038461279,475.61033874710444,41.30400313136882,-212.2849955214853,-133.22191245132822,-71.73888186845745,91.1553456250498,214.82245545641362,18.445470262566978,-52.920888286314856,12.26225259765268,17.011389904325565,-23.895747219272145,24.092360894516553,-205.7980143013412,27.212707290435592,42.84587994709651,13.42060640203826,-4.335993425287521,24.83606243458238,14.213939317938557,-11.606478794875725,8.872617617092782,-77.45190179009545
81,41.519646240686605,124.97887947076205,-168.30715997539633,90.12978487673313,141.15248384516278,-18.13261643957604,-55.74867075058739,-144.32948550101142,11.783844515526226,67.41554883386137,9.836011448831911,-34.8899569469985,39.65143976355897,-35.48666138964903,-18.702365243422296,28.12517124507477,1.1869717485778355,66.83602762088199,237.35192202857587,359.9702630550899,-261.7045899116716,-22.67359665136158,-6.0230226969508,37.637692756665615,-36.897303761010924,0.7617864521340132,-72.73798146849977,41.13920278473857,-15.061170176176052,-73.67556600739248,5.100650863025875,25.009667687600224
82,34.451995786859776,93.22201922138032,-133.66965843747082,95.43566381957706,135.65287272923783,-21.38775525147692,-8.80959217456191,-102.01639384545551,9.155278072195246,42.21585485909558,3.3797684146701337,5.086202640940742,6.31874287086332,3.1830477823470344,-1.7990352319056189,-22.298121219305735,6.499232077442521,29.504626418452766,18.11538102411848,8.236228915952802,-1.5565864932124323,-0.7831694983687089,-86.86562039587702,21.554008915500145,-8.146167107355582,7.924042398079217,-39.27479666208956,8.925634644070207,-13.26684353247271,-30.85408562883394,-5.620233510624387,-29.00923066217662
83,19.52622211932159,50.69946534323072,-14.05541863860691,19.413324806553035,22.258632229824578,20.346252298485382,28.585469294783092,-6.304839514693351,3.7411273368105884,2.1223400940640462,-1.7906206453836095,1.8381405412945193,-17.566452174235565,12.269239913930516,-2.1559891465797234,-13.690227699601719,-8.940418799778486,-16.90336945808606,-3.6534554424856696,8.851326618160465,-10.254900057974655,1.2622023047093016,27.22157355722313,-3.650641636809402,0.9782558465401043,-8.910318347011165,9.574724512314798,-3.8033459922087287,-1.6492091651564194,-4.067224140920173,-1.842209003346878,-18.309792973709435
84,103.83381750922462,359.97844298762715,-191.44127234214818,-280.99883407487283,-376.1695871510884,261.8464342034844,-501.1984661103498,54.338498914047314,-37.72684092847741,209.6294610811267,12.18715319255336,-102.86276873750283,-168.66914902422582,77.92357778691255,52.58016257149471,-174.73216958567414,9.835406539663321,83.85336938929323,-49.88516669715932,-16.077689836404506,-51.09406123735765,-21.467892986841935,-103.55078329223979,5.064213581512607,10.923864507358779,17.3262106004265,-22.66718426481125,-22.00221985215757,-3.4091133950212087,12.898161042962103,4.507168614015523,-46.25400279319604
85,62.58131348312064,213.7009419603979,228.23635729267804,15.589416319290738,26.624480585618365,-93.3272225819324,53.70959834717103,63.762348430350336,-3.121776892206122,-5.812121946143943,-9.953848597596322,102.99841585286288,42.585533270141546,67.95862380622115,-20.983118420123066,-163.27947842787717,50.37591184998475,210.2794632421849,17.579568025023743,9.460599795959252,-10.432754212899644,-17.573012467415303,21.81534307838248,-8.139846758188623,-134.34883877375265,-95.7646545243395,18.64139278659142,-27.63961410461755,-21.58137785696199,-5.868761922414686,-13.551819114273023,-20.084410406645222
86,19.88412710009281,69.23338057453152,124.50553336282768,29.808292528373997,28.907767398124435,-1.6360102744640344,-21.848385353087853,-13.071805447193793,-4.365156083149048,-13.176976315567208,-2.4775777565011077,18.233104189284607,-8.034574300548133,25.765441784288647,-6.679519717356468,-34.582273493158986,10.04309272871273,42.2656182911896,4.82824622834667,2.2309354904424197,0.9699387649385756,-0.9192457123473204,-8.59492823187344,-2.9039040116529167,-150.6683156103009,-65.65037145112409,40.30844038463009,-5.640384093135133,27.534338367259252,-9.703464105026725,40.65904339744442,-28.97639083677459
87,40.06859358194207,115.54587133797301,-156.86633112566508,108.46558386215379,163.62073545042963,-15.008088497009782,8.294658610506938,-139.372494026358,14.967423922352172,79.91908623510615,7.001286279180397,12.129067493177429,-17.03953142391573,13.611934302221005,13.563458332707118,-37.925235373276834,4.840740891000097,12.60683442093745,-38.62399559401437,-75.46569883100769,68.11808100109135,-3.5627401331682855,10.859883863169856,-1.709307271851045,1.1801646851912864,10.122128836953452,-16.56629626911964,-11.8888534318444,4.41587647367651,73.63349800842055,9.534509302743732,71.1560484087241
88,26.607251686451885,88.63367021444117,-35.46702915823979,-28.695460703740995,-26.45921598635645,-41.708884956346736,-18.929010309848888,5.590599789688236,4.686600615806624,-42.81327561520651,-0.7939343431614211,-21.745979286901644,31.768574512239827,-12.84284021378139,-17.778250677521132,41.514833620050865,0.5485973024904981,2.1474756799199914,44.118422370235656,61.160187440810446,-39.09864514455865,1.6280643436002882,7.188749464864151,3.651490612178505,-8.694360391424567,-15.990574770820606,2.5733980694712186,22.43297331420369,-2.8092155761292976,-50.9768839606512,-10.346680030842071,77.82195486130394
89,25.077523764632183,81.80984117571357,17.107805841556985,-7.827295406518482,4.48167685419508,-33.709233336303775,77.96866871962975,45.553437728478094,14.967668863724464,121.04744384950813,10.97823351179089,-52.28058165476397,-42.7909638639068,-12.142699087867067,22.130188019245892,37.99388076005963,-5.890784653843434,-39.945487559077975,-11.632738633446523,-8.872641492025465,8.577426987458468,0.9502452280827404,64.93755256692387,-8.806124584866987,17.230887572940446,12.59426928947168,12.555574385425325,7.118367169166143,10.309824252135474,5.302081162457588,0.4116947722732158,50.87586475578238
9,47.60578930216272,169.11058179516826,132.28391587113427,-11.165397031447844,6.634438947243618,326.55942713025956,254.70300943590834,-98.32038181387854,27.871429077961444,-213.6247987929333,9.557473606396078,-143.2377289840741,-98.0075026428766,22.464576966532977,31.73157965289299,15.712628400209523,36.78893587183083,91.23753869670423,5.949956682234052,7.4213342263336814,-34.85900844412989,-2.888309025794576,-79.40379792192245,0.8759939809150161,18.592660149741615,9.384626020914158,-0.8368212866011029,6.531939442103995,-3.255149391642496,-55.608220526776236,-20.508640199053996,-86.08344641719914
90,25.78573560094605,89.84375017999996,113.90352264074662,20.251698858799756,30.51557107048696,-42.59010400617716,-20.695039187776427,5.414407759097075,-7.294698429962161,41.29203410808596,17.33629236760155,-67.62255414922639,17.130673551745883,-95.51513465825911,41.79027726547965,-19.899046953610103,-37.83675601677983,-79.31315273742125,-10.993309267647764,6.184000019834115,-6.93856393595918,0.402585016135071,34.056966279023136,-12.821283369586116,95.40937422276374,111.27341437075191,-18.817155933349206,7.748304467564854,0.06355437523593657,-35.24849638603267,-5.902152677801553,9.211245094570017
91,25.186606788211677,88.66768610843977,132.26374618961427,21.12674548646662,24.937960127252452,-35.12677597955228,0.3090912766708789,13.120908091436624,-4.5872183888784654,-9.880518916111473,-4.3380313093946175,47.448977993745174,11.336748291973745,37.578700106761936,-10.248993869593866,-86.65014208556036,25.12197519272068,108.51626638857506,10.263749055419536,4.606871651848385,-2.5047678285128563,-7.713791008065566,3.5564131005507678,-4.699296178856288,-160.24439067241227,-93.94660653928939,36.44945070644669,-16.835398399781976,6.429755406502652,-7.771744841044857,22.161782437616722,-32.009225111551515
92,37.56645207658411,126.28515147321586,41.54293030010285,-6.149072118480337,3.8556358798880863,99.31010558360238,71.81930660683621,-32.822873216232146,9.605599104700822,-45.04557557121478,4.458480849136007,-40.93269615373792,-9.322148875881226,-11.187495136818747,4.936843450395525,17.19637208350087,-6.580403246518424,-23.211240830225826,-0.6699478006971585,9.32577231284202,-6.357838647701398,-2.452846633354678,68.55609058310816,-7.330102716588277,-3.1271272155584837,-18.250741492089308,8.236708912447893,12.979360112097629,-14.486286454813978,-61.38243052030525,-23.57409873344606,-17.46593932093982
93,11.326158102406168,33.97480615182622,-45.17370378335137,26.51882281110236,42.447070017065165,-14.89487628155937,-0.4724358683849246,-40.24867709301156,4.689078501468066,7.1398832578795,1.2706814120119179,3.887163719554172,3.132253503280864,4.234391392865729,0.06104633626489902,-7.451632912163509,3.9475419629893382,5.861191897937545,-20.646093760183817,-45.45120433406215,37.965698732031704,3.9166233373702624,-63.22038281905743,16.040680911123474,-4.381839981536083,0.2474362176499328,-27.083757090210764,13.039922919289696,-13.301831871669572,-39.35480872585418,-13.291048761730579,13.183742204288869
94,22.347704329351494,67.71226163165201,-64.20289957782845,25.782557674416648,44.25816245760926,-27.9257718167667,-0.803075494562426,-41.47828212241171,6.694595334913456,-8.67921523012179,0.3490376776231191,-0.7225806626779634,10.205159779462072,4.394577281028489,-5.194994616229712,1.288975873920347,2.7172837539149812,-0.33030227078428614,-25.76520252541296,-51.05067031676165,41.36906677395617,4.246973069602878,-51.68455939155543,9.490706825239101,-2.560126993637686,-4.24866587411226,-13.719714400654798,7.211996819670576,-7.551831355159959,-21.952753969410992,-5.319826342388868,11.896469788640792
95,55.80928496705065,191.66191028535775,23.21971841211983,-38.72329961860234,-27.78616569686574,-166.64730306588433,-30.881894005866013,31.522155844902063,4.327475089924505,-128.00141689221002,3.1049701533339573,-60.659641120183544,147.25742400451944,-78.9031396564796,-20.98164906197024,34.2716047992346,-6.997710186406677,0.9702317781571071,-32.335454587885806,-5.29328326492833,-30.523359068589322,-21.140226504983325,43.11177553946575,-23.21436140638946,81.66006533396349,149.27915832941108,-10.341834802968995,-30.756871944219697,30.418452172410667,28.18220998451722,5.197091356677023,-37.86096185282513
96,22.9280799418005,69.70009903296881,-71.16909220958998,31.416135499677385,53.43480455245192,-32.193102056499654,1.2443408809225152,-49.75132513657205,7.757627536627366,-5.922096985538089,0.6547313370189062,1.5974958102549048,10.367881998507588,5.04817136230704,-4.750393996708074,0.31611744889542925,3.390276365833418,-0.5410851531397535,-30.656764128700797,-63.52222479649786,53.37913341201097,6.078885232929022,-64.97220382466499,12.908685842107406,-3.5127525942819475,-4.786506502405205,-19.251108083992953,11.295408193616284,-10.448580154362514,-32.190084522504606,-7.7869201929900065,19.204146594372347
97,73.4092848231752,237.23405197374015,112.12669865471469,-49.47441254271196,-25.715590360403624,-234.41766066660858,231.64887305805271,225.93548015116122,34.33883608877783,262.4914925380738,11.460637243947174,-48.82716820294151,-20.003326194967308,7.365581505801009,23.171066305797165,22.213880026520535,42.44443002989964,107.03002986656067,15.502906208749776,13.990437938431507,-25.74693135097741,-1.5084311659141805,-65.83356656146886,-5.039869186451431,-6.686081417757764,31.283400127081524,4.68918900308838,-10.691603426125912,8.125698561473282,18.134667388118945,-5.11958806897453,15.125354235432486
98,15.145541394559318,46.182310815535956,-64.55216120377618,38.83341705153461,63.02076232801443,-21.556701408312833,-0.5224423170394155,-61.61980623518033,7.3338939133580245,12.904867518106121,2.131810416355419,5.980864812069588,4.392572669845743,6.997704566594878,-0.10546255013072195,-13.574075772642189,6.1551686636916285,10.647863941531087,-30.53852282719473,-69.22565615758928,58.2788603003988,5.995956838004773,-101.24082534792234,27.24452691719345,-7.914885724756482,1.9956094887016975,-46.918416630038976,22.01555263613594,-22.164923390529378,-64.68134223727378,-21.833823929787197,18.07759531262141
99,26.071228259489487,90.90236730046112,107.67571350691958,11.747411308931195,16.347602950414267,20.67325220692164,35.17612189302479,-2.678813294883325,0.8724890592407881,-31.808385958333762,-2.6134360973928414,21.263600186542387,-0.1032623253208349,28.097191659037815,-5.238142310940474,-55.86787393560357,18.39871968525922,75.22688840280226,6.999652723871699,3.833147873610157,-2.4756406035939653,-4.691370953720461,4.977524258090392,-3.817117771792564,-115.35556791476922,-63.71839992214049,26.537437907174453,-5.407161824988758,4.844629531676069,-28.114034467841748,13.166122828211059,-42.656571523042885
