node_id,candidate_group,node,protected_group,ml_score,graphsage_pred_score,graphsage_embedding_norm,ris_score,fair_ris_score,shortfall_gain,group_quota,current_group_seed_count,group_shortfall_ratio,dynamic_shortfall_gain,candidate_group_shortfall_ratio,dynamic_shortfall_bonus,shortfall_weighted_fair_ris_score,fairness_bonus,weak_group_bonus,community_diversity_bonus,community_diversity_score,cluster_diversity_bonus,cluster_coverage_bonus,ingroup_ris_score,protected_group_coverage_bonus,spread_proxy_score,weakest_group,candidate_helps_weakest_group,weakest_group_gain,weakest_group_ris_coverage,mf_gain_score,mf_lift_adjusted_score,under_served_group_bonus,over_served_group_penalty,parity_adjusted_score,base_combined_score,target_deficit_adjusted_score,combined_score,score_normalization,community_id
1007,1,1007,1,0.9276422262191772,0.9276422262191772,0.9380015134811401,0.6428571428571429,0.6470588235294118,0.0,55,0,1.0,0.9447852760736196,1.0,0.9447852760736196,1.2583904727535187,0.05555555555555555,0.05555555555555555,0.8616028708133974,0.8616028708133974,0.0,0.0,0.0,0.0,0.5347370922149137,0,True,0.3333333333333333,0.3333333333333333,0.3333333333333333,5.687489048072911,0.0,0.0,4.687489048072911,3.2703111339624815,4.687489048072911,4.687489048072911,global,0
1009,1,1009,1,0.8627933263778687,0.8627933263778687,0.9089978337287903,0.42857142857142855,0.4705882352941177,0.0,55,0,1.0,0.9447852760736196,1.0,0.9447852760736196,0.9151930710934681,0.9206349206349206,0.9206349206349206,0.49644736842105247,0.49644736842105247,0.0,0.0,0.0,0.0,0.4369273006351092,0,True,0.3333333333333333,0.3333333333333333,0.3333333333333333,4.856462348773447,0.0,0.0,3.856462348773447,2.439284434663018,3.856462348773447,3.856462348773447,global,1
1025,1,1025,1,0.8340196013450623,0.8340196013450623,0.8579553961753845,0.14285714285714285,0.17647058823529413,0.0,55,0,1.0,0.9447852760736196,1.0,0.9447852760736196,0.3431974016600505,0.05,0.05,0.8616028708133974,0.8616028708133974,0.0,0.0,0.0,0.0,0.12998043538411114,0,True,0.16666666666666666,0.16666666666666666,0.16666666666666666,3.549987480536142,0.0,0.0,3.049987480536142,1.632809566425713,3.049987480536142,3.049987480536142,global,0
1048,1,1048,1,0.7073132395744324,0.7073132395744324,0.7274548411369324,0.5714285714285714,0.4705882352941177,0.0,55,0,1.0,0.9447852760736196,1.0,0.9447852760736196,0.9151930710934681,0.1780821917808219,0.1780821917808219,0.05014619883040934,0.05014619883040934,0.0,0.0,0.0,0.0,0.5357428740446448,0,False,0.0,0.0,0.0,3.6814295094153806,0.0,0.0,3.6814295094153806,2.264251595304951,3.6814295094153806,3.6814295094153806,global,2
1049,0,1049,0,0.845011830329895,0.845011830329895,0.8760653138160706,0.35714285714285715,0.5294117647058824,0.0,16,0,1.0,0.24430563301728944,1.0,0.24430563301728944,0.6587500410091532,0.7551020408163265,0.7551020408163265,0.49644736842105247,0.49644736842105247,0.0,0.0,0.0,1.0,0.3462934568829313,0,True,0.6666666666666666,0.6666666666666666,0.6666666666666666,4.810546021619878,0.0,0.0,2.810546021619878,2.444087572093944,2.810546021619878,2.810546021619878,global,1
1074,0,1074,0,0.7578724026679993,0.7578724026679993,0.774442195892334,0.14285714285714285,0.23529411764705885,0.0,16,0,1.0,0.24430563301728944,1.0,0.24430563301728944,0.2927777960040681,0.2647058823529412,0.2647058823529412,0.24006159014557663,0.24006159014557663,0.0,0.0,0.0,1.0,0.21660270279434643,0,True,0.3333333333333333,0.3333333333333333,0.3333333333333333,2.7712133557226863,0.0,0.0,1.7712133557226866,1.4047549061967524,1.7712133557226866,1.7712133557226866,global,3
1092,1,1092,1,0.8849996328353882,0.8849996328353882,0.9027570486068726,0.35714285714285715,0.35294117647058826,0.0,55,0,1.0,0.9447852760736196,1.0,0.9447852760736196,0.686394803320101,0.7916666666666666,0.7916666666666666,0.9268092105263157,0.9268092105263157,0.0,0.0,0.0,0.0,0.3446847431204826,0,True,0.16666666666666666,0.16666666666666666,0.16666666666666666,4.255012858662076,0.0,0.0,3.7550128586620763,2.337834944551647,3.7550128586620763,3.7550128586620763,global,4
1097,1,1097,1,0.8454394936561584,0.8454394936561584,0.896362841129303,0.35714285714285715,0.35294117647058826,0.0,55,0,1.0,0.9447852760736196,1.0,0.9447852760736196,0.686394803320101,0.851063829787234,0.851063829787234,0.49644736842105247,0.49644736842105247,0.0,0.0,0.0,0.0,0.3314347084746965,0,True,0.16666666666666666,0.16666666666666666,0.16666666666666666,4.0042088158723255,0.0,0.0,3.5042088158723255,2.0870309017618958,3.5042088158723255,3.5042088158723255,global,1
11,1,11,1,0.7996629476547241,0.7996629476547241,0.8308761715888977,0.2857142857142857,0.23529411764705885,0.0,55,0,1.0,0.9447852760736196,1.0,0.9447852760736196,0.4575965355467341,0.0,0.0,0.6007775119617226,0.6007775119617226,0.0,0.0,0.0,0.0,0.2915456853624583,0,False,0.0,0.0,0.0,3.201063254832211,0.0,0.0,3.201063254832211,1.7838853407217816,3.201063254832211,3.201063254832211,global,5
1119,1,1119,1,0.6380745768547058,0.6380745768547058,0.6692191362380981,0.21428571428571427,0.17647058823529413,0.0,55,0,1.0,0.9447852760736196,1.0,0.9447852760736196,0.3431974016600505,0.09803921568627451,0.09803921568627451,0.05014619883040934,0.05014619883040934,0.0,0.0,0.0,0.0,0.3346242472470495,0,False,0.0,0.0,0.0,2.620324839939816,0.0,0.0,2.620324839939816,1.2031469258293865,2.620324839939816,2.620324839939816,global,2
1131,1,1131,1,0.8806017637252808,0.8806017637252808,0.8984734416007996,0.35714285714285715,0.29411764705882354,0.0,55,0,1.0,0.9447852760736196,1.0,0.9447852760736196,0.5719956694334175,0.02857142857142857,0.02857142857142857,0.8616028708133974,0.8616028708133974,0.0,0.0,0.0,0.0,0.2616059705392383,0,False,0.0,0.0,0.0,3.576320702919629,0.0,0.0,3.576320702919629,2.1591427888091994,3.576320702919629,3.576320702919629,global,0
1137,1,1137,1,0.9061696529388428,0.9061696529388428,0.9419451355934143,0.5714285714285714,0.5294117647058824,0.0,55,0,1.0,0.9447852760736196,1.0,0.9447852760736196,1.0295922049801516,0.04477611940298507,0.04477611940298507,1.0,1.0,0.0,0.0,0.0,0.0,0.5011517114149354,0,True,0.16666666666666666,0.16666666666666666,0.16666666666666666,4.92271125072632,0.0,0.0,4.42271125072632,3.0055333366158905,4.42271125072632,4.42271125072632,global,6
1138,1,1138,1,0.8983847498893738,0.8983847498893738,0.9187799096107483,0.2857142857142857,0.29411764705882354,0.0,55,0,1.0,0.9447852760736196,1.0,0.9447852760736196,0.5719956694334175,0.03508771929824561,0.03508771929824561,0.8616028708133974,0.8616028708133974,0.0,0.0,0.0,0.0,0.3711601028614088,0,True,0.16666666666666666,0.16666666666666666,0.16666666666666666,4.051984760118982,0.0,0.0,3.551984760118982,2.1348068460085527,3.551984760118982,3.551984760118982,global,0
1155,0,1155,0,0.7472562789916992,0.7472562789916992,0.747073233127594,0.21428571428571427,0.35294117647058826,0.0,16,0,1.0,0.24430563301728944,1.0,0.24430563301728944,0.4391666940061022,0.42857142857142855,0.42857142857142855,0.24006159014557663,0.24006159014557663,0.0,0.0,0.0,1.0,0.19868848552117618,0,True,0.5,0.5,0.5,3.5640688806753253,0.0,0.0,2.0640688806753253,1.6976104311493914,2.0640688806753253,2.0640688806753253,global,3
1159,1,1159,1,0.8593619465827942,0.8593619465827942,0.8558940887451172,0.7857142857142857,0.823529411764706,0.0,55,0,1.0,0.9447852760736196,1.0,0.9447852760736196,1.6015878744135692,0.9193548387096774,0.9193548387096774,0.8505039193729003,0.8505039193729003,0.0,0.0,0.0,0.0,0.516393256805972,0,True,0.5,0.5,0.5,6.617610517348604,0.0,0.0,5.117610517348604,3.7004326032381747,5.117610517348604,5.117610517348604,global,7
1175,1,1175,1,0.8790989518165588,0.8790989518165588,0.8948274850845337,0.35714285714285715,0.29411764705882354,0.0,55,0,1.0,0.9447852760736196,1.0,0.9447852760736196,0.5719956694334175,0.15942028985507245,0.15942028985507245,0.8616028708133974,0.8616028708133974,0.0,0.0,0.0,0.0,0.459886038617367,0,False,0.0,0.0,0.0,3.6346024738160896,0.0,0.0,3.6346024738160896,2.21742455970566,3.6346024738160896,3.6346024738160896,global,0
1190,1,1190,1,0.6285509467124939,0.6285509467124939,0.6559642553329468,0.42857142857142855,0.35294117647058826,0.0,55,0,1.0,0.9447852760736196,1.0,0.9447852760736196,0.686394803320101,0.08108108108108109,0.08108108108108109,0.05014619883040934,0.05014619883040934,0.0,0.0,0.0,0.0,0.29322128405196723,0,False,0.0,0.0,0.0,3.167511937623824,0.0,0.0,3.167511937623824,1.7503340235133948,3.167511937623824,3.167511937623824,global,2
1197,1,1197,1,0.8512557148933411,0.8512557148933411,0.8862627148628235,0.5714285714285714,0.5294117647058824,0.0,55,0,1.0,0.9447852760736196,1.0,0.9447852760736196,1.0295922049801516,0.0,0.0,1.0,1.0,0.0,0.0,0.0,0.0,0.24873410497937923,0,True,0.16666666666666666,0.16666666666666666,0.16666666666666666,4.803054818359253,0.0,0.0,4.303054818359253,2.885876904248823,4.303054818359253,4.303054818359253,global,6
1198,0,1198,0,0.650211751461029,0.650211751461029,0.645009458065033,0.35714285714285715,0.5294117647058824,0.0,16,0,1.0,0.24430563301728944,1.0,0.24430563301728944,0.6587500410091532,0.5128205128205128,0.5128205128205128,0.0,0.0,0.0,0.0,0.0,1.0,0.29469465495322,0,True,0.6666666666666666,0.6666666666666666,0.6666666666666666,4.391002633735345,0.0,0.0,2.391002633735345,2.024544184209411,2.391002633735345,2.391002633735345,global,8
12,1,12,1,0.8557833433151245,0.8557833433151245,0.8909764289855957,0.35714285714285715,0.29411764705882354,0.0,55,0,1.0,0.9447852760736196,1.0,0.9447852760736196,0.5719956694334175,0.8444444444444444,0.8444444444444444,0.9268092105263157,0.9268092105263157,0.0,0.0,0.0,0.0,0.3236775806602603,0,False,0.0,0.0,0.0,3.60769061948427,0.0,0.0,3.60769061948427,2.1905127053738402,3.60769061948427,3.60769061948427,global,4
1209,0,1209,0,0.7256219983100891,0.7256219983100891,0.7415853142738342,0.14285714285714285,0.23529411764705885,0.0,16,0,1.0,0.24430563301728944,1.0,0.24430563301728944,0.2927777960040681,0.4666666666666667,0.4666666666666667,0.8616028708133974,0.8616028708133974,0.0,0.0,0.0,1.0,0.10505235165593792,0,True,0.3333333333333333,0.3333333333333333,0.3333333333333333,3.022718567228746,0.0,0.0,2.022718567228746,1.656260117702812,2.022718567228746,2.022718567228746,global,0
1215,0,1215,0,0.6226531863212585,0.6226531863212585,0.6428649425506592,0.07142857142857142,0.11764705882352942,0.0,16,0,1.0,0.24430563301728944,1.0,0.24430563301728944,0.14638889800203406,0.8,0.8,0.24006159014557663,0.24006159014557663,0.0,0.0,0.0,1.0,0.030146754299305287,0,True,0.16666666666666666,0.16666666666666666,0.16666666666666666,1.8003785090211513,0.0,0.0,1.3003785090211513,0.9339200594952172,1.3003785090211513,1.3003785090211513,global,3
1216,1,1216,1,0.8447421193122864,0.8447421193122864,0.8838188648223877,0.35714285714285715,0.35294117647058826,0.0,55,0,1.0,0.9447852760736196,1.0,0.9447852760736196,0.686394803320101,0.06557377049180328,0.06557377049180328,0.6007775119617226,0.6007775119617226,0.0,0.0,0.0,0.0,0.4141485234057625,0,True,0.16666666666666666,0.16666666666666666,0.16666666666666666,4.080630132646882,0.0,0.0,3.580630132646882,2.163452218536453,3.580630132646882,3.580630132646882,global,5
1228,0,1228,0,0.6677767038345337,0.6677767038345337,0.6957711577415466,0.42857142857142855,0.6470588235294118,0.0,16,0,1.0,0.24430563301728944,1.0,0.24430563301728944,0.8051389390111874,0.3076923076923077,0.3076923076923077,0.05014619883040934,0.05014619883040934,0.0,0.0,0.0,1.0,0.304727447528659,0,True,0.8333333333333333,0.8333333333333333,0.8333333333333333,5.239860221897616,0.0,0.0,2.739860221897616,2.373401772371682,2.739860221897616,2.739860221897616,global,2
1234,1,1234,1,0.8946748971939087,0.8946748971939087,0.9090577363967896,0.42857142857142855,0.411764705882353,0.0,55,0,1.0,0.9447852760736196,1.0,0.9447852760736196,0.8007939372067846,0.0,0.0,0.8616028708133974,0.8616028708133974,0.0,0.0,0.0,0.0,0.30084135455684374,0,True,0.16666666666666666,0.16666666666666666,0.16666666666666666,4.4060725139754435,0.0,0.0,3.9060725139754435,2.488894599865014,3.9060725139754435,3.9060725139754435,global,0
1235,1,1235,1,0.8446730971336365,0.8446730971336365,0.8731268644332886,0.14285714285714285,0.17647058823529413,0.0,55,0,1.0,0.9447852760736196,1.0,0.9447852760736196,0.3431974016600505,0.9135802469135802,0.9135802469135802,0.8505039193729003,0.8505039193729003,0.0,0.0,0.0,0.0,0.48385245440642255,0,True,0.16666666666666666,0.16666666666666666,0.16666666666666666,3.659122407153447,0.0,0.0,3.159122407153447,1.7419444930430172,3.159122407153447,3.159122407153447,global,7
1237,1,1237,1,0.9490416049957275,0.9490416049957275,0.9494307637214661,0.8571428571428571,0.7058823529411765,0.0,55,0,1.0,0.9447852760736196,1.0,0.9447852760736196,1.372789606640202,0.0759493670886076,0.0759493670886076,0.8616028708133974,0.8616028708133974,0.0,0.0,0.0,0.0,0.6246144479303022,0,False,0.0,0.0,0.0,5.063504530918011,0.0,0.0,5.063504530918011,3.6463266168075816,5.063504530918011,5.063504530918011,global,0
1240,1,1240,1,0.6303761601448059,0.6303761601448059,0.6658077836036682,0.14285714285714285,0.11764705882352942,0.0,55,0,1.0,0.9447852760736196,1.0,0.9447852760736196,0.22879826777336704,0.23529411764705882,0.23529411764705882,0.0,0.0,0.0,0.0,0.0,0.0,0.11791465434282936,0,False,0.0,0.0,0.0,2.3350044990333245,0.0,0.0,2.3350044990333245,0.9178265849228953,2.3350044990333245,2.3350044990333245,global,9
1245,1,1245,1,0.832658052444458,0.832658052444458,0.8654459714889526,0.35714285714285715,0.29411764705882354,0.0,55,0,1.0,0.9447852760736196,1.0,0.9447852760736196,0.5719956694334175,0.09375,0.09375,0.6007775119617226,0.6007775119617226,0.0,0.0,0.0,0.0,0.24681247172266524,0,False,0.0,0.0,0.0,3.403115004824161,0.0,0.0,3.403115004824161,1.9859370907137315,3.403115004824161,3.403115004824161,global,5
1261,1,1261,1,0.706951379776001,0.706951379776001,0.7407505512237549,0.0,0.0,0.0,55,0,1.0,0.9447852760736196,1.0,0.9447852760736196,0.0,0.9285714285714286,0.9285714285714286,0.8505039193729003,0.8505039193729003,0.0,0.0,0.0,0.0,0.06614810158271936,0,False,0.0,0.0,0.0,2.427835408092496,0.0,0.0,2.427835408092496,1.0106574939820667,2.427835408092496,2.427835408092496,global,7
1264,1,1264,1,0.8024556636810303,0.8024556636810303,0.8420511484146118,0.42857142857142855,0.411764705882353,0.0,55,0,1.0,0.9447852760736196,1.0,0.9447852760736196,0.8007939372067846,0.0,0.0,0.6007775119617226,0.6007775119617226,0.0,0.0,0.0,0.0,0.22311476410256542,0,True,0.16666666666666666,0.16666666666666666,0.16666666666666666,4.178566470603019,0.0,0.0,3.678566470603019,2.2613885564925895,3.678566470603019,3.678566470603019,global,5
1267,1,1267,1,0.8771040439605713,0.8771040439605713,0.8970498442649841,0.2857142857142857,0.23529411764705885,0.0,55,0,1.0,0.9447852760736196,1.0,0.9447852760736196,0.4575965355467341,0.08450704225352113,0.08450704225352113,0.8616028708133974,0.8616028708133974,0.0,0.0,0.0,0.0,0.4547065837546869,0,False,0.0,0.0,0.0,3.4423770808203944,0.0,0.0,3.4423770808203944,2.025199166709965,3.4423770808203944,3.4423770808203944,global,0
1291,1,1291,1,0.9467809200286865,0.9467809200286865,0.9768872857093811,0.35714285714285715,0.35294117647058826,0.0,55,0,1.0,0.9447852760736196,1.0,0.9447852760736196,0.686394803320101,0.9375,0.9375,0.9268092105263157,0.9268092105263157,0.0,0.0,0.0,0.0,0.5198832652917795,0,True,0.16666666666666666,0.16666666666666666,0.16666666666666666,4.356997445068104,0.0,0.0,3.856997445068104,2.4398195309576747,3.856997445068104,3.856997445068104,global,4
13,1,13,1,0.6664639115333557,0.6664639115333557,0.7024163007736206,0.2857142857142857,0.29411764705882354,0.0,55,0,1.0,0.9447852760736196,1.0,0.9447852760736196,0.5719956694334175,0.8148148148148148,0.8148148148148148,0.49644736842105247,0.49644736842105247,0.0,0.0,0.0,0.0,0.20824471843220044,0,True,0.16666666666666666,0.16666666666666666,0.16666666666666666,3.634995722909234,0.0,0.0,3.134995722909234,1.717817808798804,3.134995722909234,3.134995722909234,global,1
1315,1,1315,1,0.8639235496520996,0.8639235496520996,0.8843390345573425,0.42857142857142855,0.4705882352941177,0.0,55,0,1.0,0.9447852760736196,1.0,0.9447852760736196,0.9151930710934681,0.16379310344827586,0.16379310344827586,0.6007775119617226,0.6007775119617226,0.0,0.0,0.0,0.0,0.7591036440294201,0,True,0.3333333333333333,0.3333333333333333,0.3333333333333333,5.00618450218146,0.0,0.0,4.00618450218146,2.589006588071031,4.00618450218146,4.00618450218146,global,5
1318,1,1318,1,0.9096181392669678,0.9096181392669678,0.922833263874054,0.42857142857142855,0.4705882352941177,0.0,55,0,1.0,0.9447852760736196,1.0,0.9447852760736196,0.9151930710934681,0.06451612903225806,0.06451612903225806,0.8616028708133974,0.8616028708133974,0.0,0.0,0.0,0.0,0.4352883477947249,0,True,0.3333333333333333,0.3333333333333333,0.3333333333333333,5.076008264428784,0.0,0.0,4.076008264428784,2.658830350318354,4.076008264428784,4.076008264428784,global,0
1324,1,1324,1,0.9345830082893372,0.9345830082893372,0.9410870671272278,0.6428571428571429,0.5882352941176471,0.0,55,0,1.0,0.9447852760736196,1.0,0.9447852760736196,1.143991338866835,0.05263157894736842,0.05263157894736842,0.8616028708133974,0.8616028708133974,0.0,0.0,0.0,0.0,0.674752305634585,0,True,0.16666666666666666,0.16666666666666666,0.16666666666666666,5.117399178931411,0.0,0.0,4.617399178931411,3.2002212648209816,4.617399178931411,4.617399178931411,global,0
1326,0,1326,0,0.7004737257957458,0.7004737257957458,0.7442104816436768,0.42857142857142855,0.5294117647058824,0.0,16,0,1.0,0.24430563301728944,1.0,0.24430563301728944,0.6587500410091532,0.5185185185185185,0.5185185185185185,0.0,0.0,0.0,0.0,0.0,1.0,0.24058317922385736,0,True,0.5,0.5,0.5,3.9864073419128814,0.0,0.0,2.4864073419128814,2.1199488923869474,2.4864073419128814,2.4864073419128814,global,9
1335,1,1335,1,0.9695245027542114,0.9695245027542114,0.9799766540527344,0.6428571428571429,0.5882352941176471,0.0,55,0,1.0,0.9447852760736196,1.0,0.9447852760736196,1.143991338866835,0.10596026490066225,0.10596026490066225,0.8616028708133974,0.8616028708133974,0.0,0.0,0.0,0.0,1.0,0,True,0.16666666666666666,0.16666666666666666,0.16666666666666666,5.242926682812935,0.0,0.0,4.742926682812935,3.325748768702505,4.742926682812935,4.742926682812935,global,0
1336,1,1336,1,0.778218150138855,0.778218150138855,0.8150467872619629,0.42857142857142855,0.411764705882353,0.0,55,0,1.0,0.9447852760736196,1.0,0.9447852760736196,0.8007939372067846,0.0625,0.0625,0.6007775119617226,0.6007775119617226,0.0,0.0,0.0,0.0,0.17207827753360552,0,True,0.16666666666666666,0.16666666666666666,0.16666666666666666,4.143865513798591,0.0,0.0,3.643865513798591,2.2266875996881614,3.643865513798591,3.643865513798591,global,5
134,1,134,1,0.5773226618766785,0.5773226618766785,0.5808214545249939,0.21428571428571427,0.17647058823529413,0.0,55,0,1.0,0.9447852760736196,1.0,0.9447852760736196,0.3431974016600505,0.8695652173913043,0.8695652173913043,0.0,0.0,0.0,0.0,0.0,0.0,0.16855449864915015,0,False,0.0,0.0,0.0,2.49682928396282,0.0,0.0,2.49682928396282,1.0796513698523904,2.49682928396282,2.49682928396282,global,8
1348,1,1348,1,0.7913436889648438,0.7913436889648438,0.835308849811554,0.2857142857142857,0.23529411764705885,0.0,55,0,1.0,0.9447852760736196,1.0,0.9447852760736196,0.4575965355467341,0.92,0.92,0.49644736842105247,0.49644736842105247,0.0,0.0,0.0,0.0,0.19033800199375947,0,False,0.0,0.0,0.0,3.1118804710993624,0.0,0.0,3.1118804710993624,1.6947025569889327,3.1118804710993624,3.1118804710993624,global,1
135,1,135,1,0.7220394015312195,0.7220394015312195,0.7271357178688049,0.07142857142857142,0.05882352941176471,0.0,55,0,1.0,0.9447852760736196,1.0,0.9447852760736196,0.11439913388668352,0.0,0.0,0.24006159014557663,0.24006159014557663,0.0,0.0,0.0,0.0,0.07089486764191244,0,False,0.0,0.0,0.0,2.325184320952868,0.0,0.0,2.325184320952868,0.9080064068424385,2.325184320952868,2.325184320952868,global,3
1424,1,1424,1,0.8471724987030029,0.8471724987030029,0.8942551016807556,0.21428571428571427,0.17647058823529413,0.0,55,0,1.0,0.9447852760736196,1.0,0.9447852760736196,0.3431974016600505,0.8714285714285714,0.8714285714285714,0.49644736842105247,0.49644736842105247,0.0,0.0,0.0,0.0,0.4350770295206251,0,False,0.0,0.0,0.0,3.0408895968958483,0.0,0.0,3.0408895968958483,1.6237116827854188,3.0408895968958483,3.0408895968958483,global,1
1448,1,1448,1,0.9284325242042542,0.9284325242042542,0.9503803849220276,0.35714285714285715,0.29411764705882354,0.0,55,0,1.0,0.9447852760736196,1.0,0.9447852760736196,0.5719956694334175,0.9158878504672897,0.9158878504672897,0.9268092105263157,0.9268092105263157,0.0,0.0,0.0,0.0,0.6873070720195112,0,False,0.0,0.0,0.0,3.7748988116033484,0.0,0.0,3.7748988116033484,2.357720897492919,3.7748988116033484,3.7748988116033484,global,4
1477,0,1477,0,0.7970391511917114,0.7970391511917114,0.8015587329864502,0.2857142857142857,0.411764705882353,0.0,16,0,1.0,0.24430563301728944,1.0,0.24430563301728944,0.5123611430071192,0.5,0.5,0.9268092105263157,0.9268092105263157,0.0,0.0,0.0,1.0,0.17930220736012698,0,True,0.5,0.5,0.5,4.130528735429491,0.0,0.0,2.6305287354294906,2.2640702859035566,2.6305287354294906,2.6305287354294906,global,4
1494,0,1494,0,0.8259941339492798,0.8259941339492798,0.8613073825836182,0.35714285714285715,0.411764705882353,0.0,16,0,1.0,0.24430563301728944,1.0,0.24430563301728944,0.5123611430071192,0.7611940298507462,0.7611940298507462,0.49644736842105247,0.49644736842105247,0.0,0.0,0.0,1.0,0.4553554462965241,0,True,0.3333333333333333,0.3333333333333333,0.3333333333333333,3.592756343692405,0.0,0.0,2.592756343692405,2.226297894166471,2.592756343692405,2.592756343692405,global,1
1499,1,1499,1,0.8132694959640503,0.8132694959640503,0.8442824482917786,0.42857142857142855,0.35294117647058826,0.0,55,0,1.0,0.9447852760736196,1.0,0.9447852760736196,0.686394803320101,0.05128205128205128,0.05128205128205128,0.6007775119617226,0.6007775119617226,0.0,0.0,0.0,0.0,0.3073233219986612,0,False,0.0,0.0,0.0,3.5948330449747345,0.0,0.0,3.5948330449747345,2.177655130864305,3.5948330449747345,3.5948330449747345,global,5
1506,0,1506,0,0.7324639558792114,0.7324639558792114,0.7376997470855713,0.35714285714285715,0.5294117647058824,0.0,16,0,1.0,0.24430563301728944,1.0,0.24430563301728944,0.6587500410091532,0.5555555555555556,0.5555555555555556,0.9268092105263157,0.9268092105263157,0.0,0.0,0.0,1.0,0.11602297001520041,0,True,0.6666666666666666,0.6666666666666666,0.6666666666666666,4.866607497051643,0.0,0.0,2.866607497051643,2.500149047525709,2.866607497051643,2.866607497051643,global,4
1512,1,1512,1,0.710675060749054,0.710675060749054,0.7558621168136597,0.07142857142857142,0.05882352941176471,0.0,55,0,1.0,0.9447852760736196,1.0,0.9447852760736196,0.11439913388668352,0.0,0.0,0.0,0.0,0.0,0.0,0.0,0.0,0.05199203444510573,0,False,0.0,0.0,0.0,2.190391203295305,0.0,0.0,2.190391203295305,0.7732132891848758,2.190391203295305,2.190391203295305,global,9
1520,1,1520,1,0.49691081047058105,0.49691081047058105,0.49389150738716125,0.14285714285714285,0.11764705882352942,0.0,55,0,1.0,0.9447852760736196,1.0,0.9447852760736196,0.22879826777336704,0.76,0.76,0.0,0.0,0.0,0.0,0.0,0.0,0.16901338672888092,0,False,0.0,0.0,0.0,2.24356183900976,0.0,0.0,2.24356183900976,0.8263839248993308,2.24356183900976,2.24356183900976,global,8
1528,1,1528,1,0.8220189213752747,0.8220189213752747,0.890256404876709,0.2857142857142857,0.23529411764705885,0.0,55,0,1.0,0.9447852760736196,1.0,0.9447852760736196,0.4575965355467341,0.9583333333333334,0.9583333333333334,0.49644736842105247,0.49644736842105247,0.0,0.0,0.0,0.0,0.18565030361511192,0,False,0.0,0.0,0.0,3.1350143475141126,0.0,0.0,3.1350143475141126,1.717836433403683,3.1350143475141126,3.1350143475141126,global,1
1540,1,1540,1,0.7885206341743469,0.7885206341743469,0.8597102761268616,0.14285714285714285,0.11764705882352942,0.0,55,0,1.0,0.9447852760736196,1.0,0.9447852760736196,0.22879826777336704,1.0,1.0,0.49644736842105247,0.49644736842105247,0.0,0.0,0.0,0.0,0.13739811004982522,0,False,0.0,0.0,0.0,2.7155887991795824,0.0,0.0,2.7155887991795824,1.2984108850691531,2.7155887991795824,2.7155887991795824,global,1
1550,0,1550,0,0.8179642558097839,0.8179642558097839,0.8293574452400208,0.2857142857142857,0.411764705882353,0.0,16,0,1.0,0.24430563301728944,1.0,0.24430563301728944,0.5123611430071192,0.35714285714285715,0.35714285714285715,0.8616028708133974,0.8616028708133974,0.0,0.0,0.0,1.0,0.21101689569913273,0,True,0.5,0.5,0.5,4.124180055769191,0.0,0.0,2.6241800557691914,2.2577216062432575,2.6241800557691914,2.6241800557691914,global,0
1561,1,1561,1,0.74797523021698,0.74797523021698,0.721918523311615,0.21428571428571427,0.17647058823529413,0.0,55,0,1.0,0.9447852760736196,1.0,0.9447852760736196,0.3431974016600505,1.0,1.0,0.9268092105263157,0.9268092105263157,0.0,0.0,0.0,0.0,0.0485790038128799,0,False,0.0,0.0,0.0,3.060763295447338,0.0,0.0,3.060763295447338,1.6435853813369083,3.060763295447338,3.060763295447338,global,4
1587,1,1587,1,0.7216216325759888,0.7216216325759888,0.7747647166252136,0.42857142857142855,0.35294117647058826,0.0,55,0,1.0,0.9447852760736196,1.0,0.9447852760736196,0.686394803320101,0.08333333333333333,0.08333333333333333,0.0,0.0,0.0,0.0,0.0,0.0,0.21729722391362463,0,False,0.0,0.0,0.0,3.194118168857913,0.0,0.0,3.194118168857913,1.7769402547474835,3.194118168857913,3.194118168857913,global,9
1593,1,1593,1,0.9526126980781555,0.9526126980781555,0.9718101620674133,0.42857142857142855,0.4705882352941177,0.0,55,0,1.0,0.9447852760736196,1.0,0.9447852760736196,0.9151930710934681,0.9393939393939394,0.9393939393939394,0.9268092105263157,0.9268092105263157,0.0,0.0,0.0,0.0,0.46114554768985755,0,True,0.3333333333333333,0.3333333333333333,0.3333333333333333,5.150764241302733,0.0,0.0,4.150764241302733,2.7335863271923038,4.150764241302733,4.150764241302733,global,4
1595,0,1595,0,0.8143808841705322,0.8143808841705322,0.847123384475708,0.21428571428571427,0.23529411764705885,0.0,16,0,1.0,0.24430563301728944,1.0,0.24430563301728944,0.2927777960040681,0.6610169491525424,0.6610169491525424,0.49644736842105247,0.49644736842105247,0.0,0.0,0.0,1.0,0.37668613620371383,0,True,0.16666666666666666,0.16666666666666666,0.16666666666666666,2.5640666315138323,0.0,0.0,2.0640666315138323,1.6976081819878983,2.0640666315138323,2.0640666315138323,global,1
16,0,16,0,0.5756790041923523,0.5756790041923523,0.5666141510009766,0.14285714285714285,0.17647058823529413,0.0,16,0,1.0,0.24430563301728944,1.0,0.24430563301728944,0.2195833470030511,0.7352941176470589,0.7352941176470589,0.0,0.0,0.0,0.0,0.0,1.0,0.2304625565919428,0,True,0.16666666666666666,0.16666666666666666,0.16666666666666666,1.8919387391851301,0.0,0.0,1.3919387391851301,1.025480289659196,1.3919387391851301,1.3919387391851301,global,8
1616,1,1616,1,0.5943364500999451,0.5943364500999451,0.6205956339836121,0.35714285714285715,0.35294117647058826,0.0,55,0,1.0,0.9447852760736196,1.0,0.9447852760736196,0.686394803320101,0.075,0.075,0.05014619883040934,0.05014619883040934,0.0,0.0,0.0,0.0,0.29977260793336385,0,True,0.16666666666666666,0.16666666666666666,0.16666666666666666,3.570677166069633,0.0,0.0,3.070677166069633,1.6534992519592036,3.070677166069633,3.070677166069633,global,2
1625,1,1625,1,0.8193721175193787,0.8193721175193787,0.8546392917633057,0.5714285714285714,0.5294117647058824,0.0,55,0,1.0,0.9447852760736196,1.0,0.9447852760736196,1.0295922049801516,0.11764705882352941,0.11764705882352941,0.0,0.0,0.0,0.0,0.0,0.0,0.7063552395267862,0,True,0.16666666666666666,0.16666666666666666,0.16666666666666666,4.414834280824304,0.0,0.0,3.914834280824304,2.497656366713875,3.914834280824304,3.914834280824304,global,9
1628,1,1628,1,0.9139048457145691,0.9139048457145691,0.9381235241889954,0.5,0.4705882352941177,0.0,55,0,1.0,0.9447852760736196,1.0,0.9447852760736196,0.9151930710934681,0.826530612244898,0.826530612244898,0.49644736842105247,0.49644736842105247,0.0,0.0,0.0,0.0,0.659398548351962,0,True,0.16666666666666666,0.16666666666666666,0.16666666666666666,4.535521509986435,0.0,0.0,4.035521509986435,2.6183435958760057,4.035521509986435,4.035521509986435,global,1
1650,0,1650,0,0.7570347785949707,0.7570347785949707,0.8171840310096741,0.14285714285714285,0.23529411764705885,0.0,16,0,1.0,0.24430563301728944,1.0,0.24430563301728944,0.2927777960040681,0.45,0.45,1.0,1.0,0.0,0.0,0.0,1.0,0.13417914270288994,0,True,0.3333333333333333,0.3333333333333333,0.3333333333333333,3.1257853933640383,0.0,0.0,2.1257853933640383,1.759326943838104,2.1257853933640383,2.1257853933640383,global,6
1674,0,1674,0,0.6346884965896606,0.6346884965896606,0.615915060043335,0.14285714285714285,0.23529411764705885,0.0,16,0,1.0,0.24430563301728944,1.0,0.24430563301728944,0.2927777960040681,0.6060606060606061,0.6060606060606061,0.0,0.0,0.0,0.0,0.0,1.0,0.21366882125367484,0,True,0.3333333333333333,0.3333333333333333,0.3333333333333333,2.5517552713250256,0.0,0.0,1.5517552713250258,1.1852968217990916,1.5517552713250258,1.5517552713250258,global,8
1682,1,1682,1,0.8151918053627014,0.8151918053627014,0.792402982711792,0.2857142857142857,0.23529411764705885,0.0,55,0,1.0,0.9447852760736196,1.0,0.9447852760736196,0.4575965355467341,1.0,1.0,0.9268092105263157,0.9268092105263157,0.0,0.0,0.0,0.0,0.08776319372947786,0,False,0.0,0.0,0.0,3.315367442790995,0.0,0.0,3.315367442790995,1.898189528680566,3.315367442790995,3.315367442790995,global,4
1691,1,1691,1,0.7236617803573608,0.7236617803573608,0.753423810005188,0.5,0.411764705882353,0.0,55,0,1.0,0.9447852760736196,1.0,0.9447852760736196,0.8007939372067846,0.11764705882352941,0.11764705882352941,0.0,0.0,0.0,0.0,0.0,0.0,0.2918184836745776,0,False,0.0,0.0,0.0,3.4071822952633974,0.0,0.0,3.4071822952633974,1.990004381152968,3.4071822952633974,3.4071822952633974,global,9
1714,1,1714,1,0.5658800005912781,0.5658800005912781,0.6006866097450256,0.21428571428571427,0.17647058823529413,0.0,55,0,1.0,0.9447852760736196,1.0,0.9447852760736196,0.3431974016600505,0.07407407407407407,0.07407407407407407,0.05014619883040934,0.05014619883040934,0.0,0.0,0.0,0.0,0.19010058645775105,0,False,0.0,0.0,0.0,2.5192120806922844,0.0,0.0,2.5192120806922844,1.102034166581855,2.5192120806922844,2.5192120806922844,global,2
1718,1,1718,1,0.6105837821960449,0.6105837821960449,0.6451916098594666,0.21428571428571427,0.23529411764705885,0.0,55,0,1.0,0.9447852760736196,1.0,0.9447852760736196,0.4575965355467341,0.13636363636363635,0.13636363636363635,0.05014619883040934,0.05014619883040934,0.0,0.0,0.0,0.0,0.2890932774884616,0,True,0.16666666666666666,0.16666666666666666,0.16666666666666666,3.2023199721088407,0.0,0.0,2.7023199721088407,1.285142057998411,2.7023199721088407,2.7023199721088407,global,2
1729,1,1729,1,0.8306402564048767,0.8306402564048767,0.8872920274734497,0.35714285714285715,0.29411764705882354,0.0,55,0,1.0,0.9447852760736196,1.0,0.9447852760736196,0.5719956694334175,0.875,0.875,0.49644736842105247,0.49644736842105247,0.0,0.0,0.0,0.0,0.33758443531677196,0,False,0.0,0.0,0.0,3.3765672853003927,0.0,0.0,3.3765672853003927,1.9593893711899635,3.3765672853003927,3.3765672853003927,global,1
1771,1,1771,1,0.7132314443588257,0.7132314443588257,0.7252458333969116,0.14285714285714285,0.17647058823529413,0.0,55,0,1.0,0.9447852760736196,1.0,0.9447852760736196,0.3431974016600505,0.9428571428571428,0.9428571428571428,0.8505039193729003,0.8505039193729003,0.0,0.0,0.0,0.0,0.22615395335832703,0,True,0.16666666666666666,0.16666666666666666,0.16666666666666666,3.4766595346191695,0.0,0.0,2.9766595346191695,1.55948162050874,2.9766595346191695,2.9766595346191695,global,7
1792,1,1792,1,0.8883124589920044,0.8883124589920044,0.8996082544326782,0.5,0.411764705882353,0.0,55,0,1.0,0.9447852760736196,1.0,0.9447852760736196,0.8007939372067846,0.018518518518518517,0.018518518518518517,0.8616028708133974,0.8616028708133974,0.0,0.0,0.0,0.0,0.40639644562363253,0,False,0.0,0.0,0.0,4.004077662162527,0.0,0.0,4.004077662162527,2.586899748052098,4.004077662162527,4.004077662162527,global,0
1795,1,1795,1,0.7384554743766785,0.7384554743766785,0.742467999458313,0.14285714285714285,0.17647058823529413,0.0,55,0,1.0,0.9447852760736196,1.0,0.9447852760736196,0.3431974016600505,0.06666666666666667,0.06666666666666667,0.24006159014557663,0.24006159014557663,0.0,0.0,0.0,0.0,0.10258768522019435,0,True,0.16666666666666666,0.16666666666666666,0.16666666666666666,3.15454771357835,0.0,0.0,2.65454771357835,1.2373697994679207,2.65454771357835,2.65454771357835,global,3
180,1,180,1,0.7278510928153992,0.7278510928153992,0.7764051556587219,0.42857142857142855,0.35294117647058826,0.0,55,0,1.0,0.9447852760736196,1.0,0.9447852760736196,0.686394803320101,0.10204081632653061,0.10204081632653061,0.0,0.0,0.0,0.0,0.0,0.0,0.3613949216500275,0,False,0.0,0.0,0.0,3.242331046370362,0.0,0.0,3.242331046370362,1.8251531322599326,3.242331046370362,3.242331046370362,global,9
1809,1,1809,1,0.9079418182373047,0.9079418182373047,0.9435080885887146,0.7857142857142857,0.6470588235294118,0.0,55,0,1.0,0.9447852760736196,1.0,0.9447852760736196,1.2583904727535187,0.027777777777777776,0.027777777777777776,1.0,1.0,0.0,0.0,0.0,0.0,0.3631449431198287,0,False,0.0,0.0,0.0,4.832306784409331,0.0,0.0,4.832306784409331,3.415128870298902,4.832306784409331,4.832306784409331,global,6
1822,0,1822,0,0.753068745136261,0.753068745136261,0.7621168494224548,0.2857142857142857,0.4705882352941177,0.0,16,0,1.0,0.24430563301728944,1.0,0.24430563301728944,0.5855555920081362,0.5294117647058824,0.5294117647058824,0.8616028708133974,0.8616028708133974,0.0,0.0,0.0,1.0,0.14836335985575336,0,True,0.6666666666666666,0.6666666666666666,0.6666666666666666,4.6711146453008885,0.0,0.0,2.6711146453008885,2.3046561957749545,2.6711146453008885,2.6711146453008885,global,0
1847,1,1847,1,0.8425424098968506,0.8425424098968506,0.8677738904953003,0.5714285714285714,0.5882352941176471,0.0,55,0,1.0,0.9447852760736196,1.0,0.9447852760736196,1.143991338866835,0.1,0.1,0.6007775119617226,0.6007775119617226,0.0,0.0,0.0,0.0,0.46040186269247263,0,True,0.3333333333333333,0.3333333333333333,0.3333333333333333,5.2776203164803785,0.0,0.0,4.2776203164803785,2.860442402369949,4.2776203164803785,4.2776203164803785,global,5
1849,1,1849,1,0.9580998420715332,0.9580998420715332,0.9748061299324036,0.5714285714285714,0.5294117647058824,0.0,55,0,1.0,0.9447852760736196,1.0,0.9447852760736196,1.0295922049801516,0.9420289855072463,0.9420289855072463,0.9268092105263157,0.9268092105263157,0.0,0.0,0.0,0.0,0.5083999061159584,0,True,0.16666666666666666,0.16666666666666666,0.16666666666666666,4.929834465705937,0.0,0.0,4.429834465705937,3.012656551595508,4.429834465705937,4.429834465705937,global,4
1875,1,1875,1,0.6900925636291504,0.6900925636291504,0.7318021655082703,0.21428571428571427,0.17647058823529413,0.0,55,0,1.0,0.9447852760736196,1.0,0.9447852760736196,0.3431974016600505,0.16129032258064516,0.16129032258064516,0.0,0.0,0.0,0.0,0.0,0.0,0.21502376889511093,0,False,0.0,0.0,0.0,2.6009859864385856,0.0,0.0,2.6009859864385856,1.183808072328156,2.6009859864385856,2.6009859864385856,global,9
1897,1,1897,1,0.8955851197242737,0.8955851197242737,0.8905960917472839,0.7857142857142857,0.7058823529411765,0.0,55,0,1.0,0.9447852760736196,1.0,0.9447852760736196,1.372789606640202,0.1232876712328767,0.1232876712328767,0.24006159014557663,0.24006159014557663,0.0,0.0,0.0,0.0,0.57932152120775,0,True,0.16666666666666666,0.16666666666666666,0.16666666666666666,5.1249522529216005,0.0,0.0,4.6249522529216005,3.2077743388111712,4.6249522529216005,4.6249522529216005,global,3
1901,1,1901,1,0.8453670740127563,0.8453670740127563,0.8823707699775696,0.21428571428571427,0.17647058823529413,0.0,55,0,1.0,0.9447852760736196,1.0,0.9447852760736196,0.3431974016600505,0.058823529411764705,0.058823529411764705,1.0,1.0,0.0,0.0,0.0,0.0,0.22885415163787975,0,False,0.0,0.0,0.0,3.229354709568301,0.0,0.0,3.229354709568301,1.8121767954578716,3.229354709568301,3.229354709568301,global,6
1931,1,1931,1,0.8638593554496765,0.8638593554496765,0.9034290909767151,0.5714285714285714,0.5294117647058824,0.0,55,0,1.0,0.9447852760736196,1.0,0.9447852760736196,1.0295922049801516,0.029411764705882353,0.029411764705882353,1.0,1.0,0.0,0.0,0.0,0.0,0.307216667171125,0,True,0.16666666666666666,0.16666666666666666,0.16666666666666666,4.830682499461845,0.0,0.0,4.330682499461845,2.913504585351415,4.330682499461845,4.330682499461845,global,6
1938,1,1938,1,0.7408655285835266,0.7408655285835266,0.7651842832565308,0.21428571428571427,0.17647058823529413,0.0,55,0,1.0,0.9447852760736196,1.0,0.9447852760736196,0.3431974016600505,1.0,1.0,0.8505039193729003,0.8505039193729003,0.0,0.0,0.0,0.0,0.13104810910927867,0,False,0.0,0.0,0.0,3.041663620152787,0.0,0.0,3.041663620152787,1.6244857060423576,3.041663620152787,3.041663620152787,global,7
1942,1,1942,1,0.8968414664268494,0.8968414664268494,0.9278994202613831,0.2857142857142857,0.29411764705882354,0.0,55,0,1.0,0.9447852760736196,1.0,0.9447852760736196,0.5719956694334175,0.918918918918919,0.918918918918919,0.9268092105263157,0.9268092105263157,0.0,0.0,0.0,0.0,0.25932842902799097,0,True,0.16666666666666666,0.16666666666666666,0.16666666666666666,4.049803801055397,0.0,0.0,3.549803801055397,2.1326258869449672,3.549803801055397,3.549803801055397,global,4
1967,1,1967,1,0.7247913479804993,0.7247913479804993,0.7757061719894409,0.0,0.0,0.0,55,0,1.0,0.9447852760736196,1.0,0.9447852760736196,0.0,0.0,0.0,1.0,1.0,0.0,0.0,0.0,0.0,0.008202012133286172,0,False,0.0,0.0,0.0,2.499471596134815,0.0,0.0,2.499471596134815,1.0822936820243854,2.499471596134815,2.499471596134815,global,6
1971,1,1971,1,0.7485849857330322,0.7485849857330322,0.7687380909919739,0.14285714285714285,0.11764705882352942,0.0,55,0,1.0,0.9447852760736196,1.0,0.9447852760736196,0.22879826777336704,0.7741935483870968,0.7741935483870968,0.9268092105263157,0.9268092105263157,0.0,0.0,0.0,0.0,0.20122904742166442,0,False,0.0,0.0,0.0,2.9179704826907145,0.0,0.0,2.9179704826907145,1.5007925685802848,2.9179704826907145,2.9179704826907145,global,4
1973,1,1973,1,0.7910264134407043,0.7910264134407043,0.8340694308280945,0.07142857142857142,0.05882352941176471,0.0,55,0,1.0,0.9447852760736196,1.0,0.9447852760736196,0.11439913388668352,0.19047619047619047,0.19047619047619047,1.0,1.0,0.0,0.0,0.0,0.0,0.12371216694807272,0,False,0.0,0.0,0.0,2.7761883251995156,0.0,0.0,2.7761883251995156,1.3590104110890862,2.7761883251995156,2.7761883251995156,global,6
1978,0,1978,0,0.6674973964691162,0.6674973964691162,0.6875321269035339,0.07142857142857142,0.11764705882352942,0.0,16,0,1.0,0.24430563301728944,1.0,0.24430563301728944,0.14638889800203406,0.25,0.25,0.8505039193729003,0.8505039193729003,0.0,0.0,0.0,1.0,0.0728544752311833,0,True,0.16666666666666666,0.16666666666666666,0.16666666666666666,2.1542873580326627,0.0,0.0,1.6542873580326627,1.2878289085067285,1.6542873580326627,1.6542873580326627,global,7
1984,1,1984,1,0.3026186227798462,0.3026186227798462,0.28268057107925415,0.07142857142857142,0.05882352941176471,0.0,55,0,1.0,0.9447852760736196,1.0,0.9447852760736196,0.11439913388668352,0.0,0.0,0.0,0.0,0.0,0.0,0.0,0.0,0.014269399032067132,0,False,0.0,0.0,0.0,1.8526292622960274,0.0,0.0,1.8526292622960274,0.43545134818559794,1.8526292622960274,1.8526292622960274,global,8
1985,0,1985,0,0.7708233594894409,0.7708233594894409,0.7974590063095093,0.21428571428571427,0.35294117647058826,0.0,16,0,1.0,0.24430563301728944,1.0,0.24430563301728944,0.4391666940061022,0.8333333333333334,0.8333333333333334,0.49644736842105247,0.49644736842105247,0.0,0.0,0.0,1.0,0.06622004801711479,0,True,0.5,0.5,0.5,3.6713749029600384,0.0,0.0,2.1713749029600384,1.8049164534341042,2.1713749029600384,2.1713749029600384,global,1
1999,1,1999,1,0.8002619743347168,0.8002619743347168,0.8289593458175659,0.21428571428571427,0.17647058823529413,0.0,55,0,1.0,0.9447852760736196,1.0,0.9447852760736196,0.3431974016600505,0.0,0.0,0.8616028708133974,0.8616028708133974,0.0,0.0,0.0,0.0,0.09405298606608313,0,False,0.0,0.0,0.0,3.083631715561029,0.0,0.0,3.083631715561029,1.6664538014505996,3.083631715561029,3.083631715561029,global,0
20,1,20,1,0.6704434156417847,0.6704434156417847,0.6831369996070862,0.6428571428571429,0.5294117647058824,0.0,55,0,1.0,0.9447852760736196,1.0,0.9447852760736196,1.0295922049801516,0.2698412698412698,0.2698412698412698,0.05014619883040934,0.05014619883040934,0.0,0.0,0.0,0.0,0.4996547817484963,0,False,0.0,0.0,0.0,3.830182852832519,0.0,0.0,3.830182852832519,2.4130049387220893,3.830182852832519,3.830182852832519,global,2
2014,0,2014,0,0.6909746527671814,0.6909746527671814,0.5186299085617065,0.21428571428571427,0.35294117647058826,0.0,16,0,1.0,0.24430563301728944,1.0,0.24430563301728944,0.4391666940061022,0.0,0.0,0.0,0.0,0.0,0.0,0.0,1.0,0.03125,0,True,0.5,0.5,0.5,3.34878123896657,0.0,0.0,1.84878123896657,1.482322789440636,1.84878123896657,1.84878123896657,global,10
2016,0,2016,0,0.8112128973007202,0.8112128973007202,0.8331315517425537,0.2857142857142857,0.35294117647058826,0.0,16,0,1.0,0.24430563301728944,1.0,0.24430563301728944,0.4391666940061022,0.10344827586206896,0.10344827586206896,0.8616028708133974,0.8616028708133974,0.0,0.0,0.0,1.0,0.2134654682457519,0,True,0.3333333333333333,0.3333333333333333,0.3333333333333333,3.5018664819023972,0.0,0.0,2.5018664819023972,2.1354080323764633,2.5018664819023972,2.5018664819023972,global,0
205,1,205,1,0.8637266159057617,0.8637266159057617,0.8994506001472473,0.35714285714285715,0.29411764705882354,0.0,55,0,1.0,0.9447852760736196,1.0,0.9447852760736196,0.5719956694334175,0.9101123595505618,0.9101123595505618,0.49644736842105247,0.49644736842105247,0.0,0.0,0.0,0.0,0.5765804215892313,0,False,0.0,0.0,0.0,3.474735168782839,0.0,0.0,3.474735168782839,2.0575572546724095,3.474735168782839,3.474735168782839,global,1
2053,0,2053,0,0.5060392618179321,0.5060392618179321,0.5048508644104004,0.07142857142857142,0.11764705882352942,0.0,16,0,1.0,0.24430563301728944,1.0,0.24430563301728944,0.14638889800203406,0.6818181818181818,0.6818181818181818,0.0,0.0,0.0,0.0,0.0,1.0,0.13349315315375526,0,True,0.16666666666666666,0.16666666666666666,0.16666666666666666,1.6180604940020367,0.0,0.0,1.1180604940020367,0.7516020444761026,1.1180604940020367,1.1180604940020367,global,8
2055,0,2055,0,0.7127033472061157,0.7127033472061157,0.7423020005226135,0.07142857142857142,0.11764705882352942,0.0,16,0,1.0,0.24430563301728944,1.0,0.24430563301728944,0.14638889800203406,0.7142857142857143,0.7142857142857143,0.6007775119617226,0.6007775119617226,0.0,0.0,0.0,1.0,0.12924017410440444,0,True,0.16666666666666666,0.16666666666666666,0.16666666666666666,2.0825046245786396,0.0,0.0,1.5825046245786396,1.2160461750527054,1.5825046245786396,1.5825046245786396,global,5
2073,1,2073,1,0.883582592010498,0.883582592010498,0.9300894737243652,0.42857142857142855,0.35294117647058826,0.0,55,0,1.0,0.9447852760736196,1.0,0.9447852760736196,0.686394803320101,0.0784313725490196,0.0784313725490196,1.0,1.0,0.0,0.0,0.0,0.0,0.37369592511167526,0,False,0.0,0.0,0.0,3.870606546764936,0.0,0.0,3.870606546764936,2.4534286326545063,3.870606546764936,3.870606546764936,global,6
2089,1,2089,1,0.9119532108306885,0.9119532108306885,0.9338256120681763,0.5,0.411764705882353,0.0,55,0,1.0,0.9447852760736196,1.0,0.9447852760736196,0.8007939372067846,0.9230769230769231,0.9230769230769231,0.9268092105263157,0.9268092105263157,0.0,0.0,0.0,0.0,0.319078941805816,0,False,0.0,0.0,0.0,4.029398182344589,0.0,0.0,4.029398182344589,2.6122202682341595,4.029398182344589,4.029398182344589,global,4
2113,1,2113,1,0.8477107882499695,0.8477107882499695,0.8797546625137329,0.42857142857142855,0.35294117647058826,0.0,55,0,1.0,0.9447852760736196,1.0,0.9447852760736196,0.686394803320101,0.15254237288135594,0.15254237288135594,0.6007775119617226,0.6007775119617226,0.0,0.0,0.0,0.0,0.4212167215492945,0,False,0.0,0.0,0.0,3.6565540986686598,0.0,0.0,3.6565540986686598,2.2393761845582305,3.6565540986686598,3.6565540986686598,global,5
2121,0,2121,0,0.8252937197685242,0.8252937197685242,0.840117871761322,0.5,0.7647058823529412,0.0,16,0,1.0,0.24430563301728944,1.0,0.24430563301728944,0.9515278370132214,0.39285714285714285,0.39285714285714285,0.9268092105263157,0.9268092105263157,0.0,0.0,0.0,1.0,0.26118550876184154,0,True,1.0,1.0,1.0,6.5978654479383465,0.0,0.0,3.597865447938346,3.231406998412412,3.597865447938346,3.597865447938346,global,4
2164,1,2164,1,0.8467555642127991,0.8467555642127991,0.8910260796546936,0.14285714285714285,0.11764705882352942,0.0,55,0,1.0,0.9447852760736196,1.0,0.9447852760736196,0.22879826777336704,0.09803921568627451,0.09803921568627451,1.0,1.0,0.0,0.0,0.0,0.0,0.3126746223000737,0,False,0.0,0.0,0.0,3.0665360126748924,0.0,0.0,3.0665360126748924,1.6493580985644631,3.0665360126748924,3.0665360126748924,global,6
2170,1,2170,1,0.8163327574729919,0.8163327574729919,0.8738291263580322,0.35714285714285715,0.29411764705882354,0.0,55,0,1.0,0.9447852760736196,1.0,0.9447852760736196,0.5719956694334175,0.9259259259259259,0.9259259259259259,0.49644736842105247,0.49644736842105247,0.0,0.0,0.0,0.0,0.21865263538008248,0,False,0.0,0.0,0.0,3.3294417461738783,0.0,0.0,3.3294417461738783,1.9122638320634489,3.3294417461738783,3.3294417461738783,global,1
2196,1,2196,1,0.7702049016952515,0.7702049016952515,0.7924447059631348,0.2857142857142857,0.23529411764705885,0.0,55,0,1.0,0.9447852760736196,1.0,0.9447852760736196,0.4575965355467341,0.967741935483871,0.967741935483871,0.8505039193729003,0.8505039193729003,0.0,0.0,0.0,0.0,0.22945209604051262,0,False,0.0,0.0,0.0,3.2837319449736384,0.0,0.0,3.2837319449736384,1.8665540308632087,3.2837319449736384,3.2837319449736384,global,7
220,0,220,0,0.6857441663742065,0.6857441663742065,0.6886924505233765,0.0,0.0,0.0,16,0,1.0,0.24430563301728944,1.0,0.24430563301728944,0.0,0.6428571428571429,0.6428571428571429,0.24006159014557663,0.24006159014557663,0.0,0.0,0.0,1.0,0.15371433296833628,0,True,0.0,0.0,0.0,1.0811988775885886,0.0,0.0,1.0811988775885886,0.7147404280626545,1.0811988775885886,1.0811988775885886,global,3
2216,1,2216,1,0.6849393248558044,0.6849393248558044,0.7106694579124451,0.5,0.411764705882353,0.0,55,0,1.0,0.9447852760736196,1.0,0.9447852760736196,0.8007939372067846,0.1694915254237288,0.1694915254237288,0.05014619883040934,0.05014619883040934,0.0,0.0,0.0,0.0,0.43470381472619524,0,False,0.0,0.0,0.0,3.4441430295928424,0.0,0.0,3.4441430295928424,2.0269651154824126,3.4441430295928424,3.4441430295928424,global,2
2234,1,2234,1,0.8192252516746521,0.8192252516746521,0.8402542471885681,0.5714285714285714,0.4705882352941177,0.0,55,0,1.0,0.9447852760736196,1.0,0.9447852760736196,0.9151930710934681,0.1694915254237288,0.1694915254237288,0.6007775119617226,0.6007775119617226,0.0,0.0,0.0,0.0,0.45545106995440693,0,False,0.0,0.0,0.0,4.022187234434141,0.0,0.0,4.022187234434141,2.605009320323712,4.022187234434141,4.022187234434141,global,5
2284,1,2284,1,0.649285078048706,0.649285078048706,0.6495383977890015,0.21428571428571427,0.17647058823529413,0.0,55,0,1.0,0.9447852760736196,1.0,0.9447852760736196,0.3431974016600505,0.8846153846153846,0.8846153846153846,0.0,0.0,0.0,0.0,0.0,0.0,0.1845079019549355,0,False,0.0,0.0,0.0,2.5591852378921773,0.0,0.0,2.5591852378921773,1.142007323781748,2.5591852378921773,2.5591852378921773,global,8
2289,0,2289,0,0.8273817300796509,0.8273817300796509,0.8941674828529358,0.5,0.7647058823529412,0.0,16,0,1.0,0.24430563301728944,1.0,0.24430563301728944,0.9515278370132214,0.875,0.875,0.49644736842105247,0.49644736842105247,0.0,0.0,0.0,1.0,0.2309628727809273,0,True,1.0,1.0,1.0,6.375288144340342,0.0,0.0,3.375288144340342,3.008829694814408,3.375288144340342,3.375288144340342,global,1
231,1,231,1,0.8704736232757568,0.8704736232757568,0.8877729773521423,0.35714285714285715,0.29411764705882354,0.0,55,0,1.0,0.9447852760736196,1.0,0.9447852760736196,0.5719956694334175,0.08928571428571429,0.08928571428571429,0.8616028708133974,0.8616028708133974,0.0,0.0,0.0,0.0,0.3862712013555426,0,False,0.0,0.0,0.0,3.6056177598049004,0.0,0.0,3.6056177598049004,2.1884398456944707,3.6056177598049004,3.6056177598049004,global,0
2317,1,2317,1,0.8112256526947021,0.8112256526947021,0.8284642100334167,0.42857142857142855,0.35294117647058826,0.0,55,0,1.0,0.9447852760736196,1.0,0.9447852760736196,0.686394803320101,0.8805970149253731,0.8805970149253731,0.8505039193729003,0.8505039193729003,0.0,0.0,0.0,0.0,0.46656204434549,0,False,0.0,0.0,0.0,3.7658327907688935,0.0,0.0,3.7658327907688935,2.348654876658464,3.7658327907688935,3.7658327907688935,global,7
2333,1,2333,1,0.9042567610740662,0.9042567610740662,0.9538726210594177,0.42857142857142855,0.35294117647058826,0.0,55,0,1.0,0.9447852760736196,1.0,0.9447852760736196,0.686394803320101,0.1411764705882353,0.1411764705882353,1.0,1.0,0.0,0.0,0.0,0.0,0.5733047586990626,0,False,0.0,0.0,0.0,3.9470285320920064,0.0,0.0,3.9470285320920064,2.529850617981577,3.9470285320920064,3.9470285320920064,global,6
2343,1,2343,1,0.8863723874092102,0.8863723874092102,0.9028457403182983,0.35714285714285715,0.29411764705882354,0.0,55,0,1.0,0.9447852760736196,1.0,0.9447852760736196,0.5719956694334175,0.0784313725490196,0.0784313725490196,0.8616028708133974,0.8616028708133974,0.0,0.0,0.0,0.0,0.3541840966276069,0,False,0.0,0.0,0.0,3.6087106396932827,0.0,0.0,3.6087106396932827,2.1915327255828534,3.6087106396932827,3.6087106396932827,global,0
2347,1,2347,1,0.913741946220398,0.913741946220398,0.9223296046257019,0.5,0.4705882352941177,0.0,55,0,1.0,0.9447852760736196,1.0,0.9447852760736196,0.9151930710934681,0.03571428571428571,0.03571428571428571,0.8616028708133974,0.8616028708133974,0.0,0.0,0.0,0.0,0.41507149450424025,0,True,0.16666666666666666,0.16666666666666666,0.16666666666666666,4.6446708254329545,0.0,0.0,4.1446708254329545,2.727492911322525,4.1446708254329545,4.1446708254329545,global,0
2375,1,2375,1,0.8240679502487183,0.8240679502487183,0.8525207042694092,0.07142857142857142,0.05882352941176471,0.0,55,0,1.0,0.9447852760736196,1.0,0.9447852760736196,0.11439913388668352,0.896551724137931,0.896551724137931,0.9268092105263157,0.9268092105263157,0.0,0.0,0.0,0.0,0.16872100428566963,0,False,0.0,0.0,0.0,2.7795288111103638,0.0,0.0,2.7795288111103638,1.3623508969999343,2.7795288111103638,2.7795288111103638,global,4
2382,1,2382,1,0.6837266683578491,0.6837266683578491,0.7052279710769653,0.42857142857142855,0.411764705882353,0.0,55,0,1.0,0.9447852760736196,1.0,0.9447852760736196,0.8007939372067846,0.10606060606060606,0.10606060606060606,0.05014619883040934,0.05014619883040934,0.0,0.0,0.0,0.0,0.46281354140980113,0,True,0.16666666666666666,0.16666666666666666,0.16666666666666666,3.880177250970988,0.0,0.0,3.380177250970988,1.9629993368605587,3.380177250970988,3.380177250970988,global,2
2411,1,2411,1,0.9378394484519958,0.9378394484519958,0.9622622728347778,0.5,0.4705882352941177,0.0,55,0,1.0,0.9447852760736196,1.0,0.9447852760736196,0.9151930710934681,0.8804347826086957,0.8804347826086957,0.9268092105263157,0.9268092105263157,0.0,0.0,0.0,0.0,0.6228166034094679,0,True,0.16666666666666666,0.16666666666666666,0.16666666666666666,4.75887552974626,0.0,0.0,4.25887552974626,2.8416976156358307,4.25887552974626,4.25887552974626,global,4
2429,1,2429,1,0.6728397607803345,0.6728397607803345,0.6895861029624939,0.21428571428571427,0.17647058823529413,0.0,55,0,1.0,0.9447852760736196,1.0,0.9447852760736196,0.3431974016600505,0.7878787878787878,0.7878787878787878,0.8505039193729003,0.8505039193729003,0.0,0.0,0.0,0.0,0.22870615646523998,0,False,0.0,0.0,0.0,3.016540420117022,0.0,0.0,3.016540420117022,1.5993625060065924,3.016540420117022,3.016540420117022,global,7
2435,1,2435,1,0.8069485425949097,0.8069485425949097,0.8052202463150024,0.5714285714285714,0.4705882352941177,0.0,55,0,1.0,0.9447852760736196,1.0,0.9447852760736196,0.9151930710934681,0.125,0.125,0.24006159014557663,0.24006159014557663,0.0,0.0,0.0,0.0,0.34773078678716973,0,False,0.0,0.0,0.0,3.799691821312103,0.0,0.0,3.799691821312103,2.3825139072016737,3.799691821312103,3.799691821312103,global,3
2436,1,2436,1,0.6498523950576782,0.6498523950576782,0.6884210109710693,0.14285714285714285,0.11764705882352942,0.0,55,0,1.0,0.9447852760736196,1.0,0.9447852760736196,0.22879826777336704,0.13157894736842105,0.13157894736842105,0.0,0.0,0.0,0.0,0.0,0.0,0.23991349460670044,0,False,0.0,0.0,0.0,2.387185139042784,0.0,0.0,2.387185139042784,0.9700072249323546,2.387185139042784,2.387185139042784,global,9
2495,1,2495,1,0.8862934708595276,0.8862934708595276,0.9361915588378906,0.5,0.411764705882353,0.0,55,0,1.0,0.9447852760736196,1.0,0.9447852760736196,0.8007939372067846,0.044444444444444446,0.044444444444444446,1.0,1.0,0.0,0.0,0.0,0.0,0.3512898970307313,0,False,0.0,0.0,0.0,4.055129071671977,0.0,0.0,4.055129071671977,2.6379511575615475,4.055129071671977,4.055129071671977,global,6
2531,1,2531,1,0.8363398313522339,0.8363398313522339,0.8718679547309875,0.2857142857142857,0.23529411764705885,0.0,55,0,1.0,0.9447852760736196,1.0,0.9447852760736196,0.4575965355467341,0.0,0.0,1.0,1.0,0.0,0.0,0.0,0.0,0.19801154478559618,0,False,0.0,0.0,0.0,3.401955763636299,0.0,0.0,3.401955763636299,1.9847778495258694,3.401955763636299,3.401955763636299,global,6
2587,1,2587,1,0.6733016967773438,0.6733016967773438,0.7273076176643372,0.2857142857142857,0.29411764705882354,0.0,55,0,1.0,0.9447852760736196,1.0,0.9447852760736196,0.5719956694334175,0.0,0.0,0.0,0.0,0.0,0.0,0.0,0.0,0.19151075934022632,0,True,0.16666666666666666,0.16666666666666666,0.16666666666666666,3.387222079166305,0.0,0.0,2.887222079166305,1.4700441650558755,2.887222079166305,2.887222079166305,global,9
2596,1,2596,1,0.8615208268165588,0.8615208268165588,0.8931775689125061,0.21428571428571427,0.17647058823529413,0.0,55,0,1.0,0.9447852760736196,1.0,0.9447852760736196,0.3431974016600505,0.8529411764705882,0.8529411764705882,0.9268092105263157,0.9268092105263157,0.0,0.0,0.0,0.0,0.2325813291140668,0,False,0.0,0.0,0.0,3.206800470317357,0.0,0.0,3.206800470317357,1.7896225562069277,3.206800470317357,3.206800470317357,global,4
2628,1,2628,1,0.8948593139648438,0.8948593139648438,0.9320231080055237,0.7142857142857143,0.6470588235294118,0.0,55,0,1.0,0.9447852760736196,1.0,0.9447852760736196,1.2583904727535187,0.8636363636363636,0.8636363636363636,0.49644736842105247,0.49644736842105247,0.0,0.0,0.0,0.0,0.5203924230857921,0,True,0.16666666666666666,0.16666666666666666,0.16666666666666666,5.045810137763106,0.0,0.0,4.545810137763106,3.128632223652677,4.545810137763106,4.545810137763106,global,1
2652,1,2652,1,0.8004312515258789,0.8004312515258789,0.8243795037269592,0.14285714285714285,0.11764705882352942,0.0,55,0,1.0,0.9447852760736196,1.0,0.9447852760736196,0.22879826777336704,0.06060606060606061,0.06060606060606061,0.8616028708133974,0.8616028708133974,0.0,0.0,0.0,0.0,0.20888196462623096,0,False,0.0,0.0,0.0,2.9291402006299023,0.0,0.0,2.9291402006299023,1.5119622865194728,2.9291402006299023,2.9291402006299023,global,0
2659,1,2659,1,0.9094131588935852,0.9094131588935852,0.9381114840507507,0.7142857142857143,0.7058823529411765,0.0,55,0,1.0,0.9447852760736196,1.0,0.9447852760736196,1.372789606640202,0.1875,0.1875,1.0,1.0,0.0,0.0,0.0,0.0,0.5194327972734625,0,True,0.3333333333333333,0.3333333333333333,0.3333333333333333,5.926588700575404,0.0,0.0,4.926588700575404,3.5094107864649744,4.926588700575404,4.926588700575404,global,6
2684,0,2684,0,0.8155307769775391,0.8155307769775391,0.8284558057785034,0.2857142857142857,0.4705882352941177,0.0,16,0,1.0,0.24430563301728944,1.0,0.24430563301728944,0.5855555920081362,0.3888888888888889,0.3888888888888889,0.9268092105263157,0.9268092105263157,0.0,0.0,0.0,1.0,0.1561186258469039,0,True,0.6666666666666666,0.6666666666666666,0.6666666666666666,4.756014020427715,0.0,0.0,2.7560140204277155,2.3895555709017815,2.7560140204277155,2.7560140204277155,global,4
2692,1,2692,1,0.7425858378410339,0.7425858378410339,0.7642897963523865,0.21428571428571427,0.17647058823529413,0.0,55,0,1.0,0.9447852760736196,1.0,0.9447852760736196,0.3431974016600505,0.9310344827586207,0.9310344827586207,0.8505039193729003,0.8505039193729003,0.0,0.0,0.0,0.0,0.20148905967402625,0,False,0.0,0.0,0.0,3.0641721527282173,0.0,0.0,3.0641721527282173,1.6469942386177878,3.0641721527282173,3.0641721527282173,global,7
2727,0,2727,0,0.5669386386871338,0.5669386386871338,0.6038761734962463,0.07142857142857142,0.11764705882352942,0.0,16,0,1.0,0.24430563301728944,1.0,0.24430563301728944,0.14638889800203406,0.37037037037037035,0.37037037037037035,0.05014619883040934,0.05014619883040934,0.0,0.0,0.0,1.0,0.15824612910175,0,True,0.16666666666666666,0.16666666666666666,0.16666666666666666,1.6992789876970011,0.0,0.0,1.1992789876970011,0.832820538171067,1.1992789876970011,1.1992789876970011,global,2
2730,1,2730,1,0.6993067860603333,0.6993067860603333,0.7293661832809448,0.5,0.4705882352941177,0.0,55,0,1.0,0.9447852760736196,1.0,0.9447852760736196,0.9151930710934681,0.1111111111111111,0.1111111111111111,0.05014619883040934,0.05014619883040934,0.0,0.0,0.0,0.0,0.45790277720639283,0,True,0.16666666666666666,0.16666666666666666,0.16666666666666666,4.080243746124054,0.0,0.0,3.5802437461240544,2.1630658320136247,3.5802437461240544,3.5802437461240544,global,2
2744,0,2744,0,0.7013260126113892,0.7013260126113892,0.7358829379081726,0.42857142857142855,0.5882352941176471,0.0,16,0,1.0,0.24430563301728944,1.0,0.24430563301728944,0.7319444900101703,0.3333333333333333,0.3333333333333333,0.0,0.0,0.0,0.0,0.0,1.0,0.16780726210036764,0,True,0.6666666666666666,0.6666666666666666,0.6666666666666666,4.582903455051879,0.0,0.0,2.5829034550518783,2.2164450055259444,2.5829034550518783,2.5829034550518783,global,9
2787,1,2787,1,0.7642372250556946,0.7642372250556946,0.8130737543106079,0.35714285714285715,0.35294117647058826,0.0,55,0,1.0,0.9447852760736196,1.0,0.9447852760736196,0.686394803320101,0.08823529411764706,0.08823529411764706,0.0,0.0,0.0,0.0,0.0,0.0,0.45562947664973186,0,True,0.16666666666666666,0.16666666666666666,0.16666666666666666,3.7282817472339387,0.0,0.0,3.2282817472339387,1.811103833123509,3.2282817472339387,3.2282817472339387,global,9
2806,1,2806,1,0.90538489818573,0.90538489818573,0.9655176997184753,0.5,0.4705882352941177,0.0,55,0,1.0,0.9447852760736196,1.0,0.9447852760736196,0.9151930710934681,0.078125,0.078125,1.0,1.0,0.0,0.0,0.0,0.0,0.4594361450013736,0,True,0.16666666666666666,0.16666666666666666,0.16666666666666666,4.720493146747661,0.0,0.0,4.220493146747661,2.8033152326372317,4.220493146747661,4.220493146747661,global,6
2848,1,2848,1,0.90376877784729,0.90376877784729,0.9480745196342468,0.5714285714285714,0.4705882352941177,0.0,55,0,1.0,0.9447852760736196,1.0,0.9447852760736196,0.9151930710934681,0.07936507936507936,0.07936507936507936,1.0,1.0,0.0,0.0,0.0,0.0,0.4736550650336238,0,False,0.0,0.0,0.0,4.2948944979151555,0.0,0.0,4.2948944979151555,2.877716583804726,4.2948944979151555,4.2948944979151555,global,6
2855,1,2855,1,0.7274911999702454,0.7274911999702454,0.7801498770713806,0.2857142857142857,0.29411764705882354,0.0,55,0,1.0,0.9447852760736196,1.0,0.9447852760736196,0.5719956694334175,0.09433962264150944,0.09433962264150944,0.0,0.0,0.0,0.0,0.0,0.0,0.35375511615374394,0,True,0.16666666666666666,0.16666666666666666,0.16666666666666666,3.4792469887646815,0.0,0.0,2.9792469887646815,1.5620690746542523,2.9792469887646815,2.9792469887646815,global,9
2866,1,2866,1,0.5396597981452942,0.5396597981452942,0.5656290650367737,0.42857142857142855,0.35294117647058826,0.0,55,0,1.0,0.9447852760736196,1.0,0.9447852760736196,0.686394803320101,0.0,0.0,0.05014619883040934,0.05014619883040934,0.0,0.0,0.0,0.0,0.17676235106366686,0,False,0.0,0.0,0.0,3.061461338873575,0.0,0.0,3.061461338873575,1.6442834247631453,3.061461338873575,3.061461338873575,global,2
2868,1,2868,1,0.8942080736160278,0.8942080736160278,0.9221393465995789,0.6428571428571429,0.5882352941176471,0.0,55,0,1.0,0.9447852760736196,1.0,0.9447852760736196,1.143991338866835,0.1320754716981132,0.1320754716981132,1.0,1.0,0.0,0.0,0.0,0.0,0.4348454090539636,0,True,0.16666666666666666,0.16666666666666666,0.16666666666666666,5.082325726811878,0.0,0.0,4.582325726811878,3.1651478127014485,4.582325726811878,4.582325726811878,global,6
2889,0,2889,0,0.7199244499206543,0.7199244499206543,0.7315621376037598,0.35714285714285715,0.5294117647058824,0.0,16,0,1.0,0.24430563301728944,1.0,0.24430563301728944,0.6587500410091532,0.5333333333333333,0.5333333333333333,0.8505039193729003,0.8505039193729003,0.0,0.0,0.0,1.0,0.25838160391749426,0,True,0.6666666666666666,0.6666666666666666,0.6666666666666666,4.861130836878778,0.0,0.0,2.861130836878778,2.494672387352844,2.861130836878778,2.861130836878778,global,7
2908,1,2908,1,0.9099401235580444,0.9099401235580444,0.9258158206939697,0.42857142857142855,0.35294117647058826,0.0,55,0,1.0,0.9447852760736196,1.0,0.9447852760736196,0.686394803320101,0.05970149253731343,0.05970149253731343,0.8616028708133974,0.8616028708133974,0.0,0.0,0.0,0.0,0.45997337677482747,0,False,0.0,0.0,0.0,3.848377242908617,0.0,0.0,3.848377242908617,2.4311993287981877,3.848377242908617,3.848377242908617,global,0
291,1,291,1,0.8674566745758057,0.8674566745758057,0.9087050557136536,0.2857142857142857,0.23529411764705885,0.0,55,0,1.0,0.9447852760736196,1.0,0.9447852760736196,0.4575965355467341,0.9344262295081968,0.9344262295081968,0.49644736842105247,0.49644736842105247,0.0,0.0,0.0,0.0,0.395786580126459,0,False,0.0,0.0,0.0,3.2344054330279413,0.0,0.0,3.2344054330279413,1.817227518917512,3.2344054330279413,3.2344054330279413,global,1
2930,1,2930,1,0.7725090980529785,0.7725090980529785,0.7797608375549316,0.35714285714285715,0.29411764705882354,0.0,55,0,1.0,0.9447852760736196,1.0,0.9447852760736196,0.5719956694334175,0.11627906976744186,0.11627906976744186,0.24006159014557663,0.24006159014557663,0.0,0.0,0.0,0.0,0.31621991269392025,0,False,0.0,0.0,0.0,3.195460112694281,0.0,0.0,3.195460112694281,1.7782821985838517,3.195460112694281,3.195460112694281,global,3
2946,0,2946,0,0.5760820508003235,0.5760820508003235,0.5527097582817078,0.07142857142857142,0.11764705882352942,0.0,16,0,1.0,0.24430563301728944,1.0,0.24430563301728944,0.14638889800203406,0.35714285714285715,0.35714285714285715,0.0,0.0,0.0,0.0,0.0,1.0,0.17356747089453,0,True,0.16666666666666666,0.16666666666666666,0.16666666666666666,1.6861170205101823,0.0,0.0,1.1861170205101823,0.8196585709842481,1.1861170205101823,1.1861170205101823,global,8
2980,1,2980,1,0.5908027291297913,0.5908027291297913,0.6124355792999268,0.21428571428571427,0.17647058823529413,0.0,55,0,1.0,0.9447852760736196,1.0,0.9447852760736196,0.3431974016600505,0.0,0.0,0.05014619883040934,0.05014619883040934,0.0,0.0,0.0,0.0,0.06136927142837973,0,False,0.0,0.0,0.0,2.5005308690142836,0.0,0.0,2.5005308690142836,1.083352954903854,2.5005308690142836,2.5005308690142836,global,2
2990,0,2990,0,0.724826455116272,0.724826455116272,0.7578138709068298,0.07142857142857142,0.05882352941176471,0.0,16,0,1.0,0.24430563301728944,1.0,0.24430563301728944,0.07319444900101703,0.45,0.45,0.8505039193729003,0.8505039193729003,0.0,0.0,0.0,1.0,0.11807313528219948,0,True,0.0,0.0,0.0,1.5960691441421626,0.0,0.0,1.5960691441421626,1.2296106946162284,1.5960691441421626,1.5960691441421626,global,7
2993,1,2993,1,0.5044323801994324,0.5044323801994324,0.4865497350692749,0.0,0.0,0.0,55,0,1.0,0.9447852760736196,1.0,0.9447852760736196,0.0,0.5,0.5,0.24006159014557663,0.24006159014557663,0.0,0.0,0.0,0.0,0.03467174419152939,0,False,0.0,0.0,0.0,1.9511561366002226,0.0,0.0,1.9511561366002226,0.5339782224897931,1.9511561366002226,1.9511561366002226,global,3
3005,1,3005,1,0.717773973941803,0.717773973941803,0.7274037003517151,0.14285714285714285,0.11764705882352942,0.0,55,0,1.0,0.9447852760736196,1.0,0.9447852760736196,0.22879826777336704,0.5,0.5,0.6007775119617226,0.6007775119617226,0.0,0.0,0.0,0.0,0.027754641962405298,0,False,0.0,0.0,0.0,2.6782635023376566,0.0,0.0,2.6782635023376566,1.2610855882272272,2.6782635023376566,2.6782635023376566,global,5
3007,1,3007,1,0.8186808228492737,0.8186808228492737,0.8634507060050964,0.14285714285714285,0.11764705882352942,0.0,55,0,1.0,0.9447852760736196,1.0,0.9447852760736196,0.22879826777336704,0.02857142857142857,0.02857142857142857,0.6007775119617226,0.6007775119617226,0.0,0.0,0.0,0.0,0.21619531816667986,0,False,0.0,0.0,0.0,2.8155211843249157,0.0,0.0,2.8155211843249157,1.398343270214486,2.8155211843249157,2.8155211843249157,global,5
3010,1,3010,1,0.8964798450469971,0.8964798450469971,0.9060085415840149,0.5,0.411764705882353,0.0,55,0,1.0,0.9447852760736196,1.0,0.9447852760736196,0.8007939372067846,0.0641025641025641,0.0641025641025641,0.8616028708133974,0.8616028708133974,0.0,0.0,0.0,0.0,0.5419354625807927,0,False,0.0,0.0,0.0,4.051273276093669,0.0,0.0,4.051273276093669,2.6340953619832397,4.051273276093669,4.051273276093669,global,0
3030,1,3030,1,0.8766900897026062,0.8766900897026062,0.9162888526916504,0.42857142857142855,0.411764705882353,0.0,55,0,1.0,0.9447852760736196,1.0,0.9447852760736196,0.8007939372067846,0.8285714285714286,0.8285714285714286,0.49644736842105247,0.49644736842105247,0.0,0.0,0.0,0.0,0.48479879177972846,0,True,0.16666666666666666,0.16666666666666666,0.16666666666666666,4.264294147953094,0.0,0.0,3.764294147953094,2.3471162338426645,3.764294147953094,3.764294147953094,global,1
3034,1,3034,1,0.8796263337135315,0.8796263337135315,0.9175073504447937,0.6428571428571429,0.5294117647058824,0.0,55,0,1.0,0.9447852760736196,1.0,0.9447852760736196,1.0295922049801516,0.02040816326530612,0.02040816326530612,1.0,1.0,0.0,0.0,0.0,0.0,0.4093676836730186,0,False,0.0,0.0,0.0,4.445369958452067,0.0,0.0,4.445369958452067,3.028192044341638,4.445369958452067,4.445369958452067,global,6
3051,1,3051,1,0.6311607956886292,0.6311607956886292,0.6224463582038879,0.2857142857142857,0.23529411764705885,0.0,55,0,1.0,0.9447852760736196,1.0,0.9447852760736196,0.4575965355467341,0.7837837837837838,0.7837837837837838,0.0,0.0,0.0,0.0,0.0,0.0,0.26942124692497754,0,False,0.0,0.0,0.0,2.7592354457472297,0.0,0.0,2.7592354457472297,1.3420575316368,2.7592354457472297,2.7592354457472297,global,8
3059,1,3059,1,0.8315727114677429,0.8315727114677429,0.8413400650024414,0.5,0.4705882352941177,0.0,55,0,1.0,0.9447852760736196,1.0,0.9447852760736196,0.9151930710934681,0.15217391304347827,0.15217391304347827,0.24006159014557663,0.24006159014557663,0.0,0.0,0.0,0.0,0.36260744370589926,0,True,0.16666666666666666,0.16666666666666666,0.16666666666666666,4.252425582057417,0.0,0.0,3.752425582057417,2.335247667946988,3.752425582057417,3.752425582057417,global,3
3061,1,3061,1,0.7448049783706665,0.7448049783706665,0.760478138923645,0.2857142857142857,0.23529411764705885,0.0,55,0,1.0,0.9447852760736196,1.0,0.9447852760736196,0.4575965355467341,0.07692307692307693,0.07692307692307693,0.24006159014557663,0.24006159014557663,0.0,0.0,0.0,0.0,0.12196813388835843,0,False,0.0,0.0,0.0,2.9259456530546624,0.0,0.0,2.9259456530546624,1.5087677389442327,2.9259456530546624,2.9259456530546624,global,3
3067,0,3067,0,0.44193029403686523,0.44193029403686523,0.43628421425819397,0.21428571428571427,0.35294117647058826,0.0,16,0,1.0,0.24430563301728944,1.0,0.24430563301728944,0.4391666940061022,0.42857142857142855,0.42857142857142855,0.05014619883040934,0.05014619883040934,0.0,0.0,0.0,1.0,0.09489098689613043,0,True,0.5,0.5,0.5,3.193711147466361,0.0,0.0,1.6937111474663609,1.3272526979404267,1.6937111474663609,1.6937111474663609,global,2
3073,0,3073,0,0.763995349407196,0.763995349407196,0.8080872893333435,0.14285714285714285,0.23529411764705885,0.0,16,0,1.0,0.24430563301728944,1.0,0.24430563301728944,0.2927777960040681,0.5454545454545454,0.5454545454545454,0.49644736842105247,0.49644736842105247,0.0,0.0,0.0,1.0,0.1448936496073153,0,True,0.3333333333333333,0.3333333333333333,0.3333333333333333,2.8827918862956725,0.0,0.0,1.8827918862956725,1.5163334367697383,1.8827918862956725,1.8827918862956725,global,1
3078,1,3078,1,0.8677995800971985,0.8677995800971985,0.884891927242279,0.2857142857142857,0.29411764705882354,0.0,55,0,1.0,0.9447852760736196,1.0,0.9447852760736196,0.5719956694334175,0.029411764705882353,0.029411764705882353,0.8616028708133974,0.8616028708133974,0.0,0.0,0.0,0.0,0.43602743130359506,0,True,0.16666666666666666,0.16666666666666666,0.16666666666666666,4.046976822817898,0.0,0.0,3.546976822817898,2.129798908707469,3.546976822817898,3.546976822817898,global,0
3087,0,3087,0,0.7800730466842651,0.7800730466842651,0.7877321839332581,0.21428571428571427,0.29411764705882354,0.0,16,0,1.0,0.24430563301728944,1.0,0.24430563301728944,0.36597224500508513,0.35714285714285715,0.35714285714285715,0.8616028708133974,0.8616028708133974,0.0,0.0,0.0,1.0,0.19691919481333162,0,True,0.3333333333333333,0.3333333333333333,0.3333333333333333,3.2829150891274055,0.0,0.0,2.2829150891274055,1.9164566396014715,2.2829150891274055,2.2829150891274055,global,0
3088,1,3088,1,0.8345674872398376,0.8345674872398376,0.8603239059448242,0.14285714285714285,0.11764705882352942,0.0,55,0,1.0,0.9447852760736196,1.0,0.9447852760736196,0.22879826777336704,0.03333333333333333,0.03333333333333333,0.8616028708133974,0.8616028708133974,0.0,0.0,0.0,0.0,0.1882011591151278,0,False,0.0,0.0,0.0,2.9502449475477386,0.0,0.0,2.9502449475477386,1.5330670334373089,2.9502449475477386,2.9502449475477386,global,0
3090,1,3090,1,0.7760854959487915,0.7760854959487915,0.826526403427124,0.35714285714285715,0.29411764705882354,0.0,55,0,1.0,0.9447852760736196,1.0,0.9447852760736196,0.5719956694334175,0.14634146341463414,0.14634146341463414,1.0,1.0,0.0,0.0,0.0,0.0,0.30559104587344277,0,False,0.0,0.0,0.0,3.5751017758919996,0.0,0.0,3.5751017758919996,2.1579238617815704,3.5751017758919996,3.5751017758919996,global,6
3099,1,3099,1,0.8996318578720093,0.8996318578720093,0.9188808798789978,0.42857142857142855,0.411764705882353,0.0,55,0,1.0,0.9447852760736196,1.0,0.9447852760736196,0.8007939372067846,0.9142857142857143,0.9142857142857143,0.9268092105263157,0.9268092105263157,0.0,0.0,0.0,0.0,0.2826239861535552,0,True,0.16666666666666666,0.16666666666666666,0.16666666666666666,4.437176041853395,0.0,0.0,3.9371760418533954,2.519998127742966,3.9371760418533954,3.9371760418533954,global,4
3116,1,3116,1,0.5722476840019226,0.5722476840019226,0.5909371376037598,0.2857142857142857,0.23529411764705885,0.0,55,0,1.0,0.9447852760736196,1.0,0.9447852760736196,0.4575965355467341,0.05,0.05,0.05014619883040934,0.05014619883040934,0.0,0.0,0.0,0.0,0.17005372361599955,0,False,0.0,0.0,0.0,2.7073677988203757,0.0,0.0,2.7073677988203757,1.290189884709946,2.7073677988203757,2.7073677988203757,global,2
3123,0,3123,0,0.8120583295822144,0.8120583295822144,0.849294126033783,0.35714285714285715,0.5294117647058824,0.0,16,0,1.0,0.24430563301728944,1.0,0.24430563301728944,0.6587500410091532,0.23076923076923078,0.23076923076923078,1.0,1.0,0.0,0.0,0.0,1.0,0.22333663565020404,0,True,0.6666666666666666,0.6666666666666666,0.6666666666666666,4.999072490441389,0.0,0.0,2.9990724904413884,2.6326140409154544,2.9990724904413884,2.9990724904413884,global,6
3145,1,3145,1,0.872403621673584,0.872403621673584,0.9184529185295105,0.42857142857142855,0.411764705882353,0.0,55,0,1.0,0.9447852760736196,1.0,0.9447852760736196,0.8007939372067846,0.84,0.84,0.49644736842105247,0.49644736842105247,0.0,0.0,0.0,0.0,0.36744270523099853,0,True,0.16666666666666666,0.16666666666666666,0.16666666666666666,4.225658147565257,0.0,0.0,3.725658147565257,2.308480233454828,3.725658147565257,3.725658147565257,global,1
3161,1,3161,1,0.8426064848899841,0.8426064848899841,0.8631916046142578,0.5,0.5294117647058824,0.0,55,0,1.0,0.9447852760736196,1.0,0.9447852760736196,1.0295922049801516,0.8857142857142857,0.8857142857142857,0.49644736842105247,0.49644736842105247,0.0,0.0,0.0,0.0,0.2958828239957503,0,True,0.3333333333333333,0.3333333333333333,0.3333333333333333,4.987075162843433,0.0,0.0,3.987075162843433,2.5698972487330036,3.987075162843433,3.987075162843433,global,1
3168,0,3168,0,0.7486111521720886,0.7486111521720886,0.7840110659599304,0.14285714285714285,0.23529411764705885,0.0,16,0,1.0,0.24430563301728944,1.0,0.24430563301728944,0.2927777960040681,0.4827586206896552,0.4827586206896552,0.6007775119617226,0.6007775119617226,0.0,0.0,0.0,1.0,0.18756447041655658,0,True,0.3333333333333333,0.3333333333333333,0.3333333333333333,2.935450846520694,0.0,0.0,1.935450846520694,1.56899239699476,1.935450846520694,1.935450846520694,global,5
319,1,319,1,0.8108450174331665,0.8108450174331665,0.8459722399711609,0.35714285714285715,0.29411764705882354,0.0,55,0,1.0,0.9447852760736196,1.0,0.9447852760736196,0.5719956694334175,0.14285714285714285,0.14285714285714285,1.0,1.0,0.0,0.0,0.0,0.0,0.14336739793859796,0,False,0.0,0.0,0.0,3.5542422986990463,0.0,0.0,3.5542422986990463,2.137064384588617,3.5542422986990463,3.5542422986990463,global,6
3197,1,3197,1,0.5038668513298035,0.5038668513298035,0.4535927474498749,0.21428571428571427,0.17647058823529413,0.0,55,0,1.0,0.9447852760736196,1.0,0.9447852760736196,0.3431974016600505,0.0,0.0,0.24006159014557663,0.24006159014557663,0.0,0.0,0.0,0.0,0.06258143646878028,0,False,0.0,0.0,0.0,2.5263035119439974,0.0,0.0,2.5263035119439974,1.109125597833568,2.5263035119439974,2.5263035119439974,global,3
3232,1,3232,1,0.8423567414283752,0.8423567414283752,0.8350703120231628,0.6428571428571429,0.6470588235294118,0.0,55,0,1.0,0.9447852760736196,1.0,0.9447852760736196,1.2583904727535187,0.12727272727272726,0.12727272727272726,0.24006159014557663,0.24006159014557663,0.0,0.0,0.0,0.0,0.4495370013121064,0,True,0.3333333333333333,0.3333333333333333,0.3333333333333333,5.282929992635516,0.0,0.0,4.282929992635516,2.865752078525087,4.282929992635516,4.282929992635516,global,3
325,1,325,1,0.7752192616462708,0.7752192616462708,0.7935226559638977,0.2857142857142857,0.23529411764705885,0.0,55,0,1.0,0.9447852760736196,1.0,0.9447852760736196,0.4575965355467341,0.9032258064516129,0.9032258064516129,0.8505039193729003,0.8505039193729003,0.0,0.0,0.0,0.0,0.41084837609098185,0,False,0.0,0.0,0.0,3.342162316949594,0.0,0.0,3.342162316949594,1.9249844028391647,3.342162316949594,3.342162316949594,global,7
3255,1,3255,1,0.7239015698432922,0.7239015698432922,0.7529029250144958,0.0,0.0,0.0,55,0,1.0,0.9447852760736196,1.0,0.9447852760736196,0.0,0.8958333333333334,0.8958333333333334,0.8505039193729003,0.8505039193729003,0.0,0.0,0.0,0.0,0.26676951372395974,0,False,0.0,0.0,0.0,2.501581983788701,0.0,0.0,2.501581983788701,1.0844040696782717,2.501581983788701,2.501581983788701,global,7
3259,1,3259,1,0.8527476787567139,0.8527476787567139,0.8679584860801697,0.6428571428571429,0.7058823529411765,0.0,55,0,1.0,0.9447852760736196,1.0,0.9447852760736196,1.372789606640202,0.14942528735632185,0.14942528735632185,0.6007775119617226,0.6007775119617226,0.0,0.0,0.0,0.0,0.6334050042966398,0,True,0.5,0.5,0.5,6.14440816312515,0.0,0.0,4.64440816312515,3.2272302490147204,4.64440816312515,4.64440816312515,global,5
326,1,326,1,0.6845001578330994,0.6845001578330994,0.7315716743469238,0.42857142857142855,0.35294117647058826,0.0,55,0,1.0,0.9447852760736196,1.0,0.9447852760736196,0.686394803320101,0.02631578947368421,0.02631578947368421,0.0,0.0,0.0,0.0,0.0,0.0,0.2975790976769124,0,False,0.0,0.0,0.0,3.1885055511925877,0.0,0.0,3.1885055511925877,1.7713276370821582,3.1885055511925877,3.1885055511925877,global,9
3265,1,3265,1,0.7372283935546875,0.7372283935546875,0.785693883895874,0.42857142857142855,0.35294117647058826,0.0,55,0,1.0,0.9447852760736196,1.0,0.9447852760736196,0.686394803320101,0.08823529411764706,0.08823529411764706,0.0,0.0,0.0,0.0,0.0,0.0,0.27317746494960066,0,False,0.0,0.0,0.0,3.2233676499516646,0.0,0.0,3.2233676499516646,1.806189735841235,3.2233676499516646,3.2233676499516646,global,9
3282,1,3282,1,0.5968711376190186,0.5968711376190186,0.6250195503234863,0.2857142857142857,0.29411764705882354,0.0,55,0,1.0,0.9447852760736196,1.0,0.9447852760736196,0.5719956694334175,0.12,0.12,0.05014619883040934,0.05014619883040934,0.0,0.0,0.0,0.0,0.19367879156207538,0,True,0.16666666666666666,0.16666666666666666,0.16666666666666666,3.3518011409214044,0.0,0.0,2.8518011409214044,1.4346232268109749,2.8518011409214044,2.8518011409214044,global,2
3286,1,3286,1,0.8123084306716919,0.8123084306716919,0.8664944171905518,0.07142857142857142,0.05882352941176471,0.0,55,0,1.0,0.9447852760736196,1.0,0.9447852760736196,0.11439913388668352,0.07142857142857142,0.07142857142857142,0.6007775119617226,0.6007775119617226,0.0,0.0,0.0,0.0,0.2429148320113665,0,False,0.0,0.0,0.0,2.629363494484155,0.0,0.0,2.629363494484155,1.2121855803737256,2.629363494484155,2.629363494484155,global,5
3292,1,3292,1,0.7823477983474731,0.7823477983474731,0.7972533106803894,0.6428571428571429,0.5294117647058824,0.0,55,0,1.0,0.9447852760736196,1.0,0.9447852760736196,1.0295922049801516,0.16049382716049382,0.16049382716049382,0.05014619883040934,0.05014619883040934,0.0,0.0,0.0,0.0,0.5995038182564036,0,False,0.0,0.0,0.0,3.9496610699494417,0.0,0.0,3.9496610699494417,2.532483155839012,3.9496610699494417,3.9496610699494417,global,2
3295,1,3295,1,0.7501432299613953,0.7501432299613953,0.75728440284729,0.5,0.411764705882353,0.0,55,0,1.0,0.9447852760736196,1.0,0.9447852760736196,0.8007939372067846,0.8787878787878788,0.8787878787878788,0.8505039193729003,0.8505039193729003,0.0,0.0,0.0,0.0,0.28674283996634287,0,False,0.0,0.0,0.0,3.8520967215206046,0.0,0.0,3.8520967215206046,2.4349188074101753,3.8520967215206046,3.8520967215206046,global,7
3300,0,3300,0,0.8278651833534241,0.8278651833534241,0.8410638570785522,0.2857142857142857,0.411764705882353,0.0,16,0,1.0,0.24430563301728944,1.0,0.24430563301728944,0.5123611430071192,0.3191489361702128,0.3191489361702128,0.8616028708133974,0.8616028708133974,0.0,0.0,0.0,1.0,0.3222849068364439,0,True,0.5,0.5,0.5,4.1654812011452975,0.0,0.0,2.665481201145297,2.299022751619363,2.665481201145297,2.665481201145297,global,0
3307,0,3307,0,0.8121849298477173,0.8121849298477173,0.8438378572463989,0.5,0.6470588235294118,0.0,16,0,1.0,0.24430563301728944,1.0,0.24430563301728944,0.8051389390111874,0.25,0.25,1.0,1.0,0.0,0.0,0.0,1.0,0.23745249420996398,0,True,0.6666666666666666,0.6666666666666666,0.6666666666666666,5.381559788725921,0.0,0.0,3.381559788725921,3.015101339199987,3.381559788725921,3.381559788725921,global,6
3314,1,3314,1,0.8755339980125427,0.8755339980125427,0.8969839215278625,0.2857142857142857,0.23529411764705885,0.0,55,0,1.0,0.9447852760736196,1.0,0.9447852760736196,0.4575965355467341,0.04081632653061224,0.04081632653061224,0.8616028708133974,0.8616028708133974,0.0,0.0,0.0,0.0,0.32500746338634884,0,False,0.0,0.0,0.0,3.4022113079514704,0.0,0.0,3.4022113079514704,1.985033393841041,3.4022113079514704,3.4022113079514704,global,0
3326,1,3326,1,0.747636616230011,0.747636616230011,0.7590585350990295,0.2857142857142857,0.23529411764705885,0.0,55,0,1.0,0.9447852760736196,1.0,0.9447852760736196,0.4575965355467341,0.0625,0.0625,0.24006159014557663,0.24006159014557663,0.0,0.0,0.0,0.0,0.140682700700861,0,False,0.0,0.0,0.0,2.9338253333858884,0.0,0.0,2.9338253333858884,1.5166474192754589,2.9338253333858884,2.9338253333858884,global,3
333,1,333,1,0.9134637713432312,0.9134637713432312,0.925141453742981,0.5,0.411764705882353,0.0,55,0,1.0,0.9447852760736196,1.0,0.9447852760736196,0.8007939372067846,0.10714285714285714,0.10714285714285714,0.8616028708133974,0.8616028708133974,0.0,0.0,0.0,0.0,0.4151301199534497,0,False,0.0,0.0,0.0,4.026818814342454,0.0,0.0,4.026818814342454,2.6096409002320247,4.026818814342454,4.026818814342454,global,0
3337,0,3337,0,0.5999506711959839,0.5999506711959839,0.6283614039421082,0.35714285714285715,0.5882352941176471,0.0,16,0,1.0,0.24430563301728944,1.0,0.24430563301728944,0.7319444900101703,0.3235294117647059,0.3235294117647059,0.05014619883040934,0.05014619883040934,0.0,0.0,0.0,1.0,0.2639793459823375,0,True,0.8333333333333333,0.8333333333333333,0.8333333333333333,4.984299335070778,0.0,0.0,2.4842993350707783,2.1178408855448443,2.4842993350707783,2.4842993350707783,global,2
3341,1,3341,1,0.8879120945930481,0.8879120945930481,0.8971450328826904,0.5714285714285714,0.5294117647058824,0.0,55,0,1.0,0.9447852760736196,1.0,0.9447852760736196,1.0295922049801516,0.06557377049180328,0.06557377049180328,0.8616028708133974,0.8616028708133974,0.0,0.0,0.0,0.0,0.459957715010879,0,True,0.16666666666666666,0.16666666666666666,0.16666666666666666,4.826548440535166,0.0,0.0,4.326548440535166,2.909370526424737,4.326548440535166,4.326548440535166,global,0
3348,1,3348,1,0.8384577631950378,0.8384577631950378,0.8497273325920105,0.2857142857142857,0.23529411764705885,0.0,55,0,1.0,0.9447852760736196,1.0,0.9447852760736196,0.4575965355467341,0.25806451612903225,0.25806451612903225,0.24006159014557663,0.24006159014557663,0.0,0.0,0.0,0.0,0.4061900184937235,0,False,0.0,0.0,0.0,3.0861344462957687,0.0,0.0,3.0861344462957687,1.668956532185339,3.0861344462957687,3.0861344462957687,global,3
335,0,335,0,0.7935229539871216,0.7935229539871216,0.8019872903823853,0.42857142857142855,0.7058823529411765,0.0,16,0,1.0,0.24430563301728944,1.0,0.24430563301728944,0.8783333880122044,0.2222222222222222,0.2222222222222222,0.24006159014557663,0.24006159014557663,0.0,0.0,0.0,1.0,0.23579128199938523,0,True,1.0,1.0,1.0,6.032381126842017,0.0,0.0,3.032381126842017,2.665922677316083,3.032381126842017,3.032381126842017,global,3
3364,1,3364,1,0.9319654107093811,0.9319654107093811,0.9371029138565063,0.7142857142857143,0.6470588235294118,0.0,55,0,1.0,0.9447852760736196,1.0,0.9447852760736196,1.2583904727535187,0.04878048780487805,0.04878048780487805,0.8616028708133974,0.8616028708133974,0.0,0.0,0.0,0.0,0.6097359493756335,0,True,0.16666666666666666,0.16666666666666666,0.16666666666666666,5.284875824241861,0.0,0.0,4.784875824241861,3.3676979101314317,4.784875824241861,4.784875824241861,global,0
3374,1,3374,1,0.8362575173377991,0.8362575173377991,0.8529775738716125,0.5,0.411764705882353,0.0,55,0,1.0,0.9447852760736196,1.0,0.9447852760736196,0.8007939372067846,0.9333333333333333,0.9333333333333333,0.8505039193729003,0.8505039193729003,0.0,0.0,0.0,0.0,0.44321721710130635,0,False,0.0,0.0,0.0,3.967930464562217,0.0,0.0,3.967930464562217,2.5507525504517874,3.967930464562217,3.967930464562217,global,7
3382,0,3382,0,0.6816282272338867,0.6816282272338867,0.7209763526916504,0.0,0.0,0.0,16,0,1.0,0.24430563301728944,1.0,0.24430563301728944,0.0,0.7333333333333333,0.7333333333333333,0.6007775119617226,0.6007775119617226,0.0,0.0,0.0,1.0,0.07491503406292102,0,True,0.0,0.0,0.0,1.234624297512781,0.0,0.0,1.234624297512781,0.8681658479868469,1.234624297512781,1.234624297512781,global,5
3386,1,3386,1,0.8264420628547668,0.8264420628547668,0.8580468893051147,0.35714285714285715,0.29411764705882354,0.0,55,0,1.0,0.9447852760736196,1.0,0.9447852760736196,0.5719956694334175,0.047619047619047616,0.047619047619047616,0.6007775119617226,0.6007775119617226,0.0,0.0,0.0,0.0,0.30484564380039414,0,False,0.0,0.0,0.0,3.415552164775727,0.0,0.0,3.415552164775727,1.9983742506652975,3.415552164775727,3.415552164775727,global,5
339,0,339,0,0.7436538338661194,0.7436538338661194,0.7912482619285583,0.2857142857142857,0.411764705882353,0.0,16,0,1.0,0.24430563301728944,1.0,0.24430563301728944,0.5123611430071192,0.21666666666666667,0.21666666666666667,0.0,0.0,0.0,0.0,0.0,1.0,0.39799106539380524,0,True,0.5,0.5,0.5,3.690022533715963,0.0,0.0,2.190022533715963,1.8235640841900287,2.190022533715963,2.190022533715963,global,9
3413,1,3413,1,0.868391215801239,0.868391215801239,0.8642309308052063,0.6428571428571429,0.5882352941176471,0.0,55,0,1.0,0.9447852760736196,1.0,0.9447852760736196,1.143991338866835,0.06,0.06,0.24006159014557663,0.24006159014557663,0.0,0.0,0.0,0.0,0.41873801576251685,0,True,0.16666666666666666,0.16666666666666666,0.16666666666666666,4.676870817645401,0.0,0.0,4.176870817645401,2.759692903534972,4.176870817645401,4.176870817645401,global,3
3423,1,3423,1,0.6740783452987671,0.6740783452987671,0.7068282961845398,0.42857142857142855,0.35294117647058826,0.0,55,0,1.0,0.9447852760736196,1.0,0.9447852760736196,0.686394803320101,0.14583333333333334,0.14583333333333334,0.05014619883040934,0.05014619883040934,0.0,0.0,0.0,0.0,0.35868732887575366,0,False,0.0,0.0,0.0,3.223573669939979,0.0,0.0,3.223573669939979,1.8063957558295494,3.223573669939979,3.223573669939979,global,2
3446,1,3446,1,0.8722208142280579,0.8722208142280579,0.8849906325340271,0.42857142857142855,0.411764705882353,0.0,55,0,1.0,0.9447852760736196,1.0,0.9447852760736196,0.8007939372067846,0.047619047619047616,0.047619047619047616,0.8616028708133974,0.8616028708133974,0.0,0.0,0.0,0.0,0.31845203985899234,0,True,0.16666666666666666,0.16666666666666666,0.16666666666666666,4.393392453193407,0.0,0.0,3.8933924531934068,2.476214539082977,3.8933924531934068,3.8933924531934068,global,0
3449,1,3449,1,0.8837450742721558,0.8837450742721558,0.9137362837791443,0.5,0.4705882352941177,0.0,55,0,1.0,0.9447852760736196,1.0,0.9447852760736196,0.9151930710934681,0.8554216867469879,0.8554216867469879,0.49644736842105247,0.49644736842105247,0.0,0.0,0.0,0.0,0.5723134571853431,0,True,0.16666666666666666,0.16666666666666666,0.16666666666666666,4.485268165482519,0.0,0.0,3.985268165482519,2.5680902513720896,3.985268165482519,3.985268165482519,global,1
3463,1,3463,1,0.6279012560844421,0.6279012560844421,0.6688140630722046,0.14285714285714285,0.11764705882352942,0.0,55,0,1.0,0.9447852760736196,1.0,0.9447852760736196,0.22879826777336704,0.05263157894736842,0.05263157894736842,0.05014619883040934,0.05014619883040934,0.0,0.0,0.0,0.0,0.2364013793933445,0,False,0.0,0.0,0.0,2.3936436927153926,0.0,0.0,2.3936436927153926,0.9764657786049633,2.3936436927153926,2.3936436927153926,global,2
349,1,349,1,0.7160612344741821,0.7160612344741821,0.7674849033355713,0.14285714285714285,0.11764705882352942,0.0,55,0,1.0,0.9447852760736196,1.0,0.9447852760736196,0.22879826777336704,0.8378378378378378,0.8378378378378378,0.49644736842105247,0.49644736842105247,0.0,0.0,0.0,0.0,0.23428828333767943,0,False,0.0,0.0,0.0,2.686688331405807,0.0,0.0,2.686688331405807,1.2695104172953777,2.686688331405807,2.686688331405807,global,1
350,0,350,0,0.7746893763542175,0.7746893763542175,0.7986084222793579,0.35714285714285715,0.4705882352941177,0.0,16,0,1.0,0.24430563301728944,1.0,0.24430563301728944,0.5855555920081362,0.35,0.35,0.6007775119617226,0.6007775119617226,0.0,0.0,0.0,1.0,0.18387501479501728,0,True,0.5,0.5,0.5,4.140080538759767,0.0,0.0,2.6400805387597672,2.2736220892338332,2.6400805387597672,2.6400805387597672,global,5
3550,0,3550,0,0.6070230603218079,0.6070230603218079,0.5880231857299805,0.35714285714285715,0.5882352941176471,0.0,16,0,1.0,0.24430563301728944,1.0,0.24430563301728944,0.7319444900101703,0.47368421052631576,0.47368421052631576,0.0,0.0,0.0,0.0,0.0,1.0,0.17790114624409578,0,True,0.8333333333333333,0.8333333333333333,0.8333333333333333,4.93906068703476,0.0,0.0,2.43906068703476,2.072602237508826,2.43906068703476,2.43906068703476,global,8
3552,1,3552,1,0.7836999893188477,0.7836999893188477,0.7816026210784912,0.42857142857142855,0.35294117647058826,0.0,55,0,1.0,0.9447852760736196,1.0,0.9447852760736196,0.686394803320101,0.034482758620689655,0.034482758620689655,0.24006159014557663,0.24006159014557663,0.0,0.0,0.0,0.0,0.2479098320170755,0,False,0.0,0.0,0.0,3.372995431756024,0.0,0.0,3.372995431756024,1.9558175176455943,3.372995431756024,3.372995431756024,global,3
3577,1,3577,1,0.7416878342628479,0.7416878342628479,0.7863719463348389,0.21428571428571427,0.29411764705882354,0.0,55,0,1.0,0.9447852760736196,1.0,0.9447852760736196,0.5719956694334175,0.16129032258064516,0.16129032258064516,0.6007775119617226,0.6007775119617226,0.0,0.0,0.0,0.0,0.21365350621377277,0,True,0.3333333333333333,0.3333333333333333,0.3333333333333333,4.177533997769062,0.0,0.0,3.1775339977690624,1.7603560836586327,3.1775339977690624,3.1775339977690624,global,5
3585,1,3585,1,0.5717002153396606,0.5717002153396606,0.5715235471725464,0.14285714285714285,0.11764705882352942,0.0,55,0,1.0,0.9447852760736196,1.0,0.9447852760736196,0.22879826777336704,0.8181818181818182,0.8181818181818182,0.0,0.0,0.0,0.0,0.0,0.0,0.14578642551798565,0,False,0.0,0.0,0.0,2.2964252745417557,0.0,0.0,2.2964252745417557,0.879247360431326,2.2964252745417557,2.2964252745417557,global,8
3605,0,3605,0,0.7780774235725403,0.7780774235725403,0.7760763168334961,0.14285714285714285,0.17647058823529413,0.0,16,0,1.0,0.24430563301728944,1.0,0.24430563301728944,0.2195833470030511,0.6923076923076923,0.6923076923076923,0.8505039193729003,0.8505039193729003,0.0,0.0,0.0,1.0,0.09294159855894087,0,True,0.16666666666666666,0.16666666666666666,0.16666666666666666,2.43785314696583,0.0,0.0,1.93785314696583,1.5713946974398958,1.93785314696583,1.93785314696583,global,7
3609,1,3609,1,0.8132326602935791,0.8132326602935791,0.8370121717453003,0.5714285714285714,0.4705882352941177,0.0,55,0,1.0,0.9447852760736196,1.0,0.9447852760736196,0.9151930710934681,0.0,0.0,0.6007775119617226,0.6007775119617226,0.0,0.0,0.0,0.0,0.225658839765001,0,False,0.0,0.0,0.0,3.948455492272461,0.0,0.0,3.948455492272461,2.531277578162032,3.948455492272461,3.948455492272461,global,5
3612,1,3612,1,0.6113805174827576,0.6113805174827576,0.6441790461540222,0.21428571428571427,0.17647058823529413,0.0,55,0,1.0,0.9447852760736196,1.0,0.9447852760736196,0.3431974016600505,0.08333333333333333,0.08333333333333333,0.05014619883040934,0.05014619883040934,0.0,0.0,0.0,0.0,0.31608278062082634,0,False,0.0,0.0,0.0,2.5934071524543905,0.0,0.0,2.5934071524543905,1.1762292383439612,2.5934071524543905,2.5934071524543905,global,2
3623,0,3623,0,0.8005552887916565,0.8005552887916565,0.8217623829841614,0.2857142857142857,0.23529411764705885,0.0,16,0,1.0,0.24430563301728944,1.0,0.24430563301728944,0.2927777960040681,0.6323529411764706,0.6323529411764706,0.8505039193729003,0.8505039193729003,0.0,0.0,0.0,1.0,0.44542450390671684,0,True,0.0,0.0,0.0,2.322084512426128,0.0,0.0,2.322084512426128,1.9556260629001938,2.322084512426128,2.322084512426128,global,7
3634,1,3634,1,0.8965774774551392,0.8965774774551392,0.91704922914505,0.5,0.4705882352941177,0.0,55,0,1.0,0.9447852760736196,1.0,0.9447852760736196,0.9151930710934681,0.1271186440677966,0.1271186440677966,0.6007775119617226,0.6007775119617226,0.0,0.0,0.0,0.0,0.7788106969394695,0,True,0.16666666666666666,0.16666666666666666,0.16666666666666666,4.609648331725479,0.0,0.0,4.109648331725479,2.6924704176150493,4.109648331725479,4.109648331725479,global,5
3635,1,3635,1,0.7854328155517578,0.7854328155517578,0.7916261553764343,0.35714285714285715,0.29411764705882354,0.0,55,0,1.0,0.9447852760736196,1.0,0.9447852760736196,0.5719956694334175,0.05555555555555555,0.05555555555555555,0.24006159014557663,0.24006159014557663,0.0,0.0,0.0,0.0,0.16770540788533564,0,False,0.0,0.0,0.0,3.1612447352507287,0.0,0.0,3.1612447352507287,1.7440668211402994,3.1612447352507287,3.1612447352507287,global,3
3644,1,3644,1,0.691348135471344,0.691348135471344,0.7412747740745544,0.2857142857142857,0.29411764705882354,0.0,55,0,1.0,0.9447852760736196,1.0,0.9447852760736196,0.5719956694334175,0.2,0.2,0.0,0.0,0.0,0.0,0.0,0.0,0.22327201554251058,0,True,0.16666666666666666,0.16666666666666666,0.16666666666666666,3.4111876069821907,0.0,0.0,2.9111876069821907,1.4940096928717612,2.9111876069821907,2.9111876069821907,global,9
3654,1,3654,1,0.8533276319503784,0.8533276319503784,0.9025101661682129,0.35714285714285715,0.29411764705882354,0.0,55,0,1.0,0.9447852760736196,1.0,0.9447852760736196,0.5719956694334175,0.17647058823529413,0.17647058823529413,1.0,1.0,0.0,0.0,0.0,0.0,0.2605998338459706,0,False,0.0,0.0,0.0,3.623398121085028,0.0,0.0,3.623398121085028,2.2062202069745984,3.623398121085028,3.623398121085028,global,6
3668,1,3668,1,0.7270050644874573,0.7270050644874573,0.7511305212974548,0.35714285714285715,0.29411764705882354,0.0,55,0,1.0,0.9447852760736196,1.0,0.9447852760736196,0.5719956694334175,0.0,0.0,0.6007775119617226,0.6007775119617226,0.0,0.0,0.0,0.0,0.1268702369325898,0,False,0.0,0.0,0.0,3.2826099440215377,0.0,0.0,3.2826099440215377,1.8654320299111082,3.2826099440215377,3.2826099440215377,global,5
3683,1,3683,1,0.8364108800888062,0.8364108800888062,0.84855717420578,0.35714285714285715,0.35294117647058826,0.0,55,0,1.0,0.9447852760736196,1.0,0.9447852760736196,0.686394803320101,0.3333333333333333,0.3333333333333333,0.8616028708133974,0.8616028708133974,0.0,0.0,0.0,0.0,0.2358141732003988,0,True,0.16666666666666666,0.16666666666666666,0.16666666666666666,4.1508775156323265,0.0,0.0,3.6508775156323265,2.233699601521897,3.6508775156323265,3.6508775156323265,global,0
3710,1,3710,1,0.7448940873146057,0.7448940873146057,0.7598451972007751,0.14285714285714285,0.11764705882352942,0.0,55,0,1.0,0.9447852760736196,1.0,0.9447852760736196,0.22879826777336704,0.18181818181818182,0.18181818181818182,0.24006159014557663,0.24006159014557663,0.0,0.0,0.0,0.0,0.14549989055062906,0,False,0.0,0.0,0.0,2.5549252067042927,0.0,0.0,2.5549252067042927,1.1377472925938634,2.5549252067042927,2.5549252067042927,global,3
3721,1,3721,1,0.8884717226028442,0.8884717226028442,0.9135605096817017,0.7142857142857143,0.6470588235294118,0.0,55,0,1.0,0.9447852760736196,1.0,0.9447852760736196,1.2583904727535187,0.05263157894736842,0.05263157894736842,0.6007775119617226,0.6007775119617226,0.0,0.0,0.0,0.0,0.46758237877427783,0,True,0.16666666666666666,0.16666666666666666,0.16666666666666666,5.077022123150388,0.0,0.0,4.577022123150388,3.1598442090399583,4.577022123150388,4.577022123150388,global,5
3737,0,3737,0,0.8338520526885986,0.8338520526885986,0.8755719065666199,0.2857142857142857,0.411764705882353,0.0,16,0,1.0,0.24430563301728944,1.0,0.24430563301728944,0.5123611430071192,0.20689655172413793,0.20689655172413793,1.0,1.0,0.0,0.0,0.0,1.0,0.21663688083841592,0,True,0.5,0.5,0.5,4.207774853407329,0.0,0.0,2.7077748534073294,2.3413164038813954,2.7077748534073294,2.7077748534073294,global,6
3761,1,3761,1,0.8349604606628418,0.8349604606628418,0.872681736946106,0.35714285714285715,0.29411764705882354,0.0,55,0,1.0,0.9447852760736196,1.0,0.9447852760736196,0.5719956694334175,0.0,0.0,1.0,1.0,0.0,0.0,0.0,0.0,0.1840495537689174,0,False,0.0,0.0,0.0,3.5857393000318822,0.0,0.0,3.5857393000318822,2.168561385921453,3.5857393000318822,3.5857393000318822,global,6
3782,1,3782,1,0.8677709102630615,0.8677709102630615,0.8742763996124268,0.7142857142857143,0.7058823529411765,0.0,55,0,1.0,0.9447852760736196,1.0,0.9447852760736196,1.372789606640202,0.8507462686567164,0.8507462686567164,0.8505039193729003,0.8505039193729003,0.0,0.0,0.0,0.0,0.5268429271187516,0,True,0.3333333333333333,0.3333333333333333,0.3333333333333333,5.820749900311022,0.0,0.0,4.820749900311022,3.4035719862005926,4.820749900311022,4.820749900311022,global,7
3787,1,3787,1,0.8647114038467407,0.8647114038467407,0.8826737999916077,0.2857142857142857,0.23529411764705885,0.0,55,0,1.0,0.9447852760736196,1.0,0.9447852760736196,0.4575965355467341,0.0,0.0,0.8616028708133974,0.8616028708133974,0.0,0.0,0.0,0.0,0.1842338296497404,0,False,0.0,0.0,0.0,3.351321142497846,0.0,0.0,3.351321142497846,1.9341432283874167,3.351321142497846,3.351321142497846,global,0
3818,0,3818,0,0.6310856342315674,0.6310856342315674,0.6600908637046814,0.2857142857142857,0.411764705882353,0.0,16,0,1.0,0.24430563301728944,1.0,0.24430563301728944,0.5123611430071192,0.275,0.275,0.05014619883040934,0.05014619883040934,0.0,0.0,0.0,1.0,0.28029984349200004,0,True,0.5,0.5,0.5,3.5897337068529844,0.0,0.0,2.0897337068529844,1.7232752573270502,2.0897337068529844,2.0897337068529844,global,2
3820,1,3820,1,0.8500154614448547,0.8500154614448547,0.8682072162628174,0.21428571428571427,0.17647058823529413,0.0,55,0,1.0,0.9447852760736196,1.0,0.9447852760736196,0.3431974016600505,0.11538461538461539,0.11538461538461539,0.8616028708133974,0.8616028708133974,0.0,0.0,0.0,0.0,0.3324894384738411,0,False,0.0,0.0,0.0,3.194965440971467,0.0,0.0,3.194965440971467,1.7777875268610375,3.194965440971467,3.194965440971467,global,0
3825,1,3825,1,0.8443949818611145,0.8443949818611145,0.849427342414856,0.5714285714285714,0.4705882352941177,0.0,55,0,1.0,0.9447852760736196,1.0,0.9447852760736196,0.9151930710934681,0.08695652173913043,0.08695652173913043,0.24006159014557663,0.24006159014557663,0.0,0.0,0.0,0.0,0.5129196242539368,0,False,0.0,0.0,0.0,3.879205623965097,0.0,0.0,3.879205623965097,2.462027709854668,3.879205623965097,3.879205623965097,global,3
3830,1,3830,1,0.8375307321548462,0.8375307321548462,0.8499609231948853,0.35714285714285715,0.411764705882353,0.0,55,0,1.0,0.9447852760736196,1.0,0.9447852760736196,0.8007939372067846,0.8939393939393939,0.8939393939393939,0.8505039193729003,0.8505039193729003,0.0,0.0,0.0,0.0,0.4440551027121147,0,True,0.3333333333333333,0.3333333333333333,0.3333333333333333,4.826343259241954,0.0,0.0,3.8263432592419537,2.4091653451315245,3.8263432592419537,3.8263432592419537,global,7
3838,0,3838,0,0.8123843669891357,0.8123843669891357,0.8168122172355652,0.7857142857142857,1.0,0.0,16,0,1.0,0.24430563301728944,1.0,0.24430563301728944,1.2443056330172895,0.6607142857142857,0.6607142857142857,0.8505039193729003,0.8505039193729003,0.0,0.0,0.0,1.0,0.49010711190716777,0,True,1.0,1.0,1.0,7.37436432209013,0.0,0.0,4.37436432209013,4.007905872564195,4.37436432209013,4.37436432209013,global,7
3854,1,3854,1,0.9429385662078857,0.9429385662078857,0.982402503490448,0.7142857142857143,0.5882352941176471,0.0,55,0,1.0,0.9447852760736196,1.0,0.9447852760736196,1.143991338866835,0.03409090909090909,0.03409090909090909,1.0,1.0,0.0,0.0,0.0,0.0,0.6495515777970944,0,False,0.0,0.0,0.0,4.757150542936875,0.0,0.0,4.757150542936875,3.3399726288264455,4.757150542936875,4.757150542936875,global,6
3872,0,3872,0,0.7567177414894104,0.7567177414894104,0.7660731077194214,0.42857142857142855,0.6470588235294118,0.0,16,0,1.0,0.24430563301728944,1.0,0.24430563301728944,0.8051389390111874,0.6470588235294118,0.6470588235294118,0.8505039193729003,0.8505039193729003,0.0,0.0,0.0,1.0,0.28161439029221974,0,True,0.8333333333333333,0.8333333333333333,0.8333333333333333,5.70425799512183,0.0,0.0,3.204257995121831,2.837799545595897,3.204257995121831,3.204257995121831,global,7
3880,1,3880,1,0.6696689128875732,0.6696689128875732,0.7173547744750977,0.2857142857142857,0.29411764705882354,0.0,55,0,1.0,0.9447852760736196,1.0,0.9447852760736196,0.5719956694334175,0.29411764705882354,0.29411764705882354,0.0,0.0,0.0,0.0,0.0,0.0,0.14803753106167375,0,True,0.16666666666666666,0.16666666666666666,0.16666666666666666,3.371273883570923,0.0,0.0,2.871273883570923,1.4540959694604936,2.871273883570923,2.871273883570923,global,9
3881,1,3881,1,0.8176026940345764,0.8176026940345764,0.8798847794532776,0.21428571428571427,0.17647058823529413,0.0,55,0,1.0,0.9447852760736196,1.0,0.9447852760736196,0.3431974016600505,0.95,0.95,0.49644736842105247,0.49644736842105247,0.0,0.0,0.0,0.0,0.25975180416703814,0,False,0.0,0.0,0.0,2.964636185555031,0.0,0.0,2.964636185555031,1.5474582714446015,2.964636185555031,2.964636185555031,global,1
3886,0,3886,0,0.8073917627334595,0.8073917627334595,0.8590143322944641,0.14285714285714285,0.17647058823529413,0.0,16,0,1.0,0.24430563301728944,1.0,0.24430563301728944,0.2195833470030511,0.7391304347826086,0.7391304347826086,0.49644736842105247,0.49644736842105247,0.0,0.0,0.0,1.0,0.1506565648338549,0,True,0.16666666666666666,0.16666666666666666,0.16666666666666666,2.3015908327011156,0.0,0.0,1.8015908327011156,1.4351323831751814,1.8015908327011156,1.8015908327011156,global,1
3897,1,3897,1,0.8207552433013916,0.8207552433013916,0.876997172832489,0.0,0.0,0.0,55,0,1.0,0.9447852760736196,1.0,0.9447852760736196,0.0,0.23076923076923078,0.23076923076923078,1.0,1.0,0.0,0.0,0.0,0.0,0.21668336778839922,0,False,0.0,0.0,0.0,2.6387871190880627,0.0,0.0,2.6387871190880627,1.221609204977633,2.6387871190880627,2.6387871190880627,global,6
3924,1,3924,1,0.8930380344390869,0.8930380344390869,0.9052306413650513,0.42857142857142855,0.35294117647058826,0.0,55,0,1.0,0.9447852760736196,1.0,0.9447852760736196,0.686394803320101,0.05194805194805195,0.05194805194805195,0.8616028708133974,0.8616028708133974,0.0,0.0,0.0,0.0,0.5188435287186466,0,False,0.0,0.0,0.0,3.8525166171965974,0.0,0.0,3.8525166171965974,2.4353387030861677,3.8525166171965974,3.8525166171965974,global,0
3939,1,3939,1,0.8418256640434265,0.8418256640434265,0.8543022274971008,0.35714285714285715,0.35294117647058826,0.0,55,0,1.0,0.9447852760736196,1.0,0.9447852760736196,0.686394803320101,0.15492957746478872,0.15492957746478872,0.24006159014557663,0.24006159014557663,0.0,0.0,0.0,0.0,0.479059324415566,0,True,0.16666666666666666,0.16666666666666666,0.16666666666666666,3.917412247826663,0.0,0.0,3.417412247826663,2.000234333716233,3.417412247826663,3.417412247826663,global,3
3949,1,3949,1,0.8453284502029419,0.8453284502029419,0.8844777345657349,0.21428571428571427,0.17647058823529413,0.0,55,0,1.0,0.9447852760736196,1.0,0.9447852760736196,0.3431974016600505,0.0,0.0,1.0,1.0,0.0,0.0,0.0,0.0,0.25207332937576077,0,False,0.0,0.0,0.0,3.236289563841814,0.0,0.0,3.236289563841814,1.8191116497313844,3.236289563841814,3.236289563841814,global,6
3979,1,3979,1,0.7338631749153137,0.7338631749153137,0.7451152205467224,0.21428571428571427,0.17647058823529413,0.0,55,0,1.0,0.9447852760736196,1.0,0.9447852760736196,0.3431974016600505,0.15,0.15,0.24006159014557663,0.24006159014557663,0.0,0.0,0.0,0.0,0.1477348922283424,0,False,0.0,0.0,0.0,2.735846607540274,0.0,0.0,2.735846607540274,1.3186686934298446,2.735846607540274,2.735846607540274,global,3
3994,0,3994,0,0.7972694635391235,0.7972694635391235,0.8212670683860779,0.42857142857142855,0.5882352941176471,0.0,16,0,1.0,0.24430563301728944,1.0,0.24430563301728944,0.7319444900101703,0.40425531914893614,0.40425531914893614,0.6007775119617226,0.6007775119617226,0.0,0.0,0.0,1.0,0.35823437097511523,0,True,0.6666666666666666,0.6666666666666666,0.6666666666666666,5.017175104437351,0.0,0.0,3.0171751044373516,2.6507166549114176,3.0171751044373516,3.0171751044373516,global,5
4001,0,4001,0,0.6894117593765259,0.6894117593765259,0.6901307702064514,0.07142857142857142,0.11764705882352942,0.0,16,0,1.0,0.24430563301728944,1.0,0.24430563301728944,0.14638889800203406,0.15384615384615385,0.15384615384615385,0.9268092105263157,0.9268092105263157,0.0,0.0,0.0,1.0,0.08059522424228589,0,True,0.16666666666666666,0.16666666666666666,0.16666666666666666,2.2122937186386284,0.0,0.0,1.7122937186386287,1.3458352691126945,1.7122937186386287,1.7122937186386287,global,4
4012,0,4012,0,0.7743085622787476,0.7743085622787476,0.7863980531692505,0.35714285714285715,0.35294117647058826,0.0,16,0,1.0,0.24430563301728944,1.0,0.24430563301728944,0.4391666940061022,0.5757575757575758,0.5757575757575758,0.8505039193729003,0.8505039193729003,0.0,0.0,0.0,1.0,0.2557245444186373,0,True,0.16666666666666666,0.16666666666666666,0.16666666666666666,3.0508998324450074,0.0,0.0,2.5508998324450074,2.1844413829190734,2.5508998324450074,2.5508998324450074,global,7
4018,1,4018,1,0.8932104706764221,0.8932104706764221,0.8963276743888855,0.5714285714285714,0.4705882352941177,0.0,55,0,1.0,0.9447852760736196,1.0,0.9447852760736196,0.9151930710934681,0.10714285714285714,0.10714285714285714,0.8616028708133974,0.8616028708133974,0.0,0.0,0.0,0.0,0.4359820536215973,0,False,0.0,0.0,0.0,4.205947384161552,0.0,0.0,4.205947384161552,2.7887694700511223,4.205947384161552,4.205947384161552,global,0
4035,1,4035,1,0.6462331414222717,0.6462331414222717,0.6947460770606995,0.2857142857142857,0.23529411764705885,0.0,55,0,1.0,0.9447852760736196,1.0,0.9447852760736196,0.4575965355467341,0.047619047619047616,0.047619047619047616,0.0,0.0,0.0,0.0,0.0,0.0,0.16890096991580297,0,False,0.0,0.0,0.0,2.7411372392313913,0.0,0.0,2.7411372392313913,1.3239593251209618,2.7411372392313913,2.7411372392313913,global,9
4036,1,4036,1,0.7882472276687622,0.7882472276687622,0.7915103435516357,0.6428571428571429,0.6470588235294118,0.0,55,0,1.0,0.9447852760736196,1.0,0.9447852760736196,1.2583904727535187,0.20408163265306123,0.20408163265306123,0.8616028708133974,0.8616028708133974,0.0,0.0,0.0,0.0,0.4161290267149406,0,True,0.3333333333333333,0.3333333333333333,0.3333333333333333,5.540390629582587,0.0,0.0,4.540390629582587,3.1232127154721576,4.540390629582587,4.540390629582587,global,0
4047,1,4047,1,0.8548741340637207,0.8548741340637207,0.8462293148040771,0.7857142857142857,0.7058823529411765,0.0,55,0,1.0,0.9447852760736196,1.0,0.9447852760736196,1.372789606640202,0.06666666666666667,0.06666666666666667,0.24006159014557663,0.24006159014557663,0.0,0.0,0.0,0.0,0.33208192346275595,0,True,0.16666666666666666,0.16666666666666666,0.16666666666666666,5.01821158506966,0.0,0.0,4.51821158506966,3.1010336709592305,4.51821158506966,4.51821158506966,global,3
4050,1,4050,1,0.653648853302002,0.653648853302002,0.679219126701355,0.5714285714285714,0.4705882352941177,0.0,55,0,1.0,0.9447852760736196,1.0,0.9447852760736196,0.9151930710934681,0.10526315789473684,0.10526315789473684,0.05014619883040934,0.05014619883040934,0.0,0.0,0.0,0.0,0.32898042579652376,0,False,0.0,0.0,0.0,3.5764692659230004,0.0,0.0,3.5764692659230004,2.1592913518125707,3.5764692659230004,3.5764692659230004,global,2
4053,1,4053,1,0.6460993885993958,0.6460993885993958,0.7043914198875427,0.07142857142857142,0.05882352941176471,0.0,55,0,1.0,0.9447852760736196,1.0,0.9447852760736196,0.11439913388668352,0.08333333333333333,0.08333333333333333,0.0,0.0,0.0,0.0,0.0,0.0,0.13799546883792618,0,False,0.0,0.0,0.0,2.164531695893425,0.0,0.0,2.164531695893425,0.7473537817829954,2.164531695893425,2.164531695893425,global,9
4058,0,4058,0,0.8545171022415161,0.8545171022415161,0.8928472995758057,0.5,0.7647058823529412,0.0,16,0,1.0,0.24430563301728944,1.0,0.24430563301728944,0.9515278370132214,0.25,0.25,1.0,1.0,0.0,0.0,0.0,1.0,0.23319249107193996,0,True,1.0,1.0,1.0,6.649441643346611,0.0,0.0,3.6494416433466115,3.2829831938206775,3.6494416433466115,3.6494416433466115,global,6
4081,1,4081,1,0.8838167190551758,0.8838167190551758,0.9428555965423584,0.42857142857142855,0.35294117647058826,0.0,55,0,1.0,0.9447852760736196,1.0,0.9447852760736196,0.686394803320101,0.0,0.0,1.0,1.0,0.0,0.0,0.0,0.0,0.3483304110515811,0,False,0.0,0.0,0.0,3.86318419418265,0.0,0.0,3.86318419418265,2.44600628007222,3.86318419418265,3.86318419418265,global,6
4099,1,4099,1,0.6157751679420471,0.6157751679420471,0.6546810865402222,0.21428571428571427,0.17647058823529413,0.0,55,0,1.0,0.9447852760736196,1.0,0.9447852760736196,0.3431974016600505,0.16129032258064516,0.16129032258064516,0.05014619883040934,0.05014619883040934,0.0,0.0,0.0,0.0,0.2118342716425067,0,False,0.0,0.0,0.0,2.5656483201283264,0.0,0.0,2.5656483201283264,1.148470406017897,2.5656483201283264,2.5656483201283264,global,2
4171,0,4171,0,0.8035799264907837,0.8035799264907837,0.7984259724617004,0.42857142857142855,0.7058823529411765,0.0,16,0,1.0,0.24430563301728944,1.0,0.24430563301728944,0.8783333880122044,0.31746031746031744,0.31746031746031744,0.24006159014557663,0.24006159014557663,0.0,0.0,0.0,1.0,0.47810969968775063,0,True,1.0,1.0,1.0,6.113122230151456,0.0,0.0,3.113122230151456,2.746663780625522,3.113122230151456,3.113122230151456,global,3
4202,1,4202,1,0.5502291917800903,0.5502291917800903,0.5603597164154053,0.07142857142857142,0.05882352941176471,0.0,55,0,1.0,0.9447852760736196,1.0,0.9447852760736196,0.11439913388668352,0.8125,0.8125,0.0,0.0,0.0,0.0,0.0,0.0,0.09564550006266048,0,False,0.0,0.0,0.0,2.0751305478054007,0.0,0.0,2.0751305478054007,0.6579526336949713,2.0751305478054007,2.0751305478054007,global,8
4209,1,4209,1,0.9062009453773499,0.9062009453773499,0.9528521299362183,0.42857142857142855,0.4705882352941177,0.0,55,0,1.0,0.9447852760736196,1.0,0.9447852760736196,0.9151930710934681,0.07865168539325842,0.07865168539325842,1.0,1.0,0.0,0.0,0.0,0.0,0.5927371484772898,0,True,0.3333333333333333,0.3333333333333333,0.3333333333333333,5.18970771411516,0.0,0.0,4.18970771411516,2.772529800004731,4.18970771411516,4.18970771411516,global,6
4225,1,4225,1,0.6889931559562683,0.6889931559562683,0.7057451009750366,0.21428571428571427,0.17647058823529413,0.0,55,0,1.0,0.9447852760736196,1.0,0.9447852760736196,0.3431974016600505,1.0,1.0,0.8505039193729003,0.8505039193729003,0.0,0.0,0.0,0.0,0.11024838156395442,0,False,0.0,0.0,0.0,2.9939258037873833,0.0,0.0,2.9939258037873833,1.5767478896769538,2.9939258037873833,2.9939258037873833,global,7
4241,0,4241,0,0.5259009003639221,0.5259009003639221,0.5132498145103455,0.14285714285714285,0.23529411764705885,0.0,16,0,1.0,0.24430563301728944,1.0,0.24430563301728944,0.2927777960040681,0.45454545454545453,0.45454545454545453,0.0,0.0,0.0,0.0,0.0,1.0,0.15129950268061176,0,True,0.3333333333333333,0.3333333333333333,0.3333333333333333,2.4460143987725163,0.0,0.0,1.446014398772516,1.0795559492465818,1.446014398772516,1.446014398772516,global,8
4249,1,4249,1,0.8518272638320923,0.8518272638320923,0.8977033495903015,0.42857142857142855,0.35294117647058826,0.0,55,0,1.0,0.9447852760736196,1.0,0.9447852760736196,0.686394803320101,0.045454545454545456,0.045454545454545456,1.0,1.0,0.0,0.0,0.0,0.0,0.3323333864415249,0,False,0.0,0.0,0.0,3.8327935226211656,0.0,0.0,3.8327935226211656,2.4156156085107363,3.8327935226211656,3.8327935226211656,global,6
4257,0,4257,0,0.7076326012611389,0.7076326012611389,0.7264872789382935,0.21428571428571427,0.29411764705882354,0.0,16,0,1.0,0.24430563301728944,1.0,0.24430563301728944,0.36597224500508513,0.5952380952380952,0.5952380952380952,0.8505039193729003,0.8505039193729003,0.0,0.0,0.0,1.0,0.2805173010388391,0,True,0.3333333333333333,0.3333333333333333,0.3333333333333333,3.2444926889363086,0.0,0.0,2.2444926889363086,1.8780342394103744,2.2444926889363086,2.2444926889363086,global,7
4267,1,4267,1,0.8830972909927368,0.8830972909927368,0.9200116395950317,0.07142857142857142,0.11764705882352942,0.0,55,0,1.0,0.9447852760736196,1.0,0.9447852760736196,0.22879826777336704,0.9354838709677419,0.9354838709677419,0.9268092105263157,0.9268092105263157,0.0,0.0,0.0,0.0,0.17707804708479227,0,True,0.16666666666666666,0.16666666666666666,0.16666666666666666,3.446906455368845,0.0,0.0,2.946906455368845,1.5297285412584154,2.946906455368845,2.946906455368845,global,4
4279,1,4279,1,0.8445415496826172,0.8445415496826172,0.8880786299705505,0.35714285714285715,0.29411764705882354,0.0,55,0,1.0,0.9447852760736196,1.0,0.9447852760736196,0.5719956694334175,0.8867924528301887,0.8867924528301887,0.49644736842105247,0.49644736842105247,0.0,0.0,0.0,0.0,0.37005311631479787,0,False,0.0,0.0,0.0,3.397428924221993,0.0,0.0,3.397428924221993,1.9802510101115636,3.397428924221993,3.397428924221993,global,1
4321,0,4321,0,0.8024128675460815,0.8024128675460815,0.8453711867332458,0.35714285714285715,0.5882352941176471,0.0,16,0,1.0,0.24430563301728944,1.0,0.24430563301728944,0.7319444900101703,0.6176470588235294,0.6176470588235294,0.49644736842105247,0.49644736842105247,0.0,0.0,0.0,1.0,0.2618299478995323,0,True,0.8333333333333333,0.8333333333333333,0.8333333333333333,5.368774857521336,0.0,0.0,2.8687748575213363,2.5023164079954023,2.8687748575213363,2.8687748575213363,global,1
4322,1,4322,1,0.7570409774780273,0.7570409774780273,0.7724868655204773,0.14285714285714285,0.11764705882352942,0.0,55,0,1.0,0.9447852760736196,1.0,0.9447852760736196,0.22879826777336704,0.17647058823529413,0.17647058823529413,0.24006159014557663,0.24006159014557663,0.0,0.0,0.0,0.0,0.11416211835293512,0,False,0.0,0.0,0.0,2.5552413871757222,0.0,0.0,2.5552413871757222,1.1380634730652925,2.5552413871757222,2.5552413871757222,global,3
434,1,434,1,0.9207270741462708,0.9207270741462708,0.964491069316864,0.5,0.4705882352941177,0.0,55,0,1.0,0.9447852760736196,1.0,0.9447852760736196,0.9151930710934681,0.10679611650485436,0.10679611650485436,1.0,1.0,0.0,0.0,0.0,0.0,0.6933782375537202,0,True,0.16666666666666666,0.16666666666666666,0.16666666666666666,4.802949515281798,0.0,0.0,4.302949515281798,2.8857716011713683,4.302949515281798,4.302949515281798,global,6
4342,1,4342,1,0.8831645250320435,0.8831645250320435,0.9343350529670715,0.42857142857142855,0.35294117647058826,0.0,55,0,1.0,0.9447852760736196,1.0,0.9447852760736196,0.686394803320101,0.017857142857142856,0.017857142857142856,1.0,1.0,0.0,0.0,0.0,0.0,0.3989862306885192,0,False,0.0,0.0,0.0,3.8778591848552253,0.0,0.0,3.8778591848552253,2.4606812707447956,3.8778591848552253,3.8778591848552253,global,6
4352,1,4352,1,0.7325657606124878,0.7325657606124878,0.7302460074424744,0.21428571428571427,0.17647058823529413,0.0,55,0,1.0,0.9447852760736196,1.0,0.9447852760736196,0.3431974016600505,0.07407407407407407,0.07407407407407407,0.24006159014557663,0.24006159014557663,0.0,0.0,0.0,0.0,0.19088390202744068,0,False,0.0,0.0,0.0,2.747753379037743,0.0,0.0,2.747753379037743,1.3305754649273134,2.747753379037743,2.747753379037743,global,3
4359,1,4359,1,0.8229342699050903,0.8229342699050903,0.841934323310852,0.2857142857142857,0.23529411764705885,0.0,55,0,1.0,0.9447852760736196,1.0,0.9447852760736196,0.4575965355467341,0.90625,0.90625,0.8505039193729003,0.8505039193729003,0.0,0.0,0.0,0.0,0.41787037647969666,0,False,0.0,0.0,0.0,3.382440923673264,0.0,0.0,3.382440923673264,1.9652630095628347,3.382440923673264,3.382440923673264,global,7
4363,1,4363,1,0.8892215490341187,0.8892215490341187,0.911628782749176,0.5,0.411764705882353,0.0,55,0,1.0,0.9447852760736196,1.0,0.9447852760736196,0.8007939372067846,0.9444444444444444,0.9444444444444444,0.9268092105263157,0.9268092105263157,0.0,0.0,0.0,0.0,0.3004354650148352,0,False,0.0,0.0,0.0,4.005619809870039,0.0,0.0,4.005619809870039,2.5884418957596096,4.005619809870039,4.005619809870039,global,4
4366,0,4366,0,0.5337260961532593,0.5337260961532593,0.5420976877212524,0.14285714285714285,0.23529411764705885,0.0,16,0,1.0,0.24430563301728944,1.0,0.24430563301728944,0.2927777960040681,0.5454545454545454,0.5454545454545454,0.05014619883040934,0.05014619883040934,0.0,0.0,0.0,1.0,0.08195819091151417,0,True,0.3333333333333333,0.3333333333333333,0.3333333333333333,2.4565452612884613,0.0,0.0,1.4565452612884613,1.090086811762527,1.4565452612884613,1.4565452612884613,global,2
4391,0,4391,0,0.7334479689598083,0.7334479689598083,0.7861042618751526,0.07142857142857142,0.11764705882352942,0.0,16,0,1.0,0.24430563301728944,1.0,0.24430563301728944,0.14638889800203406,0.5454545454545454,0.5454545454545454,0.6007775119617226,0.6007775119617226,0.0,0.0,0.0,1.0,0.06545946455507799,0,True,0.16666666666666666,0.16666666666666666,0.16666666666666666,2.079966109116796,0.0,0.0,1.5799661091167958,1.2135076595908616,1.5799661091167958,1.5799661091167958,global,5
4398,0,4398,0,0.7056477665901184,0.7056477665901184,0.7226605415344238,0.2857142857142857,0.4705882352941177,0.0,16,0,1.0,0.24430563301728944,1.0,0.24430563301728944,0.5855555920081362,0.29411764705882354,0.29411764705882354,0.49644736842105247,0.49644736842105247,0.0,0.0,0.0,1.0,0.1501402991164995,0,True,0.6666666666666666,0.6666666666666666,0.6666666666666666,4.451133193046026,0.0,0.0,2.451133193046026,2.084674743520092,2.451133193046026,2.451133193046026,global,1
4409,0,4409,0,0.7737418413162231,0.7737418413162231,0.7949854731559753,0.14285714285714285,0.17647058823529413,0.0,16,0,1.0,0.24430563301728944,1.0,0.24430563301728944,0.2195833470030511,0.375,0.375,0.8616028708133974,0.8616028708133974,0.0,0.0,0.0,1.0,0.1571668695323434,0,True,0.16666666666666666,0.16666666666666666,0.16666666666666666,2.4592017381730455,0.0,0.0,1.9592017381730458,1.5927432886471116,1.9592017381730458,1.9592017381730458,global,0
4421,1,4421,1,0.626293420791626,0.626293420791626,0.6233772039413452,0.14285714285714285,0.11764705882352942,0.0,55,0,1.0,0.9447852760736196,1.0,0.9447852760736196,0.22879826777336704,0.9069767441860465,0.9069767441860465,0.0,0.0,0.0,0.0,0.0,0.0,0.2723986376584325,0,False,0.0,0.0,0.0,2.3780835025454614,0.0,0.0,2.3780835025454614,0.9609055884350322,2.3780835025454614,2.3780835025454614,global,8
4436,1,4436,1,0.843222439289093,0.843222439289093,0.8748491406440735,1.0,0.9411764705882354,0.0,55,0,1.0,0.9447852760736196,1.0,0.9447852760736196,1.8303861421869363,0.09278350515463918,0.09278350515463918,0.0,0.0,0.0,0.0,0.0,0.0,0.7660264373515138,0,True,0.3333333333333333,0.3333333333333333,0.3333333333333333,6.203916737923629,0.0,0.0,5.203916737923629,3.7867388238131996,5.203916737923629,5.203916737923629,global,9
4440,1,4440,1,0.7724419832229614,0.7724419832229614,0.7975066900253296,0.14285714285714285,0.11764705882352942,0.0,55,0,1.0,0.9447852760736196,1.0,0.9447852760736196,0.22879826777336704,0.813953488372093,0.813953488372093,0.8505039193729003,0.8505039193729003,0.0,0.0,0.0,0.0,0.26651166323427156,0,False,0.0,0.0,0.0,2.918488219849732,0.0,0.0,2.918488219849732,1.5013103057393025,2.918488219849732,2.918488219849732,global,7
4441,1,4441,1,0.7919487357139587,0.7919487357139587,0.8170381188392639,0.14285714285714285,0.11764705882352942,0.0,55,0,1.0,0.9447852760736196,1.0,0.9447852760736196,0.22879826777336704,0.12121212121212122,0.12121212121212122,0.8616028708133974,0.8616028708133974,0.0,0.0,0.0,0.0,0.2081109933125928,0,False,0.0,0.0,0.0,2.9221228965862744,0.0,0.0,2.9221228965862744,1.5049449824758452,2.9221228965862744,2.9221228965862744,global,0
4446,1,4446,1,0.9485101103782654,0.9485101103782654,0.9701685309410095,0.6428571428571429,0.5882352941176471,0.0,55,0,1.0,0.9447852760736196,1.0,0.9447852760736196,1.143991338866835,0.9594594594594594,0.9594594594594594,0.9268092105263157,0.9268092105263157,0.0,0.0,0.0,0.0,0.5494268584499427,0,True,0.16666666666666666,0.16666666666666666,0.16666666666666666,5.123546396303619,0.0,0.0,4.623546396303619,3.20636848219319,4.623546396303619,4.623546396303619,global,4
4448,1,4448,1,0.8532724380493164,0.8532724380493164,0.8987308740615845,0.2857142857142857,0.23529411764705885,0.0,55,0,1.0,0.9447852760736196,1.0,0.9447852760736196,0.4575965355467341,0.1,0.1,1.0,1.0,0.0,0.0,0.0,0.0,0.21998773119666057,0,False,0.0,0.0,0.0,3.422094704917284,0.0,0.0,3.422094704917284,2.004916790806855,3.422094704917284,3.422094704917284,global,6
4449,1,4449,1,0.8454764485359192,0.8454764485359192,0.8837352991104126,0.14285714285714285,0.17647058823529413,0.0,55,0,1.0,0.9447852760736196,1.0,0.9447852760736196,0.3431974016600505,0.782608695652174,0.782608695652174,0.9268092105263157,0.9268092105263157,0.0,0.0,0.0,0.0,0.2845910546262528,0,True,0.16666666666666666,0.16666666666666666,0.16666666666666666,3.6381393139179297,0.0,0.0,3.1381393139179297,1.7209613998075002,3.1381393139179297,3.1381393139179297,global,4
4462,1,4462,1,0.8351687788963318,0.8351687788963318,0.8903688788414001,0.2857142857142857,0.29411764705882354,0.0,55,0,1.0,0.9447852760736196,1.0,0.9447852760736196,0.5719956694334175,0.8461538461538461,0.8461538461538461,0.49644736842105247,0.49644736842105247,0.0,0.0,0.0,0.0,0.34645821813239,0,True,0.16666666666666666,0.16666666666666666,0.16666666666666666,3.811423666709671,0.0,0.0,3.311423666709671,1.8942457525992416,3.311423666709671,3.311423666709671,global,1
4472,1,4472,1,0.5824423432350159,0.5824423432350159,0.6109704971313477,0.2857142857142857,0.23529411764705885,0.0,55,0,1.0,0.9447852760736196,1.0,0.9447852760736196,0.4575965355467341,0.0425531914893617,0.0425531914893617,0.05014619883040934,0.05014619883040934,0.0,0.0,0.0,0.0,0.32241213047201317,0,False,0.0,0.0,0.0,2.761231048263654,0.0,0.0,2.761231048263654,1.3440531341532247,2.761231048263654,2.761231048263654,global,2
4473,1,4473,1,0.5537940263748169,0.5537940263748169,0.5838996767997742,0.21428571428571427,0.17647058823529413,0.0,55,0,1.0,0.9447852760736196,1.0,0.9447852760736196,0.3431974016600505,0.16216216216216217,0.16216216216216217,0.05014619883040934,0.05014619883040934,0.0,0.0,0.0,0.0,0.24988875039299732,0,False,0.0,0.0,0.0,2.5274797504996895,0.0,0.0,2.5274797504996895,1.1103018363892598,2.5274797504996895,2.5274797504996895,global,2
4480,1,4480,1,0.8847769498825073,0.8847769498825073,0.9210973381996155,0.5714285714285714,0.4705882352941177,0.0,55,0,1.0,0.9447852760736196,1.0,0.9447852760736196,0.9151930710934681,0.09375,0.09375,1.0,1.0,0.0,0.0,0.0,0.0,0.48380760718441995,0,False,0.0,0.0,0.0,4.282746798188568,0.0,0.0,4.282746798188568,2.865568884078139,4.282746798188568,4.282746798188568,global,6
4493,1,4493,1,0.889188289642334,0.889188289642334,0.9010849595069885,0.42857142857142855,0.411764705882353,0.0,55,0,1.0,0.9447852760736196,1.0,0.9447852760736196,0.8007939372067846,0.10606060606060606,0.10606060606060606,0.8616028708133974,0.8616028708133974,0.0,0.0,0.0,0.0,0.45729460832720864,0,True,0.16666666666666666,0.16666666666666666,0.16666666666666666,4.4486192040652925,0.0,0.0,3.9486192040652925,2.5314412899548633,3.9486192040652925,3.9486192040652925,global,0
450,1,450,1,0.6040747165679932,0.6040747165679932,0.6321320533752441,0.21428571428571427,0.17647058823529413,0.0,55,0,1.0,0.9447852760736196,1.0,0.9447852760736196,0.3431974016600505,0.08333333333333333,0.08333333333333333,0.05014619883040934,0.05014619883040934,0.0,0.0,0.0,0.0,0.18006626909650267,0,False,0.0,0.0,0.0,2.546757558265282,0.0,0.0,2.546757558265282,1.1295796441548525,2.546757558265282,2.546757558265282,global,2
4519,1,4519,1,0.8797520995140076,0.8797520995140076,0.8917994499206543,0.42857142857142855,0.4705882352941177,0.0,55,0,1.0,0.9447852760736196,1.0,0.9447852760736196,0.9151930710934681,0.06779661016949153,0.06779661016949153,0.8616028708133974,0.8616028708133974,0.0,0.0,0.0,0.0,0.41824819713140066,0,True,0.3333333333333333,0.3333333333333333,0.3333333333333333,5.047003387427419,0.0,0.0,4.047003387427419,2.6298254733169895,4.047003387427419,4.047003387427419,global,0
4530,1,4530,1,0.6429117918014526,0.6429117918014526,0.6723981499671936,0.5,0.4705882352941177,0.0,55,0,1.0,0.9447852760736196,1.0,0.9447852760736196,0.9151930710934681,0.027777777777777776,0.027777777777777776,0.05014619883040934,0.05014619883040934,0.0,0.0,0.0,0.0,0.30209691891848023,0,True,0.16666666666666666,0.16666666666666666,0.16666666666666666,3.988385993230576,0.0,0.0,3.488385993230576,2.0712080791201464,3.488385993230576,3.488385993230576,global,2
4535,1,4535,1,0.043379805982112885,0.043379805982112885,0.01778583787381649,0.14285714285714285,0.11764705882352942,0.0,55,0,1.0,0.9447852760736196,1.0,0.9447852760736196,0.22879826777336704,0.0,0.0,0.0,0.0,0.0,0.0,0.0,0.0,0.015624999999999998,0,False,0.0,0.0,0.0,1.8347205194003215,0.0,0.0,1.8347205194003215,0.417542605289892,1.8347205194003215,1.8347205194003215,global,11
4566,1,4566,1,0.8240110874176025,0.8240110874176025,0.8875724673271179,0.35714285714285715,0.29411764705882354,0.0,55,0,1.0,0.9447852760736196,1.0,0.9447852760736196,0.5719956694334175,0.9285714285714286,0.9285714285714286,0.49644736842105247,0.49644736842105247,0.0,0.0,0.0,0.0,0.3058246413948041,0,False,0.0,0.0,0.0,3.3617360119339836,0.0,0.0,3.3617360119339836,1.9445580978235542,3.3617360119339836,3.3617360119339836,global,1
4572,0,4572,0,0.8221167325973511,0.8221167325973511,0.8618513345718384,0.42857142857142855,0.6470588235294118,0.0,16,0,1.0,0.24430563301728944,1.0,0.24430563301728944,0.8051389390111874,0.25806451612903225,0.25806451612903225,1.0,1.0,0.0,0.0,0.0,1.0,0.26058285981832763,0,True,0.8333333333333333,0.8333333333333333,0.8333333333333333,5.825015769179565,0.0,0.0,3.3250157691795654,2.9585573196536314,3.3250157691795654,3.3250157691795654,global,6
4595,1,4595,1,0.7854408025741577,0.7854408025741577,0.8202606439590454,0.21428571428571427,0.17647058823529413,0.0,55,0,1.0,0.9447852760736196,1.0,0.9447852760736196,0.3431974016600505,0.08695652173913043,0.08695652173913043,0.6007775119617226,0.6007775119617226,0.0,0.0,0.0,0.0,0.16401153336690244,0,False,0.0,0.0,0.0,2.9623496629169903,0.0,0.0,2.9623496629169903,1.5451717488065608,2.9623496629169903,2.9623496629169903,global,5
4604,1,4604,1,0.9260632395744324,0.9260632395744324,0.9438132047653198,0.5,0.4705882352941177,0.0,55,0,1.0,0.9447852760736196,1.0,0.9447852760736196,0.9151930710934681,0.8723404255319149,0.8723404255319149,0.9268092105263157,0.9268092105263157,0.0,0.0,0.0,0.0,0.36710440996468974,0,True,0.16666666666666666,0.16666666666666666,0.16666666666666666,4.672740904610776,0.0,0.0,4.172740904610776,2.755562990500346,4.172740904610776,4.172740904610776,global,4
4621,1,4621,1,0.7747678756713867,0.7747678756713867,0.8028367757797241,0.42857142857142855,0.4705882352941177,0.0,55,0,1.0,0.9447852760736196,1.0,0.9447852760736196,0.9151930710934681,0.17777777777777778,0.17777777777777778,0.6007775119617226,0.6007775119617226,0.0,0.0,0.0,0.0,0.34242434627878543,0,True,0.3333333333333333,0.3333333333333333,0.3333333333333333,4.8098561736717,0.0,0.0,3.8098561736717,2.3926782595612703,3.8098561736717,3.8098561736717,global,5
4629,1,4629,1,0.7266032695770264,0.7266032695770264,0.776122510433197,0.42857142857142855,0.4705882352941177,0.0,55,0,1.0,0.9447852760736196,1.0,0.9447852760736196,0.9151930710934681,0.1590909090909091,0.1590909090909091,0.0,0.0,0.0,0.0,0.0,0.0,0.335748221796502,0,True,0.3333333333333333,0.3333333333333333,0.3333333333333333,4.468932895470665,0.0,0.0,3.4689328954706653,2.0517549813602356,3.4689328954706653,3.4689328954706653,global,9
4633,1,4633,1,0.6454471349716187,0.6454471349716187,0.668860673904419,0.5,0.4705882352941177,0.0,55,0,1.0,0.9447852760736196,1.0,0.9447852760736196,0.9151930710934681,0.10416666666666667,0.10416666666666667,0.05014619883040934,0.05014619883040934,0.0,0.0,0.0,0.0,0.37462744572932943,0,True,0.16666666666666666,0.16666666666666666,0.16666666666666666,4.012173425809963,0.0,0.0,3.512173425809963,2.094995511699534,3.512173425809963,3.512173425809963,global,2
4637,1,4637,1,0.8958775401115417,0.8958775401115417,0.9269270896911621,0.35714285714285715,0.35294117647058826,0.0,55,0,1.0,0.9447852760736196,1.0,0.9447852760736196,0.686394803320101,0.8,0.8,0.9268092105263157,0.9268092105263157,0.0,0.0,0.0,0.0,0.294123355710102,0,True,0.16666666666666666,0.16666666666666666,0.16666666666666666,4.248546768259885,0.0,0.0,3.748546768259885,2.3313688541494555,3.748546768259885,3.748546768259885,global,4
4671,1,4671,1,0.8298007249832153,0.8298007249832153,0.8589989542961121,0.9285714285714286,0.7647058823529412,0.0,55,0,1.0,0.9447852760736196,1.0,0.9447852760736196,1.4871887405268855,0.03773584905660377,0.03773584905660377,0.0,0.0,0.0,0.0,0.0,0.0,0.49224325996626267,0,False,0.0,0.0,0.0,4.686674665364191,0.0,0.0,4.686674665364191,3.269496751253762,4.686674665364191,4.686674665364191,global,9
4676,1,4676,1,0.8730447292327881,0.8730447292327881,0.9035787582397461,0.2857142857142857,0.23529411764705885,0.0,55,0,1.0,0.9447852760736196,1.0,0.9447852760736196,0.4575965355467341,0.8653846153846154,0.8653846153846154,0.9268092105263157,0.9268092105263157,0.0,0.0,0.0,0.0,0.3469147851862309,0,False,0.0,0.0,0.0,3.4393952593240904,0.0,0.0,3.4393952593240904,2.022217345213661,3.4393952593240904,3.4393952593240904,global,4
4689,1,4689,1,0.7767899632453918,0.7767899632453918,0.7838624119758606,0.2857142857142857,0.29411764705882354,0.0,55,0,1.0,0.9447852760736196,1.0,0.9447852760736196,0.5719956694334175,0.2222222222222222,0.2222222222222222,0.24006159014557663,0.24006159014557663,0.0,0.0,0.0,0.0,0.2055453771299791,0,True,0.16666666666666666,0.16666666666666666,0.16666666666666666,3.594253872750458,0.0,0.0,3.094253872750458,1.6770759586400283,3.094253872750458,3.094253872750458,global,3
4708,1,4708,1,0.8453666567802429,0.8453666567802429,0.8715971112251282,0.42857142857142855,0.35294117647058826,0.0,55,0,1.0,0.9447852760736196,1.0,0.9447852760736196,0.686394803320101,0.08333333333333333,0.08333333333333333,0.6007775119617226,0.6007775119617226,0.0,0.0,0.0,0.0,0.4228043128615762,0,False,0.0,0.0,0.0,3.655155070886563,0.0,0.0,3.655155070886563,2.2379771567761337,3.655155070886563,3.655155070886563,global,5
4713,0,4713,0,0.6276686787605286,0.6276686787605286,0.6168624758720398,0.2857142857142857,0.4705882352941177,0.0,16,0,1.0,0.24430563301728944,1.0,0.24430563301728944,0.5855555920081362,0.5789473684210527,0.5789473684210527,0.0,0.0,0.0,0.0,0.0,1.0,0.2786178266846604,0,True,0.6666666666666666,0.6666666666666666,0.6666666666666666,4.179069496842276,0.0,0.0,2.179069496842276,1.812611047316342,2.179069496842276,2.179069496842276,global,8
4717,1,4717,1,0.8444478511810303,0.8444478511810303,0.8958446979522705,0.21428571428571427,0.17647058823529413,0.0,55,0,1.0,0.9447852760736196,1.0,0.9447852760736196,0.3431974016600505,0.847457627118644,0.847457627118644,0.49644736842105247,0.49644736842105247,0.0,0.0,0.0,0.0,0.3700108593265102,0,False,0.0,0.0,0.0,3.0191900278200356,0.0,0.0,3.0191900278200356,1.6020121137096062,3.0191900278200356,3.0191900278200356,global,1
4727,1,4727,1,0.9234736561775208,0.9234736561775208,0.9653330445289612,0.6428571428571429,0.5294117647058824,0.0,55,0,1.0,0.9447852760736196,1.0,0.9447852760736196,1.0295922049801516,0.058823529411764705,0.058823529411764705,1.0,1.0,0.0,0.0,0.0,0.0,0.5157564903197553,0,False,0.0,0.0,0.0,4.51236445841728,0.0,0.0,4.51236445841728,3.0951865443068507,4.51236445841728,4.51236445841728,global,6
4739,1,4739,1,0.5612096786499023,0.5612096786499023,0.6010264754295349,0.21428571428571427,0.17647058823529413,0.0,55,0,1.0,0.9447852760736196,1.0,0.9447852760736196,0.3431974016600505,0.12903225806451613,0.12903225806451613,0.05014619883040934,0.05014619883040934,0.0,0.0,0.0,0.0,0.21106341059104877,0,False,0.0,0.0,0.0,2.521764670379173,0.0,0.0,2.521764670379173,1.1045867562687437,2.521764670379173,2.521764670379173,global,2
4762,0,4762,0,0.5614580512046814,0.5614580512046814,0.5575957894325256,0.35714285714285715,0.5294117647058824,0.0,16,0,1.0,0.24430563301728944,1.0,0.24430563301728944,0.6587500410091532,0.5294117647058824,0.5294117647058824,0.0,0.0,0.0,0.0,0.0,1.0,0.16511119158660428,0,True,0.6666666666666666,0.6666666666666666,0.6666666666666666,4.281124634520282,0.0,0.0,2.2811246345202822,1.9146661849943483,2.2811246345202822,2.2811246345202822,global,8
4775,1,4775,1,0.7868889570236206,0.7868889570236206,0.8110084533691406,0.14285714285714285,0.11764705882352942,0.0,55,0,1.0,0.9447852760736196,1.0,0.9447852760736196,0.22879826777336704,0.8604651162790697,0.8604651162790697,0.8505039193729003,0.8505039193729003,0.0,0.0,0.0,0.0,0.26477568338806473,0,False,0.0,0.0,0.0,2.929525004936397,0.0,0.0,2.929525004936397,1.5123470908259677,2.929525004936397,2.929525004936397,global,7
4780,1,4780,1,0.7477108240127563,0.7477108240127563,0.7846176028251648,0.35714285714285715,0.35294117647058826,0.0,55,0,1.0,0.9447852760736196,1.0,0.9447852760736196,0.686394803320101,0.0,0.0,1.0,1.0,0.0,0.0,0.0,0.0,0.12083029651926619,0,True,0.16666666666666666,0.16666666666666666,0.16666666666666666,4.114620872360448,0.0,0.0,3.6146208723604483,2.1974429582500186,3.6146208723604483,3.6146208723604483,global,6
4801,1,4801,1,0.9135144948959351,0.9135144948959351,0.9287481904029846,0.42857142857142855,0.411764705882353,0.0,55,0,1.0,0.9447852760736196,1.0,0.9447852760736196,0.8007939372067846,0.9629629629629629,0.9629629629629629,0.9268092105263157,0.9268092105263157,0.0,0.0,0.0,0.0,0.24049005625357003,0,True,0.16666666666666666,0.16666666666666666,0.16666666666666666,4.435641972502541,0.0,0.0,3.935641972502541,2.5184640583921114,3.935641972502541,3.935641972502541,global,4
4812,1,4812,1,0.8675865530967712,0.8675865530967712,0.8967199325561523,0.35714285714285715,0.35294117647058826,0.0,55,0,1.0,0.9447852760736196,1.0,0.9447852760736196,0.686394803320101,0.8160919540229885,0.8160919540229885,0.49644736842105247,0.49644736842105247,0.0,0.0,0.0,0.0,0.5675291972328375,0,True,0.16666666666666666,0.16666666666666666,0.16666666666666666,4.092754810052258,0.0,0.0,3.5927548100522584,2.1755768959418287,3.5927548100522584,3.5927548100522584,global,1
4823,1,4823,1,0.6780180931091309,0.6780180931091309,0.7226234674453735,0.35714285714285715,0.29411764705882354,0.0,55,0,1.0,0.9447852760736196,1.0,0.9447852760736196,0.5719956694334175,0.0625,0.0625,0.0,0.0,0.0,0.0,0.0,0.0,0.24963154930741002,0,False,0.0,0.0,0.0,2.9798600046504613,0.0,0.0,2.9798600046504613,1.5626820905400318,2.9798600046504613,2.9798600046504613,global,9
4849,1,4849,1,0.8876910209655762,0.8876910209655762,0.9035134315490723,0.35714285714285715,0.35294117647058826,0.0,55,0,1.0,0.9447852760736196,1.0,0.9447852760736196,0.686394803320101,0.0625,0.0625,0.8616028708133974,0.8616028708133974,0.0,0.0,0.0,0.0,0.2464556645488782,0,True,0.16666666666666666,0.16666666666666666,0.16666666666666666,4.195094075738286,0.0,0.0,3.695094075738286,2.2779161616278567,3.695094075738286,3.695094075738286,global,0
4854,0,4854,0,0.8471781611442566,0.8471781611442566,0.8740075826644897,0.5,0.5882352941176471,0.0,16,0,1.0,0.24430563301728944,1.0,0.24430563301728944,0.7319444900101703,0.6527777777777778,0.6527777777777778,0.49644736842105247,0.49644736842105247,0.0,0.0,0.0,1.0,0.5154807117324837,0,True,0.5,0.5,0.5,4.623539464406905,0.0,0.0,3.123539464406905,2.757081014880971,3.123539464406905,3.123539464406905,global,1
4883,1,4883,1,0.7060724496841431,0.7060724496841431,0.7261988520622253,0.21428571428571427,0.17647058823529413,0.0,55,0,1.0,0.9447852760736196,1.0,0.9447852760736196,0.3431974016600505,0.9230769230769231,0.9230769230769231,0.8505039193729003,0.8505039193729003,0.0,0.0,0.0,0.0,0.1088684377307152,0,False,0.0,0.0,0.0,3.0071752556197113,0.0,0.0,3.0071752556197113,1.5899973415092816,3.0071752556197113,3.0071752556197113,global,7
4914,1,4914,1,0.8284731507301331,0.8284731507301331,0.8656161427497864,0.42857142857142855,0.35294117647058826,0.0,55,0,1.0,0.9447852760736196,1.0,0.9447852760736196,0.686394803320101,0.046511627906976744,0.046511627906976744,0.6007775119617226,0.6007775119617226,0.0,0.0,0.0,0.0,0.32632547664874195,0,False,0.0,0.0,0.0,3.6126966151826245,0.0,0.0,3.6126966151826245,2.1955187010721953,3.6126966151826245,3.6126966151826245,global,5
4945,1,4945,1,0.8945298194885254,0.8945298194885254,0.8952996134757996,0.7142857142857143,0.6470588235294118,0.0,55,0,1.0,0.9447852760736196,1.0,0.9447852760736196,1.2583904727535187,0.1232876712328767,0.1232876712328767,0.8616028708133974,0.8616028708133974,0.0,0.0,0.0,0.0,0.565797596557082,0,True,0.16666666666666666,0.16666666666666666,0.16666666666666666,5.241745845419611,0.0,0.0,4.741745845419611,3.3245679313091814,4.741745845419611,4.741745845419611,global,0
496,0,496,0,0.8165364265441895,0.8165364265441895,0.8581703901290894,0.35714285714285715,0.5882352941176471,0.0,16,0,1.0,0.24430563301728944,1.0,0.24430563301728944,0.7319444900101703,0.6060606060606061,0.6060606060606061,0.49644736842105247,0.49644736842105247,0.0,0.0,0.0,1.0,0.2556652619028933,0,True,0.8333333333333333,0.8333333333333333,0.8333333333333333,5.3782242989208315,0.0,0.0,2.8782242989208315,2.5117658493948976,2.8782242989208315,2.8782242989208315,global,1
4960,1,4960,1,0.7754911780357361,0.7754911780357361,0.794991672039032,0.14285714285714285,0.11764705882352942,0.0,55,0,1.0,0.9447852760736196,1.0,0.9447852760736196,0.22879826777336704,0.9555555555555556,0.9555555555555556,0.8505039193729003,0.8505039193729003,0.0,0.0,0.0,0.0,0.2807808011880746,0,False,0.0,0.0,0.0,2.925208317086093,0.0,0.0,2.925208317086093,1.5080304029756633,2.925208317086093,2.925208317086093,global,7
4980,1,4980,1,0.8722712397575378,0.8722712397575378,0.8881979584693909,0.5,0.5294117647058824,0.0,55,0,1.0,0.9447852760736196,1.0,0.9447852760736196,1.0295922049801516,0.86,0.86,0.8505039193729003,0.8505039193729003,0.0,0.0,0.0,0.0,0.6726503629057393,0,True,0.3333333333333333,0.3333333333333333,0.3333333333333333,5.3008655038863965,0.0,0.0,4.3008655038863965,2.883687589775967,4.3008655038863965,4.3008655038863965,global,7
4985,1,4985,1,0.9178518056869507,0.9178518056869507,0.9067480564117432,0.7857142857142857,0.7058823529411765,0.0,55,0,1.0,0.9447852760736196,1.0,0.9447852760736196,1.372789606640202,0.16037735849056603,0.16037735849056603,0.24006159014557663,0.24006159014557663,0.0,0.0,0.0,0.0,0.7739896105642005,0,True,0.16666666666666666,0.16666666666666666,0.16666666666666666,5.201166028498677,0.0,0.0,4.701166028498677,3.2839881143882477,4.701166028498677,4.701166028498677,global,3
4992,1,4992,1,0.912053108215332,0.912053108215332,0.9418335556983948,0.21428571428571427,0.17647058823529413,0.0,55,0,1.0,0.9447852760736196,1.0,0.9447852760736196,0.3431974016600505,0.92,0.92,0.9268092105263157,0.9268092105263157,0.0,0.0,0.0,0.0,0.31912737346314046,0,False,0.0,0.0,0.0,3.2731901087410975,0.0,0.0,3.2731901087410975,1.856012194630668,3.2731901087410975,3.2731901087410975,global,4
4996,1,4996,1,0.8845499157905579,0.8845499157905579,0.9067336320877075,0.2857142857142857,0.23529411764705885,0.0,55,0,1.0,0.9447852760736196,1.0,0.9447852760736196,0.4575965355467341,0.034482758620689655,0.034482758620689655,0.8616028708133974,0.8616028708133974,0.0,0.0,0.0,0.0,0.37849754361452076,0,False,0.0,0.0,0.0,3.425471066242334,0.0,0.0,3.425471066242334,2.0082931521319045,3.425471066242334,3.425471066242334,global,0
5,0,5,0,0.7877920269966125,0.7877920269966125,0.8018600940704346,0.2857142857142857,0.4705882352941177,0.0,16,0,1.0,0.24430563301728944,1.0,0.24430563301728944,0.5855555920081362,0.7014925373134329,0.7014925373134329,0.8505039193729003,0.8505039193729003,0.0,0.0,0.0,1.0,0.4452052932807767,0,True,0.6666666666666666,0.6666666666666666,0.6666666666666666,4.782396375096429,0.0,0.0,2.7823963750964285,2.4159379255704945,2.7823963750964285,2.7823963750964285,global,7
5000,1,5000,1,0.850607693195343,0.850607693195343,0.8897234797477722,0.2857142857142857,0.29411764705882354,0.0,55,0,1.0,0.9447852760736196,1.0,0.9447852760736196,0.5719956694334175,0.015625,0.015625,0.6007775119617226,0.6007775119617226,0.0,0.0,0.0,0.0,0.41460948507095835,0,True,0.16666666666666666,0.16666666666666666,0.16666666666666666,3.896385250000786,0.0,0.0,3.396385250000786,1.9792073358903561,3.396385250000786,3.396385250000786,global,5
5017,1,5017,1,0.7766070365905762,0.7766070365905762,0.8316464424133301,0.21428571428571427,0.17647058823529413,0.0,55,0,1.0,0.9447852760736196,1.0,0.9447852760736196,0.3431974016600505,0.08695652173913043,0.08695652173913043,1.0,1.0,0.0,0.0,0.0,0.0,0.16549126380268753,0,False,0.0,0.0,0.0,3.155337813279999,0.0,0.0,3.155337813279999,1.73815989916957,3.155337813279999,3.155337813279999,global,6
5020,0,5020,0,0.8867284059524536,0.8867284059524536,0.9055870771408081,0.2857142857142857,0.29411764705882354,0.0,16,0,1.0,0.24430563301728944,1.0,0.24430563301728944,0.36597224500508513,0.75,0.75,0.9268092105263157,0.9268092105263157,0.0,0.0,0.0,1.0,0.35169494785050637,0,True,0.16666666666666666,0.16666666666666666,0.16666666666666666,3.0187038437381397,0.0,0.0,2.5187038437381397,2.1522453942122057,2.5187038437381397,2.5187038437381397,global,4
5035,1,5035,1,0.031306520104408264,0.031306520104408264,0.026119116693735123,0.14285714285714285,0.11764705882352942,0.0,55,0,1.0,0.9447852760736196,1.0,0.9447852760736196,0.22879826777336704,0.0,0.0,0.0,0.0,0.0,0.0,0.0,0.0,0.015624999999999998,0,False,0.0,0.0,0.0,1.8250618906981577,0.0,0.0,1.8250618906981577,0.4078839765877283,1.8250618906981577,1.8250618906981577,global,12
5037,1,5037,1,0.8359742760658264,0.8359742760658264,0.8605039119720459,0.2857142857142857,0.23529411764705885,0.0,55,0,1.0,0.9447852760736196,1.0,0.9447852760736196,0.4575965355467341,0.9423076923076923,0.9423076923076923,0.8505039193729003,0.8505039193729003,0.0,0.0,0.0,0.0,0.3442824123137356,0,False,0.0,0.0,0.0,3.3707965393520647,0.0,0.0,3.3707965393520647,1.9536186252416354,3.3707965393520647,3.3707965393520647,global,7
505,1,505,1,0.7681041359901428,0.7681041359901428,0.8147760629653931,0.21428571428571427,0.17647058823529413,0.0,55,0,1.0,0.9447852760736196,1.0,0.9447852760736196,0.3431974016600505,0.0,0.0,0.6007775119617226,0.6007775119617226,0.0,0.0,0.0,0.0,0.19919224103882738,0,False,0.0,0.0,0.0,2.9590345419513557,0.0,0.0,2.9590345419513557,1.5418566278409265,2.9590345419513557,2.9590345419513557,global,5
5053,1,5053,1,0.8739835023880005,0.8739835023880005,0.8953772187232971,0.14285714285714285,0.11764705882352942,0.0,55,0,1.0,0.9447852760736196,1.0,0.9447852760736196,0.22879826777336704,0.9512195121951219,0.9512195121951219,0.9268092105263157,0.9268092105263157,0.0,0.0,0.0,0.0,0.256049716323091,0,False,0.0,0.0,0.0,3.0347354966851166,0.0,0.0,3.0347354966851166,1.6175575825746873,3.0347354966851166,3.0347354966851166,global,4
507,1,507,1,0.8507787585258484,0.8507787585258484,0.8957087993621826,0.35714285714285715,0.35294117647058826,0.0,55,0,1.0,0.9447852760736196,1.0,0.9447852760736196,0.686394803320101,0.8805970149253731,0.8805970149253731,0.49644736842105247,0.49644736842105247,0.0,0.0,0.0,0.0,0.4481539024438413,0,True,0.16666666666666666,0.16666666666666666,0.16666666666666666,4.04349598595882,0.0,0.0,3.5434959859588204,2.126318071848391,3.5434959859588204,3.5434959859588204,global,1
5078,1,5078,1,0.6624807119369507,0.6624807119369507,0.6876406073570251,0.42857142857142855,0.411764705882353,0.0,55,0,1.0,0.9447852760736196,1.0,0.9447852760736196,0.8007939372067846,0.08928571428571429,0.08928571428571429,0.05014619883040934,0.05014619883040934,0.0,0.0,0.0,0.0,0.40426540979187353,0,True,0.16666666666666666,0.16666666666666666,0.16666666666666666,3.8456160463488915,0.0,0.0,3.3456160463488915,1.9284381322384618,3.3456160463488915,3.3456160463488915,global,2
5082,1,5082,1,0.6921302676200867,0.6921302676200867,0.7213636040687561,0.42857142857142855,0.411764705882353,0.0,55,0,1.0,0.9447852760736196,1.0,0.9447852760736196,0.8007939372067846,0.16666666666666666,0.16666666666666666,0.05014619883040934,0.05014619883040934,0.0,0.0,0.0,0.0,0.4980192439322396,0,True,0.16666666666666666,0.16666666666666666,0.16666666666666666,3.8974618411375097,0.0,0.0,3.3974618411375097,1.9802839270270804,3.3974618411375097,3.3974618411375097,global,2
5107,1,5107,1,0.8965343832969666,0.8965343832969666,0.8964551687240601,0.5714285714285714,0.5294117647058824,0.0,55,0,1.0,0.9447852760736196,1.0,0.9447852760736196,1.0295922049801516,0.047058823529411764,0.047058823529411764,0.24006159014557663,0.24006159014557663,0.0,0.0,0.0,0.0,0.5989593032672215,0,True,0.16666666666666666,0.16666666666666666,0.16666666666666666,4.564376107641294,0.0,0.0,4.064376107641294,2.6471981935308646,4.064376107641294,4.064376107641294,global,3
5119,0,5119,0,0.655864417552948,0.655864417552948,0.6268315315246582,0.35714285714285715,0.5882352941176471,0.0,16,0,1.0,0.24430563301728944,1.0,0.24430563301728944,0.7319444900101703,0.3939393939393939,0.3939393939393939,0.0,0.0,0.0,0.0,0.0,1.0,0.26437329084823813,0,True,0.8333333333333333,0.8333333333333333,0.8333333333333333,5.004075416200916,0.0,0.0,2.5040754162009153,2.1376169666749814,2.5040754162009153,2.5040754162009153,global,8
5135,0,5135,0,0.8118075132369995,0.8118075132369995,0.8235905766487122,0.2857142857142857,0.4705882352941177,0.0,16,0,1.0,0.24430563301728944,1.0,0.24430563301728944,0.5855555920081362,0.3333333333333333,0.3333333333333333,0.24006159014557663,0.24006159014557663,0.0,0.0,0.0,1.0,0.45454101089580584,0,True,0.6666666666666666,0.6666666666666666,0.6666666666666666,4.499188314759585,0.0,0.0,2.499188314759585,2.132729865233651,2.499188314759585,2.499188314759585,global,3
5140,0,5140,0,0.6725085377693176,0.6725085377693176,0.693260669708252,0.21428571428571427,0.29411764705882354,0.0,16,0,1.0,0.24430563301728944,1.0,0.24430563301728944,0.36597224500508513,0.16666666666666666,0.16666666666666666,0.6007775119617226,0.6007775119617226,0.0,0.0,0.0,1.0,0.06691105078983624,0,True,0.3333333333333333,0.3333333333333333,0.3333333333333333,3.0274483593625616,0.0,0.0,2.0274483593625616,1.6609899098366276,2.0274483593625616,2.0274483593625616,global,5
5165,1,5165,1,0.7894604802131653,0.7894604802131653,0.8038228154182434,0.2857142857142857,0.23529411764705885,0.0,55,0,1.0,0.9447852760736196,1.0,0.9447852760736196,0.4575965355467341,0.10526315789473684,0.10526315789473684,0.8616028708133974,0.8616028708133974,0.0,0.0,0.0,0.0,0.38208645732597246,0,False,0.0,0.0,0.0,3.350476191893856,0.0,0.0,3.350476191893856,1.9332982777834262,3.350476191893856,3.350476191893856,global,0
5168,1,5168,1,0.6710820198059082,0.6710820198059082,0.7213603854179382,0.07142857142857142,0.05882352941176471,0.0,55,0,1.0,0.9447852760736196,1.0,0.9447852760736196,0.11439913388668352,0.07142857142857142,0.07142857142857142,0.0,0.0,0.0,0.0,0.0,0.0,0.1636620480361011,0,False,0.0,0.0,0.0,2.1922177746180873,0.0,0.0,2.1922177746180873,0.7750398605076577,2.1922177746180873,2.1922177746180873,global,9
5234,1,5234,1,0.8967850804328918,0.8967850804328918,0.9207849502563477,0.42857142857142855,0.411764705882353,0.0,55,0,1.0,0.9447852760736196,1.0,0.9447852760736196,0.8007939372067846,0.12698412698412698,0.12698412698412698,0.6007775119617226,0.6007775119617226,0.0,0.0,0.0,0.0,0.8093747931137204,0,True,0.16666666666666666,0.16666666666666666,0.16666666666666666,4.429908012707855,0.0,0.0,3.9299080127078554,2.5127300985974257,3.9299080127078554,3.9299080127078554,global,5
5293,1,5293,1,0.7370036840438843,0.7370036840438843,0.7453052401542664,0.2857142857142857,0.23529411764705885,0.0,55,0,1.0,0.9447852760736196,1.0,0.9447852760736196,0.4575965355467341,0.8076923076923077,0.8076923076923077,0.8505039193729003,0.8505039193729003,0.0,0.0,0.0,0.0,0.20070135186849974,0,False,0.0,0.0,0.0,3.2485457476009403,0.0,0.0,3.2485457476009403,1.8313678334905108,3.2485457476009403,3.2485457476009403,global,7
5297,1,5297,1,0.7982880473136902,0.7982880473136902,0.8113365769386292,0.5714285714285714,0.5294117647058824,0.0,55,0,1.0,0.9447852760736196,1.0,0.9447852760736196,1.0295922049801516,0.813953488372093,0.813953488372093,0.8505039193729003,0.8505039193729003,0.0,0.0,0.0,0.0,0.36087624490826914,0,True,0.16666666666666666,0.16666666666666666,0.16666666666666666,4.719575285960649,0.0,0.0,4.219575285960649,2.8023973718502195,4.219575285960649,4.219575285960649,global,7
5306,1,5306,1,0.8605974316596985,0.8605974316596985,0.8977511525154114,0.5,0.411764705882353,0.0,55,0,1.0,0.9447852760736196,1.0,0.9447852760736196,0.8007939372067846,0.8823529411764706,0.8823529411764706,0.49644736842105247,0.49644736842105247,0.0,0.0,0.0,0.0,0.4862331127422812,0,False,0.0,0.0,0.0,3.8232788892361054,0.0,0.0,3.8232788892361054,2.4061009751256757,3.8232788892361054,3.8232788892361054,global,1
5308,1,5308,1,0.5392716526985168,0.5392716526985168,0.5641396641731262,0.14285714285714285,0.11764705882352942,0.0,55,0,1.0,0.9447852760736196,1.0,0.9447852760736196,0.22879826777336704,0.18181818181818182,0.18181818181818182,0.05014619883040934,0.05014619883040934,0.0,0.0,0.0,0.0,0.07934358475577737,0,False,0.0,0.0,0.0,2.2756226716153827,0.0,0.0,2.2756226716153827,0.8584447575049531,2.2756226716153827,2.2756226716153827,global,2
5317,1,5317,1,0.8854268193244934,0.8854268193244934,0.9135315418243408,0.21428571428571427,0.17647058823529413,0.0,55,0,1.0,0.9447852760736196,1.0,0.9447852760736196,0.3431974016600505,0.8846153846153846,0.8846153846153846,0.9268092105263157,0.9268092105263157,0.0,0.0,0.0,0.0,0.18134031432981704,0,False,0.0,0.0,0.0,3.21055295988843,0.0,0.0,3.21055295988843,1.7933750457780002,3.21055295988843,3.21055295988843,global,4
5338,1,5338,1,0.8353686928749084,0.8353686928749084,0.8625941872596741,0.35714285714285715,0.35294117647058826,0.0,55,0,1.0,0.9447852760736196,1.0,0.9447852760736196,0.686394803320101,0.9054054054054054,0.9054054054054054,0.8505039193729003,0.8505039193729003,0.0,0.0,0.0,0.0,0.4876591067603492,0,True,0.16666666666666666,0.16666666666666666,0.16666666666666666,4.220047770208945,0.0,0.0,3.7200477702089447,2.3028698560985155,3.7200477702089447,3.7200477702089447,global,7
5345,0,5345,0,0.8350794911384583,0.8350794911384583,0.8542911410331726,0.2857142857142857,0.411764705882353,0.0,16,0,1.0,0.24430563301728944,1.0,0.24430563301728944,0.5123611430071192,0.6,0.6,0.9268092105263157,0.9268092105263157,0.0,0.0,0.0,1.0,0.2837876205367639,0,True,0.5,0.5,0.5,4.192306631339879,0.0,0.0,2.6923066313398794,2.3258481818139454,2.6923066313398794,2.6923066313398794,global,4
5351,1,5351,1,0.9181955456733704,0.9181955456733704,0.9692701101303101,0.35714285714285715,0.29411764705882354,0.0,55,0,1.0,0.9447852760736196,1.0,0.9447852760736196,0.5719956694334175,0.09615384615384616,0.09615384615384616,1.0,1.0,0.0,0.0,0.0,0.0,0.6641320406585396,0,False,0.0,0.0,0.0,3.796352114107192,0.0,0.0,3.796352114107192,2.3791741999967626,3.796352114107192,3.796352114107192,global,6
5370,1,5370,1,0.9210042357444763,0.9210042357444763,0.94260573387146,0.5714285714285714,0.4705882352941177,0.0,55,0,1.0,0.9447852760736196,1.0,0.9447852760736196,0.9151930710934681,0.9436619718309859,0.9436619718309859,0.9268092105263157,0.9268092105263157,0.0,0.0,0.0,0.0,0.5180182303168576,0,False,0.0,0.0,0.0,4.2853964190810325,0.0,0.0,4.2853964190810325,2.868218504970603,4.2853964190810325,4.2853964190810325,global,4
5377,1,5377,1,0.818817138671875,0.818817138671875,0.88075190782547,0.2857142857142857,0.23529411764705885,0.0,55,0,1.0,0.9447852760736196,1.0,0.9447852760736196,0.4575965355467341,0.9473684210526315,0.9473684210526315,0.49644736842105247,0.49644736842105247,0.0,0.0,0.0,0.0,0.26794933059302295,0,False,0.0,0.0,0.0,3.157142629444766,0.0,0.0,3.157142629444766,1.7399647153343367,3.157142629444766,3.157142629444766,global,1
5389,1,5389,1,0.6634858250617981,0.6634858250617981,0.7120954394340515,0.35714285714285715,0.29411764705882354,0.0,55,0,1.0,0.9447852760736196,1.0,0.9447852760736196,0.5719956694334175,0.07407407407407407,0.07407407407407407,0.0,0.0,0.0,0.0,0.0,0.0,0.2189275568617367,0,False,0.0,0.0,0.0,2.9590229924788933,0.0,0.0,2.9590229924788933,1.5418450783684639,2.9590229924788933,2.9590229924788933,global,9
5390,0,5390,0,0.582667350769043,0.582667350769043,0.6132127642631531,0.42857142857142855,0.5294117647058824,0.0,16,0,1.0,0.24430563301728944,1.0,0.24430563301728944,0.6587500410091532,0.3076923076923077,0.3076923076923077,0.05014619883040934,0.05014619883040934,0.0,0.0,0.0,1.0,0.23283242384732813,0,True,0.5,0.5,0.5,3.9149101146937646,0.0,0.0,2.4149101146937646,2.0484516651678306,2.4149101146937646,2.4149101146937646,global,2
54,1,54,1,0.8399515151977539,0.8399515151977539,0.8724263906478882,0.2857142857142857,0.23529411764705885,0.0,55,0,1.0,0.9447852760736196,1.0,0.9447852760736196,0.4575965355467341,0.08771929824561403,0.08771929824561403,0.6007775119617226,0.6007775119617226,0.0,0.0,0.0,0.0,0.37770371520620544,0,False,0.0,0.0,0.0,3.259141517819759,0.0,0.0,3.259141517819759,1.8419636037093297,3.259141517819759,3.259141517819759,global,5
5414,1,5414,1,0.8610694408416748,0.8610694408416748,0.8810009956359863,0.5,0.4705882352941177,0.0,55,0,1.0,0.9447852760736196,1.0,0.9447852760736196,0.9151930710934681,0.06944444444444445,0.06944444444444445,0.6007775119617226,0.6007775119617226,0.0,0.0,0.0,0.0,0.5163594182381914,0,True,0.16666666666666666,0.16666666666666666,0.16666666666666666,4.502506518824323,0.0,0.0,4.002506518824323,2.585328604713894,4.002506518824323,4.002506518824323,global,5
5463,0,5463,0,0.7944086194038391,0.7944086194038391,0.8510995507240295,0.21428571428571427,0.29411764705882354,0.0,16,0,1.0,0.24430563301728944,1.0,0.24430563301728944,0.36597224500508513,0.5588235294117647,0.5588235294117647,0.49644736842105247,0.49644736842105247,0.0,0.0,0.0,1.0,0.2283462755217957,0,True,0.3333333333333333,0.3333333333333333,0.3333333333333333,3.121233920319432,0.0,0.0,2.121233920319432,1.7547754707934977,2.121233920319432,2.121233920319432,global,1
5473,1,5473,1,0.8415554165840149,0.8415554165840149,0.8537166714668274,0.35714285714285715,0.29411764705882354,0.0,55,0,1.0,0.9447852760736196,1.0,0.9447852760736196,0.5719956694334175,0.22033898305084745,0.22033898305084745,0.24006159014557663,0.24006159014557663,0.0,0.0,0.0,0.0,0.40440051778071967,0,False,0.0,0.0,0.0,3.27715134904515,0.0,0.0,3.27715134904515,1.8599734349347206,3.27715134904515,3.27715134904515,global,3
5474,0,5474,0,0.6125311255455017,0.6125311255455017,0.5939679145812988,0.14285714285714285,0.17647058823529413,0.0,16,0,1.0,0.24430563301728944,1.0,0.24430563301728944,0.2195833470030511,0.6,0.6,0.0,0.0,0.0,0.0,0.0,1.0,0.1372534644948366,0,True,0.16666666666666666,0.16666666666666666,0.16666666666666666,1.8934577086385178,0.0,0.0,1.3934577086385178,1.0269992591125836,1.3934577086385178,1.3934577086385178,global,8
5482,1,5482,1,0.8601212501525879,0.8601212501525879,0.9147116541862488,0.2857142857142857,0.35294117647058826,0.0,55,0,1.0,0.9447852760736196,1.0,0.9447852760736196,0.686394803320101,0.0273972602739726,0.0273972602739726,1.0,1.0,0.0,0.0,0.0,0.0,0.4702902054497254,0,True,0.3333333333333333,0.3333333333333333,0.3333333333333333,4.73795861452288,0.0,0.0,3.7379586145228796,2.3207807004124503,3.7379586145228796,3.7379586145228796,global,6
5513,1,5513,1,0.8825064897537231,0.8825064897537231,0.9186809062957764,0.6428571428571429,0.5294117647058824,0.0,55,0,1.0,0.9447852760736196,1.0,0.9447852760736196,1.0295922049801516,0.9206349206349206,0.9206349206349206,0.49644736842105247,0.49644736842105247,0.0,0.0,0.0,0.0,0.48608563862946663,0,False,0.0,0.0,0.0,4.218913153981681,0.0,0.0,4.218913153981681,2.801735239871252,4.218913153981681,4.218913153981681,global,1
5519,0,5519,0,0.7335878014564514,0.7335878014564514,0.7674098014831543,0.14285714285714285,0.23529411764705885,0.0,16,0,1.0,0.24430563301728944,1.0,0.24430563301728944,0.2927777960040681,0.4,0.4,0.6007775119617226,0.6007775119617226,0.0,0.0,0.0,1.0,0.13342327444445265,0,True,0.3333333333333333,0.3333333333333333,0.3333333333333333,2.907189807156553,0.0,0.0,1.9071898071565532,1.540731357630619,1.9071898071565532,1.9071898071565532,global,5
5528,1,5528,1,0.8906117081642151,0.8906117081642151,0.8988456130027771,0.42857142857142855,0.35294117647058826,0.0,55,0,1.0,0.9447852760736196,1.0,0.9447852760736196,0.686394803320101,0.07042253521126761,0.07042253521126761,0.8616028708133974,0.8616028708133974,0.0,0.0,0.0,0.0,0.48793741871011215,0,False,0.0,0.0,0.0,3.8413037231741383,0.0,0.0,3.8413037231741383,2.424125809063709,3.8413037231741383,3.8413037231741383,global,0
5558,0,5558,0,0.7807848453521729,0.7807848453521729,0.7842555642127991,0.35714285714285715,0.5294117647058824,0.0,16,0,1.0,0.24430563301728944,1.0,0.24430563301728944,0.6587500410091532,0.42857142857142855,0.42857142857142855,0.9268092105263157,0.9268092105263157,0.0,0.0,0.0,1.0,0.19060619774927662,0,True,0.6666666666666666,0.6666666666666666,0.6666666666666666,4.927639176950235,0.0,0.0,2.927639176950235,2.561180727424301,2.927639176950235,2.927639176950235,global,4
5585,1,5585,1,0.8537930846214294,0.8537930846214294,0.9016017913818359,0.5,0.411764705882353,0.0,55,0,1.0,0.9447852760736196,1.0,0.9447852760736196,0.8007939372067846,0.10714285714285714,0.10714285714285714,1.0,1.0,0.0,0.0,0.0,0.0,0.25570473934272525,0,False,0.0,0.0,0.0,4.000453215375097,0.0,0.0,4.000453215375097,2.583275301264667,4.000453215375097,4.000453215375097,global,6
56,0,56,0,0.802639365196228,0.802639365196228,0.8241588473320007,0.35714285714285715,0.411764705882353,0.0,16,0,1.0,0.24430563301728944,1.0,0.24430563301728944,0.5123611430071192,0.7352941176470589,0.7352941176470589,0.9268092105263157,0.9268092105263157,0.0,0.0,0.0,1.0,0.26362371342328156,0,True,0.3333333333333333,0.3333333333333333,0.3333333333333333,3.731733929880622,0.0,0.0,2.731733929880622,2.365275480354688,2.731733929880622,2.731733929880622,global,4
5614,0,5614,0,0.7048666477203369,0.7048666477203369,0.7281602025032043,0.21428571428571427,0.29411764705882354,0.0,16,0,1.0,0.24430563301728944,1.0,0.24430563301728944,0.36597224500508513,0.45,0.45,0.6007775119617226,0.6007775119617226,0.0,0.0,0.0,1.0,0.15128100728324922,0,True,0.3333333333333333,0.3333333333333333,0.3333333333333333,3.078645834271401,0.0,0.0,2.078645834271401,1.712187384745467,2.078645834271401,2.078645834271401,global,5
5615,1,5615,1,1.0,1.0,1.0,0.9285714285714286,0.8823529411764706,0.0,55,0,1.0,0.9447852760736196,1.0,0.9447852760736196,1.7159870083002524,0.8691588785046729,0.8691588785046729,0.9268092105263157,0.9268092105263157,0.0,0.0,0.0,0.0,0.8075110982935865,0,True,0.3333333333333333,0.3333333333333333,0.3333333333333333,6.616113159786034,0.0,0.0,5.616113159786034,4.198935245675604,5.616113159786034,5.616113159786034,global,4
5625,0,5625,0,0.781036376953125,0.781036376953125,0.7738021016120911,0.2857142857142857,0.35294117647058826,0.0,16,0,1.0,0.24430563301728944,1.0,0.24430563301728944,0.4391666940061022,0.4166666666666667,0.4166666666666667,0.9268092105263157,0.9268092105263157,0.0,0.0,0.0,1.0,0.11985691601100411,0,True,0.3333333333333333,0.3333333333333333,0.3333333333333333,3.482245869810355,0.0,0.0,2.482245869810355,2.115787420284421,2.482245869810355,2.482245869810355,global,4
5635,1,5635,1,0.8655402660369873,0.8655402660369873,0.9104410409927368,0.35714285714285715,0.35294117647058826,0.0,55,0,1.0,0.9447852760736196,1.0,0.9447852760736196,0.686394803320101,0.09259259259259259,0.09259259259259259,1.0,1.0,0.0,0.0,0.0,0.0,0.37706086787019355,0,True,0.16666666666666666,0.16666666666666666,0.16666666666666666,4.285753597385111,0.0,0.0,3.785753597385111,2.3685756832746816,3.785753597385111,3.785753597385111,global,6
5679,1,5679,1,0.8866506218910217,0.8866506218910217,0.8853590488433838,0.6428571428571429,0.6470588235294118,0.0,55,0,1.0,0.9447852760736196,1.0,0.9447852760736196,1.2583904727535187,0.041666666666666664,0.041666666666666664,0.24006159014557663,0.24006159014557663,0.0,0.0,0.0,0.0,0.539799891097427,0,True,0.3333333333333333,0.3333333333333333,0.3333333333333333,5.34544396394123,0.0,0.0,4.34544396394123,2.9282660498308006,4.34544396394123,4.34544396394123,global,3
5686,1,5686,1,0.791917622089386,0.791917622089386,0.84534752368927,0.35714285714285715,0.29411764705882354,0.0,55,0,1.0,0.9447852760736196,1.0,0.9447852760736196,0.5719956694334175,1.0,1.0,0.49644736842105247,0.49644736842105247,0.0,0.0,0.0,0.0,0.13873438389706325,0,False,0.0,0.0,0.0,3.285934162422088,0.0,0.0,3.285934162422088,1.8687562483116584,3.285934162422088,3.285934162422088,global,1
569,1,569,1,0.898399829864502,0.898399829864502,0.923759937286377,0.21428571428571427,0.23529411764705885,0.0,55,0,1.0,0.9447852760736196,1.0,0.9447852760736196,0.4575965355467341,0.9016393442622951,0.9016393442622951,0.9268092105263157,0.9268092105263157,0.0,0.0,0.0,0.0,0.38605094209787005,0,True,0.16666666666666666,0.16666666666666666,0.16666666666666666,3.899991615474382,0.0,0.0,3.399991615474382,1.9828137013639526,3.399991615474382,3.399991615474382,global,4
5698,0,5698,0,0.10869933664798737,0.10869933664798737,0.06812826544046402,0.14285714285714285,0.23529411764705885,0.0,16,0,1.0,0.24430563301728944,1.0,0.24430563301728944,0.2927777960040681,0.0,0.0,0.0,0.0,0.0,0.0,0.0,1.0,0.015624999999999998,0,True,0.3333333333333333,0.3333333333333333,0.3333333333333333,2.0715507969955844,0.0,0.0,1.0715507969955846,0.7050923474696504,1.0715507969955846,1.0715507969955846,global,13
57,0,57,0,0.7903275489807129,0.7903275489807129,0.7970220446586609,0.35714285714285715,0.5882352941176471,0.0,16,0,1.0,0.24430563301728944,1.0,0.24430563301728944,0.7319444900101703,0.7777777777777778,0.7777777777777778,0.9268092105263157,0.9268092105263157,0.0,0.0,0.0,1.0,0.11541871249440115,0,True,0.8333333333333333,0.8333333333333333,0.8333333333333333,5.530364153100134,0.0,0.0,3.030364153100134,2.6639057035742,3.030364153100134,3.030364153100134,global,4
5703,0,5703,0,0.7676846385002136,0.7676846385002136,0.7802839279174805,0.2857142857142857,0.411764705882353,0.0,16,0,1.0,0.24430563301728944,1.0,0.24430563301728944,0.5123611430071192,0.23076923076923078,0.23076923076923078,0.24006159014557663,0.24006159014557663,0.0,0.0,0.0,1.0,0.19959826967166772,0,True,0.5,0.5,0.5,3.7697601337793856,0.0,0.0,2.2697601337793856,1.9033016842534514,2.2697601337793856,2.2697601337793856,global,3
5716,0,5716,0,0.7038677930831909,0.7038677930831909,0.7017251253128052,0.2857142857142857,0.411764705882353,0.0,16,0,1.0,0.24430563301728944,1.0,0.24430563301728944,0.5123611430071192,0.2857142857142857,0.2857142857142857,0.8505039193729003,0.8505039193729003,0.0,0.0,0.0,1.0,0.08827665105385106,0,True,0.5,0.5,0.5,3.990531336474084,0.0,0.0,2.490531336474084,2.12407288694815,2.490531336474084,2.490531336474084,global,7
5721,1,5721,1,0.7854388952255249,0.7854388952255249,0.7960115671157837,0.2857142857142857,0.35294117647058826,0.0,55,0,1.0,0.9447852760736196,1.0,0.9447852760736196,0.686394803320101,0.0975609756097561,0.0975609756097561,0.24006159014557663,0.24006159014557663,0.0,0.0,0.0,0.0,0.2875077610753682,0,True,0.3333333333333333,0.3333333333333333,0.3333333333333333,4.24340879234171,0.0,0.0,3.24340879234171,1.8262308782312808,3.24340879234171,3.24340879234171,global,3
573,1,573,1,0.8534236550331116,0.8534236550331116,0.8763541579246521,0.14285714285714285,0.11764705882352942,0.0,55,0,1.0,0.9447852760736196,1.0,0.9447852760736196,0.22879826777336704,0.06666666666666667,0.06666666666666667,0.8616028708133974,0.8616028708133974,0.0,0.0,0.0,0.0,0.27357899668934577,0,False,0.0,0.0,0.0,2.9909432330546233,0.0,0.0,2.9909432330546233,1.5737653189441936,2.9909432330546233,2.9909432330546233,global,0
5730,1,5730,1,0.9035704135894775,0.9035704135894775,0.8951822519302368,0.9285714285714286,0.823529411764706,0.0,55,0,1.0,0.9447852760736196,1.0,0.9447852760736196,1.6015878744135692,0.09333333333333334,0.09333333333333334,0.24006159014557663,0.24006159014557663,0.0,0.0,0.0,0.0,0.6230814869275045,0,True,0.16666666666666666,0.16666666666666666,0.16666666666666666,5.522619738233892,0.0,0.0,5.022619738233892,3.6054418241234627,5.022619738233892,5.022619738233892,global,3
575,1,575,1,0.7670251727104187,0.7670251727104187,0.7941417098045349,0.14285714285714285,0.11764705882352942,0.0,55,0,1.0,0.9447852760736196,1.0,0.9447852760736196,0.22879826777336704,0.90625,0.90625,0.8505039193729003,0.8505039193729003,0.0,0.0,0.0,0.0,0.2007290659318688,0,False,0.0,0.0,0.0,2.8944199922489773,0.0,0.0,2.8944199922489773,1.4772420781385476,2.8944199922489773,2.8944199922489773,global,7
5757,1,5757,1,0.6754130125045776,0.6754130125045776,0.7086657285690308,0.07142857142857142,0.05882352941176471,0.0,55,0,1.0,0.9447852760736196,1.0,0.9447852760736196,0.11439913388668352,0.4117647058823529,0.4117647058823529,0.6007775119617226,0.6007775119617226,0.0,0.0,0.0,0.0,0.10016885542212234,0,False,0.0,0.0,0.0,2.4770233669736905,0.0,0.0,2.4770233669736905,1.059845452863261,2.4770233669736905,2.4770233669736905,global,5
578,1,578,1,0.873627781867981,0.873627781867981,0.8867958784103394,0.42857142857142855,0.411764705882353,0.0,55,0,1.0,0.9447852760736196,1.0,0.9447852760736196,0.8007939372067846,0.88,0.88,0.8505039193729003,0.8505039193729003,0.0,0.0,0.0,0.0,0.5126263063342288,0,True,0.16666666666666666,0.16666666666666666,0.16666666666666666,4.447220831527668,0.0,0.0,3.947220831527668,2.530042917417238,3.947220831527668,3.947220831527668,global,7
5785,1,5785,1,0.8344061970710754,0.8344061970710754,0.8298826813697815,0.5714285714285714,0.4705882352941177,0.0,55,0,1.0,0.9447852760736196,1.0,0.9447852760736196,0.9151930710934681,0.19753086419753085,0.19753086419753085,0.24006159014557663,0.24006159014557663,0.0,0.0,0.0,0.0,0.5882425867060932,0,False,0.0,0.0,0.0,3.8938114848687135,0.0,0.0,3.8938114848687135,2.476633570758284,3.8938114848687135,3.8938114848687135,global,3
5789,0,5789,0,0.8240410685539246,0.8240410685539246,0.8504128456115723,0.21428571428571427,0.29411764705882354,0.0,16,0,1.0,0.24430563301728944,1.0,0.24430563301728944,0.36597224500508513,0.6829268292682927,0.6829268292682927,0.9268092105263157,0.9268092105263157,0.0,0.0,0.0,1.0,0.2739617776866055,0,True,0.3333333333333333,0.3333333333333333,0.3333333333333333,3.3738054513415743,0.0,0.0,2.3738054513415743,2.0073470018156403,2.3738054513415743,2.3738054513415743,global,4
5808,1,5808,1,0.8121961951255798,0.8121961951255798,0.867037296295166,0.21428571428571427,0.17647058823529413,0.0,55,0,1.0,0.9447852760736196,1.0,0.9447852760736196,0.3431974016600505,0.9285714285714286,0.9285714285714286,0.49644736842105247,0.49644736842105247,0.0,0.0,0.0,0.0,0.27496617179544364,0,False,0.0,0.0,0.0,2.9648752967163556,0.0,0.0,2.9648752967163556,1.547697382605926,2.9648752967163556,2.9648752967163556,global,1
5820,1,5820,1,0.7326313257217407,0.7326313257217407,0.764450192451477,0.5714285714285714,0.5294117647058824,0.0,55,0,1.0,0.9447852760736196,1.0,0.9447852760736196,1.0295922049801516,0.14285714285714285,0.14285714285714285,0.0,0.0,0.0,0.0,0.0,0.0,0.27113195864925904,0,True,0.16666666666666666,0.16666666666666666,0.16666666666666666,4.214874663122935,0.0,0.0,3.7148746631229352,2.297696749012506,3.7148746631229352,3.7148746631229352,global,9
5828,1,5828,1,0.7969877123832703,0.7969877123832703,0.8623946309089661,0.2857142857142857,0.29411764705882354,0.0,55,0,1.0,0.9447852760736196,1.0,0.9447852760736196,0.5719956694334175,0.8888888888888888,0.8888888888888888,0.49644736842105247,0.49644736842105247,0.0,0.0,0.0,0.0,0.2567229519070663,0,True,0.16666666666666666,0.16666666666666666,0.16666666666666666,3.7539582336316246,0.0,0.0,3.2539582336316246,1.8367803195211951,3.2539582336316246,3.2539582336316246,global,1
583,0,583,0,0.7254266738891602,0.7254266738891602,0.7273481488227844,0.2857142857142857,0.4705882352941177,0.0,16,0,1.0,0.24430563301728944,1.0,0.24430563301728944,0.5855555920081362,0.48,0.48,0.24006159014557663,0.24006159014557663,0.0,0.0,0.0,1.0,0.19808787459730504,0,True,0.6666666666666666,0.6666666666666666,0.6666666666666666,4.353147702391763,0.0,0.0,2.3531477023917633,1.986689252865829,2.3531477023917633,2.3531477023917633,global,3
5834,1,5834,1,0.9244658946990967,0.9244658946990967,0.9440849423408508,0.42857142857142855,0.411764705882353,0.0,55,0,1.0,0.9447852760736196,1.0,0.9447852760736196,0.8007939372067846,0.863013698630137,0.863013698630137,0.9268092105263157,0.9268092105263157,0.0,0.0,0.0,0.0,0.49903945686688456,0,True,0.16666666666666666,0.16666666666666666,0.16666666666666666,4.521967912529065,0.0,0.0,4.021967912529065,2.604789998418635,4.021967912529065,4.021967912529065,global,4
586,1,586,1,0.8432115912437439,0.8432115912437439,0.8827197551727295,0.42857142857142855,0.411764705882353,0.0,55,0,1.0,0.9447852760736196,1.0,0.9447852760736196,0.8007939372067846,0.835820895522388,0.835820895522388,0.49644736842105247,0.49644736842105247,0.0,0.0,0.0,0.0,0.4677135125945283,0,True,0.16666666666666666,0.16666666666666666,0.16666666666666666,4.232385765430444,0.0,0.0,3.732385765430444,2.3152078513200145,3.732385765430444,3.732385765430444,global,1
5879,1,5879,1,0.8740310072898865,0.8740310072898865,0.9148129820823669,0.42857142857142855,0.35294117647058826,0.0,55,0,1.0,0.9447852760736196,1.0,0.9447852760736196,0.686394803320101,0.875,0.875,0.49644736842105247,0.49644736842105247,0.0,0.0,0.0,0.0,0.49035697640419523,0,False,0.0,0.0,0.0,3.646187278586729,0.0,0.0,3.646187278586729,2.2290093644762994,3.646187278586729,3.646187278586729,global,1
5906,0,5906,0,0.643012285232544,0.643012285232544,0.6308702826499939,0.07142857142857142,0.11764705882352942,0.0,16,0,1.0,0.24430563301728944,1.0,0.24430563301728944,0.14638889800203406,0.0,0.0,0.8505039193729003,0.8505039193729003,0.0,0.0,0.0,1.0,0.006607554734789056,0,True,0.16666666666666666,0.16666666666666666,0.16666666666666666,2.114825192894487,0.0,0.0,1.6148251928944866,1.2483667433685524,1.6148251928944866,1.6148251928944866,global,7
5913,1,5913,1,0.8062561750411987,0.8062561750411987,0.8468505144119263,0.7857142857142857,0.7647058823529412,0.0,55,0,1.0,0.9447852760736196,1.0,0.9447852760736196,1.4871887405268855,0.09230769230769231,0.09230769230769231,0.0,0.0,0.0,0.0,0.0,0.0,0.5339117999844945,0,True,0.3333333333333333,0.3333333333333333,0.3333333333333333,5.537482444558905,0.0,0.0,4.537482444558905,3.1203045304484753,4.537482444558905,4.537482444558905,global,9
5927,1,5927,1,0.8194243311882019,0.8194243311882019,0.824018657207489,0.42857142857142855,0.411764705882353,0.0,55,0,1.0,0.9447852760736196,1.0,0.9447852760736196,0.8007939372067846,0.11627906976744186,0.11627906976744186,0.24006159014557663,0.24006159014557663,0.0,0.0,0.0,0.0,0.32664455151743177,0,True,0.16666666666666666,0.16666666666666666,0.16666666666666666,4.042842379925143,0.0,0.0,3.542842379925143,2.125664465814714,3.542842379925143,3.542842379925143,global,3
593,1,593,1,0.940045177936554,0.940045177936554,0.9673965573310852,0.35714285714285715,0.35294117647058826,0.0,55,0,1.0,0.9447852760736196,1.0,0.9447852760736196,0.686394803320101,0.8241758241758241,0.8241758241758241,0.9268092105263157,0.9268092105263157,0.0,0.0,0.0,0.0,0.592637732252706,0,True,0.16666666666666666,0.16666666666666666,0.16666666666666666,4.373435191482676,0.0,0.0,3.8734351914826757,2.4562572773722464,3.8734351914826757,3.8734351914826757,global,4
5951,1,5951,1,0.8254097104072571,0.8254097104072571,0.8856889605522156,0.2857142857142857,0.23529411764705885,0.0,55,0,1.0,0.9447852760736196,1.0,0.9447852760736196,0.4575965355467341,0.8478260869565217,0.8478260869565217,0.49644736842105247,0.49644736842105247,0.0,0.0,0.0,0.0,0.31224784888241935,0,False,0.0,0.0,0.0,3.1757062423198907,0.0,0.0,3.1757062423198907,1.7585283282094613,3.1757062423198907,3.1757062423198907,global,1
5958,1,5958,1,0.0,0.0,0.0,0.07142857142857142,0.05882352941176471,0.0,55,0,1.0,0.9447852760736196,1.0,0.9447852760736196,0.11439913388668352,0.0,0.0,0.0,0.0,0.0,0.0,0.0,0.0,0.0,0,False,0.0,0.0,0.0,1.6062535443625303,0.0,0.0,1.6062535443625303,0.18907563025210083,1.6062535443625303,1.6062535443625303,global,14
599,0,599,0,0.5234371423721313,0.5234371423721313,0.5162422060966492,0.0,0.0,0.0,16,0,1.0,0.24430563301728944,1.0,0.24430563301728944,0.0,0.45,0.45,0.0,0.0,0.0,0.0,0.0,1.0,0.10683170525010963,0,True,0.0,0.0,0.0,0.8172576749986722,0.0,0.0,0.8172576749986722,0.450799225472738,0.8172576749986722,0.8172576749986722,global,8
6019,1,6019,1,0.849247932434082,0.849247932434082,0.8877531886100769,0.21428571428571427,0.17647058823529413,0.0,55,0,1.0,0.9447852760736196,1.0,0.9447852760736196,0.3431974016600505,0.864406779661017,0.864406779661017,0.9268092105263157,0.9268092105263157,0.0,0.0,0.0,0.0,0.3741403367855576,0,False,0.0,0.0,0.0,3.239449857112823,0.0,0.0,3.239449857112823,1.8222719430023935,3.239449857112823,3.239449857112823,global,4
6048,1,6048,1,0.8889579176902771,0.8889579176902771,0.904466450214386,0.5,0.411764705882353,0.0,55,0,1.0,0.9447852760736196,1.0,0.9447852760736196,0.8007939372067846,0.10714285714285714,0.10714285714285714,0.8616028708133974,0.8616028708133974,0.0,0.0,0.0,0.0,0.4146616074597057,0,False,0.0,0.0,0.0,4.007073577671967,0.0,0.0,4.007073577671967,2.589895663561538,4.007073577671967,4.007073577671967,global,0
605,1,605,1,0.6886608004570007,0.6886608004570007,0.7169473767280579,0.35714285714285715,0.29411764705882354,0.0,55,0,1.0,0.9447852760736196,1.0,0.9447852760736196,0.5719956694334175,0.15942028985507245,0.15942028985507245,0.05014619883040934,0.05014619883040934,0.0,0.0,0.0,0.0,0.4673332319027492,0,False,0.0,0.0,0.0,3.078757774722564,0.0,0.0,3.078757774722564,1.6615798606121341,3.078757774722564,3.078757774722564,global,2
6077,1,6077,1,0.8668550848960876,0.8668550848960876,0.8901501893997192,0.21428571428571427,0.17647058823529413,0.0,55,0,1.0,0.9447852760736196,1.0,0.9447852760736196,0.3431974016600505,0.04878048780487805,0.04878048780487805,0.8616028708133974,0.8616028708133974,0.0,0.0,0.0,0.0,0.26431937887418644,0,False,0.0,0.0,0.0,3.187986121852557,0.0,0.0,3.187986121852557,1.7708082077421272,3.187986121852557,3.187986121852557,global,0
6090,0,6090,0,0.4128696918487549,0.4128696918487549,0.3203086256980896,0.14285714285714285,0.23529411764705885,0.0,16,0,1.0,0.24430563301728944,1.0,0.24430563301728944,0.2927777960040681,1.0,1.0,0.05014619883040934,0.05014619883040934,0.0,0.0,0.0,1.0,0.026291649906576668,0,True,0.3333333333333333,0.3333333333333333,0.3333333333333333,2.3431601755433764,0.0,0.0,1.3431601755433762,0.9767017260174421,1.3431601755433762,1.3431601755433762,global,2
6096,1,6096,1,0.6850318908691406,0.6850318908691406,0.7132750749588013,0.5,0.4705882352941177,0.0,55,0,1.0,0.9447852760736196,1.0,0.9447852760736196,0.9151930710934681,0.10144927536231885,0.10144927536231885,0.05014619883040934,0.05014619883040934,0.0,0.0,0.0,0.0,0.4938038909465407,0,True,0.16666666666666666,0.16666666666666666,0.16666666666666666,4.079594164093145,0.0,0.0,3.5795941640931446,2.162416249982715,3.5795941640931446,3.5795941640931446,global,2
6097,1,6097,1,0.7893396615982056,0.7893396615982056,0.8379054069519043,0.35714285714285715,0.29411764705882354,0.0,55,0,1.0,0.9447852760736196,1.0,0.9447852760736196,0.5719956694334175,0.05970149253731343,0.05970149253731343,0.0,0.0,0.0,0.0,0.0,0.0,0.44955102938872676,0,False,0.0,0.0,0.0,3.1288931034661163,0.0,0.0,3.1288931034661163,1.711715189355687,3.1288931034661163,3.1288931034661163,global,9
6105,1,6105,1,0.6897919178009033,0.6897919178009033,0.7180913090705872,0.5714285714285714,0.4705882352941177,0.0,55,0,1.0,0.9447852760736196,1.0,0.9447852760736196,0.9151930710934681,0.12244897959183673,0.12244897959183673,0.05014619883040934,0.05014619883040934,0.0,0.0,0.0,0.0,0.39145452535882386,0,False,0.0,0.0,0.0,3.6241259473908114,0.0,0.0,3.6241259473908114,2.2069480332803817,3.6241259473908114,3.6241259473908114,global,2
6109,1,6109,1,0.7803369164466858,0.7803369164466858,0.8053867816925049,0.5,0.411764705882353,0.0,55,0,1.0,0.9447852760736196,1.0,0.9447852760736196,0.8007939372067846,0.14678899082568808,0.14678899082568808,0.05014619883040934,0.05014619883040934,0.0,0.0,0.0,0.0,0.72636334509313,0,False,0.0,0.0,0.0,3.607958961975628,0.0,0.0,3.607958961975628,2.1907810478651983,3.607958961975628,3.607958961975628,global,2
6119,0,6119,0,0.7724450826644897,0.7724450826644897,0.809215247631073,0.14285714285714285,0.23529411764705885,0.0,16,0,1.0,0.24430563301728944,1.0,0.24430563301728944,0.2927777960040681,0.3333333333333333,0.3333333333333333,1.0,1.0,0.0,0.0,0.0,1.0,0.12217058443410493,0,True,0.3333333333333333,0.3333333333333333,0.3333333333333333,3.134511069139018,0.0,0.0,2.134511069139018,1.768052619613084,2.134511069139018,2.134511069139018,global,6
6136,0,6136,0,0.7587404251098633,0.7587404251098633,0.7754080295562744,0.21428571428571427,0.17647058823529413,0.0,16,0,1.0,0.24430563301728944,1.0,0.24430563301728944,0.2195833470030511,0.5806451612903226,0.5806451612903226,0.8505039193729003,0.8505039193729003,0.0,0.0,0.0,1.0,0.21606727048073238,0,True,0.0,0.0,0.0,2.0307498212007973,0.0,0.0,2.0307498212007973,1.664291371674863,2.0307498212007973,2.0307498212007973,global,7
6152,1,6152,1,0.8581181764602661,0.8581181764602661,0.912959635257721,0.2857142857142857,0.23529411764705885,0.0,55,0,1.0,0.9447852760736196,1.0,0.9447852760736196,0.4575965355467341,0.0625,0.0625,1.0,1.0,0.0,0.0,0.0,0.0,0.3246446414324785,0,False,0.0,0.0,0.0,3.4573683687167893,0.0,0.0,3.4573683687167893,2.04019045460636,3.4573683687167893,3.4573683687167893,global,6
616,1,616,1,0.8847610354423523,0.8847610354423523,0.9009413719177246,0.7142857142857143,0.7058823529411765,0.0,55,0,1.0,0.9447852760736196,1.0,0.9447852760736196,1.372789606640202,0.05405405405405406,0.05405405405405406,0.6007775119617226,0.6007775119617226,0.0,0.0,0.0,0.0,0.5768580577138734,0,True,0.3333333333333333,0.3333333333333333,0.3333333333333333,5.724483335927402,0.0,0.0,4.724483335927402,3.3073054218169724,4.724483335927402,4.724483335927402,global,5
63,1,63,1,0.8810800909996033,0.8810800909996033,0.8942806124687195,0.5,0.411764705882353,0.0,55,0,1.0,0.9447852760736196,1.0,0.9447852760736196,0.8007939372067846,0.08888888888888889,0.08888888888888889,0.8616028708133974,0.8616028708133974,0.0,0.0,0.0,0.0,0.35473421165334507,0,False,0.0,0.0,0.0,3.9827930975775203,0.0,0.0,3.9827930975775203,2.5656151834670906,3.9827930975775203,3.9827930975775203,global,0
638,1,638,1,0.6715466976165771,0.6715466976165771,0.6904692053794861,0.6428571428571429,0.5294117647058824,0.0,55,0,1.0,0.9447852760736196,1.0,0.9447852760736196,1.0295922049801516,0.03571428571428571,0.03571428571428571,0.05014619883040934,0.05014619883040934,0.0,0.0,0.0,0.0,0.4498367060934214,0,False,0.0,0.0,0.0,3.816120055715831,0.0,0.0,3.816120055715831,2.398942141605401,3.816120055715831,3.816120055715831,global,2
639,1,639,1,0.6998882293701172,0.6998882293701172,0.7413037419319153,0.2857142857142857,0.29411764705882354,0.0,55,0,1.0,0.9447852760736196,1.0,0.9447852760736196,0.5719956694334175,0.13846153846153847,0.13846153846153847,0.05014619883040934,0.05014619883040934,0.0,0.0,0.0,0.0,0.42019427418084165,0,True,0.16666666666666666,0.16666666666666666,0.16666666666666666,3.502169459107913,0.0,0.0,3.002169459107913,1.5849915449974836,3.002169459107913,3.002169459107913,global,2
642,0,642,0,0.41287752985954285,0.41287752985954285,0.2820560336112976,0.14285714285714285,0.23529411764705885,0.0,16,0,1.0,0.24430563301728944,1.0,0.24430563301728944,0.2927777960040681,0.0,0.0,0.0,0.0,0.0,0.0,0.0,1.0,0.015624999999999998,0,True,0.3333333333333333,0.3333333333333333,0.3333333333333333,2.314893351564829,0.0,0.0,1.314893351564829,0.9484349020388948,1.314893351564829,1.314893351564829,global,15
650,1,650,1,0.7762225866317749,0.7762225866317749,0.7917649745941162,0.21428571428571427,0.17647058823529413,0.0,55,0,1.0,0.9447852760736196,1.0,0.9447852760736196,0.3431974016600505,0.15384615384615385,0.15384615384615385,0.24006159014557663,0.24006159014557663,0.0,0.0,0.0,0.0,0.33612506800968256,0,False,0.0,0.0,0.0,2.826251189647845,0.0,0.0,2.826251189647845,1.4090732755374158,2.826251189647845,2.826251189647845,global,3
655,1,655,1,0.8216879367828369,0.8216879367828369,0.8214461803436279,0.5,0.5882352941176471,0.0,55,0,1.0,0.9447852760736196,1.0,0.9447852760736196,1.143991338866835,0.1702127659574468,0.1702127659574468,0.24006159014557663,0.24006159014557663,0.0,0.0,0.0,0.0,0.36767947894961134,0,True,0.5,0.5,0.5,5.481333490529665,0.0,0.0,3.981333490529665,2.5641555764192354,3.981333490529665,3.981333490529665,global,3
656,1,656,1,0.7913082242012024,0.7913082242012024,0.8113783001899719,0.2857142857142857,0.29411764705882354,0.0,55,0,1.0,0.9447852760736196,1.0,0.9447852760736196,0.5719956694334175,0.9642857142857143,0.9642857142857143,0.8505039193729003,0.8505039193729003,0.0,0.0,0.0,0.0,0.20963415045434014,0,True,0.16666666666666666,0.16666666666666666,0.16666666666666666,3.9123162781260765,0.0,0.0,3.4123162781260765,1.995138364015647,3.4123162781260765,3.4123162781260765,global,7
677,1,677,1,0.7754449248313904,0.7754449248313904,0.7917605042457581,0.6428571428571429,0.5294117647058824,0.0,55,0,1.0,0.9447852760736196,1.0,0.9447852760736196,1.0295922049801516,0.0891089108910891,0.0891089108910891,0.05014619883040934,0.05014619883040934,0.0,0.0,0.0,0.0,0.7089223156775815,0,False,0.0,0.0,0.0,3.976964320362929,0.0,0.0,3.976964320362929,2.559786406252499,3.976964320362929,3.976964320362929,global,2
695,1,695,1,0.8825480937957764,0.8825480937957764,0.8772785067558289,0.7142857142857143,0.5882352941176471,0.0,55,0,1.0,0.9447852760736196,1.0,0.9447852760736196,1.143991338866835,0.08955223880597014,0.08955223880597014,0.24006159014557663,0.24006159014557663,0.0,0.0,0.0,0.0,0.5295979234314492,0,False,0.0,0.0,0.0,4.2928828637702825,0.0,0.0,4.2928828637702825,2.875704949659853,4.2928828637702825,4.2928828637702825,global,3
716,1,716,1,0.8696536421775818,0.8696536421775818,0.8800562620162964,0.35714285714285715,0.29411764705882354,0.0,55,0,1.0,0.9447852760736196,1.0,0.9447852760736196,0.5719956694334175,0.06451612903225806,0.06451612903225806,0.8616028708133974,0.8616028708133974,0.0,0.0,0.0,0.0,0.2421415992238046,0,False,0.0,0.0,0.0,3.561722894286839,0.0,0.0,3.561722894286839,2.1445449801764096,3.561722894286839,3.561722894286839,global,0
717,1,717,1,0.8725255131721497,0.8725255131721497,0.8919844031333923,0.21428571428571427,0.23529411764705885,0.0,55,0,1.0,0.9447852760736196,1.0,0.9447852760736196,0.4575965355467341,0.9642857142857143,0.9642857142857143,0.9268092105263157,0.9268092105263157,0.0,0.0,0.0,0.0,0.2085454047997768,0,True,0.16666666666666666,0.16666666666666666,0.16666666666666666,3.826040500931072,0.0,0.0,3.326040500931072,1.9088625868206426,3.326040500931072,3.326040500931072,global,4
72,1,72,1,0.8011816143989563,0.8011816143989563,0.8040066361427307,0.35714285714285715,0.4705882352941177,0.0,55,0,1.0,0.9447852760736196,1.0,0.9447852760736196,0.9151930710934681,0.14035087719298245,0.14035087719298245,0.24006159014557663,0.24006159014557663,0.0,0.0,0.0,0.0,0.40076246320270204,0,True,0.5,0.5,0.5,5.096702067394286,0.0,0.0,3.596702067394286,2.179524153283857,3.596702067394286,3.596702067394286,global,3
724,1,724,1,0.8328343033790588,0.8328343033790588,0.8894104361534119,0.42857142857142855,0.35294117647058826,0.0,55,0,1.0,0.9447852760736196,1.0,0.9447852760736196,0.686394803320101,0.9130434782608695,0.9130434782608695,0.49644736842105247,0.49644736842105247,0.0,0.0,0.0,0.0,0.34120811204143,0,False,0.0,0.0,0.0,3.568485256149237,0.0,0.0,3.568485256149237,2.1513073420388076,3.568485256149237,3.568485256149237,global,1
73,1,73,1,0.7867947816848755,0.7867947816848755,0.795607328414917,0.42857142857142855,0.411764705882353,0.0,55,0,1.0,0.9447852760736196,1.0,0.9447852760736196,0.8007939372067846,0.12,0.12,0.24006159014557663,0.24006159014557663,0.0,0.0,0.0,0.0,0.2227219518098589,0,True,0.16666666666666666,0.16666666666666666,0.16666666666666666,3.9855619604102106,0.0,0.0,3.4855619604102106,2.068384046299781,3.4855619604102106,3.4855619604102106,global,3
734,1,734,1,0.7631931900978088,0.7631931900978088,0.7825629711151123,0.2857142857142857,0.29411764705882354,0.0,55,0,1.0,0.9447852760736196,1.0,0.9447852760736196,0.5719956694334175,1.0,1.0,0.8505039193729003,0.8505039193729003,0.0,0.0,0.0,0.0,0.16831498765679806,0,True,0.16666666666666666,0.16666666666666666,0.16666666666666666,3.877428502004099,0.0,0.0,3.377428502004099,1.9602505878936696,3.377428502004099,3.377428502004099,global,7
737,1,737,1,0.940276563167572,0.940276563167572,0.9500126838684082,0.6428571428571429,0.5294117647058824,0.0,55,0,1.0,0.9447852760736196,1.0,0.9447852760736196,1.0295922049801516,0.058823529411764705,0.058823529411764705,0.8616028708133974,0.8616028708133974,0.0,0.0,0.0,0.0,0.6099631478740403,0,False,0.0,0.0,0.0,4.484870216682305,0.0,0.0,4.484870216682305,3.0676923025718756,4.484870216682305,4.484870216682305,global,0
74,1,74,1,0.5646020770072937,0.5646020770072937,0.5625414848327637,0.14285714285714285,0.11764705882352942,0.0,55,0,1.0,0.9447852760736196,1.0,0.9447852760736196,0.22879826777336704,0.84,0.84,0.0,0.0,0.0,0.0,0.0,0.0,0.1663065486142053,0,False,0.0,0.0,0.0,2.2969028008047276,0.0,0.0,2.2969028008047276,0.8797248866942983,2.2969028008047276,2.2969028008047276,global,8
746,1,746,1,0.895494818687439,0.895494818687439,0.9184226393699646,0.42857142857142855,0.411764705882353,0.0,55,0,1.0,0.9447852760736196,1.0,0.9447852760736196,0.8007939372067846,0.9090909090909091,0.9090909090909091,0.9268092105263157,0.9268092105263157,0.0,0.0,0.0,0.0,0.33083973663455135,0,True,0.16666666666666666,0.16666666666666666,0.16666666666666666,4.448331135650038,0.0,0.0,3.9483311356500383,2.531153221539609,3.9483311356500383,3.9483311356500383,global,4
754,1,754,1,0.65385901927948,0.65385901927948,0.6908839344978333,0.5,0.411764705882353,0.0,55,0,1.0,0.9447852760736196,1.0,0.9447852760736196,0.8007939372067846,0.18,0.18,0.0,0.0,0.0,0.0,0.0,0.0,0.39576930029502644,0,False,0.0,0.0,0.0,3.3825253313872277,0.0,0.0,3.3825253313872277,1.9653474172767982,3.3825253313872277,3.3825253313872277,global,9
764,1,764,1,0.7300453186035156,0.7300453186035156,0.7861106991767883,0.0,0.0,0.0,55,0,1.0,0.9447852760736196,1.0,0.9447852760736196,0.0,0.0,0.0,0.6007775119617226,0.6007775119617226,0.0,0.0,0.0,0.0,0.08792901309586681,0,False,0.0,0.0,0.0,2.3279816289028634,0.0,0.0,2.3279816289028634,0.9108037147924338,2.3279816289028634,2.3279816289028634,global,5
773,0,773,0,0.7495419979095459,0.7495419979095459,0.7374958395957947,0.5,0.7058823529411765,0.0,16,0,1.0,0.24430563301728944,1.0,0.24430563301728944,0.8783333880122044,0.34615384615384615,0.34615384615384615,0.24006159014557663,0.24006159014557663,0.0,0.0,0.0,1.0,0.24846019950824874,0,True,0.8333333333333333,0.8333333333333333,0.8333333333333333,5.572425608661186,0.0,0.0,3.0724256086611863,2.7059671591352523,3.0724256086611863,3.0724256086611863,global,3
775,1,775,1,0.96211177110672,0.96211177110672,0.9714453816413879,0.6428571428571429,0.5294117647058824,0.0,55,0,1.0,0.9447852760736196,1.0,0.9447852760736196,1.0295922049801516,0.8928571428571429,0.8928571428571429,0.9268092105263157,0.9268092105263157,0.0,0.0,0.0,0.0,0.44796975688253926,0,False,0.0,0.0,0.0,4.486343535592632,0.0,0.0,4.486343535592632,3.069165621482203,4.486343535592632,4.486343535592632,global,4
813,1,813,1,0.8347979784011841,0.8347979784011841,0.8520374894142151,0.35714285714285715,0.29411764705882354,0.0,55,0,1.0,0.9447852760736196,1.0,0.9447852760736196,0.5719956694334175,0.7956989247311828,0.7956989247311828,0.8505039193729003,0.8505039193729003,0.0,0.0,0.0,0.0,0.6058373647789517,0,False,0.0,0.0,0.0,3.6373976172120166,0.0,0.0,3.6373976172120166,2.220219703101587,3.6373976172120166,3.6373976172120166,global,7
817,1,817,1,0.8332468867301941,0.8332468867301941,0.8447033166885376,0.5,0.411764705882353,0.0,55,0,1.0,0.9447852760736196,1.0,0.9447852760736196,0.8007939372067846,0.8032786885245902,0.8032786885245902,0.8505039193729003,0.8505039193729003,0.0,0.0,0.0,0.0,0.44653301187421235,0,False,0.0,0.0,0.0,3.9665166985080047,0.0,0.0,3.9665166985080047,2.549338784397575,3.9665166985080047,3.9665166985080047,global,7
82,0,82,0,0.5216672420501709,0.5216672420501709,0.508388340473175,0.14285714285714285,0.23529411764705885,0.0,16,0,1.0,0.24430563301728944,1.0,0.24430563301728944,0.2927777960040681,0.45454545454545453,0.45454545454545453,0.0,0.0,0.0,0.0,0.0,1.0,0.0834259961242973,0,True,0.3333333333333333,0.3333333333333333,0.3333333333333333,2.4222654201546208,0.0,0.0,1.4222654201546205,1.0558069706286863,1.4222654201546205,1.4222654201546205,global,8
820,1,820,1,0.7107382416725159,0.7107382416725159,0.7505924105644226,0.42857142857142855,0.35294117647058826,0.0,55,0,1.0,0.9447852760736196,1.0,0.9447852760736196,0.686394803320101,0.06666666666666667,0.06666666666666667,0.0,0.0,0.0,0.0,0.0,0.0,0.3418535145838341,0,False,0.0,0.0,0.0,3.2227783433361976,0.0,0.0,3.2227783433361976,1.8056004292257681,3.2227783433361976,3.2227783433361976,global,9
822,1,822,1,0.9046715497970581,0.9046715497970581,0.9214357137680054,0.5,0.4705882352941177,0.0,55,0,1.0,0.9447852760736196,1.0,0.9447852760736196,0.9151930710934681,0.859375,0.859375,0.9268092105263157,0.9268092105263157,0.0,0.0,0.0,0.0,0.4727663905887884,0,True,0.16666666666666666,0.16666666666666666,0.16666666666666666,4.687326146976106,0.0,0.0,4.187326146976106,2.7701482328656764,4.187326146976106,4.187326146976106,global,4
831,0,831,0,0.780869722366333,0.780869722366333,0.8375751376152039,0.2857142857142857,0.4705882352941177,0.0,16,0,1.0,0.24430563301728944,1.0,0.24430563301728944,0.5855555920081362,0.8333333333333334,0.8333333333333334,0.49644736842105247,0.49644736842105247,0.0,0.0,0.0,1.0,0.15012085133256964,0,True,0.6666666666666666,0.6666666666666666,0.6666666666666666,4.511304923331819,0.0,0.0,2.5113049233318185,2.1448464738058846,2.5113049233318185,2.5113049233318185,global,1
854,1,854,1,0.8652346730232239,0.8652346730232239,0.9172021746635437,0.2857142857142857,0.23529411764705885,0.0,55,0,1.0,0.9447852760736196,1.0,0.9447852760736196,0.4575965355467341,0.045454545454545456,0.045454545454545456,1.0,1.0,0.0,0.0,0.0,0.0,0.30102744675590515,0,False,0.0,0.0,0.0,3.455976407564184,0.0,0.0,3.455976407564184,2.038798493453754,3.455976407564184,3.455976407564184,global,6
872,1,872,1,0.7874369025230408,0.7874369025230408,0.8228183388710022,0.21428571428571427,0.17647058823529413,0.0,55,0,1.0,0.9447852760736196,1.0,0.9447852760736196,0.3431974016600505,0.07142857142857142,0.07142857142857142,1.0,1.0,0.0,0.0,0.0,0.0,0.1132165749471431,0,False,0.0,0.0,0.0,3.148319299369308,0.0,0.0,3.148319299369308,1.7311413852588782,3.148319299369308,3.148319299369308,global,6
883,1,883,1,0.7931955456733704,0.7931955456733704,0.8151917457580566,0.2857142857142857,0.23529411764705885,0.0,55,0,1.0,0.9447852760736196,1.0,0.9447852760736196,0.4575965355467341,0.9047619047619048,0.9047619047619048,0.8505039193729003,0.8505039193729003,0.0,0.0,0.0,0.0,0.2937685681523833,0,False,0.0,0.0,0.0,3.3214194017896945,0.0,0.0,3.3214194017896945,1.9042414876792648,3.3214194017896945,3.3214194017896945,global,7
916,0,916,0,0.5951834321022034,0.5951834321022034,0.6200352907180786,0.2857142857142857,0.35294117647058826,0.0,16,0,1.0,0.24430563301728944,1.0,0.24430563301728944,0.4391666940061022,0.2978723404255319,0.2978723404255319,0.05014619883040934,0.05014619883040934,0.0,0.0,0.0,1.0,0.33054950059076094,0,True,0.3333333333333333,0.3333333333333333,0.3333333333333333,2.958439783455592,0.0,0.0,1.958439783455592,1.5919813339296578,1.958439783455592,1.958439783455592,global,2
927,1,927,1,0.726611852645874,0.726611852645874,0.7625561356544495,0.21428571428571427,0.23529411764705885,0.0,55,0,1.0,0.9447852760736196,1.0,0.9447852760736196,0.4575965355467341,0.25,0.25,0.6007775119617226,0.6007775119617226,0.0,0.0,0.0,0.0,0.2209473520128773,0,True,0.16666666666666666,0.16666666666666666,0.16666666666666666,3.5500143073916854,0.0,0.0,3.0500143073916854,1.632836393281256,3.0500143073916854,3.0500143073916854,global,5
937,1,937,1,0.895035445690155,0.895035445690155,0.9115155339241028,0.2857142857142857,0.23529411764705885,0.0,55,0,1.0,0.9447852760736196,1.0,0.9447852760736196,0.4575965355467341,0.0,0.0,0.8616028708133974,0.8616028708133974,0.0,0.0,0.0,0.0,0.3114932448458836,0,False,0.0,0.0,0.0,3.4137582005314204,0.0,0.0,3.4137582005314204,1.9965802864209912,3.4137582005314204,3.4137582005314204,global,0
938,1,938,1,0.8260418772697449,0.8260418772697449,0.8753769993782043,0.35714285714285715,0.411764705882353,0.0,55,0,1.0,0.9447852760736196,1.0,0.9447852760736196,0.8007939372067846,0.9423076923076923,0.9423076923076923,0.49644736842105247,0.49644736842105247,0.0,0.0,0.0,0.0,0.36219774830050355,0,True,0.3333333333333333,0.3333333333333333,0.3333333333333333,4.615566693534466,0.0,0.0,3.6155666935344657,2.1983887794240364,3.6155666935344657,3.6155666935344657,global,1
947,1,947,1,0.8992260694503784,0.8992260694503784,0.9257399439811707,0.5714285714285714,0.5882352941176471,0.0,55,0,1.0,0.9447852760736196,1.0,0.9447852760736196,1.143991338866835,0.891566265060241,0.891566265060241,0.49644736842105247,0.49644736842105247,0.0,0.0,0.0,0.0,0.5916394888702375,0,True,0.3333333333333333,0.3333333333333333,0.3333333333333333,5.310173460206196,0.0,0.0,4.310173460206196,2.892995546095766,4.310173460206196,4.310173460206196,global,1
953,1,953,1,0.8388248085975647,0.8388248085975647,0.879486620426178,0.21428571428571427,0.23529411764705885,0.0,55,0,1.0,0.9447852760736196,1.0,0.9447852760736196,0.4575965355467341,0.07692307692307693,0.07692307692307693,0.6007775119617226,0.6007775119617226,0.0,0.0,0.0,0.0,0.3331990185996113,0,True,0.16666666666666666,0.16666666666666666,0.16666666666666666,3.673460172129058,0.0,0.0,3.173460172129058,1.7562822580186284,3.173460172129058,3.173460172129058,global,5
954,1,954,1,0.771792471408844,0.771792471408844,0.7789254784584045,0.14285714285714285,0.11764705882352942,0.0,55,0,1.0,0.9447852760736196,1.0,0.9447852760736196,0.22879826777336704,0.0,0.0,0.24006159014557663,0.24006159014557663,0.0,0.0,0.0,0.0,0.09745667552470327,0,False,0.0,0.0,0.0,2.5620309494719056,0.0,0.0,2.5620309494719056,1.1448530353614763,2.5620309494719056,2.5620309494719056,global,3
97,1,97,1,0.8968547582626343,0.8968547582626343,0.9102610349655151,0.5,0.5294117647058824,0.0,55,0,1.0,0.9447852760736196,1.0,0.9447852760736196,1.0295922049801516,0.9065420560747663,0.9065420560747663,0.8505039193729003,0.8505039193729003,0.0,0.0,0.0,0.0,0.7144243014203231,0,True,0.3333333333333333,0.3333333333333333,0.3333333333333333,5.3330645002448485,0.0,0.0,4.3330645002448485,2.915886586134419,4.3330645002448485,4.3330645002448485,global,7
970,1,970,1,0.8457793593406677,0.8457793593406677,0.8784193992614746,0.35714285714285715,0.35294117647058826,0.0,55,0,1.0,0.9447852760736196,1.0,0.9447852760736196,0.686394803320101,0.07936507936507936,0.07936507936507936,0.6007775119617226,0.6007775119617226,0.0,0.0,0.0,0.0,0.4297156933422639,0,True,0.16666666666666666,0.16666666666666666,0.16666666666666666,4.086130075650538,0.0,0.0,3.586130075650538,2.1689521615401084,3.586130075650538,3.586130075650538,global,5
978,0,978,0,0.4367469251155853,0.4367469251155853,0.42258819937705994,0.07142857142857142,0.11764705882352942,0.0,16,0,1.0,0.24430563301728944,1.0,0.24430563301728944,0.14638889800203406,0.7272727272727273,0.7272727272727273,0.0,0.0,0.0,0.0,0.0,1.0,0.07592318420812558,0,True,0.16666666666666666,0.16666666666666666,0.16666666666666666,1.5453556339564705,0.0,0.0,1.0453556339564705,0.6788971844305363,1.0453556339564705,1.0453556339564705,global,8
997,1,997,1,0.876208484172821,0.876208484172821,0.9045310616493225,0.14285714285714285,0.11764705882352942,0.0,55,0,1.0,0.9447852760736196,1.0,0.9447852760736196,0.22879826777336704,0.02040816326530612,0.02040816326530612,0.8616028708133974,0.8616028708133974,0.0,0.0,0.0,0.0,0.2937207015378185,0,False,0.0,0.0,0.0,3.0152136078209324,0.0,0.0,3.0152136078209324,1.598035693710503,3.0152136078209324,3.0152136078209324,global,0
999,1,999,1,0.7998666763305664,0.7998666763305664,0.8510944247245789,0.14285714285714285,0.11764705882352942,0.0,55,0,1.0,0.9447852760736196,1.0,0.9447852760736196,0.22879826777336704,0.125,0.125,1.0,1.0,0.0,0.0,0.0,0.0,0.24760608445243604,0,False,0.0,0.0,0.0,3.0095043410148152,0.0,0.0,3.0095043410148152,1.5923264269043857,3.0095043410148152,3.0095043410148152,global,6
