node_id,graphsage_pred_score,graphsage_raw_label,graphsage_embedding_norm,protected_group,community_id
10007042,0.5181857943534851,0.062404174357652664,0.6218352,1,0
10046442,0.60346919298172,0.0639447271823883,0.51915854,1,0
10074432,0.479373574256897,0.054575007408857346,0.46725214,0,1
10077242,0.6161139011383057,0.0653342753648758,0.37329274,1,2
10093672,0.21026986837387085,0.038043875247240067,0.766617,1,3
10104672,0.7496405243873596,0.16747114062309265,0.4483546,1,4
10107362,0.6866002678871155,0.06472694873809814,0.648645,1,2
10125152,0.15722253918647766,5.557018084800802e-06,0.630761,0,5
10125822,0.5013379454612732,0.06421305239200592,0.24195367,1,6
10130032,0.4975773096084595,0.056376487016677856,0.42453146,1,4
10138132,0.7702569365501404,0.2780901789665222,0.40620202,2,0
10144442,0.5213040113449097,0.054054144769907,0.19429143,1,7
10166632,0.5263143181800842,0.06180611997842789,0.6560069,1,0
10214802,0.12514041364192963,0.00016962252266239375,0.54063493,1,8
10241462,0.44662100076675415,0.11133915930986404,0.37621695,1,9
10241802,0.6536891460418701,0.06470873206853867,0.9490527,1,2
10263662,0.4795629680156708,0.04916946962475777,0.5350123,1,10
10270072,0.4680417776107788,0.034085243940353394,0.6171947,1,11
10270872,0.07662700861692429,8.272250852314755e-06,0.6368472,1,12
10284152,0.5688864588737488,0.058318428695201874,0.5512389,0,13
1032291,0.6078023314476013,0.05442070960998535,0.56428003,0,1
10326,0.7484976053237915,0.065485380589962,0.5765383,1,2
10332972,0.08423121273517609,3.927406942239031e-05,0.6951564,0,14
10348132,0.6947228908538818,0.0653638243675232,0.38034865,1,2
10367842,0.7014029026031494,0.05425385758280754,0.72117895,0,1
10507892,0.3507302403450012,0.06211194023489952,0.3716978,1,15
10523552,0.3982408046722412,0.0001589771854924038,0.5149339,0,5
10524,0.7391132116317749,0.06564723700284958,0.4916788,1,2
10545772,0.5554498434066772,0.04461206868290901,0.48152998,0,16
1058591,0.8535345196723938,0.26946118474006653,0.46594456,2,13
10599392,0.43559184670448303,0.060754094272851944,0.24515109,1,6
10609292,0.5061397552490234,0.05620935186743736,0.6377394,1,4
10618402,0.4878346025943756,0.061964042484760284,0.68348527,1,0
10638782,0.7633431553840637,0.07004161179065704,0.49902785,1,2
10645702,0.44145503640174866,0.05143566429615021,0.44527984,1,17
10651272,0.5126650929450989,0.05177050456404686,0.47458655,1,17
10659742,0.2573469579219818,0.03989894688129425,0.6382947,1,3
10701982,0.24934321641921997,0.04560230299830437,0.29533726,1,18
10717512,0.2917340099811554,0.04159213602542877,0.2866386,0,19
10722102,0.15722253918647766,5.557018084800802e-06,0.630761,0,5
10728992,0.4317551851272583,0.06180232763290405,0.8255807,2,0
10732492,0.6872785687446594,0.05907240882515907,0.59317803,2,13
10750192,0.4249421954154968,0.06120693311095238,0.23886873,1,6
10768042,0.47358620166778564,0.06128393113613129,0.19667985,1,6
10790832,0.3782309293746948,0.055765438824892044,0.3500479,1,7
10804132,0.5373716354370117,0.06194888800382614,0.6657895,1,0
1081091,0.3729458451271057,0.13798342645168304,0.37538186,1,20
10821392,0.6095827221870422,0.16754449903964996,0.27198213,1,4
10836002,0.3814041018486023,0.03961699828505516,0.404124,1,21
1086591,0.07522285729646683,0.0003596100432332605,0.6655712,1,22
10936542,0.21393729746341705,0.046077653765678406,0.30539796,1,18
10969982,0.465419203042984,0.05141359195113182,0.51615596,1,17
10996862,0.4927634000778198,0.0647784024477005,0.57041186,1,23
1100251,0.4277357757091522,0.04035446420311928,0.33132792,1,21
11039482,0.7111400961875916,0.06596524268388748,0.5883769,1,2
1106311,0.7014029026031494,0.05425385758280754,0.72117895,0,1
11069572,0.6328842043876648,0.05846671760082245,0.49055943,2,13
11071232,0.5558909177780151,0.06270856410264969,0.47825244,0,0
11120172,0.9078632593154907,0.27597853541374207,0.38370505,2,2
1112751,0.6421518325805664,0.2622261941432953,0.41600856,1,17
11130772,0.8781853914260864,0.17613573372364044,0.58989257,1,2
11138972,0.7137303352355957,0.5239260196685791,0.4033323,0,4
11142222,0.07512324303388596,7.859543256927282e-05,0.6639457,1,22
11162812,0.3789295256137848,0.056115999817848206,0.40226737,1,4
11206912,0.4204327166080475,0.06412513554096222,0.32685128,1,15
11221192,0.4137573540210724,0.06621742993593216,0.45374694,0,23
11231562,0.5843920707702637,0.06431308388710022,0.47000188,1,0
11264322,0.421273410320282,0.06263257563114166,0.31563532,1,15
11288162,0.5085954666137695,0.054394129663705826,0.5615817,1,1
11332342,0.23490791022777557,0.12388137727975845,0.5320425,1,24
11347052,0.12633013725280762,0.00016962252266239375,0.51715446,0,25
11350892,0.5388379693031311,0.04961666837334633,0.49504802,0,16
11358372,0.495516300201416,0.06180407479405403,0.71484655,1,0
11360912,0.4718581736087799,0.054310791194438934,0.51961815,1,1
11364652,0.47239017486572266,0.05458049476146698,0.4334161,1,1
11376132,0.4721642732620239,0.06091379001736641,0.19885042,1,6
11379982,0.4754185974597931,0.0542733408510685,0.4950746,1,1
11395432,0.715225100517273,0.06519975513219833,0.546362,0,2
11402482,0.25273776054382324,0.04562688618898392,0.31360513,1,18
11425612,0.5049148797988892,0.05035357549786568,0.46432218,1,10
11442052,0.4400530457496643,0.06477932631969452,0.6045534,1,23
1147031,0.4974152743816376,0.05811386555433273,0.45447975,1,26
11541862,0.4488680362701416,0.06123238429427147,0.3556519,1,6
11550142,0.46075159311294556,0.06227470561861992,0.30830267,1,15
1160081,0.4812510311603546,0.06170753762125969,0.23470958,1,6
11606702,0.4086933434009552,0.04205852001905441,0.4468482,1,19
11620042,0.09319063276052475,0.00039620281313546,0.6087542,1,27
11625152,0.43776780366897583,0.048642031848430634,0.5587965,1,10
11626822,0.09973914921283722,0.0004121518286410719,0.60380954,1,28
11650012,0.5632963180541992,0.06286349147558212,0.5690981,1,0
11672342,0.47379058599472046,0.05721161887049675,0.5323675,1,4
11702862,0.6204630136489868,0.06472312659025192,0.8845058,1,2
11724382,0.6029123067855835,0.05425644665956497,0.73192376,1,1
11726732,0.7664598822593689,0.17364971339702606,0.34808898,1,0
11763862,0.19263842701911926,0.03927258029580116,0.7223758,1,3
11767072,0.5633216500282288,0.05814317613840103,0.5723464,1,13
11769872,0.24587199091911316,0.038558073341846466,0.67767936,1,3
11770552,0.4883688986301422,0.0560670867562294,0.49230847,1,4
11786302,0.5211681723594666,0.06180102378129959,0.78294283,1,0
11792612,0.47889694571495056,0.03371221572160721,0.63409084,1,11
11819122,0.2848888635635376,0.04160108417272568,0.2763268,1,19
11842342,0.21496306359767914,0.031656038016080856,0.36796993,1,29
11918842,0.7014029026031494,0.05425385758280754,0.72117895,0,1
11920922,0.08636081963777542,0.00016962252266239375,0.5894936,1,30
11926262,0.3844931721687317,0.0504988431930542,0.50938565,1,31
11944562,0.5128081440925598,0.061958637088537216,0.6009739,1,0
11963282,0.6945282220840454,0.06508708745241165,0.5971791,1,2
11981952,0.3459436595439911,0.03355000540614128,0.5699633,1,11
12018412,0.07464653998613358,2.2364352844306268e-05,0.66509473,1,14
12037502,0.2910498082637787,0.051247622817754745,0.5471462,1,17
12062282,0.08343317359685898,0.00016962252266239375,0.60965836,1,32
12080652,0.5427142381668091,0.054869987070560455,0.2687918,1,7
12081592,0.43013995885849,0.051475152373313904,0.5432341,1,17
12114432,0.34157848358154297,0.039489686489105225,0.31674585,1,21
12115732,0.36067959666252136,0.06236492842435837,0.3854377,1,15
12118882,0.4227353632450104,0.06526031345129013,0.572241,0,23
12149902,0.3435143530368805,0.039876703172922134,0.24924958,1,21
12163342,0.6753640174865723,0.06503079831600189,0.64149743,1,2
12168312,0.39239585399627686,0.06280510127544403,0.32096258,1,15
12174212,0.49419844150543213,0.061803076416254044,0.649438,1,0
12217472,0.7002443075180054,0.06471864879131317,0.77072215,1,2
12222522,0.8265836834907532,0.5326331853866577,0.57503814,0,2
12227112,0.46136894822120667,0.06111123785376549,0.21133675,1,6
12230022,0.5105689167976379,0.06526811420917511,0.6300034,1,23
12264532,0.5932836532592773,0.1719980090856552,0.19851035,1,6
12286822,0.5114918351173401,0.05606187507510185,0.50262153,1,4
12287142,0.18222713470458984,0.026705021038651466,0.6275215,1,20
12301112,0.618152916431427,0.15086929500102997,0.29946762,1,21
12327342,0.47278890013694763,0.062439076602458954,0.41200882,1,0
12334662,0.510414719581604,0.06209519878029823,0.68251026,1,0
12369282,0.5225210785865784,0.061946649104356766,0.6564435,1,0
12377702,0.7014029026031494,0.05425385758280754,0.72117895,0,1
12389772,0.6944053769111633,0.17334438860416412,0.70937717,1,0
12429382,0.08400052785873413,0.0004121518286410719,0.61608815,1,33
12448322,0.22603534162044525,0.02671024762094021,0.57160294,1,34
12455292,0.49151167273521423,0.05653219297528267,0.38873294,0,4
12464552,0.402722030878067,0.05430583283305168,0.3259338,0,7
12470922,0.40962597727775574,0.06283494085073471,0.31728074,1,15
1249501,0.4031868278980255,0.051285456866025925,0.4502688,1,17
1253451,0.657429039478302,0.07224141061306,0.4339709,0,2
12618652,0.5234628319740295,0.061945244669914246,0.70065194,1,0
12623252,0.5660964846611023,0.05460042506456375,0.44046536,0,1
12650962,0.4580914080142975,0.062186844646930695,0.5891203,1,0
1265601,0.536710798740387,0.06227874010801315,0.48985583,0,0
12681372,0.7014029026031494,0.05425385758280754,0.72117895,0,1
12695882,0.4386361241340637,0.04864539951086044,0.57145286,1,10
12706762,0.7056228518486023,0.06561710685491562,0.46731943,0,2
12715022,0.5816360712051392,0.17199833691120148,0.17879322,1,6
12739402,0.4591420590877533,0.06279464066028595,0.29048336,1,15
12740012,0.3589369058609009,0.11158228665590286,0.32238263,1,27
12741382,0.41156551241874695,0.05169656127691269,0.5561278,1,17
12771132,0.4964101314544678,0.061805713921785355,0.71780175,1,0
1277191,0.8891356587409973,0.17617167532444,0.66831034,1,2
12783392,0.08423121273517609,3.927406942239031e-05,0.6951564,1,14
12787922,0.04923927038908005,0.00024592707632109523,0.63055027,1,35
12790082,0.28019437193870544,0.045776575803756714,0.26587468,1,18
12793382,0.3637920618057251,0.15670938789844513,0.1744897,1,18
12803772,0.46071454882621765,0.14317114651203156,0.19829914,1,29
12818,0.4799130856990814,0.05457509309053421,0.5486778,0,1
12874212,0.4061477482318878,0.06121383234858513,0.24377622,1,6
1290661,0.08898264914751053,0.00016962252266239375,0.6201619,1,36
12920142,0.45329344272613525,0.04517427086830139,0.49102083,1,16
12925,0.418059766292572,0.06721099466085434,0.52478427,0,23
12952252,0.4699050188064575,0.03999972343444824,0.2425209,1,21
12964542,0.37711063027381897,0.06263455748558044,0.3331137,1,15
12966662,0.618586003780365,0.054410092532634735,0.5803694,0,1
12967642,0.4107973277568817,0.0340280644595623,0.59740627,1,11
12973362,0.4809597432613373,0.055953361093997955,0.28788108,1,7
13008262,0.11495418846607208,0.00017793384904507548,0.5962068,1,27
1304091,0.5015209317207336,0.0633103996515274,0.26879403,1,6
13043702,0.6770705580711365,0.06492642313241959,0.78221,1,2
13051142,0.7050479650497437,0.06522441655397415,0.5475841,1,2
13116482,0.7478622198104858,0.05859246477484703,0.60084015,2,13
13118432,0.5084154605865479,0.058315783739089966,0.6186413,1,13
1315431,0.7628126740455627,0.27835071086883545,0.46262228,1,0
13159492,0.627648651599884,0.06477086246013641,0.539748,1,2
13170292,0.6354149580001831,0.17231950163841248,0.1708256,1,6
13211,0.5027336478233337,0.5095729827880859,0.17960398,0,19
13222222,0.7731088399887085,0.16960878670215607,0.46367437,1,13
13224342,0.48324382305145264,0.049178872257471085,0.52351207,0,10
13225072,0.4721451997756958,0.16259346902370453,0.22912374,1,31
13232092,0.6532738208770752,0.06549253314733505,0.42575267,0,2
13253832,0.6719604134559631,0.06471078097820282,0.5737124,0,2
13253992,0.6276481747627258,0.0673864334821701,0.4708454,2,0
13258742,0.10395732522010803,0.00016962252266239375,0.5825183,1,37
13264762,0.4576699435710907,0.056067418307065964,0.43055743,1,4
13285072,0.40645843744277954,0.062022410333156586,0.57889575,1,0
13291122,0.46717652678489685,0.06092342361807823,0.22176939,1,6
13302,0.46417176723480225,0.06073945760726929,0.24621025,1,6
1330691,0.15477539598941803,0.00023823238734621555,0.6026313,1,38
13308842,0.49185672402381897,0.06536608189344406,0.55676717,1,23
13330612,0.389721155166626,0.05194122716784477,0.56361145,1,17
13354182,0.43708741664886475,0.0621064156293869,0.33851358,1,15
13406742,0.3553211987018585,0.06480014324188232,0.57830554,1,23
13454462,0.5100610256195068,0.048586584627628326,0.63363516,1,10
13466982,0.5703305602073669,0.061032701283693314,0.39732447,1,6
13467242,0.8457933664321899,0.3951985836029053,0.21965107,1,6
13473142,0.6868818402290344,0.06492585688829422,0.6755203,1,2
13473852,0.6395275592803955,0.06567726284265518,0.47569132,1,2
13501922,0.6182498335838318,0.06682436168193817,0.49318385,0,2
13541632,0.4375307857990265,0.06525037437677383,0.5363181,0,23
13648652,0.2275608628988266,0.03853537514805794,0.6051636,1,3
13651452,0.7532460689544678,0.06474636495113373,0.9534314,0,2
13654112,0.7759811878204346,0.2782950699329376,0.4431779,2,0
13722332,0.5228689908981323,0.057918209582567215,0.54007435,1,26
13746182,0.5239625573158264,0.05555195361375809,0.5243676,0,1
13755792,0.6696637272834778,0.06471282988786697,0.59205514,1,2
13763362,0.4302564561367035,0.04383606091141701,0.4522897,1,16
13767032,0.3962959349155426,0.03982282802462578,0.22582892,1,21
13768662,0.578847348690033,0.06253554672002792,0.5732896,1,0
13772282,0.7399551272392273,0.06471115350723267,0.8761007,1,2
13789152,0.8444135189056396,0.17620216310024261,0.45728087,1,2
13797692,0.6419970989227295,0.06502833962440491,0.76462847,1,2
13894222,0.7683382630348206,0.5317419767379761,0.4478755,0,0
13897532,0.5590133666992188,0.17226499319076538,0.19657004,1,6
13923382,0.560714840888977,0.06477820128202438,0.78727645,1,23
13936882,0.2231135219335556,0.05052006244659424,0.38751128,1,31
13942322,0.39861366152763367,0.06181366369128227,0.5671697,1,0
13960822,0.8418117761611938,0.5326561331748962,0.50016093,0,2
13979662,0.43198180198669434,0.06507262587547302,0.5767429,1,23
14025482,0.35009437799453735,0.0515570193529129,0.5158447,1,17
14027132,0.3299272060394287,0.06482428312301636,0.55459,1,23
14038472,0.5099906921386719,0.14958685636520386,0.48473006,1,3
14050355,0.5984458327293396,0.05847952142357826,0.5965411,2,13
14051473,0.5366669297218323,0.05495663359761238,0.48950335,1,1
14052933,0.44188106060028076,0.06229015439748764,0.30832127,1,15
14053148,0.10531263053417206,0.00016962252266239375,0.57328427,1,39
14055022,0.40701428055763245,0.053952835500240326,0.34297913,1,7
14061925,0.5630208849906921,0.056542180478572845,0.5183376,1,4
14062948,0.6691915988922119,0.06499993801116943,0.7333593,1,2
14063351,0.3968623876571655,0.04177549108862877,0.4361924,0,19
14065315,0.6744648814201355,0.0647425502538681,0.64048743,1,2
14066623,0.43219858407974243,0.05471864715218544,0.27300677,0,7
14069593,0.5397467017173767,0.0578920878469944,0.7895838,1,26
14070736,0.48274433612823486,0.04395928606390953,0.5041629,1,16
14070830,0.7489435076713562,0.27362775802612305,0.4243942,2,0
14073382,0.5024186372756958,0.05818294361233711,0.58187133,1,13
14078385,0.18845492601394653,0.0001980169181479141,0.5973151,0,5
14086918,0.6940807700157166,0.06562942266464233,0.6774181,0,2
14087968,0.6843164563179016,0.06526421755552292,0.65517354,1,2
14092350,0.4217241704463959,0.05393989011645317,0.3263921,1,7
14092673,0.3858453035354614,0.06180969625711441,0.77399266,1,0
14095083,0.6781734824180603,0.06471032649278641,0.6109996,1,2
14097544,0.7703849673271179,0.17497631907463074,0.38065553,1,0
14098609,0.6224054098129272,0.17638778686523438,0.12408436,1,15
14099733,0.1280858963727951,0.0007887293468229473,0.6201694,1,27
14100597,0.7014029026031494,0.05425385758280754,0.72117895,0,1
14102919,0.47119173407554626,0.054591160267591476,0.4680031,1,1
14103852,0.7014029026031494,0.05425385758280754,0.72117895,0,1
14108775,0.4277288317680359,0.06202559918165207,0.59885246,1,0
14109605,0.6540509462356567,0.06487935036420822,0.5510768,1,2
14110253,0.47533705830574036,0.057794030755758286,0.48858368,0,26
14110743,0.4236602485179901,0.052266478538513184,0.5526749,2,17
14111623,0.5170717835426331,0.061953190714120865,0.63153017,1,0
14115889,0.6813879609107971,0.06472785770893097,0.6606819,1,2
14116517,0.5856919884681702,0.06385058164596558,0.51472044,1,0
14120099,0.455366849899292,0.04429248720407486,0.49813563,1,16
14125985,0.4562022089958191,0.053930092602968216,0.3132859,1,7
14126174,0.4400157034397125,0.05476339906454086,0.4728145,1,1
14126360,0.3987351357936859,0.062366947531700134,0.37388256,1,15
14129238,0.5670709013938904,0.057913780212402344,0.54045737,1,26
14133057,0.409743994474411,0.06233983486890793,0.38355404,1,15
14133447,0.4448939263820648,0.054307516664266586,0.29547673,0,7
14133954,0.3638779819011688,0.06503193080425262,0.5951644,1,23
14135487,0.22837796807289124,0.03836648911237717,0.71521187,1,3
14138511,0.8905958533287048,0.5328580737113953,0.51869583,0,2
14139527,0.2000565528869629,0.026927795261144638,0.6411126,1,20
14139780,0.6436910033226013,0.05440938472747803,0.8121331,0,1
14140382,0.8567836284637451,0.17671795189380646,0.47048053,1,2
14142706,0.19007067382335663,0.038401223719120026,0.711867,1,3
14146262,0.23129430413246155,0.04543006420135498,0.33737427,1,18
14152810,0.38744401931762695,0.16176138818264008,0.22498053,1,31
14155050,0.7465507388114929,0.06470565497875214,0.97663516,1,2
14155739,0.7192564010620117,0.06500594317913055,0.6637181,0,2
14160053,0.1081964448094368,0.03152084723114967,0.5409652,0,29
14160799,0.6493182182312012,0.0649290457367897,0.5848407,1,2
14160956,0.07464653998613358,2.2364352844306268e-05,0.66509473,1,14
14161205,0.1109880730509758,0.00016962252266239375,0.55617476,0,40
14161889,0.10250403732061386,0.00016962252266239375,0.57131827,1,41
14163711,0.5605607032775879,0.05424210801720619,0.28333446,0,7
14164472,0.47638627886772156,0.061103712767362595,0.21094088,1,6
14167991,0.46645402908325195,0.0518544539809227,0.58422303,1,17
14169105,0.428459495306015,0.05392453446984291,0.29561445,0,7
14170847,0.6325594782829285,0.06491830199956894,0.65713865,0,2
14171337,0.3507302403450012,0.06211194023489952,0.3716978,1,15
14172103,0.4036504626274109,0.04225354641675949,0.32835767,0,19
14172656,0.34023863077163696,0.04887183755636215,0.49960747,0,10
14177779,0.3578004539012909,0.05159810557961464,0.48271048,0,17
14180279,0.2891990840435028,0.03972896188497543,0.63698316,1,3
14180577,0.7077114582061768,0.5306571125984192,0.38026986,0,0
14181437,0.36958417296409607,0.05606648698449135,0.45610613,0,4
14181937,0.09603894501924515,0.00016962252266239375,0.5726807,1,42
14186692,0.44785115122795105,0.06074923276901245,0.2539786,1,6
14188391,0.23507468402385712,0.038035448640584946,0.70015025,1,3
14190794,0.5739068984985352,0.054425232112407684,0.54803264,0,1
14193124,0.392587810754776,0.05625595152378082,0.41208056,0,4
14195918,0.4896281659603119,0.061804335564374924,0.7093063,1,0
14198539,0.5099292993545532,0.06208954378962517,0.657298,1,0
14200945,0.3757312595844269,0.03983684629201889,0.26286325,1,21
14202860,0.4780067205429077,0.06196580454707146,0.5864392,1,0
14203889,0.3344506323337555,0.05125616863369942,0.48630285,1,17
14204673,0.6536891460418701,0.06470873206853867,0.9490527,1,2
14204887,0.6620864868164062,0.16912400722503662,0.43041793,1,26
14206313,0.7445656657218933,0.06537166982889175,0.53234494,1,2
14206767,0.3852420747280121,0.062718965113163,0.34853265,1,15
14207225,0.21732297539710999,0.027363434433937073,0.52351123,1,20
14207256,0.28385743498802185,0.050494592636823654,0.3730222,1,31
14209248,0.45610013604164124,0.04878019914031029,0.4823518,1,10
14212820,0.3812826871871948,0.061829421669244766,0.7439628,1,0
14213287,0.7288466095924377,0.06531883776187897,0.6849704,1,2
14213837,0.3829558193683624,0.03354085236787796,0.55420476,1,11
14215410,0.4040466547012329,0.056241925805807114,0.42099264,1,4
14218593,0.7173084020614624,0.5164692997932434,0.54514694,0,10
14219559,0.4456643760204315,0.05407894030213356,0.14147462,1,7
14219598,0.7096444964408875,0.16598275303840637,0.30042407,1,1
14220008,0.43933916091918945,0.04380429908633232,0.44360167,1,16
14220561,0.4411745071411133,0.04444029927253723,0.4479437,1,16
14237254,0.5590365529060364,0.06329844892024994,0.54601973,0,0
14237896,0.3628867268562317,0.040668364614248276,0.24262628,1,21
14238479,0.2418028861284256,0.03181321918964386,0.4075406,1,29
14239038,0.10024178773164749,0.00016962252266239375,0.5307509,1,43
14242280,0.17496991157531738,0.03180147334933281,0.43131858,1,29
14245571,0.5334272384643555,0.05828798934817314,0.71145165,1,13
14249581,0.301668256521225,0.05079592391848564,0.3413293,0,31
14251709,0.3007682263851166,0.039649948477745056,0.27650172,1,21
14253587,0.4863109886646271,0.0647071897983551,0.8399972,1,2
14254414,0.562599778175354,0.04875180870294571,0.662682,0,10
14255057,0.5652393698692322,0.05881486088037491,0.51474303,1,26
14255702,0.47755518555641174,0.06196624040603638,0.61116695,1,0
14258044,0.6800588965415955,0.06570139527320862,0.49040356,1,2
14259990,0.5077232122421265,0.06161715090274811,0.23976761,1,6
14261400,0.4193717837333679,0.05063978582620621,0.46915436,1,31
14262680,0.5551565289497375,0.15150021016597748,0.19218506,1,21
14262785,0.5807737708091736,0.06257320195436478,0.540499,1,0
14265113,0.5861591100692749,0.06091028079390526,0.43794012,1,6
14268141,0.4825536012649536,0.06073074787855148,0.23118539,1,6
14268164,0.7303653955459595,0.0655805766582489,0.6535396,1,2
14268324,0.3824648857116699,0.05140328034758568,0.31608877,2,17
14269768,0.6462237238883972,0.06520237028598785,0.363755,0,2
14270650,0.5640368461608887,0.057853713631629944,0.464273,1,4
14277183,0.4386434555053711,0.06246400997042656,0.28289565,1,15
14278838,0.4379519522190094,0.0578102208673954,0.4676679,1,26
14279461,0.2559637129306793,0.05053238943219185,0.36878425,1,31
14282136,0.46503064036369324,0.06073586642742157,0.26086715,1,6
14291706,0.7138915061950684,0.0648944079875946,0.65175116,1,2
14294948,0.4418727159500122,0.05661916360259056,0.47423187,1,4
14299765,0.5525578856468201,0.05551885813474655,0.45995668,0,1
14300586,0.5933231711387634,0.5237108469009399,0.24656935,0,4
14301374,0.43694138526916504,0.04906511306762695,0.5609476,1,10
14301386,0.6002925634384155,0.06680843234062195,0.4559742,1,0
14301443,0.34703153371810913,0.05609925463795662,0.47896,0,4
14301804,0.6256034970283508,0.05442558974027634,0.586367,0,1
14302121,0.46715712547302246,0.05775546655058861,0.5007415,0,26
14305154,0.5443154573440552,0.043950289487838745,0.69132626,1,16
14306885,0.5503905415534973,0.054747916758060455,0.58993286,0,1
14307465,0.5273193120956421,0.05421914905309677,0.37352744,1,7
1431301,0.4408680200576782,0.054454002529382706,0.268446,0,7
14315043,0.42778101563453674,0.06210554391145706,0.33322263,1,15
14315063,0.07741955667734146,0.0002066838787868619,0.66382927,0,12
1431551,0.3459436595439911,0.03355000540614128,0.5699633,1,11
14316661,0.7010970115661621,0.06502997130155563,0.76784754,1,2
14319626,0.5654014945030212,0.05998698249459267,0.61797494,1,13
14326094,0.3474666178226471,0.025943299755454063,0.257478,1,44
14326743,0.09200531244277954,0.00016962252266239375,0.5730761,1,45
14328764,0.6711814403533936,0.06545103341341019,0.4040899,1,2
14333927,0.4985077679157257,0.06226043775677681,0.49928156,1,0
14334937,0.8341394662857056,0.16550730168819427,0.8781066,1,1
14334981,0.46801966428756714,0.0455608144402504,0.14935324,0,18
14338426,0.5189880728721619,0.057736948132514954,0.7889878,1,26
14340048,0.5787826776504517,0.17200204730033875,0.1933496,1,6
14342597,0.7251046895980835,0.27350708842277527,0.40246397,2,0
14344131,0.4224048852920532,0.06215163692831993,0.41936538,1,15
14344614,0.3862961530685425,0.04191058874130249,0.22920433,0,19
14347788,0.44478094577789307,0.03963642939925194,0.24996823,1,21
14349955,0.4959680438041687,0.06090022996068001,0.21898776,1,6
14350969,0.7102676033973694,0.16777154803276062,0.31852633,1,4
14353449,0.26660868525505066,0.05097493901848793,0.34741727,0,31
14354411,0.37611016631126404,0.0623152069747448,0.32555124,1,15
14356416,0.22396281361579895,0.0264100544154644,0.32444027,1,44
14361342,0.5244665145874023,0.061804287135601044,0.78608,1,0
14361793,0.1780809462070465,0.02616693824529648,0.3363253,0,44
14365965,0.5070969462394714,0.05789756402373314,0.77158296,1,26
14366450,0.45703840255737305,0.05492281913757324,0.45656088,0,1
14366549,0.3627963066101074,0.05157911032438278,0.33803624,1,31
14368074,0.7962288856506348,0.06966111809015274,0.5576023,0,2
14372426,0.7014029026031494,0.05425385758280754,0.72117895,0,1
14372710,0.19041143357753754,0.02689426764845848,0.6222355,0,20
14373362,0.6085118651390076,0.17396605014801025,0.15432492,1,15
14376745,0.24252493679523468,0.04559755325317383,0.28983113,1,18
14380723,0.08429449051618576,0.00016962252266239375,0.6202239,0,46
14385076,0.5247600078582764,0.05626444146037102,0.534984,1,4
14387400,0.6863787174224854,0.17304234206676483,0.64039177,1,0
14389149,0.440958708524704,0.062466058880090714,0.33783743,1,15
14390067,0.7112401127815247,0.17261426150798798,0.22291844,1,6
14400049,0.5319048762321472,0.062090955674648285,0.6540568,1,0
14402868,0.5043430924415588,0.06228473782539368,0.5884265,1,0
14405372,0.48723599314689636,0.043818093836307526,0.5060505,1,16
14405379,0.550767719745636,0.06209908425807953,0.61266625,1,0
14410711,0.6457716822624207,0.5222319960594177,0.3395289,0,1
14418930,0.6701228618621826,0.06475386023521423,0.6525978,1,2
14420451,0.48045074939727783,0.05191368982195854,0.6152517,0,17
14420936,0.35812753438949585,0.053935837000608444,0.35979775,0,7
14421893,0.42527592182159424,0.0541534498333931,0.33050653,1,7
14426940,0.5752028822898865,0.05461360514163971,0.58219546,0,1
14426992,0.5591228008270264,0.058299530297517776,0.64969265,1,13
14430556,0.6408218145370483,0.16461138427257538,0.37315902,1,17
14431629,0.6536891460418701,0.06470873206853867,0.9490527,1,2
14434688,0.8870067596435547,0.27439627051353455,0.5314846,1,17
14437066,0.3507302403450012,0.06211194023489952,0.3716978,1,15
14437161,0.693350076675415,0.06546501070261002,0.60671693,0,2
14439519,0.5252412557601929,0.0627138689160347,0.5946025,1,0
14441617,0.6378215551376343,0.06525403261184692,0.49815598,1,2
14442244,0.47469475865364075,0.05809491500258446,0.52755964,0,26
14442703,0.39164456725120544,0.03946182131767273,0.2856383,1,21
14444798,0.4426918625831604,0.05180882290005684,0.49212426,1,17
14444930,0.6687455177307129,0.06505056470632553,0.5952716,0,2
14447648,0.8888543248176575,0.17721489071846008,0.58116376,1,2
14450630,0.6359038949012756,0.06473337858915329,0.51707566,1,2
14451294,0.6099961400032043,0.06551053375005722,0.6055068,1,0
14451981,0.8495560884475708,0.17626871168613434,0.5426434,1,2
14454433,0.4485326409339905,0.06094229966402054,0.25029367,1,6
14455718,0.19395752251148224,0.03875936195254326,0.64284927,1,3
14456344,0.6536891460418701,0.06470873206853867,0.9490527,1,2
14456828,0.4442318379878998,0.05857093632221222,0.34222993,0,26
14457848,0.5602648854255676,0.05441201478242874,0.5868904,0,1
14459159,0.7014029026031494,0.05425385758280754,0.72117895,0,1
14459303,0.4942479133605957,0.06230953708291054,0.5452519,1,0
14460783,0.5317955017089844,0.06277871131896973,0.492552,1,0
14461330,0.43178656697273254,0.05161857232451439,0.46025732,1,17
14461792,0.3925013840198517,0.15703971683979034,0.064631194,1,18
14462500,0.7799455523490906,0.5220667123794556,0.37017992,0,1
14463102,0.2645918130874634,0.03804372251033783,0.8053592,1,3
14463675,0.6088463068008423,0.06252315640449524,0.56297207,1,0
14464020,0.4562022089958191,0.053930092602968216,0.3132859,1,7
14465317,0.7465393543243408,0.16955767571926117,0.6464877,1,13
14467222,0.7691568732261658,0.1759500503540039,0.8595531,1,2
14475952,0.3858453035354614,0.06180969625711441,0.77399266,0,0
14476022,0.49644631147384644,0.06090554594993591,0.20074247,1,6
14479538,0.612217903137207,0.05848824977874756,0.52725947,0,13
14479592,0.6806627511978149,0.06485376507043839,0.6534032,1,2
14483590,0.5848159790039062,0.054405827075242996,0.6783963,0,1
14484634,0.3175677955150604,0.050632327795028687,0.37341896,0,31
14499717,0.48723599314689636,0.043818093836307526,0.5060505,1,16
14501275,0.7153081297874451,0.5299208760261536,0.534446,0,0
14505596,0.6098291873931885,0.06287909299135208,0.583662,2,0
14506615,0.6553378105163574,0.06050613522529602,0.5628773,2,13
14508359,0.4920799732208252,0.06112642586231232,0.17252903,1,6
14512268,0.5442832708358765,0.06196049228310585,0.64772046,0,0
14513507,0.4270085096359253,0.06210887059569359,0.34116766,1,15
14514220,0.5928441286087036,0.06701583415269852,0.47310275,0,0
14514703,0.2472909539937973,0.027253108099102974,0.5439253,0,34
14516061,0.6248651146888733,0.06477705389261246,0.5434719,0,2
14519514,0.495343953371048,0.06089750677347183,0.41490513,1,6
14519891,0.6500738263130188,0.06515992432832718,0.54440707,1,0
14521343,0.6019124388694763,0.0635811984539032,0.5296257,1,0
14521383,0.5926852226257324,0.06296835839748383,0.5294721,1,0
14521896,0.5260554552078247,0.05777525156736374,0.55328196,1,26
14527485,0.3341965079307556,0.4941513240337372,0.20532583,0,44
14537873,0.4260241985321045,0.05626106262207031,0.394267,1,4
14549852,0.709259569644928,0.1671806275844574,0.13435318,1,7
14551274,0.7014029026031494,0.05425385758280754,0.72117895,0,1
14552124,0.732311487197876,0.5223753452301025,0.4849116,0,1
14553715,0.1682024747133255,0.038076531141996384,0.72263175,1,3
14554753,0.5879474878311157,0.0648856833577156,0.54110736,1,2
14555289,0.4369242489337921,0.056439075618982315,0.4040824,1,4
14558773,0.5200087428092957,0.05453881248831749,0.5830115,1,1
14560510,0.6080637574195862,0.06392184644937515,0.48498952,1,0
14564657,0.5217059850692749,0.5237265825271606,0.23984642,0,4
14574911,0.43059971928596497,0.062107108533382416,0.33182827,1,15
14578032,0.29482725262641907,0.042391758412122726,0.32060924,0,19
1458001,0.2951153516769409,0.02733839862048626,0.45071867,1,34
14581841,0.35343044996261597,0.040029507130384445,0.25517148,0,21
14590651,0.505058765411377,0.0623406358063221,0.18425685,1,6
14599976,0.7532797455787659,0.06599854677915573,0.5059673,1,2
14605765,0.10107855498790741,9.783808491192758e-05,0.6054882,1,28
14625006,0.17461849749088287,0.0001765233901096508,0.52608824,1,38
14642711,0.505012571811676,0.056699760258197784,0.60918236,1,4
14647281,0.5097411274909973,0.056569430977106094,0.46197048,0,4
14662013,0.6742434501647949,0.17304426431655884,0.6304905,1,0
14680965,0.07160960137844086,0.00016962252266239375,0.661091,1,47
14682248,0.32159242033958435,0.03951483219861984,0.35010856,1,21
14685548,0.7014029026031494,0.05425385758280754,0.72117895,0,1
14687072,0.7107732892036438,0.06487230956554413,0.75252205,1,2
14690122,0.3062366247177124,0.05147835612297058,0.32193452,1,31
14690638,0.41021499037742615,0.03406761214137077,0.56557655,1,11
14694370,0.38954275846481323,0.467648983001709,0.34862697,0,5
14694965,0.4517270028591156,0.05429166182875633,0.48962647,0,1
14695367,0.11428111046552658,0.03148707002401352,0.5419062,1,29
14696659,0.702195405960083,0.06486046314239502,0.7745001,1,2
14696934,0.5924961566925049,0.06465085595846176,0.61871,1,0
14700957,0.26388004422187805,0.039117611944675446,0.682853,1,3
14702781,0.1460089385509491,0.03149329870939255,0.4717664,0,29
14707837,0.5084568858146667,0.06180258467793465,0.6770077,1,0
14710900,0.0778689831495285,0.00025040353648364544,0.6823991,1,14
14711966,0.5385259985923767,0.05477364733815193,0.4264204,0,1
14715516,0.8339000940322876,0.17631535232067108,0.52727896,1,2
14716327,0.4872078001499176,0.04916521906852722,0.5439895,1,10
14719154,0.7014029026031494,0.05425385758280754,0.72117895,0,1
14719235,0.7464844584465027,0.06471720337867737,0.874566,0,2
14720172,0.5614688992500305,0.05837444216012955,0.5730571,0,26
14720695,0.7014029026031494,0.05425385758280754,0.72117895,0,1
14721480,0.6434868574142456,0.05813836678862572,0.58556116,1,13
14721642,0.40477925539016724,0.062459055334329605,0.3179591,1,15
14726448,0.45017313957214355,0.04883217811584473,0.56813455,1,10
14727321,0.2719810903072357,0.04540763422846794,0.3054604,1,18
14727766,0.4751245081424713,0.06245448812842369,0.33342633,1,15
14728116,0.45483869314193726,0.05409461259841919,0.28184932,1,7
14730488,0.38115596771240234,0.03356606140732765,0.6054138,0,11
14731797,0.17409983277320862,0.0316522940993309,0.49209902,1,29
14731904,0.4418005347251892,0.06201448291540146,0.6591104,1,0
14735417,0.1787702441215515,0.026712454855442047,0.60931563,1,20
14737175,0.2815980613231659,0.05072290822863579,0.44266647,0,31
14737298,0.4047638177871704,0.0440509170293808,0.45968878,1,16
14739557,0.7014029026031494,0.05425385758280754,0.72117895,0,1
14742505,0.5244688391685486,0.058214060962200165,0.71249795,1,26
14745620,0.3456054925918579,0.04205050691962242,0.27639103,0,19
14746865,0.5533290505409241,0.06113157048821449,0.33865747,1,6
14747961,0.09546850621700287,0.025829138234257698,0.5831085,1,44
14749267,0.4872547686100006,0.061805494129657745,0.71227217,0,0
14752933,0.4576699435710907,0.056067418307065964,0.43055743,0,4
14754547,0.09546850621700287,0.025829138234257698,0.5831085,1,44
147563,0.6535695791244507,0.16265392303466797,0.47005323,1,17
14759197,0.5190313458442688,0.06195377930998802,0.67899626,1,0
14763573,0.4007282555103302,0.11141093820333481,0.4901596,1,43
14767753,0.17514726519584656,0.00014201219892129302,0.51171035,1,48
14770241,0.6339448094367981,0.058330487459897995,0.51973593,0,13
14771089,0.20129241049289703,0.467684805393219,0.51659876,0,14
14772707,0.47497257590293884,0.05425240844488144,0.28709155,1,7
14773226,0.4517270028591156,0.05429166182875633,0.48962647,0,1
1477511,0.7449963092803955,0.06470584869384766,0.7637296,1,2
14778372,0.3443043828010559,0.06249796971678734,0.33255225,1,15
14778534,0.2208455502986908,0.026699498295783997,0.5602471,1,34
14778685,0.460257351398468,0.061132755130529404,0.22152719,1,6
14783101,0.22490540146827698,0.046029139310121536,0.31945488,1,18
14785887,0.882664680480957,0.2879222333431244,0.37406677,1,0
14786640,0.2195606380701065,0.04542364925146103,0.31633452,1,18
14788470,0.22415320575237274,0.04565612971782684,0.36250588,1,18
14788631,0.163040429353714,0.03165432810783386,0.48533756,0,29
14790224,0.6215047240257263,0.0608961246907711,0.3574815,1,6
14792975,0.40318793058395386,0.06295398622751236,0.31136414,1,15
14793446,0.8564044237136841,0.27705565094947815,0.4484064,1,1
14794913,0.44090214371681213,0.056085601449012756,0.44733265,0,4
14795369,0.7114676833152771,0.0650092288851738,0.67776525,1,2
14796006,0.23999010026454926,0.03853569179773331,0.66202396,1,3
14799428,0.7464844584465027,0.06471720337867737,0.874566,0,2
14799737,0.4904526472091675,0.05390642210841179,0.2404194,1,7
14802405,0.4392200708389282,0.04858121648430824,0.48994616,2,10
14803185,0.19272130727767944,0.038046278059482574,0.7166226,1,3
14808468,0.7108674645423889,0.06537315994501114,0.64970595,1,2
14812022,0.43528375029563904,0.05179595202207565,0.48182932,1,17
14813714,0.6765502095222473,0.05439978465437889,0.67385983,0,1
14818703,0.5198758244514465,0.04978282004594803,0.50308514,2,10
14824238,0.5322752594947815,0.057757094502449036,0.57394403,1,26
14824349,0.479469895362854,0.042062513530254364,0.48420092,0,19
14824584,0.5749993324279785,0.06400521844625473,0.4773031,1,0
14825622,0.42293408513069153,0.03396833315491676,0.58321434,1,11
14825748,0.7159106731414795,0.06487962603569031,0.59683466,1,2
14828860,0.8576563596725464,0.27143314480781555,0.4699669,2,13
14828938,0.676162838935852,0.06729982048273087,0.4806714,1,2
14829029,0.2559637129306793,0.05053238943219185,0.36878425,0,31
14830184,0.2884034216403961,0.04005570709705353,0.6393503,1,3
14832751,0.5928694605827332,0.058484997600317,0.6245663,2,13
14834422,0.7014029026031494,0.05425385758280754,0.72117895,0,1
14834530,0.6829352974891663,0.16550125181674957,0.39370596,1,1
14837785,0.3223447799682617,0.04322415590286255,0.30638716,0,19
14837803,0.37097886204719543,0.038194045424461365,0.7249103,1,3
14842910,0.3800441324710846,0.039628271013498306,0.3772531,1,21
14849301,0.23737716674804688,0.0383743979036808,0.59453654,0,3
14849643,0.5093626976013184,0.039470374584198,0.51073134,1,21
14850673,0.4119691252708435,0.062105413526296616,0.32688627,1,15
14852204,0.660526692867279,0.06475226581096649,0.62397784,1,2
14852216,0.4951753616333008,0.05472941696643829,0.60484344,0,1
14852377,0.4994758367538452,0.05440472438931465,0.6575022,1,1
14854384,0.692133367061615,0.0662597268819809,0.6320323,0,2
14856432,0.4686312973499298,0.06073378771543503,0.19562556,1,6
14857310,0.1464536339044571,0.00016962252266239375,0.48743907,0,49
14858006,0.5325381755828857,0.05472473055124283,0.5688665,0,1
14861336,0.43482673168182373,0.06210476905107498,0.3249517,1,15
14863834,0.2604542374610901,0.025945721194148064,0.3565689,1,44
14866770,0.15055786073207855,0.0003610951825976372,0.5340515,0,48
14871174,0.6619234681129456,0.06537852436304092,0.34538528,0,2
14871283,0.6073957085609436,0.06483608484268188,0.5153944,1,0
14872695,0.7691568732261658,0.1759500503540039,0.8595531,1,2
14875152,0.45940518379211426,0.06134869530797005,0.20465544,1,6
14879825,0.5345525145530701,0.05456617474555969,0.7544367,0,1
14882176,0.5024544596672058,0.061799317598342896,0.7229815,1,0
14887872,0.3966568410396576,0.06228604167699814,0.3218619,1,15
14901848,0.6279644966125488,0.062398817390203476,0.58315235,1,0
14909369,0.7629534006118774,0.17452362179756165,0.40330485,1,0
14912783,0.47501784563064575,0.06180992349982262,0.701905,1,0
14914062,0.5913965702056885,0.04395982250571251,0.5431889,0,16
14916450,0.14352165162563324,0.00016950038843788207,0.56015986,1,50
14923674,0.46739381551742554,0.04926181957125664,0.4522388,2,10
14925627,0.5290536880493164,0.06180131062865257,0.6828175,1,0
14927129,0.6051918268203735,0.5114569664001465,0.34662953,0,16
14930659,0.10232923179864883,0.00016962252266239375,0.5505477,1,51
14931988,0.22514884173870087,0.04542408138513565,0.3181597,1,18
14932486,0.3657134175300598,0.02686123549938202,0.6632461,1,20
14935079,0.5463794469833374,0.056160978972911835,0.4363797,1,1
14949111,0.482474148273468,0.054264649748802185,0.50195956,1,1
14950987,0.6024680733680725,0.06343723088502884,0.57931376,1,0
14951093,0.5656754970550537,0.06459292024374008,0.47115844,0,0
14951244,0.2619484066963196,0.11124616861343384,0.4449491,1,27
14951853,0.40266573429107666,0.05608897656202316,0.4080529,2,4
14959367,0.33423173427581787,0.033668722957372665,0.6071026,2,11
14964894,0.44127169251441956,0.04424147680401802,0.46871468,0,16
14965263,0.1602560430765152,5.8036362133861985e-06,0.6338349,0,5
14965482,0.45918384194374084,0.054059866815805435,0.2507843,1,7
14966504,0.576128363609314,0.06255275011062622,0.55538523,1,0
14976574,0.5874306559562683,0.05428869277238846,0.73502153,1,1
14980052,0.6301625370979309,0.17353689670562744,0.13883556,1,15
14980117,0.5016595721244812,0.060883164405822754,0.41041255,1,6
14982693,0.6779913306236267,0.0649266317486763,0.6172009,1,2
14983638,0.5368678569793701,0.05657685175538063,0.482327,1,4
14983673,0.3715290427207947,0.04554106295108795,0.31919584,1,18
14984480,0.4836300015449524,0.05439988523721695,0.71444803,1,1
14985991,0.5082938075065613,0.05453053489327431,0.5769395,1,1
14986396,0.1705886572599411,0.02671441063284874,0.6451279,1,20
14990262,0.6709332466125488,0.5219110250473022,0.39904162,0,1
14992758,0.47852158546447754,0.06107456237077713,0.22209883,1,6
14994079,0.5923303961753845,0.17603419721126556,0.39134675,1,23
14994212,0.43717023730278015,0.06198206916451454,0.6757882,1,0
14996598,0.733903706073761,0.05814019963145256,0.6005745,2,13
15001089,0.7630417346954346,0.521899402141571,0.6433461,0,1
15005664,0.30251502990722656,0.027033109217882156,0.4059855,1,20
15006507,0.5758487582206726,0.05461268126964569,0.7557044,1,1
15007774,0.22436049580574036,0.02594153769314289,0.4228444,1,44
15008154,0.6186844110488892,0.17334842681884766,0.12766612,1,15
15011971,0.5409295558929443,0.16263611614704132,0.41022435,1,17
15013313,0.6797091364860535,0.16912208497524261,0.5350805,1,26
15013394,0.7529799938201904,0.06472402811050415,0.8911424,1,2
15017875,0.4317551851272583,0.06180232763290405,0.8255807,1,0
15020350,0.5249020457267761,0.062265485525131226,0.6543734,1,0
15038481,0.23307310044765472,0.0316380113363266,0.3324783,1,29
15053286,0.47098907828330994,0.06129096448421478,0.20127603,1,6
15053955,0.6078023314476013,0.05442070960998535,0.56428003,0,1
15055852,0.500094473361969,0.06264180690050125,0.19484846,1,6
15063431,0.2208365499973297,0.03195333480834961,0.4186423,1,29
15064403,0.6375715136528015,0.17412181198596954,0.16682497,1,15
15068090,0.48790252208709717,0.05778369680047035,0.52355593,1,26
15068456,0.6130133867263794,0.05425439402461052,0.7601642,1,1
15070780,0.48325037956237793,0.034047335386276245,0.60671204,1,11
15070923,0.7046864628791809,0.0648999959230423,0.5771587,1,2
15073198,0.12244489789009094,2.6776111553772353e-05,0.5853756,1,38
15074041,0.40823042392730713,0.06213713809847832,0.36113897,1,15
15076390,0.9169321656227112,0.1790057122707367,0.51918644,1,26
15078437,0.5358070135116577,0.05992657691240311,0.39768136,1,26
15079276,0.4376470446586609,0.062288105487823486,0.31968868,1,15
15082542,0.652047336101532,0.17652860283851624,0.33774135,1,23
15085767,0.47763878107070923,0.06195361167192459,0.69193465,2,0
15087024,0.4790578782558441,0.03353662043809891,0.72102,1,11
15088655,0.6656624674797058,0.1730424016714096,0.5595156,1,0
15093092,0.5870959162712097,0.06302155554294586,0.5663878,1,0
15098044,0.6306557655334473,0.06472457945346832,0.52691054,1,2
15100166,0.7229057550430298,0.06515104323625565,0.6769882,1,2
15102107,0.634077787399292,0.06505722552537918,0.68420523,1,2
15105099,0.4814803898334503,0.05174659565091133,0.4616561,1,17
15105269,0.6225342154502869,0.0675581842660904,0.552624,1,0
15108462,0.27932119369506836,0.04558499529957771,0.30216292,1,18
15112648,0.19783829152584076,0.03295831382274628,0.42078543,1,29
15113441,0.4295109510421753,0.05799611657857895,0.52594304,0,26
15122176,0.5038169026374817,0.05450194701552391,0.58603007,0,1
15127424,0.6718764305114746,0.16552099585533142,0.4042874,1,1
15130854,0.19767318665981293,0.0323076993227005,0.4391268,1,29
15133785,0.0693851113319397,0.00027096879784949124,0.68118674,0,14
15135342,0.7464844584465027,0.06471720337867737,0.874566,0,2
15140286,0.3062463402748108,0.050484851002693176,0.4209444,1,31
15145142,0.3394164443016052,0.027047719806432724,0.53772223,0,34
15156740,0.5990921854972839,0.06485357135534286,0.51746666,0,0
15157283,0.08244775980710983,0.00016962252266239375,0.61115414,0,52
15162962,0.5417243838310242,0.05637884512543678,0.40269598,2,4
15165724,0.738529622554779,0.06487305462360382,0.7513327,1,2
15170581,0.6319031715393066,0.17214804887771606,0.14573915,1,6
15172774,0.2640843391418457,0.027189746499061584,0.59437495,1,20
15174079,0.37608832120895386,0.04272637143731117,0.30512917,0,19
15177325,0.7871527671813965,0.5165498852729797,0.31657097,0,10
15184942,0.6124403476715088,0.06550530344247818,0.519743,1,0
15186408,0.6582662463188171,0.06474636495113373,1.0,1,2
15186722,0.42764413356781006,0.059741776436567307,0.5445151,1,26
15186787,0.44848284125328064,0.06296288967132568,0.25493416,1,15
15189995,0.46101051568984985,0.061494991183280945,0.24117745,1,6
15194724,0.07139507681131363,2.3927235815790482e-05,0.64736706,1,48
15197493,0.6055845022201538,0.264697790145874,0.15990986,2,7
15200582,0.2784842252731323,0.042210277169942856,0.34932968,0,19
15202082,0.8496059775352478,0.16898606717586517,0.6973947,1,26
15207554,0.6335158944129944,0.17216241359710693,0.17075254,1,6
15212777,0.6864180564880371,0.2623130977153778,0.17552851,1,21
15220372,0.5093626976013184,0.039470374584198,0.51073134,0,21
15221267,0.4885120391845703,0.06228140369057655,0.69384664,2,0
15225972,0.0967152938246727,5.9227735619060695e-05,0.60138124,1,53
15231051,0.17141103744506836,0.038079507648944855,0.74718595,1,3
15236550,0.663175642490387,0.0650426596403122,0.44358084,1,2
15244246,0.39327380061149597,0.062388207763433456,0.3881666,1,15
15244650,0.6408069133758545,0.06394387036561966,0.47705024,1,0
15245522,0.41949138045310974,0.05125982686877251,0.46955067,1,17
15251252,0.5748358964920044,0.06302351504564285,0.47663003,1,0
15254525,0.39542585611343384,0.0399685837328434,0.29180288,0,21
15256094,0.7274370789527893,0.06505602598190308,0.7234482,1,2
15256188,0.5917445421218872,0.06675233691930771,0.5223405,0,0
15258293,0.15546341240406036,0.00016962252266239375,0.45889264,1,54
15261848,0.423959344625473,0.06129957735538483,0.2168234,1,6
15264436,0.482747882604599,0.06073896586894989,0.21008585,1,6
15264854,0.7284739017486572,0.06470239907503128,0.9066021,1,2
15264996,0.5444662570953369,0.054413579404354095,0.6878521,0,1
15266031,0.7691568732261658,0.1759500503540039,0.8595531,1,2
15269276,0.3865664005279541,0.05157453194260597,0.36991158,1,31
15272006,0.07160960137844086,0.00016962252266239375,0.661091,1,47
15272960,0.4681973159313202,0.056374598294496536,0.52302945,0,4
15279175,0.2201118916273117,0.050489265471696854,0.47365138,1,31
15285795,0.5115297436714172,0.05821917951107025,0.6033645,1,26
15286167,0.425883948802948,0.060768626630306244,0.2523403,1,6
15286867,0.22838741540908813,0.02700590156018734,0.46488628,0,34
15286893,0.4623393714427948,0.044254641979932785,0.43437076,1,16
15291641,0.20436440408229828,0.03229202330112457,0.44602418,1,29
15294868,0.5011799335479736,0.049078356474637985,0.47358984,1,10
15296201,0.43969377875328064,0.060768209397792816,0.23774138,1,6
15297709,0.48169150948524475,0.053907573223114014,0.29065427,1,7
15298719,0.6536891460418701,0.06470873206853867,0.9490527,1,2
15299357,0.7532460689544678,0.06474636495113373,0.9534314,1,2
15300081,0.1924392282962799,0.026897361502051353,0.6215505,1,20
15303316,0.6439055800437927,0.05845078080892563,0.4770299,2,13
15305959,0.6401786804199219,0.06585626304149628,0.5256915,0,2
15307206,0.6358619928359985,0.06272653490304947,0.54556316,1,0
15309336,0.5824660658836365,0.05773644894361496,0.64669716,0,26
15312421,0.6079068183898926,0.06285254657268524,0.6987891,1,0
15312645,0.3379713296890259,0.026858657598495483,0.40914127,0,20
15315375,0.3480660915374756,0.1493208259344101,0.4875117,1,3
15319555,0.5287057161331177,0.0560104176402092,0.24526621,0,7
15322509,0.6451708078384399,0.06485899537801743,0.60829324,1,2
15324534,0.273481547832489,0.026695962995290756,0.5702277,1,34
15326799,0.5814219117164612,0.06255369633436203,0.5603445,1,0
15328843,0.33194270730018616,0.027669895440340042,0.37942412,0,34
15328911,0.6058285236358643,0.17220242321491241,0.14026667,1,6
15333555,0.6499935984611511,0.06502419710159302,0.64680874,1,2
15336858,0.3708970546722412,0.05608074739575386,0.52560604,0,4
15338788,0.7227997779846191,0.1454198956489563,0.5005568,1,11
15338937,0.5193080306053162,0.05390329286456108,0.18486568,1,7
15339370,0.4186874032020569,0.06478296965360641,0.67314696,0,23
15354381,0.40823349356651306,0.04907940700650215,0.56702006,0,10
15357283,0.5108545422554016,0.5074946284294128,0.14667434,0,21
15357578,0.40616974234580994,0.04873383045196533,0.51314807,1,10
15359181,0.4933556914329529,0.06180594116449356,0.6284332,1,0
15365571,0.5446751117706299,0.03486981242895126,0.5966482,0,11
15370031,0.46519824862480164,0.04380049556493759,0.49355182,0,16
15374556,0.6527237296104431,0.06478066742420197,0.5775439,1,2
15374640,0.5578188896179199,0.05623195692896843,0.45637667,1,4
15375297,0.4700530171394348,0.06111430749297142,0.21938363,1,6
15385010,0.3205805718898773,0.03995141759514809,0.34639308,1,21
15385968,0.5045281052589417,0.05656339228153229,0.57546055,0,4
15390684,0.4505971670150757,0.05472147464752197,0.32512927,1,7
15394051,0.3647274672985077,0.02825191430747509,0.3757321,1,34
15400651,0.4035847783088684,0.05608530715107918,0.40989846,1,4
15404189,0.4742193818092346,0.0542987585067749,0.5096261,0,1
15409431,0.5755851864814758,0.05440065264701843,0.6236064,0,1
15412118,0.4765101373195648,0.06583885103464127,0.4826662,1,23
15420486,0.5455785393714905,0.06270982325077057,0.5547122,1,0
15422070,0.6337848901748657,0.0649477168917656,0.55382085,1,2
15427732,0.3118983209133148,0.03836561366915703,0.7283982,1,3
15437590,0.26762521266937256,0.04160299897193909,0.37037697,0,19
15438387,0.5001201033592224,0.06139032915234566,0.33175257,1,6
15439239,0.39925578236579895,0.05798622965812683,0.48958263,1,26
15447927,0.2231135219335556,0.05052006244659424,0.38751128,1,31
15448175,0.4621175229549408,0.0609295479953289,0.20918433,1,6
15450146,0.7242987751960754,0.5247040390968323,0.3538581,0,4
15453188,0.43090158700942993,0.061181455850601196,0.2589897,1,6
15453466,0.6602810621261597,0.0651935264468193,0.517069,0,2
15461382,0.19118161499500275,0.1112636849284172,0.48041195,1,14
15465681,0.38437339663505554,0.06184545159339905,0.58086264,1,0
15466457,0.6044942736625671,0.26238179206848145,0.42648816,2,17
15467616,0.42321068048477173,0.06201956793665886,0.6020844,1,0
15467653,0.7601218819618225,0.5114412307739258,0.3864818,0,16
15468731,0.5064941644668579,0.06213206425309181,0.19055204,1,6
15468968,0.07068688422441483,0.00022084341617301106,0.6632363,1,50
15469032,0.4958273470401764,0.0004121518286410719,0.65432024,0,55
15473329,0.7186216711997986,0.06470830738544464,0.85177237,1,2
15473834,0.4031868278980255,0.051285456866025925,0.4502688,1,17
15480002,0.37374770641326904,0.11141093820333481,0.4908406,1,56
15481749,0.5516159534454346,0.05606028065085411,0.57797873,1,4
15483913,0.42099839448928833,0.06523389369249344,0.3027164,1,15
15487691,0.5957211256027222,0.06358318030834198,0.5718332,1,0
15489180,0.5398769378662109,0.06180146336555481,0.79600567,1,0
15490016,0.6004638075828552,0.06298551708459854,0.6059597,1,0
15494593,0.73936527967453,0.06501126289367676,0.52063525,1,2
15495146,0.7014029026031494,0.05425385758280754,0.72117895,0,1
15495322,0.525324821472168,0.06088121607899666,0.43311146,1,6
15495464,0.6242467761039734,0.058741871267557144,0.49598897,0,13
15496979,0.6466524004936218,0.058155857026576996,0.6098111,2,13
15497454,0.5981147289276123,0.0586136169731617,0.5813338,2,13
15498363,0.44326257705688477,0.05424770340323448,0.25896624,1,7
15498654,0.17291425168514252,0.00016892768326215446,0.51326853,1,14
15499069,0.5301341414451599,0.06228230893611908,0.5544828,1,0
15501729,0.6322488188743591,0.06287486106157303,0.6207787,2,0
15513388,0.4339505136013031,0.048901449888944626,0.5535432,2,10
15516881,0.3328733742237091,0.02685588411986828,0.4125167,1,20
15520859,0.4539686441421509,0.06181461736559868,0.63169485,1,0
15521862,0.35976487398147583,0.0382295623421669,0.61557496,1,3
15527430,0.5257247686386108,0.061260711401700974,0.16070822,1,6
15527979,0.5411250591278076,0.06212196871638298,0.5995822,1,0
15531489,0.3490413725376129,0.03946015238761902,0.29697028,1,21
15546710,0.6099743843078613,0.06583960354328156,0.5785247,0,0
15549156,0.46732500195503235,0.05692579969763756,0.3898386,1,4
15557309,0.07748899608850479,0.00016962252266239375,0.61300015,1,57
15559118,0.5516285300254822,0.06227799877524376,0.50594515,1,0
15567045,0.836261510848999,0.17629538476467133,0.5800213,1,2
15570842,0.6234725117683411,0.058361493051052094,0.49976334,1,13
15572221,0.5794790387153625,0.05820869654417038,0.6935734,0,26
15574629,0.7219246625900269,0.06488608568906784,0.66251814,0,2
15577501,0.7014029026031494,0.05425385758280754,0.72117895,0,1
15582892,0.6199701428413391,0.06284430623054504,0.55240166,1,0
15585410,0.28406351804733276,0.051457520574331284,0.34703556,1,31
15585556,0.4328230619430542,0.05420961230993271,0.30121267,1,7
15592470,0.42219042778015137,0.06215078383684158,0.41893807,1,15
15592537,0.21771320700645447,0.05128920078277588,0.40937907,1,31
15594403,0.4128233790397644,0.061813585460186005,0.7781748,1,0
15594511,0.43889158964157104,0.06490898132324219,0.6779575,1,23
15595551,0.4538073241710663,0.05776602774858475,0.51575965,1,26
15595652,0.22472862899303436,0.027026191353797913,0.5848969,1,20
15605407,0.4400530457496643,0.06477932631969452,0.6045534,1,23
15608670,0.6825541257858276,0.06501290947198868,0.5055409,1,2
15610416,0.4156494736671448,0.060775548219680786,0.2617846,1,6
15610769,0.7014029026031494,0.05425385758280754,0.72117895,0,1
15613327,0.532606303691864,0.0565219521522522,0.60475355,0,4
15619695,0.40515783429145813,0.062137752771377563,0.3583175,1,15
15621083,0.07124482095241547,0.00016962252266239375,0.63564944,1,58
15622705,0.5401085019111633,0.06209840998053551,0.6105723,1,0
15636498,0.5020742416381836,0.054069701582193375,0.1880476,0,7
1564111,0.6230154633522034,0.17336639761924744,0.1854732,1,15
1565151,0.5377029180526733,0.05731487646698952,0.494042,1,4
15655753,0.27435246109962463,0.050836000591516495,0.42302683,1,31
15658445,0.49466121196746826,0.06089508906006813,0.21140406,1,6
15664977,0.28847700357437134,0.02888956293463707,0.47220433,1,20
15669653,0.5059778690338135,0.13720755279064178,0.05163787,1,44
15723890,0.41478431224823,0.05528980493545532,0.296655,1,7
15728729,0.6789229512214661,0.06557408720254898,0.6689816,1,2
15730606,0.733903706073761,0.05814019963145256,0.6005745,2,13
15739621,0.7502052783966064,0.16916079819202423,0.3965416,1,26
15739897,0.2507169246673584,0.028199493885040283,0.48637193,1,20
15741724,0.8625656366348267,0.2692790627479553,0.48154062,2,13
15744478,0.7088608145713806,0.0649169534444809,0.72770125,1,2
15745126,0.421552836894989,0.06344258040189743,0.33879298,1,15
15745159,0.47566160559654236,0.05472257360816002,0.23842151,1,7
15746569,0.4813292920589447,0.061806268990039825,0.63860154,1,0
15750726,0.560714840888977,0.06477820128202438,0.78727645,1,23
15751768,0.09627554565668106,0.00016962252266239375,0.59219813,0,59
15755677,0.5515564680099487,0.0562204010784626,0.6446559,0,4
15755923,0.42160019278526306,0.05154779925942421,0.5395784,1,17
15755973,0.5222994089126587,0.06180581450462341,0.78977114,1,0
15757811,0.8200893402099609,0.5300666093826294,0.461115,0,13
15758330,0.6595567464828491,0.5192986130714417,0.34592947,0,17
15760559,0.4523456394672394,0.06494663655757904,0.62917405,1,23
15765833,0.47917646169662476,0.1566379964351654,0.07034544,1,18
15769442,0.5193080306053162,0.05390329286456108,0.18486568,1,7
15770608,0.506324827671051,0.05641092732548714,0.4736496,1,4
15773440,0.5032213926315308,0.062103673815727234,0.59884185,1,0
15777354,0.4492034614086151,0.05773342028260231,0.92791104,1,26
15777389,0.37836185097694397,0.06478555500507355,0.6025449,1,23
15779986,0.4325086772441864,0.06231094151735306,0.31959435,1,15
15782326,0.5395185947418213,0.060947485268116,0.2933903,1,6
15785068,0.5029100179672241,0.06195404380559921,0.6792247,0,0
15788707,0.47092893719673157,0.061441268771886826,0.21196862,1,6
15791504,0.6931437849998474,0.0647132396697998,0.6147762,0,2
15791939,0.4789336621761322,0.03369469195604324,0.637437,0,11
15792031,0.40638747811317444,0.051538724452257156,0.49874845,2,17
15792641,0.403435617685318,0.033519551157951355,0.6314398,1,11
15793783,0.4365306496620178,0.049059223383665085,0.55878454,1,10
15798850,0.45565810799598694,0.0397707037627697,0.26115185,1,21
15802312,0.42611923813819885,0.048598721623420715,0.4791907,1,10
15806134,0.38144516944885254,0.061846278607845306,0.5804092,1,0
15808140,0.2601814270019531,0.03164772689342499,0.36511746,1,29
15809173,0.19338653981685638,0.03839067742228508,0.70493066,1,3
15809321,0.6177591681480408,0.058152519166469574,0.54077524,2,13
15809746,0.6536891460418701,0.06470873206853867,0.9490527,1,2
15811110,0.5750464797019958,0.06282694637775421,0.58414197,1,0
15811621,0.45963254570961,0.0612969733774662,0.216989,1,6
15814139,0.7566959857940674,0.06471936404705048,0.87296176,1,2
15823113,0.6867592930793762,0.058144088834524155,0.65415424,0,13
15825711,0.9676777720451355,0.2881341874599457,0.4371847,1,2
15830237,0.481496661901474,0.0437946580350399,0.48552266,0,16
15830701,0.7787377238273621,0.16994883120059967,0.43995747,1,26
15834295,0.6135636568069458,0.062984399497509,0.5908198,1,0
15834790,0.3459436595439911,0.03355000540614128,0.5699633,1,11
15837380,0.4927598536014557,0.06180286034941673,0.71729606,1,0
15838767,0.48971080780029297,0.03946954011917114,0.48780304,0,21
15840187,0.5071045160293579,0.05775194242596626,0.5559378,1,26
15840874,0.4202917814254761,0.06560371816158295,0.51938,1,23
15842013,0.4938267767429352,0.05439828708767891,0.6348551,1,1
15844409,0.5660400986671448,0.05637400969862938,0.5536424,1,1
15844557,0.6055283546447754,0.5332694053649902,0.31443846,0,23
15846682,0.7240911722183228,0.5232095122337341,0.37873602,0,1
15846704,0.586246907711029,0.063043013215065,0.54016244,1,0
15847834,0.7014029026031494,0.05425385758280754,0.72117895,0,1
1584901,0.47784483432769775,0.4946928918361664,0.2420161,0,20
15852053,0.5573644042015076,0.058924466371536255,0.6368051,2,13
15853001,0.40266573429107666,0.05608897656202316,0.4080529,1,4
15854271,0.7014029026031494,0.05425385758280754,0.72117895,0,1
15858295,0.4441414773464203,0.06492410600185394,0.6506026,1,23
15858376,0.6536891460418701,0.06470873206853867,0.9490527,1,2
15858413,0.4836961328983307,0.054259996861219406,0.4933902,1,1
15861560,0.08343317359685898,0.00016962252266239375,0.60965836,1,32
15862005,0.7314819097518921,0.17351941764354706,0.4846167,1,0
15863862,0.17005324363708496,0.03167054429650307,0.4992705,0,29
15865288,0.7506110668182373,0.26943910121917725,0.46539196,2,13
15870683,0.5621698498725891,0.06241068243980408,0.55585504,1,0
15872224,0.4053633213043213,0.051287028938531876,0.4884203,1,17
15872418,0.062077175825834274,0.001039221417158842,0.679397,0,14
15878694,0.06946840137243271,0.00016962252266239375,0.64392346,1,60
15880652,0.4201301336288452,0.04398875683546066,0.5692672,1,16
15883349,0.4622650146484375,0.05142214521765709,0.51647747,1,17
1588551,0.4890903830528259,0.04877755045890808,0.53723073,1,10
15888299,0.9546354413032532,1.0,0.7718703,0,2
15893411,0.3107853829860687,0.039482373744249344,0.33467987,0,21
15898829,0.4604044556617737,0.06095169857144356,0.2237903,1,6
15900173,0.18039309978485107,0.03166288882493973,0.5017568,1,29
15904572,0.5265361666679382,0.05622159317135811,0.63254327,0,4
15904829,0.6913478970527649,0.272748738527298,0.463828,2,0
15906167,0.3132479190826416,0.06212536245584488,0.382881,1,15
15906181,0.861178994178772,0.5323479175567627,0.8511635,0,2
15907414,0.7228497862815857,0.0582888238132,0.6065132,2,13
15911001,0.39349064230918884,0.06239626929163933,0.39236474,1,15
15911231,0.07590267807245255,0.00016962252266239375,0.62674135,1,61
15912438,0.7691568732261658,0.1759500503540039,0.8595531,1,2
15914129,0.5973692536354065,0.0638260617852211,0.48018965,1,0
15915972,0.20529387891292572,0.038225576281547546,0.71940154,1,3
15916174,0.7383208870887756,0.0647154450416565,0.8996826,1,2
15917850,0.34606873989105225,0.0648217648267746,0.6048992,0,23
15921624,0.4138704836368561,0.06477583944797516,0.6004611,1,23
15925598,0.5884218811988831,0.05863191559910774,0.46863896,1,13
15929023,0.5189880728721619,0.057736948132514954,0.7889878,1,26
15936819,0.6479504108428955,0.1721397340297699,0.18300419,1,6
15940236,0.45946186780929565,0.054085202515125275,0.2956534,0,7
15940603,0.4732869863510132,0.06072574108839035,0.2487439,1,6
15940891,0.2967924475669861,0.027019966393709183,0.47614917,1,20
15941343,0.7591439485549927,0.06699544191360474,0.45720294,1,2
15947833,0.44827961921691895,0.06243177503347397,0.26074758,1,15
15949665,0.13321132957935333,7.390994869638234e-05,0.5374353,1,62
15953354,0.776077926158905,0.06715365499258041,0.58403397,1,2
15954487,0.37729141116142273,0.06180645525455475,0.70403355,0,0
15957148,0.6199609637260437,0.05953102186322212,0.6025361,2,13
15964263,0.5353766679763794,0.06180335581302643,0.657782,1,0
15969841,0.36791354417800903,0.062362998723983765,0.3916545,1,15
15970379,0.7223815321922302,0.06545291841030121,0.36632052,1,2
15974947,0.35718926787376404,0.06520622968673706,0.5373383,1,23
15978226,0.3393149673938751,0.03970629349350929,0.3521144,1,21
15978412,0.7037824988365173,0.06638871133327484,0.43578193,0,2
15980543,0.28632524609565735,0.04560013860464096,0.107211284,1,18
15983683,0.5370822548866272,0.0622965507209301,0.44037947,0,0
15984635,0.7080848813056946,0.1691318154335022,0.46275336,1,26
15997671,0.39944547414779663,0.04212129861116409,0.2522867,1,19
15997827,0.6931437849998474,0.0647132396697998,0.6147762,0,2
15998006,0.07748899608850479,0.00016962252266239375,0.61300015,1,57
16001456,0.3737868368625641,0.06495724618434906,0.55252963,1,23
16004411,0.4625711739063263,0.07797262072563171,0.56216174,1,23
16010382,0.38370436429977417,0.0341770201921463,0.52009463,1,11
16014498,0.6165652871131897,0.062281154096126556,0.52496934,0,0
16016397,0.4846435785293579,0.0647457167506218,0.8630618,1,2
16022080,0.38136354088783264,0.06202748045325279,0.652368,1,0
16034907,0.5253950357437134,0.03380401059985161,0.5762182,0,11
16040695,0.20736593008041382,0.05075180530548096,0.4189797,1,31
16042401,0.5388506054878235,0.06256195157766342,0.5708051,1,0
16045488,0.4069891571998596,0.04189744591712952,0.4505606,1,19
16045504,0.7601218819618225,0.5114412307739258,0.3864818,0,16
16045666,0.5558651685714722,0.04395880177617073,0.5163831,0,16
16047907,0.697417140007019,0.16745850443840027,0.31479758,1,4
16050772,0.597525954246521,0.06337433308362961,0.5149764,1,0
1605141,0.0655406191945076,4.459355477592908e-05,0.68404317,1,50
16052393,0.504172682762146,0.05426550656557083,0.5277536,0,1
16054649,0.9504820704460144,0.48033320903778076,0.5148962,2,13
16062445,0.4684499502182007,0.056730300188064575,0.36253378,0,4
16077875,0.6103035807609558,0.0630464255809784,0.49388215,1,0
16078680,0.4362947940826416,0.16224215924739838,0.20227587,1,31
16081847,0.7014029026031494,0.05425385758280754,0.72117895,0,1
16083146,0.16640053689479828,3.4481583952583605e-06,0.63072956,0,5
16085807,0.4859304130077362,0.05777965486049652,0.5512261,1,26
16090188,0.7014029026031494,0.05425385758280754,0.72117895,0,1
16090877,0.35221806168556213,0.04207499697804451,0.30819994,0,19
16092470,0.3170202076435089,0.04249696061015129,0.28316355,0,19
16095075,0.5623562335968018,0.17202253639698029,0.18055686,1,6
16096104,0.6883512139320374,0.06523843109607697,0.55967766,1,2
16099100,0.7143107056617737,0.06487850099802017,0.60052353,1,2
16102437,0.6182620525360107,0.06816943734884262,0.5642694,1,0
16116251,0.7799819111824036,0.5218651294708252,0.17702736,0,7
16117890,0.07512324303388596,7.859543256927282e-05,0.6639457,1,22
16127606,0.48430341482162476,0.06228765845298767,0.61982447,1,0
16134117,0.16921859979629517,0.03806541860103607,0.7102419,1,3
16134672,0.5792003870010376,0.06346801668405533,0.49094465,1,0
16145074,0.23996584117412567,0.05065231770277023,0.3634238,1,31
16146535,0.6296536922454834,0.06269355863332748,0.53620917,0,0
16148335,0.5536543726921082,0.0630231723189354,0.5281951,1,0
16150352,0.3611019551753998,0.03947999328374863,0.32587892,1,21
16152223,0.5633216500282288,0.05814317613840103,0.5723464,1,13
16153327,0.5265635848045349,0.054869916290044785,0.56941956,1,1
16156062,0.5722651481628418,0.06209945306181908,0.857015,1,0
16158468,0.7441628575325012,0.06470620632171631,0.73532397,1,2
16158546,0.3882855474948883,0.06538613885641098,0.5282823,1,23
16166839,0.37642452120780945,0.0420851856470108,0.23834623,0,19
16168272,0.8531279563903809,0.28522616624832153,0.21247739,1,0
16168407,0.7018481492996216,0.05890476703643799,0.5495864,2,13
16170886,0.5633216500282288,0.05814317613840103,0.5723464,1,13
16175266,0.42671236395835876,0.06247825175523758,0.32047063,1,15
1618581,0.3260171711444855,0.039724938571453094,0.34035337,1,21
16186643,0.4866778254508972,0.06225123628973961,0.60668814,2,0
16186782,0.7872520089149475,0.06486564874649048,0.93450826,1,2
16188243,0.03227824717760086,0.01282299030572176,0.62091595,1,24
16189104,0.44412657618522644,0.05424800142645836,0.24774984,1,7
16190433,0.2909228801727295,0.02669670432806015,0.62928694,0,34
16194172,0.8929624557495117,0.1767067313194275,0.48109782,1,2
16209040,0.542380690574646,0.06239677220582962,0.7161085,1,0
16213363,0.4799785912036896,0.053917329758405685,0.29303384,1,7
16213727,0.4697682559490204,0.058102086186409,0.5216599,0,26
16214306,0.4427672028541565,0.06229952722787857,0.3232828,1,15
16214599,0.7014029026031494,0.05425385758280754,0.72117895,0,1
16217220,0.5146511793136597,0.05454535409808159,0.5505588,1,1
16217319,0.5997130870819092,0.0562092550098896,0.6552426,1,4
16220573,0.7339977622032166,0.5321760177612305,0.36964104,0,0
16227947,0.614464282989502,0.058456625789403915,0.5036905,0,13
16231946,0.6801460385322571,0.0653567761182785,0.4844418,1,2
16236786,0.4164510667324066,0.06695744395256042,0.3136888,1,15
16244531,0.37652140855789185,0.06542139500379562,0.56704706,1,23
16246096,0.792026162147522,0.2687971889972687,0.4305552,2,13
16249208,0.3752930164337158,0.06499581038951874,0.62677366,1,23
16251682,0.7215051054954529,0.5011827349662781,0.59446436,0,11
16254381,0.2871754467487335,0.4940386414527893,0.36104998,0,44
16257494,0.49403318762779236,0.05829593539237976,0.65119195,2,13
16261754,0.49847832322120667,0.5093835592269897,0.17315292,0,19
16269833,0.4174962639808655,0.0623069629073143,0.3093791,1,15
16273731,0.5386459231376648,0.056372079998254776,0.59687054,0,4
16286974,0.42999663949012756,0.06228799372911453,0.3030162,0,15
16287203,0.6937136054039001,0.17351439595222473,0.31216428,1,0
16295357,0.459678053855896,0.06180648133158684,0.6153204,1,0
16301912,0.5826993584632874,0.16298313438892365,0.39686352,1,17
16303345,0.7154683470726013,0.17337600886821747,0.47130856,1,0
16304657,0.7014029026031494,0.05425385758280754,0.72117895,0,1
16304739,0.07592806965112686,9.783808491192758e-05,0.644976,1,63
16306595,0.6262325048446655,0.06298630684614182,0.60859656,0,0
16308740,0.4368795156478882,0.04864591360092163,0.57092637,1,10
16316851,0.4917820394039154,0.06226028874516487,0.5809601,0,0
16322274,0.1186007633805275,0.025953715667128563,0.5476895,1,44
16333340,0.08216851204633713,0.00016962252266239375,0.62188834,1,64
16335288,0.08448150753974915,0.00016962252266239375,0.6167037,2,65
16338900,0.19664645195007324,0.12388458102941513,0.32315174,1,24
16339549,0.4083099067211151,0.0623377226293087,0.36871693,1,15
16340098,0.24084289371967316,0.13720595836639404,0.38535666,1,44
16344649,0.5932318568229675,0.06627768278121948,0.60032964,1,2
16347512,0.47942742705345154,0.05436411499977112,0.20273416,1,7
16350797,0.13411705195903778,0.03149069845676422,0.45912644,1,29
16351122,0.22582349181175232,0.026907267048954964,0.5541312,1,34
16355091,0.5591980218887329,0.05813627317547798,0.6946866,2,13
16356533,0.6006064414978027,0.06087764352560043,0.39765832,1,6
16356717,0.6128954291343689,0.05442025512456894,0.5001282,0,1
16357565,0.5692676901817322,0.054245948791503906,0.54020005,0,1
16359962,0.07277721911668777,0.0004121518286410719,0.6547604,1,66
16365445,0.42315199971199036,0.033531032502651215,0.64631456,1,11
16365985,0.4069586992263794,0.061264462769031525,0.26667526,1,6
16366947,0.5355614423751831,0.05848073959350586,0.61976516,1,13
16374987,0.22825001180171967,0.05050826817750931,0.42290506,1,31
16380856,0.4938783049583435,0.49481597542762756,0.21089084,0,34
16394063,0.6426804661750793,0.05815347284078598,0.5899789,2,13
16394309,0.1710590422153473,0.0004121518286410719,0.49602616,1,9
16394517,0.4602999687194824,0.05836476758122444,0.5840096,1,26
16395784,0.4513460695743561,0.04205945506691933,0.30766505,1,19
16396652,0.5259672403335571,0.06180233880877495,0.7994581,1,0
16397377,0.702195405960083,0.06486046314239502,0.7745001,1,2
16399227,0.538023054599762,0.05620533600449562,0.65318936,1,4
16403341,0.5239844918251038,0.05789247527718544,0.9037877,1,26
16404717,0.26025331020355225,0.04176754131913185,0.35393518,1,19
16406458,0.38873156905174255,0.06571023166179657,0.5755474,1,23
16410165,0.3946581780910492,0.041883114725351334,0.42132387,1,19
16410966,0.6825501322746277,0.17359395325183868,0.48243815,1,0
16411682,0.19779697060585022,0.025971034541726112,0.4410144,1,44
16412744,0.6084296703338623,0.06610434502363205,0.59055007,1,0
16420606,0.7528508901596069,0.272447407245636,0.6324839,2,0
16424513,0.48901796340942383,0.05425649881362915,0.2750507,1,7
16426613,0.39853397011756897,0.05423395708203316,0.32525325,1,7
16428853,0.4799785912036896,0.053917329758405685,0.29303384,1,7
16428901,0.49681174755096436,0.04905293881893158,0.45952007,0,10
16431844,0.3579239845275879,0.04979194700717926,0.1977213,1,18
16433223,0.46529439091682434,0.05855725705623627,0.54549414,1,26
16435224,0.4487546682357788,0.05078352242708206,0.3940593,1,31
16437938,0.6120237708091736,0.1733921468257904,0.20875348,1,15
16439625,0.5144455432891846,0.05462650954723358,0.54848343,0,1
16439879,0.2083577960729599,0.03841269388794899,0.7150706,1,3
16440473,0.5582121014595032,0.062288276851177216,0.5647366,1,0
16440855,0.41876155138015747,0.061803702265024185,0.76977104,1,0
16444797,0.3584303557872772,0.05150383338332176,0.44848123,1,17
16447060,0.6768875122070312,0.18652819097042084,0.41984138,1,23
16451087,0.39472806453704834,0.06216999515891075,0.39291158,1,15
16452021,0.3976968824863434,0.0652453675866127,0.56662065,1,23
16452950,0.5566965341567993,0.054744359105825424,0.62130696,0,1
16454768,0.461272269487381,0.062106285244226456,0.56653744,1,0
16460562,0.08377932012081146,0.00016962252266239375,0.6089783,0,67
16460745,0.08377932012081146,0.00016962252266239375,0.6089783,0,67
16462841,0.3710821270942688,0.041595708578825,0.4287548,0,19
16462880,0.6080964207649231,0.06508424133062363,0.5207584,1,0
16463885,0.4927634000778198,0.0647784024477005,0.57041186,1,23
16464939,0.21853679418563843,0.03803687170147896,0.7400472,1,3
16477216,0.45523497462272644,0.061951279640197754,0.67330766,1,0
16487708,0.5054547190666199,0.05439871922135353,0.74705356,1,1
16489432,0.4975387454032898,0.06210135295987129,0.19608961,1,6
16490278,0.3789295256137848,0.056115999817848206,0.40226737,1,4
16494857,0.8534419536590576,0.17914211750030518,0.40801525,1,2
16499533,0.49242785573005676,0.056536875665187836,0.42933443,0,4
16499557,0.07928669452667236,0.00016962252266239375,0.6212047,1,68
16505673,0.5730859637260437,0.1449982076883316,0.44709885,1,11
16510377,0.7196567058563232,0.16595958173274994,0.43159753,1,1
16511202,0.5101147294044495,0.056401096284389496,0.50190645,1,4
16515024,0.4927634000778198,0.0647784024477005,0.57041186,1,23
16516106,0.19577141106128693,0.032353077083826065,0.37713885,0,29
16516483,0.4545113146305084,0.0441705547273159,0.4400013,1,16
16517592,0.4051429331302643,0.06183498352766037,0.60148,1,0
16519098,0.7284739017486572,0.06470239907503128,0.9066021,0,2
16521778,0.0752699002623558,9.783808491192758e-05,0.63714653,0,69
16530997,0.38109514117240906,0.06184614077210426,0.5800656,1,0
16531797,0.07928669452667236,0.00016962252266239375,0.6212047,1,68
16537567,0.7014029026031494,0.05425385758280754,0.72117895,0,1
16541717,0.07230468839406967,0.0004121518286410719,0.63064724,1,70
16541786,0.24132943153381348,0.0387679785490036,0.60760206,1,3
16543625,0.6982578039169312,0.0650506466627121,0.6078341,1,2
16547885,0.30455878376960754,0.050669778138399124,0.43468335,1,31
16548023,0.6771634221076965,0.16953998804092407,0.24947186,1,26
16549857,0.44490087032318115,0.062145743519067764,0.6353851,0,0
16552022,0.5645991563796997,0.05455722287297249,0.59503293,0,1
16552311,0.3724291920661926,0.06500779837369919,0.626419,1,23
16561129,0.6610398292541504,0.1734919399023056,0.4050255,1,0
16561591,0.5569114685058594,0.05907425284385681,0.5467862,2,13
16572534,0.440675288438797,0.06184292212128639,0.62040854,1,0
16572778,0.5219488739967346,0.05425349622964859,0.53922325,0,1
16573966,0.0747215673327446,0.00016962252266239375,0.6372683,1,71
16575742,0.6326454281806946,0.06529425829648972,0.6002902,0,2
16575853,0.40997830033302307,0.0639558658003807,0.291949,1,15
16579031,0.39492079615592957,0.062139514833688736,0.3764286,1,15
16579074,0.7520362734794617,0.17422786355018616,0.38748783,1,0
16585828,0.3970361053943634,0.06496013700962067,0.59192806,0,23
16586626,0.23157598078250885,0.05085580796003342,0.36831266,1,31
16593654,0.741653323173523,0.06470493227243423,0.75714123,1,2
16594644,0.5892345309257507,0.058402422815561295,0.47175446,1,13
16594962,0.3939363360404968,0.062176771461963654,0.39286864,1,15
16598002,0.3751011788845062,0.06552059203386307,0.4652525,1,23
16601276,0.5359669327735901,0.05456428602337837,0.6598605,1,1
16603948,0.46007388830184937,0.056774333119392395,0.47840962,1,4
16607015,0.5349848866462708,0.04379567876458168,0.5126393,0,16
16611179,0.5999427437782288,0.061053987592458725,0.32223693,1,6
16617884,0.1470137983560562,0.031827010214328766,0.5104484,1,29
16618029,0.23059912025928497,0.031643468886613846,0.48008826,1,29
16619381,0.16456951200962067,0.03804842755198479,0.75899833,1,3
16628874,0.38695791363716125,0.06528878211975098,0.5290501,1,23
16636746,0.518531858921051,0.0622626394033432,0.41424358,1,15
16636919,0.14164644479751587,0.02688116580247879,0.4951131,0,20
16639670,0.7014029026031494,0.05425385758280754,0.72117895,0,1
16645520,0.49133408069610596,0.057888951152563095,0.97830975,1,26
16646201,0.6128343343734741,0.05455954372882843,0.55624115,0,1
16649779,0.13321132957935333,7.390994869638234e-05,0.5374353,1,62
16652658,0.25256460905075073,0.03836672753095627,0.62141806,1,3
16661603,0.5824651718139648,0.05861637368798256,0.49882415,2,13
16667356,0.4927634000778198,0.0647784024477005,0.57041186,1,23
16670897,0.5667431950569153,0.05796381086111069,0.6006166,1,26
1668011,0.7561271786689758,0.06519364565610886,0.6862098,1,2
16698800,0.5715113878250122,0.06318721175193787,0.5150189,1,0
16730276,0.5945218801498413,0.16911955177783966,0.66002256,1,26
16743661,0.7099129557609558,0.1743309497833252,0.44161928,1,0
16780257,0.3358200490474701,0.02718791365623474,0.4507966,1,20
16782103,0.4440101385116577,0.061975572258234024,0.591298,1,0
16782107,0.06545456498861313,0.012854800559580326,0.65553796,1,24
16783192,0.47524160146713257,0.0609210766851902,0.21877345,1,6
16784574,0.857185423374176,0.22265225648880005,0.690225,1,72
16787980,0.5973133444786072,0.05442965030670166,0.5546586,0,1
16788703,0.6529733538627625,0.06180272251367569,0.77211297,2,0
16788710,0.5349848866462708,0.04379567876458168,0.5126393,0,16
16796298,0.322166383266449,0.03979064151644707,0.32733703,1,21
16796683,0.7014029026031494,0.05425385758280754,0.72117895,0,1
16813674,0.5621679425239563,0.062111496925354004,0.47566253,1,0
16819281,0.23696209490299225,0.04573991149663925,0.31167367,1,18
16822115,0.4652784466743469,0.06073639914393425,0.25389403,1,6
16830375,0.5008676052093506,0.05427967756986618,0.5396705,1,1
16831357,0.42613300681114197,0.06212247908115387,0.3802716,1,15
16834699,0.29343730211257935,0.0648026242852211,0.5870786,1,23
16839438,0.41668006777763367,0.06233327090740204,0.36604512,1,15
16845153,0.6051502227783203,0.06461077928543091,0.5790574,1,0
16850092,0.746486246585846,0.0647084191441536,0.761625,1,2
16851290,0.11953096836805344,0.012862574309110641,0.7076516,1,24
16852922,0.8449214100837708,0.16955694556236267,0.61121523,1,13
16855827,0.586669921875,0.05406247824430466,0.17596465,2,7
16858294,0.43482673168182373,0.06210476905107498,0.3249517,1,15
16861860,0.45808857679367065,0.04859958961606026,0.5413854,1,10
16871327,0.5486260652542114,0.26788634061813354,0.00089045695,1,18
16871663,0.6048489809036255,0.06253744661808014,0.55281746,1,0
16874180,0.3206433653831482,0.02746800146996975,0.41411915,0,34
16880649,0.47241517901420593,0.051248084753751755,0.65116805,0,17
16884008,0.07224193215370178,9.783808491192758e-05,0.63116306,1,70
16884022,0.19233602285385132,0.03873322904109955,0.73627067,1,3
16899287,0.7125669121742249,0.06502297520637512,0.75753355,1,2
16908192,0.6408140063285828,0.17425015568733215,0.11879121,1,15
16917389,0.2522844970226288,0.050503019243478775,0.41743392,1,31
16918618,0.7494410872459412,0.176117941737175,0.32426804,1,0
16925295,0.43059971928596497,0.062107108533382416,0.33182827,1,15
16926826,0.3502935469150543,0.03986351564526558,0.25516972,1,21
16928036,0.40517300367355347,0.06235330179333687,0.3634087,1,15
16930883,0.18998166918754578,0.03823823481798172,0.7210979,1,3
16931885,0.5843281149864197,0.06195204704999924,0.68555665,1,0
16933135,0.08173342049121857,0.00016962252266239375,0.6296093,1,73
16936384,0.38655680418014526,0.04554259777069092,0.28934404,1,18
16940704,0.35494935512542725,0.04004006087779999,0.27014232,1,21
16942880,0.5874306559562683,0.05428869277238846,0.73502153,1,1
16943465,0.5933231711387634,0.5237108469009399,0.24656935,0,4
16945142,0.40685561299324036,0.05152837559580803,0.50002635,1,17
16945563,0.07217975705862045,0.012782314792275429,0.5269557,1,24
16946002,0.46891337633132935,0.06196438521146774,0.60184705,1,0
16954507,0.7014029026031494,0.05425385758280754,0.72117895,0,1
16956110,0.2942773103713989,0.050648994743824005,0.34695807,1,31
16958365,0.4196119010448456,0.043857019394636154,0.44532722,1,16
16958590,0.5171374082565308,0.0610637441277504,0.17036952,1,6
16965701,0.4218767583370209,0.052135586738586426,0.45697623,1,17
16968979,0.33058494329452515,0.06212630495429039,0.39535758,1,15
16971414,0.39067932963371277,0.11141093820333481,0.43373623,1,74
16979008,0.6747429370880127,0.06502881646156311,0.6229103,1,2
16980497,0.08318744599819183,0.00016962252266239375,0.60963446,1,75
16986733,0.3176412284374237,0.05063056945800781,0.46780163,1,31
16988925,0.5466209650039673,0.062110353261232376,0.48515338,1,0
16988986,0.47479918599128723,0.06181064248085022,0.6906948,1,0
16991700,0.4188232719898224,0.06523056328296661,0.5808715,1,23
16994507,0.4099715054035187,0.06272626668214798,0.3477666,1,15
17006804,0.670845627784729,0.0651949793100357,0.4561482,0,2
17022135,0.078590027987957,0.0003596100432332605,0.62725896,1,76
17028863,0.6330624222755432,0.17214229702949524,0.14308727,1,6
17044292,0.590532660484314,0.06368927657604218,0.47579315,0,0
17044330,0.4389726221561432,0.05168652534484863,0.45626155,1,17
17059192,0.6536891460418701,0.06470873206853867,0.9490527,1,2
17071990,0.30758342146873474,0.06210819631814957,0.37822947,1,15
17083813,0.3957290053367615,0.06231515854597092,0.33007967,1,15
17084975,0.7014029026031494,0.05425385758280754,0.72117895,0,1
1708661,0.44986599683761597,0.0562475323677063,0.41946015,1,4
17090151,0.6868818402290344,0.06492585688829422,0.6755203,0,2
17100370,0.4873885214328766,0.0609126016497612,0.21107373,1,6
17100782,0.4050878584384918,0.05395909398794174,0.35641658,1,7
17105161,0.39068523049354553,0.034437693655490875,0.604526,1,11
17105262,0.5263143181800842,0.06180611997842789,0.6560069,1,0
17107079,0.41951555013656616,0.23574677109718323,0.24783309,1,24
17112369,0.36535724997520447,0.06646797806024551,0.5095584,0,23
17112843,0.19859610497951508,0.03826892375946045,0.785813,1,3
17115414,0.5145092606544495,0.056529510766267776,0.59495234,0,4
17120553,0.4681302011013031,0.06276997178792953,0.5898731,2,0
17120614,0.18334224820137024,0.038045115768909454,0.755599,1,3
17129863,0.4203293025493622,0.062118902802467346,0.33369952,1,15
17135182,0.5441105961799622,0.062289297580718994,0.55633056,0,0
17138727,0.1371128261089325,0.03150254860520363,0.53770536,1,29
17150049,0.22777552902698517,0.027183176949620247,0.39381444,0,34
17156411,0.49374303221702576,0.05437636002898216,0.3335968,1,7
17164436,0.2883811593055725,0.0416010320186615,0.33589533,0,19
17173775,0.9720093011856079,0.289036363363266,0.51477665,1,26
17173819,0.5252335667610168,0.04395345225930214,0.50676167,0,16
17176166,0.4044019281864166,0.04193159192800522,0.25078252,0,19
17176836,0.43969377875328064,0.060768209397792816,0.23774138,1,6
17191474,0.6715720891952515,0.0657988116145134,0.50042087,1,2
17201112,0.5996676683425903,0.06489642709493637,0.59889805,1,0
17204571,0.6435458064079285,0.06474702060222626,0.5842965,1,2
17208441,0.5824660658836365,0.05773644894361496,0.64669716,0,26
17221081,0.6825028657913208,0.06490630656480789,0.5374331,0,2
17221781,0.388899564743042,0.06267426908016205,0.33781263,1,15
17221943,0.3541368842124939,0.03979819267988205,0.32986537,1,21
17223468,0.43434807658195496,0.05439988896250725,0.22583379,1,7
17234887,0.19555771350860596,0.02670530043542385,0.5756598,1,20
17235460,0.19589830935001373,0.05054516717791557,0.42123485,1,31
17235677,0.5915766358375549,0.056072838604450226,0.740703,0,4
17238240,0.37639784812927246,0.05116353929042816,0.33155376,1,31
17239031,0.40026193857192993,0.06516513228416443,0.59842825,1,23
17239946,0.5124794244766235,0.054917916655540466,0.59407073,0,1
17240550,0.32793548703193665,0.050946399569511414,0.35864338,1,31
17240635,0.07053115963935852,0.00016962252266239375,0.6379396,1,77
17245450,0.5212586522102356,0.05407388135790825,0.2860448,0,7
17248244,0.2711719274520874,0.0004857360909227282,0.61564934,0,5
17250640,0.7691568732261658,0.1759500503540039,0.8595531,1,2
17258003,0.5178040266036987,0.054253481328487396,0.5365138,0,1
17264531,0.4399934709072113,0.06495913863182068,0.6243994,1,23
17266270,0.5199341773986816,0.055132389068603516,0.4330499,1,1
17266551,0.733903706073761,0.05814019963145256,0.6005745,2,13
17275103,0.2325209081172943,0.0504964217543602,0.3619258,1,31
17282551,0.6306526064872742,0.058154646307229996,0.5687469,1,13
17285878,0.6937985420227051,0.06613045930862427,0.36093396,0,2
17291344,0.3372446596622467,0.06563843786716461,0.57914287,2,23
17292603,0.46510422229766846,0.06090940907597542,0.20935038,1,6
17297261,0.7427588701248169,0.5311632752418518,0.32859546,0,0
17300462,0.31450748443603516,0.05138803645968437,0.54360294,1,17
17303568,0.18061986565589905,0.00020849317661486566,0.60883033,0,5
17305642,0.5642567276954651,0.061950381845235825,0.68899363,1,0
17313956,0.4370899200439453,0.06494243443012238,0.63251716,1,23
17316916,0.2716115117073059,0.04594583809375763,0.22600958,0,18
17322769,0.627648651599884,0.06477086246013641,0.539748,1,2
17323772,0.7581608891487122,0.17725130915641785,0.43117866,1,0
17324503,0.6159366369247437,0.17335018515586853,0.13597512,1,15
17326261,0.11637771129608154,0.00017031235620379448,0.60634273,1,48
17335211,0.40128451585769653,0.056295838207006454,0.40904918,1,4
17340590,0.4487093687057495,0.056743547320365906,0.4213026,0,4
17349165,0.4303135275840759,0.06262660771608353,0.31966254,1,15
17350393,0.5288907289505005,0.05492468923330307,0.42497998,1,1
17353001,0.6300915479660034,0.06505035609006882,0.58431244,1,2
17354054,0.5782632231712341,0.05506647378206253,0.48722476,0,1
17354468,0.608407735824585,0.06253223121166229,0.61648977,1,0
17357985,0.45703190565109253,0.05824601650238037,0.7230161,1,26
17359791,0.35339781641960144,0.050479959696531296,0.43380708,1,31
17365848,0.5551349520683289,0.05950462818145752,0.37438646,1,26
17384357,0.602347731590271,0.06088723614811897,0.43116626,1,6
17388280,0.41442248225212097,0.060780614614486694,0.24535565,1,6
17393514,0.5069862008094788,0.04935741424560547,0.54955494,1,10
17398289,0.004908920731395483,0.00016962252266239375,0.50058514,1,78
17402349,0.717612087726593,0.06521452963352203,0.41959298,0,2
17404895,0.49707454442977905,0.06195859611034393,0.633908,1,0
17416766,0.07702817022800446,7.859543256927282e-05,0.62085086,1,79
17422097,0.3928183317184448,0.06242672726511955,0.391995,1,15
17424632,0.4004296064376831,0.06546135246753693,0.5340089,1,23
17427120,0.273481547832489,0.026695962995290756,0.5702277,1,34
17431643,0.4353156089782715,0.2450200319290161,0.1443758,0,29
17437053,0.7441628575325012,0.06470620632171631,0.73532397,1,2
17444939,0.4380588233470917,0.06495127081871033,0.6153447,1,23
17451602,0.5145853161811829,0.06228213012218475,0.53860027,1,0
17451621,0.4861995577812195,0.06286563724279404,0.2858318,1,6
17463636,0.747502326965332,0.17334239184856415,0.43254158,1,0
17465796,0.5947543382644653,0.06365525722503662,0.50589913,0,0
17469640,0.37608015537261963,0.06544002890586853,0.5217569,1,23
17473799,0.472734659910202,0.06213028356432915,0.55679554,1,0
17477554,0.30841580033302307,0.050639718770980835,0.37799877,1,31
17478702,0.6205849647521973,0.17336443066596985,0.18304005,1,15
17480824,0.5716968178749084,0.05912991985678673,0.5926365,1,13
17481122,0.6416805982589722,0.17306143045425415,0.5136378,1,0
17481888,0.24002858996391296,0.04599856585264206,0.3157106,1,18
17486893,0.45877695083618164,0.07175930589437485,0.5423428,1,23
17489909,0.5043270587921143,0.061802949756383896,0.77660114,1,0
17490827,0.7469916939735413,0.2689343988895416,0.5608165,2,13
17491510,0.5211271643638611,0.0618036650121212,0.78595865,1,0
17492541,0.5362071990966797,0.05845310911536217,0.6063104,2,13
17497582,0.7247324585914612,0.06533516943454742,0.5897061,0,2
17498138,0.4695400595664978,0.04143178462982178,0.25442848,1,21
17498731,0.7989252209663391,0.2849253714084625,0.0,1,15
17503213,0.4138704836368561,0.06477583944797516,0.6004611,1,23
17513262,0.29770177602767944,0.039480701088905334,0.28699148,1,21
17514047,0.50706547498703,0.06180308759212494,0.66493446,0,0
17514705,0.5881118178367615,0.05440171808004379,0.64294535,0,1
17515749,0.3512089252471924,0.04541253671050072,0.34751955,1,18
17524742,0.5179029703140259,0.05814911425113678,0.69043756,2,13
17526658,0.3938750922679901,0.06213754415512085,0.37703127,1,15
17528783,0.49780577421188354,0.061802785843610764,0.71038187,1,0
17530043,0.32159242033958435,0.03951483219861984,0.35010856,1,21
17537187,0.7236248850822449,0.511755108833313,0.2628721,0,16
17540560,0.4085754156112671,0.05426234379410744,0.32185125,1,7
17540746,0.4998856782913208,0.05111350864171982,0.6218963,1,10
17542666,0.5784085988998413,0.06344202160835266,0.5815233,1,0
175473,0.3075755834579468,0.026875082403421402,0.39717302,1,34
17547378,0.5530481934547424,0.04444614425301552,0.43263057,0,16
17548348,0.4721798300743103,0.06736187636852264,0.5678344,1,23
17548763,0.4104585647583008,0.03366745263338089,0.6730535,1,11
17550920,0.6441742777824402,0.058806054294109344,0.5218724,2,13
17553103,0.6859499216079712,0.06507228314876556,0.59158224,1,2
17553191,0.22603534162044525,0.02671024762094021,0.57160294,1,34
17553397,0.2520295977592468,0.031806327402591705,0.41671306,1,29
17556659,0.531900942325592,0.061056576669216156,0.2035976,1,6
17558182,0.6166118383407593,0.0628490224480629,0.49719292,2,0
17560937,0.7721158862113953,0.5223950147628784,0.35661715,0,1
17563020,0.7103629112243652,0.28460341691970825,0.010732198,1,15
17565891,0.6924611330032349,0.17363470792770386,0.4603893,1,0
17565994,0.3887401223182678,0.05132560804486275,0.3332762,0,31
1756621,0.2114163339138031,0.04163997992873192,0.35798186,1,19
17567609,0.5809416174888611,0.06329604983329773,0.5206264,1,0
17570154,0.5003593564033508,0.061806902289390564,0.650522,1,0
17575531,0.4203293025493622,0.062118902802467346,0.33369952,1,15
17582384,0.7014029026031494,0.05425385758280754,0.72117895,0,1
17586622,0.5986833572387695,0.06474357843399048,0.49404466,1,0
17589906,0.46925586462020874,0.060920849442481995,0.21876106,1,6
1759181,0.6155943274497986,0.05849688872694969,0.51473725,2,13
17594136,0.3924928307533264,0.06497086584568024,0.59259933,0,23
17602194,0.43974268436431885,0.06494375318288803,0.6323697,1,23
17617518,0.23507468402385712,0.038035448640584946,0.70015025,1,3
17624589,0.38193726539611816,0.06481093168258667,0.57878464,0,23
17627045,0.4432622492313385,0.048627614974975586,0.5683024,1,10
17630489,0.592068612575531,0.509401798248291,0.21228653,0,19
17644635,0.48723599314689636,0.043818093836307526,0.5060505,1,16
17645505,0.6209820508956909,0.0640905350446701,0.48339945,0,0
17657810,0.7164073586463928,0.06501883268356323,0.743555,1,2
17658075,0.47972291707992554,0.05805821344256401,0.58367085,0,26
17660333,0.1915026307106018,0.04541737213730812,0.32299587,1,18
17668238,0.48723599314689636,0.043818093836307526,0.5060505,1,16
17673099,0.5104548335075378,0.058314356952905655,0.5583276,2,13
17676511,0.7630417346954346,0.521899402141571,0.6433461,0,1
17697991,0.6983655095100403,0.06504347175359726,0.6729552,1,2
17708309,0.3459436595439911,0.03355000540614128,0.5699633,1,11
17713109,0.09263533353805542,5.9227735619060695e-05,0.59997183,0,53
17718867,0.41474059224128723,0.05606529489159584,0.43822703,0,4
17719459,0.3527067303657532,0.0660027414560318,0.55195135,1,23
17746464,0.4924740195274353,0.05406951904296875,0.30928567,1,7
17826349,0.6327144503593445,0.05858539789915085,0.617216,2,13
17827249,0.7085081934928894,0.15542367100715637,0.33159226,1,16
17829189,0.4607010781764984,0.04205157607793808,0.31568936,0,19
17831577,0.3781484365463257,0.0622614286839962,0.3195846,0,15
17836849,0.46503064036369324,0.06073586642742157,0.26086715,1,6
17850012,0.6413149237632751,0.0821528509259224,0.66218203,2,0
17850268,0.2515813410282135,0.025960495695471764,0.20490251,2,44
17856365,0.6110334396362305,0.17217227816581726,0.15558821,1,6
17860158,0.6256945729255676,0.0648864209651947,0.5045592,0,2
17862286,0.593426525592804,0.06652441620826721,0.62218237,1,0
17862883,0.2843954861164093,0.027549531310796738,0.3108421,0,44
17864134,0.07171770185232162,0.00016962252266239375,0.6550478,1,80
17864472,0.0857165977358818,9.783808491192758e-05,0.6141213,0,81
17866516,0.4927634000778198,0.0647784024477005,0.57041186,1,23
17877831,0.07269810140132904,0.00016962252266239375,0.63765,1,82
17881987,0.16074422001838684,0.03215391933917999,0.39343807,0,29
17885419,0.660900354385376,0.05937173217535019,0.6137799,2,13
17886496,0.6234424710273743,0.05859876796603203,0.598573,2,13
17887849,0.457643985748291,0.04951167106628418,0.47586977,1,10
17888209,0.5148510336875916,0.06212223321199417,0.4921601,1,0
17900812,0.5221508145332336,0.05453132838010788,0.30089033,1,7
17902979,0.5893139243125916,0.05837200954556465,0.5198391,2,13
17909423,0.5999227166175842,0.062104225158691406,0.6486968,0,0
17912672,0.4428730309009552,0.05124836415052414,0.53955805,1,17
17918441,0.5021819472312927,0.06194942817091942,0.66439867,1,0
17924186,0.6930431127548218,0.05859760940074921,0.5918718,2,13
17929500,0.4270085096359253,0.06210887059569359,0.34116766,1,15
17931722,0.7691568732261658,0.1759500503540039,0.8595531,1,2
17934423,0.8522054553031921,0.2692359685897827,0.48201397,2,13
17943996,0.5957730412483215,0.06469641625881195,0.5601572,1,0
17948234,0.5482064485549927,0.061801083385944366,0.6951321,1,0
17955306,0.3315967619419098,0.06639867275953293,0.53125036,0,23
17955640,0.7014029026031494,0.05425385758280754,0.72117895,0,1
17956232,0.20183274149894714,0.026121260598301888,0.4202058,1,44
17961577,0.6359673142433167,0.17304910719394684,0.5197944,1,0
17962349,0.22725148499011993,0.046209026128053665,0.30802327,1,18
17963120,0.3400670886039734,0.064815953373909,0.5576736,1,23
17971670,0.5541461706161499,0.0628371462225914,0.67373496,1,0
17973137,0.5069108605384827,0.0621032677590847,0.5525013,1,0
17974216,0.3607119917869568,0.0653657615184784,0.5659122,1,23
17978915,0.5913573503494263,0.05935729667544365,0.4949245,2,13
17987925,0.17888380587100983,0.027181895449757576,0.59018254,0,34
17993853,0.3804722726345062,0.0651174858212471,0.5569492,1,23
18000551,0.5805366039276123,0.054270464926958084,0.74819463,1,1
18003414,0.7014029026031494,0.05425385758280754,0.72117895,0,1
18006637,0.4650000035762787,0.06542804837226868,0.5972137,1,23
18010581,0.4186874032020569,0.06478296965360641,0.67314696,1,23
18013276,0.3883620798587799,0.06511189788579941,0.5397936,1,23
18014005,0.5965086817741394,0.4949716329574585,0.2040249,0,34
18024506,0.4186543822288513,0.05144355446100235,0.4223914,1,17
18027230,1.0,0.47942954301834106,0.55003715,2,13
18031789,0.8696840405464172,0.38813868165016174,0.37612176,1,1
18033114,0.6328627467155457,0.05875976383686066,0.518389,2,13
18034865,0.5509565472602844,0.05455964431166649,0.59842384,1,1
18037238,0.4144042134284973,0.06495247036218643,0.5604056,1,23
18044059,0.6189344525337219,0.06651609390974045,0.44244686,1,0
18045976,0.3011738657951355,0.05160866677761078,0.3490547,1,31
18046425,0.40823042392730713,0.06213713809847832,0.36113897,1,15
18047199,0.6775490641593933,0.05830558016896248,0.5296195,2,13
18049260,0.08711425960063934,0.00016962252266239375,0.60614836,1,83
18050213,0.4702516198158264,0.061276573687791824,0.1933412,1,6
18050805,0.4927634000778198,0.0647784024477005,0.57041186,1,23
18059285,0.4989487826824188,0.058824002742767334,0.45316288,0,26
18064251,0.0752699002623558,9.783808491192758e-05,0.63714653,0,69
18065267,0.677675187587738,0.05844956263899803,0.53827614,2,13
18067465,0.4490843117237091,0.05410611629486084,0.28655356,1,7
18070682,0.4308888018131256,0.06249804049730301,0.32892534,1,15
18071286,0.587701678276062,0.057637769728899,0.5623065,1,4
18079672,0.6469590067863464,0.05814884230494499,0.6368357,2,13
18083070,0.5009433627128601,0.055187586694955826,0.5531323,0,1
18096326,0.3415433168411255,0.06580498814582825,0.546354,0,23
18102660,0.5815693736076355,0.06755902618169785,0.615726,2,0
18112363,0.372475266456604,0.054074905812740326,0.42226213,1,7
18112998,0.06946840137243271,0.00016962252266239375,0.64392346,1,60
18116560,0.40095043182373047,0.051307037472724915,0.49145785,1,17
18117244,0.6830816268920898,0.05828846991062164,0.6134717,2,13
18119760,0.44295164942741394,0.06497292220592499,0.5862497,1,23
18120477,0.49133408069610596,0.057888951152563095,0.97830975,1,26
18128517,0.46359336376190186,0.06214173883199692,0.5549956,1,0
18132782,0.0,7.390994869638234e-05,0.6333097,1,84
18132880,0.5064230561256409,0.05819059908390045,0.53283954,0,26
18134710,0.7546694874763489,0.06485746055841446,0.76177067,1,2
18139029,0.4026082754135132,0.05125800892710686,0.47199798,0,17
18141609,0.4872547686100006,0.061805494129657745,0.71227217,1,0
18149185,0.689362645149231,0.15505941212177277,0.35973752,1,16
18156509,0.733903706073761,0.05814019963145256,0.6005745,2,13
18156806,0.07590267807245255,0.00016962252266239375,0.62674135,1,61
18162730,0.517581582069397,0.05804349109530449,0.6896671,0,26
18166634,0.5926126837730408,0.054577745497226715,0.48715967,2,1
18179554,0.5898323655128479,0.06358570605516434,0.56463295,1,0
18183543,0.6430249214172363,0.05774124339222908,0.9293789,1,26
18190568,0.5335760116577148,0.5098289251327515,0.23772588,0,19
18194029,0.3949659764766693,0.062153417617082596,0.3926561,1,15
18197944,0.5936192274093628,0.05476224422454834,0.53908646,1,1
18197971,0.4774675965309143,0.06195131689310074,0.6230498,0,0
18198300,0.35405319929122925,0.04539098963141441,0.2891076,0,18
18199717,0.10780743509531021,0.03171154484152794,0.5067413,1,29
18201948,0.13650839030742645,5.965124728390947e-06,0.57817936,1,85
18202775,0.4004471004009247,0.05131513625383377,0.4909163,1,17
18208795,0.6192730069160461,0.06389272958040237,0.47434568,1,0
18211716,0.36565452814102173,0.06518132984638214,0.48686388,1,23
18216488,0.4548921585083008,0.04878348112106323,0.4908406,1,10
18217662,0.40823042392730713,0.06213713809847832,0.36113897,1,15
18218255,0.43015146255493164,0.06494316458702087,0.5785925,1,23
18220568,0.5365964770317078,0.05407891795039177,0.21475732,1,7
18221018,0.5789209604263306,0.0628429502248764,0.6011107,2,0
18225076,0.49505314230918884,0.06539344787597656,0.5579136,1,23
18226553,0.4601127505302429,0.06092781946063042,0.21683978,1,6
18229080,0.7198706269264221,0.06501711905002594,0.6778206,1,2
18229692,0.4725725054740906,0.061807163059711456,0.6829083,1,0
18240461,0.4811827540397644,0.060903243720531464,0.20392793,1,6
18242426,0.48790252208709717,0.05778369680047035,0.52355593,0,26
182563,0.534275472164154,0.05464083328843117,0.5295,1,1
18257868,0.44912388920783997,0.0491015799343586,0.4967705,2,10
18261996,0.31516146659851074,0.05063563957810402,0.43356797,1,31
18262909,0.46325865387916565,0.061953604221343994,0.66092366,1,0
18263331,0.08087477833032608,9.783808491192758e-05,0.6141337,1,86
18267236,0.18691183626651764,0.00016277468239422888,0.56166404,0,12
18273175,0.3916110694408417,0.06558975577354431,0.55436945,1,23
18278088,0.22950245440006256,0.03819142282009125,0.67918575,1,3
18279690,0.523012101650238,0.058922551572322845,0.6488646,0,13
18279744,0.6992892622947693,0.1601688265800476,0.35332367,1,10
18280014,0.35367119312286377,0.11141093820333481,0.39845845,1,87
18288362,0.744498074054718,0.06486158072948456,0.8620049,1,2
18294221,0.3900403082370758,0.06527957320213318,0.5226464,1,23
18301693,0.07609201222658157,0.0003596100432332605,0.62177765,1,79
18311970,0.49586978554725647,0.05606735497713089,0.4721202,0,4
18317966,0.6380783915519714,0.05829963833093643,0.57044417,2,13
18326035,0.71721351146698,0.5285485982894897,0.40099433,0,13
18327631,0.4242580533027649,0.06581688672304153,0.5565666,1,23
18331325,0.4303564131259918,0.0607592798769474,0.2347968,1,6
1833431,0.4562022089958191,0.053930092602968216,0.3132859,1,7
18335602,0.5921491980552673,0.06361522525548935,0.49640343,1,0
18336787,0.8804630041122437,0.4834272563457489,0.4632103,2,0
18338903,0.41474059224128723,0.05606529489159584,0.43822703,0,4
18343473,0.3823382258415222,0.05138862505555153,0.555538,1,17
18349132,0.7014029026031494,0.05425385758280754,0.72117895,0,1
18350445,0.34157848358154297,0.039489686489105225,0.31674585,1,21
18352189,0.7118152976036072,0.5162891149520874,0.6304568,0,10
18353496,0.6202259659767151,0.06430752575397491,0.49596328,1,0
18354470,0.24499349296092987,0.038449350744485855,0.702459,1,3
18360110,0.6097283363342285,0.06269976496696472,0.51845896,1,0
18361955,0.544147789478302,0.04872680455446243,0.3917984,1,10
18362842,0.27833670377731323,0.11126446723937988,0.36289465,1,88
18366220,0.0872940793633461,0.00016962252266239375,0.599502,1,89
18380360,0.48312851786613464,0.06226004660129547,0.30948937,1,15
18382715,0.4770335853099823,0.06180809065699577,0.6387742,1,0
18390476,0.6785596013069153,0.06474189460277557,0.67825365,1,2
18392870,0.25577473640441895,0.04184357821941376,0.33651036,1,19
18398842,0.6263713836669922,0.06282553821802139,0.53473115,1,0
18402562,0.37264710664749146,0.0620260015130043,0.64553833,1,0
18403763,0.2609967887401581,0.0381876640021801,0.6853601,1,3
18405034,0.4737396240234375,0.04888611286878586,0.5033402,1,10
18413484,0.4685668349266052,0.1500438004732132,0.37414292,1,3
18413922,0.7859289646148682,0.5014538168907166,0.55045074,0,11
18416284,0.6956893801689148,0.06516458094120026,0.60512197,1,2
18419709,0.44073325395584106,0.06225596368312836,0.3668984,1,15
18441690,0.12514041364192963,0.00016962252266239375,0.54063493,1,8
18444724,0.7063698172569275,0.05792674049735069,0.77856493,1,26
18446235,0.08894611150026321,0.00016962252266239375,0.5967718,1,90
18448748,0.08436987549066544,0.00019696855451911688,0.6553015,0,12
18454132,0.3341280519962311,0.4991362392902374,0.15535131,0,29
18454167,0.4606282413005829,0.05174482986330986,0.4481013,1,17
18462658,0.5267484784126282,0.03351912647485733,0.79666543,0,11
18470677,0.4630761444568634,0.05452381446957588,0.49851865,1,1
18475357,0.23406414687633514,0.04542786255478859,0.3394284,1,18
18479406,0.5082234740257263,0.0442642979323864,0.48956847,0,16
18481392,0.40241536498069763,0.06241067871451378,0.4008575,1,15
18485036,0.40262049436569214,0.051423925906419754,0.37337422,0,17
18490620,0.622491180896759,0.06299850344657898,0.5515298,1,0
18503945,0.7090053558349609,0.05774626508355141,0.86568975,1,26
18506582,0.7014029026031494,0.05425385758280754,0.72117895,0,1
18516935,0.733352780342102,0.06501010805368423,0.6139203,1,2
18521819,0.5396556854248047,0.058140575885772705,0.6730265,2,13
18529500,0.5992745161056519,0.0655021145939827,0.4326319,1,2
18531868,0.07522285729646683,0.0003596100432332605,0.6655712,1,22
18532459,0.43166738748550415,0.05430753529071808,0.46246907,1,1
18535985,0.49038249254226685,0.062258243560791016,0.60624576,1,0
18536192,0.4616929590702057,0.06180692836642265,0.63104177,1,0
18551792,0.4722212851047516,0.06093284487724304,0.25134265,1,6
18551889,0.5263143181800842,0.06180611997842789,0.6560069,1,0
18552677,0.4925856292247772,0.06248338520526886,0.63563484,1,0
18555730,0.3787819743156433,0.0403980128467083,0.24077983,1,21
18555743,0.4964101314544678,0.061805713921785355,0.71780175,1,0
18559873,0.36412522196769714,0.051326487213373184,0.45186773,0,31
18567925,0.40340906381607056,0.06184803321957588,0.59166944,1,0
18581150,0.44785115122795105,0.06074923276901245,0.2539786,1,6
18581294,0.5165714025497437,0.05513548105955124,0.24162646,1,7
18581681,0.6970545649528503,0.17231184244155884,0.22325231,1,6
18582171,0.320311039686203,0.04539667069911957,0.25622225,1,18
18584267,0.5920668840408325,0.05864473059773445,0.5016904,1,13
18585448,0.3359929323196411,0.051171980798244476,0.36849377,1,31
18586159,0.4654165208339691,0.05802623927593231,0.49286017,0,26
18589172,0.733903706073761,0.05814019963145256,0.6005745,2,13
18593382,0.45779526233673096,0.061805225908756256,0.6735096,0,0
18594226,0.2495342195034027,0.027199838310480118,0.5245934,0,34
18595063,0.7014029026031494,0.05425385758280754,0.72117895,0,1
18602421,0.2812091112136841,0.029382746666669846,0.4624124,0,34
18606802,0.7502346634864807,0.5324178338050842,0.51606566,0,2
18608117,0.26072561740875244,0.11124728620052338,0.41182595,1,85
18610863,0.47061073780059814,0.06114013493061066,0.18829511,1,6
18617401,0.37176406383514404,0.03352402523159981,0.6158402,1,11
18619137,0.3029085397720337,0.04158791899681091,0.34304997,0,19
18619708,0.6172239780426025,0.05788474529981613,0.6549725,1,26
18623167,0.6676151752471924,0.15981251001358032,0.26518527,1,10
18624195,0.4927634000778198,0.0647784024477005,0.57041186,1,23
18628195,0.42790916562080383,0.06228833273053169,0.3248751,1,15
18629050,0.21300563216209412,0.03803851455450058,0.69238675,1,3
18635869,0.479318231344223,0.06244569271802902,0.334377,1,15
18636844,0.4812059700489044,0.06093963235616684,0.22164674,1,6
18637875,0.5252079963684082,0.05788407102227211,0.6666321,1,26
18638637,0.3298662304878235,0.06502783298492432,0.56966573,1,23
18645243,0.3197670876979828,0.05242490768432617,0.40805158,0,31
18652644,0.4531480073928833,0.05082259699702263,0.3984536,1,31
18652948,0.4110565781593323,0.06511704623699188,0.5348609,1,23
18653078,0.12633013725280762,0.00016962252266239375,0.51715446,0,25
18657917,0.43482673168182373,0.06210476905107498,0.3249517,1,15
18659105,0.5343589186668396,0.5096105933189392,0.13656493,0,19
1865971,0.4508078396320343,0.05144142359495163,0.48496032,1,17
18660521,0.6473343372344971,0.0592806451022625,0.6016527,0,13
18668930,0.4957270324230194,0.061804577708244324,0.64333856,1,0
18675144,0.44512298703193665,0.05473216623067856,0.23318017,0,7
18675238,0.399190217256546,0.039468299597501755,0.30304408,1,21
18676090,0.3633164167404175,0.051712725311517715,0.5149538,1,17
18677238,0.46685701608657837,0.061435770243406296,0.28879276,1,6
18693436,0.4755968749523163,0.039620913565158844,0.25605264,1,21
18695536,0.3700282871723175,0.06560662388801575,0.55140674,1,23
18709845,0.39061203598976135,0.06494051218032837,0.5699261,1,23
18716273,0.38936132192611694,0.1528644859790802,0.1731764,1,19
18717493,0.23893038928508759,0.045440029352903366,0.35475788,1,18
18717494,0.4440687894821167,0.06195835396647453,0.64190876,0,0
18718930,0.5603392720222473,0.05941714718937874,0.5162206,2,13
18721173,0.1488359421491623,0.025960547849535942,0.51178694,0,44
18725918,0.0912049263715744,0.02580605074763298,0.5849474,1,44
18726713,0.5274993777275085,0.058690354228019714,0.51997906,0,13
18734728,0.4443061351776123,0.06180654093623161,0.7958188,2,0
18741333,0.5259672403335571,0.06180233880877495,0.7994581,1,0
18741505,0.43933916091918945,0.04380429908633232,0.44360167,1,16
18745797,0.4247543215751648,0.056104693561792374,0.44709396,0,4
18746965,0.22017182409763336,0.05053213983774185,0.42654526,1,31
18760928,0.5868817567825317,0.05443678796291351,0.5936058,0,1
18762666,0.7014029026031494,0.05425385758280754,0.72117895,0,1
18762748,0.24561026692390442,0.04162316769361496,0.3481638,0,19
18775043,0.22583091259002686,0.04581121727824211,0.3007495,1,18
18781217,0.27111053466796875,0.041602086275815964,0.309082,0,19
18797739,0.320311039686203,0.04539667069911957,0.25622225,1,18
18817130,0.5447356104850769,0.05491652339696884,0.5458231,1,1
18826341,0.4145720899105072,0.0621032752096653,0.31973517,0,15
18843449,0.5650644898414612,0.05485793203115463,0.5551758,0,1
18882655,0.29381701350212097,0.05464324355125427,0.36446303,0,7
18886013,0.598834753036499,0.17308978736400604,0.41519913,1,0
18888190,0.5686237215995789,0.05835774540901184,0.6848345,0,26
18895320,0.3872268497943878,0.06229477748274803,0.3221351,1,15
18897854,0.4400530457496643,0.06477932631969452,0.6045534,1,23
18906662,0.4378403127193451,0.06309088319540024,0.2986104,1,15
18907487,0.9556266665458679,0.2807696461677551,0.6187246,1,13
18908187,0.61814284324646,0.06380537152290344,0.56596047,1,0
18908676,0.6184744238853455,0.06256133317947388,0.48373333,1,0
18912014,0.6789721846580505,0.06504061073064804,0.5937967,1,2
18916680,0.3858453035354614,0.06180969625711441,0.77399266,1,0
18923296,0.38876742124557495,0.06554443389177322,0.59055454,1,23
18925783,0.733903706073761,0.05814019963145256,0.6005745,2,13
18940999,0.6277106404304504,0.1719793677330017,0.2317433,1,6
18943482,0.07283344864845276,9.783808491192758e-05,0.6535303,1,66
18950167,0.5119127035140991,0.04425060749053955,0.6115243,0,16
18952281,0.5710619688034058,0.06301406770944595,0.47713393,1,0
18953636,0.37836185097694397,0.06478555500507355,0.6025449,1,23
18954398,0.7521733045578003,0.16791607439517975,0.4185024,1,1
18956041,0.3431541323661804,0.051757343113422394,0.45752442,1,17
18959428,0.5069953799247742,0.0487680621445179,0.54641825,1,10
18961908,0.6527575850486755,0.16320514678955078,0.45427695,1,17
18968381,0.21474185585975647,0.04163392260670662,0.35170835,0,19
18970302,0.382272869348526,0.05611143633723259,0.40761322,1,4
18971863,0.7915158271789551,0.16915492713451385,0.5574615,1,26
18975155,0.39391621947288513,0.04102100059390068,0.25663093,0,21
18978733,0.8816372156143188,0.5325380563735962,0.49908143,0,2
18982304,0.6193819046020508,0.05830227956175804,0.627406,2,13
18983688,0.4347352683544159,0.1375623345375061,0.028075961,1,44
18988350,0.601120114326477,0.0625433400273323,0.50380915,1,0
18993967,0.41447439789772034,0.05150027573108673,0.5030949,1,17
19000184,0.6018850207328796,0.06225920468568802,0.44588336,1,0
19004086,0.7539098262786865,0.06545785814523697,0.4171957,1,2
19012615,0.24420598149299622,0.03818649798631668,0.70024854,1,3
19017473,0.41442248225212097,0.060780614614486694,0.24535565,1,6
19017785,0.46900674700737,0.0607369989156723,0.24816915,1,6
19021911,0.49336713552474976,0.060913361608982086,0.21793613,1,6
19022050,0.5263075232505798,0.062278054654598236,0.6423002,1,0
19023607,0.4491209387779236,0.06095169857144356,0.25114605,1,6
19024376,0.40695059299468994,0.039789628237485886,0.24478534,0,21
19026329,0.42799702286720276,0.061012934893369675,0.22929555,1,6
19033871,0.49689850211143494,0.044040974229574203,0.4841872,1,16
19041419,0.33345210552215576,0.06503872573375702,0.57491994,0,23
19041498,0.2488563507795334,0.11141093820333481,0.43257967,1,91
19042570,0.43064868450164795,0.0607607327401638,0.2703522,1,6
19043458,0.3627224564552307,0.05112753063440323,0.358329,1,31
19045839,0.8206229209899902,0.9897004961967468,0.62201494,0,1
19046394,0.6709332466125488,0.5219110250473022,0.39904162,0,1
19050831,0.6749404668807983,0.05875096470117569,0.5943599,2,13
19058868,0.4167511463165283,0.05681666359305382,0.47694087,0,4
19063439,0.453535795211792,0.061739541590213776,0.22069694,1,6
19063796,0.3761989176273346,0.059346865862607956,0.45512757,1,26
19070417,0.4400530457496643,0.06477932631969452,0.6045534,1,23
19078792,0.4377783536911011,0.060745567083358765,0.24422565,1,6
19084896,0.6416035294532776,0.0584426149725914,0.53973913,1,13
19087305,0.4481327533721924,0.054677579551935196,0.47123462,1,1
19094564,0.43544068932533264,0.06182556226849556,0.617653,1,0
19098264,0.8503204584121704,0.1761089414358139,0.42853254,1,2
19099851,0.5227375030517578,0.04952966794371605,0.5398861,0,10
19103957,0.2059551626443863,0.03184126690030098,0.44081694,1,29
19105135,0.4899906516075134,0.06221208721399307,0.2364037,1,6
19105285,0.6327353119850159,0.17214961349964142,0.1724905,1,6
19106350,0.7828642725944519,0.15520432591438293,0.35199264,1,16
19109577,0.7014029026031494,0.05425385758280754,0.72117895,0,1
19109908,0.6083967685699463,0.059560105204582214,0.53277266,0,13
19110217,0.4875098466873169,0.0621313713490963,0.61503744,2,0
19112266,0.6982131004333496,0.05813576653599739,0.6651563,2,13
19115353,0.6555955410003662,0.1722833216190338,0.22658256,1,6
19131792,0.7040657997131348,0.5227423310279846,0.32344753,0,1
19148918,0.6903950572013855,0.17304278910160065,0.6505184,1,0
19154583,0.4644792973995209,0.0540941022336483,0.2946239,0,7
19154612,0.5559914112091064,0.05462820082902908,0.5278643,0,1
19160730,0.3857000470161438,0.03963504731655121,0.22648957,0,21
19175670,0.3141374886035919,0.056109100580215454,0.43711475,1,4
19176674,0.28300851583480835,0.042315419763326645,0.35152638,0,19
19177397,0.5817472338676453,0.1760171502828598,0.3893015,1,23
19186482,0.8253366351127625,0.17648789286613464,0.5755009,1,2
19187629,0.08107021450996399,0.00016962252266239375,0.6175423,1,92
19190374,0.5900418162345886,0.17198827862739563,0.14721188,1,6
19198433,0.1464536339044571,0.00016962252266239375,0.48743907,0,49
19202226,0.6544298529624939,0.05844869092106819,0.48894235,0,13
19202272,0.31401127576828003,0.052389491349458694,0.340635,0,31
19206896,0.6907517313957214,0.06472314894199371,0.64639914,1,2
19209706,0.36120253801345825,0.1566871851682663,0.03758251,1,18
19215129,0.43868517875671387,0.05209856480360031,0.43160287,2,17
19216244,0.44347283244132996,0.04874545708298683,0.44728526,0,10
19219542,0.7742875814437866,0.1655300110578537,0.7057613,1,1
19224821,0.7014029026031494,0.05425385758280754,0.72117895,0,1
19237148,0.43439003825187683,0.05126025900244713,0.5878592,0,17
19241013,0.49451959133148193,0.05467671900987625,0.22377968,1,7
19248432,0.48844823241233826,0.058214928954839706,0.43329743,0,26
19252644,0.2259107083082199,0.04541163146495819,0.34566998,1,18
19264957,0.21712280809879303,0.03164360299706459,0.48933157,1,29
19268192,0.4881484806537628,0.054057180881500244,0.2648306,1,7
19269161,0.4435969591140747,0.06236932426691055,0.5662832,1,0
19279528,0.1342487633228302,0.03166999667882919,0.4724049,1,29
19285776,0.07816158980131149,0.00016962252266239375,0.6236949,0,93
19298258,0.2379811555147171,0.04561195522546768,0.27273268,1,18
19314095,0.43015146255493164,0.06494316458702087,0.5785925,1,23
19314660,0.5423383712768555,0.05635972321033478,0.64341295,0,4
19315174,0.4594697058200836,0.05559162795543671,0.2640371,1,7
19315920,0.5799112915992737,0.05426627770066261,0.72122365,0,1
19320233,0.5990169048309326,0.06384191662073135,0.5084217,1,0
19333638,0.6174197196960449,0.1765442192554474,0.34763822,1,23
19343267,0.6083565354347229,0.0635998398065567,0.51221335,1,0
19343291,0.45006099343299866,0.062411945313215256,0.30606923,1,15
19346657,0.7014029026031494,0.05425385758280754,0.72117895,0,1
19346768,0.4577370285987854,0.060737065970897675,0.22210015,1,6
19351120,0.43887996673583984,0.05392533540725708,0.32507744,0,7
19354217,0.16498446464538574,0.02611321397125721,0.44879606,1,44
19357404,0.3507302403450012,0.06211194023489952,0.3716978,1,15
19358432,0.3424794375896454,0.12468033283948898,0.413211,1,24
19359749,0.6458703279495239,0.058960095047950745,0.5423605,2,13
19360333,0.5923829674720764,0.06208907067775726,0.6806992,1,0
19361498,0.5151569247245789,0.060723673552274704,0.28592348,1,6
19365413,0.43969377875328064,0.060768209397792816,0.23774138,1,6
19386907,0.4317909777164459,0.06544170528650284,0.5242892,1,23
19391596,0.4952642619609833,0.0621708482503891,0.22450364,1,6
19391687,0.6794960498809814,0.17304743826389313,0.48615274,1,0
19391788,0.42922136187553406,0.060998957604169846,0.22973701,1,6
19393442,0.5761345624923706,0.05814201757311821,0.61690646,0,13
19394410,0.06895403563976288,0.00016962252266239375,0.6475544,2,94
19396079,0.0916365459561348,0.00016962252266239375,0.48787078,1,95
19401409,0.4470881521701813,0.05870844051241875,0.42993307,1,26
19402839,0.1473696380853653,0.031821418553590775,0.52056575,1,29
19412536,0.4388783574104309,0.06228068470954895,0.3217627,1,15
19430884,0.38459670543670654,0.06549830734729767,0.53862685,1,23
19432346,0.6851558089256287,0.05829014256596565,0.6076366,2,13
19444649,0.47271615266799927,0.16187936067581177,0.23284718,1,31
19445903,0.7607241272926331,0.1748816817998886,0.40052098,1,0
19447907,0.6367954611778259,0.061053674668073654,0.39830792,1,6
19451823,0.6036514043807983,0.1568324714899063,0.12483755,1,18
19457100,0.3735857307910919,0.06515076756477356,0.57685226,1,23
19461979,0.5564472079277039,0.528451681137085,0.18763092,0,6
19467242,0.12338792532682419,0.03149624541401863,0.53524166,1,29
19477342,0.3467904031276703,0.06480902433395386,0.5536353,1,23
19479061,0.6104790568351746,0.05913539230823517,0.5878017,2,13
19479376,0.5633216500282288,0.05814317613840103,0.5723464,0,13
19484555,0.46350839734077454,0.06094137951731682,0.22754297,1,6
19484754,0.3558376729488373,0.041966188699007034,0.3225699,1,19
19489212,0.32158899307250977,0.027342457324266434,0.59191346,1,20
19494042,0.7014029026031494,0.05425385758280754,0.72117895,0,1
19496091,0.6627100110054016,0.17245449125766754,0.22654359,1,6
19499465,0.44601455330848694,0.06106112524867058,0.30154434,1,6
19503548,0.4048859179019928,0.0647663027048111,0.6091257,1,23
19504234,0.7014029026031494,0.05425385758280754,0.72117895,0,1
19519102,0.37801679968833923,0.0650022029876709,0.5610782,1,23
19520915,0.15546341240406036,0.00016962252266239375,0.45889264,1,54
19524140,0.2619473934173584,0.04556781053543091,0.32311234,1,18
19529802,0.45925310254096985,0.06340039521455765,0.23126155,1,6
19535157,0.16311462223529816,0.026733843609690666,0.6763581,1,20
19539658,0.7079340815544128,0.06517286598682404,0.66447216,1,2
19543485,0.510739266872406,0.05788225680589676,0.694033,2,26
19544422,0.3576544523239136,0.039822082966566086,0.2721969,1,21
19546355,0.5125046372413635,0.05778352543711662,0.5274751,1,26
19549139,0.5003102421760559,0.05788731947541237,0.66553754,1,26
19552939,0.5345096588134766,0.15104593336582184,0.13465516,1,21
1955631,0.7110593914985657,0.06486569344997406,0.7781208,1,2
19564125,0.4319162368774414,0.05677732825279236,0.4752246,1,4
19570101,0.7014029026031494,0.05425385758280754,0.72117895,0,1
19584156,0.34551334381103516,0.039481885731220245,0.34366813,1,21
19588662,0.2336883693933487,0.038412291556596756,0.6207291,1,3
19607062,0.3400670886039734,0.064815953373909,0.5576736,1,23
19608617,0.6907651424407959,0.0648663118481636,0.66408163,1,2
19609221,0.524470865726471,0.04889983311295509,0.32201332,0,10
19609948,0.7246105074882507,0.0585901215672493,0.5545838,2,13
19621874,0.13411705195903778,0.03149069845676422,0.45912644,0,29
19624059,0.6287986636161804,0.07058823108673096,0.5100543,0,0
19624691,0.4980444014072418,0.03384412080049515,0.6481823,1,11
19634279,0.4909200668334961,0.05143149569630623,0.58667475,1,17
19645587,0.4428167939186096,0.06075287237763405,0.287595,1,6
19649695,0.6483389735221863,0.06521998345851898,0.371735,0,2
19650585,0.34227269887924194,0.06500499695539474,0.6245894,1,23
19661200,0.4295375645160675,0.051490556448698044,0.54755884,2,17
19664443,0.41208577156066895,0.051253627985715866,0.44385493,1,17
19667401,0.4055282175540924,0.06495124846696854,0.5515418,1,23
19667423,0.4138394892215729,0.06077734753489494,0.24526842,1,6
19670016,0.3836023509502411,0.0396079383790493,0.3594661,1,21
19679411,0.4124554991722107,0.0656215101480484,0.515347,1,23
19686924,0.5946823954582214,0.06898768991231918,0.63800514,2,13
19693207,0.6156657934188843,0.053913574665784836,0.36034328,0,7
19712980,0.2567463517189026,0.0003363994765095413,0.4777419,0,88
19720889,0.47791245579719543,0.054578397423028946,0.4998603,0,1
19722414,0.6943427920341492,0.06485657393932343,0.6319685,1,2
19725084,0.2520785331726074,0.026901952922344208,0.35393384,1,20
19732108,0.2361380159854889,0.041857168078422546,0.34993142,0,19
19739122,0.533469557762146,0.056548863649368286,0.42531475,0,4
19744614,0.47168484330177307,0.05776117369532585,0.48562273,1,26
19745574,0.6481578946113586,0.05889947712421417,0.61311173,2,13
19748714,0.7014029026031494,0.05425385758280754,0.72117895,0,1
19750906,0.32381176948547363,0.03963373601436615,0.20726039,1,21
19753032,0.08448150753974915,0.00016962252266239375,0.6167037,2,65
19757493,0.4115180969238281,0.06572362780570984,0.537368,1,23
19764560,0.6536891460418701,0.06470873206853867,0.9490527,1,2
19765005,0.3072056770324707,0.051370684057474136,0.33669856,0,31
19770634,0.5955349206924438,0.05443539470434189,0.5585623,0,1
19779229,0.4625760018825531,0.06262283027172089,0.28904384,1,15
19779249,0.3544643819332123,0.05156713351607323,0.51572645,0,17
19782176,0.40891703963279724,0.05197446420788765,0.43341166,0,17
19787521,0.736089825630188,0.5301945209503174,0.42619458,0,0
19791945,0.5288001298904419,0.058901216834783554,0.6112294,1,13
19792412,0.8066243529319763,0.16982540488243103,0.53474927,1,13
19801854,0.10914146900177002,0.026714053004980087,0.5735437,1,20
19803042,0.49044835567474365,0.04872773215174675,0.5508072,1,10
19808025,0.6263194680213928,0.06342867016792297,0.52494675,0,0
19849576,0.0736045315861702,0.00016962252266239375,0.62318397,1,96
19860841,0.40823042392730713,0.06213713809847832,0.36113897,1,15
19896151,0.49068981409072876,0.06180563569068909,0.6536822,1,0
19896681,0.439304381608963,0.06074497476220131,0.2569254,1,6
19904805,0.1835104078054428,0.0001735009136609733,0.46963435,1,97
19926939,0.41470012068748474,0.04411198943853378,0.44309112,1,16
19935554,0.3507302403450012,0.06211194023489952,0.3716978,1,15
19942754,0.3567752540111542,0.06729485839605331,0.50045145,1,23
19954665,0.3744545876979828,0.06512083858251572,0.5556531,1,23
19956215,0.3670263886451721,0.06185285374522209,0.57540435,1,0
19960087,0.7233119010925293,0.06470011174678802,0.91170263,1,2
19991155,0.49250882863998413,0.061797644942998886,0.22342058,1,6
20011468,0.4927634000778198,0.0647784024477005,0.57041186,1,23
20019278,0.6776092052459717,0.17601971328258514,0.38800102,1,23
20021195,0.48283591866493225,0.05789173021912575,0.6279471,1,26
20024547,0.6288950443267822,0.1761835515499115,0.36617795,1,23
20026791,0.3658660352230072,0.0650036409497261,0.5821171,0,23
20035061,0.41253918409347534,0.06212656944990158,0.33932832,1,15
20065266,0.4256545305252075,0.05174443498253822,0.53123665,2,17
20077017,0.4996016025543213,0.054132796823978424,0.31848913,1,7
20082550,0.35339781641960144,0.050479959696531296,0.43380708,1,31
20086401,0.31231987476348877,0.03179401159286499,0.3667828,1,29
20088940,0.21796925365924835,0.038045287132263184,0.70851505,1,3
20091551,0.733903706073761,0.05814019963145256,0.6005745,2,13
20109855,0.4173922836780548,0.0514812134206295,0.479409,1,17
20112492,0.47168484330177307,0.05776117369532585,0.48562273,1,26
20113397,0.8922779560089111,0.16984257102012634,0.5491968,1,13
20150376,0.42010271549224854,0.05425332114100456,0.5187047,1,1
20154719,0.4510343074798584,0.04383481666445732,0.46974018,0,16
20158964,0.13411705195903778,0.03149069845676422,0.45912644,1,29
20164970,0.4027009606361389,0.06525867432355881,0.55678934,1,23
20168604,0.5532630085945129,0.04875628650188446,0.6265049,0,10
20183009,0.161163330078125,0.038499291986227036,0.7694199,1,3
20195474,0.12489188462495804,0.03150266781449318,0.51607585,1,29
20199054,0.18589386343955994,0.04569920152425766,0.35716003,1,18
20199133,0.3269539475440979,0.11141093820333481,0.48425937,1,98
20203570,0.3930443823337555,0.0656123161315918,0.5492707,1,23
20205482,0.6571567058563232,0.06473097205162048,0.5992169,0,2
20210157,0.5026421546936035,0.05527312681078911,0.48756215,0,1
20214703,0.45303624868392944,0.06494223326444626,0.5654995,1,23
20220400,0.7396758794784546,0.06487137079238892,0.8271845,1,2
20234402,0.4732286334037781,0.04386287182569504,0.5437973,1,16
20236489,0.5073685646057129,0.06087617576122284,0.38461453,1,6
20244205,0.6301652193069458,0.0654660239815712,0.5657581,1,2
20253599,0.832810640335083,0.26899561285972595,0.52056926,2,13
20268544,0.7512564659118652,0.1759950965642929,0.543784,1,2
20274736,0.5030354261398315,0.16172511875629425,0.24908264,1,31
20283,0.47268736362457275,0.044248297810554504,0.42908913,1,16
20285007,0.19853489100933075,0.026877928525209427,0.6049121,1,20
20288478,0.19589322805404663,0.04544586315751076,0.33197707,1,18
20297525,0.7014029026031494,0.05425385758280754,0.72117895,0,1
20300556,0.32855844497680664,0.03949343040585518,0.34572136,1,21
20311466,0.10930246114730835,0.03150572627782822,0.5397586,1,29
20322060,0.4436838924884796,0.05426681041717529,0.2658242,1,7
20322928,0.5824660658836365,0.05773644894361496,0.64669716,0,26
20325190,0.6021748781204224,0.06316224485635757,0.5672968,1,0
20346756,0.1528218537569046,0.026737581938505173,0.59891933,1,34
20351750,0.5708121657371521,0.1448196917772293,0.4508059,1,11
20352155,0.1903192698955536,0.027409158647060394,0.35453293,0,44
20355846,0.5551581382751465,0.05860704183578491,0.64488393,2,13
20370618,0.43964993953704834,0.04859345778822899,0.53372157,1,10
20370789,0.21637451648712158,0.026715418323874474,0.5125578,0,34
20378448,0.6503660678863525,0.05847751349210739,0.55136114,2,13
20384431,0.5788854956626892,0.06477151811122894,0.81820244,1,23
20385558,0.41624560952186584,0.06479720026254654,0.6222302,1,23
20402581,0.563392162322998,0.0625314712524414,0.5702418,1,0
20411676,0.41875743865966797,0.06077554449439049,0.2836493,1,6
20414967,0.5196332931518555,0.06008989363908768,0.49110273,1,26
20417378,0.41761529445648193,0.06529926508665085,0.59150034,1,23
20418312,0.5482064485549927,0.061801083385944366,0.6951321,1,0
20420442,0.5356854200363159,0.054714303463697433,0.62378126,1,1
20466461,0.512610912322998,0.034750476479530334,0.5486539,0,11
20468744,0.3344506323337555,0.05125616863369942,0.48630285,1,17
20473453,0.2743113338947296,0.027037981897592545,0.53629905,1,34
20478132,0.5404834747314453,0.06302136927843094,0.5451833,0,0
20494264,0.6232355833053589,0.0584983304142952,0.6271319,1,13
20504742,0.5482064485549927,0.061801083385944366,0.6951321,1,0
20510315,0.3193572461605072,0.051240816712379456,0.5306783,1,17
20529138,0.28808078169822693,0.04177045822143555,0.31011105,0,19
20529281,0.4840919077396393,0.05421416088938713,0.24258111,0,7
20536317,0.4118973910808563,0.05173217132687569,0.49407256,1,17
20537065,0.37405192852020264,0.06531695276498795,0.5689719,1,23
20548784,0.5459926128387451,0.058361902832984924,0.66746765,0,26
20567161,0.3384544849395752,0.05223721265792847,0.32827133,1,31
20567252,0.19589322805404663,0.04544586315751076,0.33197707,1,18
20570095,0.27617353200912476,0.05080282315611839,0.2922076,1,31
20573668,0.5963830351829529,0.0630117729306221,0.51707876,1,0
20576509,0.5086057782173157,0.06157580390572548,0.19519472,1,6
20579309,0.23565000295639038,0.046538304537534714,0.30500475,1,18
20596035,0.41474059224128723,0.05606529489159584,0.43822703,0,4
20599451,0.08429449051618576,0.00016962252266239375,0.6202239,0,46
20607973,0.34825608134269714,0.06230337917804718,0.3487009,1,15
20613460,0.7227861881256104,0.1689932644367218,0.424891,1,26
20635870,0.42769449949264526,0.057952962815761566,0.66090286,1,26
20638270,0.812476634979248,0.16761939227581024,0.485698,1,4
20641802,0.38584595918655396,0.04571116343140602,0.20860693,1,18
20650869,0.23474836349487305,0.05051737651228905,0.41657445,1,31
20657078,0.6289847493171692,0.06424321234226227,0.5658391,1,0
20657429,0.6536891460418701,0.06470873206853867,0.9490527,1,2
20659066,0.4944690763950348,0.04905222728848457,0.5016505,1,10
20661527,0.7847065925598145,0.5198577046394348,0.37508076,0,10
20693960,0.25001516938209534,0.045753855258226395,0.34283435,1,18
20697142,0.35798168182373047,0.04173208028078079,0.45950547,1,19
20708884,0.8312489986419678,0.16958022117614746,0.42900896,1,26
20716296,0.4400530457496643,0.06477932631969452,0.6045534,1,23
20719354,0.5622149109840393,0.03588530793786049,0.5169765,1,11
20724218,0.32011836767196655,0.046262387186288834,0.2491619,1,18
20725832,0.6241568326950073,0.14482352137565613,0.5628113,1,11
20726522,0.41888707876205444,0.05156176537275314,0.4211206,1,17
20734423,0.6087923645973206,0.06619839370250702,0.49513125,1,0
20745227,0.5859739184379578,0.058346301317214966,0.5155281,1,26
20745274,0.5386684536933899,0.055562857538461685,0.4703344,0,1
20765649,0.5294384956359863,0.06141740456223488,0.29306263,1,6
20767940,0.2113063633441925,0.03840130195021629,0.714104,1,3
20771592,0.3701833486557007,0.05429444834589958,0.4951255,1,1
20775769,0.6572681665420532,0.05831069499254227,0.5638076,2,13
20780856,0.4927634000778198,0.0647784024477005,0.57041186,1,23
20782744,0.6536891460418701,0.06470873206853867,0.9490527,1,2
20788139,0.07197201251983643,0.002337220823392272,0.683642,0,14
20790544,0.7793398499488831,0.4677433669567108,0.5480074,0,55
20791477,0.7633373141288757,0.2881631553173065,0.2772704,1,23
20794585,0.587827742099762,0.17200952768325806,0.16174303,1,6
20795697,0.32910311222076416,0.027368009090423584,0.4065443,1,34
20806196,0.3582780957221985,0.04731261357665062,0.24232961,0,18
20808933,0.5546262860298157,0.062393851578235626,0.46895733,1,0
20813871,0.7014029026031494,0.05425385758280754,0.72117895,0,1
20817803,0.42090463638305664,0.05049470439553261,0.47887278,0,31
20821109,0.4927634000778198,0.0647784024477005,0.57041186,1,23
20851551,0.5096942186355591,0.054853059351444244,0.2115878,2,7
20851795,0.4117172658443451,0.045720428228378296,0.15701355,1,18
20852423,0.5907506942749023,0.05862069129943848,0.5593597,2,13
20859704,0.8875896334648132,0.2689360976219177,0.47977123,2,13
20863618,0.5997110605239868,0.05444382131099701,0.5595944,0,1
20873,0.40043410658836365,0.04860646277666092,0.48539424,1,10
20893623,0.3946666717529297,0.06528259813785553,0.5133376,1,23
20920377,0.5357773303985596,0.0558239184319973,0.55965376,0,1
20928893,0.6262232065200806,0.0594804510474205,0.47862217,0,26
20961576,0.5244669318199158,0.05425656586885452,0.5325752,1,1
20974633,0.4193757176399231,0.06099017336964607,0.25202632,1,6
20974986,0.08014058321714401,0.013023080304265022,0.54762393,1,24
20978193,0.3062463402748108,0.050484851002693176,0.4209444,1,31
20993726,0.9001868963241577,0.2808493375778198,0.3675785,1,26
21001897,0.4892493784427643,0.061952222138643265,0.6304409,1,0
21018685,0.4789651334285736,0.06093600019812584,0.18673958,1,6
21030225,0.43477314710617065,0.061847809702157974,0.62122416,1,0
2103501,0.06545456498861313,0.012854800559580326,0.65553796,1,24
21044126,0.5535877346992493,0.05753333866596222,0.45802167,0,1
21053220,0.8050622940063477,0.16581815481185913,0.37898707,1,1
21060795,0.6288950443267822,0.1761835515499115,0.36617795,1,23
21062689,0.38999319076538086,0.15896593034267426,0.136634,1,18
21069104,0.7425587773323059,0.06472638249397278,0.8735529,1,2
21072539,0.43849340081214905,0.054105136543512344,0.2862445,1,7
21081275,0.193527951836586,0.02688765712082386,0.5871937,1,20
21085123,0.4187237024307251,0.06181589886546135,0.58525825,1,0
21093392,0.6144030690193176,0.06648199260234833,0.5001795,1,0
21128914,0.07139507681131363,2.3927235815790482e-05,0.64736706,1,48
21145162,0.41474059224128723,0.05606529489159584,0.43822703,0,4
21146733,0.4431198835372925,0.05608362331986427,0.46392366,0,4
21161755,0.5349848866462708,0.04379567876458168,0.5126393,0,16
21165967,0.49450427293777466,0.05444088578224182,0.29998702,0,7
21170661,0.6188156008720398,0.0648641586303711,0.46068993,1,2
21175294,0.6545557975769043,0.52311110496521,0.18237187,0,7
21177451,0.5267484784126282,0.03351912647485733,0.79666543,1,11
21187585,0.6776092052459717,0.17601971328258514,0.38800102,1,23
2119161,0.23507468402385712,0.038035448640584946,0.70015025,1,3
21192419,0.4155115485191345,0.49452945590019226,0.31718954,0,34
21193380,0.42652246356010437,0.05424804612994194,0.34496993,1,7
21193728,0.550279438495636,0.06158139929175377,0.24111414,1,6
21203278,0.7053003907203674,0.27394118905067444,0.1255221,1,31
21204595,0.6900147199630737,0.06494515389204025,0.7044954,1,2
21207933,0.09332839399576187,0.012802216224372387,0.6476297,1,24
21219434,0.6144773364067078,0.1651650369167328,0.14831002,1,7
21222599,0.48225197196006775,0.05507596209645271,0.4760221,0,1
21231872,0.5486620664596558,0.05425727739930153,0.739979,1,1
21237512,0.6147241592407227,0.06332124769687653,0.48748776,1,0
21242674,0.5603413581848145,0.05447493493556976,0.5681886,0,1
21248230,0.42524945735931396,0.04411087557673454,0.55041003,0,16
21249293,0.3745170533657074,0.051599450409412384,0.5222196,0,17
21250871,0.09603894501924515,0.00016962252266239375,0.5726807,1,42
21261486,0.1916852742433548,0.0324237197637558,0.43060437,1,29
21266715,0.6248151659965515,0.06455790996551514,0.57869387,1,0
21269579,0.4221016764640808,0.06098572164773941,0.24851498,1,6
21278729,0.7601218819618225,0.5114412307739258,0.3864818,0,16
21282497,0.6774591207504272,0.14474962651729584,0.46900868,1,11
21303582,0.23600263893604279,0.04578245431184769,0.29150844,1,18
21326273,0.5440773367881775,0.054242756217718124,0.56901264,1,1
21327648,0.733903706073761,0.05814019963145256,0.6005745,2,13
21345004,0.4447624385356903,0.13768869638442993,0.13462992,1,44
21348792,0.25673508644104004,0.027875607833266258,0.49453393,0,20
21351802,0.4400530457496643,0.06477932631969452,0.6045534,1,23
21352055,0.6351156830787659,0.5301141738891602,0.26277602,0,0
21362085,0.4200631082057953,0.06542934477329254,0.5180082,1,23
21368708,0.5817472338676453,0.1760171502828598,0.3893015,1,23
21371439,0.3992464542388916,0.06497733294963837,0.60032207,1,23
21372580,0.4123055636882782,0.06494927406311035,0.59257674,1,23
21377185,0.3328632116317749,0.03975486755371094,0.30485776,0,21
21381690,0.6119292974472046,0.05637194588780403,0.5609799,1,4
21395752,0.694518506526947,0.05829142406582832,0.5588749,2,13
2140491,0.17583222687244415,0.0016782357124611735,0.6150454,0,5
21406735,0.09740424156188965,0.00016962252266239375,0.58974373,0,99
21408157,0.1969224363565445,0.05072133243083954,0.3997368,1,31
21408711,0.2103852480649948,0.041645973920822144,0.3609747,1,19
21413138,0.21231164038181305,0.03197753056883812,0.4697092,0,29
21421864,0.4189165234565735,0.045582082122564316,0.12792781,1,18
21425652,0.4423430263996124,0.048604756593704224,0.5271394,1,10
21428883,0.5785631537437439,0.05817221850156784,0.5080524,0,13
21437676,0.45303624868392944,0.06494223326444626,0.5654995,1,23
21454987,0.569420337677002,0.06350552290678024,0.49943167,1,0
21463619,0.07415042072534561,4.3496107537066564e-05,0.68787646,1,14
21470154,0.7014029026031494,0.05425385758280754,0.72117895,0,1
21475280,0.21667516231536865,0.1238924190402031,0.4891478,1,24
21476327,0.09546850621700287,0.025829138234257698,0.5831085,1,44
21488707,0.09175242483615875,0.012865457683801651,0.6826989,1,24
21491565,0.20929868519306183,0.04571649059653282,0.3690105,1,18
21494085,0.5358371734619141,0.0620960034430027,0.67866546,1,0
21499200,0.46370571851730347,0.044022783637046814,0.42400938,1,16
21501777,0.4758014380931854,0.048575259745121,0.5279945,0,10
21526244,0.08700298517942429,0.013344861567020416,0.6948965,1,24
21543550,0.09175242483615875,0.012865457683801651,0.6826989,1,24
21548052,0.5304868221282959,0.05456359684467316,0.42088816,0,1
21550185,0.6073890328407288,0.06318267434835434,0.5613953,1,0
21554726,0.6178027391433716,0.05425361171364784,0.7659825,1,1
21583614,0.25305843353271484,0.05065475404262543,0.3580062,1,31
21588987,0.5047022700309753,0.05622364953160286,0.35245448,0,4
21590617,0.443981796503067,0.0652700811624527,0.6030311,1,23
21599056,0.7434182167053223,0.06518835574388504,0.3975029,0,2
21624641,0.5193080306053162,0.05390329286456108,0.18486568,1,7
21625645,0.10710816830396652,0.00016962252266239375,0.4611159,1,100
21640610,0.5210641622543335,0.06124346703290939,0.17420986,1,6
21644106,0.6632065176963806,0.1733524650335312,0.5152363,1,0
21653078,0.11714943498373032,0.013193094171583652,0.5885243,1,24
21654561,0.6114957928657532,0.06239006668329239,0.5578228,1,0
21661811,0.0809374675154686,0.0004121518286410719,0.6136391,1,86
21664865,0.4207150340080261,0.0440206304192543,0.42681846,1,16
21672624,0.26664769649505615,0.027021164074540138,0.5359767,1,34
21676304,0.4007185101509094,0.06304790824651718,0.33885673,1,15
21702193,0.7017072439193726,0.16595502197742462,0.41857454,1,1
21706932,0.07011923938989639,0.012678285129368305,0.7223997,1,24
21710124,0.465203195810318,0.06523271650075912,0.6705681,1,23
21711002,0.4715871512889862,0.058176182210445404,0.56509924,1,13
21712968,0.13703949749469757,0.03152617812156677,0.59355223,1,29
21719730,0.7014029026031494,0.05425385758280754,0.72117895,0,1
21730822,0.4312892556190491,0.15664899349212646,0.19184013,1,18
21733345,0.37228482961654663,0.06794601678848267,0.5222298,0,23
21742949,0.48391664028167725,0.05815058574080467,0.6035244,2,13
21747701,0.6105822324752808,0.17670293152332306,0.29135877,1,23
21749388,0.42061516642570496,0.1572209745645523,0.08636148,1,18
21764132,0.5922672152519226,0.05475735291838646,0.54500484,0,1
21765190,0.459648996591568,0.06110800802707672,0.21856667,1,6
21781613,0.3151857554912567,0.49913883209228516,0.27175808,0,29
21789095,0.5099364519119263,0.06194625422358513,0.683789,1,0
21797153,0.548912763595581,0.05638408288359642,0.5440143,1,4
21798081,0.49252986907958984,0.06229497119784355,0.59693825,1,0
21800616,0.22603534162044525,0.02671024762094021,0.57160294,1,34
21808399,0.4941677153110504,0.05446377024054527,0.49355093,1,1
21808591,0.35045915842056274,0.05087430775165558,0.41506496,0,31
21812403,0.5848507881164551,0.06313736736774445,0.4912006,1,0
21818817,0.25566399097442627,0.11141093820333481,0.39530888,1,100
21819083,0.543189525604248,0.06226184219121933,0.6294131,1,0
21819639,0.46013936400413513,0.062127385288476944,0.6136103,1,0
21832091,0.09322530776262283,0.013587037101387978,0.6613492,1,24
21838881,0.7307122945785522,0.27320900559425354,0.35057083,2,0
21841080,0.4654165208339691,0.05802623927593231,0.49286017,1,26
21841872,0.6130396723747253,0.16265510022640228,0.27698126,1,17
21842565,0.8072932958602905,0.16968806087970734,0.53721744,1,13
21845131,0.4259001612663269,0.033769093453884125,0.6584374,0,11
21852268,0.4138394892215729,0.06077734753489494,0.24526842,1,6
21865855,0.6833224892616272,0.5243126749992371,0.38998118,0,4
21870772,0.6161096692085266,0.14605972170829773,0.45164412,1,11
21875520,0.3345646262168884,0.039777711033821106,0.3057513,1,21
21878443,0.7252101898193359,0.0584445595741272,0.6257216,2,13
21890179,0.5088304281234741,0.04898446053266525,0.5560104,1,10
21897900,0.4143093526363373,0.056442342698574066,0.39807943,0,4
21908551,0.5480795502662659,0.5059809684753418,0.44418615,0,3
21924231,0.467153400182724,0.5097528100013733,0.22866279,0,19
21960339,0.09308594465255737,0.012636548839509487,0.7130293,1,24
21969601,0.3500441908836365,0.06499959528446198,0.5856249,1,23
21996162,0.45034265518188477,0.05143970623612404,0.48087156,1,17
22025346,0.31136494874954224,0.03353160247206688,0.5894887,1,11
22025998,0.383587509393692,0.1381576657295227,0.3765827,1,34
22026917,0.4613324999809265,0.06495078653097153,0.6220761,1,23
22026974,0.5977191925048828,0.0628615990281105,0.5501062,0,0
22027704,0.3514033854007721,0.06236344948410988,0.379359,1,15
22028219,0.4902108311653137,0.22265225648880005,0.50638884,1,78
22035170,0.35812753438949585,0.053935837000608444,0.35979775,0,7
22039728,0.4304195046424866,0.054402176290750504,0.56254566,1,1
22040276,0.3884766101837158,0.15798981487751007,0.089294106,1,18
22043224,0.4551865756511688,0.05404973775148392,0.35704356,1,7
22043768,0.554183304309845,0.06225820258259773,0.6695293,1,0
22052371,0.4186874032020569,0.06478296965360641,0.67314696,0,23
22059105,0.4708274006843567,0.06073338910937309,0.25217113,1,6
22069883,0.5979738235473633,0.17371270060539246,0.1200297,1,15
22071998,0.1793545037508011,0.045410312712192535,0.37092867,1,18
22078338,0.5093626976013184,0.039470374584198,0.51073134,1,21
2207861,0.49296823143959045,0.05639546737074852,0.545158,0,4
22094377,0.34083253145217896,0.0647936686873436,0.57548493,1,23
22098829,0.07216352969408035,0.012659156695008278,0.70168984,1,24
22104014,0.17967526614665985,0.026958519592881203,0.41192868,0,44
22108726,0.4408392906188965,0.06495237350463867,0.63248926,1,23
22115490,0.6279028058052063,0.5296043753623962,0.5578197,0,0
22120173,0.5200831294059753,0.062272120267152786,0.5000166,1,0
22123886,0.33280712366104126,0.03966294974088669,0.19334075,1,21
22126862,0.5012930631637573,0.061809491366147995,0.64256364,1,0
22133603,0.4652784466743469,0.06073639914393425,0.25389403,1,6
22147816,0.19557012617588043,0.02692742832005024,0.5653866,1,34
22168649,0.382272869348526,0.05611143633723259,0.40761322,1,4
22169218,0.2625575065612793,0.051710717380046844,0.38099292,1,31
22174265,0.43005144596099854,0.054100994020700455,0.2665265,1,7
22183550,0.0736045315861702,0.00016962252266239375,0.62318397,1,96
22192769,0.4344260096549988,0.062288798391819,0.31736177,1,15
22198749,0.41474059224128723,0.05606529489159584,0.43822703,0,4
22210647,0.11821217089891434,0.0002699491451494396,0.5879447,1,88
22210679,0.07069886475801468,0.00016962252266239375,0.6392914,1,101
22211080,0.5093103051185608,0.06296704709529877,0.56806594,1,0
22216682,0.07952624559402466,7.859543256927282e-05,0.62634104,1,76
22217321,0.3360232412815094,0.026706764474511147,0.66714,0,20
22229716,0.467022567987442,0.0520450659096241,0.48686433,1,17
22231178,0.45008429884910583,0.05172041803598404,0.5080418,0,17
22239541,0.3791755437850952,0.06513313204050064,0.560573,1,23
22242176,0.5043824911117554,0.060157954692840576,0.5254347,1,26
22242395,0.4514649212360382,0.060736678540706635,0.22156306,1,6
22245744,0.498708039522171,0.060898397117853165,0.20605466,1,6
22270734,0.12805761396884918,2.1478152120835148e-05,0.57588303,1,88
22271534,0.5804702043533325,0.05809786170721054,0.672032,1,26
22284693,0.7029348015785217,0.15521712601184845,0.36872712,1,16
22295588,0.6035197377204895,0.05845530331134796,0.5653676,2,13
22297849,0.07816158980131149,0.00016962252266239375,0.6236949,0,93
22299209,0.1081397607922554,0.013142531737685204,0.52988476,1,24
22303562,0.6091543436050415,0.06171465292572975,0.60148174,2,13
22317106,0.6536891460418701,0.06470873206853867,0.9490527,1,2
2232381,0.3789295256137848,0.056115999817848206,0.40226737,1,4
22324656,0.29790911078453064,0.045562759041786194,0.2508724,1,18
22327443,0.4138704836368561,0.06477583944797516,0.6004611,1,23
22341818,0.4400530457496643,0.06477932631969452,0.6045534,1,23
22343542,0.7801232933998108,0.1692986786365509,0.40784568,1,26
22343946,0.39514514803886414,0.062146734446287155,0.38469866,1,15
22358960,0.3623583912849426,0.03967271372675896,0.24353667,1,21
22372182,0.7399802207946777,0.06489001959562302,0.68943816,1,2
22382483,0.4577473998069763,0.06133071705698967,0.20858301,1,6
22384688,0.49367833137512207,0.04908757284283638,0.4653459,1,10
22399021,0.605499267578125,0.14494703710079193,0.39292932,1,11
22400810,0.5175070762634277,0.05637753754854202,0.47594061,0,4
22403779,0.5692676901817322,0.054245948791503906,0.54020005,0,1
22425685,0.08151478320360184,0.01330640260130167,0.68111587,1,24
22428105,0.4008021056652069,0.044134385883808136,0.4313757,1,16
22428125,0.386456161737442,0.04859282448887825,0.4508214,1,10
22432632,0.5670463442802429,0.17603793740272522,0.34922075,1,23
2243311,0.39473652839660645,0.06250227242708206,0.33998674,1,15
22443806,0.5785631537437439,0.05817221850156784,0.5080524,0,13
22450755,0.4060583710670471,0.06515991687774658,0.5883773,1,23
22455366,0.42165541648864746,0.06478947401046753,0.65120345,1,23
22455413,0.42529231309890747,0.05126058682799339,0.52118564,1,17
22461427,0.7412548065185547,0.09311269968748093,0.84360766,0,1
22463905,0.5368977785110474,0.05819360166788101,0.7522307,1,26
22470620,0.4400530457496643,0.06477932631969452,0.6045534,1,23
22489157,0.618586003780365,0.054410092532634735,0.5803694,0,1
22495490,0.08547842502593994,3.0453000363195315e-05,0.6971906,1,35
22498142,0.6846156716346741,0.06474284827709198,0.64596343,1,2
22523228,0.6293427348136902,0.06314190477132797,0.6263995,1,0
22545389,0.09830524027347565,0.0004121518286410719,0.5180321,1,102
22546379,0.7396791577339172,0.16994747519493103,0.5140518,1,26
22547653,0.47175759077072144,0.06225568801164627,0.29933035,1,15
22550427,0.4224202036857605,0.06481257826089859,0.5866141,1,23
22552819,0.43482673168182373,0.06210476905107498,0.3249517,1,15
22554654,0.6481264233589172,0.17662647366523743,0.4903885,1,23
22559810,0.46853676438331604,0.06194830685853958,0.72355187,1,0
22570815,0.10107855498790741,9.783808491192758e-05,0.6054882,1,28
22574003,0.35540494322776794,0.05213414505124092,0.47525075,0,17
22578352,0.4658089280128479,0.05562795698642731,0.24985178,0,7
22599782,0.7014029026031494,0.05425385758280754,0.72117895,0,1
22604125,0.4742448329925537,0.049134258180856705,0.51407886,2,10
22606755,0.07300276309251785,0.0,0.687296,1,27
22613561,0.6596879959106445,0.058299001306295395,0.5549442,2,13
22629285,0.32777076959609985,0.06509995460510254,0.5564833,1,23
22629977,0.38494524359703064,0.16176031529903412,0.2643869,1,31
2264811,0.38855835795402527,0.056533753871917725,0.42181093,1,4
22668964,0.2231135219335556,0.05052006244659424,0.38751128,1,31
22673770,0.6022093296051025,0.17602135241031647,0.420177,1,23
22675994,0.4620029926300049,0.054086942225694656,0.29262516,0,7
22694068,0.587827742099762,0.17200952768325806,0.16174303,1,6
22698646,0.43712955713272095,0.061815377324819565,0.6069184,0,0
22701625,0.6115976572036743,0.057880982756614685,0.5991416,1,26
22738931,0.4144037067890167,0.0647849515080452,0.6548658,1,23
22744477,0.20062367618083954,0.038055360317230225,0.7233415,1,3
22746133,0.35812753438949585,0.053935837000608444,0.35979775,0,7
22746993,0.5485010147094727,0.05773496255278587,0.56559783,1,26
22747266,0.5000295042991638,0.057238392531871796,0.4987334,1,4
22750634,0.4373955726623535,0.06076431646943092,0.2431656,1,6
22778375,0.5603026151657104,0.054921552538871765,0.5185187,0,1
22794532,0.07339425384998322,0.012627282179892063,0.69836533,1,24
22810726,0.2890612781047821,0.041937775909900665,0.31735027,1,19
22811603,0.16143827140331268,0.02676527388393879,0.6079018,1,34
22816200,0.09672529250383377,0.0005131649668328464,0.6079324,1,103
22821611,0.3904728293418884,0.05442343279719353,0.51519823,1,1
22832829,0.18757857382297516,0.03212486580014229,0.40224567,1,29
22836014,0.46900674700737,0.0607369989156723,0.24816915,1,6
22875636,0.39806070923805237,0.06549771130084991,0.58663267,1,23
22888911,0.7742875814437866,0.1655300110578537,0.7057613,1,1
22890237,0.37896668910980225,0.06497252732515335,0.544717,1,23
2289831,0.50490403175354,0.048771344125270844,0.55531037,1,10
22918836,0.3293241858482361,0.03835253417491913,0.64964837,0,3
22942992,0.5128622055053711,0.06494034081697464,0.6775142,1,23
22951944,0.6212511658668518,0.06364477425813675,0.48634493,1,0
22952068,0.38036444783210754,0.06494443863630295,0.53670645,1,23
229523,0.700080156326294,0.06562156975269318,0.57106495,1,2
22955009,0.5782949924468994,0.06414603441953659,0.4231486,2,0
22955144,0.7014029026031494,0.05425385758280754,0.72117895,0,1
22975077,0.3948588967323303,0.051406633108854294,0.3404871,1,31
2298661,0.45752328634262085,0.05080720782279968,0.449861,1,31
23015762,0.5220131278038025,0.05955667421221733,0.5565901,2,13
23016489,0.300970196723938,0.050683800131082535,0.4114695,1,31
23076156,0.6431460976600647,0.17305123805999756,0.53493303,1,0
23091045,0.4025888741016388,0.06496907770633698,0.5883653,1,23
23102115,0.5589919686317444,0.06303171813488007,0.56847554,1,0
23103935,0.7213249802589417,0.06471171975135803,0.7475561,1,2
23130671,0.5189880728721619,0.057736948132514954,0.7889878,1,26
23132210,0.4472925364971161,0.06201606243848801,0.60934,1,0
23134293,0.08026207983493805,0.012818427756428719,0.606902,1,24
23135992,0.587528645992279,0.06447473168373108,0.5326226,1,0
23142308,0.8843181729316711,0.533165693283081,0.4848195,0,2
23155139,0.07464653998613358,2.2364352844306268e-05,0.66509473,1,14
23160361,0.45712822675704956,0.12533533573150635,0.24656625,1,24
23173341,0.4512605369091034,0.06581231206655502,0.5728273,1,23
23174831,0.6802360415458679,0.17335645854473114,0.45679557,1,0
23175674,0.5754687190055847,0.17737074196338654,0.36040348,1,23
23186374,0.20213007926940918,0.04545164480805397,0.35039282,1,18
23192594,0.40919017791748047,0.0658104419708252,0.61605984,0,23
23200315,0.4373457133769989,0.043859124183654785,0.4655372,1,16
23202105,0.09546850621700287,0.025829138234257698,0.5831085,1,44
23206952,0.27255916595458984,0.06481762230396271,0.56741637,1,23
23208011,0.5599525570869446,0.17625556886196136,0.38498425,1,23
23218852,0.5769029259681702,0.06320562958717346,0.4011338,1,0
23219721,0.7014029026031494,0.05425385758280754,0.72117895,0,1
23225221,0.593426525592804,0.0650022104382515,0.55229676,1,0
23231036,0.7341238260269165,0.524069607257843,0.3775294,0,4
23236261,0.09610096365213394,0.0002632620744407177,0.60185724,1,103
23240683,0.40340906381607056,0.06184803321957588,0.59166944,1,0
23256816,0.4352204501628876,0.06492196023464203,0.63752645,1,23
23281198,0.4415971338748932,0.0649290457367897,0.6486627,1,23
23294276,0.43969377875328064,0.060768209397792816,0.23774138,1,6
23299628,0.4189406931400299,0.06213030964136124,0.37551603,1,15
23300429,0.3328055143356323,0.027974631637334824,0.38833266,1,34
23307551,0.3320596218109131,0.06505455821752548,0.56994206,1,23
23317513,0.6050790548324585,0.17413973808288574,0.14209762,1,15
23335036,0.5134530663490295,0.05735557898879051,0.52342397,0,4
23344327,0.6145032644271851,0.06543069332838058,0.5340984,1,0
23345629,0.3422057330608368,0.06481660157442093,0.5640591,1,23
23367105,0.693545937538147,0.06510461121797562,0.60964197,0,2
23381383,0.0,7.390994869638234e-05,0.6333097,1,84
23387073,0.7014029026031494,0.05425385758280754,0.72117895,0,1
23390357,0.32735246419906616,0.065013088285923,0.6025449,1,23
23411888,0.37836185097694397,0.06478555500507355,0.6025449,1,23
23419128,0.42985376715660095,0.04555901512503624,0.29135302,1,18
23420295,0.3810482919216156,0.06508778035640717,0.61652786,1,23
23425876,0.4163457453250885,0.06210753694176674,0.35466444,1,15
23428392,0.08711425960063934,0.00016962252266239375,0.60614836,1,83
23436744,0.393481582403183,0.06183290854096413,0.59011525,1,0
23440812,0.5625907182693481,0.1760542392730713,0.35504702,1,23
23456569,0.11371561884880066,4.1709619836183265e-05,0.5995901,1,88
23460768,0.45518967509269714,0.06040042266249657,0.48574495,0,26
23469104,0.14427416026592255,0.026188625022768974,0.56510365,1,44
23480093,0.5773777365684509,0.04495707526803017,0.51709825,0,16
23485991,0.6301996111869812,0.06348053365945816,0.5156224,1,0
23491643,0.37307295203208923,0.06478533148765564,0.60961497,1,23
23509707,0.5189880728721619,0.057736948132514954,0.7889878,1,26
23514314,0.6536891460418701,0.06470873206853867,0.9490527,1,2
23516386,0.43505701422691345,0.06240968778729439,0.37142637,1,15
23538058,0.3410107493400574,0.06481614708900452,0.5555876,1,23
23542242,0.45396652817726135,0.034088294953107834,0.6204776,0,11
23546586,0.560342013835907,0.043955545872449875,0.6092125,1,16
23553485,0.8859657645225525,0.2687804400920868,0.59306383,2,13
23558839,0.3872711956501007,0.06494215130805969,0.57164633,1,23
23569466,0.4915700852870941,0.058701369911432266,0.5006675,1,26
23585963,0.6186844110488892,0.17334842681884766,0.12766612,1,15
23602061,0.5875952839851379,0.17200563848018646,0.18893097,1,6
23622398,0.4692629277706146,0.05607083812355995,0.47937936,0,4
23626294,0.5825977325439453,0.05447639152407646,0.6302301,0,1
23654898,0.6308581829071045,0.14476051926612854,0.50745595,1,11
23662170,0.12212677299976349,0.000399850367102772,0.48472872,1,85
23664562,0.4692181944847107,0.06182010844349861,0.68602246,1,0
23678749,0.28109288215637207,0.05101856589317322,0.3178998,1,31
23679184,0.27300772070884705,0.05051355063915253,0.34760723,0,31
23686201,0.41474059224128723,0.05606529489159584,0.43822703,0,4
23689320,0.7499873042106628,0.17379912734031677,0.5268884,1,0
23713679,0.43166738748550415,0.05430753529071808,0.46246907,1,1
23741758,0.2883811593055725,0.0416010320186615,0.33589533,0,19
23756767,0.37836185097694397,0.06478555500507355,0.6025449,1,23
23769455,0.5376712679862976,0.06255584955215454,0.6140199,1,0
23793502,0.3609181344509125,0.06501271575689316,0.6113773,1,23
23799941,0.08579288423061371,0.00016962252266239375,0.6030253,1,104
23802496,0.22603534162044525,0.02671024762094021,0.57160294,0,34
23807441,0.4266841411590576,0.06500029563903809,0.65331113,0,23
23815405,0.37764623761177063,0.06512654572725296,0.58315367,1,23
23832567,0.4927634000778198,0.0647784024477005,0.57041186,1,23
23840343,0.4574962854385376,0.06180602312088013,0.619782,1,0
2384071,0.9173306226730347,0.20791132748126984,0.7205015,1,2
23841181,0.6057390570640564,0.06269703060388565,0.5750466,1,0
23842725,0.40670573711395264,0.062127623707056046,0.3548792,1,15
23843209,0.2235688865184784,0.0268930122256279,0.5451514,1,34
23845287,0.35823696851730347,0.051619164645671844,0.546358,2,17
23855565,0.4392200708389282,0.04858121648430824,0.48994616,2,10
23863891,0.5892583131790161,0.17624607682228088,0.35393208,1,23
23875013,0.45643627643585205,0.05507740378379822,0.49068385,1,1
23875971,0.3521588444709778,0.0316849909722805,0.27469024,0,29
23877922,0.7665413022041321,0.06486142426729202,0.7141549,1,2
23882885,0.4138704836368561,0.06477583944797516,0.6004611,1,23
23885448,0.631852388381958,0.06810790300369263,0.5107964,1,0
23889215,0.32498279213905334,0.062107186764478683,0.35689744,1,15
23906713,0.29343730211257935,0.0648026242852211,0.5870786,1,23
23912636,0.3223949074745178,0.033746328204870224,0.5897756,1,11
23932171,0.33085325360298157,0.06480838358402252,0.5848265,1,23
23933453,0.42010271549224854,0.05425332114100456,0.5187047,1,1
23948231,0.8176565170288086,0.287261039018631,0.35180223,1,23
23966837,0.47521674633026123,0.061812181025743484,0.6516706,2,0
23967016,0.08173342049121857,0.00016962252266239375,0.6296093,1,73
23974256,0.21436254680156708,0.027586016803979874,0.536613,0,20
23986984,0.4875800907611847,0.05499882251024246,0.21872164,1,7
24000375,0.42536306381225586,0.06181609630584717,0.60075825,1,0
24008715,0.1460089385509491,0.03149329870939255,0.4717664,0,29
24060334,0.3607805371284485,0.06636398285627365,0.4956272,1,23
24068931,0.44980552792549133,0.13864625990390778,0.3332886,1,20
24119191,0.07224193215370178,9.783808491192758e-05,0.63116306,1,70
24120763,0.5491887927055359,0.054740551859140396,0.5439408,1,1
24127258,0.4400530457496643,0.06477932631969452,0.6045534,1,23
24129724,0.47025835514068604,0.05626523494720459,0.43631905,1,4
24130280,0.5753473043441772,0.053913459181785583,0.34394974,1,7
24141043,0.4224202036857605,0.06481257826089859,0.5866141,1,23
24153737,0.495175302028656,0.06072957068681717,0.2516092,1,6
24155868,0.0930117815732956,2.59586340689566e-05,0.5829185,1,97
24173927,0.48950284719467163,0.054075729101896286,0.24382491,1,7
24187243,0.5406812429428101,0.056549329310655594,0.47887632,0,4
24188726,0.36902114748954773,0.06513518840074539,0.56226623,1,23
24189649,0.3742836117744446,0.06481625884771347,0.6358868,1,23
24197313,0.4984264075756073,0.056680288165807724,0.48220524,1,4
24197480,0.40147748589515686,0.06213744357228279,0.3778513,1,15
24202933,0.26762521266937256,0.04160299897193909,0.37037697,0,19
24208679,0.5447003245353699,0.05853787064552307,0.6401345,0,26
24214759,0.6521183252334595,0.06493067741394043,0.6959521,0,2
24222115,0.864459216594696,0.5323538780212402,0.795028,0,2
24241212,0.8499937057495117,0.45496630668640137,0.4115855,2,11
24266032,0.24317266047000885,0.050500914454460144,0.41485465,1,31
24266846,0.7629786729812622,0.526093602180481,0.5525385,0,13
24278053,0.584834098815918,0.1764836311340332,0.3383059,1,23
24280714,0.44020354747772217,0.0652608871459961,0.5334825,1,23
24299336,0.09610096365213394,0.0002632620744407177,0.60185724,1,103
24305062,0.18845492601394653,0.0001980169181479141,0.5973151,0,5
24321605,0.2408517301082611,0.045403312891721725,0.28430372,1,18
24355110,0.7459648251533508,0.17350028455257416,0.42372423,1,0
24365037,0.39544180035591125,0.05462244153022766,0.3082221,0,7
24369882,0.6731369495391846,0.059384651482105255,0.5247431,2,13
24380688,0.6356199979782104,0.06366707384586334,0.48153397,1,0
24381592,0.09627554565668106,0.00016962252266239375,0.59219813,0,59
24400109,0.5148417949676514,0.062289975583553314,0.56565136,1,0
24401652,0.23593683540821075,0.0504920668900013,0.39768046,1,31
24415163,0.37583062052726746,0.06515290588140488,0.55482155,1,23
24422284,0.2321629375219345,0.0456346720457077,0.30538732,1,18
24437093,0.4138704836368561,0.06477583944797516,0.6004611,1,23
24447359,1.0,0.47942954301834106,0.55003715,2,13
24469669,0.45562121272087097,0.06116027757525444,0.22207315,1,6
24471813,0.671368420124054,0.0584506094455719,0.5334776,2,13
24480574,0.3980069160461426,0.06544409692287445,0.54046977,1,23
24513665,0.43969377875328064,0.060768209397792816,0.23774138,1,6
24535621,0.10623680055141449,0.0002357119374210015,0.57683814,1,97
24546595,0.5158581733703613,0.062092337757349014,0.6601749,1,0
24560098,0.4184010326862335,0.06243173032999039,0.35139486,1,15
24561360,0.6536891460418701,0.06470873206853867,0.9490527,1,2
24582434,0.3374161124229431,0.062120791524648666,0.400912,1,15
24599593,0.08507630228996277,0.00016962252266239375,0.59933156,2,105
24601153,0.41538140177726746,0.06212068349123001,0.3658423,1,15
24603879,0.6864638328552246,0.17349998652935028,0.40195608,1,0
24605719,0.4738883376121521,0.06527605652809143,0.5912067,1,23
24634969,0.5692676901817322,0.054245948791503906,0.54020005,0,1
24640763,0.4615113437175751,0.0514201745390892,0.46943554,1,17
24644259,0.6685831546783447,0.06486735492944717,0.72067195,1,2
24653118,0.4382644593715668,0.05392548814415932,0.29309407,0,7
24653768,0.1602560430765152,5.8036362133861985e-06,0.6338349,0,5
24661292,0.4295109510421753,0.05799611657857895,0.52594304,1,26
24663433,0.30117207765579224,0.04384356364607811,0.52681047,1,16
24691785,0.6536891460418701,0.06470873206853867,0.9490527,1,2
24694181,0.3882427513599396,0.06499464809894562,0.5673849,1,23
24699440,0.44190824031829834,0.0420437827706337,0.33383015,1,19
24728208,0.4784580171108246,0.05657442286610603,0.47061026,0,4
24731038,0.07553307712078094,0.00016962252266239375,0.61884946,1,106
24747785,0.4295848608016968,0.06182025000452995,0.5975555,1,0
24766695,0.5699471235275269,0.06321019679307938,0.49406102,1,0
24777860,0.589522659778595,0.16248902678489685,0.44945273,1,17
24795477,0.5022034049034119,0.0568685419857502,0.4272887,0,4
24800593,0.10531263053417206,0.00016962252266239375,0.57328427,1,39
24812917,0.3845435678958893,0.06515616923570633,0.56510985,1,23
24821116,0.426802396774292,0.06529124826192856,0.5695834,1,23
24823150,0.43708741664886475,0.0621064156293869,0.33851358,1,15
24823649,0.4425797164440155,0.06228317692875862,0.30641815,1,15
24829706,0.899456799030304,0.16898758709430695,0.80495405,1,26
24847667,0.48890671133995056,0.05637894198298454,0.37237442,0,4
24853652,0.4138704836368561,0.06477583944797516,0.6004611,1,23
24863940,0.6529733538627625,0.06180272251367569,0.77211297,2,0
24876633,0.8078106641769409,0.1656450480222702,0.4963658,1,1
24879395,0.7624468803405762,0.5258064866065979,0.40000778,0,13
24882838,0.502566397190094,0.06089898571372032,0.22052425,1,6
24886520,0.4927634000778198,0.0647784024477005,0.57041186,1,23
24889381,0.5729949474334717,0.05623892694711685,0.44770944,0,4
24902362,0.4476274847984314,0.0621100477874279,0.35793713,1,15
24902648,0.6942976117134094,0.06517446041107178,0.38891935,0,2
24906622,0.5775343179702759,0.06556512415409088,0.51856834,1,0
24910181,0.16739006340503693,0.02722526341676712,0.606925,1,34
24910814,0.48744216561317444,0.04174455255270004,0.288586,2,19
24918830,0.4637106657028198,0.054087914526462555,0.2936489,0,7
24920619,0.4881709814071655,0.062123216688632965,0.58725834,0,0
24922522,0.5135959982872009,0.05852314084768295,0.6207499,1,26
24931228,0.476017564535141,0.15283359587192535,0.20171441,1,19
24936920,0.08216851204633713,0.00016962252266239375,0.62188834,1,64
24947250,0.23882678151130676,0.041829437017440796,0.3356062,0,19
2495,0.7466697096824646,0.06684742867946625,0.45392227,1,2
24971746,0.28283044695854187,0.0457533560693264,0.20619902,1,18
24973585,0.42885568737983704,0.048598457127809525,0.49039516,1,10
24983519,0.7014029026031494,0.05425385758280754,0.72117895,0,1
24987071,0.5445497035980225,0.05829590931534767,0.68387806,2,13
25033333,0.5824660658836365,0.05773644894361496,0.64669716,0,26
25045345,0.5588079690933228,0.06225212663412094,0.55033696,1,0
25094692,0.47510477900505066,0.061812564730644226,0.63991225,1,0
25159425,0.3782867193222046,0.05125442147254944,0.49202907,1,17
25172126,0.07053115963935852,0.00016962252266239375,0.6379396,1,77
25181001,0.4144037067890167,0.0647849515080452,0.6548658,1,23
25184645,0.49976521730422974,0.05440116673707962,0.30184898,0,7
2520,0.4562009274959564,0.04174308106303215,0.45254964,1,19
25202593,0.3622415363788605,0.0624680370092392,0.33235785,1,15
25210674,0.40343567728996277,0.06494166702032089,0.58232564,1,23
25219716,0.48751863837242126,0.061963435262441635,0.73433167,1,0
25232217,0.07702817022800446,7.859543256927282e-05,0.62085086,0,79
25264350,0.45487546920776367,0.061308011412620544,0.20878227,1,6
25268947,0.4289450943470001,0.0607626736164093,0.24716358,1,6
25274236,0.09200531244277954,0.00016962252266239375,0.5730761,1,45
25281456,0.6231368184089661,0.5215554237365723,0.094244085,0,7
25283577,0.21914511919021606,0.03196195513010025,0.40727314,1,29
25293746,0.6668606996536255,0.1618802845478058,0.29890573,1,31
25343925,0.07283344864845276,9.783808491192758e-05,0.6535303,1,66
25377274,0.35405319929122925,0.04539098963141441,0.2891076,1,18
25385002,0.4576699435710907,0.056067418307065964,0.43055743,1,4
2538581,0.37860819697380066,0.4676513373851776,0.3511677,0,5
25389502,0.07269810140132904,0.00016962252266239375,0.63765,1,82
25390038,0.3516990840435028,0.06481415778398514,0.55337226,1,23
25393808,0.5422880053520203,0.06293857842683792,0.5502741,1,0
25399568,0.4194929301738739,0.04407418891787529,0.44603968,1,16
25418870,0.3231893479824066,0.06504028290510178,0.5788838,1,23
25434484,0.4989732503890991,0.04891745746135712,0.5500602,2,10
25448109,0.42165541648864746,0.06478947401046753,0.65120345,1,23
25456152,0.44025060534477234,0.06635831296443939,0.551985,1,23
25463087,0.3268946707248688,0.039516713470220566,0.3363151,1,21
25464103,0.3992464542388916,0.06497733294963837,0.60032207,1,23
25466028,0.6536891460418701,0.06470873206853867,0.9490527,1,2
25468909,0.5558860898017883,0.058954283595085144,0.5673486,1,26
25477060,0.627648651599884,0.06477086246013641,0.539748,1,2
25500750,0.5486620664596558,0.05425727739930153,0.739979,1,1
25515118,0.43708741664886475,0.0621064156293869,0.33851358,1,15
25519553,0.3987893760204315,0.06550483405590057,0.5979722,1,23
25542280,0.3730655014514923,0.0649690255522728,0.55536175,1,23
25543989,0.10229655355215073,9.783808491192758e-05,0.5595634,1,102
25546904,0.6632814407348633,0.06578288227319717,0.35610265,1,2
25552427,0.522736132144928,0.06211572140455246,0.7699061,1,0
25580589,0.47747427225112915,0.06525728851556778,0.5672308,1,23
25582095,0.42998969554901123,0.062472548335790634,0.3228458,1,15
25583120,0.43708741664886475,0.0621064156293869,0.33851358,1,15
25587988,0.6375188827514648,0.1719733029603958,0.18579511,1,6
25591977,0.5911786556243896,0.06226116791367531,0.46147236,1,0
25595093,0.3624098002910614,0.05064304918050766,0.3147059,1,31
25596413,0.07481591403484344,0.0004121518286410719,0.6386724,0,69
25602221,0.4366570711135864,0.06248881667852402,0.32846704,1,15
25618697,0.6509126424789429,0.05829180032014847,0.5858684,2,13
25621469,0.6199230551719666,0.1741752028465271,0.1591735,1,15
25624117,0.19589322805404663,0.04544586315751076,0.33197707,1,18
25638591,0.34905004501342773,0.06523523479700089,0.60577595,1,23
25652452,0.37594565749168396,0.06479299813508987,0.60091275,1,23
25652849,0.6931743621826172,0.1738096922636032,0.48441303,1,0
25663963,0.47245240211486816,0.04403148218989372,0.44354144,1,16
25670595,0.3860839307308197,0.062292054295539856,0.31689507,1,15
25671752,0.08507630228996277,0.00016962252266239375,0.59933156,2,105
25677530,0.5189880728721619,0.057736948132514954,0.7889878,1,26
25681991,0.5155296325683594,0.058719657361507416,0.26777074,1,7
25684080,0.3844206929206848,0.06247102469205856,0.37233853,1,15
25710052,0.38365480303764343,0.05610571429133415,0.4060869,1,4
25721532,0.40151548385620117,0.06231354549527168,0.3056384,1,15
25731254,0.08636081963777542,0.00016962252266239375,0.5894936,1,30
25752192,0.752463161945343,0.06487450748682022,0.79173756,1,2
25753282,0.5429612994194031,0.06209264695644379,0.4478857,1,15
25784828,0.45967599749565125,0.04486243426799774,0.4440449,1,16
25791150,0.4927634000778198,0.0647784024477005,0.57041186,1,23
25800870,0.4734756648540497,0.060733363032341,0.26107746,1,6
25803035,0.09727075695991516,0.0002665302890818566,0.6033663,1,103
25834141,0.5679687261581421,0.05625653266906738,0.44616234,0,4
25840488,0.40006542205810547,0.161758691072464,0.25858897,1,31
25841161,0.5148677229881287,0.06212301179766655,0.5589958,1,0
25847047,0.5338945984840393,0.054365694522857666,0.24661496,1,7
25850372,0.8633790016174316,0.26698270440101624,0.39380735,1,16
25861494,0.4718291163444519,0.06244857236742973,0.33690313,1,15
25889080,0.5189880728721619,0.057736948132514954,0.7889878,1,26
25916660,0.07012823224067688,0.013134168460965157,0.7117647,1,24
25920592,0.26454058289527893,0.05082935467362404,0.36573428,1,31
25929128,0.2518869638442993,0.033807553350925446,0.5845126,1,11
25933353,0.34691867232322693,0.05145817995071411,0.3811001,1,31
25935484,0.6927109360694885,0.05846376717090607,0.60855585,2,13
2594881,0.4400530457496643,0.06477932631969452,0.6045534,1,23
25964451,0.44945603609085083,0.06215488538146019,0.5994564,1,0
25967281,0.3580775856971741,0.06511766463518143,0.5511132,1,23
25967442,0.21949541568756104,0.050515126436948776,0.379247,0,31
25975653,0.5189880728721619,0.057736948132514954,0.7889878,1,26
25982406,0.23908555507659912,0.04580855742096901,0.32657054,0,18
25988864,0.23687362670898438,0.038179922848939896,0.705748,1,3
26006577,0.5391523838043213,0.058033812791109085,0.52192825,1,26
26038230,0.5127357840538025,0.043991100043058395,0.47071788,1,16
26047548,0.40440109372138977,0.051295049488544464,0.49146318,1,17
26061739,0.67250657081604,0.262103408575058,0.1207705,1,21
26061741,0.3126630187034607,0.051459215581417084,0.5111834,0,17
26082001,0.5100610256195068,0.048586584627628326,0.63363516,1,10
26086035,0.4138704836368561,0.06477583944797516,0.6004611,1,23
26089632,0.42811763286590576,0.05126256123185158,0.46995628,1,17
26090755,0.4849284887313843,0.06180628761649132,0.6590068,1,0
26094715,0.3278404474258423,0.06481755524873734,0.56810004,1,23
26128352,0.4330432415008545,0.05441385880112648,0.6050821,1,1
26245943,0.7213249802589417,0.06471171975135803,0.7475561,1,2
26250561,0.5606521964073181,0.17203164100646973,0.19031957,1,6
26267569,0.7083457112312317,0.17304250597953796,0.5452696,1,0
2628591,0.6536891460418701,0.06470873206853867,0.9490527,1,2
26287227,0.3272108733654022,0.039621490985155106,0.28723812,1,21
26310302,0.3587566912174225,0.06479350477457047,0.5874284,1,23
26336265,0.050217777490615845,0.012635940685868263,0.5999479,1,24
26336343,0.2538298964500427,0.026880452409386635,0.44411308,1,20
26338809,0.07297413051128387,3.669545549200848e-05,0.63567245,1,103
26343712,0.2632153034210205,0.026250112801790237,0.35757846,1,44
26344156,0.3654254376888275,0.06497961282730103,0.5588337,1,23
26344853,0.07592806965112686,9.783808491192758e-05,0.644976,1,63
26348935,0.5765300989151001,0.057889025658369064,0.67475516,1,26
26357006,0.4189406931400299,0.06213030964136124,0.37551603,1,15
26357737,0.7014029026031494,0.05425385758280754,0.72117895,0,1
26361292,0.41497698426246643,0.057888828217983246,0.79359907,1,26
26361561,0.31828752160072327,0.06483376026153564,0.56861854,1,23
26363100,0.3583996295928955,0.06478973478078842,0.58717865,1,23
26368568,0.41918566823005676,0.06265225261449814,0.30777267,1,15
26384168,0.07988974452018738,0.00016962252266239375,0.46202275,1,98
26389613,0.509113609790802,0.06195349991321564,0.61359656,1,0
26433072,0.6506704688072205,0.05844411626458168,0.45040473,2,13
26434364,0.37481215596199036,0.04856676980853081,0.41879773,0,10
26434435,0.30608299374580383,0.06502605229616165,0.5656598,0,23
26440043,0.3906393349170685,0.06497577577829361,0.5570554,1,23
26454650,0.4896281659603119,0.061804335564374924,0.7093063,1,0
26467174,0.5244669318199158,0.05425656586885452,0.5325752,1,1
26473619,0.4970632791519165,0.057926688343286514,0.43234673,0,4
26478351,0.33549773693084717,0.06512749195098877,0.5835146,0,23
26513550,0.6260762214660645,0.06499934196472168,0.5507116,0,2
26518245,0.7234886288642883,0.502395749092102,0.35588655,0,11
26557792,0.3707478642463684,0.06477832049131393,0.5927654,1,23
26565599,0.6816339492797852,0.16746579110622406,0.32861847,1,4
26575561,0.4432622492313385,0.048627614974975586,0.5683024,1,10
26586889,0.6637829542160034,0.05829459801316261,0.56372523,2,13
2661731,0.43281155824661255,0.05196766555309296,0.4564099,1,17
26630786,0.39109858870506287,0.06274431198835373,0.3142764,1,15
26662482,0.3857908546924591,0.0649634376168251,0.55734324,1,23
26663754,0.37716224789619446,0.06532527506351471,0.5482815,1,23
26694808,0.7014029026031494,0.05425385758280754,0.72117895,0,1
26713238,0.9447330832481384,0.2871907353401184,0.61247367,1,2
26713654,0.5012930631637573,0.061809491366147995,0.64256364,1,0
26740586,0.2883811593055725,0.0416010320186615,0.33589533,1,19
26747105,0.6025359630584717,0.06423946470022202,0.4908809,0,0
26755061,0.3955013155937195,0.06477783620357513,0.6060394,1,23
26763525,0.5808311104774475,0.15331986546516418,0.24865712,1,19
26766494,0.7675416469573975,0.27378737926483154,0.44085193,2,0
26771859,0.3730994164943695,0.06516648828983307,0.5849005,1,23
26774191,0.5364279747009277,0.04895509034395218,0.59247667,0,10
26775646,0.48938485980033875,0.060731980949640274,0.24230392,1,6
2677771,0.6619985103607178,0.06473246961832047,0.6213065,1,2
26824146,0.6774137020111084,0.5297679305076599,0.37678197,0,0
26827667,0.3829995393753052,0.039805930107831955,0.3338071,1,21
26841567,0.43622466921806335,0.06336184591054916,0.30160898,1,15
26852551,0.3637363612651825,0.06185491010546684,0.57450545,1,0
26859441,0.5319390892982483,0.0540739968419075,0.16121788,0,7
26865845,0.5207865834236145,0.15103653073310852,0.15242578,1,21
26869589,0.5002526640892029,0.05427258461713791,0.52981657,0,1
26878079,0.746486246585846,0.0647084191441536,0.761625,1,2
26885687,0.4813292920589447,0.061806268990039825,0.63860154,1,0
26899638,0.6434868574142456,0.05813836678862572,0.58556116,2,13
26909507,0.4975898861885071,0.060878001153469086,0.40209335,1,6
26911668,0.44425851106643677,0.06316562741994858,0.29308608,1,15
26926095,0.3291234076023102,0.026854349300265312,0.4569014,1,20
26943787,0.35507044196128845,0.06660643965005875,0.54110205,1,23
26945207,0.7014029026031494,0.05425385758280754,0.72117895,0,1
26950569,0.4105894863605499,0.05182721093297005,0.45872304,0,17
26951888,0.31371739506721497,0.11187351495027542,0.33029133,1,88
26960967,0.1754899024963379,0.00022359279682859778,0.61888397,0,5
26962282,0.4070257246494293,0.061848461627960205,0.5933711,1,0
26973491,0.09546850621700287,0.025829138234257698,0.5831085,1,44
26991891,0.46110060811042786,0.04872080683708191,0.5575558,0,10
26994899,0.530570924282074,0.06180039793252945,0.7113051,1,0
27005052,0.22080743312835693,0.02670975774526596,0.5794625,1,34
27014448,0.5283222794532776,0.0567135214805603,0.51414126,1,4
27015480,0.7014029026031494,0.05425385758280754,0.72117895,0,1
27041690,0.37836185097694397,0.06478555500507355,0.6025449,1,23
27051306,0.5794451236724854,0.05790059268474579,0.63565433,0,26
27060950,0.7014029026031494,0.05425385758280754,0.72117895,0,1
27067262,0.4322119951248169,0.0544109120965004,0.32720506,1,7
27068053,0.4158385992050171,0.06508997827768326,0.52838415,1,23
27077016,0.21326415240764618,0.045661553740501404,0.34737033,1,18
27093722,0.16459403932094574,0.031654246151447296,0.5031285,1,29
27097694,0.2213948369026184,0.11148251593112946,0.42821816,1,107
27107578,0.7103540897369385,0.518923282623291,0.5708449,0,17
27109599,0.477053701877594,0.5071752071380615,0.22859593,0,21
27120518,0.5694149136543274,0.05850706994533539,0.60870725,1,26
27127082,0.48165878653526306,0.04175179824233055,0.34867877,1,19
27131872,0.889683723449707,0.26938915252685547,0.5130046,2,13
27132703,0.4858565032482147,0.05479874461889267,0.5032255,1,1
27177009,0.36733925342559814,0.06478491425514221,0.6089211,1,23
27185074,0.4270666241645813,0.062278036028146744,0.30438662,1,15
27197438,0.5510337352752686,0.05654329061508179,0.48636928,1,4
27280930,0.38533732295036316,0.062287911772727966,0.32093644,1,15
27301759,0.3529994785785675,0.06546548753976822,0.583414,1,23
27304100,0.5301362872123718,0.06228652596473694,0.5301451,0,0
27325588,0.4067128598690033,0.06514865159988403,0.59791064,1,23
27362221,0.5765300989151001,0.057889025658369064,0.67475516,0,26
27366452,0.5145199298858643,0.06212795153260231,0.6118227,0,0
27371047,0.43776780366897583,0.048642031848430634,0.5587965,1,10
27384145,0.926711916923523,0.26878488063812256,0.53661835,2,13
27423405,0.4138704836368561,0.06477583944797516,0.6004611,1,23
27425310,0.4539116322994232,0.05455003306269646,0.2750817,0,7
27426369,0.6139323711395264,0.05844556912779808,0.5960376,2,13
27444001,0.36120253801345825,0.1566871851682663,0.03758251,1,18
27449131,0.42778101563453674,0.06210554391145706,0.33322263,1,15
27466659,0.5100610256195068,0.048586584627628326,0.63363516,1,10
27486099,0.40647462010383606,0.0660516619682312,0.60714644,1,23
27491648,0.18527108430862427,0.026272624731063843,0.42640668,1,44
27512951,0.7277312874794006,0.5292778611183167,0.30792585,0,4
27536246,0.20929871499538422,0.04571649059653282,0.3690105,1,18
27557882,0.6274605393409729,0.17373806238174438,0.13959363,1,15
27568464,0.08851895481348038,0.00016962252266239375,0.58647907,1,108
27573564,0.4436030387878418,0.04862600937485695,0.5686141,1,10
27578602,0.49586978554725647,0.05606735497713089,0.4721202,0,4
27597623,0.42132771015167236,0.0622662715613842,0.30996093,1,15
27600350,0.5663233399391174,0.0642104223370552,0.46021658,1,0
27603170,0.5244669318199158,0.05425656586885452,0.5325752,1,1
27630383,0.43059971928596497,0.062107108533382416,0.33182827,1,15
27646602,0.17362938821315765,0.012785426340997219,0.46742216,1,24
27649220,0.6958215832710266,0.1733606904745102,0.33197173,1,0
27654418,0.36211520433425903,0.06500846892595291,0.5615095,1,23
27662946,0.4654722809791565,0.05627937242388725,0.46121198,1,4
27663986,0.5938462018966675,0.054421182721853256,0.49675322,0,1
27667262,0.443975031375885,0.05440264567732811,0.57735664,1,1
27671298,0.4478049874305725,0.06210223585367203,0.34618318,1,15
27684535,0.07158607989549637,0.00016962252266239375,0.63711286,1,109
27696456,0.6023346781730652,0.06317316740751266,0.5016549,1,0
27706925,0.6050302386283875,0.05445583164691925,0.57826346,0,1
27713882,0.29100674390792847,0.00016962252266239375,0.5474145,1,72
27721637,0.4825536012649536,0.06073074787855148,0.23118539,1,6
27727773,0.656790018081665,0.05814681574702263,0.6260289,2,13
27732542,0.7223107218742371,0.17335811257362366,0.40442732,1,0
27750137,0.3516990840435028,0.06481415778398514,0.55337226,1,23
27750803,0.51277095079422,0.054431527853012085,0.4725466,1,1
27755928,0.4535059332847595,0.04515067860484123,0.42349264,1,16
27769800,0.3549741506576538,0.06480153650045395,0.5792239,1,23
27771549,0.539725661277771,0.05790109187364578,0.7043027,1,26
27812852,0.33944281935691833,0.06551510840654373,0.46149936,1,23
27816413,0.4950077533721924,0.518762469291687,0.18446054,0,31
27817171,0.5064230561256409,0.05819059908390045,0.53283954,1,26
2789161,0.5229635238647461,0.05448458716273308,0.5922703,1,1
27906730,0.4461263418197632,0.05665075406432152,0.41790107,0,4
27908774,0.4586835205554962,0.048746708780527115,0.4755638,1,10
27915919,0.6111208200454712,0.06258378177881241,0.48463753,1,0
27928116,0.36035406589508057,0.06479155272245407,0.5725913,1,23
27929005,0.5107510089874268,0.06195083260536194,0.8071627,2,0
27930985,0.41894975304603577,0.06076773628592491,0.23903921,1,6
27939999,0.3981040418148041,0.06229640170931816,0.29965183,1,15
28015432,0.733903706073761,0.05814019963145256,0.6005745,2,13
28057988,0.35248905420303345,0.06531074643135071,0.56350917,1,23
28077220,0.35020866990089417,0.06499818712472916,0.56407285,1,23
28112807,0.2893366813659668,0.026861844584345818,0.64841914,1,20
28134743,0.6907651424407959,0.0648663118481636,0.66408163,1,2
28136273,0.6872650384902954,0.0647457167506218,0.6911726,0,2
28157063,0.7351188063621521,0.16916286945343018,0.45920524,1,26
28170196,0.4319395124912262,0.0607486367225647,0.24313416,1,6
28170243,0.3015604317188263,0.02594318985939026,0.45473614,1,44
28185623,0.4476274847984314,0.0621100477874279,0.35793713,1,15
28188761,0.3241754472255707,0.06482718884944916,0.56609905,0,23
28264034,0.6511344909667969,0.17652300000190735,0.40066135,1,23
28281289,0.17574986815452576,0.0324639193713665,0.44789585,1,29
28311552,0.466988742351532,0.03368682041764259,0.6372665,1,11
28323866,0.4443061351776123,0.06180654093623161,0.7958188,2,0
28340503,0.5041317939758301,0.058064889162778854,0.6246089,0,26
28342587,0.6787202954292297,0.5220631957054138,0.2919366,0,1
28371222,0.497359037399292,0.06180179864168167,0.63954073,1,0
2837181,0.5295955538749695,0.062111806124448776,0.6687336,1,0
28377253,0.49468299746513367,0.05774644762277603,0.5173794,1,26
28400714,0.3629012405872345,0.06480240821838379,0.6143276,1,23
28417103,0.09263533353805542,5.9227735619060695e-05,0.59997183,1,53
28426100,0.08766040951013565,0.0005883330013602972,0.5569527,1,53
28432226,0.08851895481348038,0.00016962252266239375,0.58647907,1,108
28435172,0.2030288279056549,0.045472826808691025,0.36111417,1,18
28447324,0.6256283521652222,0.06607929617166519,0.520738,0,0
28451057,0.5879897475242615,0.17642804980278015,0.361073,1,23
28504810,0.06867710500955582,0.012666638009250164,0.7201499,1,24
28522547,0.4927634000778198,0.0647784024477005,0.57041186,1,23
28529552,0.46038010716438293,0.061120495200157166,0.21511067,1,6
28545595,0.3051120340824127,0.02598719112575054,0.48135066,0,44
28547034,0.4730924963951111,0.061261311173439026,0.20561896,1,6
28552463,0.5244669318199158,0.05425656586885452,0.5325752,1,1
28557583,0.2803153991699219,0.04590409994125366,0.28860414,1,18
28564091,0.4355440139770508,0.054614774882793427,0.26587203,1,7
28575684,0.2601427137851715,0.04160437732934952,0.32000527,0,19
28591920,0.42038625478744507,0.06273138523101807,0.33191508,1,15
28595634,0.5324205160140991,0.061943985521793365,0.72968584,1,0
28597688,0.7014029026031494,0.05425385758280754,0.72117895,0,1
28598978,0.17135582864284515,0.031841982156038284,0.46229684,1,29
28630654,0.32349494099617004,0.06539449095726013,0.55095685,1,23
28630986,0.43937399983406067,0.06230948120355606,0.665244,2,0
28643831,0.41810932755470276,0.06513166427612305,0.59682626,1,23
28644355,0.3251015543937683,0.04213583841919899,0.22597371,0,19
28666895,0.43884557485580444,0.0607493594288826,0.23296408,1,6
28676868,0.5491147637367249,0.06272144615650177,0.51468986,1,0
28682208,0.7749514579772949,0.5162273645401001,0.5278714,0,10
28685024,0.569682240486145,0.05621786043047905,0.47365448,0,4
28697421,0.08894611150026321,0.00016962252266239375,0.5967718,1,90
28701544,0.35641080141067505,0.06515327095985413,0.5620838,1,23
28726058,0.6041994690895081,0.06450934708118439,0.5478086,1,0
28736496,0.49161866307258606,0.04955756664276123,0.51420057,0,10
28738070,0.37040045857429504,0.0651664212346077,0.55285597,1,23
28744781,0.43969377875328064,0.060768209397792816,0.23774138,1,6
28750751,0.3724291920661926,0.06500779837369919,0.626419,1,23
28756867,0.09546850621700287,0.025829138234257698,0.5831085,1,44
28777454,0.4418291449546814,0.05780675262212753,0.47111595,1,26
28796772,0.40515783429145813,0.062137752771377563,0.3583175,1,15
28840182,0.3895778954029083,0.06495682895183563,0.56919193,1,23
28849272,0.4041064381599426,0.05128280073404312,0.4621423,1,17
28895291,0.4927634000778198,0.0647784024477005,0.57041186,1,23
2892601,0.46998798847198486,0.06108374148607254,0.2102674,1,6
28942852,0.45303624868392944,0.06494223326444626,0.5654995,1,23
28953592,0.4344002604484558,0.04419000819325447,0.51533014,1,16
28956393,0.41875743865966797,0.06077554449439049,0.2836493,1,6
28960268,0.46704113483428955,0.04402412474155426,0.42235202,1,16
28963222,0.42529231309890747,0.05126058682799339,0.52118564,1,17
28980262,0.43969377875328064,0.060768209397792816,0.23774138,1,6
28990533,0.19555771350860596,0.02670530043542385,0.5756598,1,20
28992823,0.40547847747802734,0.06477635353803635,0.6354112,0,23
29001162,0.37309980392456055,0.06477615237236023,0.5977933,1,23
29028679,0.3167099952697754,0.06483840942382812,0.57156134,1,23
29075225,0.5133466720581055,0.04907286539673805,0.47616687,0,10
29089902,0.08920495212078094,0.0005883330013602972,0.6003119,0,53
29096237,0.4217083752155304,0.06481088697910309,0.62078977,1,23
29100809,0.09113304316997528,0.025805316865444183,0.4977982,1,44
29103015,0.07572006434202194,0.00016962252266239375,0.62420726,1,110
29109370,0.4949265122413635,0.05420893058180809,0.27996925,1,7
29118055,0.5862484574317932,0.06238623335957527,0.6090398,1,0
29121289,0.6437515020370483,0.05844198539853096,0.5823987,2,13
29138884,0.15635938942432404,0.02614310197532177,0.47789067,1,44
29144914,0.42469334602355957,0.06212199106812477,0.40194854,1,15
29147311,0.8288038372993469,0.17618510127067566,0.59795403,1,2
29159786,0.4115704596042633,0.05130012705922127,0.43446773,0,31
29162413,0.27474427223205566,0.04180312901735306,0.28477442,1,19
29171615,0.4893574118614197,0.05157927796244621,0.5157216,1,17
29186233,0.5062082409858704,0.05909987911581993,0.42802286,1,26
29202957,0.43708741664886475,0.0621064156293869,0.33851358,1,15
29308780,0.6704545617103577,0.16550037264823914,0.39352885,1,1
29324811,0.2030288577079773,0.045472826808691025,0.36111417,1,18
29378681,0.42994818091392517,0.06299542635679245,0.2860045,1,15
29383902,0.09546850621700287,0.025829138234257698,0.5831085,1,44
29388899,0.4031777083873749,0.0399630144238472,0.21344312,1,21
29396184,0.18741877377033234,0.031851958483457565,0.40450656,1,29
29398810,0.3554888069629669,0.06479739397764206,0.5877397,1,23
29461507,0.4770066440105438,0.0649319440126419,0.66930705,1,23
29465688,0.07300276309251785,0.0,0.687296,1,27
29468405,0.09405159950256348,0.025819765403866768,0.5056578,0,44
29475431,0.5259679555892944,0.06194909289479256,0.62819195,1,0
29480440,0.1081964448094368,0.03152084723114967,0.5409652,0,29
29488715,0.4400530457496643,0.06477932631969452,0.6045534,1,23
29511324,0.34217873215675354,0.06480149924755096,0.58024186,1,23
29555433,0.47501784563064575,0.06180992349982262,0.701905,1,0
29591647,0.25395965576171875,0.027374984696507454,0.49005687,1,34
29596691,0.2883811593055725,0.0416010320186615,0.33589533,0,19
29613217,0.2541095018386841,0.11130054295063019,0.39310685,1,53
29620256,0.6610009074211121,0.06045856326818466,0.56262356,2,13
29630488,0.6374386548995972,0.05441643297672272,0.62022877,0,1
29650713,0.07124482095241547,0.00016962252266239375,0.63564944,1,58
29692115,0.5070655345916748,0.06180308759212494,0.66493446,1,0
29698402,0.5587075352668762,0.06389757245779037,0.5331216,1,0
29720198,0.4387231469154358,0.043839093297719955,0.44527718,1,16
29733774,0.5447816848754883,0.062118858098983765,0.45585862,0,0
29762189,0.7691568732261658,0.1759500503540039,0.8595531,1,2
29777851,0.470054566860199,0.05788130313158035,0.56375045,2,26
29781434,0.3238368332386017,0.06212620809674263,0.39166644,1,15
29791874,0.38533732295036316,0.062287911772727966,0.32093644,1,15
29837961,0.5091680288314819,0.054667819291353226,0.2029901,1,7
29838696,0.6074901223182678,0.05440689995884895,0.58225965,1,1
29842451,0.5846192836761475,0.06075451150536537,0.42921442,1,6
29858011,0.3622224032878876,0.03357837349176407,0.65554106,1,11
29863027,0.6375429034233093,0.060878124088048935,0.54848474,0,1
29888946,0.6298427581787109,0.16897474229335785,0.78638864,1,26
29893170,0.05988314375281334,0.00016962252266239375,0.4747349,1,111
29894281,0.3728548288345337,0.06477946788072586,0.5947097,1,23
29941073,0.5633216500282288,0.05814317613840103,0.5723464,1,13
29955557,0.6193413734436035,0.17621128261089325,0.3895946,1,23
29973725,0.7005403637886047,0.0648617297410965,0.7659922,1,2
29986886,0.5794451236724854,0.05790059268474579,0.63565433,0,26
29990761,0.5966084599494934,0.06268251687288284,0.5378134,1,0
3000661,0.5825977325439453,0.05447639152407646,0.6302301,0,1
30009126,0.4961807131767273,0.06228172034025192,0.304879,1,15
30023125,0.4549623429775238,0.06509341299533844,0.62633574,0,23
30037607,0.6486556529998779,0.058304447680711746,0.54345685,2,13
30059344,0.06960278004407883,0.012909871526062489,0.7103305,1,24
30063657,0.6311443448066711,0.06225516274571419,0.6201938,1,0
30070321,0.5127705335617065,0.06211669370532036,0.47942275,1,0
30095547,0.43199220299720764,0.06494180113077164,0.56264925,1,23
30098626,0.19589322805404663,0.04544586315751076,0.33197707,1,18
30104098,0.5934250950813293,0.17618520557880402,0.3413355,1,23
30147928,0.3295409679412842,0.06510868668556213,0.5104453,1,23
30150093,0.5448362827301025,0.06194537878036499,0.6671068,1,0
30157434,0.4295126497745514,0.06117879971861839,0.24757715,1,6
30175950,0.4927634000778198,0.0647784024477005,0.57041186,1,23
30185290,0.4404040575027466,0.06074172630906105,0.25484738,1,6
30197513,0.6225026249885559,0.06303868442773819,0.4340918,2,0
30197992,0.46900674700737,0.0607369989156723,0.24816915,1,6
30201321,0.38247331976890564,0.06495959311723709,0.5472967,0,23
30208398,0.6687051057815552,0.16730840504169464,0.32416573,1,4
3025261,0.49751701951026917,0.055094435811042786,0.25936475,1,7
30273024,0.4576699435710907,0.056067418307065964,0.43055743,1,4
30283530,0.48514512181282043,0.061960361897945404,0.5998049,0,0
30284737,0.7204145789146423,0.06470897793769836,0.7205719,1,2
30285499,0.41466355323791504,0.0660061240196228,0.55880225,1,23
30288543,0.3029085397720337,0.04158791899681091,0.34304997,0,19
30296618,0.2734784781932831,0.02896638959646225,0.43159133,0,34
30298247,0.4927634000778198,0.0647784024477005,0.57041186,1,23
30336759,0.08318744599819183,0.00016962252266239375,0.60963446,1,75
3036281,0.6857450008392334,0.0660025104880333,0.41301352,1,2
30393446,0.5141525268554688,0.051402490586042404,0.33724675,2,17
30412906,0.583269476890564,0.04876649007201195,0.5310028,0,10
30426836,0.07158607989549637,0.00016962252266239375,0.63711286,1,109
30471776,0.36120253801345825,0.1566871851682663,0.03758251,1,18
30473755,0.6225112080574036,0.059685833752155304,0.6024112,2,13
30507566,0.08061442524194717,0.00016962252266239375,0.6084425,1,112
30514544,0.4710685908794403,0.05390648543834686,0.22051185,0,7
30545061,0.4138704836368561,0.06477583944797516,0.6004611,1,23
30556522,0.07609201222658157,0.0003596100432332605,0.62177765,0,79
30558373,0.4163903594017029,0.051746733486652374,0.48227566,1,17
30571003,0.3656783998012543,0.0651996061205864,0.559822,1,23
30577172,0.4435540735721588,0.06492618471384048,0.60777915,1,23
30624063,0.4579068422317505,0.048750683665275574,0.5351549,1,10
30624436,0.7445821166038513,0.15986016392707825,0.56032234,1,10
30641053,0.20129241049289703,0.11128059029579163,0.51659876,1,14
30660378,0.4397796392440796,0.06228069216012955,0.3078156,1,15
30663037,0.4400530457496643,0.06477932631969452,0.6045534,1,23
30677846,0.4138704836368561,0.06477583944797516,0.6004611,1,23
30702406,0.6399688124656677,0.058291077613830566,0.73887515,2,13
30715732,0.6055001020431519,0.17339661717414856,0.19871093,1,15
30720643,0.7260922193527222,0.17333397269248962,0.3098777,1,15
30733040,0.7014029026031494,0.05425385758280754,0.72117895,0,1
30734481,0.5473529100418091,0.056242041289806366,0.50399643,1,4
30736020,0.3392987847328186,0.11141093820333481,0.42891863,1,95
30736021,0.733903706073761,0.05814019963145256,0.6005745,2,13
30750281,0.36163628101348877,0.0647837445139885,0.6147292,1,23
30784733,0.3835981786251068,0.062310926616191864,0.33149838,1,15
30821560,0.50706547498703,0.06180308759212494,0.66493446,1,0
30845844,0.3763728439807892,0.0648026391863823,0.6451934,1,23
30864390,0.5525176525115967,0.0634823590517044,0.57095736,1,0
30866634,0.6381938457489014,0.17371363937854767,0.15612797,1,15
30873801,0.7014029026031494,0.05425385758280754,0.72117895,0,1
30900591,0.5191133618354797,0.05637073144316673,0.5500969,0,4
30916946,0.40920400619506836,0.062037065625190735,0.59749573,1,0
30919969,0.07572006434202194,0.00016962252266239375,0.62420726,1,110
30938840,0.7014029026031494,0.05425385758280754,0.72117895,0,1
30988234,0.2794041037559509,0.051405876874923706,0.49502766,1,17
30994019,0.5056518912315369,0.0539175346493721,0.34021834,1,7
31015297,0.5692676901817322,0.054245948791503906,0.54020005,0,1
31094987,0.551701545715332,0.05447639152407646,0.6809388,0,1
31099177,0.44310736656188965,0.033996954560279846,0.5490772,1,11
31100873,0.22789113223552704,0.11133915930986404,0.35966402,1,102
31147615,0.30217212438583374,0.06479344516992569,0.5762262,1,23
31172192,0.2977679371833801,0.05048586055636406,0.38642776,0,31
31177882,0.7014029026031494,0.05425385758280754,0.72117895,0,1
31195013,0.3320596218109131,0.06505455821752548,0.56994206,1,23
31201950,0.19589322805404663,0.04544586315751076,0.33197707,1,18
31205118,0.07553307712078094,0.00016962252266239375,0.61884946,1,106
31237866,0.5135440826416016,0.061956439167261124,0.61505115,1,0
31245293,0.22586578130722046,0.04162168875336647,0.33329436,1,19
31246970,0.19440636038780212,0.045917071402072906,0.352965,1,18
31252679,0.3167143166065216,0.06484506279230118,0.57156134,1,23
31257790,0.5933164954185486,0.17601916193962097,0.39318392,1,23
31278533,0.7029800415039062,0.06512416154146194,0.648134,1,2
31280937,0.8868508338928223,0.17596067488193512,0.82843983,1,2
31285824,0.12495853006839752,0.0009315499919466674,0.54202795,1,88
31286288,0.31828752160072327,0.06483376026153564,0.56861854,1,23
31294536,0.6776092052459717,0.17601971328258514,0.38800102,1,23
31351910,0.11273219436407089,0.00016962252266239375,0.55232817,1,113
31474749,0.47619494795799255,0.06210625544190407,0.69092375,1,0
31512912,0.37481215596199036,0.04856676980853081,0.41879773,0,10
31513726,0.3662891089916229,0.06479621678590775,0.57780075,1,23
31536024,0.5105872750282288,0.05424843356013298,0.5187472,1,1
31545782,0.39161011576652527,0.06496850401163101,0.57833785,1,23
31557959,0.4597375690937042,0.061424024403095245,0.22046891,1,6
31564134,0.4927634000778198,0.0647784024477005,0.57041186,1,23
31568626,0.4217083752155304,0.06481088697910309,0.62078977,1,23
3160851,0.5886654853820801,0.058409228920936584,0.47161496,1,13
31741815,0.55024653673172,0.05463814362883568,0.5887838,0,1
31753236,0.4891725182533264,0.056918252259492874,0.44504648,0,4
31847329,0.5704593658447266,0.06243407353758812,0.56699616,1,0
31894920,0.21853679418563843,0.03803687170147896,0.7400472,1,3
31953,0.47867831587791443,0.0487685464322567,0.44372475,1,10
32028843,0.4064842760562897,0.06233109533786774,0.3669028,1,15
3212691,0.7017911076545715,0.06485611200332642,0.795403,1,2
32136042,0.26489052176475525,0.03821651265025139,0.70766,1,3
32150710,0.8625836372375488,0.5323804616928101,0.53476655,0,2
32167638,0.4123164117336273,0.05124979093670845,0.47112614,1,17
32176315,0.43121662735939026,0.06229548528790474,0.3241777,1,15
32199618,0.37374839186668396,0.06247034668922424,0.35944661,1,15
3220851,0.7435383200645447,0.06504504382610321,0.70429033,1,2
32215972,0.6518343687057495,0.1550804078578949,0.2842041,1,16
32218384,0.34170231223106384,0.06501363217830658,0.5879673,1,23
32232053,0.35020866990089417,0.06499818712472916,0.56407285,1,23
3224511,0.1764449179172516,0.0002160743752028793,0.6080785,0,5
32266226,0.4431198835372925,0.05608362331986427,0.46392366,1,4
32267384,0.0,7.390994869638234e-05,0.6333097,1,84
32281133,0.5574467778205872,0.062127504497766495,0.48032957,1,0
32294244,0.465273380279541,0.062282949686050415,0.45949793,2,0
32337506,0.29343730211257935,0.0648026242852211,0.5870786,1,23
32368103,0.5287418961524963,0.05788116157054901,0.6731704,1,26
32386974,0.4357340633869171,0.06228615343570709,0.3174924,1,15
3244801,0.2503606379032135,0.027678143233060837,0.54510623,1,20
3249,0.7106549143791199,0.06487227976322174,0.5966832,1,2
32522601,0.8763320446014404,0.28457528352737427,0.25214323,1,15
32526324,0.3932989835739136,0.06215263903141022,0.38442147,1,15
32531520,0.31747934222221375,0.06508098542690277,0.57191557,1,23
32534283,0.5184436440467834,0.0619560182094574,0.62425286,1,0
32535748,0.5070496201515198,0.05438585951924324,0.21039847,1,7
32556315,0.4414058029651642,0.22265225648880005,0.3402998,1,111
32562445,0.11494100838899612,0.0002790355938486755,0.57933104,1,107
32585384,0.7002140879631042,0.5298904776573181,0.43911085,0,0
32608004,0.635235071182251,0.17354026436805725,0.10462581,1,15
32617892,0.8678693771362305,0.16899742186069489,0.75224394,1,26
32618486,0.18222713470458984,0.026705021038651466,0.6275215,1,20
32625798,0.47276821732521057,0.13826249539852142,0.38091367,1,20
32627702,0.5101735591888428,0.0589677095413208,0.47616777,0,4
32637415,0.46738913655281067,0.05425584316253662,0.18484488,1,7
3267891,0.19433100521564484,0.03822179511189461,0.69879174,0,3
32686924,0.15288817882537842,0.02611546590924263,0.47924295,1,44
32687809,0.4977383613586426,0.062118977308273315,0.5752671,1,0
32691467,0.5891520977020264,0.0630231499671936,0.50342435,1,0
32695795,0.6103999614715576,0.06241026520729065,0.5687252,2,0
32706038,0.23809944093227386,0.0508926622569561,0.3531479,1,31
32708920,0.4986623227596283,0.062127869576215744,0.47021484,0,0
32799467,0.5817559361457825,0.06252820044755936,0.5803322,1,0
32816905,0.46423834562301636,0.06124447286128998,0.30274475,1,6
32817140,0.4026082754135132,0.05125800892710686,0.47199798,0,17
32822106,0.6719139814376831,0.1726808249950409,0.11958647,1,6
32830235,0.3874649703502655,0.06494800001382828,0.5620271,1,23
32860953,0.35804834961891174,0.042340073734521866,0.41347182,1,19
32909193,0.16143827140331268,0.02676527388393879,0.6079018,1,34
32919651,0.4447549879550934,0.062105052173137665,0.3423446,1,15
3293021,0.07171770185232162,0.00016962252266239375,0.6550478,1,80
32949746,0.6968424916267395,0.06585770845413208,0.51901776,1,2
32971573,0.605499267578125,0.14494703710079193,0.39292932,1,11
33052420,0.7665382623672485,0.16901689767837524,0.47031006,1,26
33069453,0.5913965702056885,0.04395982250571251,0.5431889,0,16
33095128,0.5189880728721619,0.057736948132514954,0.7889878,1,26
3317821,0.569519579410553,0.05773461237549782,0.6492348,1,26
3320411,0.4062108099460602,0.06256163120269775,0.38998738,1,15
33217626,0.5220403671264648,0.06195683777332306,0.61113375,1,0
33234192,0.6776092052459717,0.17601971328258514,0.38800102,1,23
33279644,0.050217777490615845,0.012635940685868263,0.5999479,1,24
3328331,0.5874306559562683,0.05428869277238846,0.73502153,1,1
33325960,0.7014029026031494,0.05425385758280754,0.72117895,0,1
33334440,0.38560751080513,0.06509982794523239,0.54295915,0,23
33345091,0.6981302499771118,0.5230693817138672,0.085252285,0,7
33347300,0.5263143181800842,0.06180611997842789,0.6560069,1,0
33354383,0.5092657804489136,0.055299077183008194,0.5056702,1,1
33361493,0.604182243347168,0.06471630930900574,0.47033575,1,2
33390923,0.38499727845191956,0.06300122290849686,0.33553356,1,15
3339171,0.7921587824821472,0.06741064041852951,0.6142563,1,2
33396349,0.3149682283401489,0.06520108133554459,0.5400947,1,23
33432232,0.3913935124874115,0.06278827041387558,0.2702725,1,15
33433404,0.0747215673327446,0.00016962252266239375,0.6372683,1,71
33435237,0.7643041610717773,0.2845894396305084,0.052432463,1,15
33437822,0.5343247652053833,0.058790434151887894,0.58283174,0,26
33442941,0.16703054308891296,0.026753557845950127,0.6039897,0,34
33564977,0.3500441908836365,0.06499959528446198,0.5856249,1,23
33568241,0.42109087109565735,0.05143481492996216,0.48604205,0,17
33625173,0.30217212438583374,0.06479344516992569,0.5762262,1,23
33628154,0.6431660652160645,0.15510044991970062,0.29989758,1,16
33635180,0.06867710500955582,0.012666638009250164,0.7201499,1,24
33639082,0.3004063665866852,0.027377162128686905,0.46365353,1,34
33640997,0.4571945071220398,0.062485221773386,0.31704962,1,15
33657483,0.23129430413246155,0.04543006420135498,0.33737427,1,18
33672294,0.7321226000785828,0.17362865805625916,0.41393763,1,0
33700884,0.464851975440979,0.05642436817288399,0.5256362,1,4
33730406,0.2921449840068817,0.05064506456255913,0.3313434,1,31
33790384,0.5886823534965515,0.0586029477417469,0.4738329,1,13
3381061,0.07464653998613358,2.2364352844306268e-05,0.66509473,0,14
33839778,0.11273219436407089,0.00016962252266239375,0.55232817,1,113
33841004,0.32466286420822144,0.05063702538609505,0.45024046,1,31
33881792,0.6850367784500122,0.16764189302921295,0.35909638,1,4
3388571,0.28335389494895935,0.00017309504619333893,0.31770095,1,107
33980514,0.32149356603622437,0.0650629848241806,0.56469315,1,23
34007815,0.6217068433761597,0.17308512330055237,0.43379068,1,0
3401411,0.36563923954963684,0.1566653996706009,0.101650685,1,18
34026749,0.11892589181661606,0.02598264254629612,0.5100335,0,44
34105120,0.4138704836368561,0.06477583944797516,0.6004611,1,23
34110614,0.4159800708293915,0.06204188987612724,0.60782564,1,0
34113994,0.41597363352775574,0.06261134892702103,0.37747982,1,15
34120641,0.12320219725370407,9.783808491192758e-05,0.40540633,1,114
34133492,0.2913455367088318,0.11165346950292587,0.26781234,1,114
34172957,0.47769901156425476,0.061954937875270844,0.6133522,1,0
34180355,0.39354050159454346,0.04432767629623413,0.4481385,1,16
34186888,0.33627063035964966,0.06503928452730179,0.59920716,1,23
34189206,0.3986016511917114,0.04592270404100418,0.13264577,1,18
34204200,0.4144037067890167,0.0647849515080452,0.6548658,1,23
34214379,0.4981638193130493,0.06143755465745926,0.2616602,1,6
34224479,0.40802592039108276,0.060791805386543274,0.2515645,1,6
34231202,0.5269938707351685,0.05639363080263138,0.47300577,1,4
34231651,0.4193757176399231,0.06099017336964607,0.25202632,1,6
34235402,0.4260234832763672,0.06201523542404175,0.6030639,0,0
34258868,0.6536891460418701,0.06470873206853867,0.9490527,1,2
34268574,0.7014029026031494,0.05425385758280754,0.72117895,0,1
34287054,0.660480797290802,0.06491204351186752,0.42791173,1,2
34313086,0.3809938132762909,0.06495356559753418,0.56015235,1,23
34333379,0.5689878463745117,0.06303194165229797,0.4686868,0,0
34339684,0.0872940793633461,0.00016962252266239375,0.599502,1,89
34343360,0.06712015718221664,0.012628916651010513,0.6709662,1,24
34382438,0.4794793426990509,0.056293364614248276,0.52581066,0,4
34387155,0.46386149525642395,0.062457725405693054,0.3227373,1,15
34396078,0.5529364347457886,0.05457618087530136,0.52735466,0,1
34411762,0.4377453923225403,0.062103573232889175,0.33317968,1,15
34423857,0.24576281011104584,0.045610252767801285,0.24825993,0,18
34445020,0.4089486598968506,0.06245657429099083,0.32110074,1,15
34522733,0.4495081603527069,0.062120646238327026,0.54592186,1,0
345863,0.5125046372413635,0.05778352543711662,0.5274751,1,26
34635715,0.4904526472091675,0.05390642210841179,0.2404194,1,7
34647944,0.49601128697395325,0.058091457933187485,0.73066664,1,26
34655157,0.7177496552467346,0.058135904371738434,0.7523299,1,13
34686356,0.22477050125598907,0.027723578736186028,0.45832542,1,20
34689856,0.40547847747802734,0.06477635353803635,0.6354112,0,23
34691316,0.733903706073761,0.05814019963145256,0.6005745,2,13
34701514,0.551701545715332,0.05447639152407646,0.6809388,1,1
34704651,0.4284888505935669,0.051476240158081055,0.5296173,1,17
34747138,0.6811943054199219,0.05888352915644646,0.6054045,2,13
34782510,0.35157036781311035,0.06235678866505623,0.37766844,1,15
34808187,0.39135798811912537,0.062278036028146744,0.30727893,1,15
34838841,0.5788854956626892,0.06477151811122894,0.81820244,1,23
34876153,0.7593667507171631,0.16912059485912323,0.57869256,1,26
34879749,0.3441937267780304,0.03355138376355171,0.5801617,1,11
34896810,0.24820181727409363,0.04243484511971474,0.29897392,0,19
34899924,0.42454713582992554,0.061361201107501984,0.25514138,1,6
34901579,0.40281838178634644,0.039765365421772,0.2804262,1,21
34905250,0.4387231469154358,0.043839093297719955,0.44527718,1,16
34912487,0.7286031246185303,0.1738041341304779,0.3986422,1,0
34913414,0.5158987045288086,0.06211977079510689,0.5825249,1,0
34963618,0.38761889934539795,0.062294378876686096,0.32150367,1,15
34983,0.7014029026031494,0.05425385758280754,0.72117895,0,1
35026068,0.18196329474449158,0.026709329336881638,0.5981484,1,34
35052497,0.5150537490844727,0.062099721282720566,0.6261179,0,0
35057448,0.5354745984077454,0.05443212389945984,0.26161015,1,7
35085904,0.42926159501075745,0.062105853110551834,0.33961347,1,15
35088967,0.6278123259544373,0.0625600814819336,0.5287583,1,0
35124651,0.4484212100505829,0.06477675586938858,0.67370707,1,23
35158404,0.5169051885604858,0.043955203145742416,0.46004125,0,16
35169668,0.6888983845710754,0.06486614793539047,0.5457443,1,2
35245735,0.41538140177726746,0.06212068349123001,0.3658423,1,15
35249934,0.5424208045005798,0.06138338893651962,0.18345317,1,6
35253656,0.24561026692390442,0.04162316769361496,0.3481638,0,19
35264507,0.45314332842826843,0.05200166255235672,0.5041474,1,17
35274390,0.06895403563976288,0.00016962252266239375,0.6475544,2,94
35288445,0.5516159534454346,0.05606028065085411,0.57797873,1,4
35295810,0.4217129945755005,0.0618436336517334,0.60618865,1,0
35300628,0.5225908756256104,0.06180082634091377,0.6769355,1,0
3530201,0.7764372229576111,0.06616809964179993,0.60387063,1,2
35324281,0.6536891460418701,0.06470873206853867,0.9490527,1,2
35329667,0.27552178502082825,0.05107719823718071,0.34931904,0,31
35380950,0.3637949526309967,0.06518499553203583,0.5369035,1,23
35395620,0.6271764039993286,0.1733609139919281,0.19230771,1,15
35444343,0.5516159534454346,0.05606028065085411,0.57797873,1,4
35478531,0.078590027987957,0.0003596100432332605,0.62725896,1,76
35497674,0.705776035785675,0.1689782589673996,0.6731828,1,26
35501247,0.4494408667087555,0.05140303447842598,0.43525457,1,17
35502816,0.6242918372154236,0.17406566441059113,0.16800058,1,15
35522610,0.6299683451652527,0.17414645850658417,0.16172399,1,15
35541830,0.7089723348617554,0.06487081944942474,0.56104636,0,2
35612957,0.6919539570808411,0.17319515347480774,0.46240532,1,0
35676636,0.6189276576042175,0.16517141461372375,0.13795042,1,7
35702577,0.33141493797302246,0.06478845328092575,0.58801246,1,23
35744304,0.43482673168182373,0.06210476905107498,0.3249517,1,15
35748261,0.39631417393684387,0.06229639798402786,0.34190226,1,15
35763630,0.3159511387348175,0.03404301404953003,0.611972,1,11
35782573,0.2972407639026642,0.041762009263038635,0.31395626,1,19
35843799,0.4400530457496643,0.06477932631969452,0.6045534,1,23
3588561,0.627052903175354,0.06397370249032974,0.57677436,1,0
35931640,0.40556600689888,0.06478565186262131,0.63106567,0,23
35934508,0.41208815574645996,0.03435244411230087,0.5392751,1,11
3595081,0.5842927098274231,0.06092936173081398,0.33232376,1,6
35954073,0.09405159950256348,0.025819765403866768,0.5056578,0,44
35967493,0.43068501353263855,0.06667114794254303,0.29378572,1,15
36016773,0.30906838178634644,0.04307302087545395,0.35030472,0,19
3602921,0.1109880730509758,0.00016962252266239375,0.55617476,0,40
36038057,0.4455028176307678,0.16212745010852814,0.19747688,1,31
36057656,0.0850505605340004,0.0004121518286410719,0.6146637,0,81
36058055,0.48504191637039185,0.061047088354825974,0.35059738,1,6
36063,0.39449262619018555,0.026855697855353355,0.52504414,1,34
36071096,0.7085760831832886,0.06535367667675018,0.61644995,1,2
36074855,0.47932955622673035,0.05606570467352867,0.48320907,1,4
36083872,0.5162574052810669,0.06180465593934059,0.6792194,1,0
36110176,0.4709935188293457,0.06107434630393982,0.19208898,1,6
36111345,0.47624316811561584,0.04878472164273262,0.5153337,1,10
36123207,0.5856655836105347,0.06239074468612671,0.65367866,1,0
36150796,0.3619980216026306,0.06249197572469711,0.33388284,1,15
36227854,0.39007341861724854,0.062331028282642365,0.3382333,1,15
36385793,0.13175557553768158,0.025974657386541367,0.5363655,1,44
36419174,0.42926159501075745,0.062105853110551834,0.33961347,1,15
36444947,0.5737631916999817,0.058978233486413956,0.5158987,1,26
36485675,0.7014029026031494,0.05425385758280754,0.72117895,0,1
36495774,0.44284847378730774,0.06795090436935425,0.5278227,1,23
36515633,0.08570580184459686,9.783808491192758e-05,0.61458534,1,33
36560198,0.47946205735206604,0.056065235286951065,0.48723847,1,4
36572402,0.7014029026031494,0.05425385758280754,0.72117895,0,1
3669361,0.10232923179864883,0.00016962252266239375,0.5505477,1,51
36722512,0.4026964008808136,0.06492206454277039,0.6461538,1,23
36727137,0.08856731653213501,0.013055426999926567,0.68838745,1,24
36730608,0.5114027857780457,0.06194768100976944,0.6181494,0,0
36739717,0.3597032427787781,0.050643861293792725,0.5172913,0,31
3675691,0.5755878686904907,0.04872703552246094,0.61993957,0,10
36777560,0.1878519356250763,0.026742558926343918,0.60189974,1,34
36787860,0.792026162147522,0.2687971889972687,0.4305552,2,13
36829136,0.3238368332386017,0.06212620809674263,0.39166644,1,15
36874153,0.07588275521993637,0.00016962252266239375,0.6460883,1,115
36883116,0.07588275521993637,0.00016962252266239375,0.6460883,1,115
36895550,0.604946494102478,0.16278161108493805,0.29235503,1,17
36913973,0.39565718173980713,0.05241123586893082,0.45926547,1,17
36963624,0.07398124039173126,0.0004121518286410719,0.644179,1,63
37018152,0.6210280656814575,0.06301019340753555,0.5147585,1,0
37042891,0.32212185859680176,0.06482793390750885,0.56902283,1,23
37046242,0.31273287534713745,0.0621211901307106,0.381813,1,15
37084108,0.4493762254714966,0.06227503716945648,0.31512746,1,15
37092101,0.33340519666671753,0.050985291600227356,0.37475398,1,31
37092235,0.3992128372192383,0.06496567279100418,0.5464501,1,23
37135242,0.7372327446937561,0.1731879562139511,0.5507793,1,0
37183,0.4666150212287903,0.06093207001686096,0.2026053,1,6
37188254,0.19272130727767944,0.038046278059482574,0.7166226,1,3
3719851,0.0693851113319397,0.00027096879784949124,0.68118674,1,14
37249985,0.6515913009643555,0.06470578163862228,0.5423684,0,2
37278980,0.3822130262851715,0.062305595725774765,0.32824254,1,15
37289924,0.8256242275238037,0.16916975378990173,0.48539647,1,26
37305693,0.5655538439750671,0.05844729021191597,0.494665,1,13
37313477,0.3968124985694885,0.05461542308330536,0.2510801,0,7
37320521,0.4896235466003418,0.06209927052259445,0.638865,1,0
37343638,0.5805376768112183,0.0628848522901535,0.5203129,1,0
37371543,0.295881450176239,0.06478848308324814,0.60077196,1,23
37398382,0.6108337044715881,0.0651969239115715,0.51671165,1,0
37458941,0.07069886475801468,0.00016962252266239375,0.6392914,1,101
37485330,0.320311039686203,0.04539667069911957,0.25622225,1,18
37526886,0.4131854474544525,0.052552480250597,0.45727867,1,17
37527239,0.42930132150650024,0.06334440410137177,0.27424747,0,15
37529061,0.5019169449806213,0.05722133442759514,0.49432316,1,4
37531004,0.28211361169815063,0.04180122911930084,0.36415836,1,19
37539567,0.1130337119102478,5.540567872230895e-05,0.5708179,1,107
37568391,0.40609467029571533,0.06278209388256073,0.30855507,1,15
37584291,0.4613262712955475,0.15299995243549347,0.12135498,1,19
37609530,0.5189880728721619,0.057736948132514954,0.7889878,1,26
37623393,0.37801679968833923,0.0650022029876709,0.5610782,1,23
376793,0.45977112650871277,0.0539255365729332,0.2851579,1,7
37750797,0.5229896306991577,0.044298041611909866,0.4395284,0,16
37751124,0.4330776333808899,0.06075369194149971,0.23698021,1,6
37776721,0.41979047656059265,0.061049144715070724,0.22845468,0,6
37781630,0.3416631817817688,0.06501435488462448,0.592285,1,23
37809748,0.5445537567138672,0.05489634722471237,0.57924914,1,1
37836873,0.5754231214523315,0.17705199122428894,0.3732498,1,23
37891331,0.5641644597053528,9.783808491192758e-05,0.69516927,1,55
37974834,0.4655691981315613,0.04401643946766853,0.47771266,1,16
37975185,0.5598411560058594,0.06239381432533264,0.6060709,1,0
37976910,0.4277288317680359,0.06202559918165207,0.59885246,1,0
37977353,0.7116020917892456,0.1452745795249939,0.47328296,1,11
37987830,0.6050927042961121,0.0583367757499218,0.5012609,2,13
37989080,0.15662015974521637,0.0002333910233573988,0.545243,1,88
38011323,0.6287856698036194,0.1733463704586029,0.14128421,1,15
38058345,0.4601897597312927,0.04383154213428497,0.47278085,1,16
38093134,0.408185750246048,0.050490960478782654,0.47595257,1,31
38148115,0.23005139827728271,0.05069518834352493,0.36813554,1,31
38153,0.6871510744094849,0.06488404422998428,0.5287233,1,2
38169367,0.19555771350860596,0.02670530043542385,0.5756598,1,20
38176734,0.4708274006843567,0.06073338910937309,0.25217113,1,6
38187809,0.4791713058948517,0.06109267845749855,0.19216469,1,6
38189795,0.11272641271352768,0.0003094300627708435,0.5712226,1,107
38214789,0.4222491681575775,0.062021225690841675,0.5973319,1,0
38240881,0.3238050043582916,0.0618211105465889,0.8481131,2,0
38262306,0.35755443572998047,0.050950415432453156,0.36181733,1,31
38273189,0.2011776715517044,0.027142977342009544,0.5510246,1,34
38303576,0.6143766641616821,0.1723909229040146,0.15910885,1,6
38305142,0.4216078519821167,0.062148500233888626,0.41910678,1,15
38321339,0.4119015038013458,0.05124470591545105,0.49935684,1,17
38323395,0.19016116857528687,0.03211492672562599,0.48449448,0,29
38359577,0.4270995259284973,0.048721544444561005,0.5193485,1,10
38361368,0.4559554159641266,0.05644000694155693,0.4231198,1,4
38370559,0.4777979254722595,0.056585539132356644,0.46391258,0,4
38375324,0.5281108617782593,0.05436824634671211,0.23792072,1,7
38388466,0.4297749698162079,0.06509746611118317,0.5550651,1,23
38420334,0.08146539330482483,0.00016962252266239375,0.4505894,1,87
3842491,0.19269980490207672,0.00017543690046295524,0.5667654,0,5
38473186,0.6115976572036743,0.057880982756614685,0.5991416,1,26
38493206,0.46948838233947754,0.05607089027762413,0.45368317,0,4
38499508,0.6189276576042175,0.16517141461372375,0.13795042,1,7
38512364,0.08579288423061371,0.00016962252266239375,0.6030253,1,104
38550644,0.41645100712776184,0.06202748045325279,0.6161019,1,0
38555777,0.5071045160293579,0.05775194242596626,0.5559378,1,26
38559254,0.41894975304603577,0.06076773628592491,0.23903921,1,6
38590384,0.6415645480155945,0.1767609715461731,0.39192593,1,23
38593629,0.37948036193847656,0.06499043107032776,0.54256284,1,23
38596210,0.43774911761283875,0.061817705631256104,0.59651005,1,0
38609291,0.4083772599697113,0.053949955850839615,0.36899146,1,7
38622261,0.37528279423713684,0.06501498073339462,0.5942093,1,23
38631197,0.49172529578208923,0.06089925020933151,0.20196237,1,6
38631491,0.5225908756256104,0.06180082634091377,0.6769355,1,0
38637098,0.0655406191945076,4.459355477592908e-05,0.68404317,1,50
38640812,0.10940111428499222,0.0007557270582765341,0.51472443,1,107
38677225,0.47518813610076904,0.05440152436494827,0.28618073,1,7
38718043,0.43969377875328064,0.060768209397792816,0.23774138,1,6
38813185,0.42611923813819885,0.048598721623420715,0.4791907,1,10
38843284,0.603470504283905,0.05834464728832245,0.48761442,1,26
38868445,0.660526692867279,0.06475226581096649,0.62397784,1,2
38886250,0.13832078874111176,2.31477570196148e-05,0.5790919,1,88
38911062,0.43515366315841675,0.06079523637890816,0.20853297,1,6
38929280,0.7014029026031494,0.05425385758280754,0.72117895,0,1
38935771,0.5536260604858398,0.058476582169532776,0.61754453,2,13
3898371,0.41509348154067993,0.05776450037956238,0.6098793,1,26
38987613,0.548787534236908,0.06229977682232857,0.64000565,1,0
38988224,0.37780728936195374,0.06626452505588531,0.5922951,0,23
39001941,0.4960920810699463,0.05636526644229889,0.5352036,0,4
39041028,0.459678053855896,0.06180648133158684,0.6153204,1,0
39068896,0.41588661074638367,0.06336415559053421,0.2945814,1,15
39080527,0.717631995677948,0.51180499792099,0.36102295,0,16
39085764,0.1601601243019104,0.027111448347568512,0.5865477,1,20
39132413,0.48666852712631226,0.05788072943687439,0.5796286,1,26
39161886,0.08061442524194717,0.00016962252266239375,0.6084425,1,112
39179439,0.07162570208311081,0.00016962252266239375,0.5135302,1,91
39271180,0.4075759947299957,0.06310439109802246,0.3296825,1,15
39282185,0.5045318007469177,0.057738274335861206,0.540669,1,26
39296317,0.44265684485435486,0.05411113426089287,0.2897638,1,7
39296425,0.5330796837806702,0.05622100830078125,0.6293131,0,4
39299693,0.7252904176712036,0.52205491065979,0.68590206,0,1
39314178,0.6770705580711365,0.06492642313241959,0.78221,0,2
39349202,0.320311039686203,0.04539667069911957,0.25622225,1,18
39354901,0.19987739622592926,0.05053512006998062,0.42225283,1,31
3936591,0.7778463363647461,0.16017970442771912,0.35009882,1,10
39367703,0.7345439791679382,0.06470592319965363,0.9212506,1,2
39405858,0.3223196566104889,0.06482338160276413,0.5683024,1,23
39411131,0.35339781641960144,0.050479959696531296,0.43380708,1,31
39469612,0.419964462518692,0.06061440706253052,0.4953779,0,26
39495217,0.06533534824848175,0.00025234819622710347,0.6832165,1,50
39507031,0.4356886148452759,0.06249113753437996,0.32164228,1,15
39513773,0.4734349250793457,0.060731422156095505,0.25233275,1,6
39589400,0.37271222472190857,0.06270981580018997,0.3333369,1,15
39674234,0.4510449767112732,0.062277261167764664,0.30598953,1,15
3969131,0.39340272545814514,0.05154894292354584,0.63021904,1,17
39729028,0.40771666169166565,0.051285210996866226,0.4897881,1,17
39795064,0.4142981767654419,0.06264793127775192,0.3193995,1,15
39817459,0.3490413725376129,0.03946015238761902,0.29697028,1,21
39856692,0.5622566938400269,0.058216631412506104,0.4892687,1,13
39859453,0.49419844150543213,0.061803076416254044,0.649438,1,0
39889494,0.427187442779541,0.0488128699362278,0.54943496,1,10
40049363,0.4412482976913452,0.04937077313661575,0.58258426,1,10
40069433,0.40046143531799316,0.051311396062374115,0.49104783,2,17
40082688,0.5212509036064148,0.06209683045744896,0.588411,1,0
40088934,0.6228947639465332,0.17355892062187195,0.13696079,1,15
40103016,0.5041161179542542,0.056381821632385254,0.4131149,0,4
40116577,0.21296106278896332,0.026866594329476357,0.5594124,1,20
40143,0.712186336517334,0.06506378948688507,0.56660473,1,2
40145501,0.17225733399391174,0.03807266056537628,0.7024931,1,3
40160755,0.598397970199585,0.06226423382759094,0.5590139,1,0
40170117,0.4492034614086151,0.05773342028260231,0.92791104,1,26
40225273,0.5765300989151001,0.057889025658369064,0.67475516,1,26
40293394,0.42112937569618225,0.05470577999949455,0.48610625,0,1
40306549,0.30704793334007263,0.026868056505918503,0.46365267,1,34
40313412,0.43776780366897583,0.048642031848430634,0.5587965,1,10
40415571,0.3905481994152069,0.13814859092235565,0.33728614,1,34
40426026,0.7014029026031494,0.05425385758280754,0.72117895,0,1
40449158,0.2442997843027115,0.0505143478512764,0.35631296,1,31
40512761,0.2054373174905777,0.050729237496852875,0.41333765,1,31
40581589,0.5349848866462708,0.04379567876458168,0.5126393,0,16
40581809,0.4739954471588135,0.06477904319763184,0.7263069,1,23
40647820,0.4476332664489746,0.051241468638181686,0.47337064,1,17
40706058,0.5494824647903442,0.06210228428244591,0.596584,1,0
40716707,0.9874638319015503,0.2874085009098053,0.72414786,1,2
40732805,0.33101069927215576,0.050632648169994354,0.43494108,1,31
40870809,0.4249614477157593,0.05066205561161041,0.4058323,1,31
40897994,0.44662100076675415,0.11133915930986404,0.37621695,1,9
40959839,0.4629621207714081,0.06211012229323387,0.35844988,1,15
40965202,0.07415042072534561,4.3496107537066564e-05,0.68787646,0,14
40977575,0.4502676725387573,0.05160793662071228,0.39174262,0,17
41006832,0.5321911573410034,0.05791051313281059,0.54114056,1,26
41016284,0.4102860689163208,0.06212001293897629,0.34468344,1,15
41033580,0.7511439919471741,0.06485937535762787,0.69769716,1,2
41068549,0.5135853886604309,0.05791507288813591,0.47558948,1,26
41133911,0.5066876411437988,0.06221877783536911,0.25812402,1,6
41160904,0.13363420963287354,0.0006903541507199407,0.54952884,1,88
41187329,0.41338667273521423,0.04387114942073822,0.4410246,1,16
41190466,0.46715712547302246,0.05775546655058861,0.5007415,0,26
41197349,0.7464844584465027,0.06471720337867737,0.874566,0,2
41205821,0.5577213764190674,0.054052699357271194,0.24476542,1,7
41244720,0.36179855465888977,0.06509809195995331,0.6008251,1,23
41246418,0.4149985611438751,0.5135794878005981,0.12928319,0,18
41256421,0.36726105213165283,0.06571929901838303,0.5620382,1,23
41275334,0.5429612994194031,0.06209264695644379,0.4478857,1,15
41292330,0.3125622272491455,0.062117066234350204,0.38164338,1,15
41373006,0.45785054564476013,0.05642595514655113,0.41666612,0,4
41378883,0.23095586895942688,0.026894601061940193,0.5370084,1,34
41384567,0.48013392090797424,0.061807114630937576,0.6338721,1,0
41387852,0.39576390385627747,0.06184360012412071,0.58667386,1,0
41401451,0.43482673168182373,0.06210476905107498,0.3249517,1,15
41420112,0.8172912001609802,0.5240188241004944,0.5785641,0,4
41479866,0.0735660046339035,1.1289441317785531e-05,0.5492495,1,88
41569270,0.4626463055610657,0.05624231696128845,0.4083075,0,4
41589335,0.5909949541091919,0.05621551722288132,0.6612513,0,4
41615133,0.4829331040382385,0.06107670068740845,0.19587086,1,6
41647907,0.48938485980033875,0.060731980949640274,0.24230392,1,6
41664064,0.5116492509841919,0.05461173877120018,0.61159074,1,1
41671586,0.38903555274009705,0.06232517212629318,0.33805484,1,15
41673488,0.27833670377731323,0.11126446723937988,0.36289465,1,88
41678622,0.49586978554725647,0.05606735497713089,0.4721202,0,4
41688436,0.07069915533065796,0.00046525170910172164,0.6438584,1,48
41731244,0.40343567728996277,0.06494166702032089,0.58232564,1,23
41764460,0.31136494874954224,0.03353160247206688,0.5894887,1,11
41773112,0.6450605392456055,0.06532006710767746,0.43655506,1,2
41796356,0.5184427499771118,0.06121262535452843,0.2513462,0,6
41805105,0.47901418805122375,0.0607333742082119,0.27130467,1,6
41814828,0.40944740176200867,0.05095849186182022,0.33958027,1,31
41905556,0.22812674939632416,0.11127617955207825,0.45190093,1,107
41947542,0.8778231739997864,0.5260960459709167,0.49406636,2,13
41974544,0.7014029026031494,0.05425385758280754,0.72117895,0,1
42007859,0.4965142607688904,0.057952191680669785,0.5585539,0,26
42009772,0.3308255970478058,0.04576084390282631,0.19426043,1,18
42024018,0.14883677661418915,1.8164248103857972e-05,0.65423745,0,5
42048967,0.43708741664886475,0.0621064156293869,0.33851358,1,15
42079072,0.7575653791427612,0.16760876774787903,0.5590104,1,4
42128261,0.4994426667690277,0.05874762684106827,0.64690435,1,26
42135344,0.694518506526947,0.05829142406582832,0.5588749,2,13
42140578,0.1787702441215515,0.026712454855442047,0.60931563,1,20
42149443,0.5008916258811951,0.05865125730633736,0.49932185,1,26
42158886,0.4138704836368561,0.06477583944797516,0.6004611,1,23
42166787,0.4193073809146881,0.051713161170482635,0.49147514,1,17
42254940,0.07860680669546127,0.00016962252266239375,0.6352363,1,116
42296794,0.4355963468551636,0.06212310492992401,0.39054662,1,15
42312515,0.4725725054740906,0.061807163059711456,0.6829083,1,0
42346517,0.320311039686203,0.04539667069911957,0.25622225,1,18
42351915,0.429835706949234,0.05430855229496956,0.4561845,1,1
42390043,0.6761689186096191,0.06473716348409653,0.6398914,0,2
42399726,0.4133337140083313,0.060784246772527695,0.26723805,1,6
42402725,0.09740424156188965,0.00016962252266239375,0.58974373,0,99
42408628,0.12218955904245377,0.02598966844379902,0.46388203,1,44
42425091,0.6229011416435242,0.17602135241031647,0.48800096,1,23
42455190,0.586758553981781,0.17354001104831696,0.11652411,1,15
42498587,0.5798875093460083,0.0583159513771534,0.61202645,1,13
42518276,0.44043439626693726,0.048874631524086,0.5750917,1,10
42578978,0.47533705830574036,0.057794030755758286,0.48858368,1,26
42593464,0.741653323173523,0.06470493227243423,0.75714123,1,2
42643520,0.5429612994194031,0.06209264695644379,0.4478857,1,15
42799002,0.6571567058563232,0.06473097205162048,0.5992169,1,2
42810808,0.5663704872131348,0.05850992724299431,0.6494318,0,26
4285941,0.6536891460418701,0.06470873206853867,0.9490527,1,2
42884666,0.08087477833032608,9.783808491192758e-05,0.6141337,1,86
43024584,0.46967166662216187,0.06181523576378822,0.65072614,1,0
43028906,0.6872650384902954,0.0647457167506218,0.6911726,1,2
43057643,0.3313561975955963,0.06498493254184723,0.55189204,1,23
43076611,0.0857165977358818,9.783808491192758e-05,0.6141213,0,81
43112269,0.5329017639160156,0.057667169719934464,0.49574763,1,4
43192347,0.43482673168182373,0.06210476905107498,0.3249517,1,15
43199935,0.7626022100448608,0.1760375201702118,0.36900786,1,0
43286759,0.12602318823337555,0.027716636657714844,0.56163526,1,44
43311708,0.8411397337913513,0.270218163728714,0.47609958,2,13
43324009,0.393481582403183,0.06183290854096413,0.59011525,1,0
43341949,0.7042787075042725,0.06542323529720306,0.5670267,1,2
43378656,0.4546854794025421,0.04955379292368889,0.5335949,0,10
43416392,0.4387231469154358,0.043839093297719955,0.44527718,1,16
43439738,0.5482064485549927,0.061801083385944366,0.6951321,1,0
43452681,0.10095217078924179,0.00016962252266239375,0.45011115,1,74
43462817,0.40949371457099915,0.0627811998128891,0.32704654,1,15
43464255,0.11785869300365448,3.4864802728407085e-05,0.5867496,1,107
43481813,0.41461220383644104,0.06480676680803299,0.6229041,1,23
43484036,0.5224149227142334,0.054563071578741074,0.6044755,0,1
43512440,0.533328652381897,0.06238756328821182,0.5918944,0,0
43515339,0.5363666415214539,0.05847841873764992,0.5988281,1,13
43535614,0.45372262597084045,0.05408308282494545,0.2616283,1,7
43549785,0.3477031886577606,0.06518838554620743,0.56944436,1,23
43635008,0.4187237024307251,0.06181589886546135,0.58525825,1,0
43659020,0.3778281807899475,0.06735973060131073,0.52145666,1,23
43666495,0.19732341170310974,0.012747520580887794,0.5124972,1,24
43687630,0.4525851011276245,0.05217984691262245,0.46119118,1,17
43699273,0.5123039484024048,0.05500570684671402,0.21920119,0,7
43755227,0.4588351249694824,0.06129356473684311,0.20486797,1,6
4418531,0.4292645752429962,0.06248411908745766,0.32593426,1,15
4508121,0.5546810626983643,0.05425990745425224,0.74871534,1,1
4545311,0.6345053315162659,0.24934212863445282,0.33871284,1,20
4750991,0.6984158754348755,0.06503309309482574,0.77943105,1,2
5054721,0.4217585623264313,0.054499126970767975,0.36843973,0,31
5074411,0.1602560430765152,5.8036362133861985e-06,0.6338349,0,5
5074681,0.22204673290252686,0.028632333502173424,0.5447976,0,20
51063,0.8017348647117615,0.06560998409986496,0.6006104,1,2
5302652,0.6770705580711365,0.06492642313241959,0.78221,1,2
5309742,0.22880248725414276,0.046609822660684586,0.30407223,1,18
5378272,0.461529016494751,0.06737465411424637,0.574656,1,23
5385262,0.36846670508384705,0.1244121640920639,0.3025185,1,24
5397192,0.5232018828392029,0.06159505993127823,0.17548777,1,6
5422582,0.4029671549797058,0.053907908499240875,0.26769677,1,7
5435942,0.6096750497817993,0.0638219341635704,0.512982,1,0
5453812,0.642880380153656,0.06472531706094742,0.9229602,1,2
5500442,0.4571414887905121,0.04895090311765671,0.511036,1,10
5506262,0.45650696754455566,0.0539395734667778,0.36774147,1,7
5519212,0.5506110787391663,0.0547725148499012,0.6142422,0,1
5522622,0.28216055035591125,0.11189600080251694,0.59102744,1,84
55413,0.2693597674369812,0.04161984100937843,0.33595687,0,19
55843,0.7148834466934204,0.06504852324724197,0.45338428,1,2
5597882,0.5058357119560242,0.05143231526017189,0.55880314,2,17
5628242,0.43461349606513977,0.05840519815683365,0.5498273,0,26
5628622,0.2909228801727295,0.02669670432806015,0.62928694,1,34
5640632,0.6689921021461487,0.0650675892829895,0.62295234,1,2
5644032,0.4694824516773224,0.06182296946644783,0.6538217,0,0
5654732,0.5717310905456543,0.14491543173789978,0.3282567,1,11
5661792,0.7437261343002319,0.06580605357885361,0.55520236,1,2
56733,0.08570580184459686,9.783808491192758e-05,0.61458534,1,33
5676272,0.7441628575325012,0.06470620632171631,0.73532397,1,2
5699042,0.8652273416519165,0.17625896632671356,0.553607,1,2
5711062,0.4873424172401428,0.06111098453402519,0.22817883,1,6
5730272,0.38177451491355896,0.05678041651844978,0.4187304,1,4
5745462,0.23474161326885223,0.033211641013622284,0.43473604,0,29
575263,0.13083015382289886,0.0006546811200678349,0.5167604,1,62
5754882,0.07464653998613358,2.2364352844306268e-05,0.66509473,1,14
5762142,0.4649529457092285,0.06157757341861725,0.18700305,1,6
5771302,0.5175811052322388,0.05471322685480118,0.6376566,1,1
5778852,0.350599467754364,0.05142498016357422,0.36433637,1,31
5807222,0.7691568732261658,0.1759500503540039,0.8595531,1,2
5807732,0.4418291449546814,0.05780675262212753,0.47111595,0,26
5821822,0.17738087475299835,0.00019526875985320657,0.6070335,0,5
5850832,0.16693861782550812,0.038052283227443695,0.7406561,1,3
5872192,0.3098849356174469,0.05096246302127838,0.33394217,0,31
5875672,0.40887323021888733,0.062016561627388,0.68653214,1,0
591313,0.08244775980710983,0.00016962252266239375,0.61115414,0,52
59312688,0.5231090784072876,0.06196357682347298,0.69307,2,0
5934642,0.8190957307815552,0.1689804494380951,0.64599663,1,26
594103,0.6799682378768921,0.06525146216154099,0.6814542,1,2
5988422,0.3127918541431427,0.11141093820333481,0.4912347,1,117
6080842,0.08898264914751053,0.00016962252266239375,0.6201619,1,36
6093352,0.7121177911758423,0.06487629562616348,0.59349865,0,2
6107302,0.6249756217002869,0.06669286638498306,0.46900603,0,2
6108002,0.17482328414916992,0.0004466865793801844,0.6148364,0,5
6114252,0.3220515549182892,0.04244997352361679,0.35959673,0,19
6120962,0.7049177885055542,0.173842191696167,0.36674383,1,0
6124592,0.196384459733963,0.0001732619566610083,0.557152,0,5
619863,0.6061044931411743,0.0647067129611969,0.8882377,1,2
6199172,0.3745191693305969,0.03394442796707153,0.56505847,1,11
620863,0.7652134895324707,0.06625613570213318,0.49956408,1,2
622663,0.7454051375389099,0.06486615538597107,0.69485265,1,2
6300502,0.4995003044605255,0.05558192729949951,0.303029,0,7
6321112,0.7014029026031494,0.05425385758280754,0.72117895,0,1
6322352,0.22524569928646088,0.027348773553967476,0.5242365,1,20
6331202,0.2689044177532196,0.05048922821879387,0.38355005,1,31
6331792,0.5121718645095825,0.055086538195610046,0.4843599,1,1
637073,0.4700709581375122,0.05624186620116234,0.438506,0,4
638663,0.6935684680938721,0.06488048285245895,0.49990457,0,2
6413942,0.09113304316997528,0.025805316865444183,0.4977982,1,44
6426102,0.7702609300613403,0.1736583560705185,0.4577157,1,0
6480302,0.733250081539154,0.06561342626810074,0.6033291,1,2
651083,0.5811434388160706,0.06500907242298126,0.5687664,1,2
6514442,0.23956242203712463,0.02685428038239479,0.5369704,1,20
651723,0.43171244859695435,0.06336656212806702,0.2797961,1,15
6523992,0.17966759204864502,0.00020967367163393646,0.60729563,0,5
6532082,0.4467926025390625,0.061207082122564316,0.21304415,1,6
6556212,0.10660094022750854,0.02596767619252205,0.54612553,1,44
659823,0.35812753438949585,0.053935837000608444,0.35979775,0,7
6601682,0.7017772197723389,0.06551607698202133,0.5672295,0,2
6603512,0.22016318142414093,0.03821248933672905,0.69140553,1,3
6623432,0.4726734161376953,0.054591502994298935,0.55859816,0,1
662683,0.6540330648422241,0.06486585736274719,0.73890793,1,2
6629262,0.7122821807861328,0.06472329795360565,0.79966223,1,2
6647162,0.5069953799247742,0.0487680621445179,0.54641825,1,10
6675742,0.6455519795417786,0.05813976004719734,0.5497193,0,13
6686172,0.45146676898002625,0.05539143830537796,0.26547307,0,7
6703062,0.5060854554176331,0.054426033049821854,0.48593932,0,1
6729252,0.56776362657547,0.06474756449460983,0.7251127,1,2
6737102,0.7532460689544678,0.06474636495113373,0.9534314,1,2
6738162,0.34157848358154297,0.039489686489105225,0.31674585,1,21
6750102,0.47049179673194885,0.06490978598594666,0.6469712,1,23
6760152,0.5439569354057312,0.062106359750032425,0.8212488,1,0
6774272,0.4239090085029602,0.0546160526573658,0.23776972,0,7
67763,0.878415048122406,0.17646265029907227,0.46449265,1,2
6806042,0.07464653998613358,2.2364352844306268e-05,0.66509473,1,14
6811802,0.3475688695907593,0.05175729840993881,0.3402068,0,31
6818222,0.5961200594902039,0.17407719790935516,0.13689525,1,15
6821602,0.6536891460418701,0.06470873206853867,0.9490527,1,2
6834712,0.644755482673645,0.06486740708351135,0.59924746,1,2
6842512,0.23786303400993347,0.02739529125392437,0.51516235,1,20
688513,0.2559637129306793,0.05053238943219185,0.36878425,0,31
6885512,0.3793860375881195,0.1566813439130783,0.14023347,1,18
688963,0.6970791220664978,0.0649021789431572,0.58122444,1,2
689253,0.470292866230011,0.04379892349243164,0.45116323,1,16
689753,0.4533710777759552,0.05803622677922249,0.4756652,1,26
6898072,0.28107964992523193,0.11164223402738571,0.4568837,1,35
6898562,0.7901408076286316,0.17471396923065186,0.3920911,1,0
6937522,0.3944346010684967,0.06216016039252281,0.39311263,1,15
693923,0.4834897220134735,0.061824314296245575,0.20926979,1,6
6963532,0.07860680669546127,0.00016962252266239375,0.6352363,1,116
6974192,0.48158663511276245,0.05639823526144028,0.4424947,0,4
6979102,0.5917900800704956,0.053905028849840164,0.3516517,1,7
701343,0.5276855230331421,0.05852620676159859,0.5697113,1,26
7020342,0.6666921377182007,0.0652046799659729,0.6186878,1,2
7021362,0.6856392621994019,0.06515884399414062,0.66600204,1,2
7040302,0.5207878351211548,0.06210726499557495,0.44698593,1,15
7044252,0.7514060139656067,0.17228922247886658,0.19910148,1,6
704563,0.4390723705291748,0.05413856357336044,0.32099977,1,7
7067442,0.7691568732261658,0.1759500503540039,0.8595531,1,2
7067852,0.025978509336709976,5.968565346847754e-06,0.58805007,1,35
7070252,0.6513342261314392,0.05774475261569023,0.77026075,0,26
7098522,0.5077494382858276,0.05459480360150337,0.63479483,1,1
7105292,0.39291325211524963,0.034780580550432205,0.5761031,1,11
7129612,0.45715728402137756,0.04891536757349968,0.48515648,1,10
7156032,0.5010845065116882,0.04395418241620064,0.44729146,0,16
7165492,0.48572036623954773,0.05428404361009598,0.4992922,1,1
7177992,0.6853335499763489,0.06518320739269257,0.55966526,1,2
717853,0.5047735571861267,0.15087208151817322,0.27023885,1,21
718713,0.38493308424949646,0.06517847627401352,0.51123166,1,23
7210172,0.4698358178138733,0.05506103113293648,0.53231484,1,1
7216852,0.46989190578460693,0.033982858061790466,0.6611189,0,11
7227522,0.4839877784252167,0.056230414658784866,0.52641904,0,4
7232312,0.43964841961860657,0.04887768626213074,0.57637143,1,10
7315022,0.5252509713172913,0.054466888308525085,0.5985983,1,1
7340872,0.5610836148262024,0.06543228775262833,0.537964,0,0
7341752,0.4558081030845642,0.0447864755988121,0.5665104,0,16
7347932,0.6511465907096863,0.06105227395892143,0.42054144,1,6
7362232,0.4658445417881012,0.06180771067738533,0.61297226,1,0
7375072,0.46556901931762695,0.04395866021513939,0.44113308,1,16
7376382,0.6917245984077454,0.06853647530078888,0.4681944,0,26
7382262,0.3875909447669983,0.04253169521689415,0.3649377,1,19
7396282,0.36250799894332886,0.04409164935350418,0.4725962,1,16
7400342,0.6306557655334473,0.06472457945346832,0.52691054,1,2
740673,0.6432406306266785,0.06471748650074005,0.5312021,1,2
7450912,0.7034426927566528,0.06501686573028564,0.53815395,1,2
7462462,0.5825977325439453,0.05447639152407646,0.6302301,0,1
7463182,0.4622209966182709,0.05175747349858284,0.43811855,1,17
7519082,0.5633216500282288,0.05814317613840103,0.5723464,1,13
7536882,0.69700688123703,0.06709379702806473,0.5046225,1,2
754799,0.24317266047000885,0.050500914454460144,0.41485465,1,31
7559112,0.503355085849762,0.1507313996553421,0.18238339,1,21
7561302,0.1799076944589615,0.001445825444534421,0.6210302,0,5
759186,0.7701081037521362,0.06629343330860138,0.5848221,1,2
7594962,0.5197834968566895,0.0621270015835762,0.51825523,1,0
760244,0.4031868278980255,0.051285456866025925,0.4502688,1,17
7610242,0.7284739017486572,0.06470239907503128,0.9066021,1,2
761528,0.41957518458366394,0.04883240908384323,0.52295727,1,10
764035,0.4418083727359772,0.049199387431144714,0.45244646,1,10
768761,0.43189001083374023,0.048603225499391556,0.5293118,1,10
7687692,0.4433661103248596,0.05143561586737633,0.5487438,1,17
7689702,0.24381160736083984,0.026159537956118584,0.42339966,1,44
7694572,0.0784221962094307,0.00016962252266239375,0.5204617,1,56
7697422,0.29210856556892395,0.04192906990647316,0.3704332,0,19
770441,0.640128493309021,0.06441602855920792,0.54451776,1,0
771647,0.7441628575325012,0.06470620632171631,0.73532397,1,2
7720822,0.050217777490615845,0.012635940685868263,0.5999479,1,24
7721252,0.4432092308998108,0.06213441863656044,0.54991764,0,0
7725712,0.06603888422250748,0.000540764769539237,0.68316513,1,50
77293,0.757983922958374,0.06471498310565948,0.8850266,1,2
774675,0.9174388647079468,0.5363031029701233,0.45651704,0,2
774791,0.35412904620170593,0.04068739712238312,0.28722572,0,21
7754832,0.35812753438949585,0.053935837000608444,0.35979775,0,7
7768452,0.6215664744377136,0.05440123751759529,0.6726422,0,1
7770012,0.547178328037262,0.05515781044960022,0.5975985,1,1
777534,0.21300563216209412,0.03803851455450058,0.69238675,1,3
778150,0.215264230966568,0.001023525488562882,0.585814,0,5
778337,0.2790958285331726,0.0510743223130703,0.38328305,1,31
778389,0.41253918409347534,0.06212656944990158,0.33932832,1,15
7791532,0.17958690226078033,0.026641780510544777,0.38130686,1,44
780159,0.7283212542533875,0.15982790291309357,0.5336565,1,10
780591,0.14914943277835846,0.0004077490884810686,0.517723,0,12
7809112,0.1460089385509491,0.03149329870939255,0.4717664,0,29
7809332,0.8158631920814514,0.17616774141788483,0.73966867,1,2
781538,0.6280980110168457,0.06537046283483505,0.6220437,1,2
7828252,0.6655712723731995,0.06517348438501358,0.59331447,0,2
785774,0.3490413725376129,0.03946015238761902,0.29697028,1,21
7858302,0.6461230516433716,0.06994584202766418,0.4965079,0,2
789043,0.7397916913032532,0.17382389307022095,0.47516483,1,0
790577,0.3755584955215454,0.04197239503264427,0.36986774,1,19
7909882,0.725322961807251,0.06486785411834717,0.8111474,1,2
7913222,0.3494797348976135,0.042425792664289474,0.3174149,0,19
792609,0.2792220115661621,0.11133915930986404,0.18793646,1,114
792795,0.4515295624732971,0.06243564933538437,0.2577109,1,15
793202,0.5249974131584167,0.054581522941589355,0.5151712,1,1
7948122,0.23854096233844757,0.03825964406132698,0.7928335,1,3
795448,0.6061989068984985,0.06305013597011566,0.53426754,0,0
795622,0.6840816736221313,0.06484856456518173,0.8909635,1,2
796051,0.4301946461200714,0.060990650206804276,0.22334307,1,6
797018,0.619195282459259,0.06287187337875366,0.686653,1,0
797371,0.9021530747413635,0.5325233340263367,0.596979,0,2
797531,0.3090038001537323,0.03164537623524666,0.3388926,0,29
7976712,0.49455082416534424,0.06264287233352661,0.5159789,1,0
7978482,0.43140918016433716,0.04860084131360054,0.5277474,1,10
7991402,0.19344189763069153,0.04541963338851929,0.33502966,1,18
799192,0.4411852955818176,0.05405380576848984,0.3886125,1,7
799681,0.45160412788391113,0.04932422190904617,0.42964968,1,10
801917,0.7248454093933105,0.06565909832715988,0.53904927,1,2
8026012,0.27103251218795776,0.03855864703655243,0.6274706,0,3
8031702,0.3812826871871948,0.061829421669244766,0.7439628,1,0
8033942,0.6509852409362793,0.0652163103222847,0.53423786,0,2
804226,0.31655678153038025,0.04159227013587952,0.3502405,2,19
8043172,0.7859391570091248,0.1733379065990448,0.5677095,1,0
8053532,0.370358407497406,0.04002871364355087,0.2487851,1,21
805458,0.7295782566070557,0.06568113714456558,0.5438992,1,2
8073252,0.46417176723480225,0.06073945760726929,0.24621025,1,6
8077782,0.5340153574943542,0.06144356355071068,0.17412397,1,6
811274,0.7441628575325012,0.06470620632171631,0.73532397,1,2
812823,0.47882014513015747,0.051764801144599915,0.46033216,1,17
812825,0.8757719993591309,0.17610801756381989,0.6123665,1,2
813669,0.3052695393562317,0.03180047497153282,0.45661846,1,29
8152512,0.3774038851261139,0.06481319665908813,0.5644417,0,23
8155172,0.7342646718025208,0.06489122658967972,0.6107193,0,2
8160132,0.3926200866699219,0.06238648667931557,0.38960746,1,15
8175092,0.3645176589488983,0.06261438876390457,0.38312808,1,15
818095,0.7123256921768188,0.0653657540678978,0.55081826,1,2
8181702,0.3692544996738434,0.062283121049404144,0.27752724,1,15
8184102,0.6544050574302673,0.05832439288496971,0.5786093,2,13
8188252,0.5341082811355591,0.06242202967405319,0.5443712,1,0
819191,0.17410123348236084,0.00021838568500243127,0.43371585,1,107
820919,0.7628969550132751,0.16657789051532745,0.46633777,1,1
821812,0.4391425549983978,0.06562250852584839,0.27438208,1,15
822259,0.47882208228111267,0.04993647336959839,0.5315975,1,10
82243,0.7200285792350769,0.06770311295986176,0.48906103,0,2
82383,0.6352627873420715,0.17458298802375793,0.17404869,1,15
8266702,0.0726621150970459,0.00016962252266239375,0.46780872,1,117
8268242,0.49586978554725647,0.05606735497713089,0.4721202,0,4
8269092,0.22433112561702728,0.025794917717576027,0.59695196,1,44
8393652,0.43097221851348877,0.04407797381281853,0.4576298,1,16
8401432,0.19959919154644012,0.0380498543381691,0.7333801,1,3
8410612,0.6752908825874329,0.06518051028251648,0.6401203,1,2
8414602,0.29057827591896057,0.039403993636369705,0.70324004,1,3
8451272,0.3507302403450012,0.06211194023489952,0.3716978,1,15
8463082,0.7068835496902466,0.06470891833305359,0.8011385,1,2
8468772,0.7465507388114929,0.06470565497875214,0.97663516,1,2
8496132,0.2815980613231659,0.05072290822863579,0.44266647,1,31
850741,0.5968141555786133,0.06489846855401993,0.28057408,1,2
8521372,0.40460753440856934,0.05139065533876419,0.56761384,1,17
8521542,0.5098809599876404,0.05849248915910721,0.47196788,1,26
8526602,0.6142430901527405,0.058150071650743484,0.54585147,0,13
8531732,0.5975156426429749,0.058391451835632324,0.5106321,1,26
8549992,0.21853679418563843,0.03803687170147896,0.7400472,1,3
8604722,0.6536891460418701,0.06470873206853867,0.9490527,1,2
8614022,0.48302653431892395,0.03390929847955704,0.6344358,1,11
8614192,0.5265607237815857,0.06492670625448227,0.60572726,1,23
8624502,0.6536891460418701,0.06470873206853867,0.9490527,1,2
8647352,0.39423665404319763,0.062160976231098175,0.39319587,1,15
865701,0.705776035785675,0.1689782589673996,0.6731828,1,26
8720562,0.510350227355957,0.06389234215021133,0.23894711,1,6
8755102,0.5681944489479065,0.062391892075538635,0.5803251,1,0
8755252,0.10395732522010803,0.00016962252266239375,0.5825183,1,37
876061,0.4462125897407532,0.057893797755241394,0.52502865,1,26
878441,0.4986867606639862,0.04857192561030388,0.5492393,1,10
8793052,0.22433112561702728,0.025794917717576027,0.59695196,1,44
8820652,0.6236839294433594,0.07168575376272202,0.56269354,1,0
8828892,0.37455445528030396,0.054084766656160355,0.3993653,1,7
8847052,0.7433611750602722,0.0653490349650383,0.59211934,1,2
8900342,0.5075035691261292,0.05468311533331871,0.23118937,0,7
890641,0.08107021450996399,0.00016962252266239375,0.6175423,1,92
8931402,0.30307242274284363,0.026849690824747086,0.48879755,1,20
893891,0.6769183874130249,0.06573671847581863,0.4762125,0,2
8941152,0.51212477684021,0.12403582036495209,0.33363,1,24
8969062,0.6536891460418701,0.06470873206853867,0.9490527,1,2
8971572,0.6773999929428101,0.1693049520254135,0.4532466,1,26
8997,0.8531529903411865,0.17595510184764862,0.58851236,1,2
901731,0.3055694103240967,0.03820035234093666,0.69431514,2,3
9018932,0.7596878409385681,0.06566640734672546,0.47801378,0,2
9021082,0.3628033697605133,0.05127473920583725,0.36715963,0,31
9025382,0.3879096508026123,0.14929117262363434,0.46358934,1,3
9089882,0.5774295330047607,0.06306250393390656,0.4347095,1,0
9131212,0.8768723607063293,0.17612123489379883,0.5340129,1,2
9146202,0.7284258008003235,0.26977863907814026,0.3816009,2,26
9153162,0.4378487765789032,0.04095010831952095,0.29394424,1,21
9159762,0.6536891460418701,0.06470873206853867,0.9490527,1,2
9167792,0.672639787197113,0.1662471741437912,0.12146878,1,7
9237052,0.5877218842506409,0.05425967276096344,0.7669363,1,1
9244632,0.9882164001464844,0.4798831343650818,0.4214124,2,13
9266012,0.5336219668388367,0.0579194575548172,0.74713194,1,26
927331,0.7014029026031494,0.05425385758280754,0.72117895,0,1
9284762,0.5068439245223999,0.054392024874687195,0.5804079,0,1
928881,0.5130584836006165,0.06159444525837898,0.19065963,1,6
929101,0.7526429891586304,0.16938333213329315,0.5213916,1,13
932091,0.08999647200107574,0.02581883780658245,0.5810982,1,44
9433,0.10250403732061386,0.00016962252266239375,0.57131827,1,41
9447312,0.7005403637886047,0.0648617297410965,0.7659922,1,2
9462472,0.2508675754070282,0.032122377306222916,0.37183154,1,29
9463702,0.44070112705230713,0.05623330548405647,0.5457137,1,4
9475112,0.7691568732261658,0.1759500503540039,0.8595531,1,2
9489922,0.46391546726226807,0.06248176097869873,0.32481444,1,15
9507822,0.7310087084770203,0.167262002825737,0.36876786,1,1
9516202,0.6142430901527405,0.058150071650743484,0.54585147,0,13
9517462,0.27717822790145874,0.11131522804498672,0.3442867,1,62
9527932,0.7342554926872253,0.06516306102275848,0.7033454,1,2
9590002,0.6071889400482178,0.0655648410320282,0.5497073,1,0
9618592,0.3922778367996216,0.0626126229763031,0.3895946,1,15
9627452,0.450726717710495,0.04917914420366287,0.50137776,1,10
9647442,0.5749417543411255,0.055556703358888626,0.5286264,1,1
9676722,0.7453876733779907,0.06548228114843369,0.6402851,0,2
9697962,0.6182413101196289,0.05968204513192177,0.5125459,0,13
9701722,0.6598772406578064,0.5242590308189392,0.29623213,0,4
9726392,0.4781048595905304,0.06197649985551834,0.58987397,1,0
9791392,0.7114453911781311,0.5254290699958801,0.40277746,0,26
9798082,0.655203104019165,0.17268945276737213,0.16118954,1,6
9817342,0.5332101583480835,0.05775916948914528,0.5741579,1,26
9831802,0.6862830519676208,0.06656254827976227,0.51667625,1,2
9846942,0.20705564320087433,0.03869713097810745,0.78542954,1,3
9850942,0.48312851786613464,0.06226004660129547,0.30948937,1,15
9870112,0.3132479190826416,0.06212536245584488,0.382881,1,15
988,0.7340278625488281,0.0653446838259697,0.7849792,1,2
9889072,0.16703054308891296,0.026753557845950127,0.6039897,0,34
9893032,0.2815980613231659,0.05072290822863579,0.44266647,0,31
9909562,0.46096083521842957,0.05812814459204674,0.49082288,1,26
9922122,0.6436910033226013,0.05440938472747803,0.8121331,0,1
9924742,0.5704813599586487,0.058184921741485596,0.5036528,2,13
9939382,0.07952624559402466,7.859543256927282e-05,0.62634104,1,76
9957402,0.4938857853412628,0.062260549515485764,0.31358433,1,15
9973242,0.8206297755241394,0.9894044995307922,0.11675746,0,7
9981522,0.7675583958625793,0.06576119363307953,0.53463066,1,2
9983972,0.26166579127311707,0.02702365443110466,0.4029196,0,20
