node_id,predicted_score,ranking_position
10007042,0.10767798870801926,1
10046442,0.15892189741134644,2
10074432,-0.012830055318772793,3
10077242,0.07408671826124191,4
10093672,0.030350573360919952,5
10104672,0.031149350106716156,6
10107362,0.05373138189315796,7
10125152,0.06006891280412674,8
10125822,0.10993855446577072,9
10130032,0.09506464749574661,10
10138132,0.3333051800727844,11
10144442,0.10461575537919998,12
10166632,0.040744684636592865,13
10214802,-0.032883018255233765,14
10241462,0.02509993314743042,15
10241802,0.07659926265478134,16
10263662,0.06979522854089737,17
10270072,0.06554263085126877,18
10270872,0.03159012272953987,19
10284152,0.007013046182692051,20
1032291,0.03962104767560959,21
10326,0.12996774911880493,22
10332972,0.027343444526195526,23
10348132,0.06350185722112656,24
10367842,0.0633075162768364,25
10507892,0.025116853415966034,26
10523552,0.07524002343416214,27
10524,0.09024321287870407,28
10545772,0.10867097228765488,29
1058591,0.08208122104406357,30
10599392,-0.002035236917436123,31
10609292,0.08004813641309738,32
10618402,0.06316938251256943,33
10638782,0.2985524535179138,34
10645702,0.03063657134771347,35
10651272,0.059869132936000824,36
10659742,0.11439894884824753,37
10701982,0.07084694504737854,38
10717512,0.022917337715625763,39
10722102,0.06006891280412674,40
10728992,0.053999029099941254,41
10732492,0.16045111417770386,42
10750192,-0.014397448860108852,43
10768042,0.02309509366750717,44
10790832,0.18591970205307007,45
10804132,0.09028785675764084,46
1081091,0.04023929685354233,47
10821392,0.04162304848432541,48
10836002,0.08610459417104721,49
1086591,0.018059011548757553,50
10936542,0.08489535003900528,51
10969982,0.04365154355764389,52
10996862,0.029655151069164276,53
1100251,0.13207212090492249,54
11039482,0.08769350498914719,55
1106311,0.0633075162768364,56
11069572,0.06373327225446701,57
11071232,0.10461943596601486,58
11120172,0.10247211903333664,59
1112751,0.08249246329069138,60
11130772,-0.005193627439439297,61
11138972,0.00369065348058939,62
11142222,0.014613834209740162,63
11162812,0.02483990043401718,64
11206912,0.07536589354276657,65
11221192,0.0829303190112114,66
11231562,0.16740232706069946,67
11264322,0.038608185946941376,68
11288162,0.04139416664838791,69
11332342,-0.05813328176736832,70
11347052,-0.007173073478043079,71
11350892,0.3685688376426697,72
11358372,0.04612710326910019,73
11360912,-0.08962855488061905,74
11364652,0.011505299247801304,75
11376132,0.023237906396389008,76
11379982,-0.06672994047403336,77
11395432,0.06392618268728256,78
11402482,0.06316254287958145,79
11425612,0.20673054456710815,80
11442052,0.009634696878492832,81
1147031,0.019415609538555145,82
11541862,0.06812029331922531,83
11550142,0.049924902617931366,84
1160081,0.023901693522930145,85
11606702,0.14213596284389496,86
11620042,0.06988144665956497,87
11625152,0.02457493543624878,88
11626822,0.02178630605340004,89
11650012,0.13033068180084229,90
11672342,0.11211829632520676,91
11702862,0.03322850912809372,92
11724382,0.04240497201681137,93
11726732,0.12748795747756958,94
11763862,0.07428037375211716,95
11767072,0.04009469598531723,96
11769872,0.0707286074757576,97
11770552,-0.0030785268172621727,98
11786302,0.0505673810839653,99
11792612,0.06910207122564316,100
11819122,0.021422378718852997,101
11842342,0.05730173736810684,102
11918842,0.0633075162768364,103
11920922,-0.0052676210179924965,104
11926262,0.055837832391262054,105
11944562,0.05701395124197006,106
11963282,-0.020957298576831818,107
11981952,0.007546105422079563,108
12018412,0.037210237234830856,109
12037502,-0.025082893669605255,110
12062282,0.001980248838663101,111
12080652,0.1295144259929657,112
12081592,0.043350860476493835,113
12114432,0.007158019579946995,114
12115732,-0.012826300226151943,115
12118882,0.07364755123853683,116
12149902,0.030028752982616425,117
12163342,0.05007307976484299,118
12168312,0.06665148586034775,119
12174212,0.012857937254011631,120
12217472,0.0023524099960923195,121
12222522,-0.10424567013978958,122
12227112,0.005329572595655918,123
12230022,0.08219968527555466,124
12264532,-0.005661911331117153,125
12286822,0.05939629673957825,126
12287142,0.05441614240407944,127
12301112,0.08191200345754623,128
12327342,0.0825807973742485,129
12334662,0.1063544973731041,130
12369282,0.08025836199522018,131
12377702,0.0633075162768364,132
12389772,0.12450235337018967,133
12429382,0.006123377941548824,134
12448322,0.032607756555080414,135
12455292,0.08416896313428879,136
12464552,0.02432272583246231,137
12470922,0.032805852591991425,138
1249501,-0.0037928586825728416,139
1253451,0.31301242113113403,140
12618652,0.0966741070151329,141
12623252,0.02258872240781784,142
12650962,-0.04295826703310013,143
1265601,0.07652711123228073,144
12681372,0.0633075162768364,145
12695882,0.021953992545604706,146
12706762,0.10290103405714035,147
12715022,-0.010583317838609219,148
12739402,0.07635851949453354,149
12740012,0.08949562162160873,150
12741382,0.09150581806898117,151
12771132,0.025299839675426483,152
1277191,0.0037775570526719093,153
12783392,0.027081701904535294,154
12787922,-0.11484707146883011,155
12790082,0.12977351248264313,156
12793382,0.03485419601202011,157
12803772,0.10882072895765305,158
12818,0.04142414778470993,159
12874212,-0.01849517971277237,160
1290661,0.006862776353955269,161
12920142,0.09730692952871323,162
12925,0.1492365002632141,163
12952252,0.04893933981657028,164
12964542,0.05553825944662094,165
12966662,0.061201535165309906,166
12967642,0.004267805255949497,167
12973362,0.2258172631263733,168
13008262,0.07455455511808395,169
1304091,0.10123669356107712,170
13043702,-0.0007721846923232079,171
13051142,0.045647911727428436,172
13116482,0.13188320398330688,173
13118432,0.055956028401851654,174
1315431,0.3836321234703064,175
13159492,-0.06700912863016129,176
13170292,0.03841414302587509,177
13211,0.03709792345762253,178
13222222,0.022806309163570404,179
13224342,0.103554867208004,180
13225072,0.09450345486402512,181
13232092,0.06044810265302658,182
13253832,-0.01026908215135336,183
13253992,0.33391088247299194,184
13258742,-0.010330255143344402,185
13264762,0.04461058974266052,186
13285072,0.04333401471376419,187
13291122,0.013441824354231358,188
13302,0.009178095497190952,189
1330691,0.022760950028896332,190
13308842,0.08004289120435715,191
13330612,0.09853111952543259,192
13354182,0.025259576737880707,193
13406742,-0.047836728394031525,194
13454462,0.06471101194620132,195
13466982,0.07968800514936447,196
13467242,0.02691175788640976,197
13473142,-0.017219968140125275,198
13473852,-0.029688425362110138,199
13501922,0.09691935032606125,200
13541632,0.07433011382818222,201
13648652,0.07514273375272751,202
13651452,-0.005319363437592983,203
13654112,0.3338441252708435,204
13722332,0.0012365514412522316,205
13746182,0.055362336337566376,206
13755792,-0.011937475763261318,207
13763362,0.005069010891020298,208
13767032,0.04229115694761276,209
13768662,0.14040261507034302,210
13772282,0.039713047444820404,211
13789152,-0.06007695943117142,212
13797692,0.0517110750079155,213
13894222,0.15501970052719116,214
13897532,-0.03289420157670975,215
13923382,0.03341712802648544,216
13936882,0.05363710597157478,217
13942322,0.02360939234495163,218
13960822,0.08599238842725754,219
13979662,0.06227093189954758,220
14025482,0.02727406471967697,221
14027132,-0.06654603034257889,222
14038472,0.09928365796804428,223
14050355,0.04780449718236923,224
14051473,0.019255004823207855,225
14052933,0.038626037538051605,226
14053148,0.004377137869596481,227
14055022,0.03538797050714493,228
14061925,0.07906582206487656,229
14062948,0.11300580948591232,230
14063351,0.07414226979017258,231
14065315,-0.06017632037401199,232
14066623,0.12098600715398788,233
14069593,0.07524701207876205,234
14070736,0.04058080166578293,235
14070830,0.17628902196884155,236
14073382,-0.005658275447785854,237
14078385,0.0760633572936058,238
14086918,0.08564900606870651,239
14087968,-0.012898570857942104,240
14092350,0.040695346891880035,241
14092673,-0.0026033883914351463,242
14095083,0.009191268123686314,243
14097544,0.1856943964958191,244
14098609,0.09844028204679489,245
14099733,0.06515274196863174,246
14100597,0.0633075162768364,247
14102919,-0.01833028346300125,248
14103852,0.0633075162768364,249
14108775,-0.05058736354112625,250
14109605,0.030667893588542938,251
14110253,-0.05977234989404678,252
14110743,0.10558971017599106,253
14111623,0.06386082619428635,254
14115889,0.0077255601063370705,255
14116517,0.11035727709531784,256
14120099,0.10494206100702286,257
14125985,0.04451053589582443,258
14126174,-0.0759359672665596,259
14126360,-0.017255164682865143,260
14129238,0.03689127415418625,261
14133057,0.007205807603895664,262
14133447,0.077025406062603,263
14133954,-0.03253377228975296,264
14135487,0.07240436226129532,265
14138511,0.006174915470182896,266
14139527,0.0835307314991951,267
14139780,0.09507336467504501,268
14140382,0.08638059347867966,269
14142706,0.04104096442461014,270
14146262,0.04655174911022186,271
14152810,0.05363710597157478,272
14155050,0.05409722775220871,273
14155739,0.09160371869802475,274
14160053,0.013386004604399204,275
14160799,-0.03580344468355179,276
14160956,0.037210237234830856,277
14161205,0.00878299493342638,278
14161889,-0.02233124151825905,279
14163711,0.1459832340478897,280
14164472,0.026495657861232758,281
14167991,0.10585352033376694,282
14169105,0.04097551852464676,283
14170847,-0.01128972228616476,284
14171337,0.025116853415966034,285
14172103,0.14609070122241974,286
14172656,-0.020556442439556122,287
14177779,0.06383081525564194,288
14180279,0.1826317310333252,289
14180577,0.12424164265394211,290
14181437,0.034796468913555145,291
14181937,0.00010569486767053604,292
14186692,-0.008933580480515957,293
14188391,0.04088892787694931,294
14190794,0.061393432319164276,295
14193124,0.05782472342252731,296
14195918,0.03486677259206772,297
14198539,0.10728182643651962,298
14200945,0.03139876574277878,299
14202860,0.022590450942516327,300
14203889,0.004785441793501377,301
14204673,0.07718919962644577,302
14204887,0.04818018525838852,303
14206313,0.09112148731946945,304
14206767,0.01454573217779398,305
14207225,0.11574605852365494,306
14207256,0.041876211762428284,307
14209248,0.05740000307559967,308
14212820,0.013088309206068516,309
14213287,0.07429366558790207,310
14213837,0.037779293954372406,311
14215410,0.06066296249628067,312
14218593,-0.0033344095572829247,313
14219559,-0.018174059689044952,314
14219598,0.039746545255184174,315
14220008,0.046584486961364746,316
14220561,0.04663648456335068,317
14237254,0.14378565549850464,318
14237896,0.0238184854388237,319
14238479,0.09471429139375687,320
14239038,0.007762220688164234,321
14242280,0.07348715513944626,322
14245571,0.11707179993391037,323
14249581,0.0813901498913765,324
14251709,0.030421696603298187,325
14253587,0.03312205523252487,326
14254414,0.06569772213697433,327
14255057,0.10475771874189377,328
14255702,0.07760082930326462,329
14258044,0.0743827149271965,330
14259990,0.05912625044584274,331
14261400,0.06283464282751083,332
14262680,0.13138025999069214,333
14262785,0.13635480403900146,334
14265113,0.03610464185476303,335
14268141,0.025585226714611053,336
14268164,0.07528679817914963,337
14268324,0.06551194936037064,338
14269768,0.04493822902441025,339
14270650,0.18357199430465698,340
14277183,0.020020239055156708,341
14278838,-0.016766317188739777,342
14279461,0.003994458355009556,343
14282136,0.01309188548475504,344
14291706,-0.005193627439439297,345
14294948,0.07511024922132492,346
14299765,0.0833054706454277,347
14300586,0.05882594734430313,348
14301374,0.041479773819446564,349
14301386,0.25294560194015503,350
14301443,-0.06611333042383194,351
14301804,0.03671204298734665,352
14302121,-0.02428615838289261,353
14305154,0.08592327684164047,354
14306885,0.04467540234327316,355
14307465,0.07163234800100327,356
1431301,0.08714806288480759,357
14315043,0.016935907304286957,358
14315063,0.038529202342033386,359
1431551,0.007546105422079563,360
14316661,0.11022325605154037,361
14319626,0.1919073462486267,362
14326094,0.07230957597494125,363
14326743,-0.03244217112660408,364
14328764,0.120469830930233,365
14333927,0.0679229125380516,366
14334937,0.0546124204993248,367
14334981,0.07335897535085678,368
14338426,0.0375111922621727,369
14340048,-0.009848094545304775,370
14342597,0.15173345804214478,371
14344131,-0.027048207819461823,372
14344614,0.0769844725728035,373
14347788,0.04901040345430374,374
14349955,0.03852798789739609,375
14350969,0.10748180001974106,376
14353449,0.06888210028409958,377
14354411,0.0038143033161759377,378
14356416,0.08812933415174484,379
14361342,0.06035440415143967,380
14361793,0.026354096829891205,381
14365965,0.0831746980547905,382
14366450,0.0012073749676346779,383
14366549,0.13527432084083557,384
14368074,0.4097500443458557,385
14372426,0.0633075162768364,386
14372710,0.06705930083990097,387
14373362,0.010219150222837925,388
14376745,0.06246202439069748,389
14380723,-0.009515385143458843,390
14385076,0.10130774229764938,391
14387400,0.0505673810839653,392
14389149,0.056279562413692474,393
14390067,0.05781673640012741,394
14400049,0.11052020639181137,395
14402868,0.054633431136608124,396
14405372,0.0482914075255394,397
14405379,0.10083606094121933,398
14410711,-0.010464048944413662,399
14418930,-0.07337547093629837,400
14420451,0.03727417439222336,401
14420936,-0.04291955381631851,402
14421893,0.06001202017068863,403
14426940,-0.003786749206483364,404
14426992,0.07902797311544418,405
14430556,0.15909886360168457,406
14431629,0.07659926265478134,407
14434688,0.10794465988874435,408
14437066,0.025116853415966034,409
14437161,0.05572109669446945,410
14439519,0.12119489163160324,411
14441617,0.05718686431646347,412
14442244,-0.01259047444909811,413
14442703,0.03258856385946274,414
14444798,0.03935011476278305,415
14444930,-0.017238624393939972,416
14447648,0.08472954481840134,417
14450630,-0.04193652421236038,418
14451294,0.3009853959083557,419
14451981,0.06263884156942368,420
14454433,0.016950450837612152,421
14455718,0.05355682224035263,422
14456344,0.07659926265478134,423
14456828,0.09065579622983932,424
14457848,0.04057537764310837,425
14459159,0.0633075162768364,426
14459303,0.08196883648633957,427
14460783,0.09828903526067734,428
14461330,0.039135538041591644,429
14461792,0.08114779740571976,430
14462500,0.05536555498838425,431
14463102,0.03921922296285629,432
14463675,0.1473526954650879,433
14464020,0.04451053589582443,434
14465317,0.054871730506420135,435
14467222,0.07659926265478134,436
14475952,-0.004361427389085293,437
14476022,0.013389372266829014,438
14479538,0.0647629126906395,439
14479592,0.08617039769887924,440
14483590,0.07865621894598007,441
14484634,0.08364927023649216,442
14499717,0.0482914075255394,443
14501275,0.07948382943868637,444
14505596,0.16551780700683594,445
14506615,0.2504115700721741,446
14508359,0.007803254760801792,447
14512268,0.06665783375501633,448
14513507,0.01392450276762247,449
14514220,0.2519124150276184,450
14514703,0.08564562350511551,451
14516061,0.03930492699146271,452
14519514,0.054689936339855194,453
14519891,0.2842833399772644,454
14521343,0.20271986722946167,455
14521383,0.1796472668647766,456
14521896,-0.020525135099887848,457
14527485,-0.014222330413758755,458
14537873,0.053616516292095184,459
14549852,0.2637006342411041,460
14551274,0.0633075162768364,461
14552124,0.0913810059428215,462
14553715,-0.004760674200952053,463
14554753,0.06486523896455765,464
14555289,0.06062763184309006,465
14558773,0.08923404663801193,466
14560510,0.16713297367095947,467
14564657,0.037813685834407806,468
14574911,0.019075386226177216,469
14578032,0.09026243537664413,470
1458001,0.06631266325712204,471
14581841,0.07182972878217697,472
14590651,0.05914591997861862,473
14599976,0.0819230005145073,474
14605765,0.01820739358663559,475
14625006,0.055373333394527435,476
14642711,0.10368090122938156,477
14647281,0.04700665920972824,478
14662013,0.036871396005153656,479
14680965,-0.020929474383592606,480
14682248,-0.007299355231225491,481
14685548,0.0633075162768364,482
14687072,0.044479213654994965,483
14690122,0.10461146384477615,484
14690638,0.028449080884456635,485
14694370,0.058321207761764526,486
14694965,-0.07790062576532364,487
14695367,0.036387547850608826,488
14696659,0.07218360155820847,489
14696934,0.2166883945465088,490
14700957,0.10354872792959213,491
14702781,0.016292892396450043,492
14707837,0.03553050011396408,493
14710900,0.041491664946079254,494
14711966,0.06190135329961777,495
14715516,0.09328963607549667,496
14716327,0.07259263843297958,497
14719154,0.0633075162768364,498
14719235,0.007724427618086338,499
14720172,0.06986918300390244,500
14720695,0.0633075162768364,501
14721480,0.04386504739522934,502
14721642,0.041458599269390106,503
14726448,0.04280563443899155,504
14727321,0.028638027608394623,505
14727766,0.0558997318148613,506
14728116,0.053187720477581024,507
14730488,-0.021486274898052216,508
14731797,0.048709072172641754,509
14731904,-0.01993400603532791,510
14735417,0.056910060346126556,511
14737175,0.0348488911986351,512
14737298,0.019283615052700043,513
14739557,0.0633075162768364,514
14742505,0.06095486134290695,515
14745620,0.08425315469503403,516
14746865,0.008646720089018345,517
14747961,0.005107560195028782,518
14749267,0.010870360769331455,519
14752933,0.044505536556243896,520
14754547,0.005776592530310154,521
147563,0.07372527569532394,522
14759197,0.07426565140485764,523
14763573,0.007762220688164234,524
14767753,0.05555769056081772,525
14770241,0.03195365518331528,526
14771089,0.024795088917016983,527
14772707,0.1118113175034523,528
14773226,-0.07790062576532364,529
1477511,0.016725830733776093,530
14778372,-0.01743984967470169,531
14778534,0.004127734340727329,532
14778685,0.006780528463423252,533
14783101,0.07708638161420822,534
14785887,0.3101385831832886,535
14786640,0.04839218407869339,536
14788470,0.060654036700725555,537
14788631,0.05130916088819504,538
14790224,0.06660919636487961,539
14792975,0.06576704233884811,540
14793446,0.09306298941373825,541
14794913,0.03942772001028061,542
14795369,0.10841681808233261,543
14796006,0.05495931953191757,544
14799428,0.007724427618086338,545
14799737,0.06390870362520218,546
14802405,0.0688447505235672,547
14803185,0.02789749950170517,548
14808468,0.0602182075381279,549
14812022,0.05246230214834213,550
14813714,0.11042710393667221,551
14818703,0.14787474274635315,552
14824238,-0.0218547061085701,553
14824349,0.14379501342773438,554
14824584,0.1884898543357849,555
14825622,0.079147569835186,556
14825748,0.0724119171500206,557
14828860,0.22156798839569092,558
14828938,0.17238253355026245,559
14829029,-0.008211112581193447,560
14830184,0.13724511861801147,561
14832751,0.0847383365035057,562
14834422,0.0633075162768364,563
14834530,-0.005581296049058437,564
14837785,0.1009756550192833,565
14837803,0.07135412842035294,566
14842910,0.05310880392789841,567
14849301,0.057595036923885345,568
14849643,0.04295427352190018,569
14850673,-0.0010185306891798973,570
14852204,-0.06577218323945999,571
14852216,0.04694121330976486,572
14852377,0.051175884902477264,573
14854384,0.005198650993406773,574
14856432,0.004099869169294834,575
14857310,0.00029813218861818314,576
14858006,0.043211691081523895,577
14861336,0.02796357125043869,578
14863834,0.04962598532438278,579
14866770,0.04454924911260605,580
14871174,0.07292871922254562,581
14871283,0.2457084059715271,582
14872695,0.07659926265478134,583
14875152,0.0007808441296219826,584
14879825,0.11747940629720688,585
14882176,0.046678267419338226,586
14887872,0.033148787915706635,587
14901848,0.14018619060516357,588
14909369,0.1932288408279419,589
14912783,0.027239076793193817,590
14914062,0.0686032697558403,591
14916450,0.05592449754476547,592
14923674,0.14306843280792236,593
14925627,0.04149981588125229,594
14927129,0.0394025556743145,595
14930659,-0.012149960733950138,596
14931988,0.05068235844373703,597
14932486,0.12714898586273193,598
14935079,0.20478248596191406,599
14949111,-0.05071199685335159,600
14950987,0.21827441453933716,601
14951093,0.21959346532821655,602
14951244,0.030283205211162567,603
14951853,-0.03705886751413345,604
14959367,0.09027513116598129,605
14964894,0.03321974724531174,606
14965263,0.06119817867875099,607
14965482,0.09000197798013687,608
14966504,0.12036686390638351,609
14976574,0.00744973961263895,610
14980052,0.032030604779720306,611
14980117,0.03858368843793869,612
14982693,0.011341863311827183,613
14983638,0.08835162967443466,614
14983673,0.10423039644956589,615
14984480,0.059351228177547455,616
14985991,-0.014630026184022427,617
14986396,0.04036182910203934,618
14990262,-0.04343537241220474,619
14992758,0.03375618904829025,620
14994079,-0.006910092197358608,621
14994212,0.029606454074382782,622
14996598,0.07062207907438278,623
15001089,0.060759060084819794,624
15005664,0.09639780968427658,625
15006507,0.026974670588970184,626
15007774,0.05302941054105759,627
15008154,0.019075386226177216,628
15011971,0.07253774255514145,629
15013313,0.0835743173956871,630
15013394,0.030200622975826263,631
15017875,0.05737855285406113,632
15020350,0.08188634365797043,633
15038481,0.06945405155420303,634
15053286,0.016183368861675262,635
15053955,0.03971307724714279,636
15055852,0.061932794749736786,637
15063431,0.08643340319395065,638
15064403,0.04545973986387253,639
15068090,-0.03935123234987259,640
15068456,0.05398442596197128,641
15070780,0.06756120175123215,642
15070923,-0.014852798543870449,643
15073198,0.015232691541314125,644
15074041,-0.007904387079179287,645
15076390,0.6996495127677917,646
15078437,0.13492155075073242,647
15079276,0.027695976197719574,648
15082542,0.01353412214666605,649
15085767,0.07219278067350388,650
15087024,0.07508203387260437,651
15088655,0.0494818314909935,652
15093092,0.11296301335096359,653
15098044,0.016966260969638824,654
15100166,0.1276722252368927,655
15102107,0.03929995745420456,656
15105099,0.06612830609083176,657
15105269,0.4089093804359436,658
15108462,0.02690695971250534,659
15112648,0.12696099281311035,660
15113441,-0.050712473690509796,661
15122176,-0.02481073886156082,662
15127424,-0.06622029095888138,663
15130854,0.09845732897520065,664
15133785,0.032543230801820755,665
15135342,0.007724427618086338,666
15140286,0.03678075224161148,667
15145142,0.10745584219694138,668
15156740,0.22359412908554077,669
15157283,-0.015346080996096134,670
15162962,0.08457975834608078,671
15165724,0.050106070935726166,672
15170581,0.012087398208677769,673
15172774,0.11912111192941666,674
15174079,0.12658938765525818,675
15177325,0.07973327487707138,676
15184942,0.2761535048484802,677
15186408,0.003033631481230259,678
15186722,0.11457353085279465,679
15186787,0.06867008656263351,680
15189995,0.022217892110347748,681
15194724,-0.005106604658067226,682
15197493,0.11260399967432022,683
15200582,0.0453755185008049,684
15202082,0.043638549745082855,685
15207554,0.019385896623134613,686
15212777,0.004422538913786411,687
15220372,0.04199828952550888,688
15221267,0.03545086830854416,689
15225972,0.033190272748470306,690
15231051,-0.002284354530274868,691
15236550,0.04244291037321091,692
15244246,-0.026072897017002106,693
15244650,0.174003005027771,694
15245522,0.0102344686165452,695
15251252,0.15766000747680664,696
15254525,0.051158152520656586,697
15256094,0.03667645901441574,698
15256188,0.28819388151168823,699
15258293,-0.02864300087094307,700
15261848,0.011786156333982944,701
15264436,0.006809228099882603,702
15264854,0.05416255444288254,703
15264996,0.06773992627859116,704
15266031,0.07659926265478134,705
15269276,0.14251485466957092,706
15272006,-0.020929474383592606,707
15272960,0.07624142616987228,708
15279175,0.03862566500902176,709
15285795,0.05436592549085617,710
15286167,-0.010704821906983852,711
15286867,0.06805544346570969,712
15286893,0.06366580724716187,713
15291641,0.1061871275305748,714
15294868,0.09182571619749069,715
15296201,-0.012209868989884853,716
15297709,0.07306680828332901,717
15298719,0.07659926265478134,718
15299357,0.003033631481230259,719
15300081,0.06078197807073593,720
15303316,0.10271584242582321,721
15305959,0.06379245966672897,722
15307206,0.12487035244703293,723
15309336,0.043500833213329315,724
15312421,0.12849712371826172,725
15312645,0.07054441422224045,726
15315375,-0.002284354530274868,727
15319555,0.25118932127952576,728
15322509,0.05174165219068527,729
15324534,0.029586277902126312,730
15326799,0.1261577606201172,731
15328843,0.12807410955429077,732
15328911,-0.007244265638291836,733
15333555,0.05525713413953781,734
15336858,0.037268005311489105,735
15338788,0.12112433463335037,736
15338937,0.08650428801774979,737
15339370,-0.00942117627710104,738
15354381,-0.0026425188407301903,739
15357283,0.03504141420125961,740
15357578,0.069045789539814,741
15359181,0.024392925202846527,742
15365571,0.08512624353170395,743
15370031,0.012056202627718449,744
15374556,-0.07768506556749344,745
15374640,0.07630728930234909,746
15375297,0.0037473971024155617,747
15385010,-0.004332072101533413,748
15385968,0.03309416025876999,749
15390684,0.12124785035848618,750
15394051,0.12482839077711105,751
15400651,0.020294107496738434,752
15404189,-0.09674037247896194,753
15409431,0.07706152647733688,754
15412118,0.11709248274564743,755
15420486,0.1347167193889618,756
15422070,0.05933491140604019,757
15427732,0.11079361289739609,758
15437590,0.0340428426861763,759
15438387,0.0686294361948967,760
15439239,0.002069302834570408,761
15447927,0.05363710597157478,762
15448175,0.0039105648174881935,763
15450146,0.15532329678535461,764
15453188,-0.009685582481324673,765
15453466,0.053078703582286835,766
15461382,0.037210237234830856,767
15465681,-0.08716953545808792,768
15466457,0.09900816529989243,769
15467616,-0.04940832406282425,770
15467653,0.048536933958530426,771
15468731,0.07627003639936447,772
15468968,0.040267616510391235,773
15469032,0.007916982285678387,774
15473329,0.029422365128993988,775
15473834,-0.0037928586825728416,776
15480002,-0.02028874307870865,777
15481749,0.05266333371400833,778
15483913,0.1372867226600647,779
15487691,0.21143299341201782,780
15489180,0.059036873281002045,781
15490016,0.14077162742614746,782
15494593,0.10981237143278122,783
15495146,0.0633075162768364,784
15495322,0.0911378487944603,785
15495464,0.03424110263586044,786
15496979,0.030660055577754974,787
15497454,0.11859845370054245,788
15498363,0.017551831901073456,789
15498654,0.07154422253370285,790
15499069,0.07304414361715317,791
15501729,0.11605917662382126,792
15513388,0.12024804204702377,793
15516881,0.08005482703447342,794
15520859,-0.019665546715259552,795
15521862,0.054229117929935455,796
15527430,0.0356304869055748,797
15527979,0.06614609807729721,798
15531489,0.039994530379772186,799
15546710,0.2653229832649231,800
15549156,0.03663133829832077,801
15557309,0.004477920942008495,802
15559118,0.09842472523450851,803
15567045,0.04215627163648605,804
15570842,0.06975561380386353,805
15572221,0.08412875980138779,806
15574629,0.038218267261981964,807
15577501,0.0633075162768364,808
15582892,0.1383337378501892,809
15585410,0.09375723451375961,810
15585556,0.1061069592833519,811
15592470,-0.017777688801288605,812
15592537,0.04497959464788437,813
15594403,0.028115205466747284,814
15594511,0.07894282788038254,815
15595551,-0.053968943655490875,816
15595652,0.08709996193647385,817
15605407,0.009634696878492832,818
15608670,0.08901374787092209,819
15610416,-0.021586723625659943,820
15610769,0.0633075162768364,821
15613327,0.11699848622083664,822
15619695,-0.019681282341480255,823
15621083,-0.013465623371303082,824
15622705,0.08828996866941452,825
15636498,0.09134431928396225,826
1564111,0.009449713863432407,827
1565151,0.15202981233596802,828
15655753,0.0024178558960556984,829
15658445,0.04162149876356125,830
15664977,0.22827526926994324,831
15669653,0.07992646843194962,832
15723890,0.18083223700523376,833
15728729,0.09749766439199448,834
15730606,0.06840356439352036,835
15739621,-0.0229993537068367,836
15739897,0.15784278512001038,837
15741724,0.08230414241552353,838
15744478,0.013443701900541782,839
15745126,0.029504947364330292,840
15745159,0.09438218921422958,841
15746569,0.018040381371974945,842
15750726,0.03341712802648544,843
15751768,-0.002239649184048176,844
15755677,0.07344549149274826,845
15755923,-0.004786989651620388,846
15755973,0.03613453358411789,847
15757811,0.27807116508483887,848
15758330,0.03197496384382248,849
15760559,0.03294246643781662,850
15765833,0.06243576854467392,851
15769442,0.08650428801774979,852
15770608,0.06125640124082565,853
15773440,0.06973939388990402,854
15777354,0.04535599797964096,855
15777389,-0.0032355552539229393,856
15779986,0.008433573879301548,857
15782326,0.021662496030330658,858
15785068,0.07061564177274704,859
15788707,0.035205863416194916,860
15791504,-0.010161465965211391,861
15791939,0.06779234856367111,862
15792031,-0.004454842768609524,863
15792641,0.052332453429698944,864
15793783,0.04396887868642807,865
15798850,0.09593801945447922,866
15802312,0.03477010875940323,867
15806134,0.010969751514494419,868
15808140,0.05458112806081772,869
15809173,0.046775273978710175,870
15809321,0.016420267522335052,871
15809746,0.07659926265478134,872
15811110,0.17349183559417725,873
15811621,0.013703965581953526,874
15814139,0.10081810504198074,875
15823113,0.04169195145368576,876
15825711,0.09004967659711838,877
15830237,0.018992342054843903,878
15830701,0.07433675974607468,879
15834295,0.222551167011261,880
15834790,0.007546105422079563,881
15837380,0.03217153996229172,882
15838767,0.046887077391147614,883
15840187,-0.02831173688173294,884
15840874,0.027620546519756317,885
15842013,0.07195218652486801,886
15844409,0.14564591646194458,887
15844557,0.04783206433057785,888
15846682,0.1146697923541069,889
15846704,0.11057203263044357,890
15847834,0.0633075162768364,891
1584901,0.08739554136991501,892
15852053,0.14530950784683228,893
15853001,-0.03539053350687027,894
15854271,0.0633075162768364,895
15858295,0.07660689204931259,896
15858376,0.07659926265478134,897
15858413,0.012804427184164524,898
15861560,0.001980248838663101,899
15862005,0.08323179930448532,900
15863862,0.05676130950450897,901
15865288,0.10881244391202927,902
15870683,0.10293465107679367,903
15872224,0.0019562924280762672,904
15872418,0.06571149080991745,905
15878694,-0.008197079412639141,906
15880652,0.03710373491048813,907
15883349,0.03301314264535904,908
1588551,0.05188167840242386,909
15888299,0.018083743751049042,910
15893411,0.04164934903383255,911
15898829,0.003045463003218174,912
15900173,0.05280498415231705,913
15904572,0.059614963829517365,914
15904829,0.09341108053922653,915
15906167,-0.0025219982489943504,916
15906181,0.05204661935567856,917
15907414,0.0963786169886589,918
15911001,-0.022940583527088165,919
15911231,0.004329483024775982,920
15912438,0.07659926265478134,921
15914129,0.1863148808479309,922
15915972,0.03962346166372299,923
15916174,0.041389815509319305,924
15917850,-0.06341908127069473,925
15921624,0.0286078080534935,926
15925598,0.0688813105225563,927
15929023,0.0375111922621727,928
15936819,0.041047386825084686,929
15940236,0.045837901532649994,930
15940603,-0.025616593658924103,931
15940891,0.1024746373295784,932
15941343,0.23492079973220825,933
15947833,0.04339098185300827,934
15949665,0.012187960557639599,935
15953354,0.16164398193359375,936
15954487,0.007091783918440342,937
15957148,0.19726315140724182,938
15964263,0.04550429433584213,939
15969841,-0.007479495368897915,940
15970379,0.12273582071065903,941
15974947,-0.05853021889925003,942
15978226,0.025739572942256927,943
15978412,0.08825307339429855,944
15980543,0.01902901381254196,945
15983683,0.04320358484983444,946
15984635,0.06297623366117477,947
15997671,0.06509669870138168,948
15997827,-0.010161465965211391,949
15998006,0.004477920942008495,950
16001456,0.007315927185118198,951
16004411,0.4960549473762512,952
16010382,0.11085336655378342,953
16014498,0.06296341866254807,954
16016397,-0.03693164139986038,955
16022080,-0.039613015949726105,956
16034907,0.09718730300664902,957
16040695,-0.007700077258050442,958
16042401,0.12189876288175583,959
16045488,0.08002298325300217,960
16045504,0.048536933958530426,961
16045666,0.06047866493463516,962
16047907,0.08401084691286087,963
16050772,0.10303770750761032,964
1605141,0.032086264342069626,965
16052393,-0.04343537241220474,966
16054649,0.1748703122138977,967
16062445,0.07588433474302292,968
16077875,0.1211305782198906,969
16078680,0.050133101642131805,970
16081847,0.060759060084819794,971
16083146,0.058321207761764526,972
16085807,-0.06899384409189224,973
16090188,0.0633075162768364,974
16090877,0.08925505727529526,975
16092470,0.06832680851221085,976
16095075,-0.032769329845905304,977
16096104,0.003707938827574253,978
16099100,0.0030676061287522316,979
16102437,0.4127877354621887,980
16116251,0.11969157308340073,981
16117890,0.014613834209740162,982
16127606,0.05664043873548508,983
16134117,0.004180260933935642,984
16134672,0.15781426429748535,985
16145074,0.03953299671411514,986
16146535,0.1257026195526123,987
16148335,0.12408482283353806,988
16150352,0.02378878742456436,989
16152223,0.0383758619427681,990
16153327,0.02218877524137497,991
16156062,0.11699681729078293,992
16158468,0.027346961200237274,993
16158546,-0.0502820685505867,994
16166839,0.08297313004732132,995
16168272,0.12062286585569382,996
16168407,0.1361694633960724,997
16170886,0.04009469598531723,998
16175266,0.04107063263654709,999
1618581,-0.0040516322478652,1000
16186643,0.09228342026472092,1001
16186782,0.10656218975782394,1002
16188243,-0.03635147958993912,1003
16189104,0.027011536061763763,1004
16190433,0.07835985720157623,1005
16194172,0.15661615133285522,1006
16209040,0.12248926609754562,1007
16213363,0.06583475321531296,1008
16213727,-0.004973298870027065,1009
16214306,-0.002193964086472988,1010
16214599,0.0633075162768364,1011
16217220,0.0922151729464531,1012
16217319,0.08706920593976974,1013
16220573,0.12578123807907104,1014
16227947,0.07040034979581833,1015
16231946,0.08084379881620407,1016
16236786,0.23263627290725708,1017
16244531,0.039624981582164764,1018
16246096,0.016420267522335052,1019
16249208,-0.0046739643439650536,1020
16251682,0.04834748059511185,1021
16254381,-0.04812247306108475,1022
16257494,0.07554822415113449,1023
16261754,0.07063420861959457,1024
16269833,-0.008287674747407436,1025
16273731,0.07486727088689804,1026
16286974,0.004338675178587437,1027
16287203,0.057530276477336884,1028
16295357,-0.005508667789399624,1029
16301912,0.08183258026838303,1030
16303345,0.05396180599927902,1031
16304657,0.0633075162768364,1032
16304739,0.0029667234048247337,1033
16306595,0.18026089668273926,1034
16308740,0.02416287362575531,1035
16316851,0.08993642777204514,1036
16322274,0.0012081796303391457,1037
16333340,-0.0013884874060750008,1038
16335288,0.0094344737008214,1039
16338900,0.03184986487030983,1040
16339549,-0.010273552499711514,1041
16340098,-0.008625931106507778,1042
16344649,0.04527723044157028,1043
16347512,0.12495727092027664,1044
16350797,0.042639754712581635,1045
16351122,0.03328675776720047,1046
16355091,0.06638225167989731,1047
16356533,0.0662713572382927,1048
16356717,0.06523328274488449,1049
16357565,0.01823245733976364,1050
16359962,0.01796574518084526,1051
16365445,0.043055832386016846,1052
16365985,-0.033551909029483795,1053
16366947,0.06818265467882156,1054
16374987,0.006598764099180698,1055
16380856,0.06737294048070908,1056
16394063,0.01833190768957138,1057
16394309,0.030588969588279724,1058
16394517,0.0839092954993248,1059
16395784,0.1086018905043602,1060
16396652,0.05268823355436325,1061
16397377,0.0718991681933403,1062
16399227,0.06990163773298264,1063
16403341,0.08381634205579758,1064
16404717,0.045125626027584076,1065
16406458,0.11538251489400864,1066
16410165,0.06601201742887497,1067
16410966,0.019770972430706024,1068
16411682,-0.010630256496369839,1069
16412744,0.34246474504470825,1070
16420606,0.08268808573484421,1071
16424513,0.07719280570745468,1072
16426613,0.01836540549993515,1073
16428853,0.06583475321531296,1074
16428901,0.10570984333753586,1075
16431844,0.33771318197250366,1076
16433223,0.05924456566572189,1077
16435224,0.11532793194055557,1078
16437938,-0.02803296595811844,1079
16439625,-0.011080390773713589,1080
16439879,0.04206465929746628,1081
16440473,0.050558678805828094,1082
16440855,0.039611540734767914,1083
16444797,0.013728507794439793,1084
16447060,0.4546080231666565,1085
16451087,-0.02865401655435562,1086
16452021,0.0480685755610466,1087
16452950,0.037148408591747284,1088
16454768,0.059790901839733124,1089
16460562,-0.0026581138372421265,1090
16460745,-0.0026581138372421265,1091
16462841,0.036050714552402496,1092
16462880,0.246687114238739,1093
16463885,0.029655151069164276,1094
16464939,0.03822693973779678,1095
16477216,0.07019757479429245,1096
16487708,0.09365551918745041,1097
16489432,0.06073426455259323,1098
16490278,0.02483990043401718,1099
16494857,0.19878405332565308,1100
16499533,0.1062413677573204,1101
16499557,-0.0003506345674395561,1102
16505673,0.05227511376142502,1103
16510377,0.0793997272849083,1104
16511202,0.07402881234884262,1105
16515024,0.029655151069164276,1106
16516106,0.08745127171278,1107
16516483,0.07206796854734421,1108
16517592,-0.06479854136705399,1109
16519098,0.05204661935567856,1110
16521778,-0.004954847507178783,1111
16530997,-0.09538967162370682,1112
16531797,-0.0003506345674395561,1113
16537567,0.0633075162768364,1114
16541717,0.02790028601884842,1115
16541786,0.0414445623755455,1116
16543625,0.01404463592916727,1117
16547885,0.033234886825084686,1118
16548023,0.05237715691328049,1119
16549857,0.06884550303220749,1120
16552022,0.07693435996770859,1121
16552311,-0.02031523734331131,1122
16561129,0.06937741488218307,1123
16561591,0.14601895213127136,1124
16572534,-0.07533545047044754,1125
16572778,-0.030282028019428253,1126
16573966,0.004018534906208515,1127
16575742,-0.0374152734875679,1128
16575853,0.07361113280057907,1129
16579031,-0.014062470756471157,1130
16579074,0.1464805006980896,1131
16585828,-0.014250106178224087,1132
16586626,0.025665469467639923,1133
16593654,0.015323781408369541,1134
16594644,0.061905600130558014,1135
16594962,-0.033214785158634186,1136
16598002,-0.009373492561280727,1137
16601276,0.10854770988225937,1138
16603948,0.0843283161520958,1139
16607015,0.048536933958530426,1140
16611179,0.061313383281230927,1141
16617884,0.06605476886034012,1142
16618029,0.06756363064050674,1143
16619381,0.024529211223125458,1144
16628874,0.0348815843462944,1145
16636746,0.06878911703824997,1146
16636919,0.07813254743814468,1147
16639670,0.060759060084819794,1148
16645520,0.0905822142958641,1149
16646201,0.06810726970434189,1150
16649779,0.012187960557639599,1151
16652658,0.09234777837991714,1152
16661603,0.08764427155256271,1153
16667356,0.029655151069164276,1154
16670897,0.025566689670085907,1155
1668011,0.10614853352308273,1156
16698800,0.13906240463256836,1157
16730276,0.08521228283643723,1158
16743661,0.1255115270614624,1159
16780257,0.13584581017494202,1160
16782103,0.052503593266010284,1161
16782107,0.03450819104909897,1162
16783192,0.012989782728254795,1163
16784574,-0.02572033554315567,1164
16787980,0.03088965266942978,1165
16788703,0.08268808573484421,1166
16788710,0.04872562736272812,1167
16796298,0.011208348907530308,1168
16796683,0.0633075162768364,1169
16813674,0.11336373537778854,1170
16819281,0.08309745043516159,1171
16822115,0.009071015752851963,1172
16830375,-0.06622029095888138,1173
16831357,-0.005989707075059414,1174
16834699,-0.04042968899011612,1175
16839438,0.0165536031126976,1176
16845153,0.2322952151298523,1177
16850092,0.01966264098882675,1178
16851290,0.03035881742835045,1179
16852922,0.06541194766759872,1180
16855827,0.09194811433553696,1181
16858294,0.02796357125043869,1182
16861860,0.0399278923869133,1183
16871327,0.05827601999044418,1184
16871663,0.13171708583831787,1185
16874180,0.10435431450605392,1186
16880649,0.025182239711284637,1187
16884008,0.023150384426116943,1188
16884022,0.0714612826704979,1189
16899287,0.057302527129650116,1190
16908192,0.06447421759366989,1191
16917389,-0.0694691613316536,1192
16918618,0.22591543197631836,1193
16925295,0.01735662668943405,1194
16926826,0.037324659526348114,1195
16928036,0.02795489877462387,1196
16930883,0.035675592720508575,1197
16931885,0.10467877238988876,1198
16933135,-0.015046919696033001,1199
16936384,0.11840008944272995,1200
16940704,0.05498950928449631,1201
16942880,0.007135205902159214,1202
16943465,0.05627763271331787,1203
16945142,0.017615806311368942,1204
16945563,0.017662130296230316,1205
16946002,0.015116744674742222,1206
16954507,0.0633075162768364,1207
16956110,0.061707235872745514,1208
16958365,0.008127444423735142,1209
16958590,0.05608328431844711,1210
16965701,0.00625037495046854,1211
16968979,0.003499978221952915,1212
16971414,-0.017265141010284424,1213
16979008,0.09135227650403976,1214
16980497,-0.0002716565504670143,1215
16986733,0.09068388491868973,1216
16988925,0.0747169479727745,1217
16988986,0.025902651250362396,1218
16991700,0.08198555558919907,1219
16994507,0.006357305683195591,1220
17006804,0.009403281845152378,1221
17022135,0.03154229000210762,1222
17028863,0.03388562053442001,1223
17044292,0.14807897806167603,1224
17044330,0.003925376571714878,1225
17059192,0.07788001745939255,1226
17071990,0.014672213234007359,1227
17083813,0.02326931804418564,1228
17084975,0.06349637359380722,1229
1708661,0.05291413515806198,1230
17090151,-0.03687659651041031,1231
17100370,0.02483680099248886,1232
17100782,0.029260970652103424,1233
17105161,0.14159366488456726,1234
17105262,0.03794937580823898,1235
17107079,0.03542553633451462,1236
17112369,0.05339723080396652,1237
17112843,0.02246188372373581,1238
17115414,0.10989999026060104,1239
17120553,0.015771321952342987,1240
17120614,0.02942541241645813,1241
17129863,0.031245164573192596,1242
17135182,0.07050936669111252,1243
17138727,-0.053646571934223175,1244
17150049,0.09203048795461655,1245
17156411,0.12367644160985947,1246
17164436,0.02844073623418808,1247
17173775,0.6644763350486755,1248
17173819,0.04939036816358566,1249
17176166,0.05568798631429672,1250
17176836,-0.012209868989884853,1251
17191474,0.09893184155225754,1252
17201112,0.31986838579177856,1253
17204571,-0.05462432652711868,1254
17208441,0.043500833213329315,1255
17221081,-0.0010388856753706932,1256
17221781,0.049101464450359344,1257
17221943,0.06858237832784653,1258
17223468,0.035556040704250336,1259
17234887,0.05305048078298569,1260
17235460,-0.00851146038621664,1261
17235677,0.05190328508615494,1262
17238240,0.08590703457593918,1263
17239031,0.014332943595945835,1264
17239946,0.023590736091136932,1265
17240550,0.10342716425657272,1266
17240635,-0.010413779877126217,1267
17245450,0.09818784147500992,1268
17248244,0.11910925060510635,1269
17250640,0.07659926265478134,1270
17258003,-0.02804497629404068,1271
17264531,0.027020923793315887,1272
17266270,-0.02744884043931961,1273
17266551,0.07062207907438278,1274
17275103,0.022604815661907196,1275
17282551,0.02140236645936966,1276
17285878,0.10731267184019089,1277
17291344,0.022078268229961395,1278
17292603,0.011476271785795689,1279
17297261,0.14365142583847046,1280
17300462,0.08080200105905533,1281
17303568,0.07338371872901917,1282
17305642,0.10115935653448105,1283
17313956,0.03137033432722092,1284
17316916,0.07635783404111862,1285
17322769,-0.0666934922337532,1286
17323772,0.271253764629364,1287
17324503,0.01392450276762247,1288
17326261,0.039767615497112274,1289
17335211,-0.033790238201618195,1290
17340590,0.08391081541776657,1291
17349165,0.06518232077360153,1292
17350393,0.01264845672994852,1293
17353001,0.020194165408611298,1294
17354054,0.04012911766767502,1295
17354468,0.14982211589813232,1296
17357985,0.010707520879805088,1297
17359791,0.07066918164491653,1298
17365848,0.1295115351676941,1299
17384357,0.06482764333486557,1300
17388280,-0.025768108665943146,1301
17393514,0.08793624490499496,1302
17398289,-0.007011084817349911,1303
17402349,0.08616828173398972,1304
17404895,0.05732276290655136,1305
17416766,0.025285053998231888,1306
17422097,-0.0318206325173378,1307
17424632,0.04258560389280319,1308
17427120,0.029586277902126312,1309
17431643,0.17960375547409058,1310
17437053,0.027346961200237274,1311
17444939,0.02964099496603012,1312
17451602,0.06683259457349777,1313
17451621,0.09926532953977585,1314
17463636,0.11195283383131027,1315
17465796,0.13054311275482178,1316
17469640,0.046851806342601776,1317
17473799,0.0640498623251915,1318
17477554,0.07927786558866501,1319
17478702,-0.0016541248187422752,1320
17480824,0.12497904151678085,1321
17481122,0.04782143980264664,1322
17481888,0.09110458940267563,1323
17486893,0.33988553285598755,1324
17489909,0.036871396005153656,1325
17490827,0.0879143700003624,1326
17491510,0.0602412149310112,1327
17492541,0.09116312116384506,1328
17497582,0.06822364777326584,1329
17498138,0.207200288772583,1330
17498731,0.0837140902876854,1331
17503213,0.0286078080534935,1332
17513262,-0.046185560524463654,1333
17514047,0.02628835290670395,1334
17514705,0.07326730340719223,1335
17515749,0.08449549973011017,1336
17524742,0.030789248645305634,1337
17526658,-0.022830046713352203,1338
17528783,0.049587540328502655,1339
17530043,-0.007299355231225491,1340
17537187,0.08146948367357254,1341
17540560,0.09137292951345444,1342
17540746,0.14534920454025269,1343
17542666,0.15201956033706665,1344
175473,-0.016578026115894318,1345
17547378,0.05768238753080368,1346
17548348,0.22908300161361694,1347
17548763,0.04424583166837692,1348
17550920,0.09145530313253403,1349
17553103,0.06050204485654831,1350
17553191,0.032607756555080414,1351
17553397,0.030478768050670624,1352
17556659,0.058263830840587616,1353
17558182,0.14858746528625488,1354
17560937,0.01808517426252365,1355
17563020,-0.0021742945536971092,1356
17565891,0.12344252318143845,1357
17565994,0.06735556572675705,1358
1756621,0.0013780826702713966,1359
17567609,0.173301100730896,1360
17570154,0.015915952622890472,1361
17575531,0.031245164573192596,1362
17582384,0.0633075162768364,1363
17586622,0.24121308326721191,1364
17589906,0.0034095579758286476,1365
1759181,0.012553923763334751,1366
17594136,-0.012342876754701138,1367
17602194,0.044174306094646454,1368
17617518,0.04088892787694931,1369
17624589,-0.018641047179698944,1370
17627045,0.02772713452577591,1371
17630489,0.04464184492826462,1372
17644635,0.0482914075255394,1373
17645505,0.18101465702056885,1374
17657810,0.07579084485769272,1375
17658075,0.07126104086637497,1376
17660333,0.05558139830827713,1377
17668238,0.0482914075255394,1378
17673099,0.021979771554470062,1379
17676511,0.0633075162768364,1380
17697991,0.03602602332830429,1381
17708309,0.007546105422079563,1382
17713109,0.029220029711723328,1383
17718867,0.05882594734430313,1384
17719459,0.011079245246946812,1385
17746464,0.024850808084011078,1386
17826349,0.1379217803478241,1387
17827249,0.08558651059865952,1388
17829189,0.0871240422129631,1389
17831577,-0.015780635178089142,1390
17836849,0.01309188548475504,1391
17850012,0.8928627371788025,1392
17850268,0.05943986028432846,1393
17856365,0.009157770313322544,1394
17860158,0.04267788678407669,1395
17862286,0.24931448698043823,1396
17862883,0.17019790410995483,1397
17864134,-0.009658538736402988,1398
17864472,0.0035009840503335,1399
17866516,0.030295543372631073,1400
17877831,-0.005691993050277233,1401
17881987,0.08115177601575851,1402
17885419,0.1902943253517151,1403
17886496,0.11136998981237411,1404
17887849,0.10686727613210678,1405
17888209,0.03025936335325241,1406
17900812,0.1362677812576294,1407
17902979,0.002171986736357212,1408
17909423,0.09490590542554855,1409
17912672,0.04750019311904907,1410
17918441,0.05381044000387192,1411
17924186,0.11927225440740585,1412
17929500,0.01392450276762247,1413
17931722,0.07659926265478134,1414
17934423,0.11219083517789841,1415
17943996,0.20535612106323242,1416
17948234,0.048277609050273895,1417
17955306,-0.005621618591248989,1418
17955640,0.0633075162768364,1419
17956232,0.01545982901006937,1420
17961577,0.020172350108623505,1421
17962349,0.09152662009000778,1422
17963120,-0.051981426775455475,1423
17971670,0.16661912202835083,1424
17973137,0.0588526651263237,1425
17974216,-0.026648707687854767,1426
17978915,0.12461813539266586,1427
17987925,0.06456664204597473,1428
17993853,0.014317923225462437,1429
18000551,0.02741437405347824,1430
18003414,0.06158887594938278,1431
18006637,0.09211956709623337,1432
18010581,-0.008613712154328823,1433
18013276,0.02645917981863022,1434
18014005,0.06749915331602097,1435
18024506,0.011679940856993198,1436
18027230,0.07062207907438278,1437
18031789,-0.002077884040772915,1438
18033114,0.12210928648710251,1439
18034865,0.06451719254255295,1440
18037238,0.024776510894298553,1441
18044059,0.3269818425178528,1442
18045976,0.1255382001399994,1443
18046425,-0.008220202289521694,1444
18047199,0.07251771539449692,1445
18049260,-0.02046583965420723,1446
18050213,0.004363887943327427,1447
18050805,0.029655151069164276,1448
18059285,0.012558096088469028,1449
18064251,-0.004954847507178783,1450
18065267,0.07759129256010056,1451
18067465,0.05527973920106888,1452
18070682,0.007081770338118076,1453
18071286,0.16220444440841675,1454
18079672,0.03873380273580551,1455
18083070,0.08136754482984543,1456
18096326,0.003386908210813999,1457
18102660,0.28253501653671265,1458
18112363,0.08068161457777023,1459
18112998,-0.008197079412639141,1460
18116560,0.006799382157623768,1461
18117244,0.07346897572278976,1462
18119760,0.030157677829265594,1463
18120477,0.0905822142958641,1464
18128517,0.10341476649045944,1465
18132782,0.032206665724515915,1466
18132880,-0.02151653915643692,1467
18134710,0.06503673642873764,1468
18139029,0.01844433695077896,1469
18141609,0.011744909919798374,1470
18149185,0.0482914075255394,1471
18156509,0.07062207907438278,1472
18156806,0.004329483024775982,1473
18162730,0.10924699157476425,1474
18166634,0.0779147669672966,1475
18179554,0.19477885961532593,1476
18183543,0.06873466819524765,1477
18190568,0.08992522209882736,1478
18194029,-0.020578958094120026,1479
18197944,0.0988822802901268,1480
18197971,0.08427173644304276,1481
18198300,0.040395669639110565,1482
18199717,0.03989914804697037,1483
18201948,0.011811451055109501,1484
18202775,-0.010621151886880398,1485
18208795,0.21592170000076294,1486
18211716,-0.05063457041978836,1487
18216488,0.05120949447154999,1488
18217662,-0.007904387079179287,1489
18218255,0.03524663299322128,1490
18220568,0.04320736974477768,1491
18221018,0.17360419034957886,1492
18225076,0.11121021956205368,1493
18226553,0.0014639133587479591,1494
18229080,0.06660377234220505,1495
18229692,0.015332692302763462,1496
18240461,0.02162342518568039,1497
18242426,-0.04865808039903641,1498
182563,0.006896846927702427,1499
18257868,0.11721765249967575,1500
18261996,0.05573134869337082,1501
18262909,0.07018812745809555,1502
18263331,0.006918452680110931,1503
18267236,0.06669808179140091,1504
18273175,0.06366496533155441,1505
18278088,0.07266553491353989,1506
18279690,0.0865253135561943,1507
18279744,0.09869655221700668,1508
18280014,-0.0017047720029950142,1509
18288362,0.08162500709295273,1510
18294221,0.06749176234006882,1511
18301693,0.026659071445465088,1512
18311970,0.03440067917108536,1513
18317966,0.08438887447118759,1514
18326035,0.2107088565826416,1515
18327631,0.07481121271848679,1516
18331325,-0.01122028287500143,1517
1833431,0.04451053589582443,1518
18335602,0.17005902528762817,1519
18336787,0.05124162882566452,1520
18338903,0.059023208916187286,1521
18343473,0.045532576739788055,1522
18349132,0.06158887594938278,1523
18350445,0.007158019579946995,1524
18352189,-0.023011259734630585,1525
18353496,0.22811627388000488,1526
18354470,0.0680345818400383,1527
18360110,0.11451127380132675,1528
18361955,0.08181300014257431,1529
18362842,0.05731935799121857,1530
18366220,0.004287694580852985,1531
18380360,0.07300066202878952,1532
18382715,-0.013955838046967983,1533
18390476,-0.056033410131931305,1534
18392870,0.014456518925726414,1535
18398842,0.12711316347122192,1536
18402562,-0.055732257664203644,1537
18403763,0.05056428164243698,1538
18405034,0.07954714447259903,1539
18413484,0.11116044968366623,1540
18413922,0.08771529048681259,1541
18416284,0.07181369513273239,1542
18419709,0.0441092774271965,1543
18441690,-0.032883018255233765,1544
18444724,0.059021107852458954,1545
18446235,0.01023389957845211,1546
18448748,0.04934696853160858,1547
18454132,0.04264017194509506,1548
18454167,0.0493619367480278,1549
18462658,0.06746844202280045,1550
18470677,-0.07794202119112015,1551
18475357,0.0488906055688858,1552
18479406,0.06241115182638168,1553
18481392,-0.023673154413700104,1554
18485036,0.02874808758497238,1555
18490620,0.14179283380508423,1556
18503945,0.054787151515483856,1557
18506582,0.0633075162768364,1558
18516935,0.10305552929639816,1559
18521819,0.03859224170446396,1560
18529500,0.08612843602895737,1561
18531868,0.018059011548757553,1562
18532459,-0.08321187645196915,1563
18535985,0.08915805071592331,1564
18536192,0.009876125492155552,1565
18551792,0.01288213673979044,1566
18551889,0.03794937580823898,1567
18552677,0.08284684270620346,1568
18555730,0.03582625836133957,1569
18555743,0.024984173476696014,1570
18559873,0.06324999779462814,1571
18567925,-0.07383281737565994,1572
18581150,-0.010652399621903896,1573
18581294,0.21840965747833252,1574
18581681,0.03673916310071945,1575
18582171,0.06415461748838425,1576
18584267,0.05509897321462631,1577
18585448,0.11931634694337845,1578
18586159,-0.0739210918545723,1579
18589172,0.07062207907438278,1580
18593382,0.05023174732923508,1581
18594226,0.09222636371850967,1582
18595063,0.0633075162768364,1583
18602421,0.23143905401229858,1584
18606802,-0.1056821420788765,1585
18608117,0.011811451055109501,1586
18610863,-0.0002799099311232567,1587
18617401,-0.054404087364673615,1588
18619137,0.037032537162303925,1589
18619708,0.06893482059240341,1590
18623167,0.07560843229293823,1591
18624195,0.029655151069164276,1592
18628195,0.02578454464673996,1593
18629050,0.018779300153255463,1594
18635869,0.07079478353261948,1595
18636844,-0.008471972309052944,1596
18637875,0.08150114864110947,1597
18638637,-0.05863446742296219,1598
18645243,0.08866127580404282,1599
18652644,0.07527189701795578,1600
18652948,0.019144050776958466,1601
18653078,-0.007173073478043079,1602
18657917,0.02796357125043869,1603
18659105,0.033151887357234955,1604
1865971,0.03590189665555954,1605
18660521,0.14791402220726013,1606
18668930,0.011701696552336216,1607
18675144,0.1227097436785698,1608
18675238,0.03915128856897354,1609
18676090,0.07038908451795578,1610
18677238,0.04782756417989731,1611
18693436,0.04070659726858139,1612
18695536,0.048437051475048065,1613
18709845,0.038910217583179474,1614
18716273,0.021433643996715546,1615
18717493,0.04573916643857956,1616
18717494,0.0525466725230217,1617
18718930,0.16573011875152588,1618
18721173,0.06201990693807602,1619
18725918,-0.03748784214258194,1620
18726713,0.02986278384923935,1621
18734728,0.03452318161725998,1622
18741333,0.05268823355436325,1623
18741505,0.046584486961364746,1624
18745797,-0.09537679702043533,1625
18746965,-0.010853550396859646,1626
18760928,0.06905723363161087,1627
18762666,0.06350459903478622,1628
18762748,0.02099359780550003,1629
18775043,0.07430178672075272,1630
18781217,0.02368731051683426,1631
18797739,0.06415461748838425,1632
18817130,0.0036127502098679543,1633
18826341,-0.020495213568210602,1634
18843449,0.08205779641866684,1635
18882655,0.007008873857557774,1636
18886013,-0.0859714224934578,1637
18888190,0.08616333454847336,1638
18895320,0.018821530044078827,1639
18897854,0.009634696878492832,1640
18906662,0.054863475263118744,1641
18907487,0.10229270905256271,1642
18908187,0.2067740559577942,1643
18908676,0.14901426434516907,1644
18912014,0.06060066074132919,1645
18916680,-0.003646678291261196,1646
18923296,0.0534316822886467,1647
18925783,0.07081080228090286,1648
18940999,0.00816252175718546,1649
18943482,0.014844679273664951,1650
18950167,0.05865388363599777,1651
18952281,0.1361302137374878,1652
18953636,-0.0032355552539229393,1653
18954398,0.15954357385635376,1654
18956041,0.09314196556806564,1655
18959428,0.07567178457975388,1656
18961908,0.08500724285840988,1657
18968381,0.0059469277039170265,1658
18970302,0.019790105521678925,1659
18971863,0.05356185883283615,1660
18975155,0.11104267090559006,1661
18978733,-0.02901608496904373,1662
18982304,0.07698201388120651,1663
18983688,0.049717895686626434,1664
18988350,0.12991273403167725,1665
18993967,0.007586234249174595,1666
19000184,0.11166711896657944,1667
19004086,0.11170249432325363,1668
19012615,0.059847451746463776,1669
19017473,-0.025768108665943146,1670
19017785,0.012060576118528843,1671
19021911,0.02562948316335678,1672
19022050,0.0770648643374443,1673
19023607,0.003045463003218174,1674
19024376,0.02833562344312668,1675
19026329,-0.02145252376794815,1676
19033871,0.023124374449253082,1677
19041419,-0.06375551968812943,1678
19041498,0.0029968442395329475,1679
19042570,-0.009848094545304775,1680
19043458,0.09943043440580368,1681
19045839,0.09507336467504501,1682
19046394,-0.04343537241220474,1683
19050831,0.14023426175117493,1684
19058868,0.07184799760580063,1685
19063439,0.0009659463539719582,1686
19063796,0.0762363001704216,1687
19070417,0.009634696878492832,1688
19078792,-0.00519228633493185,1689
19084896,0.11014663428068161,1690
19087305,-0.05442778021097183,1691
19094564,0.01831846684217453,1692
19098264,0.03348427265882492,1693
19099851,0.08231031149625778,1694
19103957,0.0502706840634346,1695
19105135,0.06522684544324875,1696
19105285,0.029683642089366913,1697
19106350,0.05272173136472702,1698
19109577,0.0633075162768364,1699
19109908,0.11909573525190353,1700
19110217,0.039249591529369354,1701
19112266,0.06401892751455307,1702
19115353,0.03406357020139694,1703
19131792,0.0004628235474228859,1704
19148918,0.06327860802412033,1705
19154583,0.07298431545495987,1706
19154612,-0.008792704902589321,1707
19160730,0.010905676521360874,1708
19175670,0.023527368903160095,1709
19176674,0.06920041888952255,1710
19177397,0.0286078080534935,1711
19186482,0.07765575498342514,1712
19187629,0.015179838053882122,1713
19190374,-0.0038009649142622948,1714
19198433,0.00029813218861818314,1715
19202226,0.07898321002721786,1716
19202272,0.14763832092285156,1717
19206896,-0.03657875210046768,1718
19209706,0.020416326820850372,1719
19215129,0.08978518098592758,1720
19216244,-0.03310544043779373,1721
19219542,0.0053341323509812355,1722
19224821,0.0633075162768364,1723
19237148,0.03878026828169823,1724
19241013,0.16548237204551697,1725
19248432,0.07376997917890549,1726
19252644,-0.026701219379901886,1727
19264957,0.05421023815870285,1728
19268192,0.10179118067026138,1729
19269161,-0.02869076281785965,1730
19279528,0.043414391577243805,1731
19285776,-0.007417581044137478,1732
19298258,0.028578825294971466,1733
19314095,0.03524663299322128,1734
19314660,0.06985380500555038,1735
19315174,0.18332958221435547,1736
19315920,0.020320884883403778,1737
19320233,0.15185236930847168,1738
19333638,0.002992444671690464,1739
19343267,0.17096686363220215,1740
19343291,0.027278713881969452,1741
19346657,0.0633075162768364,1742
19346768,0.007236623205244541,1743
19351120,0.04231113940477371,1744
19354217,0.03428321331739426,1745
19357404,0.025116853415966034,1746
19358432,0.06397014111280441,1747
19359749,0.09422581642866135,1748
19360333,0.14510512351989746,1749
19361498,0.0481015220284462,1750
19365413,-0.012209868989884853,1751
19386907,0.022583238780498505,1752
19391596,0.06387191265821457,1753
19391687,0.03794937580823898,1754
19391788,-0.01660335808992386,1755
19393442,0.06765555590391159,1756
19394410,0.01623234897851944,1757
19396079,0.013392945751547813,1758
19401409,0.0849251076579094,1759
19402839,0.055239252746105194,1760
19412536,0.029307745397090912,1761
19430884,0.00040280167013406754,1762
19432346,0.08843553811311722,1763
19444649,0.05890793353319168,1764
19445903,0.15150487422943115,1765
19447907,0.12029068917036057,1766
19451823,0.06362589448690414,1767
19457100,-0.01510817464441061,1768
19461979,-0.0397418811917305,1769
19467242,0.038102276623249054,1770
19477342,-0.04961613565683365,1771
19479061,0.11106257885694504,1772
19479376,0.040154360234737396,1773
19484555,0.0009606415405869484,1774
19484754,0.03742583841085434,1775
19489212,0.1677919626235962,1776
19494042,0.0633075162768364,1777
19496091,0.05454447120428085,1778
19499465,0.05496605485677719,1779
19503548,0.025203369557857513,1780
19504234,0.0633075162768364,1781
19519102,-0.03010553866624832,1782
19520915,-0.02864300087094307,1783
19524140,0.08765465766191483,1784
19529802,0.02626674622297287,1785
19535157,0.02806174010038376,1786
19539658,0.10491620749235153,1787
19543485,0.10849650949239731,1788
19544422,0.03467630594968796,1789
19546355,-0.03103930503129959,1790
19549139,0.059953294694423676,1791
19552939,0.030244283378124237,1792
1955631,0.05673115700483322,1793
19564125,0.08217563480138779,1794
19570101,0.0633075162768364,1795
19584156,0.008816906251013279,1796
19588662,0.06057962030172348,1797
19607062,-0.05166549235582352,1798
19608617,0.0635405108332634,1799
19609221,0.08965084701776505,1800
19609948,0.10514237731695175,1801
19621874,0.04264017194509506,1802
19624059,0.42188864946365356,1803
19624691,0.05862309783697128,1804
19634279,0.0707382783293724,1805
19645587,-0.009690678678452969,1806
19649695,0.04438167065382004,1807
19650585,-0.020489640533924103,1808
19661200,0.02808486670255661,1809
19664443,0.00969285611063242,1810
19667401,0.022239290177822113,1811
19667423,-0.026069559156894684,1812
19670016,0.05867370218038559,1813
19679411,0.02072923630475998,1814
19686924,0.5619860291481018,1815
19693207,0.0920310840010643,1816
19712980,0.10895023494958878,1817
19720889,0.05360665172338486,1818
19722414,0.06850378960371017,1819
19725084,0.044529907405376434,1820
19732108,-0.005141532979905605,1821
19739122,0.041822127997875214,1822
19744614,-0.03708804398775101,1823
19745574,0.1447465717792511,1824
19748714,0.0633075162768364,1825
19750906,0.05303173512220383,1826
19753032,0.0094344737008214,1827
19757493,0.06485753506422043,1828
19764560,0.07659926265478134,1829
19765005,0.06562545150518417,1830
19770634,0.035451240837574005,1831
19779229,0.04640179127454758,1832
19779249,0.0373401865363121,1833
19782176,0.05068393796682358,1834
19787521,0.12621670961380005,1835
19791945,0.14175066351890564,1836
19792412,0.12322690337896347,1837
19801854,-0.03959126025438309,1838
19803042,0.0944095179438591,1839
19808025,0.1645687222480774,1840
19849576,-0.010158292017877102,1841
19860841,-0.00853628572076559,1842
19896151,0.012449675239622593,1843
19896681,-0.005678272806107998,1844
19904805,0.05288069695234299,1845
19926939,0.03964564949274063,1846
19935554,0.025116853415966034,1847
19942754,0.04506152123212814,1848
19954665,0.027816735208034515,1849
19956215,-0.10428483039140701,1850
19960087,0.05172916501760483,1851
19991155,0.033404938876628876,1852
20011468,0.029655151069164276,1853
20019278,0.029655151069164276,1854
20021195,0.023210935294628143,1855
20024547,0.044830553233623505,1856
20026791,-0.04823244363069534,1857
20035061,-0.003674096427857876,1858
20065266,0.10391721874475479,1859
20077017,0.08864808827638626,1860
20082550,0.06996866315603256,1861
20086401,0.0952356681227684,1862
20088940,0.02728401869535446,1863
20091551,0.07062207907438278,1864
20109855,0.00969033781439066,1865
20112492,-0.03708804398775101,1866
20113397,0.12860530614852905,1867
20150376,-0.02497250586748123,1868
20154719,0.026724517345428467,1869
20158964,0.042639754712581635,1870
20164970,0.05536513775587082,1871
20168604,-0.028526671230793,1872
20183009,0.01639055460691452,1873
20195474,0.02892889827489853,1874
20199054,0.04777560383081436,1875
20199133,-0.003845715895295143,1876
20203570,0.047199659049510956,1877
20205482,-0.0005866950377821922,1878
20210157,0.05859600752592087,1879
20214703,0.044830553233623505,1880
20220400,0.049486540257930756,1881
20234402,0.0018989527598023415,1882
20236489,0.04425825923681259,1883
20244205,-0.08145881444215775,1884
20253599,0.03638168424367905,1885
20268544,-0.06659141927957535,1886
20274736,0.05259939283132553,1887
20283,0.03140156716108322,1888
20285007,0.07449015229940414,1889
20288478,0.020416326820850372,1890
20297525,0.0633075162768364,1891
20300556,0.014443718828260899,1892
20311466,0.030133821070194244,1893
20322060,0.06735744327306747,1894
20322928,0.043500833213329315,1895
20325190,0.14089500904083252,1896
20346756,-0.09578443318605423,1897
20351750,0.031800560653209686,1898
20352155,0.08842413872480392,1899
20355846,0.10905372351408005,1900
20370618,0.06103404983878136,1901
20370789,0.04515667259693146,1902
20378448,0.07764103263616562,1903
20384431,0.054892055690288544,1904
20385558,3.581587225198746e-05,1905
20402581,0.11729615181684494,1906
20411676,-0.022448576986789703,1907
20414967,0.11911993473768234,1908
20417378,0.04691760987043381,1909
20418312,0.048277609050273895,1910
20420442,0.11055769771337509,1911
20466461,0.11390417069196701,1912
20468744,0.004785441793501377,1913
20473453,0.08432593196630478,1914
20478132,0.17971569299697876,1915
20494264,0.11739525943994522,1916
20504742,0.048277609050273895,1917
20510315,0.05323449522256851,1918
20529138,0.03088124841451645,1919
20529281,0.0959312841296196,1920
20536317,0.07320600003004074,1921
20537065,0.020484797656536102,1922
20548784,0.07818876951932907,1923
20567161,0.14623603224754333,1924
20567252,0.020416326820850372,1925
20570095,0.07132520526647568,1926
20573668,0.10190575569868088,1927
20576509,0.054178111255168915,1928
20579309,0.12903355062007904,1929
20596035,0.05882594734430313,1930
20599451,-0.009515385143458843,1931
20607973,0.027649305760860443,1932
20613460,-0.02831173688173294,1933
20635870,-0.01712069660425186,1934
20638270,0.0972711369395256,1935
20641802,0.09489896148443222,1936
20650869,0.0036697620525956154,1937
20657078,0.2520712614059448,1938
20657429,0.07659926265478134,1939
20659066,0.10929813235998154,1940
20661527,0.25805920362472534,1941
20693960,0.00981175247579813,1942
20697142,0.08537565916776657,1943
20708884,0.11658965796232224,1944
20716296,0.010581218637526035,1945
20719354,0.23068767786026,1946
20724218,0.08284454792737961,1947
20725832,0.027956299483776093,1948
20726522,0.05430644005537033,1949
20734423,0.27257102727890015,1950
20745227,0.078276626765728,1951
20745274,0.07556217163801193,1952
20765649,0.05736186355352402,1953
20767940,0.043840669095516205,1954
20771592,-0.06893927603960037,1955
20775769,0.04827757924795151,1956
20780856,0.029655151069164276,1957
20782744,0.07659926265478134,1958
20788139,0.15262223780155182,1959
20790544,0.006828561425209045,1960
20791477,-0.0007112687453627586,1961
20794585,-0.012209868989884853,1962
20795697,0.10467024892568588,1963
20806196,0.12733697891235352,1964
20808933,0.15696096420288086,1965
20813871,0.06348856538534164,1966
20817803,0.05761810392141342,1967
20821109,0.029655151069164276,1968
20851551,0.15842404961585999,1969
20851795,0.10152771323919296,1970
20852423,0.06998013705015182,1971
20859704,0.0823313519358635,1972
20863618,0.020564161241054535,1973
20873,0.03230634331703186,1974
20893623,0.04772036522626877,1975
20920377,0.10693608969449997,1976
20928893,0.19610530138015747,1977
20961576,-0.029722608625888824,1978
20974633,-0.017340339720249176,1979
20974986,-0.03327680379152298,1980
20978193,0.03748137503862381,1981
20993726,0.05158137530088425,1982
21001897,0.06062846630811691,1983
21018685,7.974449545145035e-05,1984
21030225,-0.07998216897249222,1985
2103501,0.03450819104909897,1986
21044126,0.31305360794067383,1987
21053220,0.051096342504024506,1988
21060795,0.044830553233623505,1989
21062689,0.08122541755437851,1990
21069104,0.012156658805906773,1991
21072539,0.02105962485074997,1992
21081275,0.06753287464380264,1993
21085123,-0.046594806015491486,1994
21093392,0.3200806975364685,1995
21128914,-0.004790729843080044,1996
21145162,0.05882594734430313,1997
21146733,0.02488228678703308,1998
21161755,0.048536933958530426,1999
21165967,0.11431293934583664,2000
21170661,0.04057949036359787,2001
21175294,0.03472220152616501,2002
21177451,0.0675719678401947,2003
21187585,0.029655151069164276,2004
2119161,0.04088892787694931,2005
21192419,0.07753518968820572,2006
21193380,0.0588797852396965,2007
21193728,0.05606069415807724,2008
21203278,0.10366984456777573,2009
21204595,-0.015988178551197052,2010
21207933,0.04451899975538254,2011
21219434,0.045033834874629974,2012
21222599,0.005653792060911655,2013
21231872,0.02039521187543869,2014
21237512,0.16615581512451172,2015
21242674,0.003984146751463413,2016
21248230,0.08618462830781937,2017
21249293,0.04296167939901352,2018
21250871,0.00010569486767053604,2019
21261486,0.11450888961553574,2020
21266715,0.1740437150001526,2021
21269579,-0.006265616975724697,2022
21278729,0.048536933958530426,2023
21282497,0.04629173129796982,2024
21303582,0.0840565487742424,2025
21326273,0.009905689395964146,2026
21327648,0.07062207907438278,2027
21345004,0.11342035979032516,2028
21348792,0.11543076485395432,2029
21351802,0.009634696878492832,2030
21352055,0.08466055244207382,2031
21362085,0.03048902004957199,2032
21368708,0.0286078080534935,2033
21371439,-0.00257915910333395,2034
21372580,0.027370743453502655,2035
21377185,0.002001428045332432,2036
21381690,0.10878648608922958,2037
21395752,0.08134546130895615,2038
2140491,0.15528041124343872,2039
21406735,-0.02310563623905182,2040
21408157,0.007623353041708469,2041
21408711,-0.007110959850251675,2042
21413138,0.08222872763872147,2043
21421864,0.08329487591981888,2044
21425652,0.05250067263841629,2045
21428883,-0.006749368272721767,2046
21437676,0.04406677931547165,2047
21454987,0.1594618558883667,2048
21463619,0.035998255014419556,2049
21470154,0.0633075162768364,2050
21475280,0.01572319120168686,2051
21476327,0.005107560195028782,2052
21488707,0.025823555886745453,2053
21491565,0.015010454691946507,2054
21494085,0.1187431737780571,2055
21499200,0.057057127356529236,2056
21501777,0.04007423669099808,2057
21526244,0.03318657726049423,2058
21543550,0.02658741921186447,2059
21548052,0.05760478228330612,2060
21550185,0.162830650806427,2061
21554726,0.014960073865950108,2062
21583614,0.04358414560556412,2063
21588987,0.08422496169805527,2064
21590617,0.06223481148481369,2065
21599056,0.04661449044942856,2066
21624641,0.08650428801774979,2067
21625645,0.013641499914228916,2068
21640610,0.037756942212581635,2069
21644106,0.08009513467550278,2070
21653078,0.04094075411558151,2071
21654561,0.116420678794384,2072
21661811,0.008310399018228054,2073
21664865,0.05530058592557907,2074
21672624,0.09570088237524033,2075
21676304,0.03436993807554245,2076
21702193,-0.0793871358036995,2077
21706932,0.004058622755110264,2078
21710124,0.11967384070158005,2079
21711002,-0.007013863883912563,2080
21712968,0.03279176354408264,2081
21719730,0.0633075162768364,2082
21730822,0.056853801012039185,2083
21733345,0.14142531156539917,2084
21742949,0.012493067421019077,2085
21747701,0.05268775671720505,2086
21749388,0.11399289220571518,2087
21764132,0.0234028622508049,2088
21765190,0.005286955274641514,2089
21781613,0.016292892396450043,2090
21789095,0.08434855192899704,2091
21797153,0.05591898411512375,2092
21798081,0.06679975241422653,2093
21800616,0.03330840915441513,2094
21808399,-0.01913631707429886,2095
21808591,0.02688422054052353,2096
21812403,0.1424587368965149,2097
21818817,0.013641499914228916,2098
21819083,0.11260756105184555,2099
21819639,0.04279576987028122,2100
21832091,0.06721829622983932,2101
21838881,0.06306367367506027,2102
21841080,-0.06452382355928421,2103
21841872,0.032095231115818024,2104
21842565,0.11935480684041977,2105
21845131,0.03374888747930527,2106
21852268,-0.026069559156894684,2107
21865855,0.05749606341123581,2108
21870772,0.13011226058006287,2109
21875520,0.08396890014410019,2110
21878443,0.10230686515569687,2111
21890179,0.11751414835453033,2112
21897900,0.0581919327378273,2113
21908551,0.08503442257642746,2114
21924231,0.05236714333295822,2115
21960339,-0.05741853266954422,2116
21969601,-0.031233854591846466,2117
21996162,0.027443625032901764,2118
22025346,0.048869065940380096,2119
22025998,-0.05225575715303421,2120
22026917,0.06723948568105698,2121
22026974,0.12175159901380539,2122
22027704,-0.020790107548236847,2123
22028219,-0.007011084817349911,2124
22035170,-0.04291955381631851,2125
22039728,0.02306678146123886,2126
22040276,0.12977886199951172,2127
22043224,0.10732030123472214,2128
22043768,0.10032709687948227,2129
22052371,-0.00942117627710104,2130
22059105,0.015101277269423008,2131
22069883,0.035713277757167816,2132
22071998,0.018456898629665375,2133
22078338,0.04295427352190018,2134
2207861,0.07630074769258499,2135
22094377,-0.00306039210408926,2136
22098829,0.013385378755629063,2137
22104014,0.02553146332502365,2138
22108726,0.027504615485668182,2139
22115490,0.07816462963819504,2140
22120173,0.10062994807958603,2141
22123886,0.040883712470531464,2142
22126862,0.022209428250789642,2143
22133603,0.009071015752851963,2144
22147816,0.07748895138502121,2145
22168649,0.019790105521678925,2146
22169218,0.1164223924279213,2147
22174265,-0.006932145915925503,2148
22183550,-0.010158292017877102,2149
22192769,0.02104278653860092,2150
22198749,0.05882594734430313,2151
22210647,0.06328323483467102,2152
22210679,-0.011318710632622242,2153
22211080,0.04935293644666672,2154
22216682,0.024141058325767517,2155
22217321,0.08264173567295074,2156
22229716,0.09695383161306381,2157
22231178,0.047913990914821625,2158
22239541,-0.005457228980958462,2159
22242176,0.1583651304244995,2160
22242395,0.002087973989546299,2161
22245744,0.031027071177959442,2162
22270734,0.057980962097644806,2163
22271534,0.08332549780607224,2164
22284693,0.040420062839984894,2165
22295588,0.09165575355291367,2166
22297849,-0.007417581044137478,2167
22299209,0.04420336335897446,2168
22303562,0.2977412939071655,2169
22317106,0.07659926265478134,2170
2232381,0.02483990043401718,2171
22324656,0.057644568383693695,2172
22327443,0.0286078080534935,2173
22341818,0.009634696878492832,2174
22343542,0.11048492044210434,2175
22343946,0.018327564001083374,2176
22358960,0.038416288793087006,2177
22372182,0.10451219230890274,2178
22382483,0.0047432417050004005,2179
22384688,0.06338214129209518,2180
22399021,0.06344715505838394,2181
22400810,0.10330703109502792,2182
22403779,0.01823245733976364,2183
22425685,0.041988663375377655,2184
22428105,0.06935598701238632,2185
22428125,0.039660900831222534,2186
22432632,-0.04074067622423172,2187
2243311,0.011339359916746616,2188
22443806,-0.006749368272721767,2189
22450755,0.01695256680250168,2190
22455366,0.018419913947582245,2191
22455413,0.015235804952681065,2192
22461427,1.5626001358032227,2193
22463905,0.09227549284696579,2194
22470620,0.009634696878492832,2195
22489157,0.061201535165309906,2196
22495490,-0.11158979684114456,2197
22498142,-0.052198298275470734,2198
22523228,0.1481652855873108,2199
22545389,0.010333438403904438,2200
22546379,0.05562131851911545,2201
22547653,0.05802147835493088,2202
22550427,-0.019551999866962433,2203
22552819,0.02796357125043869,2204
22554654,0.12321489304304123,2205
22559810,0.10084474831819534,2206
22570815,0.01820739358663559,2207
22574003,0.06490805000066757,2208
22578352,0.15664488077163696,2209
22599782,0.0633075162768364,2210
22604125,0.10763008147478104,2211
22606755,0.027353443205356598,2212
22613561,0.0706339105963707,2213
22629285,0.032618872821331024,2214
22629977,0.019555285573005676,2215
2264811,0.03762363642454147,2216
22668964,0.05363710597157478,2217
22673770,0.005291336216032505,2218
22675994,0.06777804344892502,2219
22694068,-0.012209868989884853,2220
22698646,-0.021710611879825592,2221
22701625,0.06422176212072372,2222
22738931,-0.00018215831369161606,2223
22744477,0.019001521170139313,2224
22746133,-0.04291955381631851,2225
22746993,0.015222662128508091,2226
22747266,0.047406189143657684,2227
22750634,-0.016515381634235382,2228
22778375,0.08553903549909592,2229
22794532,0.02412896603345871,2230
22810726,0.06968369334936142,2231
22811603,0.04220752418041229,2232
22816200,0.029438916593790054,2233
22821611,0.0465201810002327,2234
22832829,0.11088978499174118,2235
22836014,0.012060576118528843,2236
22875636,0.045264653861522675,2237
22888911,0.006237261928617954,2238
22890237,-0.014575487934052944,2239
2289831,0.06984765082597733,2240
22918836,0.05341469496488571,2241
22942992,0.06719105690717697,2242
22951944,0.20631736516952515,2243
22952068,0.01212810818105936,2244
229523,0.0923982784152031,2245
22955009,0.1880664825439453,2246
22955144,0.0633075162768364,2247
22975077,0.10378136485815048,2248
2298661,0.10220106691122055,2249
23015762,0.15132293105125427,2250
23016489,0.05763176828622818,2251
23076156,0.027239076793193817,2252
23091045,0.003047400154173374,2253
23102115,0.14753985404968262,2254
23103935,0.07879965752363205,2255
23130671,0.0375111922621727,2256
23132210,-0.02945858985185623,2257
23134293,0.03494399040937424,2258
23135992,0.23160988092422485,2259
23142308,0.059626512229442596,2260
23155139,0.038173872977495193,2261
23160361,0.10961353033781052,2262
23173341,0.0828205868601799,2263
23174831,0.09596579521894455,2264
23175674,-0.02861512452363968,2265
23186374,0.037323541939258575,2266
23192594,-0.0003581112250685692,2267
23200315,0.0339667946100235,2268
23202105,0.005107560195028782,2269
23206952,-0.06245113164186478,2270
23208011,-0.05105520039796829,2271
23218852,0.1385735273361206,2272
23219721,0.0633075162768364,2273
23225221,0.20512175559997559,2274
23231036,0.05799712985754013,2275
23236261,0.02584882825613022,2276
23240683,-0.0734025314450264,2277
23256816,0.07785474509000778,2278
23281198,0.06190114468336105,2279
23294276,-0.012209868989884853,2280
23299628,-0.01668456941843033,2281
23300429,0.11513131111860275,2282
23307551,-0.058294303715229034,2283
23317513,0.030419759452342987,2284
23335036,0.08267580717802048,2285
23344327,0.27692490816116333,2286
23345629,-0.0464942529797554,2287
23367105,-0.042590685188770294,2288
23381383,0.032206665724515915,2289
23387073,0.060759060084819794,2290
23390357,-0.018526144325733185,2291
23411888,-0.002919650636613369,2292
23419128,0.06832542270421982,2293
23420295,0.06121652573347092,2294
23425876,0.024011634290218353,2295
23428392,-0.02046583965420723,2296
23436744,-0.06547714024782181,2297
23440812,-0.0541708841919899,2298
23456569,0.04626405984163284,2299
23460768,0.16012263298034668,2300
23469104,0.043554238975048065,2301
23480093,0.13672411441802979,2302
23485991,0.1732654571533203,2303
23491643,-0.020247526466846466,2304
23509707,0.0375111922621727,2305
23514314,0.07659926265478134,2306
23516386,0.0636899396777153,2307
23538058,-0.05141199380159378,2308
23542242,0.03782256692647934,2309
23546586,0.08323953300714493,2310
23553485,0.06401892751455307,2311
23558839,0.02946900576353073,2312
23569466,0.04660826176404953,2313
23585963,0.019075386226177216,2314
23602061,-0.016515381634235382,2315
23622398,0.03733748942613602,2316
23626294,-0.014737731777131557,2317
23654898,0.04786296933889389,2318
23662170,0.018994949758052826,2319
23664562,0.04782143980264664,2320
23678749,0.047739364206790924,2321
23679184,0.007289656437933445,2322
23686201,0.05882594734430313,2323
23689320,0.11041861027479172,2324
23713679,-0.08321187645196915,2325
23741758,0.02844073623418808,2326
23756767,-0.002919650636613369,2327
23769455,0.17315325140953064,2328
23793502,-0.03920150548219681,2329
23799941,-0.001966141164302826,2330
23802496,0.032647766172885895,2331
23807441,0.060542888939380646,2332
23815405,0.027667157351970673,2333
23832567,0.029655151069164276,2334
23840343,-0.026473648846149445,2335
2384071,1.3263843059539795,2336
23841181,0.14729571342468262,2337
23842725,-0.0024436181411147118,2338
23843209,0.042929694056510925,2339
23845287,0.08042994886636734,2340
23855565,0.0688447505235672,2341
23863891,-0.0383763387799263,2342
23875013,0.045547835528850555,2343
23875971,0.05599600821733475,2344
23877922,0.04989411681890488,2345
23882885,0.0286078080534935,2346
23885448,0.37941306829452515,2347
23889215,0.009218507446348667,2348
23906713,-0.04042968899011612,2349
23912636,0.05555170029401779,2350
23932171,-0.05784163624048233,2351
23933453,-0.02497250586748123,2352
23948231,0.029655151069164276,2353
23966837,-0.023313887417316437,2354
23967016,-0.015046919696033001,2355
23974256,0.10893826931715012,2356
23986984,0.16050350666046143,2357
24000375,-0.046265609562397,2358
24008715,0.016292892396450043,2359
24060334,0.015863828361034393,2360
24068931,0.058744363486766815,2361
24119191,0.023150384426116943,2362
24120763,0.022748760879039764,2363
24127258,0.009634696878492832,2364
24129724,-0.01434910949319601,2365
24130280,0.09212758392095566,2366
24141043,-0.019551999866962433,2367
24153737,0.02949696034193039,2368
24155868,0.0218680277466774,2369
24173927,0.08644615858793259,2370
24187243,0.08493741601705551,2371
24188726,-0.001642412506043911,2372
24189649,-0.061240680515766144,2373
24197313,0.11192085593938828,2374
24197480,-0.004256553016602993,2375
24202933,0.0340428426861763,2376
24208679,0.0715634748339653,2377
24214759,-0.01659209281206131,2378
24222115,0.02644171565771103,2379
24241212,0.10359179228544235,2380
24266032,0.020993433892726898,2381
24266846,0.09602703899145126,2382
24278053,0.042461685836315155,2383
24280714,0.05000477284193039,2384
24299336,0.02584882825613022,2385
24305062,0.0760633572936058,2386
24321605,-0.005648589693009853,2387
24355110,0.06354092806577682,2388
24365037,0.09958993643522263,2389
24369882,0.16716066002845764,2390
24380688,0.11897098273038864,2391
24381592,-0.002239649184048176,2392
24400109,0.05891161412000656,2393
24401652,0.023419730365276337,2394
24415163,-0.023369140923023224,2395
24422284,0.03668668121099472,2396
24437093,0.0286078080534935,2397
24447359,0.07062207907438278,2398
24469669,-0.013823694549500942,2399
24471813,0.0923619195818901,2400
24480574,0.02838682383298874,2401
24513665,-0.012209868989884853,2402
24535621,0.02347753196954727,2403
24546595,0.10441424697637558,2404
24560098,0.05646803230047226,2405
24561360,0.07659926265478134,2406
24582434,-0.0021742945536971092,2407
24599593,0.0002981135621666908,2408
24601153,-0.003741092048585415,2409
24603879,0.06778871268033981,2410
24605719,0.06879442185163498,2411
24634969,0.01823245733976364,2412
24640763,0.02801402658224106,2413
24644259,0.04056593030691147,2414
24653118,0.03787743300199509,2415
24653768,0.06119817867875099,2416
24661292,-0.05524948984384537,2417
24663433,0.011274547316133976,2418
24691785,0.07659926265478134,2419
24694181,-0.019186682999134064,2420
24699440,0.08843185752630234,2421
24728208,0.05692892521619797,2422
24731038,-0.02494833618402481,2423
24747785,0.02237977832555771,2424
24766695,0.1152002140879631,2425
24777860,0.06487979739904404,2426
24795477,0.08175533264875412,2427
24800593,0.004377137869596481,2428
24812917,0.030212394893169403,2429
24821116,0.049572817981243134,2430
24823150,0.025259576737880707,2431
24823649,0.040115587413311005,2432
24829706,0.054787151515483856,2433
24847667,0.10411671549081802,2434
24853652,0.0286078080534935,2435
24863940,0.08332835882902145,2436
24876633,0.0720936581492424,2437
24879395,0.004968070425093174,2438
24882838,0.03880544751882553,2439
24886520,0.029655151069164276,2440
24889381,0.07331214100122452,2441
24902362,0.01924224942922592,2442
24902648,0.06245487183332443,2443
24906622,0.2587434649467468,2444
24910181,0.06435039639472961,2445
24910814,0.08040281385183334,2446
24918830,0.02215876430273056,2447
24920619,0.02199684828519821,2448
24922522,0.07155006378889084,2449
24931228,0.039472974836826324,2450
24936920,-0.0013884874060750008,2451
24947250,0.017933912575244904,2452
2495,0.09163098782300949,2453
24971746,0.07703413814306259,2454
24973585,0.031831905245780945,2455
24983519,0.0633075162768364,2456
24987071,0.07097884267568588,2457
25033333,0.043500833213329315,2458
25045345,0.08415590971708298,2459
25094692,0.008438759483397007,2460
25159425,0.022093527019023895,2461
25172126,-0.010413779877126217,2462
25181001,-0.00018215831369161606,2463
25184645,0.08281262964010239,2464
2520,0.07992804795503616,2465
25202593,0.022108130156993866,2466
25210674,0.03296404331922531,2467
25219716,0.07167749851942062,2468
25232217,0.022154871374368668,2469
25264350,0.008832805790007114,2470
25268947,-0.012981838546693325,2471
25274236,-0.03244217112660408,2472
25281456,0.06417248398065567,2473
25283577,0.08619614690542221,2474
25293746,0.060237281024456024,2475
25343925,0.014844679273664951,2476
25377274,0.041186653077602386,2477
25385002,0.04461058974266052,2478
2538581,0.06119817867875099,2479
25389502,-0.005691993050277233,2480
25390038,-0.0490059033036232,2481
25393808,0.11277466267347336,2482
25399568,0.047072045505046844,2483
25418870,-0.06368286162614822,2484
25434484,0.09809506684541702,2485
25448109,0.018419913947582245,2486
25456152,0.05484770983457565,2487
25463087,-0.004235393367707729,2488
25464103,-0.00257915910333395,2489
25466028,0.07659926265478134,2490
25468909,0.116168312728405,2491
25477060,-0.0666934922337532,2492
25500750,0.02039521187543869,2493
25515118,0.025259576737880707,2494
25519553,0.05325298756361008,2495
25542280,0.009923272766172886,2496
25543989,0.008113321848213673,2497
25546904,0.10683398693799973,2498
25552427,0.08034121245145798,2499
25580589,0.08180665224790573,2500
25582095,0.02733447402715683,2501
25583120,0.025259576737880707,2502
25587988,0.023149482905864716,2503
25591977,0.08895691484212875,2504
25595093,0.04745186120271683,2505
25596413,-0.006951331160962582,2506
25602221,0.018742553889751434,2507
25618697,0.08210886269807816,2508
25621469,0.02491842955350876,2509
25624117,0.020416326820850372,2510
25638591,-0.040451593697071075,2511
25652452,-0.014207608066499233,2512
25652849,0.17495521903038025,2513
25663963,0.020508386194705963,2514
25670595,0.030322276055812836,2515
25671752,0.0002981135621666908,2516
25677530,0.0375111922621727,2517
25681991,0.3911687731742859,2518
25684080,0.027705781161785126,2519
25710052,-0.0674021914601326,2520
25721532,-0.02062312513589859,2521
25731254,-0.0052676210179924965,2522
25752192,0.12671859562397003,2523
25753282,0.06920742243528366,2524
25784828,0.11688738316297531,2525
25791150,0.029655151069164276,2526
25800870,0.020291022956371307,2527
25803035,0.023513667285442352,2528
25834141,0.06944718211889267,2529
25840488,0.0036697620525956154,2530
25841161,0.04622393101453781,2531
25847047,0.15042102336883545,2532
25850372,0.02136298269033432,2533
25861494,0.05739104002714157,2534
25889080,0.0375111922621727,2535
25916660,0.020478688180446625,2536
25920592,0.04405520111322403,2537
25929128,0.042726047337055206,2538
25933353,0.1097121462225914,2539
25935484,0.09415500611066818,2540
2594881,0.009634696878492832,2541
25964451,0.0667993351817131,2542
25967281,0.022180013358592987,2543
25967442,0.05608510598540306,2544
25975653,0.0375111922621727,2545
25982406,0.048192642629146576,2546
25988864,0.06316637247800827,2547
26006577,0.0609273836016655,2548
26038230,0.05235350877046585,2549
26047548,-0.000945202074944973,2550
26061739,0.004364483989775181,2551
26061741,0.04355352371931076,2552
26082001,0.06471101194620132,2553
26086035,0.0286078080534935,2554
26089632,0.0008146548643708229,2555
26090755,0.018519572913646698,2556
26094715,-0.06348211318254471,2557
26128352,0.03886716812849045,2558
26245943,0.07879965752363205,2559
26250561,-0.0339912548661232,2560
26267569,0.06696801632642746,2561
2628591,0.07659926265478134,2562
26287227,0.06523904949426651,2563
26310302,-0.024108894169330597,2564
26336265,0.020166762173175812,2565
26336343,0.023515574634075165,2566
26338809,0.02194368466734886,2567
26343712,0.08369343727827072,2568
26344156,-0.00030369218438863754,2569
26344853,0.0029667234048247337,2570
26348935,0.07225009053945541,2571
26357006,-0.01668456941843033,2572
26357737,0.060759060084819794,2573
26361292,0.04847671836614609,2574
26361561,-0.07435054332017899,2575
26363100,-0.02096397429704666,2576
26368568,0.046439044177532196,2577
26384168,-0.003845715895295143,2578
26389613,0.06940250843763351,2579
26433072,0.0938124880194664,2580
26434364,0.016190163791179657,2581
26434435,-0.0540396049618721,2582
26440043,-0.02103627473115921,2583
26454650,0.03486677259206772,2584
26467174,-0.029722608625888824,2585
26473619,0.13537642359733582,2586
26478351,-0.001905030570924282,2587
26513550,0.05789198726415634,2588
26518245,0.13912910223007202,2589
26557792,-0.012263304553925991,2590
26565599,0.014072739519178867,2591
26575561,0.02772713452577591,2592
26586889,0.08069213479757309,2593
2661731,0.04336928576231003,2594
26630786,0.0013375813141465187,2595
26662482,-0.005756623111665249,2596
26663754,-0.0059118932113051414,2597
26694808,0.0633075162768364,2598
26713238,0.0037850970402359962,2599
26713654,0.022209428250789642,2600
26740586,0.028578616678714752,2601
26747105,0.18952208757400513,2602
26755061,0.0019190842285752296,2603
26763525,0.09084721654653549,2604
26766494,0.16466587781906128,2605
26771859,-0.007238931022584438,2606
26774191,0.10060738772153854,2607
26775646,0.023149482905864716,2608
2677771,-0.04342559725046158,2609
26824146,0.013876491226255894,2610
26827667,0.029753439128398895,2611
26841567,0.07043569535017014,2612
26852551,-0.10229254513978958,2613
26859441,0.054760925471782684,2614
26865845,0.08236803859472275,2615
26869589,-0.06457657366991043,2616
26878079,0.01966264098882675,2617
26885687,0.018040381371974945,2618
26899638,0.04162963479757309,2619
26909507,0.0722963735461235,2620
26911668,0.08576386421918869,2621
26926095,0.07966861873865128,2622
26943787,0.0070101553574204445,2623
26945207,0.06753873080015182,2624
26950569,0.029167018830776215,2625
26951888,0.07283051311969757,2626
26960967,0.06947244703769684,2627
26962282,-0.0859714224934578,2628
26973491,0.005107560195028782,2629
26991891,0.09002377837896347,2630
26994899,0.0362488254904747,2631
27005052,0.030710048973560333,2632
27014448,0.09488000720739365,2633
27015480,0.0633075162768364,2634
27041690,-0.002919650636613369,2635
27051306,0.0766565129160881,2636
27060950,0.0633075162768364,2637
27067262,0.037313513457775116,2638
27068053,0.06941574066877365,2639
27077016,0.05679381638765335,2640
27093722,0.07492730021476746,2641
27097694,0.058459438383579254,2642
27107578,0.01955098658800125,2643
27109599,-0.013028553687036037,2644
27120518,0.0863071009516716,2645
27127082,0.07144015282392502,2646
27131872,0.13155987858772278,2647
27132703,-0.02191651612520218,2648
27177009,-0.0157930925488472,2649
27185074,0.03209393471479416,2650
27197438,0.10125162452459335,2651
27280930,0.02431722730398178,2652
27301759,0.016570977866649628,2653
27304100,0.0507158562541008,2654
27325588,0.01890616863965988,2655
27362221,0.07225020974874496,2656
27366452,0.020909123122692108,2657
27371047,0.02457493543624878,2658
27384145,0.07062207907438278,2659
27423405,0.0286078080534935,2660
27425310,0.10605131834745407,2661
27426369,0.1007823571562767,2662
27444001,0.020416326820850372,2663
27449131,0.02037375420331955,2664
27466659,0.06471101194620132,2665
27486099,0.06762688606977463,2666
27491648,0.02802162617444992,2667
27512951,0.33598485589027405,2668
27536246,0.015361481346189976,2669
27557882,0.006095164455473423,2670
27568464,-0.007143848575651646,2671
27573564,0.029689647257328033,2672
27578602,0.03440067917108536,2673
27597623,-0.0009199744090437889,2674
27600350,0.14021068811416626,2675
27603170,-0.029722608625888824,2676
27630383,0.019075386226177216,2677
27646602,0.04731733351945877,2678
27649220,0.0884319469332695,2679
27654418,-0.019509203732013702,2680
27662946,-0.052990980446338654,2681
27663986,0.05536555498838425,2682
27667262,0.03348206728696823,2683
27671298,0.02664240449666977,2684
27684535,-0.019390776753425598,2685
27696456,0.12195544689893723,2686
27706925,0.016300074756145477,2687
27713882,-0.02572033554315567,2688
27721637,0.025585226714611053,2689
27727773,0.023209355771541595,2690
27732542,0.08119737356901169,2691
27750137,-0.0490059033036232,2692
27750803,-0.03171170502901077,2693
27755928,0.07600868493318558,2694
27769800,-0.03066275268793106,2695
27771549,0.07739099115133286,2696
27812852,-0.01965171843767166,2697
27816413,0.10430777817964554,2698
27817171,-0.011084980331361294,2699
2789161,0.011601411737501621,2700
27906730,-0.01638711243867874,2701
27908774,0.08405020087957382,2702
27915919,0.1408010721206665,2703
27928116,-0.03226644545793533,2704
27929005,0.09634216874837875,2705
27930985,-0.001020713709294796,2706
27939999,-0.02106485515832901,2707
28015432,0.07062207907438278,2708
28057988,0.004175775684416294,2709
28077220,-0.027318306267261505,2710
28112807,0.10169942677021027,2711
28134743,0.06413527578115463,2712
28136273,-0.06453896313905716,2713
28157063,0.023617200553417206,2714
28170196,-0.012649542652070522,2715
28170243,0.06504818052053452,2716
28185623,0.01924224942922592,2717
28188761,-0.07381296902894974,2718
28264034,0.07758920639753342,2719
28281289,0.08693816512823105,2720
28311552,0.061698608100414276,2721
28323866,0.03452318161725998,2722
28340503,0.0655026063323021,2723
28342587,0.008614533580839634,2724
28371222,0.03221719712018967,2725
2837181,0.07560854405164719,2726
28377253,-0.011235571466386318,2727
28400714,-0.030198819935321808,2728
28417103,0.0278143510222435,2729
28426100,0.042627669870853424,2730
28432226,-0.007143848575651646,2731
28435172,-0.0013245707377791405,2732
28447324,0.250865638256073,2733
28451057,-0.031348295509815216,2734
28504810,0.005157002247869968,2735
28522547,0.029655151069164276,2736
28529552,0.0006416970863938332,2737
28545595,0.07156959921121597,2738
28547034,0.029874108731746674,2739
28552463,-0.029722608625888824,2740
28557583,0.09738286584615707,2741
28564091,0.018393151462078094,2742
28575684,0.004742437042295933,2743
28591920,0.007886403240263462,2744
28595634,0.10770546644926071,2745
28597688,0.0633075162768364,2746
28598978,-9.85926017165184e-05,2747
28630654,-0.04585964232683182,2748
28630986,0.051805250346660614,2749
28643831,0.03335004299879074,2750
28644355,0.052619509398937225,2751
28666895,-0.010728663764894009,2752
28676868,0.10236405581235886,2753
28682208,-0.022681541740894318,2754
28685024,0.09289676696062088,2755
28697421,0.01023389957845211,2756
28701544,-0.008713371120393276,2757
28726058,0.27952510118484497,2758
28736496,0.1180441603064537,2759
28738070,-0.02620745450258255,2760
28744781,-0.012209868989884853,2761
28750751,-0.02031523734331131,2762
28756867,0.005107560195028782,2763
28777454,-0.0705740824341774,2764
28796772,-0.01936519891023636,2765
28840182,0.027442805469036102,2766
28849272,0.0015105539932847023,2767
28895291,0.027936451137065887,2768
2892601,0.02436637133359909,2769
28942852,0.044830553233623505,2770
28953592,0.07386542111635208,2771
28956393,-0.022448576986789703,2772
28960268,0.05306030064821243,2773
28963222,0.013517090119421482,2774
28980262,-0.012209868989884853,2775
28990533,0.05305048078298569,2776
28992823,-0.0029960041865706444,2777
29001162,-0.05688852816820145,2778
29028679,-0.07363492995500565,2779
29075225,0.09254645556211472,2780
29089902,0.036417730152606964,2781
29096237,-0.021757014095783234,2782
29100809,-0.03973112255334854,2783
29103015,-0.009213930927217007,2784
29109370,0.11205511540174484,2785
29118055,0.12821322679519653,2786
29121289,0.09844493120908737,2787
29138884,0.0017335349693894386,2788
29144914,-0.006357050500810146,2789
29147311,-0.050647981464862823,2790
29159786,0.07840024679899216,2791
29162413,0.033886365592479706,2792
29171615,0.05589350312948227,2793
29186233,0.09735798090696335,2794
29202957,0.025259576737880707,2795
29308780,-0.01899070292711258,2796
29324811,-0.0008945679292082787,2797
29378681,0.056470803916454315,2798
29383902,0.005107560195028782,2799
29388899,0.06435572355985641,2800
29396184,0.06068841367959976,2801
29398810,-0.028084732592105865,2802
29461507,0.07398825138807297,2803
29465688,0.029072165489196777,2804
29468405,-0.05130160599946976,2805
29475431,0.06712549179792404,2806
29480440,0.013386004604399204,2807
29488715,0.009634696878492832,2808
29511324,-0.05996645241975784,2809
29555433,0.027239076793193817,2810
29591647,0.11401500552892685,2811
29596691,0.02844073623418808,2812
29613217,0.033190272748470306,2813
29620256,0.21592801809310913,2814
29630488,0.04542257636785507,2815
29650713,-0.013465623371303082,2816
29692115,0.026810966432094574,2817
29698402,0.10775964707136154,2818
29720198,0.036824487149715424,2819
29733774,0.06257950514554977,2820
29762189,0.07721366733312607,2821
29777851,0.0798080787062645,2822
29781434,-0.01185456570237875,2823
29791874,0.02431722730398178,2824
29837961,0.14750786125659943,2825
29838696,0.06276210397481918,2826
29842451,0.02151738852262497,2827
29858011,0.031800560653209686,2828
29863027,0.4349537491798401,2829
29888946,0.04535599797964096,2830
29893170,0.0007477970793843269,2831
29894281,-0.012830919586122036,2832
29941073,0.0383758619427681,2833
29955557,-0.0113949840888381,2834
29973725,0.07830258458852768,2835
29986886,0.07750421017408371,2836
29990761,0.144170343875885,2837
3000661,-0.015470421873033047,2838
30009126,0.04898866266012192,2839
30023125,0.08050291985273361,2840
30037607,0.07196494191884995,2841
30059344,0.007541247643530369,2842
30063657,0.1177983507514,2843
30070321,0.07761531323194504,2844
30095547,0.019578568637371063,2845
30098626,0.020416326820850372,2846
30104098,0.005394422449171543,2847
30147928,0.03560050576925278,2848
30150093,0.09084074944257736,2849
30157434,0.008691363967955112,2850
30175950,0.029655151069164276,2851
30185290,-0.013056761585175991,2852
30197513,0.1305382251739502,2853
30197992,0.012060576118528843,2854
30201321,-0.01262242253869772,2855
30208398,-0.0030785268172621727,2856
3025261,0.16972899436950684,2857
30273024,0.04461058974266052,2858
30283530,0.05088760703802109,2859
30284737,-0.006744868122041225,2860
30285499,0.05453520268201828,2861
30288543,0.037032537162303925,2862
30296618,0.11936109513044357,2863
30298247,0.029655151069164276,2864
30336759,-0.0002716565504670143,2865
3036281,0.052031807601451874,2866
30393446,0.0687139704823494,2867
30412906,0.06687868386507034,2868
30426836,-0.019390776753425598,2869
30471776,0.020416326820850372,2870
30473755,0.18781816959381104,2871
30507566,-0.011391150765120983,2872
30514544,0.06363760679960251,2873
30545061,0.0286078080534935,2874
30556522,0.02558523789048195,2875
30558373,0.0023791128769516945,2876
30571003,-0.04105902463197708,2877
30577172,0.04781704396009445,2878
30624063,0.11114641278982162,2879
30624436,0.030966736376285553,2880
30641053,0.027081701904535294,2881
30660378,0.039485327899456024,2882
30663037,0.009634696878492832,2883
30677846,0.0286078080534935,2884
30702406,0.10528784245252609,2885
30715732,-0.011487252078950405,2886
30720643,0.06920742243528366,2887
30733040,0.0633075162768364,2888
30734481,0.058031968772411346,2889
30736020,0.013392945751547813,2890
30736021,0.07062207907438278,2891
30750281,0.008777492679655552,2892
30784733,0.005522542633116245,2893
30821560,0.026811115443706512,2894
30845844,-0.05188284069299698,2895
30864390,0.1574435830116272,2896
30866634,0.041527144610881805,2897
30873801,0.060759060084819794,2898
30900591,0.06721817702054977,2899
30916946,-0.0668005421757698,2900
30919969,-0.009213930927217007,2901
30938840,0.0633075162768364,2902
30988234,0.04475557059049606,2903
30994019,0.06738290935754776,2904
31015297,0.015861622989177704,2905
31094987,-0.015470421873033047,2906
31099177,0.08109652251005173,2907
31100873,0.008113321848213673,2908
31147615,-0.013097829185426235,2909
31172192,0.04483792930841446,2910
31177882,0.0633075162768364,2911
31195013,-0.05786532908678055,2912
31201950,0.020416326820850372,2913
31205118,-0.02494833618402481,2914
31237866,0.060684554278850555,2915
31245293,0.008674838580191135,2916
31246970,0.01584511250257492,2917
31252679,-0.07152456790208817,2918
31257790,0.0019190842285752296,2919
31278533,-0.019457347691059113,2920
31280937,0.10035700350999832,2921
31285824,0.10858606547117233,2922
31286288,-0.07487673312425613,2923
31294536,0.029655151069164276,2924
31351910,0.0035584839060902596,2925
31474749,0.08394979685544968,2926
31512912,0.016190163791179657,2927
31513726,-0.0269877091050148,2928
31536024,0.02840874344110489,2929
31545782,-0.0010637110099196434,2930
31557959,0.04910065978765488,2931
31564134,0.029655151069164276,2932
31568626,-0.024318762123584747,2933
3160851,0.0618763342499733,2934
31741815,0.032460205256938934,2935
31753236,0.07457878440618515,2936
31847329,0.09464996308088303,2937
31894920,0.03822693973779678,2938
31953,0.05694923549890518,2939
32028843,-0.0026333993300795555,2940
3212691,0.09106674045324326,2941
32136042,0.07939580827951431,2942
32150710,-0.07216901332139969,2943
32167638,-0.05164641886949539,2944
32176315,0.0157158300280571,2945
32199618,0.023792080581188202,2946
3220851,0.022528938949108124,2947
32215972,0.036824487149715424,2948
32218384,-0.04409927874803543,2949
32232053,-0.029410727322101593,2950
3224511,0.07031355798244476,2951
32266226,0.025971226394176483,2952
32267384,0.032206665724515915,2953
32281133,0.06315373629331589,2954
32294244,0.07765283435583115,2955
32337506,-0.04042968899011612,2956
32368103,0.0899076983332634,2957
32386974,0.03510238975286484,2958
3244801,0.1451989859342575,2959
3249,-0.006252831779420376,2960
32522601,0.06920742243528366,2961
32526324,-0.02470121532678604,2962
32531520,-0.07752389460802078,2963
32534283,0.06677671521902084,2964
32535748,0.11437319964170456,2965
32556315,0.0007477970793843269,2966
32562445,0.061893973499536514,2967
32585384,0.09665363281965256,2968
32608004,0.020064882934093475,2969
32617892,0.036417894065380096,2970
32618486,0.05441614240407944,2971
32625798,0.1110600158572197,2972
32627702,0.18199288845062256,2973
32637415,0.08033209294080734,2974
3267891,0.041182272136211395,2975
32686924,0.05327453464269638,2976
32687809,0.018451742827892303,2977
32691467,0.1114918515086174,2978
32695795,0.11989050358533859,2979
32706038,0.05145520716905594,2980
32708920,0.07429992407560349,2981
32799467,0.1411784291267395,2982
32816905,0.030671022832393646,2983
32817140,0.01844433695077896,2984
32822106,0.04420580714941025,2985
32830235,0.0020027989521622658,2986
32860953,0.12890321016311646,2987
32909193,0.04220752418041229,2988
32919651,0.029360853135585785,2989
3293021,-0.009658538736402988,2990
32949746,0.12309762090444565,2991
32971573,0.06344715505838394,2992
33052420,-0.030694104731082916,2993
33069453,0.0686032697558403,2994
33095128,0.0375111922621727,2995
3317821,0.03043317049741745,2996
3320411,-0.004187918268144131,2997
33217626,0.07068821042776108,2998
33234192,0.029655151069164276,2999
33279644,0.020166762173175812,3000
3328331,0.006237261928617954,3001
33325960,0.0633075162768364,3002
33334440,0.019552163779735565,3003
33345091,0.24909985065460205,3004
33347300,0.03794937580823898,3005
33354383,-0.009880668483674526,3006
33361493,0.01556748989969492,3007
33390923,0.051390282809734344,3008
3339171,0.2926989197731018,3009
33396349,-0.03126854449510574,3010
33432232,0.04834478348493576,3011
33433404,0.004018534906208515,3012
33435237,0.0184207484126091,3013
33437822,0.11425202339887619,3014
33442941,0.04006076604127884,3015
33564977,-0.03106207400560379,3016
33568241,0.030792884528636932,3017
33625173,-0.013097829185426235,3018
33628154,0.0339667946100235,3019
33635180,0.005157002247869968,3020
33639082,0.07349052280187607,3021
33640997,0.06281503289937973,3022
33657483,0.04655174911022186,3023
33672294,0.11790966242551804,3024
33700884,0.06839091330766678,3025
33730406,0.05480547994375229,3026
33790384,0.07382537424564362,3027
3381061,0.03706836327910423,3028
33839778,0.0035584839060902596,3029
33841004,0.0687226727604866,3030
33881792,0.01594250649213791,3031
3388571,0.04689160734415054,3032
33980514,-0.07809025794267654,3033
34007815,-0.05125362426042557,3034
3401411,0.05068235844373703,3035
34026749,0.029096581041812897,3036
34105120,0.0286078080534935,3037
34110614,-0.06762827187776566,3038
34113994,0.05439852923154831,3039
34120641,0.014934658072888851,3040
34133492,0.01809757947921753,3041
34172957,0.06839095801115036,3042
34180355,0.04368475079536438,3043
34186888,-0.050398655235767365,3044
34189206,0.07233031839132309,3045
34204200,-0.00018215831369161606,3046
34214379,0.037193410098552704,3047
34224479,-0.023325957357883453,3048
34231202,0.0611528679728508,3049
34231651,-0.017340339720249176,3050
34235402,-0.042567379772663116,3051
34258868,0.07659926265478134,3052
34268574,0.0633075162768364,3053
34287054,-0.028156228363513947,3054
34313086,0.023957930505275726,3055
34333379,0.1098049208521843,3056
34339684,0.004287694580852985,3057
34343360,0.019074566662311554,3058
34382438,-0.029443271458148956,3059
34387155,0.056348495185375214,3060
34396078,0.044545941054821014,3061
34411762,0.02575104683637619,3062
34423857,0.039223454892635345,3063
34445020,0.039561204612255096,3064
34522733,0.05726667493581772,3065
345863,-0.03135506063699722,3066
34635715,0.06390870362520218,3067
34647944,0.03393801301717758,3068
34655157,0.0627615824341774,3069
34686356,0.10952784866094589,3070
34689856,-0.0027033453807234764,3071
34691316,0.07062207907438278,3072
34701514,-0.016207821667194366,3073
34704651,0.028436116874217987,3074
34747138,0.1495060920715332,3075
34782510,-0.02103457599878311,3076
34808187,0.03528093546628952,3077
34838841,0.05419134348630905,3078
34876153,0.09394218772649765,3079
34879749,0.007594936527311802,3080
34896810,0.048475272953510284,3081
34899924,0.011870973743498325,3082
34901579,0.0712122842669487,3083
34905250,0.036824487149715424,3084
34912487,0.11952125281095505,3085
34913414,0.08730112761259079,3086
34963618,0.018841437995433807,3087
34983,0.0633075162768364,3088
35026068,0.05494514852762222,3089
35052497,0.08952119201421738,3090
35057448,0.10939808934926987,3091
35085904,0.019281499087810516,3092
35088967,0.09173744171857834,3093
35124651,0.033256255090236664,3094
35158404,0.04833637923002243,3095
35169668,0.049090854823589325,3096
35245735,-0.003741092048585415,3097
35249934,0.08367346972227097,3098
35253656,0.02099359780550003,3099
35264507,0.07645484060049057,3100
35274390,0.01623234897851944,3101
35288445,0.05266333371400833,3102
35295810,-0.058725424110889435,3103
35300628,0.04203363507986069,3104
3530201,0.15546149015426636,3105
35324281,0.07721366733312607,3106
35329667,0.08193062990903854,3107
35380950,-0.028491027653217316,3108
35395620,-0.0029228394851088524,3109
35444343,0.05094457417726517,3110
35478531,0.03037213161587715,3111
35497674,0.0375111922621727,3112
35501247,0.039817385375499725,3113
35502816,0.05654209107160568,3114
35522610,0.0404202863574028,3115
35541830,0.016101233661174774,3116
35612957,0.06278317421674728,3117
35676636,0.04451053589582443,3118
35702577,-0.02205396443605423,3119
35744304,0.02796357125043869,3120
35748261,0.025010965764522552,3121
35763630,0.05030433088541031,3122
35782573,0.05096382647752762,3123
35843799,0.009634696878492832,3124
3588561,0.1585431694984436,3125
35931640,-0.023234613239765167,3126
35934508,0.10613169521093369,3127
3595081,0.0449332520365715,3128
35954073,-0.05130160599946976,3129
35967493,0.19162243604660034,3130
36016773,0.1311841607093811,3131
3602921,0.00878299493342638,3132
36038057,0.026142261922359467,3133
36057656,0.0040376195684075356,3134
36058055,0.0443488284945488,3135
36063,0.07122205942869186,3136
36071096,0.07905273884534836,3137
36074855,0.041872359812259674,3138
36083872,0.015996180474758148,3139
36110176,0.031189225614070892,3140
36111345,0.04786289483308792,3141
36123207,0.14721757173538208,3142
36150796,0.019566290080547333,3143
36227854,-0.01244059856981039,3144
36385793,0.05833936482667923,3145
36419174,0.019281499087810516,3146
36444947,0.09998994320631027,3147
36485675,0.0633075162768364,3148
36495774,0.1669965386390686,3149
36515633,0.004743045195937157,3150
36560198,0.04190398007631302,3151
36572402,0.060759060084819794,3152
3669361,-0.012149960733950138,3153
36722512,0.06047865003347397,3154
36727137,0.032165415585041046,3155
36730608,0.07262303680181503,3156
36739717,0.07519444078207016,3157
3675691,0.05503334850072861,3158
36777560,-0.003510749898850918,3159
36787860,0.016420267522335052,3160
36829136,-0.01185456570237875,3161
36874153,-0.00857997965067625,3162
36883116,-0.00857997965067625,3163
36895550,0.06625079363584518,3164
36913973,0.07179801911115646,3165
36963624,0.0036770040169358253,3166
37018152,0.12392240017652512,3167
37042891,-0.06730843335390091,3168
37046242,-0.0058200424537062645,3169
37084108,0.04174553602933884,3170
37092101,0.07694875448942184,3171
37092235,-0.00724226888269186,3172
37135242,0.11147206276655197,3173
37183,0.005188160575926304,3174
37188254,0.02789749950170517,3175
3719851,0.03695960342884064,3176
37249985,0.006366037763655186,3177
37278980,0.02437659353017807,3178
37289924,0.047760479152202606,3179
37305693,0.05313665419816971,3180
37313477,0.08582096546888351,3181
37320521,0.09823863953351974,3182
37343638,0.1603442132472992,3183
37371543,-0.020883776247501373,3184
37398382,0.22303134202957153,3185
37458941,-0.011318710632622242,3186
37485330,0.06415461748838425,3187
37526886,0.10824572294950485,3188
37527239,0.045716457068920135,3189
37529061,0.11423640698194504,3190
37531004,0.04658838361501694,3191
37539567,0.04570407047867775,3192
37568391,0.06046401709318161,3193
37584291,0.05056334286928177,3194
37609530,0.0357927605509758,3195
37623393,-0.03010553866624832,3196
376793,0.0642990991473198,3197
37750797,0.03682214766740799,3198
37751124,-0.00913629587739706,3199
37776721,-0.04265541583299637,3200
37781630,-0.045923955738544464,3201
37809748,0.020452789962291718,3202
37836873,-0.016443736851215363,3203
37891331,0.0053765494376420975,3204
37974834,0.03039184957742691,3205
37975185,0.12068014591932297,3206
37976910,-0.05023593455553055,3207
37977353,0.10747358947992325,3208
37987830,-0.0038213497027754784,3209
37989080,0.07648060470819473,3210
38011323,0.029360853135585785,3211
38058345,0.02277436852455139,3212
38093134,0.05948074907064438,3213
38148115,0.024447284638881683,3214
38153,0.006225221790373325,3215
38169367,0.05305048078298569,3216
38176734,0.015101277269423008,3217
38187809,0.019446901977062225,3218
38189795,0.059414032846689224,3219
38214789,-0.04188472777605057,3220
38240881,-0.02361423522233963,3221
38262306,0.07795809954404831,3222
38273189,0.028645657002925873,3223
38303576,0.0021289819851517677,3224
38305142,-0.023272313177585602,3225
38321339,-0.030375666916370392,3226
38323395,0.07525595277547836,3227
38359577,0.06376679986715317,3228
38361368,0.0559987798333168,3229
38370559,0.09569676965475082,3230
38375324,0.14090131223201752,3231
38388466,0.045478932559490204,3232
38420334,-0.0017047720029950142,3233
3842491,0.06328041851520538,3234
38473186,0.06422176212072372,3235
38493206,0.016664303839206696,3236
38499508,0.04451053589582443,3237
38512364,-0.001966141164302826,3238
38550644,-0.039613015949726105,3239
38555777,-0.0286276713013649,3240
38559254,-0.001020713709294796,3241
38590384,0.008165114559233189,3242
38593629,-0.022646673023700714,3243
38596210,0.06717397272586823,3244
38609291,0.04108060151338577,3245
38622261,-0.00646627601236105,3246
38631197,0.029797904193401337,3247
38631491,0.04203363507986069,3248
38637098,0.032086264342069626,3249
38640812,0.08485086262226105,3250
38677225,0.14882877469062805,3251
38718043,-0.012209868989884853,3252
38813185,0.03406945616006851,3253
38843284,0.09086399525403976,3254
38868445,-0.06577218323945999,3255
38886250,0.05731935799121857,3256
38911062,-0.03228987008333206,3257
38929280,0.0633075162768364,3258
38935771,0.07345928996801376,3259
3898371,-0.023737110197544098,3260
38987613,0.0738435909152031,3261
38988224,0.016720466315746307,3262
39001941,0.05919098109006882,3263
39041028,-0.0009548133239150047,3264
39068896,0.05946701020002365,3265
39080527,0.05666329711675644,3266
39085764,0.043466173112392426,3267
39132413,0.08784722536802292,3268
39161886,-0.011391150765120983,3269
39179439,0.0029968442395329475,3270
39271180,0.028400294482707977,3271
39282185,0.01443892065435648,3272
39296317,0.051333509385585785,3273
39296425,0.06995519250631332,3274
39299693,0.09507336467504501,3275
39314178,-0.00759244617074728,3276
39349202,0.06415461748838425,3277
39354901,-0.01237646397203207,3278
3936591,0.07468675822019577,3279
39367703,0.030386947095394135,3280
39405858,-0.06825841218233109,3281
39411131,0.07066918164491653,3282
39469612,0.08297824114561081,3283
39495217,0.041990503668785095,3284
39507031,0.010399066843092442,3285
39513773,0.02032976597547531,3286
39589400,0.013331823982298374,3287
39674234,0.04180636256933212,3288
3969131,0.06648852676153183,3289
39729028,0.004767202772200108,3290
39795064,0.057388417422771454,3291
39817459,0.039994530379772186,3292
39856692,0.03982815146446228,3293
39859453,0.012857937254011631,3294
39889494,0.054318688809871674,3295
40049363,0.044585518538951874,3296
40069433,-0.009123585186898708,3297
40082688,0.08655136078596115,3298
40088934,0.015025460161268711,3299
40103016,0.07100149244070053,3300
40116577,0.07735148817300797,3301
40143,0.029710941016674042,3302
40145501,-4.114862531423569e-05,3303
40160755,0.0969695970416069,3304
40170117,0.04535599797964096,3305
40225273,0.07225009053945541,3306
40293394,-0.07880661636590958,3307
40306549,0.08404896408319473,3308
40313412,0.022856205701828003,3309
40415571,0.03359817713499069,3310
40426026,0.0633075162768364,3311
40449158,0.012234860099852085,3312
40512761,0.006765314377844334,3313
40581589,0.048536933958530426,3314
40581809,0.0066938335075974464,3315
40647820,0.03944020718336105,3316
40706058,0.09517955034971237,3317
40716707,-0.014335579238831997,3318
40732805,0.06708639115095139,3319
40870809,0.06646377593278885,3320
40897994,0.02509993314743042,3321
40959839,0.01179721299558878,3322
40965202,0.03058929368853569,3323
40977575,0.056279562413692474,3324
41006832,0.024396710097789764,3325
41016284,0.015406512655317783,3326
41033580,0.04515819996595383,3327
41068549,0.01176797691732645,3328
41133911,0.044366054236888885,3329
41160904,0.09794444590806961,3330
41187329,0.028405390679836273,3331
41190466,-0.02428615838289261,3332
41197349,0.007724427618086338,3333
41205821,0.1269400417804718,3334
41244720,0.03864967077970505,3335
41246418,0.07463356107473373,3336
41256421,0.010318570770323277,3337
41275334,0.06920742243528366,3338
41292330,-0.010954654775559902,3339
41373006,0.04822250455617905,3340
41378883,0.05772394686937332,3341
41384567,0.011372947134077549,3342
41387852,-0.09153831750154495,3343
41401451,0.026244543492794037,3344
41420112,0.1239980086684227,3345
41479866,0.06026255339384079,3346
41569270,0.04231628030538559,3347
41589335,0.09191036969423294,3348
41615133,0.03458654135465622,3349
41647907,0.023149482905864716,3350
41664064,-0.00021416600793600082,3351
41671586,-0.0018693571910262108,3352
41673488,0.05731935799121857,3353
41678622,0.03440067917108536,3354
41688436,0.007818602956831455,3355
41731244,0.03296404331922531,3356
41764460,0.048869065940380096,3357
41773112,0.09655924886465073,3358
41796356,0.05362831801176071,3359
41805105,0.016086064279079437,3360
41814828,0.04446028918027878,3361
41905556,0.05047474429011345,3362
41947542,0.09508227556943893,3363
41974544,0.0633075162768364,3364
42007859,-0.006826168857514858,3365
42009772,0.049828968942165375,3366
42024018,0.053264349699020386,3367
42048967,0.025259576737880707,3368
42079072,0.09396927803754807,3369
42128261,0.043574266135692596,3370
42135344,0.0823313519358635,3371
42140578,0.056910060346126556,3372
42149443,0.0990716740489006,3373
42158886,0.0286078080534935,3374
42166787,0.05915593355894089,3375
42254940,-0.007687482051551342,3376
42296794,-0.0016541248187422752,3377
42312515,0.01669185608625412,3378
42346517,0.06415461748838425,3379
42351915,-0.08214617520570755,3380
42390043,-0.05134475976228714,3381
42399726,-0.02988392859697342,3382
42402725,-0.02310563623905182,3383
42408628,0.027758605778217316,3384
42425091,0.020804516971111298,3385
42455190,0.020818494260311127,3386
42498587,0.03977551311254501,3387
42518276,0.03264295309782028,3388
42578978,-0.06532943993806839,3389
42593464,0.015323781408369541,3390
42643520,0.06920742243528366,3391
42799002,0.0005015367642045021,3392
42810808,0.08340059965848923,3393
4285941,0.07659926265478134,3394
42884666,0.006918452680110931,3395
43024584,-0.03236670047044754,3396
43028906,-0.040464527904987335,3397
43057643,-0.03527534753084183,3398
43076611,0.0035009840503335,3399
43112269,0.14732855558395386,3400
43192347,0.02796357125043869,3401
43199935,0.19772249460220337,3402
43286759,0.06964581459760666,3403
43311708,0.14673733711242676,3404
43324009,-0.06547714024782181,3405
43341949,0.094354547560215,3406
43378656,0.09796740859746933,3407
43416392,0.036824487149715424,3408
43439738,0.048277609050273895,3409
43452681,-0.017265141010284424,3410
43462817,0.003244035877287388,3411
43464255,0.05047474429011345,3412
43481813,-0.016436941921710968,3413
43484036,0.05839207023382187,3414
43512440,0.10493623465299606,3415
43515339,0.027868561446666718,3416
43535614,0.044385336339473724,3417
43549785,0.0053452784195542336,3418
43635008,-0.046594806015491486,3419
43659020,0.015550547279417515,3420
43666495,0.057257555425167084,3421
43687630,0.06027816981077194,3422
43699273,0.1633756458759308,3423
43755227,0.013992630876600742,3424
4418531,0.02092783898115158,3425
4508121,0.08117332309484482,3426
4545311,0.10407469421625137,3427
4750991,0.07094942778348923,3428
5054721,0.26881301403045654,3429
5074411,0.06119817867875099,3430
5074681,0.17598474025726318,3431
51063,0.16683369874954224,3432
5302652,-0.0007721846923232079,3433
5309742,0.11587431281805038,3434
5378272,0.21736156940460205,3435
5385262,0.03831150382757187,3436
5397192,0.05864387005567551,3437
5422582,0.021446101367473602,3438
5435942,0.20590394735336304,3439
5453812,0.07186584919691086,3440
5500442,0.07469364255666733,3441
5506262,0.0009344602003693581,3442
5519212,-0.0004134243354201317,3443
5522622,0.04425077140331268,3444
55413,-0.0047509437426924706,3445
55843,0.016987793147563934,3446
5597882,0.057928651571273804,3447
5628242,-0.04908645898103714,3448
5628622,0.07876941561698914,3449
5640632,0.07893422991037369,3450
5644032,0.03702893108129501,3451
5654732,0.07731721550226212,3452
5661792,0.13918203115463257,3453
56733,0.004743045195937157,3454
5676272,0.027346961200237274,3455
5699042,0.05041071027517319,3456
5711062,0.005500429309904575,3457
5730272,0.047723911702632904,3458
5745462,0.14008444547653198,3459
575263,0.01643802598118782,3460
5754882,0.037210237234830856,3461
5762142,0.002861672081053257,3462
5771302,0.1241079792380333,3463
5778852,0.11206095665693283,3464
5807222,0.07723971456289291,3465
5807732,-0.07857982069253922,3466
5821822,0.07393795996904373,3467
5850832,0.010358610190451145,3468
5872192,0.08475954085588455,3469
5875672,0.014469736255705357,3470
591313,-0.015346080996096134,3471
59312688,0.06688957661390305,3472
5934642,0.039517246186733246,3473
594103,0.0037600332871079445,3474
5988422,0.0024065813049674034,3475
6080842,0.006862776353955269,3476
6093352,0.0377669557929039,3477
6107302,0.07933776825666428,3478
6108002,0.07739805430173874,3479
6114252,0.07604991644620895,3480
6120962,0.07778917998075485,3481
6124592,0.06618393212556839,3482
619863,0.02573319524526596,3483
6199172,0.007804998196661472,3484
620863,0.11629944294691086,3485
622663,0.03617819398641586,3486
6300502,0.15695959329605103,3487
6321112,0.0633075162768364,3488
6322352,0.12503378093242645,3489
6331202,0.03801257163286209,3490
6331792,0.02953767031431198,3491
637073,0.06853606551885605,3492
638663,0.008612477220594883,3493
6413942,-0.04004726558923721,3494
6426102,0.13228103518486023,3495
6480302,0.10885649174451828,3496
651083,-0.07761842757463455,3497
6514442,0.08529382199048996,3498
651723,0.06357430666685104,3499
6523992,0.07464096695184708,3500
6532082,-0.016584880650043488,3501
6556212,-0.02065426856279373,3502
659823,-0.04291955381631851,3503
6601682,0.053815774619579315,3504
6603512,0.05057960003614426,3505
6623432,0.01644643396139145,3506
662683,0.07829763740301132,3507
6629262,0.0010444456711411476,3508
6647162,0.07567178457975388,3509
6675742,0.03767358511686325,3510
6686172,0.13149237632751465,3511
6703062,-0.03838420659303665,3512
6729252,-0.05128441005945206,3513
6737102,0.003033631481230259,3514
6738162,0.005439096130430698,3515
6750102,0.08389734476804733,3516
6760152,0.10651334375143051,3517
6774272,0.09431823343038559,3518
67763,0.01010995451360941,3519
6806042,0.037210237234830856,3520
6811802,0.1137661561369896,3521
6818222,0.04259633272886276,3522
6821602,0.07659926265478134,3523
6834712,0.03423865884542465,3524
6842512,0.09480684250593185,3525
688513,-0.008211112581193447,3526
6885512,0.04573916643857956,3527
688963,-0.023255296051502228,3528
689253,0.05168307572603226,3529
689753,-0.01199596282094717,3530
6898072,-0.06958479434251785,3531
6898562,0.14633041620254517,3532
6937522,-0.02892673760652542,3533
693923,0.049769870936870575,3534
6963532,-0.007687482051551342,3535
6974192,0.035621218383312225,3536
6979102,0.08645518869161606,3537
701343,0.07772748917341232,3538
7020342,0.11075123399496078,3539
7021362,0.011126690544188023,3540
7040302,0.04908623546361923,3541
7044252,0.033813588321208954,3542
704563,0.0611819252371788,3543
7067442,0.07659926265478134,3544
7067852,-0.08183420449495316,3545
7070252,0.04515781253576279,3546
7098522,0.05933135002851486,3547
7105292,0.03657408803701401,3548
7129612,0.06398972123861313,3549
7156032,0.030204646289348602,3550
7165492,-0.07331592589616776,3551
7177992,0.06262987107038498,3552
717853,0.005517029203474522,3553
718713,-0.04357070475816727,3554
7210172,0.11210378259420395,3555
7216852,0.0452418252825737,3556
7227522,0.040028445422649384,3557
7232312,0.03590349107980728,3558
7315022,8.630100637674332e-05,3559
7340872,0.18010658025741577,3560
7341752,0.13088005781173706,3561
7347932,0.11908134073019028,3562
7362232,-0.017469532787799835,3563
7375072,0.05577868968248367,3564
7376382,0.7195268273353577,3565
7382262,0.11791881173849106,3566
7396282,0.006597572006285191,3567
7400342,0.016966260969638824,3568
740673,-0.02117983251810074,3569
7450912,0.07167761772871017,3570
7462462,-0.01448074635118246,3571
7463182,0.04537346214056015,3572
7519082,0.04009469598531723,3573
7536882,0.11139862984418869,3574
754799,0.022712357342243195,3575
7559112,0.019500277936458588,3576
7561302,0.1274348795413971,3577
759186,0.15298444032669067,3578
7594962,0.09899940341711044,3579
760244,-0.005511648021638393,3580
7610242,0.05416255444288254,3581
761528,0.03947698324918747,3582
764035,0.06034714728593826,3583
768761,0.03273545950651169,3584
7687692,0.08734246343374252,3585
7689702,0.10485976189374924,3586
7694572,-0.02028874307870865,3587
7697422,0.060091741383075714,3588
770441,0.18934714794158936,3589
771647,0.027346961200237274,3590
7720822,0.020166762173175812,3591
7721252,-0.004097587428987026,3592
7725712,0.04697360843420029,3593
77293,0.025381825864315033,3594
774675,0.2786906361579895,3595
774791,0.050592295825481415,3596
7754832,-0.04291955381631851,3597
7768452,0.0767064020037651,3598
7770012,0.16020703315734863,3599
777534,0.018779300153255463,3600
778150,0.1577395796775818,3601
778337,0.048697762191295624,3602
778389,-0.003674096427857876,3603
7791532,0.0386810228228569,3604
780159,0.06471101194620132,3605
780591,0.03432714194059372,3606
7809112,0.016292892396450043,3607
7809332,-0.0007721846923232079,3608
781538,0.05612032860517502,3609
7828252,0.10598530620336533,3610
785774,0.039994530379772186,3611
7858302,0.23048847913742065,3612
789043,0.09798183292150497,3613
790577,0.06044810265302658,3614
7909882,0.06438352912664413,3615
7913222,0.09221827238798141,3616
792609,0.014934658072888851,3617
792795,0.04581549018621445,3618
793202,0.03884502500295639,3619
7948122,0.04356243461370468,3620
795448,0.16223680973052979,3621
795622,0.10687728971242905,3622
796051,-0.018192626535892487,3623
797018,0.1314007043838501,3624
797371,0.01726948469877243,3625
797531,0.05290881544351578,3626
7976712,0.13436654210090637,3627
7978482,0.032679326832294464,3628
7991402,0.05365874618291855,3629
799192,0.05637358874082565,3630
799681,0.06430072337388992,3631
801917,0.06866263598203659,3632
8026012,0.03447567671537399,3633
8031702,0.013088309206068516,3634
8033942,0.03289370983839035,3635
804226,0.04150474816560745,3636
8043172,0.11467316001653671,3637
8053532,0.0508381649851799,3638
805458,0.11117761582136154,3639
8073252,0.009178095497190952,3640
8077782,0.04549311846494675,3641
811274,0.027346961200237274,3642
812823,0.03267171233892441,3643
812825,0.049728356301784515,3644
813669,0.06812014430761337,3645
8152512,-0.04201237112283707,3646
8155172,0.032502226531505585,3647
8160132,-0.021168775856494904,3648
8175092,-0.025068946182727814,3649
818095,0.049523405730724335,3650
8181702,0.024175308644771576,3651
8184102,0.033150188624858856,3652
8188252,0.11406069248914719,3653
819191,0.116997629404068,3654
820919,0.18159440159797668,3655
821812,0.14705443382263184,3656
822259,0.10731875151395798,3657
82243,0.21963196992874146,3658
82383,0.04240988940000534,3659
8266702,0.0024065813049674034,3660
8268242,0.03440067917108536,3661
8269092,0.008463495410978794,3662
8393652,0.02657146006822586,3663
8401432,0.02995731681585312,3664
8410612,0.06548666208982468,3665
8414602,0.14966177940368652,3666
8451272,0.025116853415966034,3667
8463082,0.019540958106517792,3668
8468772,0.05409722775220871,3669
8496132,0.04126403480768204,3670
850741,0.06214689463376999,3671
8521372,0.07983475178480148,3672
8521542,-0.006760722957551479,3673
8526602,0.030318863689899445,3674
8531732,0.1049945279955864,3675
8549992,0.03822693973779678,3676
8604722,0.07659926265478134,3677
8614022,0.09330444782972336,3678
8614192,0.052186451852321625,3679
8624502,0.07659926265478134,3680
8647352,-0.03328222781419754,3681
865701,0.0375111922621727,3682
8720562,0.13855284452438354,3683
8755102,0.10489892214536667,3684
8755252,-0.010330255143344402,3685
876061,0.05107959359884262,3686
878441,0.0011632973328232765,3687
8793052,0.008463495410978794,3688
8820652,0.5041112303733826,3689
8828892,0.059472180902957916,3690
8847052,0.07001440972089767,3691
8900342,0.11777087301015854,3692
890641,0.015179838053882122,3693
8931402,0.09798430651426315,3694
893891,0.035695962607860565,3695
8941152,0.029223553836345673,3696
8969062,0.07659926265478134,3697
8971572,0.028325460851192474,3698
8997,0.0023548537865281105,3699
901731,0.0837753638625145,3700
9018932,0.14632248878479004,3701
9021082,0.08142196387052536,3702
9025382,0.02823854237794876,3703
9089882,0.08861856907606125,3704
9131212,-0.007174438796937466,3705
9146202,0.09854989498853683,3706
9153162,0.14653906226158142,3707
9159762,0.07659926265478134,3708
9167792,0.13566729426383972,3709
9237052,0.022309385240077972,3710
9244632,0.10932587832212448,3711
9266012,0.01995255798101425,3712
927331,0.0633075162768364,3713
9284762,0.05614104121923447,3714
928881,0.05291684716939926,3715
929101,0.06867309659719467,3716
932091,-0.0019127046689391136,3717
9433,-0.02233124151825905,3718
9447312,0.07830258458852768,3719
9462472,0.06282561272382736,3720
9463702,0.0573543980717659,3721
9475112,0.07659926265478134,3722
9489922,0.05411341041326523,3723
9507822,0.13104307651519775,3724
9516202,0.030318863689899445,3725
9517462,0.012187960557639599,3726
9527932,0.08216976374387741,3727
9590002,0.33144497871398926,3728
9618592,-0.01662171632051468,3729
9627452,0.06739509850740433,3730
9647442,0.017142288386821747,3731
9676722,0.13807639479637146,3732
9697962,0.14834877848625183,3733
9701722,0.09132794290781021,3734
9726392,0.0504281148314476,3735
9791392,-0.03201339393854141,3736
9798082,0.0308622345328331,3737
9817342,-0.003381318412721157,3738
9831802,0.11682914942502975,3739
9846942,0.07701253145933151,3740
9850942,0.07300066202878952,3741
9870112,-0.0025219982489943504,3742
988,0.12033241242170334,3743
9889072,0.04006076604127884,3744
9893032,0.0348488911986351,3745
9909562,-0.008931047283113003,3746
9922122,0.09507327526807785,3747
9924742,-0.01551810558885336,3748
9939382,0.025574203580617905,3749
9957402,0.032596878707408905,3750
9973242,0.0367945060133934,3751
9981522,0.1578904390335083,3752
9983972,0.0840674564242363,3753
