node_id,candidate_group,node,protected_group,ml_score,graphsage_pred_score,graphsage_embedding_norm,ris_score,fair_ris_score,shortfall_gain,group_quota,current_group_seed_count,group_shortfall_ratio,dynamic_shortfall_gain,candidate_group_shortfall_ratio,dynamic_shortfall_bonus,shortfall_weighted_fair_ris_score,fairness_bonus,weak_group_bonus,community_diversity_bonus,community_diversity_score,cluster_diversity_bonus,cluster_coverage_bonus,ingroup_ris_score,protected_group_coverage_bonus,spread_proxy_score,under_served_group_bonus,over_served_group_penalty,parity_adjusted_score,base_combined_score,target_deficit_adjusted_score,combined_score,score_normalization,community_id
1,1,1,1,0.08729325979948044,0.08729325979948044,0.06709379702806473,0.15384615384615385,0.1111111111111111,0.0,28,0,1.0,0.8999439461883408,1.0,0.8999439461883408,0.21110488290981566,0.09090909090909091,0.09090909090909091,0.6484375,0.6484375,0.0,0.0,0.0,0.0,0.4652289725459368,0.0,0.0,2.2596063449542525,0.9096904256717415,2.2596063449542525,2.2596063449542525,global,0
10,1,10,1,0.2767484784126282,0.2767484784126282,0.2502589225769043,0.6153846153846154,0.4444444444444444,0.0,28,0,1.0,0.8999439461883408,1.0,0.8999439461883408,0.8444195316392626,0.0,0.0,0.6484375,0.6484375,0.0,0.0,0.0,0.0,0.5078063873359828,0.0,0.0,3.5521488724869132,2.202232953204402,3.5521488724869132,3.5521488724869132,global,0
100,1,100,1,0.06002536043524742,0.06002536043524742,0.05924104154109955,0.3076923076923077,0.2222222222222222,0.0,28,0,1.0,0.8999439461883408,1.0,0.8999439461883408,0.4222097658196313,0.0,0.0,0.0,0.0,0.0,0.0,0.0,0.0,0.4906001837681939,0.0,0.0,2.2972530148979193,0.9473370956154082,2.2972530148979193,2.2972530148979193,global,1
101,1,101,1,0.037673864513635635,0.037673864513635635,0.02943335846066475,0.07692307692307693,0.05555555555555555,0.0,28,0,1.0,0.8999439461883408,1.0,0.8999439461883408,0.10555244145490783,0.0,0.0,0.0,0.0,0.0,0.0,0.0,0.0,0.30734897889432516,0.0,0.0,1.6602938925959052,0.31037797331339406,1.6602938925959052,1.6602938925959052,global,2
102,1,102,1,0.13222070038318634,0.13222070038318634,0.09078716486692429,0.38461538461538464,0.2777777777777778,0.0,28,0,1.0,0.8999439461883408,1.0,0.8999439461883408,0.5277622072745392,0.0,0.0,0.0,0.0,0.0,0.0,0.0,0.0,0.6736022609686373,0.0,0.0,2.5979440980505917,1.2480281787680805,2.5979440980505917,2.5979440980505917,global,3
103,1,103,1,0.09101047366857529,0.09101047366857529,0.07929407805204391,0.23076923076923078,0.16666666666666666,0.0,28,0,1.0,0.8999439461883408,1.0,0.8999439461883408,0.3166573243647235,0.0,0.0,0.6484375,0.6484375,0.0,0.0,0.0,0.0,0.33374716079023187,0.0,0.0,2.411169760557005,1.0612538412744938,2.411169760557005,2.411169760557005,global,0
104,1,104,1,0.049925580620765686,0.049925580620765686,0.022277547046542168,0.07692307692307693,0.05555555555555555,0.0,28,0,1.0,0.8999439461883408,1.0,0.8999439461883408,0.10555244145490783,0.1111111111111111,0.1111111111111111,0.0,0.0,0.0,0.0,0.0,0.0,0.3581103845252648,0.0,0.0,1.6853236871708912,0.33540776788838,1.6853236871708912,1.6853236871708912,global,3
105,1,105,1,0.09484297782182693,0.09484297782182693,0.06437025964260101,0.07692307692307693,0.05555555555555555,0.0,28,0,1.0,0.8999439461883408,1.0,0.8999439461883408,0.10555244145490783,0.0,0.0,0.6484375,0.6484375,0.0,0.0,0.0,0.0,0.6506918216182487,0.0,0.0,2.1332507860596355,0.7833348667771242,2.1332507860596355,2.1332507860596355,global,0
106,1,106,1,0.09458470344543457,0.09458470344543457,0.060527920722961426,0.38461538461538464,0.2777777777777778,0.0,28,0,1.0,0.8999439461883408,1.0,0.8999439461883408,0.5277622072745392,0.0,0.0,0.0,0.0,0.0,0.0,0.0,0.0,0.333051014495655,0.0,0.0,2.465669926558496,1.1157540072759844,2.465669926558496,2.465669926558496,global,3
107,1,107,1,0.11532009392976761,0.11532009392976761,0.08818349242210388,0.23076923076923078,0.16666666666666666,0.0,28,0,1.0,0.8999439461883408,1.0,0.8999439461883408,0.3166573243647235,0.125,0.125,0.6484375,0.6484375,0.0,0.0,0.0,0.0,0.34685559061021054,0.0,0.0,2.4345499857119526,1.0846340664294414,2.4345499857119526,2.4345499857119526,global,0
108,1,108,1,0.21762096881866455,0.21762096881866455,0.18282881379127502,0.5384615384615384,0.3888888888888889,0.0,28,0,1.0,0.8999439461883408,1.0,0.8999439461883408,0.7388670901843548,0.0,0.0,0.6484375,0.6484375,0.0,0.0,0.0,0.0,0.5383988566548106,0.0,0.0,3.3259904175732022,1.976074498290691,3.3259904175732022,3.3259904175732022,global,0
109,1,109,1,0.275391161441803,0.275391161441803,0.2414119392633438,0.6153846153846154,0.4444444444444444,0.0,28,0,1.0,0.8999439461883408,1.0,0.8999439461883408,0.8444195316392626,0.0,0.0,0.6484375,0.6484375,0.0,0.0,0.0,0.0,0.41856290339177976,0.0,0.0,3.524289973726992,2.1743740544444807,3.524289973726992,3.524289973726992,global,0
11,1,11,1,0.285748153924942,0.285748153924942,0.2443752884864807,0.5384615384615384,0.3888888888888889,0.0,28,0,1.0,0.8999439461883408,1.0,0.8999439461883408,0.7388670901843548,0.14285714285714285,0.14285714285714285,0.6484375,0.6484375,0.0,0.0,0.0,0.0,0.3728760020672442,0.0,0.0,3.3308353092819543,1.980919389999443,3.3308353092819543,3.3308353092819543,global,0
110,1,110,1,0.09556461125612259,0.09556461125612259,0.08337347209453583,0.23076923076923078,0.16666666666666666,0.0,28,0,1.0,0.8999439461883408,1.0,0.8999439461883408,0.3166573243647235,0.0,0.0,0.6484375,0.6484375,0.0,0.0,0.0,0.0,0.5070133438762887,0.0,0.0,2.46679292555286,1.1168770062703488,2.46679292555286,2.46679292555286,global,0
111,1,111,1,0.0622733049094677,0.0622733049094677,0.05590178817510605,0.23076923076923078,0.16666666666666666,0.0,28,0,1.0,0.8999439461883408,1.0,0.8999439461883408,0.3166573243647235,0.0,0.0,0.0,0.0,0.0,0.0,0.0,0.0,0.25731568533681903,0.0,0.0,2.041031832913695,0.691115913631184,2.041031832913695,2.041031832913695,global,2
112,1,112,1,0.6147927045822144,0.6147927045822144,0.5451309084892273,0.5384615384615384,0.3888888888888889,0.0,28,0,1.0,0.8999439461883408,1.0,0.8999439461883408,0.7388670901843548,0.5,0.5,0.0,0.0,0.0,0.0,0.0,0.0,0.15422336508162032,0.0,0.0,3.2042564087120846,1.8543404894295736,3.2042564087120846,3.2042564087120846,global,2
113,1,113,1,0.044949863106012344,0.044949863106012344,0.05155201628804207,0.07692307692307693,0.05555555555555555,0.0,28,0,1.0,0.8999439461883408,1.0,0.8999439461883408,0.10555244145490783,0.0,0.0,0.0,0.0,0.0,0.0,0.0,0.0,0.34765921281276163,0.0,0.0,1.6782077616453375,0.3282918423628264,1.6782077616453375,1.6782077616453375,global,2
114,1,114,1,0.23663750290870667,0.23663750290870667,0.20460619032382965,0.6153846153846154,0.4444444444444444,0.0,28,0,1.0,0.8999439461883408,1.0,0.8999439461883408,0.8444195316392626,0.0,0.0,0.6484375,0.6484375,0.0,0.0,0.0,0.0,0.5951853961383048,0.0,0.0,3.5462737947244722,2.196357875441961,3.5462737947244722,3.5462737947244722,global,0
115,1,115,1,0.2530611455440521,0.2530611455440521,0.222741961479187,0.6153846153846154,0.4444444444444444,0.0,28,0,1.0,0.8999439461883408,1.0,0.8999439461883408,0.8444195316392626,0.0,0.0,0.6484375,0.6484375,0.0,0.0,0.0,0.0,0.6319452135426916,0.0,0.0,3.5704406540540647,2.2205247347715535,3.5704406540540647,3.5704406540540647,global,0
116,1,116,1,0.12102338671684265,0.12102338671684265,0.08383699506521225,0.38461538461538464,0.2777777777777778,0.0,28,0,1.0,0.8999439461883408,1.0,0.8999439461883408,0.5277622072745392,0.2,0.2,0.0,0.0,0.0,0.0,0.0,0.0,0.25221376192477196,0.0,0.0,2.462569697404357,1.112653778121846,2.462569697404357,2.462569697404357,global,4
117,1,117,1,0.1408521831035614,0.1408521831035614,0.12737031280994415,0.38461538461538464,0.2777777777777778,0.0,28,0,1.0,0.8999439461883408,1.0,0.8999439461883408,0.5277622072745392,0.25,0.25,0.14772727272727285,0.14772727272727285,0.0,0.0,0.0,0.0,0.2133627107647372,0.0,0.0,2.540641055529358,1.190725136246847,2.540641055529358,2.540641055529358,global,5
118,1,118,1,0.181495800614357,0.181495800614357,0.14919398725032806,0.46153846153846156,0.3333333333333333,0.0,28,0,1.0,0.8999439461883408,1.0,0.8999439461883408,0.633314648729447,0.0,0.0,0.6484375,0.6484375,0.0,0.0,0.0,0.0,0.3881755400791599,0.0,0.0,3.063989100002873,1.7140731807203617,3.063989100002873,3.063989100002873,global,0
119,1,119,1,0.28234410285949707,0.28234410285949707,0.2512737810611725,0.6153846153846154,0.4444444444444444,0.0,28,0,1.0,0.8999439461883408,1.0,0.8999439461883408,0.8444195316392626,0.0,0.0,0.6484375,0.6484375,0.0,0.0,0.0,0.0,0.41949268142662455,0.0,0.0,3.5301312602716,2.180215340989089,3.5301312602716,3.5301312602716,global,0
12,1,12,1,0.20697623491287231,0.20697623491287231,0.179764062166214,0.6153846153846154,0.4444444444444444,0.0,28,0,1.0,0.8999439461883408,1.0,0.8999439461883408,0.8444195316392626,0.0,0.0,0.14772727272727285,0.14772727272727285,0.0,0.0,0.0,0.0,0.3289680704594766,0.0,0.0,3.1923244689877928,1.8424085497052816,3.1923244689877928,3.1923244689877928,global,5
120,1,120,1,0.18564555048942566,0.18564555048942566,0.17010079324245453,0.5384615384615384,0.3888888888888889,0.0,28,0,1.0,0.8999439461883408,1.0,0.8999439461883408,0.7388670901843548,0.14285714285714285,0.14285714285714285,0.0,0.0,0.0,0.0,0.0,0.0,0.36586307246973293,0.0,0.0,2.924430597654288,1.5745146783717767,2.924430597654288,2.924430597654288,global,1
121,1,121,1,0.10897479951381683,0.10897479951381683,0.0808279812335968,0.46153846153846156,0.3333333333333333,0.0,28,0,1.0,0.8999439461883408,1.0,0.8999439461883408,0.633314648729447,0.0,0.0,0.0,0.0,0.0,0.0,0.0,0.0,0.3408313946289515,0.0,0.0,2.6675503054873784,1.3176343862048672,2.6675503054873784,2.6675503054873784,global,3
122,1,122,1,0.16240376234054565,0.16240376234054565,0.15582649409770966,0.5384615384615384,0.3888888888888889,0.0,28,0,1.0,0.8999439461883408,1.0,0.8999439461883408,0.7388670901843548,0.0,0.0,0.0,0.0,0.0,0.0,0.0,0.0,0.2727423234891686,0.0,0.0,2.8779009424410145,1.5279850231585035,2.8779009424410145,2.8779009424410145,global,1
123,1,123,1,0.1620081067085266,0.1620081067085266,0.13558396697044373,0.46153846153846156,0.3333333333333333,0.0,28,0,1.0,0.8999439461883408,1.0,0.8999439461883408,0.633314648729447,0.0,0.0,0.6484375,0.6484375,0.0,0.0,0.0,0.0,0.4666206823190852,0.0,0.0,3.0719324875501863,1.7220165682676751,3.0719324875501863,3.0719324875501863,global,0
124,1,124,1,0.056179046630859375,0.056179046630859375,0.08402661234140396,0.3076923076923077,0.2222222222222222,0.0,28,0,1.0,0.8999439461883408,1.0,0.8999439461883408,0.4222097658196313,0.0,0.0,0.14772727272727285,0.14772727272727285,0.0,0.0,0.0,0.0,0.5229298872058943,0.0,0.0,2.3777385112493556,1.0278225919668444,2.3777385112493556,2.3777385112493556,global,5
125,1,125,1,0.038960833102464676,0.038960833102464676,0.033213239163160324,0.07692307692307693,0.05555555555555555,0.0,28,0,1.0,0.8999439461883408,1.0,0.8999439461883408,0.10555244145490783,0.0,0.0,0.0,0.0,0.0,0.0,0.0,0.0,0.3876004351948859,0.0,0.0,1.6853989043571367,0.33548298507462554,1.6853989043571367,1.6853989043571367,global,1
126,1,126,1,0.06585822999477386,0.06585822999477386,0.08570249378681183,0.23076923076923078,0.16666666666666666,0.0,28,0,1.0,0.8999439461883408,1.0,0.8999439461883408,0.3166573243647235,0.14285714285714285,0.14285714285714285,0.14772727272727285,0.14772727272727285,0.0,0.0,0.0,0.0,0.30613217840852186,0.0,0.0,2.1324083572670873,0.7824924379845761,2.1324083572670873,2.1324083572670873,global,5
127,1,127,1,0.14439618587493896,0.14439618587493896,0.12852302193641663,0.5384615384615384,0.4444444444444444,0.11111111111111112,28,0,1.0,0.8999439461883408,1.0,0.8999439461883408,0.8444195316392626,0.09090909090909091,0.09090909090909091,0.0,0.0,0.0,0.0,0.0,0.0,0.537532935225897,0.0,0.0,3.3873765092339925,2.0374605899514813,3.3873765092339925,3.3873765092339925,global,2
128,1,128,1,0.052729446440935135,0.052729446440935135,0.045058250427246094,0.15384615384615385,0.1111111111111111,0.0,28,0,1.0,0.8999439461883408,1.0,0.8999439461883408,0.21110488290981566,0.0,0.0,0.0,0.0,0.0,0.0,0.0,0.0,0.41711459334417245,0.0,0.0,1.8933022305068872,0.543386311224376,1.8933022305068872,1.8933022305068872,global,2
129,1,129,1,0.1481683850288391,0.1481683850288391,0.12181767076253891,0.38461538461538464,0.2777777777777778,0.0,28,0,1.0,0.8999439461883408,1.0,0.8999439461883408,0.5277622072745392,0.0,0.0,0.6484375,0.6484375,0.0,0.0,0.0,0.0,0.46414043312689224,0.0,0.0,2.8720824474145905,1.5221665281320793,2.8720824474145905,2.8720824474145905,global,0
13,1,13,1,0.06127503886818886,0.06127503886818886,0.03407686948776245,0.23076923076923078,0.16666666666666666,0.0,28,0,1.0,0.8999439461883408,1.0,0.8999439461883408,0.3166573243647235,0.0,0.0,0.0,0.0,0.0,0.0,0.0,0.0,0.25533948016804464,0.0,0.0,2.0396403585300398,0.6897244392475286,2.0396403585300398,2.0396403585300398,global,4
130,1,130,1,0.07536455243825912,0.07536455243825912,0.0811077281832695,0.38461538461538464,0.2777777777777778,0.0,28,0,1.0,0.8999439461883408,1.0,0.8999439461883408,0.5277622072745392,0.0,0.0,0.0,0.0,0.0,0.0,0.0,0.0,0.3703204441805737,0.0,0.0,2.461474634658231,1.1115587153757196,2.461474634658231,2.461474634658231,global,1
131,1,131,1,0.10119640827178955,0.10119640827178955,0.06668528914451599,0.38461538461538464,0.2777777777777778,0.0,28,0,1.0,0.8999439461883408,1.0,0.8999439461883408,0.5277622072745392,0.0,0.0,0.0,0.0,0.0,0.0,0.0,0.0,0.5036143655245918,0.0,0.0,2.5221282957282605,1.1722123764457493,2.5221282957282605,2.5221282957282605,global,3
132,1,132,1,0.12454603612422943,0.12454603612422943,0.0925622507929802,0.38461538461538464,0.2777777777777778,0.0,28,0,1.0,0.8999439461883408,1.0,0.8999439461883408,0.5277622072745392,0.2,0.2,0.0,0.0,0.0,0.0,0.0,0.0,0.4689052512537484,0.0,0.0,2.5303952637289595,1.1804793444464483,2.5303952637289595,2.5303952637289595,global,4
133,1,133,1,0.07557938992977142,0.07557938992977142,0.07979349792003632,0.38461538461538464,0.2777777777777778,0.0,28,0,1.0,0.8999439461883408,1.0,0.8999439461883408,0.5277622072745392,0.0,0.0,0.0,0.0,0.0,0.0,0.0,0.0,0.28514927727615025,0.0,0.0,2.436095154580114,1.0861792352976025,2.436095154580114,2.436095154580114,global,1
134,1,134,1,0.11591801047325134,0.11591801047325134,0.08263543248176575,0.3076923076923077,0.2222222222222222,0.0,28,0,1.0,0.8999439461883408,1.0,0.8999439461883408,0.4222097658196313,0.0,0.0,0.6484375,0.6484375,0.0,0.0,0.0,0.0,0.5307268178941731,0.0,0.0,2.6782238751661165,1.328307955883605,2.6782238751661165,2.6782238751661165,global,0
135,1,135,1,0.08726003766059875,0.08726003766059875,0.06497444212436676,0.15384615384615385,0.1111111111111111,0.0,28,0,1.0,0.8999439461883408,1.0,0.8999439461883408,0.21110488290981566,0.0,0.0,0.6484375,0.6484375,0.0,0.0,0.0,0.0,0.4045421500408398,0.0,0.0,2.241373720491618,0.891457801209107,2.241373720491618,2.241373720491618,global,0
136,1,136,1,0.03687003627419472,0.03687003627419472,0.02163693681359291,0.15384615384615385,0.1111111111111111,0.0,28,0,1.0,0.8999439461883408,1.0,0.8999439461883408,0.21110488290981566,0.0,0.0,0.0,0.0,0.0,0.0,0.0,0.0,0.27471497465005834,0.0,0.0,1.8378948167652607,0.48797889748274936,1.8378948167652607,1.8378948167652607,global,3
137,1,137,1,0.2628360688686371,0.2628360688686371,0.2299634963274002,0.6153846153846154,0.4444444444444444,0.0,28,0,1.0,0.8999439461883408,1.0,0.8999439461883408,0.8444195316392626,0.0,0.0,0.6484375,0.6484375,0.0,0.0,0.0,0.0,0.5030047839964702,0.0,0.0,3.539578463849866,2.189662544567355,3.539578463849866,3.539578463849866,global,0
138,1,138,1,0.205805242061615,0.205805242061615,0.17445091903209686,0.5384615384615384,0.3888888888888889,0.0,28,0,1.0,0.8999439461883408,1.0,0.8999439461883408,0.7388670901843548,0.0,0.0,0.6484375,0.6484375,0.0,0.0,0.0,0.0,0.6659002146092748,0.0,0.0,3.354788243553902,2.004872324271391,3.354788243553902,3.354788243553902,global,0
139,1,139,1,0.07412382960319519,0.07412382960319519,0.06222975626587868,0.23076923076923078,0.16666666666666666,0.0,28,0,1.0,0.8999439461883408,1.0,0.8999439461883408,0.3166573243647235,0.0,0.0,0.0,0.0,0.0,0.0,0.0,0.0,0.687390199904181,0.0,0.0,2.1795346070388857,0.8296186877563745,2.1795346070388857,2.1795346070388857,global,2
14,1,14,1,0.10056629031896591,0.10056629031896591,0.09388837218284607,0.38461538461538464,0.2777777777777778,0.0,28,0,1.0,0.8999439461883408,1.0,0.8999439461883408,0.5277622072745392,0.0,0.0,0.0,0.0,0.0,0.0,0.0,0.0,0.4138977250159269,0.0,0.0,2.4947092092134024,1.144793289930891,2.4947092092134024,2.4947092092134024,global,1
140,1,140,1,0.05036879703402519,0.05036879703402519,0.028471019119024277,0.23076923076923078,0.16666666666666666,0.0,28,0,1.0,0.8999439461883408,1.0,0.8999439461883408,0.3166573243647235,0.0,0.0,0.0,0.0,0.0,0.0,0.0,0.0,0.25328029651263406,0.0,0.0,2.0302976099660857,0.6803816906835745,2.0302976099660857,2.0302976099660857,global,1
141,1,141,1,0.14754949510097504,0.14754949510097504,0.1022370234131813,0.46153846153846156,0.3333333333333333,0.0,28,0,1.0,0.8999439461883408,1.0,0.8999439461883408,0.633314648729447,0.0,0.0,0.0,0.0,0.0,0.0,0.0,0.0,0.7378967571095972,0.0,0.0,2.8175296707012984,1.4676137514187875,2.8175296707012984,2.8175296707012984,global,3
142,1,142,1,0.059820156544446945,0.059820156544446945,0.05030686780810356,0.3076923076923077,0.2222222222222222,0.0,28,0,1.0,0.8999439461883408,1.0,0.8999439461883408,0.4222097658196313,0.0,0.0,0.0,0.0,0.0,0.0,0.0,0.0,0.2233941949571666,0.0,0.0,2.216927055141971,0.8670111358594597,2.216927055141971,2.216927055141971,global,6
143,1,143,1,0.15452294051647186,0.15452294051647186,0.10152284055948257,0.0,0.0,0.0,28,0,1.0,0.8999439461883408,1.0,0.8999439461883408,0.0,0.0,0.0,0.0,0.0,0.0,0.0,0.0,0.0,0.032915691915399406,0.0,0.0,1.4834089792703085,0.1334930599877973,1.4834089792703085,1.4834089792703085,global,4
144,1,144,1,0.048782579600811005,0.048782579600811005,0.057229939848184586,0.23076923076923078,0.16666666666666666,0.0,28,0,1.0,0.8999439461883408,1.0,0.8999439461883408,0.3166573243647235,0.0,0.0,0.14772727272727285,0.14772727272727285,0.0,0.0,0.0,0.0,0.3871831896161692,0.0,0.0,2.1430631403142115,0.7931472210317001,2.1430631403142115,2.1430631403142115,global,5
145,1,145,1,0.1773633360862732,0.1773633360862732,0.15996591746807098,0.5384615384615384,0.3888888888888889,0.0,28,0,1.0,0.8999439461883408,1.0,0.8999439461883408,0.7388670901843548,0.0,0.0,0.14772727272727285,0.14772727272727285,0.0,0.0,0.0,0.0,0.3586980615725179,0.0,0.0,2.989518959226238,1.6396030399437267,2.989518959226238,2.989518959226238,global,5
146,1,146,1,0.23002098500728607,0.23002098500728607,0.1922711879014969,0.5384615384615384,0.3888888888888889,0.0,28,0,1.0,0.8999439461883408,1.0,0.8999439461883408,0.7388670901843548,0.0,0.0,0.6484375,0.6484375,0.0,0.0,0.0,0.0,0.5745762477406254,0.0,0.0,3.346763647849844,1.996847728567333,3.346763647849844,3.346763647849844,global,0
147,1,147,1,0.15075482428073883,0.15075482428073883,0.12452258169651031,0.38461538461538464,0.2777777777777778,0.0,28,0,1.0,0.8999439461883408,1.0,0.8999439461883408,0.5277622072745392,0.0,0.0,0.6484375,0.6484375,0.0,0.0,0.0,0.0,0.2417975848047204,0.0,0.0,2.8074487443194585,1.4575328250369473,2.8074487443194585,2.8074487443194585,global,0
148,1,148,1,0.09355787187814713,0.09355787187814713,0.06962272524833679,0.23076923076923078,0.16666666666666666,0.0,28,0,1.0,0.8999439461883408,1.0,0.8999439461883408,0.3166573243647235,0.0,0.0,0.6484375,0.6484375,0.0,0.0,0.0,0.0,0.41928389558480783,0.0,0.0,2.4388686995630353,1.0889527802805241,2.4388686995630353,2.4388686995630353,global,0
149,1,149,1,0.0651971623301506,0.0651971623301506,0.055807068943977356,0.3076923076923077,0.2222222222222222,0.0,28,0,1.0,0.8999439461883408,1.0,0.8999439461883408,0.4222097658196313,0.0,0.0,0.0,0.0,0.0,0.0,0.0,0.0,0.4388771862931336,0.0,0.0,2.285873557171324,0.9359576378888127,2.285873557171324,2.285873557171324,global,1
15,1,15,1,0.05243954062461853,0.05243954062461853,0.04592152312397957,0.23076923076923078,0.16666666666666666,0.0,28,0,1.0,0.8999439461883408,1.0,0.8999439461883408,0.3166573243647235,0.0,0.0,0.0,0.0,0.0,0.0,0.0,0.0,0.42190136546485274,0.0,0.0,2.0825405255242257,0.7326246062417148,2.0825405255242257,2.0825405255242257,global,1
150,1,150,1,0.22764602303504944,0.22764602303504944,0.19784963130950928,0.5384615384615384,0.4444444444444444,0.11111111111111112,28,0,1.0,0.8999439461883408,1.0,0.8999439461883408,0.8444195316392626,0.1111111111111111,0.1111111111111111,0.0,0.0,0.0,0.0,0.0,0.0,0.46558209402064044,0.0,0.0,3.432391126600504,2.0824752073179926,3.432391126600504,3.432391126600504,global,1
151,1,151,1,0.05660361424088478,0.05660361424088478,0.03782894089818001,0.3076923076923077,0.2222222222222222,0.0,28,0,1.0,0.8999439461883408,1.0,0.8999439461883408,0.4222097658196313,0.0,0.0,0.0,0.0,0.0,0.0,0.0,0.0,0.3498371447532856,0.0,0.0,2.252286706237957,0.9023707869554456,2.252286706237957,2.252286706237957,global,4
152,1,152,1,0.06541562080383301,0.06541562080383301,0.06138453632593155,0.15384615384615385,0.1111111111111111,0.0,28,0,1.0,0.8999439461883408,1.0,0.8999439461883408,0.21110488290981566,0.0,0.0,0.6484375,0.6484375,0.0,0.0,0.0,0.0,0.2753107543374587,0.0,0.0,2.185128768295191,0.83521284901268,2.185128768295191,2.185128768295191,global,0
153,1,153,1,0.13932910561561584,0.13932910561561584,0.13485953211784363,0.46153846153846156,0.3333333333333333,0.0,28,0,1.0,0.8999439461883408,1.0,0.8999439461883408,0.633314648729447,0.0,0.0,0.14772727272727285,0.14772727272727285,0.0,0.0,0.0,0.0,0.4413166492988611,0.0,0.0,2.7958429631334267,1.4459270438509157,2.7958429631334267,2.7958429631334267,global,5
154,1,154,1,0.2784465253353119,0.2784465253353119,0.23637180030345917,0.6923076923076923,0.5,0.0,28,0,1.0,0.8999439461883408,1.0,0.8999439461883408,0.9499719730941705,0.0,0.0,0.0,0.0,0.0,0.0,0.0,0.0,0.3514773689606302,0.0,0.0,3.370424042546642,2.020508123264131,3.370424042546642,3.370424042546642,global,4
155,1,155,1,0.06414876878261566,0.06414876878261566,0.05855175480246544,0.3076923076923077,0.2222222222222222,0.0,28,0,1.0,0.8999439461883408,1.0,0.8999439461883408,0.4222097658196313,0.0,0.0,0.0,0.0,0.0,0.0,0.0,0.0,0.4467014873292684,0.0,0.0,2.2873821326441366,0.9374662133616252,2.2873821326441366,2.2873821326441366,global,1
156,1,156,1,0.25393879413604736,0.25393879413604736,0.2410634607076645,0.6923076923076923,0.5,0.0,28,0,1.0,0.8999439461883408,1.0,0.8999439461883408,0.9499719730941705,0.0,0.0,0.0,0.0,0.0,0.0,0.0,0.0,0.3496844469919367,0.0,0.0,3.3502799809966226,2.0003640617141114,3.3502799809966226,3.3502799809966226,global,1
157,1,157,1,0.22891205549240112,0.22891205549240112,0.17070725560188293,0.6153846153846154,0.4444444444444444,0.0,28,0,1.0,0.8999439461883408,1.0,0.8999439461883408,0.8444195316392626,0.0,0.0,0.0,0.0,0.0,0.0,0.0,0.0,0.2933851884985608,0.0,0.0,3.1253346244995046,1.7754187052169934,3.1253346244995046,3.1253346244995046,global,4
158,1,158,1,0.05831648036837578,0.05831648036837578,0.048682376742362976,0.15384615384615385,0.1111111111111111,0.0,28,0,1.0,0.8999439461883408,1.0,0.8999439461883408,0.21110488290981566,0.1111111111111111,0.1111111111111111,0.0,0.0,0.0,0.0,0.0,0.0,0.38613035487057407,0.0,0.0,1.88847658610676,0.5385606668242489,1.88847658610676,1.88847658610676,global,1
159,1,159,1,0.05316861346364021,0.05316861346364021,0.03386656194925308,0.23076923076923078,0.16666666666666666,0.0,28,0,1.0,0.8999439461883408,1.0,0.8999439461883408,0.3166573243647235,0.0,0.0,0.0,0.0,0.0,0.0,0.0,0.0,0.38758113696189017,0.0,0.0,2.0728277152445544,0.7229117959620434,2.0728277152445544,2.0728277152445544,global,3
16,1,16,1,0.0589216873049736,0.0589216873049736,0.04548712819814682,0.3076923076923077,0.2222222222222222,0.0,28,0,1.0,0.8999439461883408,1.0,0.8999439461883408,0.4222097658196313,0.25,0.25,0.0,0.0,0.0,0.0,0.0,0.0,0.18937231789320796,0.0,0.0,2.2060017166312047,0.8560857973486934,2.2060017166312047,2.2060017166312047,global,1
160,1,160,1,0.06350693106651306,0.06350693106651306,0.05112335458397865,0.3076923076923077,0.2222222222222222,0.0,28,0,1.0,0.8999439461883408,1.0,0.8999439461883408,0.4222097658196313,0.0,0.0,0.0,0.0,0.0,0.0,0.0,0.0,0.005499706080599724,0.0,0.0,2.1545081280966536,0.8045922088141425,2.1545081280966536,2.1545081280966536,global,7
161,1,161,1,0.08043656498193741,0.08043656498193741,0.06534930318593979,0.23076923076923078,0.16666666666666666,0.0,28,0,1.0,0.8999439461883408,1.0,0.8999439461883408,0.3166573243647235,0.0,0.0,0.6484375,0.6484375,0.0,0.0,0.0,0.0,0.3334033800251418,0.0,0.0,2.402607499378168,1.0526915800956567,2.402607499378168,2.402607499378168,global,0
162,1,162,1,0.06312291324138641,0.06312291324138641,0.0616912767291069,0.3076923076923077,0.2222222222222222,0.0,28,0,1.0,0.8999439461883408,1.0,0.8999439461883408,0.4222097658196313,0.0,0.0,0.0,0.0,0.0,0.0,0.0,0.0,0.4420119103227189,0.0,0.0,2.285154575109188,0.935238655826677,2.285154575109188,2.285154575109188,global,1
163,1,163,1,0.0704844668507576,0.0704844668507576,0.06232373043894768,0.3076923076923077,0.2222222222222222,0.0,28,0,1.0,0.8999439461883408,1.0,0.8999439461883408,0.4222097658196313,0.0,0.0,0.0,0.0,0.0,0.0,0.0,0.0,0.5344993898238861,0.0,0.0,2.318790061847035,0.968874142564524,2.318790061847035,2.318790061847035,global,1
164,1,164,1,0.02324744686484337,0.02324744686484337,0.06418388336896896,0.23076923076923078,0.16666666666666666,0.0,28,0,1.0,0.8999439461883408,1.0,0.8999439461883408,0.3166573243647235,0.0,0.0,0.14772727272727285,0.14772727272727285,0.0,0.0,0.0,0.0,0.20679848410005022,0.0,0.0,2.0685196224706015,0.7186037031880903,2.0685196224706015,2.0685196224706015,global,5
165,1,165,1,0.29558101296424866,0.29558101296424866,0.26544100046157837,0.6153846153846154,0.4444444444444444,0.0,28,0,1.0,0.8999439461883408,1.0,0.8999439461883408,0.8444195316392626,0.0,0.0,0.6484375,0.6484375,0.0,0.0,0.0,0.0,0.33167098950512935,0.0,0.0,3.5143742807789535,2.1644583614964423,3.5143742807789535,3.5143742807789535,global,0
166,1,166,1,0.06088486313819885,0.06088486313819885,0.0701494961977005,0.3076923076923077,0.2222222222222222,0.0,28,0,1.0,0.8999439461883408,1.0,0.8999439461883408,0.4222097658196313,0.0,0.0,0.14772727272727285,0.14772727272727285,0.0,0.0,0.0,0.0,0.26643445909557384,0.0,0.0,2.304554536022131,0.9546386167396199,2.304554536022131,2.304554536022131,global,5
167,1,167,1,0.1689937710762024,0.1689937710762024,0.13789835572242737,0.46153846153846156,0.3333333333333333,0.0,28,0,1.0,0.8999439461883408,1.0,0.8999439461883408,0.633314648729447,0.0,0.0,0.6484375,0.6484375,0.0,0.0,0.0,0.0,0.515638574804037,0.0,0.0,3.0922263867898123,1.7423104675073011,3.0922263867898123,3.0922263867898123,global,0
168,1,168,1,0.18247781693935394,0.18247781693935394,0.14865191280841827,0.46153846153846156,0.3333333333333333,0.0,28,0,1.0,0.8999439461883408,1.0,0.8999439461883408,0.633314648729447,0.125,0.125,0.0,0.0,0.0,0.0,0.0,0.0,0.40778041022553696,0.0,0.0,2.7464374241067837,1.3965215048242725,2.7464374241067837,2.7464374241067837,global,1
169,1,169,1,0.10569469630718231,0.10569469630718231,0.09821734577417374,0.3076923076923077,0.2222222222222222,0.0,28,0,1.0,0.8999439461883408,1.0,0.8999439461883408,0.4222097658196313,0.0,0.0,0.6484375,0.6484375,0.0,0.0,0.0,0.0,0.2628258580657266,0.0,0.0,2.589674935884727,1.2397590166022159,2.589674935884727,2.589674935884727,global,0
17,1,17,1,0.3610767126083374,0.3610767126083374,0.3304520845413208,0.7692307692307693,0.5555555555555556,0.0,28,0,1.0,0.8999439461883408,1.0,0.8999439461883408,1.0555244145490783,0.0,0.0,0.6484375,0.6484375,0.0,0.0,0.0,0.0,0.45165369184823734,0.0,0.0,3.978834027265533,2.6289181079830217,3.978834027265533,3.978834027265533,global,0
170,1,170,1,0.040978021919727325,0.040978021919727325,0.05663419887423515,0.23076923076923078,0.2222222222222222,0.11111111111111112,28,0,1.0,0.8999439461883408,1.0,0.8999439461883408,0.4222097658196313,0.0,0.0,0.0,0.0,0.0,0.0,0.0,0.0,0.2925313881657231,0.0,0.0,2.479004761815019,1.1290888425325074,2.479004761815019,2.479004761815019,global,2
171,1,171,1,0.07200813293457031,0.07200813293457031,0.05494607239961624,0.15384615384615385,0.1111111111111111,0.0,28,0,1.0,0.8999439461883408,1.0,0.8999439461883408,0.21110488290981566,0.0,0.0,0.6484375,0.6484375,0.0,0.0,0.0,0.0,0.14649903406482656,0.0,0.0,2.1517592619179915,0.8018433426354803,2.1517592619179915,2.1517592619179915,global,0
172,1,172,1,0.14258864521980286,0.14258864521980286,0.11120637506246567,0.38461538461538464,0.2777777777777778,0.0,28,0,1.0,0.8999439461883408,1.0,0.8999439461883408,0.5277622072745392,0.0,0.0,0.6484375,0.6484375,0.0,0.0,0.0,0.0,0.419662494640031,0.0,0.0,2.854275274021303,1.504359354738792,2.854275274021303,2.854275274021303,global,0
173,1,173,1,0.11490693688392639,0.11490693688392639,0.0793694257736206,0.23076923076923078,0.16666666666666666,0.0,28,0,1.0,0.8999439461883408,1.0,0.8999439461883408,0.3166573243647235,0.0,0.0,0.6484375,0.6484375,0.0,0.0,0.0,0.0,0.6420865793414772,0.0,0.0,2.5227887566946596,1.1728728374121484,2.5227887566946596,2.5227887566946596,global,0
174,1,174,1,0.027913030236959457,0.027913030236959457,0.05564148351550102,0.23076923076923078,0.16666666666666666,0.0,28,0,1.0,0.8999439461883408,1.0,0.8999439461883408,0.3166573243647235,0.0,0.0,0.14772727272727285,0.14772727272727285,0.0,0.0,0.0,0.0,0.25452851372895413,0.0,0.0,2.0865710980569654,0.7366551787744543,2.0865710980569654,2.0865710980569654,global,5
175,1,175,1,0.19301779568195343,0.19301779568195343,0.16310636699199677,0.3076923076923077,0.2222222222222222,0.0,28,0,1.0,0.8999439461883408,1.0,0.8999439461883408,0.4222097658196313,0.0,0.0,0.0,0.0,0.0,0.0,0.0,0.0,0.04989941188068276,0.0,0.0,2.2714367315290307,0.9215208122465197,2.2714367315290307,2.2714367315290307,global,3
176,1,176,1,0.0762212947010994,0.0762212947010994,0.09961963444948196,0.38461538461538464,0.2777777777777778,0.0,28,0,1.0,0.8999439461883408,1.0,0.8999439461883408,0.5277622072745392,0.0,0.0,0.14772727272727285,0.14772727272727285,0.0,0.0,0.0,0.0,0.42348086413271313,0.0,0.0,2.5519717908177815,1.2020558715352703,2.5519717908177815,2.5519717908177815,global,5
177,1,177,1,0.06262296438217163,0.06262296438217163,0.053830187767744064,0.07692307692307693,0.05555555555555555,0.0,28,0,1.0,0.8999439461883408,1.0,0.8999439461883408,0.10555244145490783,0.0,0.0,0.6484375,0.6484375,0.0,0.0,0.0,0.0,0.17161092933566433,0.0,0.0,1.9637505076231356,0.6138345883406245,1.9637505076231356,1.9637505076231356,global,0
178,1,178,1,0.13754527270793915,0.13754527270793915,0.0990012139081955,0.46153846153846156,0.3333333333333333,0.0,28,0,1.0,0.8999439461883408,1.0,0.8999439461883408,0.633314648729447,0.0,0.0,0.0,0.0,0.0,0.0,0.0,0.0,0.4787391862904197,0.0,0.0,2.731779021541117,1.3818631022586054,2.731779021541117,2.731779021541117,global,3
179,1,179,1,0.035086579620838165,0.035086579620838165,0.05703134834766388,0.23076923076923078,0.16666666666666666,0.0,28,0,1.0,0.8999439461883408,1.0,0.8999439461883408,0.3166573243647235,0.0,0.0,0.14772727272727285,0.14772727272727285,0.0,0.0,0.0,0.0,0.38626486083562334,0.0,0.0,2.131830841696069,0.7819149224135581,2.131830841696069,2.131830841696069,global,5
18,1,18,1,0.13263380527496338,0.13263380527496338,0.12430981546640396,0.46153846153846156,0.3333333333333333,0.0,28,0,1.0,0.8999439461883408,1.0,0.8999439461883408,0.633314648729447,0.06666666666666667,0.06666666666666667,0.14772727272727285,0.14772727272727285,0.0,0.0,0.0,0.0,0.6982586385662484,0.0,0.0,2.867569319641121,1.51765340035861,2.867569319641121,2.867569319641121,global,5
180,1,180,1,0.13145963847637177,0.13145963847637177,0.08551236987113953,0.3076923076923077,0.2222222222222222,0.0,28,0,1.0,0.8999439461883408,1.0,0.8999439461883408,0.4222097658196313,0.2,0.2,0.0,0.0,0.0,0.0,0.0,0.0,0.4718793978806692,0.0,0.0,2.3487842015645617,0.9988682822820503,2.3487842015645617,2.3487842015645617,global,3
181,1,181,1,0.02679811231791973,0.02679811231791973,0.05015193298459053,0.0,0.0,0.0,28,0,1.0,0.8999439461883408,1.0,0.8999439461883408,0.0,0.0,0.0,0.14772727272727285,0.14772727272727285,0.0,0.0,0.0,0.0,0.4156500426062387,0.0,0.0,1.569913058282355,0.21999713899984383,1.569913058282355,1.569913058282355,global,5
182,1,182,1,0.11748097091913223,0.11748097091913223,0.07479745894670486,0.3076923076923077,0.2777777777777778,0.11111111111111112,28,0,1.0,0.8999439461883408,1.0,0.8999439461883408,0.5277622072745392,0.1,0.1,0.0,0.0,0.0,0.0,0.0,0.0,0.45435416217309316,0.0,0.0,2.7767881412509414,1.4268722219684304,2.7767881412509414,2.7767881412509414,global,3
183,1,183,1,0.10305384546518326,0.10305384546518326,0.09303940832614899,0.46153846153846156,0.3333333333333333,0.0,28,0,1.0,0.8999439461883408,1.0,0.8999439461883408,0.633314648729447,0.0,0.0,0.0,0.0,0.0,0.0,0.0,0.0,0.3861817959110033,0.0,0.0,2.676418662633087,1.3265027433505758,2.676418662633087,2.676418662633087,global,2
184,1,184,1,0.04012943431735039,0.04012943431735039,0.07285703718662262,0.23076923076923078,0.16666666666666666,0.0,28,0,1.0,0.8999439461883408,1.0,0.8999439461883408,0.3166573243647235,0.0,0.0,0.14772727272727285,0.14772727272727285,0.0,0.0,0.0,0.0,0.2915922944321548,0.0,0.0,2.1074633555322384,0.7575474362497273,2.1074633555322384,2.1074633555322384,global,5
185,1,185,1,0.0798451155424118,0.0798451155424118,0.07806392759084702,0.23076923076923078,0.16666666666666666,0.0,28,0,1.0,0.8999439461883408,1.0,0.8999439461883408,0.3166573243647235,0.0,0.0,0.0,0.0,0.0,0.0,0.0,0.0,0.59576394511831,0.0,0.0,2.1566237593544977,0.8067078400719865,2.1566237593544977,2.1566237593544977,global,2
186,1,186,1,0.20991411805152893,0.20991411805152893,0.17295145988464355,0.5384615384615384,0.3888888888888889,0.0,28,0,1.0,0.8999439461883408,1.0,0.8999439461883408,0.7388670901843548,0.0,0.0,0.0,0.0,0.0,0.0,0.0,0.0,0.27757879221984233,0.0,0.0,2.917360167629003,1.5674442483464919,2.917360167629003,2.917360167629003,global,1
187,1,187,1,0.054608531296253204,0.054608531296253204,0.08184565603733063,0.3076923076923077,0.2222222222222222,0.0,28,0,1.0,0.8999439461883408,1.0,0.8999439461883408,0.4222097658196313,0.0,0.0,0.14772727272727285,0.14772727272727285,0.0,0.0,0.0,0.0,0.48692745485278627,0.0,0.0,2.3656813692757384,1.0157654499932272,2.3656813692757384,2.3656813692757384,global,5
188,1,188,1,0.08054286241531372,0.08054286241531372,0.09510193020105362,0.38461538461538464,0.2777777777777778,0.0,28,0,1.0,0.8999439461883408,1.0,0.8999439461883408,0.5277622072745392,0.0,0.0,0.14772727272727285,0.14772727272727285,0.0,0.0,0.0,0.0,0.3711978835729343,0.0,0.0,2.5397441508212193,1.1898282315387079,2.5397441508212193,2.5397441508212193,global,5
189,1,189,1,0.2714628279209137,0.2714628279209137,0.20900164544582367,0.6153846153846154,0.4444444444444444,0.0,28,0,1.0,0.8999439461883408,1.0,0.8999439461883408,0.8444195316392626,0.0,0.0,0.0,0.0,0.0,0.0,0.0,0.0,0.28929091661563483,0.0,0.0,3.1581469608774366,1.8082310415949256,3.1581469608774366,3.1581469608774366,global,3
19,1,19,1,0.232479527592659,0.232479527592659,0.18470942974090576,0.6153846153846154,0.4444444444444444,0.0,28,0,1.0,0.8999439461883408,1.0,0.8999439461883408,0.8444195316392626,0.0,0.0,0.0,0.0,0.0,0.0,0.0,0.0,0.4645210127580171,0.0,0.0,3.179529349457548,1.8296134301750364,3.179529349457548,3.179529349457548,global,3
190,1,190,1,0.22245904803276062,0.22245904803276062,0.18402495980262756,0.6153846153846154,0.4444444444444444,0.0,28,0,1.0,0.8999439461883408,1.0,0.8999439461883408,0.8444195316392626,0.0,0.0,0.0,0.0,0.0,0.0,0.0,0.0,0.4618535042509779,0.0,0.0,3.1707127132575175,1.8207967939750063,3.1707127132575175,3.1707127132575175,global,3
191,1,191,1,0.018945056945085526,0.018945056945085526,0.04646160826086998,0.07692307692307693,0.05555555555555555,0.0,28,0,1.0,0.8999439461883408,1.0,0.8999439461883408,0.10555244145490783,0.0,0.0,0.0,0.0,0.0,0.0,0.0,0.0,0.13307299150627983,0.0,0.0,1.5930280503246517,0.2431121310421404,1.5930280503246517,1.5930280503246517,global,1
192,1,192,1,0.05308789759874344,0.05308789759874344,0.05380052328109741,0.23076923076923078,0.16666666666666666,0.0,28,0,1.0,0.8999439461883408,1.0,0.8999439461883408,0.3166573243647235,0.0,0.0,0.0,0.0,0.0,0.0,0.0,0.0,0.3833255542607481,0.0,0.0,2.0714864677422944,0.7215705484597832,2.0714864677422944,2.0714864677422944,global,1
193,1,193,1,0.034114424139261246,0.034114424139261246,0.06454389542341232,0.15384615384615385,0.1111111111111111,0.0,28,0,1.0,0.8999439461883408,1.0,0.8999439461883408,0.21110488290981566,0.0,0.0,0.14772727272727285,0.14772727272727285,0.0,0.0,0.0,0.0,0.4094208025046931,0.0,0.0,1.9499657117773406,0.6000497924948294,1.9499657117773406,1.9499657117773406,global,5
194,1,194,1,0.06581714004278183,0.06581714004278183,0.06410433351993561,0.38461538461538464,0.2777777777777778,0.0,28,0,1.0,0.8999439461883408,1.0,0.8999439461883408,0.5277622072745392,0.1111111111111111,0.1111111111111111,0.0,0.0,0.0,0.0,0.0,0.0,0.42038665481198545,0.0,0.0,2.4688565679312724,1.1189406486487614,2.4688565679312724,2.4688565679312724,global,4
195,1,195,1,0.23276343941688538,0.23276343941688538,0.1829281896352768,0.5384615384615384,0.3888888888888889,0.0,28,0,1.0,0.8999439461883408,1.0,0.8999439461883408,0.7388670901843548,0.0,0.0,0.0,0.0,0.0,0.0,0.0,0.0,0.27437586828768457,0.0,0.0,2.934678747541641,1.58476282825913,2.934678747541641,2.934678747541641,global,3
196,1,196,1,0.08101589232683182,0.08101589232683182,0.07530268281698227,0.3076923076923077,0.2222222222222222,0.0,28,0,1.0,0.8999439461883408,1.0,0.8999439461883408,0.4222097658196313,0.0,0.0,0.0,0.0,0.0,0.0,0.0,0.0,0.6976992607672092,0.0,0.0,2.376175163510892,1.0262592442283804,2.376175163510892,2.376175163510892,global,2
197,1,197,1,0.12348666042089462,0.12348666042089462,0.09024497866630554,0.46153846153846156,0.3333333333333333,0.0,28,0,1.0,0.8999439461883408,1.0,0.8999439461883408,0.633314648729447,0.1,0.1,0.0,0.0,0.0,0.0,0.0,0.0,0.48281692066312903,0.0,0.0,2.721755452023294,1.3718395327407826,2.721755452023294,2.721755452023294,global,2
198,1,198,1,0.02819017507135868,0.02819017507135868,0.019986592233181,0.07692307692307693,0.05555555555555555,0.0,28,0,1.0,0.8999439461883408,1.0,0.8999439461883408,0.10555244145490783,0.0,0.0,0.0,0.0,0.0,0.0,0.0,0.0,0.12931188049554598,0.0,0.0,1.59929581152245,0.24937989223993878,1.59929581152245,1.59929581152245,global,1
199,1,199,1,0.05196051672101021,0.05196051672101021,0.06420834362506866,0.3076923076923077,0.2222222222222222,0.0,28,0,1.0,0.8999439461883408,1.0,0.8999439461883408,0.4222097658196313,0.14285714285714285,0.14285714285714285,0.0,0.0,0.0,0.0,0.0,0.0,0.31633933184171825,0.0,0.0,2.238522884348587,0.8886069650660757,2.238522884348587,2.238522884348587,global,6
2,1,2,1,0.0776640772819519,0.0776640772819519,0.06828965991735458,0.3076923076923077,0.2222222222222222,0.0,28,0,1.0,0.8999439461883408,1.0,0.8999439461883408,0.4222097658196313,0.0,0.0,0.0,0.0,0.0,0.0,0.0,0.0,0.5300241729686956,0.0,0.0,2.3231911851354337,0.9732752658529223,2.3231911851354337,2.3231911851354337,global,2
20,1,20,1,0.3105250895023346,0.3105250895023346,0.27146992087364197,0.6153846153846154,0.4444444444444444,0.0,28,0,1.0,0.8999439461883408,1.0,0.8999439461883408,0.8444195316392626,0.0,0.0,0.6484375,0.6484375,0.0,0.0,0.0,0.0,0.37799052987772574,0.0,0.0,3.540225404121201,2.1903094848386897,3.540225404121201,3.540225404121201,global,0
200,1,200,1,0.047735173255205154,0.047735173255205154,0.03462414816021919,0.23076923076923078,0.16666666666666666,0.0,28,0,1.0,0.8999439461883408,1.0,0.8999439461883408,0.3166573243647235,0.0,0.0,0.0,0.0,0.0,0.0,0.0,0.0,0.38831002169785966,0.0,0.0,2.0686996284985972,0.7187837092160861,2.0686996284985972,2.0686996284985972,global,4
201,1,201,1,0.30202171206474304,0.30202171206474304,0.2584027647972107,0.6153846153846154,0.4444444444444444,0.0,28,0,1.0,0.8999439461883408,1.0,0.8999439461883408,0.8444195316392626,0.0,0.0,0.0,0.0,0.0,0.0,0.0,0.0,0.25031406215896523,0.0,0.0,3.1709010118554994,1.8209850925729882,3.1709010118554994,3.1709010118554994,global,1
202,1,202,1,0.12682929635047913,0.12682929635047913,0.10895007103681564,0.3076923076923077,0.2222222222222222,0.0,28,0,1.0,0.8999439461883408,1.0,0.8999439461883408,0.4222097658196313,0.0,0.0,0.6484375,0.6484375,0.0,0.0,0.0,0.0,0.18056267028299852,0.0,0.0,2.581903659584546,1.231987740302035,2.581903659584546,2.581903659584546,global,0
203,1,203,1,0.08343234658241272,0.08343234658241272,0.057312801480293274,0.3076923076923077,0.2222222222222222,0.0,28,0,1.0,0.8999439461883408,1.0,0.8999439461883408,0.4222097658196313,0.0,0.0,0.0,0.0,0.0,0.0,0.0,0.0,0.47833435527335677,0.0,0.0,2.3122988552672004,0.9623829359846894,2.3122988552672004,2.3122988552672004,global,3
204,1,204,1,0.12184369564056396,0.12184369564056396,0.09051781892776489,0.3076923076923077,0.2222222222222222,0.0,28,0,1.0,0.8999439461883408,1.0,0.8999439461883408,0.4222097658196313,0.0,0.0,0.6484375,0.6484375,0.0,0.0,0.0,0.0,0.48410471542455386,0.0,0.0,2.6689777925590805,1.3190618732765693,2.6689777925590805,2.6689777925590805,global,0
205,1,205,1,0.19862966239452362,0.19862966239452362,0.16978326439857483,0.46153846153846156,0.3333333333333333,0.0,28,0,1.0,0.8999439461883408,1.0,0.8999439461883408,0.633314648729447,0.0,0.0,0.6484375,0.6484375,0.0,0.0,0.0,0.0,0.3005127781737122,0.0,0.0,3.051397360855372,1.701481441572861,3.051397360855372,3.051397360855372,global,0
206,1,206,1,0.1600581407546997,0.1600581407546997,0.12721405923366547,0.5384615384615384,0.3888888888888889,0.0,28,0,1.0,0.8999439461883408,1.0,0.8999439461883408,0.7388670901843548,0.0,0.0,0.0,0.0,0.0,0.0,0.0,0.0,0.7659421635881803,0.0,0.0,3.0239843972020415,1.67406847791953,3.0239843972020415,3.0239843972020415,global,2
207,1,207,1,0.089382603764534,0.089382603764534,0.05965888127684593,0.38461538461538464,0.2777777777777778,0.0,28,0,1.0,0.8999439461883408,1.0,0.8999439461883408,0.5277622072745392,0.0,0.0,0.0,0.0,0.0,0.0,0.0,0.0,0.3668271236094974,0.0,0.0,2.4716410795479278,1.1217251602654166,2.4716410795479278,2.4716410795479278,global,3
208,1,208,1,0.17859897017478943,0.17859897017478943,0.1251729130744934,0.46153846153846156,0.3333333333333333,0.0,28,0,1.0,0.8999439461883408,1.0,0.8999439461883408,0.633314648729447,0.16666666666666666,0.16666666666666666,0.0,0.0,0.0,0.0,0.0,0.0,0.3261271864231493,0.0,0.0,2.7188383795544158,1.3689224602719046,2.7188383795544158,2.7188383795544158,global,3
209,1,209,1,0.29292258620262146,0.29292258620262146,0.24184978008270264,0.6923076923076923,0.5,0.0,28,0,1.0,0.8999439461883408,1.0,0.8999439461883408,0.9499719730941705,0.0,0.0,0.0,0.0,0.0,0.0,0.0,0.0,0.3954766601420004,0.0,0.0,3.395204678594901,2.0452887593123896,3.395204678594901,3.395204678594901,global,3
21,1,21,1,0.031086688861250877,0.031086688861250877,0.05204182118177414,0.07692307692307693,0.05555555555555555,0.0,28,0,1.0,0.8999439461883408,1.0,0.8999439461883408,0.10555244145490783,0.0,0.0,0.0,0.0,0.0,0.0,0.0,0.0,0.38927575784720136,0.0,0.0,1.6796021857598604,0.3296862664773491,1.6796021857598604,1.6796021857598604,global,2
210,1,210,1,0.15598849952220917,0.15598849952220917,0.12550072371959686,0.38461538461538464,0.2777777777777778,0.0,28,0,1.0,0.8999439461883408,1.0,0.8999439461883408,0.5277622072745392,0.0,0.0,0.6484375,0.6484375,0.0,0.0,0.0,0.0,0.4133336856574363,0.0,0.0,2.8630965147684497,1.5131805954859383,2.8630965147684497,2.8630965147684497,global,0
211,1,211,1,0.06731123477220535,0.06731123477220535,0.049450647085905075,0.23076923076923078,0.16666666666666666,0.0,28,0,1.0,0.8999439461883408,1.0,0.8999439461883408,0.3166573243647235,0.0,0.0,0.0,0.0,0.0,0.0,0.0,0.0,0.5203511330526049,0.0,0.0,2.1239728111186214,0.7740568918361099,2.1239728111186214,2.1239728111186214,global,4
212,1,212,1,0.13569138944149017,0.13569138944149017,0.11691378057003021,0.38461538461538464,0.2777777777777778,0.0,28,0,1.0,0.8999439461883408,1.0,0.8999439461883408,0.5277622072745392,0.0,0.0,0.6484375,0.6484375,0.0,0.0,0.0,0.0,0.457194535001544,0.0,0.0,2.860017081507107,1.5101011622245955,2.860017081507107,2.860017081507107,global,0
213,1,213,1,0.0499294176697731,0.0499294176697731,0.05987495556473732,0.15384615384615385,0.1111111111111111,0.0,28,0,1.0,0.8999439461883408,1.0,0.8999439461883408,0.21110488290981566,0.09090909090909091,0.09090909090909091,0.0,0.0,0.0,0.0,0.0,0.0,0.4592675325690504,0.0,0.0,1.903708089257421,0.5537921699749097,1.903708089257421,1.903708089257421,global,2
214,1,214,1,0.1330643743276596,0.1330643743276596,0.09868504106998444,0.3076923076923077,0.2222222222222222,0.0,28,0,1.0,0.8999439461883408,1.0,0.8999439461883408,0.4222097658196313,0.08333333333333333,0.08333333333333333,0.6484375,0.6484375,0.0,0.0,0.0,0.0,0.536063763453796,0.0,0.0,2.6935420499175295,1.3436261306350186,2.6935420499175295,2.6935420499175295,global,0
215,1,215,1,0.2513905167579651,0.2513905167579651,0.2188343107700348,0.5384615384615384,0.3888888888888889,0.0,28,0,1.0,0.8999439461883408,1.0,0.8999439461883408,0.7388670901843548,0.0,0.0,0.6484375,0.6484375,0.0,0.0,0.0,0.0,0.3204913876815317,0.0,0.0,3.287633815232659,1.937717895950148,3.287633815232659,3.287633815232659,global,0
216,1,216,1,0.09952563047409058,0.09952563047409058,0.10427197813987732,0.38461538461538464,0.2777777777777778,0.0,28,0,1.0,0.8999439461883408,1.0,0.8999439461883408,0.5277622072745392,0.0,0.0,0.14772727272727285,0.14772727272727285,0.0,0.0,0.0,0.0,0.3261479924234149,0.0,0.0,2.5414153979233847,1.1914994786408737,2.5414153979233847,2.5414153979233847,global,5
217,1,217,1,0.2746977210044861,0.2746977210044861,0.2430880218744278,0.6153846153846154,0.4444444444444444,0.0,28,0,1.0,0.8999439461883408,1.0,0.8999439461883408,0.8444195316392626,0.0,0.0,0.6484375,0.6484375,0.0,0.0,0.0,0.0,0.5992393897677962,0.0,0.0,3.5779381672899433,2.228022248007432,3.5779381672899433,3.5779381672899433,global,0
218,1,218,1,0.20073267817497253,0.20073267817497253,0.16158375144004822,0.5384615384615384,0.3888888888888889,0.0,28,0,1.0,0.8999439461883408,1.0,0.8999439461883408,0.7388670901843548,0.14285714285714285,0.14285714285714285,0.0,0.0,0.0,0.0,0.0,0.0,0.3713819971564269,0.0,0.0,2.9381559772087336,1.5882400579262224,2.9381559772087336,2.9381559772087336,global,2
219,1,219,1,0.23659726977348328,0.23659726977348328,0.20760853588581085,0.5384615384615384,0.3888888888888889,0.0,28,0,1.0,0.8999439461883408,1.0,0.8999439461883408,0.7388670901843548,0.0,0.0,0.6484375,0.6484375,0.0,0.0,0.0,0.0,0.40184270639533065,0.0,0.0,3.300204613259213,1.9502886939767021,3.300204613259213,3.300204613259213,global,0
22,1,22,1,0.08648461103439331,0.08648461103439331,0.05576885864138603,0.23076923076923078,0.16666666666666666,0.0,28,0,1.0,0.8999439461883408,1.0,0.8999439461883408,0.3166573243647235,0.16666666666666666,0.16666666666666666,0.0,0.0,0.0,0.0,0.0,0.0,0.2781073379222419,0.0,0.0,2.066638373589263,0.7167224543067514,2.066638373589263,2.066638373589263,global,4
220,1,220,1,0.12246102094650269,0.12246102094650269,0.08597436547279358,0.46153846153846156,0.3333333333333333,0.0,28,0,1.0,0.8999439461883408,1.0,0.8999439461883408,0.633314648729447,0.0,0.0,0.0,0.0,0.0,0.0,0.0,0.0,0.3877496244387704,0.0,0.0,2.6924147515764725,1.3424988322939615,2.6924147515764725,2.6924147515764725,global,2
221,1,221,1,0.09143994748592377,0.09143994748592377,0.07407672703266144,0.23076923076923078,0.16666666666666666,0.0,28,0,1.0,0.8999439461883408,1.0,0.8999439461883408,0.3166573243647235,0.0,0.0,0.6484375,0.6484375,0.0,0.0,0.0,0.0,0.3367288944385288,0.0,0.0,2.4124078597053726,1.0624919404228617,2.4124078597053726,2.4124078597053726,global,0
222,1,222,1,0.21551594138145447,0.21551594138145447,0.18435487151145935,0.46153846153846156,0.3333333333333333,0.0,28,0,1.0,0.8999439461883408,1.0,0.8999439461883408,0.633314648729447,0.0,0.0,0.6484375,0.6484375,0.0,0.0,0.0,0.0,0.30133525348689894,0.0,0.0,3.0651531266388727,1.7152372073563615,3.0651531266388727,3.0651531266388727,global,0
223,1,223,1,0.13801531493663788,0.13801531493663788,0.10585591197013855,0.3076923076923077,0.2222222222222222,0.0,28,0,1.0,0.8999439461883408,1.0,0.8999439461883408,0.4222097658196313,0.16666666666666666,0.16666666666666666,0.6484375,0.6484375,0.0,0.0,0.0,0.0,0.27819655623638745,0.0,0.0,2.62014264023949,1.2702267209569786,2.62014264023949,2.62014264023949,global,0
224,1,224,1,0.06508772075176239,0.06508772075176239,0.030402962118387222,0.23076923076923078,0.16666666666666666,0.0,28,0,1.0,0.8999439461883408,1.0,0.8999439461883408,0.3166573243647235,0.0,0.0,0.0,0.0,0.0,0.0,0.0,0.0,0.427091757649764,0.0,0.0,2.0942161872814147,0.7443002679989033,2.0942161872814147,2.0942161872814147,global,3
225,1,225,1,0.21329812705516815,0.21329812705516815,0.1730169802904129,0.5384615384615384,0.3888888888888889,0.0,28,0,1.0,0.8999439461883408,1.0,0.8999439461883408,0.7388670901843548,0.0,0.0,0.6484375,0.6484375,0.0,0.0,0.0,0.0,0.6624302587515969,0.0,0.0,3.359741564791441,2.0098256455089296,3.359741564791441,3.359741564791441,global,0
226,1,226,1,0.06250106543302536,0.06250106543302536,0.06607262790203094,0.07692307692307693,0.05555555555555555,0.0,28,0,1.0,0.8999439461883408,1.0,0.8999439461883408,0.10555244145490783,0.0,0.0,0.6484375,0.6484375,0.0,0.0,0.0,0.0,0.3894870241293759,0.0,0.0,2.029015816901932,0.679099897619421,2.029015816901932,2.029015816901932,global,0
227,1,227,1,0.1092560663819313,0.1092560663819313,0.07038366049528122,0.23076923076923078,0.16666666666666666,0.0,28,0,1.0,0.8999439461883408,1.0,0.8999439461883408,0.3166573243647235,0.0,0.0,0.6484375,0.6484375,0.0,0.0,0.0,0.0,0.6006170439070124,0.0,0.0,2.505827199662724,1.155911280380213,2.505827199662724,2.505827199662724,global,0
228,1,228,1,0.022146472707390785,0.022146472707390785,0.0023898761719465256,0.0,0.0,0.0,28,0,1.0,0.8999439461883408,1.0,0.8999439461883408,0.0,0.0,0.0,0.0,0.0,0.0,0.0,0.0,0.0,0.20743017096937466,0.0,0.0,1.4298621487392362,0.07994622945672503,1.4298621487392362,1.4298621487392362,global,3
229,1,229,1,0.23430193960666656,0.23430193960666656,0.1930307000875473,0.46153846153846156,0.3333333333333333,0.0,28,0,1.0,0.8999439461883408,1.0,0.8999439461883408,0.633314648729447,0.14285714285714285,0.14285714285714285,0.6484375,0.6484375,0.0,0.0,0.0,0.0,0.35867666500860174,0.0,0.0,3.0973843486755532,1.7474684293930418,3.0973843486755532,3.0973843486755532,global,0
23,1,23,1,0.0258865375071764,0.0258865375071764,0.04382528364658356,0.07692307692307693,0.05555555555555555,0.0,28,0,1.0,0.8999439461883408,1.0,0.8999439461883408,0.10555244145490783,0.0,0.0,0.0,0.0,0.0,0.0,0.0,0.0,0.34775922644258805,0.0,0.0,1.6629871052552168,0.31307118597270556,1.6629871052552168,1.6629871052552168,global,2
230,1,230,1,0.10030361264944077,0.10030361264944077,0.07270630449056625,0.15384615384615385,0.1111111111111111,0.0,28,0,1.0,0.8999439461883408,1.0,0.8999439461883408,0.21110488290981566,0.2,0.2,0.6484375,0.6484375,0.0,0.0,0.0,0.0,0.20894546691598415,0.0,0.0,2.1931295755452354,0.8432136562627239,2.1931295755452354,2.1931295755452354,global,0
231,1,231,1,0.06766815483570099,0.06766815483570099,0.056024353951215744,0.15384615384615385,0.1111111111111111,0.0,28,0,1.0,0.8999439461883408,1.0,0.8999439461883408,0.21110488290981566,0.0,0.0,0.6484375,0.6484375,0.0,0.0,0.0,0.0,0.35960849125348593,0.0,0.0,2.2122201165954936,0.8623041973129826,2.2122201165954936,2.2122201165954936,global,0
232,1,232,1,0.0870547667145729,0.0870547667145729,0.05300985649228096,0.23076923076923078,0.16666666666666666,0.0,28,0,1.0,0.8999439461883408,1.0,0.8999439461883408,0.3166573243647235,0.1,0.1,0.0,0.0,0.0,0.0,0.0,0.0,0.43391078999453164,0.0,0.0,2.1138355337550934,0.7639196144725819,2.1138355337550934,2.1138355337550934,global,4
233,1,233,1,0.48358312249183655,0.48358312249183655,0.43208345770835876,1.0,0.7222222222222221,0.0,28,0,1.0,0.8999439461883408,1.0,0.8999439461883408,1.3721817389138016,0.05263157894736842,0.05263157894736842,0.0,0.0,0.0,0.0,0.0,0.0,1.0,0.0,0.0,4.481226861720424,3.1313109424379135,4.481226861720424,4.481226861720424,global,4
234,1,234,1,0.19308620691299438,0.19308620691299438,0.17688727378845215,0.5384615384615384,0.3888888888888889,0.0,28,0,1.0,0.8999439461883408,1.0,0.8999439461883408,0.7388670901843548,0.1,0.1,0.14772727272727285,0.14772727272727285,0.0,0.0,0.0,0.0,0.5169629640011824,0.0,0.0,3.0495767266162144,1.699660807333703,3.0495767266162144,3.0495767266162144,global,5
235,1,235,1,0.2148483246564865,0.2148483246564865,0.17968900501728058,0.5384615384615384,0.3888888888888889,0.0,28,0,1.0,0.8999439461883408,1.0,0.8999439461883408,0.7388670901843548,0.0,0.0,0.6484375,0.6484375,0.0,0.0,0.0,0.0,0.44056298379545117,0.0,0.0,3.294421540385652,1.9445056211031408,3.294421540385652,3.294421540385652,global,0
236,1,236,1,0.06986130028963089,0.06986130028963089,0.06789582222700119,0.23076923076923078,0.16666666666666666,0.0,28,0,1.0,0.8999439461883408,1.0,0.8999439461883408,0.3166573243647235,0.0,0.0,0.14772727272727285,0.14772727272727285,0.0,0.0,0.0,0.0,0.07670898087310833,0.0,0.0,2.066783854242349,0.7168679349598378,2.066783854242349,2.066783854242349,global,5
237,1,237,1,0.08798805624246597,0.08798805624246597,0.08217283338308334,0.38461538461538464,0.2777777777777778,0.0,28,0,1.0,0.8999439461883408,1.0,0.8999439461883408,0.5277622072745392,0.0,0.0,0.0,0.0,0.0,0.0,0.0,0.0,0.4557896833245955,0.0,0.0,2.4972142094448024,1.1472982901622915,2.4972142094448024,2.4972142094448024,global,6
238,1,238,1,0.048176661133766174,0.048176661133766174,0.032849669456481934,0.15384615384615385,0.1111111111111111,0.0,28,0,1.0,0.8999439461883408,1.0,0.8999439461883408,0.21110488290981566,0.0,0.0,0.0,0.0,0.0,0.0,0.0,0.0,0.4618934164408112,0.0,0.0,1.9030936491901436,0.5531777299076324,1.9030936491901436,1.9030936491901436,global,1
239,1,239,1,0.08327382802963257,0.08327382802963257,0.08633893728256226,0.38461538461538464,0.2777777777777778,0.0,28,0,1.0,0.8999439461883408,1.0,0.8999439461883408,0.5277622072745392,0.0,0.0,0.0,0.0,0.0,0.0,0.0,0.0,0.326952022935052,0.0,0.0,2.4547915287576734,1.104875609475162,2.4547915287576734,2.4547915287576734,global,2
24,1,24,1,0.263762503862381,0.263762503862381,0.23257629573345184,0.6153846153846154,0.4444444444444444,0.0,28,0,1.0,0.8999439461883408,1.0,0.8999439461883408,0.8444195316392626,0.0,0.0,0.6484375,0.6484375,0.0,0.0,0.0,0.0,0.6384738319960184,0.0,0.0,3.5809603262447256,2.2310444069622144,3.5809603262447256,3.5809603262447256,global,0
240,1,240,1,0.13632139563560486,0.13632139563560486,0.15713092684745789,0.5384615384615384,0.3888888888888889,0.0,28,0,1.0,0.8999439461883408,1.0,0.8999439461883408,0.7388670901843548,0.0,0.0,0.14772727272727285,0.14772727272727285,0.0,0.0,0.0,0.0,0.5319003438017058,0.0,0.0,3.0086460915344597,1.6587301722519483,3.0086460915344597,3.0086460915344597,global,5
241,1,241,1,0.0975269302725792,0.0975269302725792,0.0530308298766613,0.38461538461538464,0.2777777777777778,0.0,28,0,1.0,0.8999439461883408,1.0,0.8999439461883408,0.5277622072745392,0.0,0.0,0.0,0.0,0.0,0.0,0.0,0.0,0.45726776302680044,0.0,0.0,2.505288732579555,1.1553728132970438,2.505288732579555,2.505288732579555,global,3
242,1,242,1,0.03535197302699089,0.03535197302699089,0.034394752234220505,0.07692307692307693,0.05555555555555555,0.0,28,0,1.0,0.8999439461883408,1.0,0.8999439461883408,0.10555244145490783,0.0,0.0,0.0,0.0,0.0,0.0,0.0,0.0,0.21878058552480073,0.0,0.0,1.6318658613957322,0.28194994211322094,1.6318658613957322,1.6318658613957322,global,1
243,1,243,1,0.2262069135904312,0.2262069135904312,0.21802391111850739,0.6153846153846154,0.4444444444444444,0.0,28,0,1.0,0.8999439461883408,1.0,0.8999439461883408,0.8444195316392626,0.0,0.0,0.14772727272727285,0.14772727272727285,0.0,0.0,0.0,0.0,0.3317980102228479,0.0,0.0,3.208557993858851,1.8586420745763401,3.208557993858851,3.208557993858851,global,5
244,1,244,1,0.1782180666923523,0.1782180666923523,0.15464109182357788,0.5384615384615384,0.3888888888888889,0.0,28,0,1.0,0.8999439461883408,1.0,0.8999439461883408,0.7388670901843548,0.0,0.0,0.14772727272727285,0.14772727272727285,0.0,0.0,0.0,0.0,0.534778935554075,0.0,0.0,3.0430270059055684,1.6931110866230572,3.0430270059055684,3.0430270059055684,global,5
245,1,245,1,0.10197507590055466,0.10197507590055466,0.11443862318992615,0.46153846153846156,0.3333333333333333,0.0,28,0,1.0,0.8999439461883408,1.0,0.8999439461883408,0.633314648729447,0.0,0.0,0.14772727272727285,0.14772727272727285,0.0,0.0,0.0,0.0,0.3429161333624715,0.0,0.0,2.736439584580461,1.3865236652979498,2.736439584580461,2.736439584580461,global,5
246,1,246,1,0.10950373858213425,0.10950373858213425,0.08485723286867142,0.23076923076923078,0.16666666666666666,0.0,28,0,1.0,0.8999439461883408,1.0,0.8999439461883408,0.3166573243647235,0.2727272727272727,0.2727272727272727,0.0,0.0,0.0,0.0,0.0,0.0,0.5065290436567131,0.0,0.0,2.1535801873477967,0.8036642680652855,2.1535801873477967,2.1535801873477967,global,2
247,1,247,1,0.0664607509970665,0.0664607509970665,0.03980810195207596,0.23076923076923078,0.16666666666666666,0.0,28,0,1.0,0.8999439461883408,1.0,0.8999439461883408,0.3166573243647235,0.125,0.125,0.0,0.0,0.0,0.0,0.0,0.0,0.3496163194411057,0.0,0.0,2.0720719800150604,0.7221560607325491,2.0720719800150604,2.0720719800150604,global,3
248,1,248,1,0.0710604190826416,0.0710604190826416,0.04962185397744179,0.3076923076923077,0.2222222222222222,0.0,28,0,1.0,0.8999439461883408,1.0,0.8999439461883408,0.4222097658196313,0.0,0.0,0.0,0.0,0.0,0.0,0.0,0.0,0.3147155494647509,0.0,0.0,2.2533156715248017,0.9033997522422907,2.2533156715248017,2.2533156715248017,global,2
249,1,249,1,0.22595000267028809,0.22595000267028809,0.20969277620315552,0.5384615384615384,0.3888888888888889,0.0,28,0,1.0,0.8999439461883408,1.0,0.8999439461883408,0.7388670901843548,0.0,0.0,0.14772727272727285,0.14772727272727285,0.0,0.0,0.0,0.0,0.27435512570804493,0.0,0.0,3.0030854117341077,1.6531694924515965,3.0030854117341077,3.0030854117341077,global,5
25,1,25,1,0.11286042630672455,0.11286042630672455,0.06722871959209442,0.38461538461538464,0.2777777777777778,0.0,28,0,1.0,0.8999439461883408,1.0,0.8999439461883408,0.5277622072745392,0.0,0.0,0.0,0.0,0.0,0.0,0.0,0.0,0.19659918342261448,0.0,0.0,2.4393549555256153,1.0894390362431041,2.4393549555256153,2.4393549555256153,global,3
250,1,250,1,0.10219081491231918,0.10219081491231918,0.06877259165048599,0.23076923076923078,0.16666666666666666,0.0,28,0,1.0,0.8999439461883408,1.0,0.8999439461883408,0.3166573243647235,0.0,0.0,0.6484375,0.6484375,0.0,0.0,0.0,0.0,0.6475356925900478,0.0,0.0,2.514250593091945,1.1643346738094338,2.514250593091945,2.514250593091945,global,0
251,1,251,1,0.0657963827252388,0.0657963827252388,0.05001291632652283,0.07692307692307693,0.05555555555555555,0.0,28,0,1.0,0.8999439461883408,1.0,0.8999439461883408,0.10555244145490783,0.0,0.0,0.6484375,0.6484375,0.0,0.0,0.0,0.0,0.3917049192940726,0.0,0.0,2.032317439285112,0.6824015200026008,2.032317439285112,2.032317439285112,global,0
252,1,252,1,0.14652931690216064,0.14652931690216064,0.1526135355234146,0.5384615384615384,0.3888888888888889,0.0,28,0,1.0,0.8999439461883408,1.0,0.8999439461883408,0.7388670901843548,0.0,0.0,0.14772727272727285,0.14772727272727285,0.0,0.0,0.0,0.0,0.48788488896700266,0.0,0.0,3.0036077920972932,1.653691872814782,3.0036077920972932,3.0036077920972932,global,5
253,1,253,1,0.2389557808637619,0.2389557808637619,0.19894585013389587,0.6923076923076923,0.5,0.0,28,0,1.0,0.8999439461883408,1.0,0.8999439461883408,0.9499719730941705,0.0,0.0,0.0,0.0,0.0,0.0,0.0,0.0,0.34694156819968236,0.0,0.0,3.337470706741118,1.9875547874586066,3.337470706741118,3.337470706741118,global,4
254,1,254,1,0.04483543336391449,0.04483543336391449,0.04795035719871521,0.15384615384615385,0.1111111111111111,0.0,28,0,1.0,0.8999439461883408,1.0,0.8999439461883408,0.21110488290981566,0.09090909090909091,0.09090909090909091,0.0,0.0,0.0,0.0,0.0,0.0,0.4624768514699375,0.0,0.0,1.900595697483,0.5506797782004889,1.900595697483,1.900595697483,global,6
255,1,255,1,0.30693626403808594,0.30693626403808594,0.23916228115558624,0.46153846153846156,0.3333333333333333,0.0,28,0,1.0,0.8999439461883408,1.0,0.8999439461883408,0.633314648729447,0.25,0.25,0.0,0.0,0.0,0.0,0.0,0.0,0.2253455839962445,0.0,0.0,2.7912737339169817,1.4413578146344703,2.7912737339169817,2.7912737339169817,global,4
256,1,256,1,0.14193494617938995,0.14193494617938995,0.09289494156837463,0.46153846153846156,0.3333333333333333,0.0,28,0,1.0,0.8999439461883408,1.0,0.8999439461883408,0.633314648729447,0.0,0.0,0.0,0.0,0.0,0.0,0.0,0.0,0.29903353692462015,0.0,0.0,2.6813790655085374,1.3314631462260262,2.6813790655085374,2.6813790655085374,global,3
257,1,257,1,0.03298302739858627,0.03298302739858627,0.05411609262228012,0.23076923076923078,0.16666666666666666,0.0,28,0,1.0,0.8999439461883408,1.0,0.8999439461883408,0.3166573243647235,0.0,0.0,0.14772727272727285,0.14772727272727285,0.0,0.0,0.0,0.0,0.25046264687729775,0.0,0.0,2.08940733573077,0.7394914164482589,2.08940733573077,2.08940733573077,global,5
258,1,258,1,0.2705264389514923,0.2705264389514923,0.2332228422164917,0.6153846153846154,0.4444444444444444,0.0,28,0,1.0,0.8999439461883408,1.0,0.8999439461883408,0.8444195316392626,0.0,0.0,0.6484375,0.6484375,0.0,0.0,0.0,0.0,0.5040534606175434,0.0,0.0,3.5460453629024724,2.196129443619961,3.5460453629024724,3.5460453629024724,global,0
259,1,259,1,0.12597806751728058,0.12597806751728058,0.08778288960456848,0.3076923076923077,0.2222222222222222,0.0,28,0,1.0,0.8999439461883408,1.0,0.8999439461883408,0.4222097658196313,0.07142857142857142,0.07142857142857142,0.6484375,0.6484375,0.0,0.0,0.0,0.0,0.6317772422630772,0.0,0.0,2.716587048112011,1.3666711288294997,2.716587048112011,2.716587048112011,global,0
26,1,26,1,0.07489297538995743,0.07489297538995743,0.051710620522499084,0.38461538461538464,0.2777777777777778,0.0,28,0,1.0,0.8999439461883408,1.0,0.8999439461883408,0.5277622072745392,0.0,0.0,0.0,0.0,0.0,0.0,0.0,0.0,0.1985863061906758,0.0,0.0,2.40957713162262,1.0596612123401088,2.40957713162262,2.40957713162262,global,1
260,1,260,1,0.1058020293712616,0.1058020293712616,0.08674092590808868,0.46153846153846156,0.3333333333333333,0.0,28,0,1.0,0.8999439461883408,1.0,0.8999439461883408,0.633314648729447,0.08333333333333333,0.08333333333333333,0.0,0.0,0.0,0.0,0.0,0.0,0.5749421943882635,0.0,0.0,2.7352453293011276,1.3853294100186166,2.7352453293011276,2.7352453293011276,global,2
261,1,261,1,0.1165672093629837,0.1165672093629837,0.09567812830209732,0.3076923076923077,0.2222222222222222,0.0,28,0,1.0,0.8999439461883408,1.0,0.8999439461883408,0.4222097658196313,0.0,0.0,0.6484375,0.6484375,0.0,0.0,0.0,0.0,0.61476239531872,0.0,0.0,2.7039539075052663,1.3540379882227551,2.7039539075052663,2.7039539075052663,global,0
262,1,262,1,0.09377747774124146,0.09377747774124146,0.06005912646651268,0.15384615384615385,0.1111111111111111,0.0,28,0,1.0,0.8999439461883408,1.0,0.8999439461883408,0.21110488290981566,0.0,0.0,0.6484375,0.6484375,0.0,0.0,0.0,0.0,0.5844068634895582,0.0,0.0,2.300547086590748,0.9506311673082367,2.300547086590748,2.300547086590748,global,0
263,1,263,1,0.03880875185132027,0.03880875185132027,0.034593451768159866,0.23076923076923078,0.16666666666666666,0.0,28,0,1.0,0.8999439461883408,1.0,0.8999439461883408,0.3166573243647235,0.0,0.0,0.14772727272727285,0.14772727272727285,0.0,0.0,0.0,0.0,0.17293428753701187,0.0,0.0,2.0708094074908714,0.7208934882083603,2.0708094074908714,2.0708094074908714,global,5
264,1,264,1,0.06041035056114197,0.06041035056114197,0.049360163509845734,0.0,0.0,0.0,28,0,1.0,0.8999439461883408,1.0,0.8999439461883408,0.0,0.0,0.0,0.6484375,0.6484375,0.0,0.0,0.0,0.0,0.285421157779063,0.0,0.0,1.8080892970651437,0.45817337778263245,1.8080892970651437,1.8080892970651437,global,0
265,1,265,1,0.03556814044713974,0.03556814044713974,0.02263488434255123,0.15384615384615385,0.1111111111111111,0.0,28,0,1.0,0.8999439461883408,1.0,0.8999439461883408,0.21110488290981566,0.0,0.0,0.0,0.0,0.0,0.0,0.0,0.0,0.2842626556910491,0.0,0.0,1.8397176044159138,0.4898016851334026,1.8397176044159138,1.8397176044159138,global,1
266,1,266,1,0.1236267238855362,0.1236267238855362,0.09308282285928726,0.3076923076923077,0.2222222222222222,0.0,28,0,1.0,0.8999439461883408,1.0,0.8999439461883408,0.4222097658196313,0.0,0.0,0.6484375,0.6484375,0.0,0.0,0.0,0.0,0.48223205419001275,0.0,0.0,2.669842416784696,1.319926497502185,2.669842416784696,2.669842416784696,global,0
267,1,267,1,0.12142754346132278,0.12142754346132278,0.10211459547281265,0.38461538461538464,0.2777777777777778,0.0,28,0,1.0,0.8999439461883408,1.0,0.8999439461883408,0.5277622072745392,0.0,0.0,0.14772727272727285,0.14772727272727285,0.0,0.0,0.0,0.0,0.1994862710714641,0.0,0.0,2.5209384119075855,1.1710224926250743,2.5209384119075855,2.5209384119075855,global,5
268,1,268,1,0.040532927960157394,0.040532927960157394,0.060352012515068054,0.23076923076923078,0.16666666666666666,0.0,28,0,1.0,0.8999439461883408,1.0,0.8999439461883408,0.3166573243647235,0.0,0.0,0.14772727272727285,0.14772727272727285,0.0,0.0,0.0,0.0,0.29477814460313695,0.0,0.0,2.1087419054977787,0.7588259862152675,2.1087419054977787,2.1087419054977787,global,5
269,1,269,1,0.0595334954559803,0.0595334954559803,0.06448563933372498,0.3076923076923077,0.2222222222222222,0.0,28,0,1.0,0.8999439461883408,1.0,0.8999439461883408,0.4222097658196313,0.0,0.0,0.0,0.0,0.0,0.0,0.0,0.0,0.44029618115153846,0.0,0.0,2.2817683221295093,0.9318524028469979,2.2817683221295093,2.2817683221295093,global,1
27,1,27,1,0.16533194482326508,0.16533194482326508,0.12543705105781555,0.38461538461538464,0.2777777777777778,0.0,28,0,1.0,0.8999439461883408,1.0,0.8999439461883408,0.5277622072745392,0.0,0.0,0.6484375,0.6484375,0.0,0.0,0.0,0.0,0.3294435847916828,0.0,0.0,2.845404240749568,1.4954883214670571,2.845404240749568,2.845404240749568,global,0
270,1,270,1,0.06916801631450653,0.06916801631450653,0.055872444063425064,0.23076923076923078,0.16666666666666666,0.0,28,0,1.0,0.8999439461883408,1.0,0.8999439461883408,0.3166573243647235,0.0,0.0,0.0,0.0,0.0,0.0,0.0,0.0,0.4616172857374109,0.0,0.0,2.1078380821579037,0.7579221628753926,2.1078380821579037,2.1078380821579037,global,2
271,1,271,1,0.17343246936798096,0.17343246936798096,0.12150473147630692,0.5384615384615384,0.3888888888888889,0.0,28,0,1.0,0.8999439461883408,1.0,0.8999439461883408,0.7388670901843548,0.08333333333333333,0.08333333333333333,0.0,0.0,0.0,0.0,0.0,0.0,0.5930773957020964,0.0,0.0,2.982824429726841,1.63290851044433,2.982824429726841,2.982824429726841,global,4
272,1,272,1,0.07936163246631622,0.07936163246631622,0.08695273101329803,0.38461538461538464,0.2777777777777778,0.0,28,0,1.0,0.8999439461883408,1.0,0.8999439461883408,0.5277622072745392,0.0,0.0,0.14772727272727285,0.14772727272727285,0.0,0.0,0.0,0.0,0.4120425471684661,0.0,0.0,2.5510525659406804,1.2011366466581694,2.5510525659406804,2.5510525659406804,global,5
273,1,273,1,0.09921174496412277,0.09921174496412277,0.07270922511816025,0.38461538461538464,0.2777777777777778,0.0,28,0,1.0,0.8999439461883408,1.0,0.8999439461883408,0.5277622072745392,0.0,0.0,0.0,0.0,0.0,0.0,0.0,0.0,0.4946916333828813,0.0,0.0,2.517863745439614,1.1679478261571028,2.517863745439614,2.517863745439614,global,3
274,1,274,1,0.21116861701011658,0.21116861701011658,0.1621623933315277,0.6153846153846154,0.4444444444444444,0.0,28,0,1.0,0.8999439461883408,1.0,0.8999439461883408,0.8444195316392626,0.0,0.0,0.0,0.0,0.0,0.0,0.0,0.0,0.5066648295160087,0.0,0.0,3.1751237660189116,1.8252078467364001,3.1751237660189116,3.1751237660189116,global,3
275,1,275,1,0.07762385904788971,0.07762385904788971,0.0630907490849495,0.3076923076923077,0.2222222222222222,0.0,28,0,1.0,0.8999439461883408,1.0,0.8999439461883408,0.4222097658196313,0.0,0.0,0.0,0.0,0.0,0.0,0.0,0.0,0.40145570572275063,0.0,0.0,2.2845884703744,0.9346725510918892,2.2845884703744,2.2845884703744,global,3
276,1,276,1,0.0996822714805603,0.0996822714805603,0.07587773352861404,0.23076923076923078,0.16666666666666666,0.0,28,0,1.0,0.8999439461883408,1.0,0.8999439461883408,0.3166573243647235,0.0,0.0,0.6484375,0.6484375,0.0,0.0,0.0,0.0,0.5081748698823932,0.0,0.0,2.470435511534242,1.1205195922517304,2.470435511534242,2.470435511534242,global,0
277,1,277,1,0.020359279587864876,0.020359279587864876,0.0,0.0,0.0,0.0,28,0,1.0,0.8999439461883408,1.0,0.8999439461883408,0.0,0.0,0.0,0.0,0.0,0.0,0.0,0.0,0.0,0.19959793209014978,0.0,0.0,1.426082722579848,0.07616680329733683,1.426082722579848,1.426082722579848,global,3
278,1,278,1,0.08270266652107239,0.08270266652107239,0.06235581263899803,0.38461538461538464,0.2777777777777778,0.0,28,0,1.0,0.8999439461883408,1.0,0.8999439461883408,0.5277622072745392,0.0,0.0,0.0,0.0,0.0,0.0,0.0,0.0,0.45956552991180255,0.0,0.0,2.4941186516438503,1.144202732361339,2.4941186516438503,2.4941186516438503,global,1
279,1,279,1,0.05234973877668381,0.05234973877668381,0.04155028238892555,0.07692307692307693,0.05555555555555555,0.0,28,0,1.0,0.8999439461883408,1.0,0.8999439461883408,0.10555244145490783,0.0,0.0,0.0,0.0,0.0,0.0,0.0,0.0,0.40434592082794135,0.0,0.0,1.7011336745864287,0.35121775530391747,1.7011336745864287,1.7011336745864287,global,4
28,1,28,1,0.16800451278686523,0.16800451278686523,0.14899340271949768,0.5384615384615384,0.3888888888888889,0.0,28,0,1.0,0.8999439461883408,1.0,0.8999439461883408,0.7388670901843548,0.0,0.0,0.0,0.0,0.0,0.0,0.0,0.0,0.537678978684949,0.0,0.0,2.9618625393568045,1.6119466200742933,2.9618625393568045,2.9618625393568045,global,1
280,1,280,1,0.20848464965820312,0.20848464965820312,0.17740918695926666,0.5384615384615384,0.3888888888888889,0.0,28,0,1.0,0.8999439461883408,1.0,0.8999439461883408,0.7388670901843548,0.0,0.0,0.6484375,0.6484375,0.0,0.0,0.0,0.0,0.4847215848336211,0.0,0.0,3.302578180698476,1.952662261415965,3.302578180698476,3.302578180698476,global,0
281,1,281,1,0.04717811569571495,0.04717811569571495,0.05825170874595642,0.07692307692307693,0.05555555555555555,0.0,28,0,1.0,0.8999439461883408,1.0,0.8999439461883408,0.10555244145490783,0.0,0.0,0.0,0.0,0.0,0.0,0.0,0.0,0.39490296593194474,0.0,0.0,1.6941634896528546,0.3442475703703434,1.6941634896528546,1.6941634896528546,global,2
282,1,282,1,0.024586500599980354,0.024586500599980354,0.014662517234683037,0.07692307692307693,0.05555555555555555,0.0,28,0,1.0,0.8999439461883408,1.0,0.8999439461883408,0.10555244145490783,0.1111111111111111,0.1111111111111111,0.0,0.0,0.0,0.0,0.0,0.0,0.3621828919015811,0.0,0.0,1.6662741753671577,0.3163582560846466,1.6662741753671577,1.6662741753671577,global,6
283,1,283,1,0.027579616755247116,0.027579616755247116,0.018415799364447594,0.0,0.0,0.0,28,0,1.0,0.8999439461883408,1.0,0.8999439461883408,0.0,0.0,0.0,0.0,0.0,0.0,0.0,0.0,0.0,0.24188305159586518,0.0,0.0,1.4445445281654685,0.09462860888295725,1.4445445281654685,1.4445445281654685,global,4
284,1,284,1,0.05865117534995079,0.05865117534995079,0.08346046507358551,0.3076923076923077,0.2222222222222222,0.0,28,0,1.0,0.8999439461883408,1.0,0.8999439461883408,0.4222097658196313,0.0,0.0,0.14772727272727285,0.14772727272727285,0.0,0.0,0.0,0.0,0.3943597291347352,0.0,0.0,2.341145166803281,0.9912292475207698,2.341145166803281,2.341145166803281,global,5
285,1,285,1,0.22626857459545135,0.22626857459545135,0.1880139410495758,0.6153846153846154,0.4444444444444444,0.0,28,0,1.0,0.8999439461883408,1.0,0.8999439461883408,0.8444195316392626,0.0,0.0,0.0,0.0,0.0,0.0,0.0,0.0,0.2938962701684406,0.0,0.0,3.1233731642829086,1.7734572450003974,3.1233731642829086,3.1233731642829086,global,2
286,1,286,1,0.08349142968654633,0.08349142968654633,0.06398636102676392,0.15384615384615385,0.1111111111111111,0.0,28,0,1.0,0.8999439461883408,1.0,0.8999439461883408,0.21110488290981566,0.1111111111111111,0.1111111111111111,0.6484375,0.6484375,0.0,0.0,0.0,0.0,0.38155545588244,0.0,0.0,2.231462825864856,0.8815469065823451,2.231462825864856,2.231462825864856,global,0
287,1,287,1,0.10833004862070084,0.10833004862070084,0.12163260579109192,0.38461538461538464,0.2777777777777778,0.0,28,0,1.0,0.8999439461883408,1.0,0.8999439461883408,0.5277622072745392,0.0,0.0,0.14772727272727285,0.14772727272727285,0.0,0.0,0.0,0.0,0.19941132354116148,0.0,0.0,2.5104379317759973,1.1605220124934859,2.5104379317759973,2.5104379317759973,global,5
288,1,288,1,0.11881542950868607,0.11881542950868607,0.11052381992340088,0.46153846153846156,0.3333333333333333,0.0,28,0,1.0,0.8999439461883408,1.0,0.8999439461883408,0.633314648729447,0.0,0.0,0.0,0.0,0.0,0.0,0.0,0.0,0.34562204589451234,0.0,0.0,2.676860004862942,1.3269440855804309,2.676860004862942,2.676860004862942,global,1
289,1,289,1,0.1405617892742157,0.1405617892742157,0.09963377565145493,0.3076923076923077,0.2222222222222222,0.0,28,0,1.0,0.8999439461883408,1.0,0.8999439461883408,0.4222097658196313,0.0,0.0,0.6484375,0.6484375,0.0,0.0,0.0,0.0,0.4041595436555619,0.0,0.0,2.659968715935304,1.310052796652793,2.659968715935304,2.659968715935304,global,0
29,1,29,1,0.16968904435634613,0.16968904435634613,0.1483021229505539,0.5384615384615384,0.3888888888888889,0.0,28,0,1.0,0.8999439461883408,1.0,0.8999439461883408,0.7388670901843548,0.0,0.0,0.0,0.0,0.0,0.0,0.0,0.0,0.49729216340119226,0.0,0.0,2.9510941200272622,1.6011782007447508,2.9510941200272622,2.9510941200272622,global,6
290,1,290,1,0.16796055436134338,0.16796055436134338,0.12234863638877869,0.3076923076923077,0.2222222222222222,0.0,28,0,1.0,0.8999439461883408,1.0,0.8999439461883408,0.4222097658196313,0.16666666666666666,0.16666666666666666,0.6484375,0.6484375,0.0,0.0,0.0,0.0,0.2823821989736526,0.0,0.0,2.6453545246004335,1.2954386053179225,2.6453545246004335,2.6453545246004335,global,0
291,1,291,1,0.19492875039577484,0.19492875039577484,0.13974441587924957,0.5384615384615384,0.3888888888888889,0.0,28,0,1.0,0.8999439461883408,1.0,0.8999439461883408,0.7388670901843548,0.09090909090909091,0.09090909090909091,0.0,0.0,0.0,0.0,0.0,0.0,0.544352996961195,0.0,0.0,2.9854041349268057,1.6354882156442947,2.9854041349268057,2.9854041349268057,global,3
292,1,292,1,0.12291933596134186,0.12291933596134186,0.10335482656955719,0.46153846153846156,0.3333333333333333,0.0,28,0,1.0,0.8999439461883408,1.0,0.8999439461883408,0.633314648729447,0.0,0.0,0.0,0.0,0.0,0.0,0.0,0.0,0.2554136223126074,0.0,0.0,2.653080602950495,1.3031646836679838,2.653080602950495,2.653080602950495,global,1
293,1,293,1,0.023294001817703247,0.023294001817703247,0.04437551647424698,0.07692307692307693,0.05555555555555555,0.0,28,0,1.0,0.8999439461883408,1.0,0.8999439461883408,0.10555244145490783,0.0,0.0,0.14772727272727285,0.14772727272727285,0.0,0.0,0.0,0.0,0.30134271658862477,0.0,0.0,1.7208517601110858,0.37093584082857445,1.7208517601110858,1.7208517601110858,global,5
294,1,294,1,0.11659489572048187,0.11659489572048187,0.08372186869382858,0.38461538461538464,0.2777777777777778,0.0,28,0,1.0,0.8999439461883408,1.0,0.8999439461883408,0.5277622072745392,0.0,0.0,0.0,0.0,0.0,0.0,0.0,0.0,0.15422390739641104,0.0,0.0,2.42962994824876,1.079714028966249,2.42962994824876,2.42962994824876,global,1
295,1,295,1,0.07209943234920502,0.07209943234920502,0.04754854366183281,0.23076923076923078,0.16666666666666666,0.0,28,0,1.0,0.8999439461883408,1.0,0.8999439461883408,0.3166573243647235,0.0,0.0,0.0,0.0,0.0,0.0,0.0,0.0,0.4672292529657103,0.0,0.0,2.1118668051541523,0.7619508858716412,2.1118668051541523,2.1118668051541523,global,4
296,1,296,1,0.11602796614170074,0.11602796614170074,0.09200596064329147,0.3076923076923077,0.2222222222222222,0.0,28,0,1.0,0.8999439461883408,1.0,0.8999439461883408,0.4222097658196313,0.0,0.0,0.6484375,0.6484375,0.0,0.0,0.0,0.0,0.39824388801720095,0.0,0.0,2.6385669607377844,1.288651041455273,2.6385669607377844,2.6385669607377844,global,0
297,1,297,1,0.03413454070687294,0.03413454070687294,0.028745103627443314,0.15384615384615385,0.1111111111111111,0.0,28,0,1.0,0.8999439461883408,1.0,0.8999439461883408,0.21110488290981566,0.0,0.0,0.0,0.0,0.0,0.0,0.0,0.0,0.2389795503636191,0.0,0.0,1.8249857930254714,0.4750698737429601,1.8249857930254714,1.8249857930254714,global,1
298,1,298,1,0.05189252644777298,0.05189252644777298,0.06351542472839355,0.3076923076923077,0.2222222222222222,0.0,28,0,1.0,0.8999439461883408,1.0,0.8999439461883408,0.4222097658196313,0.0,0.0,0.0,0.0,0.0,0.0,0.0,0.0,0.43742799121469184,0.0,0.0,2.274795089941889,0.924879170659378,2.274795089941889,2.274795089941889,global,1
299,1,299,1,0.13222187757492065,0.13222187757492065,0.09831110388040543,0.3076923076923077,0.2222222222222222,0.0,28,0,1.0,0.8999439461883408,1.0,0.8999439461883408,0.4222097658196313,0.16666666666666666,0.16666666666666666,0.6484375,0.6484375,0.0,0.0,0.0,0.0,0.5432614377001942,0.0,0.0,2.695027354789258,1.3451114355067468,2.695027354789258,2.695027354789258,global,0
3,1,3,1,0.059423428028821945,0.059423428028821945,0.037801843136548996,0.23076923076923078,0.16666666666666666,0.0,28,0,1.0,0.8999439461883408,1.0,0.8999439461883408,0.3166573243647235,0.125,0.125,0.0,0.0,0.0,0.0,0.0,0.0,0.3544726915044716,0.0,0.0,2.0678990332594744,0.7179831139769631,2.0678990332594744,2.0678990332594744,global,1
30,1,30,1,0.07532723248004913,0.07532723248004913,0.055570587515830994,0.15384615384615385,0.1111111111111111,0.0,28,0,1.0,0.8999439461883408,1.0,0.8999439461883408,0.21110488290981566,0.0,0.0,0.6484375,0.6484375,0.0,0.0,0.0,0.0,0.4479539608252594,0.0,0.0,2.244851019582504,0.8949351002999932,2.244851019582504,2.244851019582504,global,0
300,1,300,1,0.06067730486392975,0.06067730486392975,0.026260079815983772,0.3076923076923077,0.2222222222222222,0.0,28,0,1.0,0.8999439461883408,1.0,0.8999439461883408,0.4222097658196313,0.0,0.0,0.0,0.0,0.0,0.0,0.0,0.0,0.2736049716352322,0.0,0.0,2.2326760068009768,0.8827600875184656,2.2326760068009768,2.2326760068009768,global,4
301,1,301,1,0.24507898092269897,0.24507898092269897,0.19113151729106903,0.6923076923076923,0.5,0.0,28,0,1.0,0.8999439461883408,1.0,0.8999439461883408,0.9499719730941705,0.0,0.0,0.0,0.0,0.0,0.0,0.0,0.0,0.9151368527434426,0.0,0.0,3.512827852151396,2.1629119328688846,3.512827852151396,3.512827852151396,global,4
302,1,302,1,0.1648704707622528,0.1648704707622528,0.13789169490337372,0.46153846153846156,0.3333333333333333,0.0,28,0,1.0,0.8999439461883408,1.0,0.8999439461883408,0.633314648729447,0.0,0.0,0.6484375,0.6484375,0.0,0.0,0.0,0.0,0.5224406423387473,0.0,0.0,3.090968366799066,1.7410524475165547,3.090968366799066,3.090968366799066,global,0
303,1,303,1,0.1924348920583725,0.1924348920583725,0.17727527022361755,0.6153846153846154,0.4444444444444444,0.0,28,0,1.0,0.8999439461883408,1.0,0.8999439461883408,0.8444195316392626,0.0,0.0,0.14772727272727285,0.14772727272727285,0.0,0.0,0.0,0.0,0.5101796739963004,0.0,0.0,3.2350548757652398,1.8851389564827288,3.2350548757652398,3.2350548757652398,global,5
304,1,304,1,0.13430839776992798,0.13430839776992798,0.09570799767971039,0.46153846153846156,0.3333333333333333,0.0,28,0,1.0,0.8999439461883408,1.0,0.8999439461883408,0.633314648729447,0.0,0.0,0.0,0.0,0.0,0.0,0.0,0.0,0.38705074066823547,0.0,0.0,2.7016829879040527,1.3517670686215413,2.7016829879040527,2.7016829879040527,global,3
305,1,305,1,0.051138415932655334,0.051138415932655334,0.041283994913101196,0.23076923076923078,0.2222222222222222,0.11111111111111112,28,0,1.0,0.8999439461883408,1.0,0.8999439461883408,0.4222097658196313,0.0,0.0,0.0,0.0,0.0,0.0,0.0,0.0,0.2913169917352675,0.0,0.0,2.4867687580962246,1.1368528388137131,2.4867687580962246,2.4867687580962246,global,3
306,1,306,1,0.07642358541488647,0.07642358541488647,0.10079285502433777,0.38461538461538464,0.2777777777777778,0.0,28,0,1.0,0.8999439461883408,1.0,0.8999439461883408,0.5277622072745392,0.0,0.0,0.14772727272727285,0.14772727272727285,0.0,0.0,0.0,0.0,0.3699649957324593,0.0,0.0,2.5360788628687345,1.1861629435862235,2.5360788628687345,2.5360788628687345,global,5
307,1,307,1,0.13803744316101074,0.13803744316101074,0.11855429410934448,0.38461538461538464,0.2777777777777778,0.0,28,0,1.0,0.8999439461883408,1.0,0.8999439461883408,0.5277622072745392,0.0,0.0,0.6484375,0.6484375,0.0,0.0,0.0,0.0,0.4517762463305484,0.0,0.0,2.8602684378814245,1.5103525185989133,2.8602684378814245,2.8602684378814245,global,0
308,1,308,1,0.08230351656675339,0.08230351656675339,0.10897605866193771,0.38461538461538464,0.2777777777777778,0.0,28,0,1.0,0.8999439461883408,1.0,0.8999439461883408,0.5277622072745392,0.0,0.0,0.14772727272727285,0.14772727272727285,0.0,0.0,0.0,0.0,0.5411510836696773,0.0,0.0,2.592138634171394,1.2422227148888827,2.592138634171394,2.592138634171394,global,5
309,1,309,1,0.050253890454769135,0.050253890454769135,0.05320780724287033,0.15384615384615385,0.1111111111111111,0.0,28,0,1.0,0.8999439461883408,1.0,0.8999439461883408,0.21110488290981566,0.0,0.0,0.0,0.0,0.0,0.0,0.0,0.0,0.45201559435916694,0.0,0.0,1.9017920860224526,0.5518761667399414,1.9017920860224526,1.9017920860224526,global,1
31,1,31,1,0.14780083298683167,0.14780083298683167,0.111240915954113,0.38461538461538464,0.2777777777777778,0.0,28,0,1.0,0.8999439461883408,1.0,0.8999439461883408,0.5277622072745392,0.0,0.0,0.6484375,0.6484375,0.0,0.0,0.0,0.0,0.41402188091750647,0.0,0.0,2.8567528401181685,1.5068369208356573,2.8567528401181685,2.8567528401181685,global,0
310,1,310,1,0.17985153198242188,0.17985153198242188,0.1467396318912506,0.46153846153846156,0.3333333333333333,0.0,28,0,1.0,0.8999439461883408,1.0,0.8999439461883408,0.633314648729447,0.08333333333333333,0.08333333333333333,0.6484375,0.6484375,0.0,0.0,0.0,0.0,0.569836024368835,0.0,0.0,3.117171830384227,1.767255911101716,3.117171830384227,3.117171830384227,global,0
311,1,311,1,0.15119874477386475,0.15119874477386475,0.12402942776679993,0.5384615384615384,0.3888888888888889,0.0,28,0,1.0,0.8999439461883408,1.0,0.8999439461883408,0.7388670901843548,0.1111111111111111,0.1111111111111111,0.0,0.0,0.0,0.0,0.0,0.0,0.46852765481863984,0.0,0.0,2.927672527786511,1.577756608504,2.927672527786511,2.927672527786511,global,4
312,1,312,1,0.07709796726703644,0.07709796726703644,0.061547450721263885,0.38461538461538464,0.2777777777777778,0.0,28,0,1.0,0.8999439461883408,1.0,0.8999439461883408,0.5277622072745392,0.0,0.0,0.0,0.0,0.0,0.0,0.0,0.0,0.3721389439652352,0.0,0.0,2.463406916456651,1.11349099717414,2.463406916456651,2.463406916456651,global,6
313,1,313,1,0.0772072896361351,0.0772072896361351,0.06610329449176788,0.3076923076923077,0.2222222222222222,0.0,28,0,1.0,0.8999439461883408,1.0,0.8999439461883408,0.4222097658196313,0.0,0.0,0.0,0.0,0.0,0.0,0.0,0.0,0.5652239695621377,0.0,0.0,2.3333856939968127,0.9834697747143015,2.3333856939968127,2.3333856939968127,global,2
314,1,314,1,0.08607405424118042,0.08607405424118042,0.08222731947898865,0.38461538461538464,0.2777777777777778,0.0,28,0,1.0,0.8999439461883408,1.0,0.8999439461883408,0.5277622072745392,0.0,0.0,0.0,0.0,0.0,0.0,0.0,0.0,0.49524023540285705,0.0,0.0,2.507518173467253,1.1576022541847417,2.507518173467253,2.507518173467253,global,2
315,1,315,1,0.12120833992958069,0.12120833992958069,0.12239204347133636,0.46153846153846156,0.3333333333333333,0.0,28,0,1.0,0.8999439461883408,1.0,0.8999439461883408,0.633314648729447,0.0,0.0,0.14772727272727285,0.14772727272727285,0.0,0.0,0.0,0.0,0.4725935167798704,0.0,0.0,2.7907294108289014,1.4408134915463904,2.7907294108289014,2.7907294108289014,global,5
316,1,316,1,0.06043700501322746,0.06043700501322746,0.02819244936108589,0.23076923076923078,0.16666666666666666,0.0,28,0,1.0,0.8999439461883408,1.0,0.8999439461883408,0.3166573243647235,0.0,0.0,0.0,0.0,0.0,0.0,0.0,0.0,0.3825906349965495,0.0,0.0,2.077145277894622,0.7272293586121109,2.077145277894622,2.077145277894622,global,3
317,1,317,1,0.06771815568208694,0.06771815568208694,0.05735211446881294,0.3076923076923077,0.2222222222222222,0.0,28,0,1.0,0.8999439461883408,1.0,0.8999439461883408,0.4222097658196313,0.0,0.0,0.0,0.0,0.0,0.0,0.0,0.0,0.39576883910809896,0.0,0.0,2.2749578476973626,0.9250419284148513,2.2749578476973626,2.2749578476973626,global,4
318,1,318,1,0.053412798792123795,0.053412798792123795,0.08201059699058533,0.15384615384615385,0.1111111111111111,0.0,28,0,1.0,0.8999439461883408,1.0,0.8999439461883408,0.21110488290981566,0.0,0.0,0.14772727272727285,0.14772727272727285,0.0,0.0,0.0,0.0,0.5792113056677953,0.0,0.0,2.016341562448561,0.6664256431660501,2.016341562448561,2.016341562448561,global,5
319,1,319,1,0.1878315955400467,0.1878315955400467,0.16797032952308655,0.5384615384615384,0.3888888888888889,0.0,28,0,1.0,0.8999439461883408,1.0,0.8999439461883408,0.7388670901843548,0.0,0.0,0.0,0.0,0.0,0.0,0.0,0.0,0.2716830031551604,0.0,0.0,2.897925412900413,1.5480094936179016,2.897925412900413,2.897925412900413,global,2
32,1,32,1,0.09792473167181015,0.09792473167181015,0.062192652374506,0.46153846153846156,0.3333333333333333,0.0,28,0,1.0,0.8999439461883408,1.0,0.8999439461883408,0.633314648729447,0.0,0.0,0.0,0.0,0.0,0.0,0.0,0.0,0.5164370956554866,0.0,0.0,2.7113919615217332,1.3614760422392223,2.7113919615217332,2.7113919615217332,global,4
320,1,320,1,0.04521679878234863,0.04521679878234863,0.05298115685582161,0.3076923076923077,0.2222222222222222,0.0,28,0,1.0,0.8999439461883408,1.0,0.8999439461883408,0.4222097658196313,0.0,0.0,0.0,0.0,0.0,0.0,0.0,0.0,0.2641695996489852,0.0,0.0,2.2174769903398377,0.8675610710573266,2.2174769903398377,2.2174769903398377,global,2
321,1,321,1,0.11148566752672195,0.11148566752672195,0.07674054056406021,0.38461538461538464,0.2777777777777778,0.0,28,0,1.0,0.8999439461883408,1.0,0.8999439461883408,0.5277622072745392,0.0,0.0,0.0,0.0,0.0,0.0,0.0,0.0,0.5847997091655068,0.0,0.0,2.554715306224481,1.2047993869419698,2.554715306224481,2.554715306224481,global,3
322,1,322,1,0.08117286115884781,0.08117286115884781,0.07274568825960159,0.23076923076923078,0.16666666666666666,0.0,28,0,1.0,0.8999439461883408,1.0,0.8999439461883408,0.3166573243647235,0.09090909090909091,0.09090909090909091,0.0,0.0,0.0,0.0,0.0,0.0,0.4891227110973105,0.0,0.0,2.1256935856413466,0.7757776663588354,2.1256935856413466,2.1256935856413466,global,2
323,1,323,1,0.04615800827741623,0.04615800827741623,0.05853946879506111,0.23076923076923078,0.16666666666666666,0.0,28,0,1.0,0.8999439461883408,1.0,0.8999439461883408,0.3166573243647235,0.0,0.0,0.0,0.0,0.0,0.0,0.0,0.0,0.3897834080021243,0.0,0.0,2.0678799124076455,0.7179639931251344,2.0678799124076455,2.0678799124076455,global,2
324,1,324,1,0.07895359396934509,0.07895359396934509,0.07362242043018341,0.38461538461538464,0.2777777777777778,0.0,28,0,1.0,0.8999439461883408,1.0,0.8999439461883408,0.5277622072745392,0.0,0.0,0.14772727272727285,0.14772727272727285,0.0,0.0,0.0,0.0,0.41495896045491715,0.0,0.0,2.5516010591290392,1.2016851398465278,2.5516010591290392,2.5516010591290392,global,5
325,1,325,1,0.0216059610247612,0.0216059610247612,0.0012168021639809012,0.15384615384615385,0.1111111111111111,0.0,28,0,1.0,0.8999439461883408,1.0,0.8999439461883408,0.21110488290981566,0.0,0.0,0.0,0.0,0.0,0.0,0.0,0.0,0.15144910912768217,0.0,0.0,1.788703796909001,0.4387878776264897,1.788703796909001,1.788703796909001,global,3
326,1,326,1,0.0,0.0,0.010970733128488064,0.0,0.0,0.0,28,0,1.0,0.8999439461883408,1.0,0.8999439461883408,0.0,0.0,0.0,0.0,0.0,0.0,0.0,0.0,0.0,0.1579707859411751,0.0,0.0,1.3973071550648637,0.047391235782352534,1.3973071550648637,1.3973071550648637,global,6
327,1,327,1,0.08086606860160828,0.08086606860160828,0.06333830952644348,0.15384615384615385,0.1111111111111111,0.0,28,0,1.0,0.8999439461883408,1.0,0.8999439461883408,0.21110488290981566,0.0,0.0,0.6484375,0.6484375,0.0,0.0,0.0,0.0,0.14453506021873055,0.0,0.0,2.158256418297793,0.8083404990152818,2.158256418297793,2.158256418297793,global,0
328,1,328,1,0.13821130990982056,0.13821130990982056,0.10627239942550659,0.38461538461538464,0.2777777777777778,0.0,28,0,1.0,0.8999439461883408,1.0,0.8999439461883408,0.5277622072745392,0.0,0.0,0.6484375,0.6484375,0.0,0.0,0.0,0.0,0.6268674206084129,0.0,0.0,2.912934883563832,1.5630189642813206,2.912934883563832,2.912934883563832,global,0
329,1,329,1,0.09434829652309418,0.09434829652309418,0.06291665881872177,0.15384615384615385,0.1111111111111111,0.0,28,0,1.0,0.8999439461883408,1.0,0.8999439461883408,0.21110488290981566,0.0,0.0,0.6484375,0.6484375,0.0,0.0,0.0,0.0,0.5445675936329134,0.0,0.0,2.2890519606592368,0.9391360413767255,2.2890519606592368,2.2890519606592368,global,0
33,1,33,1,0.07235196232795715,0.07235196232795715,0.051014602184295654,0.07692307692307693,0.05555555555555555,0.0,28,0,1.0,0.8999439461883408,1.0,0.8999439461883408,0.10555244145490783,0.0,0.0,0.6484375,0.6484375,0.0,0.0,0.0,0.0,0.39338846832071134,0.0,0.0,2.0380669676752783,0.6881510483927671,2.0380669676752783,2.0380669676752783,global,0
330,1,330,1,0.06501851230859756,0.06501851230859756,0.04255887493491173,0.3076923076923077,0.2222222222222222,0.0,28,0,1.0,0.8999439461883408,1.0,0.8999439461883408,0.4222097658196313,0.0,0.0,0.0,0.0,0.0,0.0,0.0,0.0,0.39840128587420115,0.0,0.0,2.2735878670284015,0.9236719477458905,2.2735878670284015,2.2735878670284015,global,3
331,1,331,1,0.26415082812309265,0.26415082812309265,0.2155115008354187,0.7692307692307693,0.5555555555555556,0.0,28,0,1.0,0.8999439461883408,1.0,0.8999439461883408,1.0555244145490783,0.0,0.0,0.0,0.0,0.0,0.0,0.0,0.0,0.44826953959380916,0.0,0.0,3.576059324001008,2.226143404718497,3.576059324001008,3.576059324001008,global,4
332,1,332,1,0.07979311048984528,0.07979311048984528,0.04761502891778946,0.3076923076923077,0.2222222222222222,0.0,28,0,1.0,0.8999439461883408,1.0,0.8999439461883408,0.4222097658196313,0.0,0.0,0.0,0.0,0.0,0.0,0.0,0.0,0.4446431156813878,0.0,0.0,2.299280094515556,0.9493641752330447,2.299280094515556,2.299280094515556,global,4
333,1,333,1,0.216359943151474,0.216359943151474,0.16080430150032043,0.6153846153846154,0.4444444444444444,0.0,28,0,1.0,0.8999439461883408,1.0,0.8999439461883408,0.8444195316392626,0.16666666666666666,0.16666666666666666,0.0,0.0,0.0,0.0,0.0,0.0,0.34276661506813166,0.0,0.0,3.1301073625976343,1.780191443315123,3.1301073625976343,3.1301073625976343,global,4
334,1,334,1,0.039572231471538544,0.039572231471538544,0.02537020668387413,0.23076923076923078,0.16666666666666666,0.0,28,0,1.0,0.8999439461883408,1.0,0.8999439461883408,0.3166573243647235,0.0,0.0,0.0,0.0,0.0,0.0,0.0,0.0,0.2965665602675806,0.0,0.0,2.03464623664258,0.6847303173600691,2.03464623664258,2.03464623664258,global,3
335,1,335,1,0.22753819823265076,0.22753819823265076,0.21277041733264923,0.5384615384615384,0.3888888888888889,0.0,28,0,1.0,0.8999439461883408,1.0,0.8999439461883408,0.7388670901843548,0.0,0.0,0.0,0.0,0.0,0.0,0.0,0.0,0.27360484955805003,0.0,0.0,2.9302672489753627,1.5803513296928517,2.9302672489753627,2.9302672489753627,global,1
336,1,336,1,0.0659966766834259,0.0659966766834259,0.05254412442445755,0.23076923076923078,0.16666666666666666,0.0,28,0,1.0,0.8999439461883408,1.0,0.8999439461883408,0.3166573243647235,0.0,0.0,0.0,0.0,0.0,0.0,0.0,0.0,0.423368990168464,0.0,0.0,2.093826521782355,0.7439106024998441,2.093826521782355,2.093826521782355,global,3
337,1,337,1,0.09651001542806625,0.09651001542806625,0.09383808821439743,0.38461538461538464,0.2777777777777778,0.0,28,0,1.0,0.8999439461883408,1.0,0.8999439461883408,0.5277622072745392,0.0,0.0,0.14772727272727285,0.14772727272727285,0.0,0.0,0.0,0.0,0.5869253561518929,0.0,0.0,2.6172361150051087,1.2673201957225975,2.6172361150051087,2.6172361150051087,global,5
338,1,338,1,0.09255845844745636,0.09255845844745636,0.06277749687433243,0.46153846153846156,0.3333333333333333,0.0,28,0,1.0,0.8999439461883408,1.0,0.8999439461883408,0.633314648729447,0.0,0.0,0.0,0.0,0.0,0.0,0.0,0.0,0.39150824268946294,0.0,0.0,2.6696202870524433,1.3197043677699323,2.6696202870524433,2.6696202870524433,global,4
339,1,339,1,0.1686698943376541,0.1686698943376541,0.15172167122364044,0.5384615384615384,0.3888888888888889,0.0,28,0,1.0,0.8999439461883408,1.0,0.8999439461883408,0.7388670901843548,0.0,0.0,0.14772727272727285,0.14772727272727285,0.0,0.0,0.0,0.0,0.49551667422842954,0.0,0.0,3.023609789624116,1.6736938703416049,3.023609789624116,3.023609789624116,global,5
34,1,34,1,0.2077558934688568,0.2077558934688568,0.191599503159523,0.6153846153846154,0.4444444444444444,0.0,28,0,1.0,0.8999439461883408,1.0,0.8999439461883408,0.8444195316392626,0.0,0.0,0.14772727272727285,0.14772727272727285,0.0,0.0,0.0,0.0,0.593031470295364,0.0,0.0,3.2721672157833464,1.9222512965008351,3.2721672157833464,3.2721672157833464,global,5
340,1,340,1,0.09555377811193466,0.09555377811193466,0.07251070439815521,0.38461538461538464,0.2777777777777778,0.0,28,0,1.0,0.8999439461883408,1.0,0.8999439461883408,0.5277622072745392,0.0,0.0,0.0,0.0,0.0,0.0,0.0,0.0,0.5926989382308099,0.0,0.0,2.544339563412242,1.194423644129731,2.544339563412242,2.544339563412242,global,3
341,1,341,1,0.02538871392607689,0.02538871392607689,0.06661225110292435,0.23076923076923078,0.16666666666666666,0.0,28,0,1.0,0.8999439461883408,1.0,0.8999439461883408,0.3166573243647235,0.0,0.0,0.14772727272727285,0.14772727272727285,0.0,0.0,0.0,0.0,0.33389628533148474,0.0,0.0,2.108361976489019,0.7584460572065075,2.108361976489019,2.108361976489019,global,5
342,1,342,1,0.08954275399446487,0.08954275399446487,0.0730956569314003,0.38461538461538464,0.2777777777777778,0.0,28,0,1.0,0.8999439461883408,1.0,0.8999439461883408,0.5277622072745392,0.0,0.0,0.0,0.0,0.0,0.0,0.0,0.0,0.5865460783497883,0.0,0.0,2.5376848861539596,1.1877689668714486,2.5376848861539596,2.5376848861539596,global,1
343,1,343,1,0.09067889302968979,0.09067889302968979,0.05665990710258484,0.38461538461538464,0.2777777777777778,0.0,28,0,1.0,0.8999439461883408,1.0,0.8999439461883408,0.5277622072745392,0.0,0.0,0.0,0.0,0.0,0.0,0.0,0.0,0.36733633707713653,0.0,0.0,2.4728308750003443,1.122914955717833,2.4728308750003443,2.4728308750003443,global,3
344,1,344,1,0.05554033815860748,0.05554033815860748,0.06339410692453384,0.3076923076923077,0.2222222222222222,0.0,28,0,1.0,0.8999439461883408,1.0,0.8999439461883408,0.4222097658196313,0.0,0.0,0.14772727272727285,0.14772727272727285,0.0,0.0,0.0,0.0,0.23331438606200774,0.0,0.0,2.290342894128388,0.9404269748458769,2.290342894128388,2.290342894128388,global,5
345,1,345,1,0.11391295492649078,0.11391295492649078,0.08853399008512497,0.23076923076923078,0.16666666666666666,0.0,28,0,1.0,0.8999439461883408,1.0,0.8999439461883408,0.3166573243647235,0.16666666666666666,0.16666666666666666,0.6484375,0.6484375,0.0,0.0,0.0,0.0,0.5295030485550611,0.0,0.0,2.488218511892786,1.138302592610275,2.488218511892786,2.488218511892786,global,0
346,1,346,1,0.12399417906999588,0.12399417906999588,0.09800219535827637,0.46153846153846156,0.3333333333333333,0.0,28,0,1.0,0.8999439461883408,1.0,0.8999439461883408,0.633314648729447,0.0,0.0,0.0,0.0,0.0,0.0,0.0,0.0,0.43587861370358055,0.0,0.0,2.7080799748547104,1.3581640555721992,2.7080799748547104,2.7080799748547104,global,3
347,1,347,1,0.12999758124351501,0.12999758124351501,0.11096091568470001,0.38461538461538464,0.2777777777777778,0.0,28,0,1.0,0.8999439461883408,1.0,0.8999439461883408,0.5277622072745392,0.0,0.0,0.6484375,0.6484375,0.0,0.0,0.0,0.0,0.5456924533660515,0.0,0.0,2.8820114104580785,1.5320954911755675,2.8820114104580785,2.8820114104580785,global,0
348,1,348,1,0.10780580341815948,0.10780580341815948,0.09654001146554947,0.38461538461538464,0.2777777777777778,0.0,28,0,1.0,0.8999439461883408,1.0,0.8999439461883408,0.5277622072745392,0.0,0.0,0.0,0.0,0.0,0.0,0.0,0.0,0.676049661677527,0.0,0.0,2.5791464006912372,1.2292304814087258,2.5791464006912372,2.5791464006912372,global,1
349,1,349,1,0.07132744044065475,0.07132744044065475,0.055757854133844376,0.3076923076923077,0.2222222222222222,0.0,28,0,1.0,0.8999439461883408,1.0,0.8999439461883408,0.4222097658196313,0.0,0.0,0.0,0.0,0.0,0.0,0.0,0.0,0.35079681426343046,0.0,0.0,2.2643536680508163,0.9144377487683051,2.2643536680508163,2.2643536680508163,global,3
35,1,35,1,0.05047934502363205,0.05047934502363205,0.06467532366514206,0.23076923076923078,0.16666666666666666,0.0,28,0,1.0,0.8999439461883408,1.0,0.8999439461883408,0.3166573243647235,0.0,0.0,0.0,0.0,0.0,0.0,0.0,0.0,0.2949087975085162,0.0,0.0,2.0428745986565358,0.6929586793740247,2.0428745986565358,2.0428745986565358,global,2
350,1,350,1,0.04944688454270363,0.04944688454270363,0.02945750206708908,0.07692307692307693,0.05555555555555555,0.0,28,0,1.0,0.8999439461883408,1.0,0.8999439461883408,0.10555244145490783,0.0,0.0,0.0,0.0,0.0,0.0,0.0,0.0,0.40216560834446086,0.0,0.0,1.6981572974542005,0.3482413781716892,1.6981572974542005,1.6981572974542005,global,3
351,0,351,0,0.24621817469596863,0.24621817469596863,0.3424045145511627,0.15384615384615385,0.2222222222222222,0.22222222222222224,12,0,1.0,0.37862748238308774,1.0,0.37862748238308774,0.30636166275179727,0.0,0.0,1.0,1.0,0.0,0.0,0.0,1.0,0.3235463299707033,0.0,0.0,2.6269369272798824,2.058995703705251,2.6269369272798824,2.6269369272798824,global,8
352,0,352,0,0.4034355878829956,0.4034355878829956,0.3364420533180237,0.3076923076923077,0.4444444444444444,0.4444444444444445,12,0,1.0,0.37862748238308774,1.0,0.37862748238308774,0.6127233255035945,1.0,1.0,0.0,0.0,0.0,0.0,0.0,1.0,0.18396662605246972,0.0,0.0,3.475794211611299,2.9078529880366677,3.475794211611299,3.475794211611299,global,2
353,0,353,0,0.908845841884613,0.908845841884613,0.902773916721344,0.6153846153846154,0.8888888888888888,0.888888888888889,12,0,1.0,0.37862748238308774,1.0,0.37862748238308774,1.225446651007189,0.0,0.0,1.0,1.0,0.0,0.0,0.0,1.0,0.1890003454098121,0.0,0.0,6.911547060534326,6.343605836959694,6.911547060534326,6.911547060534326,global,8
354,0,354,0,0.4806614816188812,0.4806614816188812,0.4116820693016052,0.38461538461538464,0.5555555555555556,0.5555555555555556,12,0,1.0,0.37862748238308774,1.0,0.37862748238308774,0.7659041568794932,1.0,1.0,0.0,0.0,0.0,0.0,0.0,1.0,0.13583896141160998,0.0,0.0,4.155615259686383,3.5876740361117507,4.155615259686383,4.155615259686383,global,2
355,0,355,0,0.49665507674217224,0.49665507674217224,0.523272693157196,0.3076923076923077,0.4444444444444444,0.4444444444444445,12,0,1.0,0.37862748238308774,1.0,0.37862748238308774,0.6127233255035945,0.0,0.0,1.0,1.0,0.0,0.0,0.0,1.0,0.30944666226629924,0.0,0.0,4.08801381356279,3.5200725899881578,4.08801381356279,4.08801381356279,global,8
356,0,356,0,0.39551371335983276,0.39551371335983276,0.32392704486846924,0.38461538461538464,0.5555555555555556,0.5555555555555556,12,0,1.0,0.37862748238308774,1.0,0.37862748238308774,0.7659041568794932,0.6666666666666666,0.6666666666666666,0.0,0.0,0.0,0.0,0.0,1.0,0.18672090730514257,0.0,0.0,4.102761628847204,3.534820405272572,4.102761628847204,4.102761628847204,global,2
357,0,357,0,0.3227510452270508,0.3227510452270508,0.32300156354904175,0.23076923076923078,0.3333333333333333,0.33333333333333337,12,0,1.0,0.37862748238308774,1.0,0.37862748238308774,0.4595424941276959,0.25,0.25,1.0,1.0,0.0,0.0,0.0,1.0,0.1993711952763057,0.0,0.0,3.2833893157750613,2.71544809220043,3.2833893157750613,3.2833893157750613,global,8
358,0,358,0,0.34680432081222534,0.34680432081222534,0.3179333806037903,0.23076923076923078,0.3333333333333333,0.33333333333333337,12,0,1.0,0.37862748238308774,1.0,0.37862748238308774,0.4595424941276959,0.5,0.5,1.0,1.0,0.0,0.0,0.0,1.0,0.19456305945902463,0.0,0.0,3.3011894954980168,2.7332482719233853,3.3011894954980168,3.3011894954980168,global,8
359,0,359,0,0.16441760957241058,0.16441760957241058,0.3006850481033325,0.07692307692307693,0.1111111111111111,0.11111111111111112,12,0,1.0,0.37862748238308774,1.0,0.37862748238308774,0.15318083137589864,0.0,0.0,1.0,1.0,0.0,0.0,0.0,1.0,0.23090954249824217,0.0,0.0,1.9012268064606652,1.3332855828860337,1.9012268064606652,1.9012268064606652,global,8
36,1,36,1,0.10432067513465881,0.10432067513465881,0.0946405827999115,0.46153846153846156,0.3333333333333333,0.0,28,0,1.0,0.8999439461883408,1.0,0.8999439461883408,0.633314648729447,0.0,0.0,0.0,0.0,0.0,0.0,0.0,0.0,0.30056167658652655,0.0,0.0,2.6517460905713244,1.3018301712888132,2.6517460905713244,2.6517460905713244,global,2
360,0,360,0,0.2670881748199463,0.2670881748199463,0.30632704496383667,0.15384615384615385,0.2222222222222222,0.22222222222222224,12,0,1.0,0.37862748238308774,1.0,0.37862748238308774,0.30636166275179727,0.2,0.2,1.0,1.0,0.0,0.0,0.0,1.0,0.22988787959103488,0.0,0.0,2.6155353922651643,2.047594168690533,2.6155353922651643,2.6155353922651643,global,8
361,0,361,0,0.44592562317848206,0.44592562317848206,0.4717382788658142,0.3076923076923077,0.4444444444444444,0.4444444444444445,12,0,1.0,0.37862748238308774,1.0,0.37862748238308774,0.6127233255035945,0.0,0.0,1.0,1.0,0.0,0.0,0.0,1.0,0.1765435490158178,0.0,0.0,4.0075593167366925,3.439618093162061,4.0075593167366925,4.0075593167366925,global,8
362,0,362,0,0.603553295135498,0.603553295135498,0.517035186290741,0.5384615384615384,0.7777777777777778,0.7777777777777778,12,0,1.0,0.37862748238308774,1.0,0.37862748238308774,1.0722658196312904,0.5,0.5,0.0,0.0,0.0,0.0,0.0,1.0,0.1504601433381185,0.0,0.0,5.523272330034893,4.955331106460261,5.523272330034893,5.523272330034893,global,3
363,0,363,0,0.37808090448379517,0.37808090448379517,0.38324934244155884,0.23076923076923078,0.3333333333333333,0.33333333333333337,12,0,1.0,0.37862748238308774,1.0,0.37862748238308774,0.4595424941276959,0.2,0.2,1.0,1.0,0.0,0.0,0.0,1.0,0.2501655928115815,0.0,0.0,3.3428915224410396,2.774950298866408,3.3428915224410396,3.3428915224410396,global,8
364,0,364,0,0.8150990605354309,0.8150990605354309,0.8004665374755859,0.6153846153846154,0.8888888888888888,0.888888888888889,12,0,1.0,0.37862748238308774,1.0,0.37862748238308774,1.225446651007189,0.14285714285714285,0.14285714285714285,1.0,1.0,0.0,0.0,0.0,1.0,0.44638768480475904,0.0,0.0,6.9137658372734645,6.3458246136988326,6.9137658372734645,6.9137658372734645,global,8
365,0,365,0,0.3182784616947174,0.3182784616947174,0.30000826716423035,0.15384615384615385,0.2222222222222222,0.22222222222222224,12,0,1.0,0.37862748238308774,1.0,0.37862748238308774,0.30636166275179727,0.3333333333333333,0.3333333333333333,1.0,1.0,0.0,0.0,0.0,1.0,0.29615444950703795,0.0,0.0,2.676367592739782,2.1084263691651506,2.676367592739782,2.676367592739782,global,8
366,0,366,0,0.3665856122970581,0.3665856122970581,0.35793325304985046,0.3076923076923077,0.4444444444444444,0.4444444444444445,12,0,1.0,0.37862748238308774,1.0,0.37862748238308774,0.6127233255035945,0.3333333333333333,0.3333333333333333,1.0,1.0,0.0,0.0,0.0,1.0,0.16276758423236473,0.0,0.0,3.9399545185965175,3.372013295021886,3.9399545185965175,3.9399545185965175,global,8
367,0,367,0,0.18963837623596191,0.18963837623596191,0.1269090324640274,0.38461538461538464,0.5,0.4444444444444445,12,0,1.0,0.37862748238308774,1.0,0.37862748238308774,0.6893137411915439,0.3333333333333333,0.3333333333333333,0.0,0.0,0.0,0.0,0.0,1.0,0.178334985151102,0.0,0.0,3.49110113805745,2.9231599144828184,3.49110113805745,3.49110113805745,global,6
368,0,368,0,0.10755878686904907,0.10755878686904907,0.22216205298900604,0.0,0.0,0.0,12,0,1.0,0.37862748238308774,1.0,0.37862748238308774,0.0,0.25,0.25,1.0,1.0,0.0,0.0,0.0,1.0,0.15835747129941305,0.0,0.0,1.2014954944596947,0.6335542708850631,1.2014954944596947,1.2014954944596947,global,8
369,0,369,0,0.28729549050331116,0.28729549050331116,0.23116232454776764,0.23076923076923078,0.3333333333333333,0.33333333333333337,12,0,1.0,0.37862748238308774,1.0,0.37862748238308774,0.4595424941276959,0.75,0.75,0.0,0.0,0.0,0.0,0.0,1.0,0.1996746400115641,0.0,0.0,2.7551159054166474,2.187174681842016,2.7551159054166474,2.7551159054166474,global,4
37,1,37,1,0.07650464028120041,0.07650464028120041,0.061953216791152954,0.15384615384615385,0.1111111111111111,0.0,28,0,1.0,0.8999439461883408,1.0,0.8999439461883408,0.21110488290981566,0.0,0.0,0.6484375,0.6484375,0.0,0.0,0.0,0.0,0.3634407876180272,0.0,0.0,2.2204389938612556,0.8705230745787446,2.2204389938612556,2.2204389938612556,global,0
370,0,370,0,0.7578802108764648,0.7578802108764648,0.7456151843070984,0.5384615384615384,0.7777777777777778,0.7777777777777778,12,0,1.0,0.37862748238308774,1.0,0.37862748238308774,1.0722658196312904,0.0,0.0,1.0,1.0,0.0,0.0,0.0,1.0,0.3446415321163598,0.0,0.0,6.20498827926114,5.637047055686508,6.20498827926114,6.20498827926114,global,8
371,0,371,0,0.6448220014572144,0.6448220014572144,0.643242597579956,0.46153846153846156,0.6666666666666666,0.6666666666666667,12,0,1.0,0.37862748238308774,1.0,0.37862748238308774,0.9190849882553918,0.0,0.0,1.0,1.0,0.0,0.0,0.0,1.0,0.38346796779456727,0.0,0.0,5.493711009950569,4.925769786375937,5.493711009950569,5.493711009950569,global,8
372,0,372,0,0.7438120245933533,0.7438120245933533,0.7484703660011292,0.46153846153846156,0.6666666666666666,0.6666666666666667,12,0,1.0,0.37862748238308774,1.0,0.37862748238308774,0.9190849882553918,0.0,0.0,1.0,1.0,0.0,0.0,0.0,1.0,0.23524764485663574,0.0,0.0,5.5284369315781,4.960495708003468,5.5284369315781,5.5284369315781,global,8
373,0,373,0,0.3595268130302429,0.3595268130302429,0.39075204730033875,0.23076923076923078,0.3333333333333333,0.33333333333333337,12,0,1.0,0.37862748238308774,1.0,0.37862748238308774,0.4595424941276959,0.0,0.0,1.0,1.0,0.0,0.0,0.0,1.0,0.2537757961181337,0.0,0.0,3.3291313102701636,2.761190086695532,3.3291313102701636,3.3291313102701636,global,8
374,0,374,0,0.2617209851741791,0.2617209851741791,0.3402196764945984,0.15384615384615385,0.2222222222222222,0.22222222222222224,12,0,1.0,0.37862748238308774,1.0,0.37862748238308774,0.30636166275179727,0.0,0.0,1.0,1.0,0.0,0.0,0.0,1.0,0.13698226635821348,0.0,0.0,2.5833699565787036,2.015428733004072,2.5833699565787036,2.5833699565787036,global,8
375,0,375,0,0.5512312650680542,0.5512312650680542,0.5333918333053589,0.38461538461538464,0.5555555555555556,0.5555555555555556,12,0,1.0,0.37862748238308774,1.0,0.37862748238308774,0.7659041568794932,0.2,0.2,1.0,1.0,0.0,0.0,0.0,1.0,0.5604227888298988,0.0,0.0,4.8394462346712075,4.2715050110965755,4.8394462346712075,4.8394462346712075,global,8
376,0,376,0,0.29884305596351624,0.29884305596351624,0.30290892720222473,0.23076923076923078,0.3333333333333333,0.33333333333333337,12,0,1.0,0.37862748238308774,1.0,0.37862748238308774,0.4595424941276959,0.3333333333333333,0.3333333333333333,1.0,1.0,0.0,0.0,0.0,1.0,0.14371136523870728,0.0,0.0,3.247564975352954,2.6796237517783226,3.247564975352954,3.247564975352954,global,8
377,0,377,0,0.49338585138320923,0.49338585138320923,0.5128743052482605,0.3076923076923077,0.4444444444444444,0.4444444444444445,12,0,1.0,0.37862748238308774,1.0,0.37862748238308774,0.6127233255035945,0.0,0.0,1.0,1.0,0.0,0.0,0.0,1.0,0.29715737862680186,0.0,0.0,4.08171164818377,3.513770424609138,4.08171164818377,4.08171164818377,global,8
378,0,378,0,0.2951205372810364,0.2951205372810364,0.33806824684143066,0.15384615384615385,0.2222222222222222,0.22222222222222224,12,0,1.0,0.37862748238308774,1.0,0.37862748238308774,0.30636166275179727,0.2,0.2,1.0,1.0,0.0,0.0,0.0,1.0,0.2584118286570794,0.0,0.0,2.6465184669538497,2.0785772433792182,2.6465184669538497,2.6465184669538497,global,8
379,0,379,0,0.1964360773563385,0.1964360773563385,0.14876209199428558,0.23076923076923078,0.3333333333333333,0.33333333333333337,12,0,1.0,0.37862748238308774,1.0,0.37862748238308774,0.4595424941276959,0.3333333333333333,0.3333333333333333,0.0,0.0,0.0,0.0,0.0,1.0,0.1363690157283584,0.0,0.0,2.663436687614107,2.0954954640394754,2.663436687614107,2.663436687614107,global,1
38,1,38,1,0.1419762372970581,0.1419762372970581,0.13424663245677948,0.38461538461538464,0.2777777777777778,0.0,28,0,1.0,0.8999439461883408,1.0,0.8999439461883408,0.5277622072745392,0.0,0.0,0.6484375,0.6484375,0.0,0.0,0.0,0.0,0.4085229910202975,0.0,0.0,2.850443496597187,1.500527577314676,2.850443496597187,2.850443496597187,global,0
380,0,380,0,0.22129890322685242,0.22129890322685242,0.35270926356315613,0.07692307692307693,0.1111111111111111,0.11111111111111112,12,0,1.0,0.37862748238308774,1.0,0.37862748238308774,0.15318083137589864,0.0,0.0,1.0,1.0,0.0,0.0,0.0,1.0,0.014312628036330313,0.0,0.0,1.8817527670456453,1.3138115434710136,1.8817527670456453,1.8817527670456453,global,8
381,0,381,0,0.1643950343132019,0.1643950343132019,0.1307702511548996,0.07692307692307693,0.1111111111111111,0.11111111111111112,12,0,1.0,0.37862748238308774,1.0,0.37862748238308774,0.15318083137589864,0.75,0.75,0.0,0.0,0.0,0.0,0.0,1.0,0.18615569129071902,0.0,0.0,1.3877825908910415,0.8198413673164098,1.3877825908910415,1.3877825908910415,global,2
382,0,382,0,0.29232195019721985,0.29232195019721985,0.29891934990882874,0.23076923076923078,0.3333333333333333,0.33333333333333337,12,0,1.0,0.37862748238308774,1.0,0.37862748238308774,0.4595424941276959,0.25,0.25,1.0,1.0,0.0,0.0,0.0,1.0,0.19190686285843747,0.0,0.0,3.2568067400258363,2.6888655164512048,3.2568067400258363,3.2568067400258363,global,8
383,0,383,0,0.24151423573493958,0.24151423573493958,0.34879472851753235,0.15384615384615385,0.2222222222222222,0.22222222222222224,12,0,1.0,0.37862748238308774,1.0,0.37862748238308774,0.30636166275179727,0.0,0.0,1.0,1.0,0.0,0.0,0.0,1.0,0.22274951012575542,0.0,0.0,2.592934730157575,2.0249935065829434,2.592934730157575,2.592934730157575,global,8
384,0,384,0,0.4555714428424835,0.4555714428424835,0.4592346251010895,0.3076923076923077,0.4444444444444444,0.4444444444444445,12,0,1.0,0.37862748238308774,1.0,0.37862748238308774,0.6127233255035945,0.2,0.2,1.0,1.0,0.0,0.0,0.0,1.0,0.2840739748152458,0.0,0.0,4.047535100207723,3.479593876633091,4.047535100207723,4.047535100207723,global,8
385,0,385,0,0.5685998797416687,0.5685998797416687,0.5810987949371338,0.38461538461538464,0.5555555555555556,0.5555555555555556,12,0,1.0,0.37862748238308774,1.0,0.37862748238308774,0.7659041568794932,0.0,0.0,1.0,1.0,0.0,0.0,0.0,1.0,0.24812567747589248,0.0,0.0,4.759651993003897,4.191710769429265,4.759651993003897,4.759651993003897,global,8
386,0,386,0,0.36627495288848877,0.36627495288848877,0.3622024655342102,0.23076923076923078,0.3333333333333333,0.33333333333333337,12,0,1.0,0.37862748238308774,1.0,0.37862748238308774,0.4595424941276959,0.3333333333333333,0.3333333333333333,1.0,1.0,0.0,0.0,0.0,1.0,0.14376261880788643,0.0,0.0,3.301525868963686,2.7335846453890547,3.301525868963686,3.301525868963686,global,8
387,0,387,0,0.18025703728199005,0.18025703728199005,0.2149331122636795,0.07692307692307693,0.1111111111111111,0.11111111111111112,12,0,1.0,0.37862748238308774,1.0,0.37862748238308774,0.15318083137589864,0.3333333333333333,0.3333333333333333,1.0,1.0,0.0,0.0,0.0,1.0,0.25764360772102896,0.0,0.0,1.921918568195165,1.3539773446205332,1.921918568195165,1.921918568195165,global,8
388,0,388,0,0.2855539917945862,0.2855539917945862,0.2516492009162903,0.07692307692307693,0.1111111111111111,0.11111111111111112,12,0,1.0,0.37862748238308774,1.0,0.37862748238308774,0.15318083137589864,0.5,0.5,0.0,0.0,0.0,0.0,0.0,1.0,0.05573962205082503,0.0,0.0,1.4455849361041806,0.877643712529549,1.4455849361041806,1.4455849361041806,global,4
389,0,389,0,0.45411720871925354,0.45411720871925354,0.4932488799095154,0.3076923076923077,0.4444444444444444,0.4444444444444445,12,0,1.0,0.37862748238308774,1.0,0.37862748238308774,0.6127233255035945,0.0,0.0,1.0,1.0,0.0,0.0,0.0,1.0,0.17236715155407648,0.0,0.0,4.012859665930788,3.4449184423561556,4.012859665930788,4.012859665930788,global,8
39,1,39,1,0.15202981233596802,0.15202981233596802,0.11580188572406769,0.46153846153846156,0.3333333333333333,0.0,28,0,1.0,0.8999439461883408,1.0,0.8999439461883408,0.633314648729447,0.07692307692307693,0.07692307692307693,0.0,0.0,0.0,0.0,0.0,0.0,0.632688595063607,0.0,0.0,2.789551475875496,1.4396355565929848,2.789551475875496,2.789551475875496,global,3
390,0,390,0,0.6836906671524048,0.6836906671524048,0.6746164560317993,0.46153846153846156,0.6666666666666666,0.6666666666666667,12,0,1.0,0.37862748238308774,1.0,0.37862748238308774,0.9190849882553918,0.0,0.0,1.0,1.0,0.0,0.0,0.0,1.0,0.3252202915864954,0.0,0.0,5.507331639644299,4.939390416069667,5.507331639644299,5.507331639644299,global,8
391,0,391,0,0.17102102935314178,0.17102102935314178,0.3012147843837738,0.07692307692307693,0.1111111111111111,0.11111111111111112,12,0,1.0,0.37862748238308774,1.0,0.37862748238308774,0.15318083137589864,0.0,0.0,1.0,1.0,0.0,0.0,0.0,1.0,0.07501666798163596,0.0,0.0,1.8597416799302682,1.2918004563556367,1.8597416799302682,1.8597416799302682,global,8
392,0,392,0,0.6870120167732239,0.6870120167732239,0.6661224365234375,0.5384615384615384,0.7777777777777778,0.7777777777777778,12,0,1.0,0.37862748238308774,1.0,0.37862748238308774,1.0722658196312904,0.0,0.0,1.0,1.0,0.0,0.0,0.0,1.0,0.26716245882559536,0.0,0.0,6.125050001991316,5.557108778416684,6.125050001991316,6.125050001991316,global,8
393,0,393,0,0.5605146288871765,0.5605146288871765,0.5670726895332336,0.38461538461538464,0.5555555555555556,0.5555555555555556,12,0,1.0,0.37862748238308774,1.0,0.37862748238308774,0.7659041568794932,0.0,0.0,1.0,1.0,0.0,0.0,0.0,1.0,0.4159108352100423,0.0,0.0,4.803519339640548,4.235578116065916,4.803519339640548,4.803519339640548,global,8
394,0,394,0,0.35635778307914734,0.35635778307914734,0.415792316198349,0.23076923076923078,0.3333333333333333,0.33333333333333337,12,0,1.0,0.37862748238308774,1.0,0.37862748238308774,0.4595424941276959,0.0,0.0,1.0,1.0,0.0,0.0,0.0,1.0,0.21162272954109707,0.0,0.0,3.313950166336176,2.7460089427615446,3.313950166336176,3.313950166336176,global,8
395,0,395,0,0.09285734593868256,0.09285734593868256,0.28972092270851135,0.0,0.0,0.0,12,0,1.0,0.37862748238308774,1.0,0.37862748238308774,0.0,0.0,0.0,1.0,1.0,0.0,0.0,0.0,1.0,0.0,0.0,0.0,1.1422271003255777,0.574285876750946,1.1422271003255777,1.1422271003255777,global,8
396,0,396,0,0.7768819332122803,0.7768819332122803,0.7665291428565979,0.5384615384615384,0.7777777777777778,0.7777777777777778,12,0,1.0,0.37862748238308774,1.0,0.37862748238308774,1.0722658196312904,0.0,0.0,1.0,1.0,0.0,0.0,0.0,1.0,0.1637313559080228,0.0,0.0,6.1659166042672915,5.5979753806926595,6.1659166042672915,6.1659166042672915,global,8
397,0,397,0,0.1953270435333252,0.1953270435333252,0.2643083333969116,0.07692307692307693,0.1111111111111111,0.11111111111111112,12,0,1.0,0.37862748238308774,1.0,0.37862748238308774,0.15318083137589864,0.16666666666666666,0.16666666666666666,1.0,1.0,0.0,0.0,0.0,1.0,0.27521755223328503,0.0,0.0,1.93924675654991,1.3713055329752784,1.93924675654991,1.93924675654991,global,8
398,0,398,0,0.4857308268547058,0.4857308268547058,0.48452115058898926,0.3076923076923077,0.4444444444444444,0.4444444444444445,12,0,1.0,0.37862748238308774,1.0,0.37862748238308774,0.6127233255035945,0.16666666666666666,0.16666666666666666,1.0,1.0,0.0,0.0,0.0,1.0,0.355146131215116,0.0,0.0,4.092984254337461,3.5250430307628293,4.092984254337461,4.092984254337461,global,8
399,0,399,0,0.2725413143634796,0.2725413143634796,0.3532235324382782,0.15384615384615385,0.2222222222222222,0.22222222222222224,12,0,1.0,0.37862748238308774,1.0,0.37862748238308774,0.30636166275179727,0.0,0.0,1.0,1.0,0.0,0.0,0.0,1.0,0.3153949797046897,0.0,0.0,2.645550033934087,2.0776088103594557,2.645550033934087,2.645550033934087,global,8
4,1,4,1,0.10818486660718918,0.10818486660718918,0.07309839874505997,0.23076923076923078,0.16666666666666666,0.0,28,0,1.0,0.8999439461883408,1.0,0.8999439461883408,0.3166573243647235,0.14285714285714285,0.14285714285714285,0.6484375,0.6484375,0.0,0.0,0.0,0.0,0.3126760401830496,0.0,0.0,2.418587938725741,1.0686720194432302,2.418587938725741,2.418587938725741,global,0
40,1,40,1,0.024802191182971,0.024802191182971,0.04392039403319359,0.15384615384615385,0.1111111111111111,0.0,28,0,1.0,0.8999439461883408,1.0,0.8999439461883408,0.21110488290981566,0.0,0.0,0.0,0.0,0.0,0.0,0.0,0.0,0.36371984702348076,0.0,0.0,1.8549420024043082,0.5050260831217971,1.8549420024043082,1.8549420024043082,global,6
400,0,400,0,0.6773771643638611,0.6773771643638611,0.6761422753334045,0.46153846153846156,0.6666666666666666,0.6666666666666667,12,0,1.0,0.37862748238308774,1.0,0.37862748238308774,0.9190849882553918,0.0,0.0,1.0,1.0,0.0,0.0,0.0,1.0,0.15199707277050012,0.0,0.0,5.450313871768666,4.882372648194034,5.450313871768666,5.450313871768666,global,8
401,0,401,0,0.7672431468963623,0.7672431468963623,0.7657139301300049,0.5384615384615384,0.7777777777777778,0.7777777777777778,12,0,1.0,0.37862748238308774,1.0,0.37862748238308774,1.0722658196312904,0.0,0.0,1.0,1.0,0.0,0.0,0.0,1.0,0.22762385253847545,0.0,0.0,6.177373324203692,5.60943210062906,6.177373324203692,6.177373324203692,global,8
402,0,402,0,0.41890421509742737,0.41890421509742737,0.4221962094306946,0.3076923076923077,0.4444444444444444,0.4444444444444445,12,0,1.0,0.37862748238308774,1.0,0.37862748238308774,0.6127233255035945,0.2,0.2,1.0,1.0,0.0,0.0,0.0,1.0,0.2796552105812655,0.0,0.0,4.016875688741483,3.4489344651668516,4.016875688741483,4.016875688741483,global,8
403,0,403,0,0.5741598606109619,0.5741598606109619,0.555328905582428,0.38461538461538464,0.5555555555555556,0.5555555555555556,12,0,1.0,0.37862748238308774,1.0,0.37862748238308774,0.7659041568794932,0.2,0.2,1.0,1.0,0.0,0.0,0.0,1.0,0.29024009893242464,0.0,0.0,4.7767343041362915,4.20879308056166,4.7767343041362915,4.7767343041362915,global,8
404,0,404,0,0.22318971157073975,0.22318971157073975,0.16081975400447845,0.23076923076923078,0.3333333333333333,0.33333333333333337,12,0,1.0,0.37862748238308774,1.0,0.37862748238308774,0.4595424941276959,0.6,0.6,0.0,0.0,0.0,0.0,0.0,1.0,0.261881969009652,0.0,0.0,2.7224934809700163,2.154552257395385,2.7224934809700163,2.7224934809700163,global,4
405,0,405,0,0.2659614384174347,0.2659614384174347,0.21225158870220184,0.23076923076923078,0.3333333333333333,0.33333333333333337,12,0,1.0,0.37862748238308774,1.0,0.37862748238308774,0.4595424941276959,0.75,0.75,0.0,0.0,0.0,0.0,0.0,1.0,0.20683436894088983,0.0,0.0,2.7401965824267434,2.172255358852112,2.7401965824267434,2.7401965824267434,global,2
406,0,406,0,0.5227261781692505,0.5227261781692505,0.5028219819068909,0.38461538461538464,0.5555555555555556,0.5555555555555556,12,0,1.0,0.37862748238308774,1.0,0.37862748238308774,0.7659041568794932,0.2857142857142857,0.2857142857142857,1.0,1.0,0.0,0.0,0.0,1.0,0.4043120973596355,0.0,0.0,4.769808957711086,4.201867734136454,4.769808957711086,4.769808957711086,global,8
407,0,407,0,0.37452611327171326,0.37452611327171326,0.4090752899646759,0.23076923076923078,0.3333333333333333,0.33333333333333337,12,0,1.0,0.37862748238308774,1.0,0.37862748238308774,0.4595424941276959,0.0,0.0,1.0,1.0,0.0,0.0,0.0,1.0,0.22155449387642676,0.0,0.0,3.3314643597908273,2.763523136216196,3.3314643597908273,3.3314643597908273,global,8
408,0,408,0,0.46216273307800293,0.46216273307800293,0.46281442046165466,0.3076923076923077,0.4444444444444444,0.4444444444444445,12,0,1.0,0.37862748238308774,1.0,0.37862748238308774,0.6127233255035945,0.0,0.0,1.0,1.0,0.0,0.0,0.0,1.0,0.3317033234625429,0.0,0.0,4.0670969369903265,3.499155713415695,4.0670969369903265,4.0670969369903265,global,8
409,0,409,0,0.18145319819450378,0.18145319819450378,0.30492332577705383,0.07692307692307693,0.1111111111111111,0.11111111111111112,12,0,1.0,0.37862748238308774,1.0,0.37862748238308774,0.15318083137589864,0.0,0.0,1.0,1.0,0.0,0.0,0.0,1.0,0.24226352213067107,0.0,0.0,1.9182614712480683,1.3503202476734368,1.9182614712480683,1.9182614712480683,global,8
41,1,41,1,0.21537812054157257,0.21537812054157257,0.19723418354988098,0.5384615384615384,0.3888888888888889,0.0,28,0,1.0,0.8999439461883408,1.0,0.8999439461883408,0.7388670901843548,0.0,0.0,0.0,0.0,0.0,0.0,0.0,0.0,0.2732044730597375,0.0,0.0,2.9204190738730067,1.5705031545904955,2.9204190738730067,2.9204190738730067,global,2
410,0,410,0,0.5951380133628845,0.5951380133628845,0.6041764616966248,0.38461538461538464,0.5555555555555556,0.5555555555555556,12,0,1.0,0.37862748238308774,1.0,0.37862748238308774,0.7659041568794932,0.0,0.0,1.0,1.0,0.0,0.0,0.0,1.0,0.2646604189050186,0.0,0.0,4.785842922329608,4.217901698754976,4.785842922329608,4.785842922329608,global,8
411,0,411,0,0.7605147361755371,0.7605147361755371,0.7532104253768921,0.5384615384615384,0.7777777777777778,0.7777777777777778,12,0,1.0,0.37862748238308774,1.0,0.37862748238308774,1.0722658196312904,0.0,0.0,1.0,1.0,0.0,0.0,0.0,1.0,0.2240670703732544,0.0,0.0,6.1709235609774655,5.602982337402834,6.1709235609774655,6.1709235609774655,global,8
412,0,412,0,0.15831835567951202,0.15831835567951202,0.2833213806152344,0.07692307692307693,0.1111111111111111,0.11111111111111112,12,0,1.0,0.37862748238308774,1.0,0.37862748238308774,0.15318083137589864,0.0,0.0,1.0,1.0,0.0,0.0,0.0,1.0,0.013746721006551782,0.0,0.0,1.8311985568988391,1.2632573333242076,1.8311985568988391,1.8311985568988391,global,8
413,0,413,0,0.7067197561264038,0.7067197561264038,0.7011786699295044,0.5384615384615384,0.7777777777777778,0.7777777777777778,12,0,1.0,0.37862748238308774,1.0,0.37862748238308774,1.0722658196312904,0.0,0.0,1.0,1.0,0.0,0.0,0.0,1.0,0.3249377978222076,0.0,0.0,6.158148795172845,5.590207571598213,6.158148795172845,6.158148795172845,global,8
414,0,414,0,0.3440386652946472,0.3440386652946472,0.35366857051849365,0.23076923076923078,0.3333333333333333,0.33333333333333337,12,0,1.0,0.37862748238308774,1.0,0.37862748238308774,0.4595424941276959,0.25,0.25,1.0,1.0,0.0,0.0,0.0,1.0,0.2062285146860664,0.0,0.0,3.302476607652067,2.7345353840774353,3.302476607652067,3.302476607652067,global,8
415,0,415,0,0.4388458728790283,0.4388458728790283,0.4374378025531769,0.3076923076923077,0.4444444444444444,0.4444444444444445,12,0,1.0,0.37862748238308774,1.0,0.37862748238308774,0.6127233255035945,0.14285714285714285,0.14285714285714285,1.0,1.0,0.0,0.0,0.0,1.0,0.37404898295115324,0.0,0.0,4.0611471466777305,3.493205923103099,4.0611471466777305,4.0611471466777305,global,8
416,0,416,0,0.5548847913742065,0.5548847913742065,0.5857775807380676,0.38461538461538464,0.5555555555555556,0.5555555555555556,12,0,1.0,0.37862748238308774,1.0,0.37862748238308774,0.7659041568794932,0.0,0.0,1.0,1.0,0.0,0.0,0.0,1.0,0.1921916218297577,0.0,0.0,4.731899705616087,4.163958482041455,4.731899705616087,4.731899705616087,global,8
417,0,417,0,0.7100576162338257,0.7100576162338257,0.7198710441589355,0.46153846153846156,0.6666666666666666,0.6666666666666667,12,0,1.0,0.37862748238308774,1.0,0.37862748238308774,0.9190849882553918,0.0,0.0,1.0,1.0,0.0,0.0,0.0,1.0,0.22056972764059773,0.0,0.0,5.497030029725667,4.929088806151035,5.497030029725667,5.497030029725667,global,8
418,0,418,0,0.5095875263214111,0.5095875263214111,0.5138496160507202,0.3076923076923077,0.4444444444444444,0.4444444444444445,12,0,1.0,0.37862748238308774,1.0,0.37862748238308774,0.6127233255035945,0.0,0.0,1.0,1.0,0.0,0.0,0.0,1.0,0.18619497034426216,0.0,0.0,4.061384265649569,3.4934430420749374,4.061384265649569,4.061384265649569,global,8
419,0,419,0,0.4814109802246094,0.4814109802246094,0.5064243078231812,0.3076923076923077,0.4444444444444444,0.4444444444444445,12,0,1.0,0.37862748238308774,1.0,0.37862748238308774,0.6127233255035945,0.0,0.0,1.0,1.0,0.0,0.0,0.0,1.0,0.4049907790904298,0.0,0.0,4.104481771395978,3.5365405478213465,4.104481771395978,4.104481771395978,global,8
42,1,42,1,0.09504678100347519,0.09504678100347519,0.06948374211788177,0.38461538461538464,0.2777777777777778,0.0,28,0,1.0,0.8999439461883408,1.0,0.8999439461883408,0.5277622072745392,0.0,0.0,0.0,0.0,0.0,0.0,0.0,0.0,0.45501586073601014,0.0,0.0,2.5026290424770345,1.1527131231945233,2.5026290424770345,2.5026290424770345,global,3
420,0,420,0,0.5625939965248108,0.5625939965248108,0.5837070345878601,0.38461538461538464,0.5555555555555556,0.5555555555555556,12,0,1.0,0.37862748238308774,1.0,0.37862748238308774,0.7659041568794932,0.0,0.0,1.0,1.0,0.0,0.0,0.0,1.0,0.18785594534042058,0.0,0.0,4.7367663667897695,4.1688251432151375,4.7367663667897695,4.7367663667897695,global,8
421,0,421,0,0.4540618360042572,0.4540618360042572,0.42881253361701965,0.3076923076923077,0.4444444444444444,0.4444444444444445,12,0,1.0,0.37862748238308774,1.0,0.37862748238308774,0.6127233255035945,0.3333333333333333,0.3333333333333333,1.0,1.0,0.0,0.0,0.0,1.0,0.3193865355156377,0.0,0.0,4.056921182947259,3.488979959372627,4.056921182947259,4.056921182947259,global,8
422,0,422,0,0.14749404788017273,0.14749404788017273,0.28137660026550293,0.07692307692307693,0.1111111111111111,0.11111111111111112,12,0,1.0,0.37862748238308774,1.0,0.37862748238308774,0.15318083137589864,0.0,0.0,1.0,1.0,0.0,0.0,0.0,1.0,0.18356765288631155,0.0,0.0,1.873485390223296,1.3055441666486642,1.873485390223296,1.873485390223296,global,8
423,0,423,0,0.7259500026702881,0.7259500026702881,0.7211412787437439,0.5384615384615384,0.7777777777777778,0.7777777777777778,12,0,1.0,0.37862748238308774,1.0,0.37862748238308774,1.0722658196312904,0.0,0.0,1.0,1.0,0.0,0.0,0.0,1.0,0.27730135607078094,0.0,0.0,6.159242059882525,5.591300836307893,6.159242059882525,6.159242059882525,global,8
424,0,424,0,0.6342899203300476,0.6342899203300476,0.5667037963867188,0.5384615384615384,0.7777777777777778,0.7777777777777778,12,0,1.0,0.37862748238308774,1.0,0.37862748238308774,1.0722658196312904,0.5,0.5,0.14772727272727285,0.14772727272727285,0.0,0.0,0.0,1.0,0.15845494397669058,0.0,0.0,5.624123706745741,5.056182483171109,5.624123706745741,5.624123706745741,global,5
425,0,425,0,0.5736122727394104,0.5736122727394104,0.5523234605789185,0.38461538461538464,0.5555555555555556,0.5555555555555556,12,0,1.0,0.37862748238308774,1.0,0.37862748238308774,0.7659041568794932,0.0,0.0,1.0,1.0,0.0,0.0,0.0,1.0,0.24461582496736473,0.0,0.0,4.762608951649532,4.1946677280749,4.762608951649532,4.762608951649532,global,8
426,0,426,0,0.6617301106452942,0.6617301106452942,0.6644760370254517,0.46153846153846156,0.6666666666666666,0.6666666666666667,12,0,1.0,0.37862748238308774,1.0,0.37862748238308774,0.9190849882553918,0.0,0.0,1.0,1.0,0.0,0.0,0.0,1.0,0.20385717725738825,0.0,0.0,5.453354260139879,4.885413036565247,5.453354260139879,5.453354260139879,global,8
427,0,427,0,0.6447311639785767,0.6447311639785767,0.641190230846405,0.46153846153846156,0.6666666666666666,0.6666666666666667,12,0,1.0,0.37862748238308774,1.0,0.37862748238308774,0.9190849882553918,0.0,0.0,1.0,1.0,0.0,0.0,0.0,1.0,0.15132173460893847,0.0,0.0,5.423994470011969,4.856053246437337,5.423994470011969,5.423994470011969,global,8
428,0,428,0,0.333997905254364,0.333997905254364,0.40544599294662476,0.23076923076923078,0.3333333333333333,0.33333333333333337,12,0,1.0,0.37862748238308774,1.0,0.37862748238308774,0.4595424941276959,0.0,0.0,1.0,1.0,0.0,0.0,0.0,1.0,0.21018030250033695,0.0,0.0,3.295629535964121,2.7276883123894895,3.295629535964121,3.295629535964121,global,8
429,0,429,0,0.5576521158218384,0.5576521158218384,0.5788272619247437,0.38461538461538464,0.5555555555555556,0.5555555555555556,12,0,1.0,0.37862748238308774,1.0,0.37862748238308774,0.7659041568794932,0.0,0.0,1.0,1.0,0.0,0.0,0.0,1.0,0.2396728775460966,0.0,0.0,4.748357941889094,4.180416718314462,4.748357941889094,4.748357941889094,global,8
43,1,43,1,0.02057022787630558,0.02057022787630558,0.019656779244542122,0.15384615384615385,0.1111111111111111,0.0,28,0,1.0,0.8999439461883408,1.0,0.8999439461883408,0.21110488290981566,0.0,0.0,0.0,0.0,0.0,0.0,0.0,0.0,0.3210776953856434,0.0,0.0,1.8387637862676247,0.4888478669851135,1.8387637862676247,1.8387637862676247,global,6
430,0,430,0,0.6493479609489441,0.6493479609489441,0.6312544345855713,0.46153846153846156,0.6666666666666666,0.6666666666666667,12,0,1.0,0.37862748238308774,1.0,0.37862748238308774,0.9190849882553918,0.2,0.2,1.0,1.0,0.0,0.0,0.0,1.0,0.30686705952451576,0.0,0.0,5.474351505062937,4.906410281488305,5.474351505062937,5.474351505062937,global,8
431,0,431,0,0.7842393517494202,0.7842393517494202,0.7657822966575623,0.5384615384615384,0.7777777777777778,0.7777777777777778,12,0,1.0,0.37862748238308774,1.0,0.37862748238308774,1.0722658196312904,0.25,0.25,1.0,1.0,0.0,0.0,0.0,1.0,0.2666504901682834,0.0,0.0,6.202678279375081,5.634737055800449,6.202678279375081,6.202678279375081,global,8
432,0,432,0,0.33925989270210266,0.33925989270210266,0.3316708207130432,0.23076923076923078,0.3333333333333333,0.33333333333333337,12,0,1.0,0.37862748238308774,1.0,0.37862748238308774,0.4595424941276959,0.16666666666666666,0.16666666666666666,1.0,1.0,0.0,0.0,0.0,1.0,0.30181532233930114,0.0,0.0,3.3273296318740013,2.75938840829937,3.3273296318740013,3.3273296318740013,global,8
433,0,433,0,0.5185178518295288,0.5185178518295288,0.5542821884155273,0.38461538461538464,0.5555555555555556,0.5555555555555556,12,0,1.0,0.37862748238308774,1.0,0.37862748238308774,0.7659041568794932,0.0,0.0,1.0,1.0,0.0,0.0,0.0,1.0,0.1296213586452835,0.0,0.0,4.684035075025003,4.116093851450371,4.684035075025003,4.684035075025003,global,8
434,0,434,0,0.33999085426330566,0.33999085426330566,0.2581581175327301,0.3076923076923077,0.4444444444444444,0.4444444444444445,12,0,1.0,0.37862748238308774,1.0,0.37862748238308774,0.6127233255035945,0.0,0.0,0.0,0.0,0.0,0.0,0.0,1.0,0.05388314397016894,0.0,0.0,3.3860133800908567,2.8180721565162252,3.3860133800908567,3.3860133800908567,global,3
435,0,435,0,0.5761352181434631,0.5761352181434631,0.5653220415115356,0.38461538461538464,0.5555555555555556,0.5555555555555556,12,0,1.0,0.37862748238308774,1.0,0.37862748238308774,0.7659041568794932,0.2,0.2,1.0,1.0,0.0,0.0,0.0,1.0,0.3087780377752002,0.0,0.0,4.783875971815125,4.215934748240493,4.783875971815125,4.783875971815125,global,8
436,0,436,0,0.4522271156311035,0.4522271156311035,0.41806212067604065,0.38461538461538464,0.5555555555555556,0.5555555555555556,12,0,1.0,0.37862748238308774,1.0,0.37862748238308774,0.7659041568794932,0.5,0.5,1.0,1.0,0.0,0.0,0.0,1.0,0.21490804406099298,0.0,0.0,4.656588491690975,4.088647268116343,4.656588491690975,4.656588491690975,global,8
437,0,437,0,0.2907254695892334,0.2907254695892334,0.3819742500782013,0.15384615384615385,0.2222222222222222,0.22222222222222224,12,0,1.0,0.37862748238308774,1.0,0.37862748238308774,0.30636166275179727,0.0,0.0,1.0,1.0,0.0,0.0,0.0,1.0,0.40625705804112544,0.0,0.0,2.687355981615621,2.1194147580409894,2.687355981615621,2.687355981615621,global,8
438,0,438,0,0.6675123572349548,0.6675123572349548,0.6435922384262085,0.46153846153846156,0.6666666666666666,0.6666666666666667,12,0,1.0,0.37862748238308774,1.0,0.37862748238308774,0.9190849882553918,0.3333333333333333,0.3333333333333333,1.0,1.0,0.0,0.0,0.0,1.0,0.19219326508845178,0.0,0.0,5.454480883760926,4.886539660186294,5.454480883760926,5.454480883760926,global,8
439,0,439,0,0.4597415626049042,0.4597415626049042,0.4729275107383728,0.3076923076923077,0.4444444444444444,0.4444444444444445,12,0,1.0,0.37862748238308774,1.0,0.37862748238308774,0.6127233255035945,0.0,0.0,1.0,1.0,0.0,0.0,0.0,1.0,0.11229229601238384,0.0,0.0,3.9993366923768,3.4313954688021684,3.9993366923768,3.9993366923768,global,8
44,1,44,1,0.09666901081800461,0.09666901081800461,0.0652296170592308,0.23076923076923078,0.16666666666666666,0.0,28,0,1.0,0.8999439461883408,1.0,0.8999439461883408,0.3166573243647235,0.0,0.0,0.6484375,0.6484375,0.0,0.0,0.0,0.0,0.4202121286900196,0.0,0.0,2.441636080646485,1.0917201613639738,2.441636080646485,2.441636080646485,global,0
440,0,440,0,0.6821369528770447,0.6821369528770447,0.6840081810951233,0.46153846153846156,0.6666666666666666,0.6666666666666667,12,0,1.0,0.37862748238308774,1.0,0.37862748238308774,0.9190849882553918,0.0,0.0,1.0,1.0,0.0,0.0,0.0,1.0,0.15183113125093697,0.0,0.0,5.454071920123344,4.886130696548712,5.454071920123344,5.454071920123344,global,8
441,0,441,0,0.662291407585144,0.662291407585144,0.6698039770126343,0.46153846153846156,0.6666666666666666,0.6666666666666667,12,0,1.0,0.37862748238308774,1.0,0.37862748238308774,0.9190849882553918,0.0,0.0,1.0,1.0,0.0,0.0,0.0,1.0,0.37582605573729444,0.0,0.0,5.50539396123573,4.937452737661098,5.50539396123573,5.50539396123573,global,8
442,0,442,0,0.49276772141456604,0.49276772141456604,0.5114954113960266,0.3076923076923077,0.4444444444444444,0.4444444444444445,12,0,1.0,0.37862748238308774,1.0,0.37862748238308774,0.6127233255035945,0.0,0.0,1.0,1.0,0.0,0.0,0.0,1.0,0.44981887639143175,0.0,0.0,4.127015593538244,3.5590743699636125,4.127015593538244,4.127015593538244,global,8
443,0,443,0,0.5174933075904846,0.5174933075904846,0.5417219400405884,0.3076923076923077,0.4444444444444444,0.4444444444444445,12,0,1.0,0.37862748238308774,1.0,0.37862748238308774,0.6127233255035945,0.0,0.0,1.0,1.0,0.0,0.0,0.0,1.0,0.18343315897791526,0.0,0.0,4.066880347254925,3.4989391236802927,4.066880347254925,4.066880347254925,global,8
444,0,444,0,0.3680173456668854,0.3680173456668854,0.4291694760322571,0.23076923076923078,0.3333333333333333,0.33333333333333337,12,0,1.0,0.37862748238308774,1.0,0.37862748238308774,0.4595424941276959,0.0,0.0,1.0,1.0,0.0,0.0,0.0,1.0,0.22026462971089578,0.0,0.0,3.3258703864573063,2.7579291628826748,3.3258703864573063,3.3258703864573063,global,8
445,0,445,0,0.42309272289276123,0.42309272289276123,0.47511860728263855,0.3076923076923077,0.4444444444444444,0.4444444444444445,12,0,1.0,0.37862748238308774,1.0,0.37862748238308774,0.6127233255035945,0.0,0.0,1.0,1.0,0.0,0.0,0.0,1.0,0.1758898062022243,0.0,0.0,3.989096873664038,3.4211556500894065,3.989096873664038,3.989096873664038,global,8
446,0,446,0,0.5544270277023315,0.5544270277023315,0.5925723910331726,0.3076923076923077,0.4444444444444444,0.4444444444444445,12,0,1.0,0.37862748238308774,1.0,0.37862748238308774,0.6127233255035945,0.0,0.0,1.0,1.0,0.0,0.0,0.0,1.0,0.13502425061579681,0.0,0.0,4.081904650835766,3.5139634272611344,4.081904650835766,4.081904650835766,global,8
447,0,447,0,0.4308386743068695,0.4308386743068695,0.48213881254196167,0.3076923076923077,0.4444444444444444,0.4444444444444445,12,0,1.0,0.37862748238308774,1.0,0.37862748238308774,0.6127233255035945,0.0,0.0,1.0,1.0,0.0,0.0,0.0,1.0,0.1777059660520488,0.0,0.0,3.9958384827502718,3.4278972591756403,3.9958384827502718,3.9958384827502718,global,8
448,0,448,0,0.16545790433883667,0.16545790433883667,0.3097302317619324,0.07692307692307693,0.1111111111111111,0.11111111111111112,12,0,1.0,0.37862748238308774,1.0,0.37862748238308774,0.15318083137589864,0.0,0.0,1.0,1.0,0.0,0.0,0.0,1.0,0.019239262397536656,0.0,0.0,1.8385579582435945,1.2706167346689627,1.8385579582435945,1.8385579582435945,global,8
449,0,449,0,0.2447141706943512,0.2447141706943512,0.25728654861450195,0.15384615384615385,0.2222222222222222,0.22222222222222224,12,0,1.0,0.37862748238308774,1.0,0.37862748238308774,0.30636166275179727,0.4,0.4,1.0,1.0,0.0,0.0,0.0,1.0,0.2222357495403819,0.0,0.0,2.595340549949492,2.0273993263748604,2.595340549949492,2.595340549949492,global,8
45,1,45,1,0.13554973900318146,0.13554973900318146,0.1126394271850586,0.38461538461538464,0.2777777777777778,0.0,28,0,1.0,0.8999439461883408,1.0,0.8999439461883408,0.5277622072745392,0.0,0.0,0.6484375,0.6484375,0.0,0.0,0.0,0.0,0.45796294983387137,0.0,0.0,2.860134285606158,1.5102183663236468,2.860134285606158,2.860134285606158,global,0
450,0,450,0,0.8257061243057251,0.8257061243057251,0.8136258125305176,0.6153846153846154,0.8888888888888888,0.888888888888889,12,0,1.0,0.37862748238308774,1.0,0.37862748238308774,1.225446651007189,0.16666666666666666,0.16666666666666666,1.0,1.0,0.0,0.0,0.0,1.0,0.401488338287451,0.0,0.0,6.908781684334507,6.340840460759875,6.908781684334507,6.908781684334507,global,8
451,0,451,0,0.3035624623298645,0.3035624623298645,0.34798896312713623,0.15384615384615385,0.2222222222222222,0.22222222222222224,12,0,1.0,0.37862748238308774,1.0,0.37862748238308774,0.30636166275179727,0.125,0.125,1.0,1.0,0.0,0.0,0.0,1.0,0.4083555225663375,0.0,0.0,2.6982551151656895,2.130313891591058,2.6982551151656895,2.6982551151656895,global,8
452,0,452,0,0.38194024562835693,0.38194024562835693,0.4066920280456543,0.23076923076923078,0.3333333333333333,0.33333333333333337,12,0,1.0,0.37862748238308774,1.0,0.37862748238308774,0.4595424941276959,0.0,0.0,1.0,1.0,0.0,0.0,0.0,1.0,0.31712719539287726,0.0,0.0,3.366067476131078,2.7981262525564463,3.366067476131078,3.366067476131078,global,8
453,0,453,0,0.7059277892112732,0.7059277892112732,0.7295904755592346,0.38461538461538464,0.5555555555555556,0.5555555555555556,12,0,1.0,0.37862748238308774,1.0,0.37862748238308774,0.7659041568794932,0.0,0.0,1.0,1.0,0.0,0.0,0.0,1.0,0.08909376814391429,0.0,0.0,4.8218047477799875,4.2538635242053555,4.8218047477799875,4.8218047477799875,global,8
454,0,454,0,0.5240473747253418,0.5240473747253418,0.5602503418922424,0.3076923076923077,0.4444444444444444,0.4444444444444445,12,0,1.0,0.37862748238308774,1.0,0.37862748238308774,0.6127233255035945,0.0,0.0,1.0,1.0,0.0,0.0,0.0,1.0,0.29778758047314596,0.0,0.0,4.106429927411379,3.538488703836747,4.106429927411379,4.106429927411379,global,8
455,0,455,0,0.7683938145637512,0.7683938145637512,0.7494689226150513,0.6153846153846154,0.8888888888888888,0.888888888888889,12,0,1.0,0.37862748238308774,1.0,0.37862748238308774,1.225446651007189,0.25,0.25,1.0,1.0,0.0,0.0,0.0,1.0,0.279138532059422,0.0,0.0,6.82622689467252,6.258285671097888,6.82622689467252,6.82622689467252,global,8
456,0,456,0,0.9142420887947083,0.9142420887947083,0.9132172465324402,0.6153846153846154,0.8888888888888888,0.888888888888889,12,0,1.0,0.37862748238308774,1.0,0.37862748238308774,1.225446651007189,0.0,0.0,1.0,1.0,0.0,0.0,0.0,1.0,0.19816120663411285,0.0,0.0,6.918612316429693,6.350671092855061,6.918612316429693,6.918612316429693,global,8
457,0,457,0,0.35400688648223877,0.35400688648223877,0.41461947560310364,0.23076923076923078,0.3333333333333333,0.33333333333333337,12,0,1.0,0.37862748238308774,1.0,0.37862748238308774,0.4595424941276959,0.0,0.0,1.0,1.0,0.0,0.0,0.0,1.0,0.1639063226563121,0.0,0.0,3.2977545269932134,2.729813303418582,3.2977545269932134,3.2977545269932134,global,8
458,0,458,0,0.38034623861312866,0.38034623861312866,0.41766157746315,0.23076923076923078,0.3333333333333333,0.33333333333333337,12,0,1.0,0.37862748238308774,1.0,0.37862748238308774,0.4595424941276959,0.0,0.0,1.0,1.0,0.0,0.0,0.0,1.0,0.38896455710937944,0.0,0.0,3.386343479033846,2.8184022554592145,3.386343479033846,3.386343479033846,global,8
459,0,459,0,0.26677677035331726,0.26677677035331726,0.3016236424446106,0.15384615384615385,0.2222222222222222,0.22222222222222224,12,0,1.0,0.37862748238308774,1.0,0.37862748238308774,0.30636166275179727,0.25,0.25,1.0,1.0,0.0,0.0,0.0,1.0,0.19346137819508108,0.0,0.0,2.6043583182730745,2.036417094698443,2.6043583182730745,2.6043583182730745,global,8
46,1,46,1,0.21259179711341858,0.21259179711341858,0.19540031254291534,0.6153846153846154,0.4444444444444444,0.0,28,0,1.0,0.8999439461883408,1.0,0.8999439461883408,0.8444195316392626,0.0,0.0,0.0,0.0,0.0,0.0,0.0,0.0,0.5106343363597109,0.0,0.0,3.177453162154664,1.8275372428721524,3.177453162154664,3.177453162154664,global,1
460,0,460,0,0.5677787661552429,0.5677787661552429,0.5838009715080261,0.38461538461538464,0.5555555555555556,0.5555555555555556,12,0,1.0,0.37862748238308774,1.0,0.37862748238308774,0.7659041568794932,0.0,0.0,1.0,1.0,0.0,0.0,0.0,1.0,0.29994153919077626,0.0,0.0,4.774539860649221,4.206598637074589,4.774539860649221,4.774539860649221,global,8
461,0,461,0,0.1638951301574707,0.1638951301574707,0.29630711674690247,0.07692307692307693,0.1111111111111111,0.11111111111111112,12,0,1.0,0.37862748238308774,1.0,0.37862748238308774,0.15318083137589864,0.0,0.0,1.0,1.0,0.0,0.0,0.0,1.0,0.0731615621610412,0.0,0.0,1.8534844288275534,1.2855432052529217,1.8534844288275534,1.8534844288275534,global,8
462,0,462,0,0.42593681812286377,0.42593681812286377,0.42264679074287415,0.3076923076923077,0.4444444444444444,0.4444444444444445,12,0,1.0,0.37862748238308774,1.0,0.37862748238308774,0.6127233255035945,0.125,0.125,1.0,1.0,0.0,0.0,0.0,1.0,0.42980415742111544,0.0,0.0,4.067546455213788,3.4996052316391557,4.067546455213788,4.067546455213788,global,8
463,0,463,0,0.5683640837669373,0.5683640837669373,0.49034973978996277,0.5384615384615384,0.7777777777777778,0.7777777777777778,12,0,1.0,0.37862748238308774,1.0,0.37862748238308774,1.0722658196312904,0.0,0.0,0.0,0.0,0.0,0.0,0.0,1.0,0.09982713566960962,0.0,0.0,5.479931058639492,4.91198983506486,5.479931058639492,5.479931058639492,global,4
464,0,464,0,0.41530340909957886,0.41530340909957886,0.4079248905181885,0.38461538461538464,0.5555555555555556,0.5555555555555556,12,0,1.0,0.37862748238308774,1.0,0.37862748238308774,0.7659041568794932,0.0,0.0,0.0,0.0,0.0,0.0,0.0,1.0,0.02180298958747514,0.0,0.0,4.0691180101237,3.501176786549068,4.0691180101237,4.0691180101237,global,9
465,0,465,0,0.20208552479743958,0.20208552479743958,0.3133690655231476,0.07692307692307693,0.1111111111111111,0.11111111111111112,12,0,1.0,0.37862748238308774,1.0,0.37862748238308774,0.15318083137589864,0.0,0.0,1.0,1.0,0.0,0.0,0.0,1.0,0.2919677639745335,0.0,0.0,1.9496786050835757,1.3817373815089442,1.9496786050835757,1.9496786050835757,global,8
466,0,466,0,0.17361056804656982,0.17361056804656982,0.29971903562545776,0.07692307692307693,0.1111111111111111,0.11111111111111112,12,0,1.0,0.37862748238308774,1.0,0.37862748238308774,0.15318083137589864,0.0,0.0,1.0,1.0,0.0,0.0,0.0,1.0,0.28206916361079615,0.0,0.0,1.923929059573759,1.3559878359991273,1.923929059573759,1.923929059573759,global,8
467,0,467,0,0.8402586579322815,0.8402586579322815,0.8308643698692322,0.5384615384615384,0.7777777777777778,0.7777777777777778,12,0,1.0,0.37862748238308774,1.0,0.37862748238308774,1.0722658196312904,0.0,0.0,1.0,1.0,0.0,0.0,0.0,1.0,0.23066991322855615,0.0,0.0,6.236699551239452,5.66875832766482,6.236699551239452,6.236699551239452,global,8
468,0,468,0,0.7173810601234436,0.7173810601234436,0.695758581161499,0.46153846153846156,0.6666666666666666,0.6666666666666667,12,0,1.0,0.37862748238308774,1.0,0.37862748238308774,0.9190849882553918,0.0,0.0,1.0,1.0,0.0,0.0,0.0,1.0,0.2224502869893233,0.0,0.0,5.503452952641979,4.935511729067347,5.503452952641979,5.503452952641979,global,8
469,0,469,0,0.10585811734199524,0.10585811734199524,0.04796567186713219,0.15384615384615385,0.2222222222222222,0.22222222222222224,12,0,1.0,0.37862748238308774,1.0,0.37862748238308774,0.30636166275179727,0.0,0.0,0.0,0.0,0.0,0.0,0.0,1.0,0.021294559683163183,0.0,0.0,1.9239733503104417,1.3560321267358102,1.9239733503104417,1.9239733503104417,global,6
47,1,47,1,0.07710718363523483,0.07710718363523483,0.05770186707377434,0.15384615384615385,0.1111111111111111,0.0,28,0,1.0,0.8999439461883408,1.0,0.8999439461883408,0.21110488290981566,0.0,0.0,0.6484375,0.6484375,0.0,0.0,0.0,0.0,0.23472054957213256,0.0,0.0,2.182304957130715,0.8323890378482037,2.182304957130715,2.182304957130715,global,0
470,0,470,0,0.33601272106170654,0.33601272106170654,0.4033280313014984,0.23076923076923078,0.3333333333333333,0.33333333333333337,12,0,1.0,0.37862748238308774,1.0,0.37862748238308774,0.4595424941276959,0.0,0.0,1.0,1.0,0.0,0.0,0.0,1.0,0.1583356334504429,0.0,0.0,3.281687987895027,2.7137467643203954,3.281687987895027,3.281687987895027,global,8
471,0,471,0,0.537337601184845,0.537337601184845,0.5396201610565186,0.38461538461538464,0.5555555555555556,0.5555555555555556,12,0,1.0,0.37862748238308774,1.0,0.37862748238308774,0.7659041568794932,0.0,0.0,1.0,1.0,0.0,0.0,0.0,1.0,0.18119799863906952,0.0,0.0,4.714563866507391,4.146622642932759,4.714563866507391,4.714563866507391,global,8
472,0,472,0,0.35994958877563477,0.35994958877563477,0.42176005244255066,0.23076923076923078,0.3333333333333333,0.33333333333333337,12,0,1.0,0.37862748238308774,1.0,0.37862748238308774,0.4595424941276959,0.0,0.0,1.0,1.0,0.0,0.0,0.0,1.0,0.21541662805655395,0.0,0.0,3.317961780448003,2.7500205568733715,3.317961780448003,3.317961780448003,global,8
473,0,473,0,0.2426767796278,0.2426767796278,0.2935422658920288,0.15384615384615385,0.2222222222222222,0.22222222222222224,12,0,1.0,0.37862748238308774,1.0,0.37862748238308774,0.30636166275179727,0.2,0.2,1.0,1.0,0.0,0.0,0.0,1.0,0.24067832063855876,0.0,0.0,2.599243408425704,2.0313021848510724,2.599243408425704,2.599243408425704,global,8
474,0,474,0,0.21016466617584229,0.21016466617584229,0.3208383619785309,0.15384615384615385,0.2222222222222222,0.22222222222222224,12,0,1.0,0.37862748238308774,1.0,0.37862748238308774,0.30636166275179727,0.0,0.0,1.0,1.0,0.0,0.0,0.0,1.0,0.14361392235207382,0.0,0.0,2.5441143981781926,1.9761731746035611,2.5441143981781926,2.5441143981781926,global,8
475,0,475,0,0.6417399048805237,0.6417399048805237,0.614051103591919,0.5384615384615384,0.7777777777777778,0.7777777777777778,12,0,1.0,0.37862748238308774,1.0,0.37862748238308774,1.0722658196312904,0.3333333333333333,0.3333333333333333,1.0,1.0,0.0,0.0,0.0,1.0,0.20523223395700732,0.0,0.0,6.07025324501658,5.502312021441948,6.07025324501658,6.07025324501658,global,8
476,0,476,0,0.7154443264007568,0.7154443264007568,0.7144039869308472,0.46153846153846156,0.6666666666666666,0.6666666666666667,12,0,1.0,0.37862748238308774,1.0,0.37862748238308774,0.9190849882553918,0.0,0.0,1.0,1.0,0.0,0.0,0.0,1.0,0.2643552936451784,0.0,0.0,5.514475067660586,4.946533844085954,5.514475067660586,5.514475067660586,global,8
477,0,477,0,0.5469715595245361,0.5469715595245361,0.4695872962474823,0.38461538461538464,0.5555555555555556,0.5555555555555556,12,0,1.0,0.37862748238308774,1.0,0.37862748238308774,0.7659041568794932,1.0,1.0,0.0,0.0,0.0,0.0,0.0,1.0,0.13914919770006795,0.0,0.0,4.209656392897443,3.641715169322812,4.209656392897443,4.209656392897443,global,4
478,0,478,0,0.3414028584957123,0.3414028584957123,0.4256558418273926,0.23076923076923078,0.3333333333333333,0.33333333333333337,12,0,1.0,0.37862748238308774,1.0,0.37862748238308774,0.4595424941276959,0.0,0.0,1.0,1.0,0.0,0.0,0.0,1.0,0.1047439590412847,0.0,0.0,3.269922595519484,2.7019813719448527,3.269922595519484,3.269922595519484,global,8
479,0,479,0,1.0,1.0,1.0,0.6923076923076923,1.0,1.0,12,0,1.0,0.37862748238308774,1.0,0.37862748238308774,1.3786274823830877,0.14285714285714285,0.14285714285714285,1.0,1.0,0.0,0.0,0.0,1.0,0.4966516592552763,0.0,0.0,7.709244413658907,7.141303190084275,7.709244413658907,7.709244413658907,global,8
48,1,48,1,0.12490209937095642,0.12490209937095642,0.10065921396017075,0.3076923076923077,0.2222222222222222,0.0,28,0,1.0,0.8999439461883408,1.0,0.8999439461883408,0.4222097658196313,0.125,0.125,0.6484375,0.6484375,0.0,0.0,0.0,0.0,0.3639105163896006,0.0,0.0,2.635366255832909,1.2854503365503975,2.635366255832909,2.635366255832909,global,0
480,0,480,0,0.5511972308158875,0.5511972308158875,0.5823544263839722,0.38461538461538464,0.5555555555555556,0.5555555555555556,12,0,1.0,0.37862748238308774,1.0,0.37862748238308774,0.7659041568794932,0.0,0.0,1.0,1.0,0.0,0.0,0.0,1.0,0.30688155599983813,0.0,0.0,4.763356637420456,4.195415413845824,4.763356637420456,4.763356637420456,global,8
481,0,481,0,0.5705069303512573,0.5705069303512573,0.558362603187561,0.38461538461538464,0.5555555555555556,0.5555555555555556,12,0,1.0,0.37862748238308774,1.0,0.37862748238308774,0.7659041568794932,0.0,0.0,1.0,1.0,0.0,0.0,0.0,1.0,0.30339455318387626,0.0,0.0,4.777758296203963,4.209817072629331,4.777758296203963,4.777758296203963,global,8
482,0,482,0,0.1194324940443039,0.1194324940443039,0.09037851542234421,0.23076923076923078,0.3333333333333333,0.33333333333333337,12,0,1.0,0.37862748238308774,1.0,0.37862748238308774,0.4595424941276959,0.0,0.0,0.6484375,0.6484375,0.0,0.0,0.0,1.0,0.03261708934525271,0.0,0.0,2.8949269930495483,2.3269857694749168,2.8949269930495483,2.8949269930495483,global,0
483,0,483,0,0.21526841819286346,0.21526841819286346,0.26771649718284607,0.07692307692307693,0.1111111111111111,0.11111111111111112,12,0,1.0,0.37862748238308774,1.0,0.37862748238308774,0.15318083137589864,0.3333333333333333,0.3333333333333333,1.0,1.0,0.0,0.0,0.0,1.0,0.11494890282222434,0.0,0.0,1.907119261454222,1.3391780378795906,1.907119261454222,1.907119261454222,global,8
484,0,484,0,0.6094098091125488,0.6094098091125488,0.591507077217102,0.46153846153846156,0.6666666666666666,0.6666666666666667,12,0,1.0,0.37862748238308774,1.0,0.37862748238308774,0.9190849882553918,0.25,0.25,1.0,1.0,0.0,0.0,0.0,1.0,0.2518676304332829,0.0,0.0,5.425901154866451,4.857959931291819,5.425901154866451,5.425901154866451,global,8
485,0,485,0,0.6032072305679321,0.6032072305679321,0.5773088335990906,0.46153846153846156,0.611111111111111,0.5555555555555556,12,0,1.0,0.37862748238308774,1.0,0.37862748238308774,0.8424945725674424,0.2857142857142857,0.2857142857142857,1.0,1.0,0.0,0.0,0.0,1.0,0.39302145804880867,0.0,0.0,5.018840795870971,4.450899572296339,5.018840795870971,5.018840795870971,global,8
486,0,486,0,0.4669806659221649,0.4669806659221649,0.505379319190979,0.3076923076923077,0.4444444444444444,0.4444444444444445,12,0,1.0,0.37862748238308774,1.0,0.37862748238308774,0.6127233255035945,0.0,0.0,1.0,1.0,0.0,0.0,0.0,1.0,0.23795628825239468,0.0,0.0,4.042827172702612,3.4748859491279807,4.042827172702612,4.042827172702612,global,8
487,0,487,0,0.5687434673309326,0.5687434673309326,0.5571408271789551,0.46153846153846156,0.6666666666666666,0.6666666666666667,12,0,1.0,0.37862748238308774,1.0,0.37862748238308774,0.9190849882553918,0.0,0.0,0.0,0.0,0.0,0.0,0.0,1.0,0.03810627309435056,0.0,0.0,4.829239674239479,4.261298450664847,4.829239674239479,4.829239674239479,global,10
488,0,488,0,0.38155561685562134,0.38155561685562134,0.440883070230484,0.23076923076923078,0.3333333333333333,0.33333333333333337,12,0,1.0,0.37862748238308774,1.0,0.37862748238308774,0.4595424941276959,0.0,0.0,1.0,1.0,0.0,0.0,0.0,1.0,0.1593312062064252,0.0,0.0,3.3184209763569537,2.750479752782322,3.3184209763569537,3.3184209763569537,global,8
489,0,489,0,0.32192084193229675,0.32192084193229675,0.3139711320400238,0.23076923076923078,0.3333333333333333,0.33333333333333337,12,0,1.0,0.37862748238308774,1.0,0.37862748238308774,0.4595424941276959,0.4,0.4,1.0,1.0,0.0,0.0,0.0,1.0,0.24269933026235022,0.0,0.0,3.295723593635071,2.7277823700604396,3.295723593635071,3.295723593635071,global,8
49,1,49,1,0.14946354925632477,0.14946354925632477,0.10385973006486893,0.5384615384615384,0.3888888888888889,0.0,28,0,1.0,0.8999439461883408,1.0,0.8999439461883408,0.7388670901843548,0.0,0.0,0.0,0.0,0.0,0.0,0.0,0.0,0.4081053103461236,0.0,0.0,2.908157668030724,1.5582417487482132,2.908157668030724,2.908157668030724,global,4
490,0,490,0,0.9357430934906006,0.9357430934906006,0.9331678152084351,0.6923076923076923,1.0,1.0,12,0,1.0,0.37862748238308774,1.0,0.37862748238308774,1.3786274823830877,0.0,0.0,1.0,1.0,0.0,0.0,0.0,1.0,0.2492179852432775,0.0,0.0,7.583608786247789,7.015667562673157,7.583608786247789,7.583608786247789,global,8
491,0,491,0,0.33500030636787415,0.33500030636787415,0.40753525495529175,0.23076923076923078,0.3333333333333333,0.33333333333333337,12,0,1.0,0.37862748238308774,1.0,0.37862748238308774,0.4595424941276959,0.0,0.0,1.0,1.0,0.0,0.0,0.0,1.0,0.2602316318613358,0.0,0.0,3.311446855663229,2.7435056320885973,3.311446855663229,3.311446855663229,global,8
492,0,492,0,0.08448562771081924,0.08448562771081924,0.06952740252017975,0.07692307692307693,0.1111111111111111,0.11111111111111112,12,0,1.0,0.37862748238308774,1.0,0.37862748238308774,0.15318083137589864,1.0,1.0,0.0,0.0,0.0,0.0,0.0,1.0,0.0760242271884987,0.0,0.0,1.2908156263784694,0.7228744028038376,1.2908156263784694,1.2908156263784694,global,6
493,0,493,0,0.37577036023139954,0.37577036023139954,0.42171454429626465,0.23076923076923078,0.3333333333333333,0.33333333333333337,12,0,1.0,0.37862748238308774,1.0,0.37862748238308774,0.4595424941276959,0.0,0.0,1.0,1.0,0.0,0.0,0.0,1.0,0.3830326375223824,0.0,0.0,3.380903200452363,2.8129619768777316,3.380903200452363,3.380903200452363,global,8
494,0,494,0,0.5555702447891235,0.5555702447891235,0.5428153276443481,0.38461538461538464,0.5555555555555556,0.5555555555555556,12,0,1.0,0.37862748238308774,1.0,0.37862748238308774,0.7659041568794932,0.2,0.2,1.0,1.0,0.0,0.0,0.0,1.0,0.300936847469454,0.0,0.0,4.765071636039929,4.197130412465297,4.765071636039929,4.765071636039929,global,8
495,0,495,0,0.2040095180273056,0.2040095180273056,0.2929367125034332,0.07692307692307693,0.1111111111111111,0.11111111111111112,12,0,1.0,0.37862748238308774,1.0,0.37862748238308774,0.15318083137589864,0.0,0.0,1.0,1.0,0.0,0.0,0.0,1.0,0.13524104810531518,0.0,0.0,1.9041997849067034,1.3362585613320717,1.9041997849067034,1.9041997849067034,global,8
496,0,496,0,0.4381078779697418,0.4381078779697418,0.4317992925643921,0.3076923076923077,0.3888888888888889,0.33333333333333337,12,0,1.0,0.37862748238308774,1.0,0.37862748238308774,0.5361329098156452,0.14285714285714285,0.14285714285714285,1.0,1.0,0.0,0.0,0.0,1.0,0.37783029071313273,0.0,0.0,3.6172466986344505,3.049305475059819,3.6172466986344505,3.6172466986344505,global,8
497,0,497,0,0.5615719556808472,0.5615719556808472,0.5442140102386475,0.3076923076923077,0.4444444444444444,0.4444444444444445,12,0,1.0,0.37862748238308774,1.0,0.37862748238308774,0.6127233255035945,0.0,0.0,1.0,1.0,0.0,0.0,0.0,1.0,0.1740686222849776,0.0,0.0,4.099333904719333,3.531392681144701,4.099333904719333,4.099333904719333,global,8
498,0,498,0,0.2753690183162689,0.2753690183162689,0.3516482412815094,0.15384615384615385,0.2222222222222222,0.22222222222222224,12,0,1.0,0.37862748238308774,1.0,0.37862748238308774,0.30636166275179727,0.0,0.0,1.0,1.0,0.0,0.0,0.0,1.0,0.325372824764325,0.0,0.0,2.650805550614209,2.0828643270395775,2.650805550614209,2.650805550614209,global,8
499,0,499,0,0.4398632347583771,0.4398632347583771,0.4853630065917969,0.3076923076923077,0.4444444444444444,0.4444444444444445,12,0,1.0,0.37862748238308774,1.0,0.37862748238308774,0.6127233255035945,0.0,0.0,1.0,1.0,0.0,0.0,0.0,1.0,0.11884038975873366,0.0,0.0,3.9853984582234836,3.417457234648852,3.9853984582234836,3.9853984582234836,global,8
5,1,5,1,0.22033420205116272,0.22033420205116272,0.18262715637683868,0.46153846153846156,0.3333333333333333,0.0,28,0,1.0,0.8999439461883408,1.0,0.8999439461883408,0.633314648729447,0.0,0.0,0.6484375,0.6484375,0.0,0.0,0.0,0.0,0.2548959406318062,0.0,0.0,3.0550759413181114,1.7051600220356002,3.0550759413181114,3.0550759413181114,global,0
50,1,50,1,0.052420247346162796,0.052420247346162796,0.03707021474838257,0.23076923076923078,0.16666666666666666,0.0,28,0,1.0,0.8999439461883408,1.0,0.8999439461883408,0.3166573243647235,0.0,0.0,0.0,0.0,0.0,0.0,0.0,0.0,0.4615229505667441,0.0,0.0,2.094411566432029,0.7444956471495175,2.094411566432029,2.094411566432029,global,4
500,0,500,0,0.44142597913742065,0.44142597913742065,0.469313383102417,0.3076923076923077,0.4444444444444444,0.4444444444444445,12,0,1.0,0.37862748238308774,1.0,0.37862748238308774,0.6127233255035945,0.0,0.0,1.0,1.0,0.0,0.0,0.0,1.0,0.2817229727875716,0.0,0.0,4.03551342863537,3.467572205060738,4.03551342863537,4.03551342863537,global,8
51,1,51,1,0.055631835013628006,0.055631835013628006,0.07252451777458191,0.23076923076923078,0.16666666666666666,0.0,28,0,1.0,0.8999439461883408,1.0,0.8999439461883408,0.3166573243647235,0.0,0.0,0.0,0.0,0.0,0.0,0.0,0.0,0.3407935587670872,0.0,0.0,2.060762019026104,0.7108460997435928,2.060762019026104,2.060762019026104,global,2
52,1,52,1,0.3845580220222473,0.3845580220222473,0.35717442631721497,0.8461538461538461,0.611111111111111,0.0,28,0,1.0,0.8999439461883408,1.0,0.8999439461883408,1.161076856003986,0.0,0.0,0.14772727272727285,0.14772727272727285,0.0,0.0,0.0,0.0,0.6017290832378194,0.0,0.0,3.9803207666113596,2.6304048473288484,3.9803207666113596,3.9803207666113596,global,5
53,1,53,1,0.1993088722229004,0.1993088722229004,0.17993848025798798,0.5384615384615384,0.3888888888888889,0.0,28,0,1.0,0.8999439461883408,1.0,0.8999439461883408,0.7388670901843548,0.0,0.0,0.0,0.0,0.0,0.0,0.0,0.0,0.4516137767246656,0.0,0.0,2.9610864663175476,1.6111705470350364,2.9610864663175476,2.9610864663175476,global,6
54,1,54,1,0.2657528221607208,0.2657528221607208,0.21304841339588165,0.6153846153846154,0.5,0.11111111111111112,28,0,1.0,0.8999439461883408,1.0,0.8999439461883408,0.9499719730941705,0.1,0.1,0.0,0.0,0.0,0.0,0.0,0.0,0.5190870548894204,0.0,0.0,3.6669622421958628,2.3170463229133516,3.6669622421958628,3.6669622421958628,global,3
55,1,55,1,0.058754708617925644,0.058754708617925644,0.0772833377122879,0.3076923076923077,0.2222222222222222,0.0,28,0,1.0,0.8999439461883408,1.0,0.8999439461883408,0.4222097658196313,0.0,0.0,0.14772727272727285,0.14772727272727285,0.0,0.0,0.0,0.0,0.31368072335024394,0.0,0.0,2.3170242916823134,0.9671083723998023,2.3170242916823134,2.3170242916823134,global,5
56,1,56,1,0.134718656539917,0.134718656539917,0.10742752254009247,0.46153846153846156,0.3333333333333333,0.0,28,0,1.0,0.8999439461883408,1.0,0.8999439461883408,0.633314648729447,0.14285714285714285,0.14285714285714285,0.0,0.0,0.0,0.0,0.0,0.0,0.35374481002183683,0.0,0.0,2.692019415726124,1.342103496443613,2.692019415726124,2.692019415726124,global,2
57,1,57,1,0.046776581555604935,0.046776581555604935,0.03858645632863045,0.15384615384615385,0.1111111111111111,0.0,28,0,1.0,0.8999439461883408,1.0,0.8999439461883408,0.21110488290981566,0.0,0.0,0.0,0.0,0.0,0.0,0.0,0.0,0.36954741473042874,0.0,0.0,1.8742697850144998,0.5243538657319886,1.8742697850144998,1.8742697850144998,global,3
58,1,58,1,0.16838674247264862,0.16838674247264862,0.14283239841461182,0.46153846153846156,0.3333333333333333,0.0,28,0,1.0,0.8999439461883408,1.0,0.8999439461883408,0.633314648729447,0.0,0.0,0.6484375,0.6484375,0.0,0.0,0.0,0.0,0.38325110131789036,0.0,0.0,3.0520245218611253,1.7021086025786143,3.0520245218611253,3.0520245218611253,global,0
59,1,59,1,0.08988437801599503,0.08988437801599503,0.04100165143609047,0.38461538461538464,0.2777777777777778,0.0,28,0,1.0,0.8999439461883408,1.0,0.8999439461883408,0.5277622072745392,0.0,0.0,0.0,0.0,0.0,0.0,0.0,0.0,0.2413441474059949,0.0,0.0,2.434397606088046,1.0844816868055347,2.434397606088046,2.434397606088046,global,3
6,1,6,1,0.13978847861289978,0.13978847861289978,0.09420543164014816,0.3076923076923077,0.2222222222222222,0.0,28,0,1.0,0.8999439461883408,1.0,0.8999439461883408,0.4222097658196313,0.14285714285714285,0.14285714285714285,0.6484375,0.6484375,0.0,0.0,0.0,0.0,0.3332289486303622,0.0,0.0,2.6380708888986915,1.2881549696161805,2.6380708888986915,2.6380708888986915,global,0
60,1,60,1,0.07078849524259567,0.07078849524259567,0.061101727187633514,0.3076923076923077,0.2222222222222222,0.0,28,0,1.0,0.8999439461883408,1.0,0.8999439461883408,0.4222097658196313,0.0,0.0,0.0,0.0,0.0,0.0,0.0,0.0,0.3502306765570278,0.0,0.0,2.2637526705804483,0.913836751297937,2.2637526705804483,2.2637526705804483,global,2
61,1,61,1,0.0419122651219368,0.0419122651219368,0.09904800355434418,0.3076923076923077,0.2222222222222222,0.0,28,0,1.0,0.8999439461883408,1.0,0.8999439461883408,0.4222097658196313,0.0,0.0,0.14772727272727285,0.14772727272727285,0.0,0.0,0.0,0.0,0.35496318115568226,0.0,0.0,2.315935074227154,0.9660191549446427,2.315935074227154,2.315935074227154,global,5
62,1,62,1,0.03501683101058006,0.03501683101058006,0.07333911955356598,0.23076923076923078,0.16666666666666666,0.0,28,0,1.0,0.8999439461883408,1.0,0.8999439461883408,0.3166573243647235,0.0,0.0,0.14772727272727285,0.14772727272727285,0.0,0.0,0.0,0.0,0.24923362030468693,0.0,0.0,2.090665670648582,0.7407497513660707,2.090665670648582,2.090665670648582,global,5
63,1,63,1,0.08038929849863052,0.08038929849863052,0.07150343060493469,0.3076923076923077,0.2222222222222222,0.0,28,0,1.0,0.8999439461883408,1.0,0.8999439461883408,0.4222097658196313,0.07692307692307693,0.07692307692307693,0.0,0.0,0.0,0.0,0.0,0.0,0.5805407409201677,0.0,0.0,2.340526332494218,0.9906104132117068,2.340526332494218,2.340526332494218,global,6
64,1,64,1,0.3206101655960083,0.3206101655960083,0.2898772954940796,0.6923076923076923,0.5,0.0,28,0,1.0,0.8999439461883408,1.0,0.8999439461883408,0.9499719730941705,0.0,0.0,0.6484375,0.6484375,0.0,0.0,0.0,0.0,0.4725317395551065,0.0,0.0,3.764690015933542,2.4147740966510307,3.764690015933542,3.764690015933542,global,0
65,1,65,1,0.36237776279449463,0.36237776279449463,0.30205366015434265,0.46153846153846156,0.3333333333333333,0.0,28,0,1.0,0.8999439461883408,1.0,0.8999439461883408,0.633314648729447,0.0,0.0,0.0,0.0,0.0,0.0,0.0,0.0,0.12672412032974834,0.0,0.0,2.8060404938221595,1.4561245745396485,2.8060404938221595,2.8060404938221595,global,2
66,1,66,1,0.13528338074684143,0.13528338074684143,0.10481954365968704,0.46153846153846156,0.3333333333333333,0.0,28,0,1.0,0.8999439461883408,1.0,0.8999439461883408,0.633314648729447,0.0,0.0,0.0,0.0,0.0,0.0,0.0,0.0,0.34438428922645975,0.0,0.0,2.6896630388530505,1.3397471195705393,2.6896630388530505,2.6896630388530505,global,4
67,1,67,1,0.048812441527843475,0.048812441527843475,0.0368022546172142,0.15384615384615385,0.1111111111111111,0.0,28,0,1.0,0.8999439461883408,1.0,0.8999439461883408,0.21110488290981566,0.0,0.0,0.0,0.0,0.0,0.0,0.0,0.0,0.44998626587283674,0.0,0.0,1.900030128335013,0.5501142090525019,1.900030128335013,1.900030128335013,global,3
68,1,68,1,0.10157095640897751,0.10157095640897751,0.06218631565570831,0.38461538461538464,0.2777777777777778,0.0,28,0,1.0,0.8999439461883408,1.0,0.8999439461883408,0.5277622072745392,0.16666666666666666,0.16666666666666666,0.0,0.0,0.0,0.0,0.0,0.0,0.30994488745104637,0.0,0.0,2.4643270908159476,1.1144111715334362,2.4643270908159476,2.4643270908159476,global,6
69,1,69,1,0.027480067685246468,0.027480067685246468,0.025551563128829002,0.15384615384615385,0.1111111111111111,0.0,28,0,1.0,0.8999439461883408,1.0,0.8999439461883408,0.21110488290981566,0.0,0.0,0.0,0.0,0.0,0.0,0.0,0.0,0.19045565180375926,0.0,0.0,1.8051050450402122,0.455189125757701,1.8051050450402122,1.8051050450402122,global,1
7,1,7,1,0.06256024539470673,0.06256024539470673,0.0504683218896389,0.23076923076923078,0.16666666666666666,0.0,28,0,1.0,0.8999439461883408,1.0,0.8999439461883408,0.3166573243647235,0.0,0.0,0.0,0.0,0.0,0.0,0.0,0.0,0.3827545311219626,0.0,0.0,2.0788930390374296,0.7289771197549183,2.0788930390374296,2.0788930390374296,global,3
70,1,70,1,0.06700628250837326,0.06700628250837326,0.0737217366695404,0.38461538461538464,0.2777777777777778,0.0,28,0,1.0,0.8999439461883408,1.0,0.8999439461883408,0.5277622072745392,0.0,0.0,0.0,0.0,0.0,0.0,0.0,0.0,0.24060081873046715,0.0,0.0,2.41587213107929,1.065956211796779,2.41587213107929,2.41587213107929,global,2
71,1,71,1,0.03596651554107666,0.03596651554107666,0.041790641844272614,0.23076923076923078,0.16666666666666666,0.0,28,0,1.0,0.8999439461883408,1.0,0.8999439461883408,0.3166573243647235,0.125,0.125,0.0,0.0,0.0,0.0,0.0,0.0,0.34928295317921454,0.0,0.0,2.047576581771701,0.6976606624891898,2.047576581771701,2.047576581771701,global,6
72,1,72,1,0.13405543565750122,0.13405543565750122,0.09514295309782028,0.38461538461538464,0.2777777777777778,0.0,28,0,1.0,0.8999439461883408,1.0,0.8999439461883408,0.5277622072745392,0.0625,0.0625,0.0,0.0,0.0,0.0,0.0,0.0,0.7289075825138048,0.0,0.0,2.6160034827335936,1.2660875634510826,2.6160034827335936,2.6160034827335936,global,3
73,1,73,1,0.0908602774143219,0.0908602774143219,0.07363652437925339,0.38461538461538464,0.2777777777777778,0.0,28,0,1.0,0.8999439461883408,1.0,0.8999439461883408,0.5277622072745392,0.0,0.0,0.0,0.0,0.0,0.0,0.0,0.0,0.4551273282555194,0.0,0.0,2.499313279861565,1.1493973605790535,2.499313279861565,2.499313279861565,global,2
74,1,74,1,0.04724910482764244,0.04724910482764244,0.07291576266288757,0.23076923076923078,0.16666666666666666,0.0,28,0,1.0,0.8999439461883408,1.0,0.8999439461883408,0.3166573243647235,0.0,0.0,0.14772727272727285,0.14772727272727285,0.0,0.0,0.0,0.0,0.33597881961868226,0.0,0.0,2.12647504949643,0.7765591302139192,2.12647504949643,2.12647504949643,global,5
75,1,75,1,0.057269781827926636,0.057269781827926636,0.03554806485772133,0.3076923076923077,0.2222222222222222,0.0,28,0,1.0,0.8999439461883408,1.0,0.8999439461883408,0.4222097658196313,0.0,0.0,0.0,0.0,0.0,0.0,0.0,0.0,0.2676528952800285,0.0,0.0,2.228164365465613,0.8782484461831019,2.228164365465613,2.228164365465613,global,1
76,1,76,1,0.2809125781059265,0.2809125781059265,0.23493729531764984,0.6923076923076923,0.5,0.0,28,0,1.0,0.8999439461883408,1.0,0.8999439461883408,0.9499719730941705,0.0,0.0,0.0,0.0,0.0,0.0,0.0,0.0,0.34689591369424716,0.0,0.0,3.371022448183219,2.0211065289007077,3.371022448183219,3.371022448183219,global,6
77,1,77,1,0.05768789350986481,0.05768789350986481,0.052266303449869156,0.3076923076923077,0.2222222222222222,0.0,28,0,1.0,0.8999439461883408,1.0,0.8999439461883408,0.4222097658196313,0.0,0.0,0.0,0.0,0.0,0.0,0.0,0.0,0.3110140518481164,0.0,0.0,2.24150720178159,0.8915912824990789,2.24150720178159,2.24150720178159,global,1
78,1,78,1,0.06182318925857544,0.06182318925857544,0.07321149110794067,0.3076923076923077,0.2222222222222222,0.0,28,0,1.0,0.8999439461883408,1.0,0.8999439461883408,0.4222097658196313,0.09090909090909091,0.09090909090909091,0.0,0.0,0.0,0.0,0.0,0.0,0.4857194668183137,0.0,0.0,2.2972270628716176,0.9473111435891066,2.2972270628716176,2.2972270628716176,global,1
79,1,79,1,0.17383800446987152,0.17383800446987152,0.14332017302513123,0.46153846153846156,0.3333333333333333,0.0,28,0,1.0,0.8999439461883408,1.0,0.8999439461883408,0.633314648729447,0.0,0.0,0.6484375,0.6484375,0.0,0.0,0.0,0.0,0.38346179543221326,0.0,0.0,3.0564487396932005,1.7065328204106895,3.0564487396932005,3.0564487396932005,global,0
8,1,8,1,0.06102229282259941,0.06102229282259941,0.043109431862831116,0.3076923076923077,0.2222222222222222,0.0,28,0,1.0,0.8999439461883408,1.0,0.8999439461883408,0.4222097658196313,0.0,0.0,0.0,0.0,0.0,0.0,0.0,0.0,0.26756502669570026,0.0,0.0,2.231140013686053,0.8812240944035417,2.231140013686053,2.231140013686053,global,1
80,1,80,1,0.13892661035060883,0.13892661035060883,0.11668922752141953,0.5384615384615384,0.3888888888888889,0.0,28,0,1.0,0.8999439461883408,1.0,0.8999439461883408,0.7388670901843548,0.1,0.1,0.0,0.0,0.0,0.0,0.0,0.0,0.49932128817370175,0.0,0.0,2.927092910254425,1.577176990971914,2.927092910254425,2.927092910254425,global,2
81,1,81,1,0.011990456841886044,0.011990456841886044,0.027324190363287926,0.15384615384615385,0.1111111111111111,0.0,28,0,1.0,0.8999439461883408,1.0,0.8999439461883408,0.21110488290981566,0.0,0.0,0.0,0.0,0.0,0.0,0.0,0.0,0.3189524446375079,0.0,0.0,1.8312623942156485,0.48134647493313726,1.8312623942156485,1.8312623942156485,global,6
82,1,82,1,0.10902797430753708,0.10902797430753708,0.08256588876247406,0.3076923076923077,0.2222222222222222,0.0,28,0,1.0,0.8999439461883408,1.0,0.8999439461883408,0.4222097658196313,0.0,0.0,0.6484375,0.6484375,0.0,0.0,0.0,0.0,0.5330789724814903,0.0,0.0,2.6734174926097403,1.3235015733272288,2.6734174926097403,2.6734174926097403,global,0
83,1,83,1,0.10885217040777206,0.10885217040777206,0.07979453355073929,0.23076923076923078,0.16666666666666666,0.0,28,0,1.0,0.8999439461883408,1.0,0.8999439461883408,0.3166573243647235,0.0,0.0,0.6484375,0.6484375,0.0,0.0,0.0,0.0,0.5079633802106992,0.0,0.0,2.477707983774503,1.1277920644919917,2.477707983774503,2.477707983774503,global,0
84,1,84,1,0.09233715385198593,0.09233715385198593,0.07382571697235107,0.23076923076923078,0.16666666666666666,0.0,28,0,1.0,0.8999439461883408,1.0,0.8999439461883408,0.3166573243647235,0.0,0.0,0.6484375,0.6484375,0.0,0.0,0.0,0.0,0.33643510919728326,0.0,0.0,2.4130374892258493,1.0631215699433378,2.4130374892258493,2.4130374892258493,global,0
85,1,85,1,0.18155565857887268,0.18155565857887268,0.14585377275943756,0.46153846153846156,0.3333333333333333,0.0,28,0,1.0,0.8999439461883408,1.0,0.8999439461883408,0.633314648729447,0.0,0.0,0.0,0.0,0.0,0.0,0.0,0.0,0.21291264409152957,0.0,0.0,2.6872393675781963,1.3373234482956853,2.6872393675781963,2.6872393675781963,global,3
86,1,86,1,0.03789612278342247,0.03789612278342247,0.060241978615522385,0.15384615384615385,0.1111111111111111,0.0,28,0,1.0,0.8999439461883408,1.0,0.8999439461883408,0.21110488290981566,0.0,0.0,0.0,0.0,0.0,0.0,0.0,0.0,0.40734083471568777,0.0,0.0,1.8785034439923316,0.5285875247098204,1.8785034439923316,1.8785034439923316,global,2
87,1,87,1,0.09609996527433395,0.09609996527433395,0.07062558829784393,0.38461538461538464,0.2777777777777778,0.0,28,0,1.0,0.8999439461883408,1.0,0.8999439461883408,0.5277622072745392,0.0,0.0,0.0,0.0,0.0,0.0,0.0,0.0,0.2797613192428764,0.0,0.0,2.4508952274457814,1.1009793081632704,2.4508952274457814,2.4508952274457814,global,3
88,1,88,1,0.09044071286916733,0.09044071286916733,0.0725829228758812,0.23076923076923078,0.16666666666666666,0.0,28,0,1.0,0.8999439461883408,1.0,0.8999439461883408,0.3166573243647235,0.0,0.0,0.6484375,0.6484375,0.0,0.0,0.0,0.0,0.3368469591637106,0.0,0.0,2.4116438914295224,1.0617279721470112,2.4116438914295224,2.4116438914295224,global,0
89,1,89,1,0.17880919575691223,0.17880919575691223,0.1418059766292572,0.46153846153846156,0.3333333333333333,0.0,28,0,1.0,0.8999439461883408,1.0,0.8999439461883408,0.633314648729447,0.0,0.0,0.6484375,0.6484375,0.0,0.0,0.0,0.0,0.5139081415715646,0.0,0.0,3.0995595965646388,1.7496436772821273,3.0995595965646388,3.0995595965646388,global,0
9,1,9,1,0.12908850610256195,0.12908850610256195,0.10377541184425354,0.3076923076923077,0.2222222222222222,0.0,28,0,1.0,0.8999439461883408,1.0,0.8999439461883408,0.4222097658196313,0.0,0.0,0.6484375,0.6484375,0.0,0.0,0.0,0.0,0.3114533331014968,0.0,0.0,2.622978226231762,1.2730623069492508,2.622978226231762,2.622978226231762,global,0
90,1,90,1,0.0736658126115799,0.0736658126115799,0.0659937933087349,0.38461538461538464,0.2777777777777778,0.0,28,0,1.0,0.8999439461883408,1.0,0.8999439461883408,0.5277622072745392,0.09090909090909091,0.09090909090909091,0.0,0.0,0.0,0.0,0.0,0.0,0.5104029206700319,0.0,0.0,2.5021403857437248,1.1522244664612136,2.5021403857437248,2.5021403857437248,global,2
91,1,91,1,0.04137389361858368,0.04137389361858368,0.06664276868104935,0.3076923076923077,0.2222222222222222,0.0,28,0,1.0,0.8999439461883408,1.0,0.8999439461883408,0.4222097658196313,0.0,0.0,0.14772727272727285,0.14772727272727285,0.0,0.0,0.0,0.0,0.4483783023331076,0.0,0.0,2.343528913377699,0.9936129940951878,2.343528913377699,2.343528913377699,global,5
92,1,92,1,0.07605013251304626,0.07605013251304626,0.07722703367471695,0.3076923076923077,0.2222222222222222,0.0,28,0,1.0,0.8999439461883408,1.0,0.8999439461883408,0.4222097658196313,0.14285714285714285,0.14285714285714285,0.14772727272727285,0.14772727272727285,0.0,0.0,0.0,0.0,0.3168141750749276,0.0,0.0,2.3318006663158153,0.9818847470333039,2.3318006663158153,2.3318006663158153,global,5
93,1,93,1,0.14441676437854767,0.14441676437854767,0.11315629631280899,0.38461538461538464,0.2777777777777778,0.0,28,0,1.0,0.8999439461883408,1.0,0.8999439461883408,0.5277622072745392,0.0,0.0,0.6484375,0.6484375,0.0,0.0,0.0,0.0,0.32619977216831747,0.0,0.0,2.827698952606785,1.4777830333242736,2.827698952606785,2.827698952606785,global,0
94,1,94,1,0.21190929412841797,0.21190929412841797,0.2075788825750351,0.6153846153846154,0.4444444444444444,0.0,28,0,1.0,0.8999439461883408,1.0,0.8999439461883408,0.8444195316392626,0.0,0.0,0.14772727272727285,0.14772727272727285,0.0,0.0,0.0,0.0,0.5121274135360578,0.0,0.0,3.2512187192832034,1.9013028000006924,3.2512187192832034,3.2512187192832034,global,5
95,1,95,1,0.12585531175136566,0.12585531175136566,0.08020906150341034,0.38461538461538464,0.2777777777777778,0.0,28,0,1.0,0.8999439461883408,1.0,0.8999439461883408,0.5277622072745392,0.1111111111111111,0.1111111111111111,0.0,0.0,0.0,0.0,0.0,0.0,0.42275930115971583,0.0,0.0,2.5175988992024587,1.1676829799199475,2.5175988992024587,2.5175988992024587,global,3
96,1,96,1,0.15547683835029602,0.15547683835029602,0.11731694638729095,0.38461538461538464,0.2777777777777778,0.0,28,0,1.0,0.8999439461883408,1.0,0.8999439461883408,0.5277622072745392,0.0,0.0,0.6484375,0.6484375,0.0,0.0,0.0,0.0,0.459939560785693,0.0,0.0,2.876668948369396,1.526753029086885,2.876668948369396,2.876668948369396,global,0
97,1,97,1,0.2662762999534607,0.2662762999534607,0.224647656083107,0.46153846153846156,0.3333333333333333,0.0,28,0,1.0,0.8999439461883408,1.0,0.8999439461883408,0.633314648729447,0.0,0.0,0.6484375,0.6484375,0.0,0.0,0.0,0.0,0.2598482642229536,0.0,0.0,3.0933153167172938,1.7433993974347828,3.0933153167172938,3.0933153167172938,global,0
98,1,98,1,0.2039232850074768,0.2039232850074768,0.16455085575580597,0.5384615384615384,0.3888888888888889,0.0,28,0,1.0,0.8999439461883408,1.0,0.8999439461883408,0.7388670901843548,0.0,0.0,0.6484375,0.6484375,0.0,0.0,0.0,0.0,0.658961549957735,0.0,0.0,3.3512010785151296,2.0012851592326184,3.3512010785151296,3.3512010785151296,global,0
99,1,99,1,0.20808491110801697,0.20808491110801697,0.17170356214046478,0.46153846153846156,0.3333333333333333,0.0,28,0,1.0,0.8999439461883408,1.0,0.8999439461883408,0.633314648729447,0.0,0.0,0.6484375,0.6484375,0.0,0.0,0.0,0.0,0.34507015808502456,0.0,0.0,3.07232877379956,1.722412854517049,3.07232877379956,3.07232877379956,global,0
