node_id,ris_score,fair_ris_score,shortfall_gain,mf_gain_score,weakest_group_gain,community_diversity_score,spread_proxy_score,combined_fairness_gain,fairness_ris_score,label_score
10007042,0.0,0.0,0.0,0.0,0.0,0.9574210931565966,0.015556856947978853,0.10945306,0.0,0.10945305973291397
10046442,0.0,0.0,0.0,0.0,0.0,0.9574210931565966,0.055179692995699886,0.112145446,0.0,0.11214544624090195
10074432,0.0,0.0,0.0,0.0,0.0,0.8658894330109049,0.00881601706053661,0.09862901,0.0,0.09862901270389557
10077242,0.3333333333333333,0.25,0.0,0.33333333333333337,0.33333333333333337,0.9204559262177173,0.09975687444805638,0.4129895,0.25,0.4129894971847534
10093672,0.0,0.0,0.0,0.0,0.0,0.45211423566191483,0.0006715421480776564,0.051215343,0.0,0.05121534317731857
10104672,0.0,0.0,0.0,0.0,0.0,0.8698941966083295,0.004663022410139237,0.09880035,0.0,0.09880035370588303
10107362,0.3333333333333333,0.25,0.0,0.33333333333333337,0.33333333333333337,0.7398616303702709,0.08413638593890553,0.39147568,0.25,0.3914756774902344
10125152,0.0,0.0,0.0,0.0,0.0,0.0,0.001332283543948808,5.80746e-05,0.0,5.807459820061922e-05
10125822,0.0,0.0,0.0,0.0,0.0,0.9330432028908702,0.090126226609606,0.11175926,0.0,0.1117592602968216
10130032,0.3333333333333333,0.25,0.0,0.33333333333333337,0.33333333333333337,0.6549788182021288,0.09176870259025693,0.3823813,0.25,0.38238129019737244
10138132,0.0,0.0,0.0,0.0,0.0,0.9574210931565966,0.14521944466812037,0.11826367,0.0,0.11826366931200027
10144442,0.0,0.0,0.0,0.0,0.0,0.8455428430323483,0.004013644944137149,0.09599843,0.0,0.09599842876195908
10166632,0.3333333333333333,0.25,0.0,0.33333333333333337,0.33333333333333337,0.9574210931565966,0.08350833430068463,0.41607174,0.25,0.41607174277305603
10214802,0.0,0.0,0.0,0.0,0.0,0.0,0.005552025132989411,0.0003448073,0.0,0.00034480731119401753
10241462,0.0,0.0,0.0,0.0,0.0,0.0,0.003705739714568165,0.00021935167,0.0,0.00021935167023912072
10241802,0.0,0.0,0.0,0.0,0.0,0.9204559262177173,0.00033453027726688234,0.10423238,0.0,0.10423237830400467
10263662,0.0,0.0,0.0,0.0,0.0,0.6171202869534268,0.015711347126183363,0.07092432,0.0,0.0709243193268776
10270072,0.0,0.0,0.0,0.0,0.0,0.6171202869534268,0.01506686310405187,0.070880525,0.0,0.07088052481412888
10270872,0.0,0.0,0.0,0.0,0.0,0.7835692923971794,0.001402118949871967,0.088802435,0.0,0.08880243450403214
10284152,0.0,0.0,0.0,0.0,0.0,0.8658894330109049,0.004855043219967778,0.09835986,0.0,0.0983598604798317
1032291,0.0,0.0,0.0,0.0,0.0,0.8658894330109049,0.004847535248828128,0.098359354,0.0,0.0983593538403511
10326,0.0,0.0,0.0,0.0,0.0,0.9204559262177173,0.020309863381011272,0.1055897,0.0,0.10558970272541046
10332972,0.0,0.0,0.0,0.0,0.0,0.0,0.0021994813364378985,0.00011700095,0.0,0.00011700094910338521
10348132,0.0,0.0,0.0,0.0,0.0,0.7398616303702709,0.01718345342207219,0.08492487,0.0,0.08492486923933029
10367842,0.3333333333333333,0.5,0.0,0.0,0.0,0.8658894330109049,0.08388943448079364,0.40573162,0.5,0.4057316184043884
10507892,0.0,0.0,0.0,0.0,0.0,0.9592404724668697,0.0009129903969682591,0.10866405,0.0,0.10866405069828033
10523552,0.0,0.0,0.0,0.0,0.0,0.0,0.0052782288398643615,0.00032620277,0.0,0.0003262027748860419
10524,0.0,0.0,0.0,0.0,0.0,0.9204559262177173,0.02447286932979775,0.10587258,0.0,0.10587257891893387
10545772,0.0,0.0,0.0,0.0,0.0,0.7398616303702709,0.021471763423284856,0.08521626,0.0,0.08521626144647598
1058591,0.0,0.0,0.0,0.0,0.0,0.9394859795766547,0.01766538688150697,0.10756517,0.0,0.10756517201662064
10599392,0.3333333333333333,0.25,0.0,0.33333333333333337,0.33333333333333337,0.9330432028908702,0.08449555662053064,0.413378,0.25,0.4133780002593994
10609292,0.0,0.0,0.0,0.0,0.0,0.8698941966083295,0.004136679789800736,0.09876459,0.0,0.09876459091901779
10618402,0.3333333333333333,0.25,0.0,0.33333333333333337,0.33333333333333337,0.9574210931565966,0.08757010223467078,0.4163477,0.25,0.4163477122783661
10638782,0.0,0.0,0.0,0.0,0.0,0.9204559262177173,0.13749548635902611,0.1135525,0.0,0.1135525032877922
10645702,0.0,0.0,0.0,0.0,0.0,0.5803133815727446,0.00537341435119576,0.06605345,0.0,0.06605345010757446
10651272,0.0,0.0,0.0,0.0,0.0,0.5803133815727446,0.01398544654797619,0.06663864,0.0,0.06663864105939865
10659742,0.0,0.0,0.0,0.0,0.0,0.45211423566191483,0.04838372778275581,0.0544574,0.0,0.0544573999941349
10701982,0.0,0.0,0.0,0.0,0.0,0.677101910536761,0.005724175708843613,0.07703864,0.0,0.07703863829374313
10717512,0.0,0.0,0.0,0.0,0.0,0.8658894330109049,0.0005132607015258601,0.09806484,0.0,0.0980648398399353
10722102,0.0,0.0,0.0,0.0,0.0,0.0,0.001332283543948808,5.80746e-05,0.0,5.807459820061922e-05
10728992,0.0,0.0,0.0,0.0,0.0,0.9574210931565966,7.748887415191134e-05,0.10840123,0.0,0.10840123146772385
10732492,0.0,0.0,0.0,0.0,0.0,0.9394859795766547,0.02424726601094592,0.108012415,0.0,0.10801241546869278
10750192,0.0,0.0,0.0,0.0,0.0,0.9330432028908702,0.01280918093832792,0.10650554,0.0,0.10650554299354553
10768042,0.0,0.0,0.0,0.0,0.0,0.9330432028908702,0.014789552104079697,0.106640115,0.0,0.10664011538028717
10790832,0.3333333333333333,0.25,0.0,0.33333333333333337,0.33333333333333337,0.8455428430323483,0.13136121300979123,0.40665308,0.25,0.4066530764102936
10804132,0.0,0.0,0.0,0.0,0.0,0.9574210931565966,0.0038469064078596794,0.10865737,0.0,0.1086573675274849
1081091,0.3333333333333333,0.25,0.0,0.33333333333333337,0.33333333333333337,0.6171202869534268,0.08472330904201086,0.37761503,0.25,0.3776150345802307
10821392,0.3333333333333333,0.25,0.0,0.33333333333333337,0.33333333333333337,0.6549788182021288,0.08988341835877818,0.38225317,0.25,0.38225317001342773
10836002,0.0,0.0,0.0,0.0,0.0,0.7835692923971794,0.004401187417796681,0.08900622,0.0,0.0890062227845192
1086591,0.0,0.0,0.0,0.0,0.0,0.0,0.010438477819536095,0.0006768433,0.0,0.0006768432795070112
10936542,0.0,0.0,0.0,0.0,0.0,0.677101910536761,0.017950120033674757,0.07786939,0.0,0.07786939293146133
10969982,0.0,0.0,0.0,0.0,0.0,0.5803133815727446,0.004805696854655962,0.06601488,0.0,0.06601487845182419
10996862,0.0,0.0,0.0,0.0,0.0,1.0,0.0006140940848882498,0.11325978,0.0,0.11325977742671967
1100251,0.0,0.0,0.0,0.0,0.0,0.813093860476119,0.023368746655296795,0.09363875,0.0,0.09363874793052673
11039482,0.0,0.0,0.0,0.0,0.0,0.9204559262177173,0.03265193814369653,0.106428355,0.0,0.1064283549785614
1106311,0.0,0.0,0.0,0.0,0.0,0.8658894330109049,0.0005561011474603165,0.098067746,0.0,0.0980677455663681
11069572,0.0,0.0,0.0,0.0,0.0,0.9394859795766547,0.008668999042873285,0.10695387,0.0,0.10695386677980423
11071232,0.0,0.0,0.0,0.0,0.0,0.9574210931565966,0.02338565027256872,0.10998503,0.0,0.10998503118753433
11120172,0.0,0.0,0.0,0.0,0.0,0.9204559262177173,0.016412502075028645,0.10532488,0.0,0.1053248792886734
1112751,0.0,0.0,0.0,0.0,0.0,0.43959775100198173,0.009125079934491687,0.050372265,0.0,0.05037226527929306
11130772,0.3333333333333333,0.25,0.0,0.33333333333333337,0.33333333333333337,0.7473484305271403,0.08844357414997314,0.39261624,0.25,0.39261624217033386
11138972,0.0,0.0,0.0,0.0,0.0,0.0,0.00596674601009394,0.00037298774,0.0,0.00037298773531802
11142222,0.0,0.0,0.0,0.0,0.0,0.0,0.003210821315221004,0.00018572182,0.0,0.000185721815796569
11162812,0.0,0.0,0.0,0.0,0.0,0.6549788182021288,0.0017356846889428677,0.074262165,0.0,0.07426216453313828
11206912,0.0,0.0,0.0,0.0,0.0,0.9592404724668697,0.05269206217090077,0.11218245,0.0,0.11218245327472687
11221192,0.0,0.0,0.0,0.0,0.0,1.0,0.0376256250668389,0.11577472,0.0,0.1157747209072113
11231562,0.0,0.0,0.0,0.0,0.0,0.9574210931565966,0.06465380782196796,0.11278921,0.0,0.11278921365737915
11264322,0.3333333333333333,0.25,0.0,0.33333333333333337,0.33333333333333337,0.9592404724668697,0.09763701130352138,0.41723782,0.25,0.4172378182411194
11288162,0.0,0.0,0.0,0.0,0.0,0.8658894330109049,0.004163922539396241,0.0983129,0.0,0.09831289947032928
11332342,0.0,0.0,0.0,0.0,0.0,0.1951969189580255,0.0013564904753792229,0.022165868,0.0,0.022165868431329727
11347052,0.0,0.0,0.0,0.0,0.0,0.0,0.005552025132989411,0.0003448073,0.0,0.00034480731119401753
11350892,0.0,0.0,0.0,0.0,0.0,0.7398616303702709,0.15018940771514824,0.09396266,0.0,0.093962661921978
11358372,0.0,0.0,0.0,0.0,0.0,0.9574210931565966,0.00012238611862919115,0.108404286,0.0,0.10840428620576859
11360912,0.0,0.0,0.0,0.0,0.0,0.8658894330109049,0.0020203927361461403,0.09816725,0.0,0.09816724807024002
11364652,0.0,0.0,0.0,0.0,0.0,0.8658894330109049,0.008957171004782391,0.0986386,0.0,0.09863860160112381
11376132,0.0,0.0,0.0,0.0,0.0,0.9330432028908702,0.005269629763630515,0.10599323,0.0,0.10599323362112045
11379982,0.0,0.0,0.0,0.0,0.0,0.8658894330109049,0.0010571946936044252,0.098101795,0.0,0.09810179471969604
11395432,0.0,0.0,0.0,0.0,0.0,0.8698941966083295,0.012963734380980963,0.09936439,0.0,0.09936439245939255
11402482,0.0,0.0,0.0,0.0,0.0,0.677101910536761,0.0063564346978276995,0.0770816,0.0,0.077081598341465
11425612,0.0,0.0,0.0,0.0,0.0,0.7398616303702709,0.04616645680645048,0.086894274,0.0,0.08689427375793457
11442052,0.0,0.0,0.0,0.0,0.0,1.0,0.0006379105356883438,0.113261394,0.0,0.1132613942027092
1147031,0.0,0.0,0.0,0.0,0.0,0.45211423566191483,0.009952780815287178,0.051846005,0.0,0.05184600502252579
11541862,0.0,0.0,0.0,0.0,0.0,0.9330432028908702,0.013463826144588216,0.10655003,0.0,0.10655003041028976
11550142,0.0,0.0,0.0,0.0,0.0,0.9592404724668697,0.00509921567060436,0.10894851,0.0,0.10894850641489029
1160081,0.0,0.0,0.0,0.0,0.0,0.9330432028908702,0.02568468568947753,0.10738044,0.0,0.1073804423213005
11606702,0.0,0.0,0.0,0.0,0.0,0.8658894330109049,0.012508617232868481,0.098879926,0.0,0.09887992590665817
11620042,0.0,0.0,0.0,0.0,0.0,0.8698941966083295,0.011379638251281321,0.099256754,0.0,0.09925675392150879
11625152,0.3333333333333333,0.25,0.0,0.33333333333333337,0.33333333333333337,0.6171202869534268,0.08547906860492384,0.3776664,0.25,0.3776664137840271
11626822,0.0,0.0,0.0,0.0,0.0,0.0,0.011789844838610179,0.00076866907,0.0,0.0007686690660193563
11650012,0.0,0.0,0.0,0.0,0.0,0.9574210931565966,0.02737050462188079,0.1102558,0.0,0.11025580018758774
11672342,0.0,0.0,0.0,0.0,0.0,0.8698941966083295,0.029914863016946697,0.10051622,0.0,0.10051622241735458
11702862,0.0,0.0,0.0,0.0,0.0,0.9204559262177173,0.0007048135803253279,0.10425754,0.0,0.10425753891468048
11724382,0.0,0.0,0.0,0.0,0.0,0.8658894330109049,0.0006227026758997035,0.098072276,0.0,0.09807227551937103
11726732,0.3333333333333333,0.25,0.0,0.33333333333333337,0.33333333333333337,0.9574210931565966,0.0989988995656404,0.41712433,0.25,0.41712433099746704
11763862,0.0,0.0,0.0,0.0,0.0,0.45211423566191483,0.03227372345223621,0.05336272,0.0,0.05336271971464157
11767072,0.0,0.0,0.0,0.0,0.0,0.9394859795766547,0.0003475379384756034,0.10638842,0.0,0.10638841986656189
11769872,0.3333333333333333,0.25,0.0,0.33333333333333337,0.33333333333333337,0.45211423566191483,0.09723001760741141,0.35977787,0.25,0.35977786779403687
11770552,0.0,0.0,0.0,0.0,0.0,0.0,0.00047762069489378926,0.0,0.0,0.0
11786302,0.0,0.0,0.0,0.0,0.0,0.9574210931565966,4.391394087839858e-05,0.10839895,0.0,0.10839895159006119
11792612,0.3333333333333333,0.25,0.0,0.33333333333333337,0.33333333333333337,0.38431661042061077,0.0888059272034929,0.35152733,0.25,0.3515273332595825
11819122,0.0,0.0,0.0,0.0,0.0,0.9394859795766547,0.0007433856594302858,0.10641532,0.0,0.10641531646251678
11842342,0.0,0.0,0.0,0.0,0.0,0.813093860476119,0.004727139126516165,0.092372045,0.0,0.09237204492092133
11918842,0.0,0.0,0.0,0.0,0.0,0.8658894330109049,0.0005561011474603165,0.098067746,0.0,0.0980677455663681
11920922,0.0,0.0,0.0,0.0,0.0,0.0,0.005552025132989411,0.0003448073,0.0,0.00034480731119401753
11926262,0.0,0.0,0.0,0.0,0.0,0.7473484305271403,0.0006176218369632612,0.0846471,0.0,0.08464709669351578
11944562,0.0,0.0,0.0,0.0,0.0,0.9574210931565966,0.004097712884610865,0.10867441,0.0,0.10867440700531006
11963282,0.0,0.0,0.0,0.0,0.0,0.9204559262177173,0.010065900146845264,0.104893625,0.0,0.10489362478256226
11981952,0.0,0.0,0.0,0.0,0.0,0.38431661042061077,0.0013005773770648937,0.04357997,0.0,0.04357996955513954
12018412,0.3333333333333333,0.5,0.0,0.0,0.0,0.0,0.08509789917300803,0.30775133,0.5,0.307751327753067
12037502,0.0,0.0,0.0,0.0,0.0,0.43959775100198173,0.0005370383097595543,0.049788706,0.0,0.0497887060046196
12062282,0.0,0.0,0.0,0.0,0.0,0.0,0.005552025132989411,0.0003448073,0.0,0.00034480731119401753
12080652,0.0,0.0,0.0,0.0,0.0,0.8455428430323483,0.024996968185585614,0.097424254,0.0,0.09742425382137299
12081592,0.0,0.0,0.0,0.0,0.0,0.43959775100198173,0.006389037575132309,0.05018635,0.0,0.05018635094165802
12114432,0.0,0.0,0.0,0.0,0.0,0.7835692923971794,0.0011267866600422232,0.088783726,0.0,0.08878372609615326
12115732,0.0,0.0,0.0,0.0,0.0,0.9592404724668697,0.007419733021145774,0.10910618,0.0,0.10910618305206299
12118882,0.0,0.0,0.0,0.0,0.0,1.0,0.013008870896304755,0.114102006,0.0,0.11410200595855713
12149902,0.3333333333333333,0.25,0.0,0.33333333333333337,0.33333333333333337,0.7835692923971794,0.09441412112314858,0.39712396,0.25,0.39712396264076233
12163342,0.0,0.0,0.0,0.0,0.0,0.9204559262177173,0.00861816949042538,0.10479525,0.0,0.10479524731636047
12168312,0.0,0.0,0.0,0.0,0.0,0.9592404724668697,0.018740933885684173,0.10987546,0.0,0.10987546294927597
12174212,0.0,0.0,0.0,0.0,0.0,0.9574210931565966,9.674482507170598e-05,0.10840254,0.0,0.1084025427699089
12217472,0.0,0.0,0.0,0.0,0.0,0.7473484305271403,0.000589708714524934,0.084645204,0.0,0.08464520424604416
12222522,0.0,0.0,0.0,0.0,0.0,0.7835692923971794,0.007507506637181114,0.0892173,0.0,0.08921729773283005
12227112,0.0,0.0,0.0,0.0,0.0,0.9330432028908702,0.010347951863280731,0.10633831,0.0,0.10633830726146698
12230022,0.0,0.0,0.0,0.0,0.0,1.0,0.01320943608930154,0.11411563,0.0,0.1141156330704689
12264532,0.0,0.0,0.0,0.0,0.0,0.9330432028908702,0.0012289031542136422,0.105718665,0.0,0.10571866482496262
12286822,0.0,0.0,0.0,0.0,0.0,0.8698941966083295,0.0003436060186035092,0.09850685,0.0,0.0985068529844284
12287142,0.0,0.0,0.0,0.0,0.0,0.6171202869534268,0.00043617583285102,0.069886364,0.0,0.06988636404275894
12301112,0.0,0.0,0.0,0.0,0.0,0.813093860476119,0.004683447237830895,0.09236908,0.0,0.09236907958984375
12327342,0.0,0.0,0.0,0.0,0.0,0.9574210931565966,0.016454554625434076,0.10951406,0.0,0.10951405763626099
12334662,0.0,0.0,0.0,0.0,0.0,0.9574210931565966,0.007610069485897162,0.10891307,0.0,0.10891307145357132
12369282,0.0,0.0,0.0,0.0,0.0,0.9574210931565966,0.003789408716608934,0.108653456,0.0,0.10865345597267151
12377702,0.0,0.0,0.0,0.0,0.0,0.8658894330109049,0.0005561011474603165,0.098067746,0.0,0.0980677455663681
12389772,0.0,0.0,0.0,0.0,0.0,0.9574210931565966,0.007812354475377034,0.10892682,0.0,0.10892681777477264
12429382,0.0,0.0,0.0,0.0,0.0,0.0,0.011789844838610179,0.00076866907,0.0,0.0007686690660193563
12448322,0.0,0.0,0.0,0.0,0.0,0.38431661042061077,0.0005705953134967858,0.043530367,0.0,0.04353036731481552
12455292,0.0,0.0,0.0,0.0,0.0,0.8698941966083295,0.012440074690681542,0.09932881,0.0,0.09932880848646164
12464552,0.0,0.0,0.0,0.0,0.0,0.8455428430323483,0.010487047219320682,0.096438296,0.0,0.09643829613924026
12470922,0.3333333333333333,0.25,0.0,0.33333333333333337,0.33333333333333337,0.9592404724668697,0.10284184819192872,0.41759148,0.25,0.41759148240089417
1249501,0.0,0.0,0.0,0.0,0.0,0.45211423566191483,0.001510033002442049,0.051272318,0.0,0.05127231776714325
1253451,0.0,0.0,0.0,0.0,0.0,0.9204559262177173,0.1940740450495142,0.11739703,0.0,0.11739703267812729
12618652,0.0,0.0,0.0,0.0,0.0,0.9574210931565966,0.003753289949201394,0.108651005,0.0,0.10865100473165512
12623252,0.0,0.0,0.0,0.0,0.0,0.8658894330109049,0.009469754112074989,0.09867343,0.0,0.09867343306541443
12650962,0.0,0.0,0.0,0.0,0.0,0.9574210931565966,0.009967201516600521,0.109073244,0.0,0.10907324403524399
1265601,0.0,0.0,0.0,0.0,0.0,0.9574210931565966,0.012330706855641771,0.10923384,0.0,0.10923384130001068
12681372,0.0,0.0,0.0,0.0,0.0,0.8658894330109049,0.0005561011474603165,0.098067746,0.0,0.0980677455663681
12695882,0.3333333333333333,0.25,0.0,0.33333333333333337,0.33333333333333337,0.6171202869534268,0.08556565807409866,0.37767228,0.25,0.3776722848415375
12706762,0.0,0.0,0.0,0.0,0.0,0.9574210931565966,0.02369792480471334,0.11000625,0.0,0.11000625044107437
12715022,0.0,0.0,0.0,0.0,0.0,0.9330432028908702,0.0012373997002258798,0.10571924,0.0,0.10571923851966858
12739402,0.0,0.0,0.0,0.0,0.0,0.9592404724668697,0.018471958090372012,0.10985719,0.0,0.10985718667507172
12740012,0.0,0.0,0.0,0.0,0.0,0.8698941966083295,0.009958918294538424,0.09916022,0.0,0.09916021674871445
12741382,0.0,0.0,0.0,0.0,0.0,0.43959775100198173,0.012083631536933523,0.0505733,0.0,0.05057330057024956
12771132,0.0,0.0,0.0,0.0,0.0,0.9574210931565966,0.00016456575626783244,0.10840715,0.0,0.1084071472287178
1277191,0.0,0.0,0.0,0.0,0.0,0.9204559262177173,0.006034586616195913,0.1046197,0.0,0.10461969673633575
12783392,0.0,0.0,0.0,0.0,0.0,0.0,0.0021994813364378985,0.00011700095,0.0,0.00011700094910338521
12787922,0.0,0.0,0.0,0.0,0.0,0.0,0.007514567406769327,0.00047816266,0.0,0.0004781626630574465
12790082,0.0,0.0,0.0,0.0,0.0,0.677101910536761,0.010206417401233079,0.07734321,0.0,0.07734321057796478
12793382,0.0,0.0,0.0,0.0,0.0,0.677101910536761,0.0022718478532058684,0.07680405,0.0,0.07680404931306839
12803772,0.0,0.0,0.0,0.0,0.0,0.813093860476119,0.01176905348173506,0.09285054,0.0,0.09285054355859756
12818,0.0,0.0,0.0,0.0,0.0,0.7835692923971794,0.008818252003347642,0.08930637,0.0,0.08930636942386627
12874212,0.0,0.0,0.0,0.0,0.0,0.9330432028908702,0.012986665673641918,0.106517605,0.0,0.10651760548353195
1290661,0.0,0.0,0.0,0.0,0.0,0.0,0.005552025132989411,0.0003448073,0.0,0.00034480731119401753
12920142,0.6666666666666666,0.5,0.0,0.6666666666666667,0.6666666666666667,0.6549788182021288,0.20259826862953564,0.69191355,0.5,0.6919135451316833
12925,0.6666666666666666,1.0,0.0,0.0,0.0,1.0,0.22984669606607416,0.73283887,1.0,0.7328388690948486
12952252,0.0,0.0,0.0,0.0,0.0,0.7835692923971794,0.014244796786889313,0.0896751,0.0,0.08967509865760803
12964542,0.0,0.0,0.0,0.0,0.0,0.9592404724668697,0.014354548805524526,0.10957741,0.0,0.10957740992307663
12966662,0.3333333333333333,0.5,0.0,0.0,0.0,0.8658894330109049,0.08790780473311814,0.40600467,0.5,0.4060046672821045
12967642,0.0,0.0,0.0,0.0,0.0,0.813093860476119,0.013596180734123317,0.0929747,0.0,0.0929747000336647
12973362,0.0,0.0,0.0,0.0,0.0,0.8455428430323483,0.05286124367230122,0.09931764,0.0,0.09931764006614685
13008262,0.0,0.0,0.0,0.0,0.0,0.8698941966083295,0.005765791402480855,0.09887529,0.0,0.09887529164552689
1304091,0.0,0.0,0.0,0.0,0.0,0.9330432028908702,0.0669101637253219,0.11018173,0.0,0.11018172651529312
13043702,0.0,0.0,0.0,0.0,0.0,0.9204559262177173,0.005933593888858134,0.104612835,0.0,0.10461283475160599
13051142,0.0,0.0,0.0,0.0,0.0,0.9204559262177173,0.013597943412521343,0.10513363,0.0,0.10513363033533096
13116482,0.0,0.0,0.0,0.0,0.0,0.9394859795766547,0.011903185395271507,0.10717363,0.0,0.1071736291050911
13118432,0.0,0.0,0.0,0.0,0.0,0.9394859795766547,0.004787004269317229,0.10669009,0.0,0.10669008642435074
1315431,0.0,0.0,0.0,0.0,0.0,0.9574210931565966,0.15191964609524988,0.11871895,0.0,0.1187189519405365
13159492,0.3333333333333333,0.25,0.0,0.33333333333333337,0.33333333333333337,0.0,0.08526589534857275,0.30776274,0.25,0.3077627420425415
13170292,0.0,0.0,0.0,0.0,0.0,0.9330432028908702,0.009497613153306989,0.10628053,0.0,0.10628052800893784
13211,0.0,0.0,0.0,0.0,0.0,0.7835692923971794,0.009137942719622,0.08932809,0.0,0.0893280878663063
13222222,0.0,0.0,0.0,0.0,0.0,0.9394859795766547,0.006116466465530599,0.106780425,0.0,0.10678042471408844
13224342,0.0,0.0,0.0,0.0,0.0,0.6171202869534268,0.015953217422528643,0.070940755,0.0,0.07094075530767441
13225072,0.0,0.0,0.0,0.0,0.0,0.7473484305271403,0.02256451316752341,0.0861384,0.0,0.08613839745521545
13232092,0.0,0.0,0.0,0.0,0.0,0.7398616303702709,0.020493949912745137,0.08514982,0.0,0.08514981716871262
13253832,0.0,0.0,0.0,0.0,0.0,0.7835692923971794,0.00038738329713584977,0.08873349,0.0,0.0887334868311882
13253992,0.0,0.0,0.0,0.0,0.0,0.9574210931565966,0.14369976946514018,0.11816041,0.0,0.11816041171550751
13258742,0.0,0.0,0.0,0.0,0.0,0.0,0.005552025132989411,0.0003448073,0.0,0.00034480731119401753
13264762,0.0,0.0,0.0,0.0,0.0,0.8698941966083295,0.00048614647151941457,0.09851654,0.0,0.0985165387392044
13285072,0.0,0.0,0.0,0.0,0.0,0.9574210931565966,0.005737942500930647,0.10878586,0.0,0.10878586024045944
13291122,0.0,0.0,0.0,0.0,0.0,0.9330432028908702,0.005517370809641905,0.106010064,0.0,0.1060100644826889
13302,0.3333333333333333,0.25,0.0,0.33333333333333337,0.33333333333333337,0.9330432028908702,0.08411914633562467,0.41335243,0.25,0.41335242986679077
1330691,0.0,0.0,0.0,0.0,0.0,0.0,0.0073166613922230036,0.0004647149,0.0,0.0004647148889489472
13308842,0.0,0.0,0.0,0.0,0.0,0.9574210931565966,0.015729204854445615,0.10946477,0.0,0.10946477204561234
13330612,0.0,0.0,0.0,0.0,0.0,0.43959775100198173,0.018376416070549673,0.051000897,0.0,0.05100089684128761
13354182,0.0,0.0,0.0,0.0,0.0,0.9592404724668697,0.0007708190530967414,0.10865439,0.0,0.10865438729524612
13406742,0.3333333333333333,0.25,0.0,0.33333333333333337,0.33333333333333337,0.9204559262177173,0.08450658679416578,0.41195324,0.25,0.41195324063301086
13454462,0.0,0.0,0.0,0.0,0.0,0.6171202869534268,0.0007196505631717069,0.06990563,0.0,0.06990563124418259
13466982,0.0,0.0,0.0,0.0,0.0,0.9330432028908702,0.008328011797803002,0.10620105,0.0,0.10620105266571045
13467242,0.0,0.0,0.0,0.0,0.0,0.9330432028908702,0.01969444295316425,0.1069734,0.0,0.10697340220212936
13473142,0.0,0.0,0.0,0.0,0.0,0.8698941966083295,0.005918995021045436,0.0988857,0.0,0.09888570010662079
13473852,0.0,0.0,0.0,0.0,0.0,0.7835692923971794,0.02524505280227324,0.09042257,0.0,0.09042257070541382
13501922,0.0,0.0,0.0,0.0,0.0,0.8698941966083295,0.0547482938634009,0.10220367,0.0,0.10220366716384888
13541632,0.0,0.0,0.0,0.0,0.0,1.0,0.012753264818091975,0.11408464,0.0,0.1140846386551857
13648652,0.0,0.0,0.0,0.0,0.0,0.45211423566191483,0.013312833193145279,0.05207432,0.0,0.05207432061433792
13651452,0.0,0.0,0.0,0.0,0.0,0.9204559262177173,0.0013025287299775529,0.10429815,0.0,0.10429815202951431
13654112,0.0,0.0,0.0,0.0,0.0,0.9574210931565966,0.15048926137777546,0.11862176,0.0,0.11862175911664963
13722332,0.0,0.0,0.0,0.0,0.0,0.38431661042061077,0.004920603720107678,0.04382595,0.0,0.04382595047354698
13746182,0.0,0.0,0.0,0.0,0.0,0.8658894330109049,0.03394297148202651,0.100336395,0.0,0.10033639520406723
13755792,0.0,0.0,0.0,0.0,0.0,0.8698941966083295,0.00043994247867042575,0.098513395,0.0,0.0985133945941925
13763362,0.0,0.0,0.0,0.0,0.0,0.7398616303702709,0.0015129939435314904,0.083860055,0.0,0.08386005461215973
13767032,0.0,0.0,0.0,0.0,0.0,0.7835692923971794,0.009695094151090898,0.089365944,0.0,0.08936594426631927
13768662,0.0,0.0,0.0,0.0,0.0,0.9574210931565966,0.01893580794180497,0.109682664,0.0,0.10968266427516937
13772282,0.0,0.0,0.0,0.0,0.0,0.9204559262177173,0.0003968195999921632,0.10423661,0.0,0.10423661023378372
13789152,0.3333333333333333,0.25,0.0,0.33333333333333337,0.33333333333333337,0.7835692923971794,0.09015226569633059,0.39683437,0.25,0.3968343734741211
13797692,0.3333333333333333,0.25,0.0,0.33333333333333337,0.33333333333333337,0.9204559262177173,0.09188819461772332,0.4124548,0.25,0.4124548137187958
13894222,0.0,0.0,0.0,0.0,0.0,0.9574210931565966,0.05908105363868202,0.112410545,0.0,0.1124105453491211
13897532,0.0,0.0,0.0,0.0,0.0,0.9330432028908702,0.008096002983177232,0.10618529,0.0,0.10618528723716736
13923382,0.0,0.0,0.0,0.0,0.0,1.0,0.0006090061990585358,0.113259435,0.0,0.11325943470001221
13936882,0.0,0.0,0.0,0.0,0.0,0.9394859795766547,0.0011633497246477907,0.10644386,0.0,0.1064438596367836
13942322,0.0,0.0,0.0,0.0,0.0,0.9574210931565966,0.0003690465399489822,0.10842104,0.0,0.10842104256153107
13960822,0.0,0.0,0.0,0.0,0.0,0.7835692923971794,0.008097805934319764,0.08925741,0.0,0.08925741165876389
13979662,0.0,0.0,0.0,0.0,0.0,0.9574210931565966,0.008181433337092264,0.1089519,0.0,0.10895189642906189
14025482,0.0,0.0,0.0,0.0,0.0,0.43959775100198173,0.00849465427294752,0.05032943,0.0,0.05032942816615105
14027132,0.0,0.0,0.0,0.0,0.0,1.0,0.00179422360925095,0.11333997,0.0,0.11333996802568436
14038472,0.3333333333333333,0.25,0.0,0.33333333333333337,0.33333333333333337,0.45211423566191483,0.09176380475380777,0.35940644,0.25,0.359406441450119
14050355,0.0,0.0,0.0,0.0,0.0,0.9394859795766547,0.008998325951567769,0.10697625,0.0,0.10697624832391739
14051473,0.3333333333333333,0.25,0.0,0.33333333333333337,0.33333333333333337,0.5803133815727446,0.10196472273392512,0.3746182,0.25,0.37461820244789124
14052933,0.0,0.0,0.0,0.0,0.0,0.9592404724668697,0.005496608300694008,0.10897551,0.0,0.10897550731897354
14053148,0.0,0.0,0.0,0.0,0.0,0.0,0.005552025132989411,0.0003448073,0.0,0.00034480731119401753
14055022,0.0,0.0,0.0,0.0,0.0,0.8455428430323483,0.0014080203786949088,0.09582137,0.0,0.09582137316465378
14061925,0.0,0.0,0.0,0.0,0.0,0.8698941966083295,0.012697018495959207,0.099346265,0.0,0.09934626519680023
14062948,0.0,0.0,0.0,0.0,0.0,0.5803133815727446,0.00782443248808361,0.06622,0.0,0.0662200003862381
14063351,0.3333333333333333,0.5,0.0,0.0,0.0,0.5803133815727446,0.08856245584050813,0.37370753,0.5,0.37370753288269043
14065315,0.3333333333333333,0.25,0.0,0.33333333333333337,0.33333333333333337,0.8698941966083295,0.084537812073148,0.40622923,0.25,0.4062292277812958
14066623,0.3333333333333333,0.5,0.0,0.0,0.0,0.8455428430323483,0.10443791676472229,0.40482363,0.5,0.4048236310482025
14069593,0.0,0.0,0.0,0.0,0.0,0.9204559262177173,0.004248688433816465,0.10449834,0.0,0.10449834167957306
14070736,0.0,0.0,0.0,0.0,0.0,0.7398616303702709,0.004682295827217344,0.08407541,0.0,0.08407541364431381
14070830,0.0,0.0,0.0,0.0,0.0,0.9574210931565966,0.030446510772986095,0.11046482,0.0,0.11046481877565384
14073382,0.0,0.0,0.0,0.0,0.0,0.9394859795766547,0.0013704096955038019,0.10645793,0.0,0.10645792633295059
14078385,0.0,0.0,0.0,0.0,0.0,0.0,0.006282325089586686,0.0003944314,0.0,0.0003944314084947109
14086918,0.0,0.0,0.0,0.0,0.0,0.9204559262177173,0.024014616843768804,0.10584144,0.0,0.10584144294261932
14087968,0.0,0.0,0.0,0.0,0.0,0.7473484305271403,0.014621569091165434,0.08559867,0.0,0.0855986699461937
14092350,0.0,0.0,0.0,0.0,0.0,0.8455428430323483,0.00107509598978665,0.09579875,0.0,0.09579875320196152
14092673,0.0,0.0,0.0,0.0,0.0,0.9574210931565966,0.00026699689636924486,0.108414106,0.0,0.10841410607099533
14095083,0.0,0.0,0.0,0.0,0.0,0.9204559262177173,0.0003756680774783957,0.10423517,0.0,0.10423517227172852
14097544,0.3333333333333333,0.25,0.0,0.33333333333333337,0.33333333333333337,0.9574210931565966,0.13311891938501333,0.41944277,0.25,0.4194427728652954
14098609,0.6666666666666666,0.5,0.0,0.6666666666666667,0.6666666666666667,0.9592404724668697,0.24562710479957886,0.72929513,0.5,0.7292951345443726
14099733,0.0,0.0,0.0,0.0,0.0,0.8698941966083295,0.0214753660393238,0.09994276,0.0,0.09994275867938995
14100597,0.0,0.0,0.0,0.0,0.0,0.8658894330109049,0.0005561011474603165,0.098067746,0.0,0.0980677455663681
14102919,0.0,0.0,0.0,0.0,0.0,0.8658894330109049,0.009231522919052588,0.09865724,0.0,0.09865724295377731
14103852,0.0,0.0,0.0,0.0,0.0,0.8658894330109049,0.0005561011474603165,0.098067746,0.0,0.0980677455663681
14108775,0.0,0.0,0.0,0.0,0.0,0.9574210931565966,0.00581998744618308,0.10879144,0.0,0.10879144072532654
14109605,0.3333333333333333,0.25,0.0,0.33333333333333337,0.33333333333333337,0.9204559262177173,0.08805621293797392,0.41219443,0.25,0.4121944308280945
14110253,0.0,0.0,0.0,0.0,0.0,0.9204559262177173,0.0017266938635107241,0.10432697,0.0,0.10432697087526321
14110743,0.0,0.0,0.0,0.0,0.0,0.43959775100198173,0.02674184175626741,0.051569328,0.0,0.05156932771205902
14111623,0.0,0.0,0.0,0.0,0.0,0.9574210931565966,0.003957589789385471,0.108664885,0.0,0.10866488516330719
14115889,0.0,0.0,0.0,0.0,0.0,0.7398616303702709,0.0008265036305754093,0.08381341,0.0,0.08381340652704239
14116517,0.0,0.0,0.0,0.0,0.0,0.9574210931565966,0.052758341967944385,0.111980915,0.0,0.11198091506958008
14120099,0.0,0.0,0.0,0.0,0.0,0.6549788182021288,0.013252156643384543,0.075044714,0.0,0.07504471391439438
14125985,0.0,0.0,0.0,0.0,0.0,0.8455428430323483,0.0008230287303774082,0.095781624,0.0,0.09578162431716919
14126174,0.0,0.0,0.0,0.0,0.0,0.8658894330109049,0.013661446212794049,0.09895826,0.0,0.09895826131105423
14126360,0.0,0.0,0.0,0.0,0.0,0.9592404724668697,0.007471684393254648,0.109109715,0.0,0.10910971462726593
14129238,0.0,0.0,0.0,0.0,0.0,0.9204559262177173,0.004806661400528273,0.10453626,0.0,0.1045362576842308
14133057,0.3333333333333333,0.25,0.0,0.33333333333333337,0.33333333333333337,0.9592404724668697,0.09010767062128584,0.4167262,0.25,0.4167262017726898
14133447,0.0,0.0,0.0,0.0,0.0,0.8455428430323483,0.010530310057518527,0.09644124,0.0,0.09644123911857605
14133954,0.3333333333333333,0.25,0.0,0.33333333333333337,0.33333333333333337,1.0,0.09046817934061903,0.42136672,0.25,0.42136672139167786
14135487,0.0,0.0,0.0,0.0,0.0,0.45211423566191483,0.008969135215392372,0.051779166,0.0,0.051779165863990784
14138511,0.0,0.0,0.0,0.0,0.0,0.8658894330109049,0.013292976725808986,0.09893322,0.0,0.09893321990966797
14139527,0.0,0.0,0.0,0.0,0.0,0.6171202869534268,0.006165907884139768,0.0702757,0.0,0.0702757015824318
14139780,0.0,0.0,0.0,0.0,0.0,0.8658894330109049,0.004556286022222586,0.098339565,0.0,0.09833956509828568
14140382,0.0,0.0,0.0,0.0,0.0,0.9204559262177173,0.020084879401898483,0.105574414,0.0,0.10557441413402557
14142706,0.0,0.0,0.0,0.0,0.0,0.8455428430323483,0.009862555451791268,0.096395865,0.0,0.09639586508274078
14146262,0.0,0.0,0.0,0.0,0.0,0.7835692923971794,0.0012941940444267013,0.0887951,0.0,0.08879510313272476
14152810,0.0,0.0,0.0,0.0,0.0,0.9394859795766547,0.0011633497246477907,0.10644386,0.0,0.1064438596367836
14155050,0.0,0.0,0.0,0.0,0.0,0.9204559262177173,0.00025546226678182707,0.104227,0.0,0.10422699898481369
14155739,0.0,0.0,0.0,0.0,0.0,0.8698941966083295,0.007978791444583636,0.09902567,0.0,0.0990256667137146
14160053,0.0,0.0,0.0,0.0,0.0,0.813093860476119,0.0012501272445395895,0.09213578,0.0,0.09213577955961227
14160799,0.0,0.0,0.0,0.0,0.0,0.9204559262177173,0.006000947311805735,0.10461741,0.0,0.1046174094080925
14160956,0.0,0.0,0.0,0.0,0.0,0.0,0.0017645658396746964,8.744831e-05,0.0,8.744830847717822e-05
14161205,0.0,0.0,0.0,0.0,0.0,0.0,0.005552025132989411,0.0003448073,0.0,0.00034480731119401753
14161889,0.3333333333333333,0.25,0.0,0.33333333333333337,0.33333333333333337,0.0,0.08888535846632274,0.30800867,0.25,0.30800867080688477
14163711,0.0,0.0,0.0,0.0,0.0,0.8455428430323483,0.008848011929178532,0.096326925,0.0,0.09632692486047745
14164472,0.0,0.0,0.0,0.0,0.0,0.9330432028908702,0.010154366252592868,0.10632515,0.0,0.10632514953613281
14167991,0.0,0.0,0.0,0.0,0.0,0.9204559262177173,0.01614458721543562,0.10530667,0.0,0.10530667006969452
14169105,0.0,0.0,0.0,0.0,0.0,0.8455428430323483,0.0006801479425355897,0.095771916,0.0,0.0957719162106514
14170847,0.0,0.0,0.0,0.0,0.0,0.9394859795766547,0.0057247721450780584,0.106753804,0.0,0.10675380378961563
14171337,0.0,0.0,0.0,0.0,0.0,0.9592404724668697,0.0009129903969682591,0.10866405,0.0,0.10866405069828033
14172103,0.0,0.0,0.0,0.0,0.0,0.8658894330109049,0.017524676319258442,0.09922077,0.0,0.09922076761722565
14172656,0.0,0.0,0.0,0.0,0.0,0.43959775100198173,0.008056365085495149,0.050299644,0.0,0.050299644470214844
14177779,0.0,0.0,0.0,0.0,0.0,0.5803133815727446,0.009551388064885265,0.06633735,0.0,0.06633734703063965
14180279,0.0,0.0,0.0,0.0,0.0,0.45211423566191483,0.04401176151686066,0.054160323,0.0,0.05416032299399376
14180577,0.0,0.0,0.0,0.0,0.0,0.9574210931565966,0.031178713101211807,0.110514574,0.0,0.1105145737528801
14181437,0.0,0.0,0.0,0.0,0.0,0.8698941966083295,0.00046217845139415366,0.09851491,0.0,0.09851490706205368
14181937,0.0,0.0,0.0,0.0,0.0,0.0,0.005552025132989411,0.0003448073,0.0,0.00034480731119401753
14186692,0.0,0.0,0.0,0.0,0.0,0.9330432028908702,0.0010372138891533626,0.10570564,0.0,0.1057056412100792
14188391,0.0,0.0,0.0,0.0,0.0,0.8455428430323483,0.00045485090052230703,0.095756605,0.0,0.09575660526752472
14190794,0.0,0.0,0.0,0.0,0.0,0.7835692923971794,0.004963874297502418,0.08904446,0.0,0.08904445916414261
14193124,0.0,0.0,0.0,0.0,0.0,0.8698941966083295,0.005335225575716971,0.09884603,0.0,0.09884603321552277
14195918,0.0,0.0,0.0,0.0,0.0,0.9574210931565966,0.0001291122636220534,0.10840474,0.0,0.108404740691185
14198539,0.0,0.0,0.0,0.0,0.0,0.9574210931565966,0.0074645666233557825,0.108903185,0.0,0.1089031845331192
14200945,0.0,0.0,0.0,0.0,0.0,0.7835692923971794,0.010055612352287783,0.08939044,0.0,0.08939044177532196
14202860,0.3333333333333333,0.25,0.0,0.33333333333333337,0.33333333333333337,0.9574210931565966,0.08761536503538493,0.4163508,0.25,0.4163508117198944
14203889,0.0,0.0,0.0,0.0,0.0,0.813093860476119,0.0007567702571011977,0.09210226,0.0,0.09210225939750671
14204673,0.0,0.0,0.0,0.0,0.0,0.9204559262177173,0.00033453027726688234,0.10423238,0.0,0.10423237830400467
14204887,0.3333333333333333,0.25,0.0,0.33333333333333337,0.33333333333333337,0.9204559262177173,0.08734017369712649,0.4121458,0.25,0.41214579343795776
14206313,0.0,0.0,0.0,0.0,0.0,0.9204559262177173,0.017385326757939253,0.10539098,0.0,0.10539098083972931
14206767,0.0,0.0,0.0,0.0,0.0,0.9592404724668697,0.016525500085830702,0.109724924,0.0,0.10972492396831512
14207225,0.0,0.0,0.0,0.0,0.0,0.6171202869534268,0.01737046650090535,0.071037054,0.0,0.07103705406188965
14207256,0.0,0.0,0.0,0.0,0.0,0.7398616303702709,0.0005082289012940999,0.083791785,0.0,0.08379178494215012
14209248,0.0,0.0,0.0,0.0,0.0,0.6171202869534268,0.005699393295229775,0.07024401,0.0,0.07024400681257248
14212820,0.3333333333333333,0.25,0.0,0.33333333333333337,0.33333333333333337,0.9574210931565966,0.08410763437950465,0.41611245,0.25,0.4161124527454376
14213287,0.3333333333333333,0.25,0.0,0.33333333333333337,0.33333333333333337,0.9204559262177173,0.09935974102091423,0.41296253,0.25,0.41296252608299255
14213837,0.3333333333333333,0.25,0.0,0.33333333333333337,0.33333333333333337,0.6171202869534268,0.08439846964245305,0.37759298,0.25,0.3775929808616638
14215410,0.0,0.0,0.0,0.0,0.0,0.6549788182021288,0.004974528015874531,0.07448225,0.0,0.07448224723339081
14218593,0.0,0.0,0.0,0.0,0.0,0.43959775100198173,0.006819997307253446,0.05021563,0.0,0.05021563172340393
14219559,0.0,0.0,0.0,0.0,0.0,0.8455428430323483,0.004651365582256828,0.09604176,0.0,0.09604176133871078
14219598,0.3333333333333333,0.25,0.0,0.33333333333333337,0.33333333333333337,0.6171202869534268,0.09642979353954016,0.37841052,0.25,0.3784105181694031
14220008,0.3333333333333333,0.25,0.0,0.33333333333333337,0.33333333333333337,0.6549788182021288,0.08402936721662965,0.3818554,0.25,0.38185539841651917
14220561,0.0,0.0,0.0,0.0,0.0,0.7398616303702709,0.017053935318763407,0.08491607,0.0,0.08491607010364532
14237254,0.0,0.0,0.0,0.0,0.0,0.9574210931565966,0.03855755215027861,0.11101597,0.0,0.11101596802473068
14237896,0.0,0.0,0.0,0.0,0.0,0.7835692923971794,0.03144216987583093,0.09084367,0.0,0.09084367007017136
14238479,0.0,0.0,0.0,0.0,0.0,0.813093860476119,0.008769907072185895,0.092646755,0.0,0.0926467552781105
14239038,0.0,0.0,0.0,0.0,0.0,0.0,0.005552025132989411,0.0003448073,0.0,0.00034480731119401753
14242280,0.3333333333333333,0.25,0.0,0.33333333333333337,0.33333333333333337,0.813093860476119,0.09180111328784539,0.4002901,0.25,0.4002901017665863
14245571,0.0,0.0,0.0,0.0,0.0,0.9394859795766547,0.004072199113655025,0.106641516,0.0,0.10664151608943939
14249581,0.0,0.0,0.0,0.0,0.0,0.7473484305271403,0.008258429858520978,0.0851663,0.0,0.08516629785299301
14251709,0.6666666666666666,0.5,0.0,0.6666666666666667,0.6666666666666667,0.7473484305271403,0.17191537447905528,0.70028955,0.5,0.7002895474433899
14253587,0.6666666666666666,0.5,0.0,0.6666666666666667,0.6666666666666667,0.5803133815727446,0.16696156797635436,0.6810361,0.5,0.681036114692688
14254414,0.0,0.0,0.0,0.0,0.0,0.43959775100198173,0.004969233537609055,0.050089873,0.0,0.05008987337350845
14255057,0.0,0.0,0.0,0.0,0.0,0.9204559262177173,0.02798230698496197,0.10611105,0.0,0.10611104965209961
14255702,0.0,0.0,0.0,0.0,0.0,0.9574210931565966,0.004293209391028768,0.10868769,0.0,0.10868769139051437
14258044,0.0,0.0,0.0,0.0,0.0,0.8698941966083295,0.025865750285191884,0.10024109,0.0,0.10024108737707138
14259990,0.0,0.0,0.0,0.0,0.0,0.9330432028908702,0.02335994751481143,0.107222475,0.0,0.10722247511148453
14261400,0.0,0.0,0.0,0.0,0.0,0.7473484305271403,0.004242581893334737,0.08489342,0.0,0.08489342033863068
14262680,0.0,0.0,0.0,0.0,0.0,0.813093860476119,0.020910456853435292,0.093471706,0.0,0.0934717059135437
14262785,0.0,0.0,0.0,0.0,0.0,0.9574210931565966,0.019904197452483185,0.10974846,0.0,0.1097484603524208
14265113,0.0,0.0,0.0,0.0,0.0,0.9330432028908702,0.005179393072109223,0.1059871,0.0,0.10598710179328918
14268141,0.0,0.0,0.0,0.0,0.0,0.9330432028908702,0.0005618049379887967,0.105673335,0.0,0.10567333549261093
14268164,0.0,0.0,0.0,0.0,0.0,0.7835692923971794,0.022758266494895964,0.09025359,0.0,0.09025359153747559
14268324,0.0,0.0,0.0,0.0,0.0,0.5803133815727446,0.004540511443587244,0.065996855,0.0,0.06599685549736023
14269768,0.0,0.0,0.0,0.0,0.0,0.8698941966083295,0.013030897699811967,0.09936895,0.0,0.09936895221471786
14270650,0.0,0.0,0.0,0.0,0.0,0.8698941966083295,0.04642946314634239,0.1016384,0.0,0.10163839906454086
14277183,0.0,0.0,0.0,0.0,0.0,0.9592404724668697,0.009968121907111601,0.10927935,0.0,0.10927934944629669
14278838,0.0,0.0,0.0,0.0,0.0,0.45211423566191483,0.0021430856188601848,0.051315334,0.0,0.05131533369421959
14279461,0.0,0.0,0.0,0.0,0.0,0.7473484305271403,0.0014803445327360297,0.084705725,0.0,0.08470572531223297
14282136,0.0,0.0,0.0,0.0,0.0,0.9330432028908702,0.0006934126291761023,0.105682276,0.0,0.10568227618932724
14291706,0.0,0.0,0.0,0.0,0.0,0.7473484305271403,0.005110240816639818,0.08495238,0.0,0.08495237678289413
14294948,0.0,0.0,0.0,0.0,0.0,0.6549788182021288,0.014677034402399038,0.075141534,0.0,0.0751415342092514
14299765,0.0,0.0,0.0,0.0,0.0,0.8658894330109049,0.0330917716420982,0.10027856,0.0,0.10027855634689331
14300586,0.3333333333333333,0.5,0.0,0.0,0.0,0.8698941966083295,0.08376488160662995,0.4061767,0.5,0.40617668628692627
14301374,0.0,0.0,0.0,0.0,0.0,0.6171202869534268,0.013027339941451607,0.070741944,0.0,0.07074194401502609
14301386,0.0,0.0,0.0,0.0,0.0,0.9574210931565966,0.1288338263998905,0.11715026,0.0,0.11715026199817657
14301443,0.3333333333333333,0.5,0.0,0.0,0.0,0.0,0.08463829848946891,0.3077201,0.5,0.3077200949192047
14301804,0.0,0.0,0.0,0.0,0.0,0.8658894330109049,0.004972989306181934,0.09836788,0.0,0.09836787730455399
14302121,0.0,0.0,0.0,0.0,0.0,0.9204559262177173,0.0007348522826950129,0.10425958,0.0,0.10425958037376404
14305154,0.0,0.0,0.0,0.0,0.0,0.6549788182021288,0.004450905716216477,0.07444667,0.0,0.0744466707110405
14306885,0.0,0.0,0.0,0.0,0.0,0.8658894330109049,0.013263202707470985,0.0989312,0.0,0.0989312008023262
14307465,0.3333333333333333,0.25,0.0,0.33333333333333337,0.33333333333333337,0.9204559262177173,0.09159090391030407,0.4124346,0.25,0.4124346077442169
1431301,0.3333333333333333,0.5,0.0,0.0,0.0,0.8455428430323483,0.09763129513983532,0.40436113,0.5,0.40436112880706787
14315043,0.0,0.0,0.0,0.0,0.0,0.9592404724668697,0.0007484739116021534,0.108652875,0.0,0.10865287482738495
14315063,0.0,0.0,0.0,0.0,0.0,0.7835692923971794,0.0065052381745023345,0.0891492,0.0,0.08914919942617416
1431551,0.0,0.0,0.0,0.0,0.0,0.38431661042061077,0.0013005773770648937,0.04357997,0.0,0.04357996955513954
14316661,0.0,0.0,0.0,0.0,0.0,0.9204559262177173,0.008596739754847234,0.104793794,0.0,0.10479379445314407
14319626,0.0,0.0,0.0,0.0,0.0,0.9394859795766547,0.047770038402251865,0.109610796,0.0,0.10961079597473145
14326094,0.3333333333333333,0.25,0.0,0.33333333333333337,0.33333333333333337,0.8658894330109049,0.08761596970979828,0.40598485,0.25,0.4059848487377167
14326743,0.0,0.0,0.0,0.0,0.0,0.0,0.005552025132989411,0.0003448073,0.0,0.00034480731119401753
14328764,0.3333333333333333,0.25,0.0,0.33333333333333337,0.33333333333333337,0.9574210931565966,0.10275972702187358,0.41737986,0.25,0.41737985610961914
14333927,0.0,0.0,0.0,0.0,0.0,0.9574210931565966,0.01185992487556716,0.109201856,0.0,0.10920185595750809
14334937,0.0,0.0,0.0,0.0,0.0,0.8658894330109049,0.0008678767587903623,0.098088935,0.0,0.09808893501758575
14334981,0.0,0.0,0.0,0.0,0.0,0.677101910536761,0.004657073585004561,0.07696613,0.0,0.07696612924337387
14338426,0.0,0.0,0.0,0.0,0.0,0.9204559262177173,0.0002585166704085878,0.10422721,0.0,0.1042272076010704
14340048,0.3333333333333333,0.25,0.0,0.33333333333333337,0.33333333333333337,0.9330432028908702,0.0846663077256594,0.4133896,0.25,0.4133895933628082
14342597,0.0,0.0,0.0,0.0,0.0,0.9574210931565966,0.027342421627672392,0.11025389,0.0,0.11025389283895493
14344131,0.0,0.0,0.0,0.0,0.0,0.9592404724668697,0.0019339728318778008,0.10873343,0.0,0.10873343050479889
14344614,0.0,0.0,0.0,0.0,0.0,0.8658894330109049,0.00870382598845256,0.09862139,0.0,0.09862139075994492
14347788,0.0,0.0,0.0,0.0,0.0,0.7835692923971794,0.004900969103114625,0.08904018,0.0,0.08904018253087997
14349955,0.0,0.0,0.0,0.0,0.0,0.9330432028908702,0.004920872164660287,0.10596953,0.0,0.10596953332424164
14350969,0.0,0.0,0.0,0.0,0.0,0.6549788182021288,0.012389444983427332,0.07498609,0.0,0.07498609274625778
14353449,0.0,0.0,0.0,0.0,0.0,0.7473484305271403,0.012862739768286799,0.08547916,0.0,0.08547916263341904
14354411,0.6666666666666666,0.5,0.0,0.6666666666666667,0.6666666666666667,0.9592404724668697,0.1728076316193739,0.72434705,0.5,0.7243470549583435
14356416,0.3333333333333333,0.25,0.0,0.33333333333333337,0.33333333333333337,0.38431661042061077,0.09962081418036496,0.3522622,0.25,0.3522621989250183
14361342,0.0,0.0,0.0,0.0,0.0,0.9574210931565966,0.00012781574410207933,0.10840465,0.0,0.10840465128421783
14361793,0.0,0.0,0.0,0.0,0.0,0.8658894330109049,0.010034587659583679,0.09871181,0.0,0.09871181100606918
14365965,0.0,0.0,0.0,0.0,0.0,0.8658894330109049,0.004389588328740507,0.09832823,0.0,0.09832823276519775
14366450,0.3333333333333333,0.5,0.0,0.0,0.0,0.8658894330109049,0.10109502712260308,0.40690073,0.5,0.4069007337093353
14366549,0.0,0.0,0.0,0.0,0.0,0.7473484305271403,0.028401922711447022,0.08653505,0.0,0.08653505146503448
14368074,0.3333333333333333,0.5,0.0,0.0,0.0,0.9204559262177173,0.21104256200956698,0.4205514,0.5,0.4205513894557953
14372426,0.0,0.0,0.0,0.0,0.0,0.8658894330109049,0.0005561011474603165,0.098067746,0.0,0.0980677455663681
14372710,0.0,0.0,0.0,0.0,0.0,0.6171202869534268,0.005303596499885855,0.07021711,0.0,0.07021711021661758
14373362,0.0,0.0,0.0,0.0,0.0,0.9592404724668697,0.016673866305744123,0.109735005,0.0,0.10973500460386276
14376745,0.0,0.0,0.0,0.0,0.0,0.677101910536761,0.005601989797228742,0.07703034,0.0,0.07703033834695816
14380723,0.0,0.0,0.0,0.0,0.0,0.0,0.005552025132989411,0.0003448073,0.0,0.00034480731119401753
14385076,0.0,0.0,0.0,0.0,0.0,0.8698941966083295,0.005553558779611057,0.09886087,0.0,0.09886086732149124
14387400,0.0,0.0,0.0,0.0,0.0,0.9574210931565966,4.391394087839858e-05,0.10839895,0.0,0.10839895159006119
14389149,0.0,0.0,0.0,0.0,0.0,0.9592404724668697,0.01002086144630904,0.10928293,0.0,0.10928293317556381
14390067,0.0,0.0,0.0,0.0,0.0,0.9204559262177173,0.017078796429463715,0.10537015,0.0,0.10537014901638031
14400049,0.0,0.0,0.0,0.0,0.0,0.9574210931565966,0.0075008996280651295,0.10890566,0.0,0.10890565812587738
14402868,0.0,0.0,0.0,0.0,0.0,0.9574210931565966,0.012484934151732538,0.109244324,0.0,0.10924432426691055
14405372,0.0,0.0,0.0,0.0,0.0,0.6549788182021288,0.0010508827897505702,0.074215636,0.0,0.07421563565731049
14405379,0.0,0.0,0.0,0.0,0.0,0.9574210931565966,0.0077099845345816286,0.10891987,0.0,0.10891986638307571
14410711,0.0,0.0,0.0,0.0,0.0,0.8658894330109049,0.009110114074063109,0.098648995,0.0,0.09864899516105652
14418930,0.0,0.0,0.0,0.0,0.0,0.9204559262177173,0.0014953854830011223,0.10431126,0.0,0.1043112576007843
14420451,0.0,0.0,0.0,0.0,0.0,0.43959775100198173,0.01766809677241242,0.050952766,0.0,0.050952766090631485
14420936,0.0,0.0,0.0,0.0,0.0,0.8658894330109049,0.0009708131213124068,0.09809593,0.0,0.09809593111276627
14421893,0.0,0.0,0.0,0.0,0.0,0.8455428430323483,0.006567757527694011,0.09617198,0.0,0.09617198258638382
14426940,0.0,0.0,0.0,0.0,0.0,0.8658894330109049,0.009808719346008268,0.09869646,0.0,0.09869646281003952
14426992,0.0,0.0,0.0,0.0,0.0,0.9394859795766547,0.004368964693004033,0.10666168,0.0,0.10666167736053467
14430556,0.0,0.0,0.0,0.0,0.0,0.8698941966083295,0.055125743494366886,0.10222931,0.0,0.10222931206226349
14431629,0.0,0.0,0.0,0.0,0.0,0.9204559262177173,0.00033453027726688234,0.10423238,0.0,0.10423237830400467
14434688,0.0,0.0,0.0,0.0,0.0,0.43959775100198173,0.017666583976928472,0.05095266,0.0,0.05095266178250313
14437066,0.3333333333333333,0.25,0.0,0.33333333333333337,0.33333333333333337,0.9592404724668697,0.08424632373030158,0.41632792,0.25,0.41632792353630066
14437161,0.0,0.0,0.0,0.0,0.0,0.8698941966083295,0.019785952590202365,0.09982796,0.0,0.09982796013355255
14439519,0.0,0.0,0.0,0.0,0.0,0.9574210931565966,0.023522099944725178,0.1099943,0.0,0.1099942997097969
14441617,0.0,0.0,0.0,0.0,0.0,0.7835692923971794,0.014359676188905213,0.08968291,0.0,0.08968290686607361
14442244,0.0,0.0,0.0,0.0,0.0,0.8658894330109049,0.00946546488215166,0.09867314,0.0,0.09867314249277115
14442703,0.0,0.0,0.0,0.0,0.0,0.813093860476119,0.000410101563262393,0.0920787,0.0,0.09207870066165924
14444798,0.0,0.0,0.0,0.0,0.0,0.5803133815727446,0.01497099764496287,0.066705614,0.0,0.0667056143283844
14444930,0.0,0.0,0.0,0.0,0.0,0.7835692923971794,0.009126470730967942,0.08932731,0.0,0.08932731300592422
14447648,0.0,0.0,0.0,0.0,0.0,0.9204559262177173,0.032866024463557415,0.1064429,0.0,0.1064428985118866
14450630,0.0,0.0,0.0,0.0,0.0,0.7835692923971794,0.0009685929887882088,0.08877298,0.0,0.0887729823589325
14451294,0.0,0.0,0.0,0.0,0.0,0.9574210931565966,0.09545201994508475,0.11488196,0.0,0.1148819625377655
14451981,0.0,0.0,0.0,0.0,0.0,0.8698941966083295,0.00853050469995292,0.09906315,0.0,0.09906315058469772
14454433,0.0,0.0,0.0,0.0,0.0,0.9330432028908702,0.00600290786655731,0.106043056,0.0,0.10604305565357208
14455718,0.0,0.0,0.0,0.0,0.0,0.8455428430323483,0.019073808812232133,0.09702177,0.0,0.09702177345752716
14456344,0.0,0.0,0.0,0.0,0.0,0.9204559262177173,0.00033453027726688234,0.10423238,0.0,0.10423237830400467
14456828,0.0,0.0,0.0,0.0,0.0,0.6171202869534268,0.02170864106138019,0.07133184,0.0,0.07133183628320694
14457848,0.0,0.0,0.0,0.0,0.0,0.8658894330109049,0.00462384480875689,0.098344155,0.0,0.09834415465593338
14459159,0.0,0.0,0.0,0.0,0.0,0.8658894330109049,0.0005561011474603165,0.098067746,0.0,0.0980677455663681
14459303,0.0,0.0,0.0,0.0,0.0,0.9574210931565966,0.013122815412660213,0.109287664,0.0,0.10928766429424286
14460783,0.3333333333333333,0.25,0.0,0.33333333333333337,0.33333333333333337,0.9574210931565966,0.10852325973419584,0.4177715,0.25,0.41777148842811584
14461330,0.0,0.0,0.0,0.0,0.0,0.5803133815727446,0.010077732746444128,0.06637312,0.0,0.06637311726808548
14461792,0.0,0.0,0.0,0.0,0.0,0.677101910536761,0.010767776422792533,0.07738135,0.0,0.07738135010004044
14462500,0.0,0.0,0.0,0.0,0.0,0.8658894330109049,0.004859666280644048,0.09836017,0.0,0.09836017340421677
14463102,0.0,0.0,0.0,0.0,0.0,0.45211423566191483,0.0006676051357687229,0.051215075,0.0,0.051215074956417084
14463675,0.0,0.0,0.0,0.0,0.0,0.9574210931565966,0.018616997224035897,0.109661,0.0,0.10966099798679352
14464020,0.0,0.0,0.0,0.0,0.0,0.8455428430323483,0.0008230287303774082,0.095781624,0.0,0.09578162431716919
14465317,0.0,0.0,0.0,0.0,0.0,0.9204559262177173,0.004801805532608173,0.10453593,0.0,0.10453592985868454
14467222,0.0,0.0,0.0,0.0,0.0,0.9204559262177173,0.00033453027726688234,0.10423238,0.0,0.10423237830400467
14475952,0.0,0.0,0.0,0.0,0.0,0.9574210931565966,0.00026699689636924486,0.108414106,0.0,0.10841410607099533
14476022,0.0,0.0,0.0,0.0,0.0,0.9330432028908702,0.005057550465249452,0.105978824,0.0,0.105978824198246
14479538,0.0,0.0,0.0,0.0,0.0,0.9394859795766547,0.009222857677348812,0.1069915,0.0,0.10699149966239929
14479592,0.0,0.0,0.0,0.0,0.0,0.9204559262177173,0.004064778828370319,0.10448585,0.0,0.10448584705591202
14483590,0.0,0.0,0.0,0.0,0.0,0.8658894330109049,0.004464765104565261,0.098333344,0.0,0.09833334386348724
14484634,0.0,0.0,0.0,0.0,0.0,0.7473484305271403,0.00405083327568191,0.08488039,0.0,0.08488038927316666
14499717,0.0,0.0,0.0,0.0,0.0,0.6549788182021288,0.0010508827897505702,0.074215636,0.0,0.07421563565731049
14501275,0.0,0.0,0.0,0.0,0.0,0.9574210931565966,0.012242895963219223,0.10922787,0.0,0.10922787338495255
14505596,0.0,0.0,0.0,0.0,0.0,0.9574210931565966,0.027771653268739063,0.11028306,0.0,0.11028306186199188
14506615,0.0,0.0,0.0,0.0,0.0,0.9394859795766547,0.0611225559658295,0.110518105,0.0,0.11051810532808304
14508359,0.0,0.0,0.0,0.0,0.0,0.9330432028908702,0.01073857760842895,0.106364846,0.0,0.10636484622955322
14512268,0.0,0.0,0.0,0.0,0.0,0.8658894330109049,0.004145426335682983,0.09831164,0.0,0.0983116403222084
14513507,0.0,0.0,0.0,0.0,0.0,0.9592404724668697,0.0008340136975763862,0.10865869,0.0,0.10865868628025055
14514220,0.0,0.0,0.0,0.0,0.0,0.9574210931565966,0.1341680581507077,0.117512725,0.0,0.11751272529363632
14514703,0.0,0.0,0.0,0.0,0.0,0.38431661042061077,0.01453290535895622,0.04447911,0.0,0.04447910934686661
14516061,0.3333333333333333,0.5,0.0,0.0,0.0,0.9204559262177173,0.08542514473233519,0.41201565,0.5,0.4120156466960907
14519514,0.0,0.0,0.0,0.0,0.0,0.9330432028908702,0.0048508280314088605,0.10596477,0.0,0.1059647724032402
14519891,0.0,0.0,0.0,0.0,0.0,0.9574210931565966,0.08643431624456802,0.114269204,0.0,0.1142692044377327
14521343,0.3333333333333333,0.25,0.0,0.33333333333333337,0.33333333333333337,0.9574210931565966,0.12916305239344497,0.419174,0.25,0.4191739857196808
14521383,0.0,0.0,0.0,0.0,0.0,0.9574210931565966,0.030067603073846722,0.11043907,0.0,0.11043906956911087
14521896,0.0,0.0,0.0,0.0,0.0,0.9204559262177173,0.0012437208033503845,0.10429415,0.0,0.10429415106773376
14527485,0.0,0.0,0.0,0.0,0.0,0.8658894330109049,0.01874938978390285,0.09930399,0.0,0.09930399060249329
14537873,0.0,0.0,0.0,0.0,0.0,0.6549788182021288,0.005466689528216729,0.07451569,0.0,0.0745156928896904
14549852,0.3333333333333333,0.25,0.0,0.33333333333333337,0.33333333333333337,0.8455428430323483,0.13583298431194302,0.40695694,0.25,0.4069569408893585
14551274,0.0,0.0,0.0,0.0,0.0,0.8658894330109049,0.0005561011474603165,0.098067746,0.0,0.0980677455663681
14552124,0.0,0.0,0.0,0.0,0.0,0.8658894330109049,0.012797707006768695,0.098899566,0.0,0.09889956563711166
14553715,0.0,0.0,0.0,0.0,0.0,0.45211423566191483,0.0015115060221790085,0.05127242,0.0,0.05127241834998131
14554753,0.0,0.0,0.0,0.0,0.0,0.7398616303702709,0.0048857684970090715,0.084089234,0.0,0.0840892344713211
14555289,0.0,0.0,0.0,0.0,0.0,0.6549788182021288,0.010045119435598205,0.0748268,0.0,0.07482679933309555
14558773,0.3333333333333333,0.25,0.0,0.33333333333333337,0.33333333333333337,0.9394859795766547,0.09121848198853513,0.41456446,0.25,0.41456446051597595
14560510,0.0,0.0,0.0,0.0,0.0,0.9574210931565966,0.054591240279170915,0.11210546,0.0,0.11210545897483826
14564657,0.0,0.0,0.0,0.0,0.0,0.8698941966083295,0.0008369883006377027,0.09854037,0.0,0.09854037314653397
14574911,0.0,0.0,0.0,0.0,0.0,0.9592404724668697,0.0007886928202249395,0.1086556,0.0,0.10865560173988342
14578032,0.3333333333333333,0.5,0.0,0.0,0.0,0.8658894330109049,0.10441275136405269,0.4071262,0.5,0.40712618827819824
1458001,0.0,0.0,0.0,0.0,0.0,0.9204559262177173,0.016726575181777333,0.10534622,0.0,0.10534621775150299
14581841,0.0,0.0,0.0,0.0,0.0,0.7835692923971794,0.015010902686895117,0.089727156,0.0,0.08972715586423874
14590651,0.0,0.0,0.0,0.0,0.0,0.9330432028908702,0.04196784784756225,0.10848688,0.0,0.10848688334226608
14599976,0.0,0.0,0.0,0.0,0.0,0.9204559262177173,0.03350853675891615,0.10648656,0.0,0.10648655891418457
14605765,0.3333333333333333,0.25,0.0,0.33333333333333337,0.33333333333333337,0.0,0.0870390730479015,0.30788323,0.25,0.30788323283195496
14625006,0.0,0.0,0.0,0.0,0.0,0.0,0.0057295147812055835,0.0003568678,0.0,0.0003568677930161357
14642711,0.0,0.0,0.0,0.0,0.0,0.0,0.016749966876565686,0.0011057109,0.0,0.0011057108640670776
14647281,0.0,0.0,0.0,0.0,0.0,0.0,0.01339789303471787,0.0008779364,0.0,0.0008779364288784564
14662013,0.0,0.0,0.0,0.0,0.0,0.9574210931565966,9.342101349818071e-05,0.10840231,0.0,0.1084023118019104
14680965,0.0,0.0,0.0,0.0,0.0,0.0,0.005552025132989411,0.0003448073,0.0,0.00034480731119401753
14682248,0.0,0.0,0.0,0.0,0.0,0.7835692923971794,0.0017734573694217128,0.08882767,0.0,0.08882766962051392
14685548,0.0,0.0,0.0,0.0,0.0,0.8658894330109049,0.0005561011474603165,0.098067746,0.0,0.0980677455663681
14687072,0.0,0.0,0.0,0.0,0.0,0.9204559262177173,0.004541709541870164,0.10451826,0.0,0.10451825708150864
14690122,0.0,0.0,0.0,0.0,0.0,0.7473484305271403,0.02581047190312987,0.086358964,0.0,0.08635896444320679
14690638,0.0,0.0,0.0,0.0,0.0,0.38431661042061077,0.014613353582374889,0.044484578,0.0,0.04448457807302475
14694370,0.0,0.0,0.0,0.0,0.0,0.0,0.0012780439651020926,5.4389002e-05,0.0,5.4389001888921484e-05
14694965,0.0,0.0,0.0,0.0,0.0,0.8658894330109049,0.0015283810778727715,0.09813382,0.0,0.09813381731510162
14695367,0.0,0.0,0.0,0.0,0.0,0.813093860476119,0.00038133658648518726,0.09207675,0.0,0.09207674860954285
14696659,0.0,0.0,0.0,0.0,0.0,0.9204559262177173,0.004237044362714639,0.10449755,0.0,0.10449755191802979
14696934,0.3333333333333333,0.25,0.0,0.33333333333333337,0.33333333333333337,0.9574210931565966,0.1566745522633385,0.4210434,0.25,0.42104339599609375
14700957,0.0,0.0,0.0,0.0,0.0,0.8455428430323483,0.02828788356011079,0.09764787,0.0,0.09764786809682846
14702781,0.0,0.0,0.0,0.0,0.0,0.9204559262177173,0.0005415555095407559,0.104246445,0.0,0.10424644500017166
14707837,0.0,0.0,0.0,0.0,0.0,0.9574210931565966,8.402332210032075e-05,0.10840168,0.0,0.10840167850255966
14710900,0.0,0.0,0.0,0.0,0.0,0.0,0.007629701773607983,0.00048598606,0.0,0.00048598606372252107
14711966,0.0,0.0,0.0,0.0,0.0,0.8658894330109049,0.013925036933752771,0.09897617,0.0,0.09897617250680923
14715516,0.0,0.0,0.0,0.0,0.0,0.7398616303702709,0.009730055674835354,0.08441841,0.0,0.0844184085726738
14716327,0.0,0.0,0.0,0.0,0.0,0.6171202869534268,0.01560205825134991,0.07091689,0.0,0.07091689109802246
14719154,0.0,0.0,0.0,0.0,0.0,0.8658894330109049,0.0005561011474603165,0.098067746,0.0,0.0980677455663681
14719235,0.3333333333333333,0.5,0.0,0.0,0.0,0.9204559262177173,0.083885782299618,0.41191104,0.5,0.4119110405445099
14720172,0.0,0.0,0.0,0.0,0.0,0.9204559262177173,0.016654798796200396,0.105341345,0.0,0.1053413450717926
14720695,0.3333333333333333,0.5,0.0,0.0,0.0,0.8658894330109049,0.08388943448079364,0.40573162,0.5,0.4057316184043884
14721480,0.0,0.0,0.0,0.0,0.0,0.9394859795766547,0.00022388181448783663,0.106380016,0.0,0.10638001561164856
14721642,0.0,0.0,0.0,0.0,0.0,0.9592404724668697,0.009840714540992857,0.10927069,0.0,0.10927069187164307
14726448,0.0,0.0,0.0,0.0,0.0,0.6171202869534268,0.007036260904289965,0.070334844,0.0,0.07033484429121017
14727321,0.0,0.0,0.0,0.0,0.0,0.9394859795766547,0.0007172800685551918,0.10641354,0.0,0.10641354322433472
14727766,0.0,0.0,0.0,0.0,0.0,0.9592404724668697,0.009723194346992498,0.109262705,0.0,0.10926270484924316
14728116,0.3333333333333333,0.25,0.0,0.33333333333333337,0.33333333333333337,0.8455428430323483,0.08838781877253174,0.40373302,0.25,0.4037330150604248
14730488,0.3333333333333333,0.5,0.0,0.0,0.0,0.8658894330109049,0.08504689171504154,0.40581027,0.5,0.40581026673316956
14731797,0.3333333333333333,0.25,0.0,0.33333333333333337,0.33333333333333337,0.813093860476119,0.08796422239247578,0.40002936,0.25,0.40002936124801636
14731904,0.0,0.0,0.0,0.0,0.0,0.9574210931565966,0.005534034766837706,0.10877201,0.0,0.10877200961112976
14735417,0.0,0.0,0.0,0.0,0.0,0.6171202869534268,0.0006273763490478428,0.06989936,0.0,0.06989935785531998
14737175,0.3333333333333333,0.5,0.0,0.0,0.0,0.7473484305271403,0.0897138123838433,0.39270255,0.5,0.39270254969596863
14737298,0.0,0.0,0.0,0.0,0.0,0.7398616303702709,0.007039030869709667,0.08423555,0.0,0.0842355489730835
14739557,0.0,0.0,0.0,0.0,0.0,0.8658894330109049,0.0005561011474603165,0.098067746,0.0,0.0980677455663681
14742505,0.0,0.0,0.0,0.0,0.0,0.9204559262177173,0.012529828423839682,0.10506105,0.0,0.10506104677915573
14745620,0.0,0.0,0.0,0.0,0.0,0.7473484305271403,0.01230249071271753,0.08544109,0.0,0.08544109016656876
14746865,0.0,0.0,0.0,0.0,0.0,0.9330432028908702,0.01087093675663244,0.10637384,0.0,0.10637383908033371
14747961,0.0,0.0,0.0,0.0,0.0,0.38431661042061077,0.0013464063535045805,0.043583084,0.0,0.043583083897829056
14749267,0.0,0.0,0.0,0.0,0.0,0.9574210931565966,0.0001589070274799263,0.10840677,0.0,0.10840676724910736
14752933,0.0,0.0,0.0,0.0,0.0,0.8698941966083295,0.00048614647151941457,0.09851654,0.0,0.0985165387392044
14754547,0.3333333333333333,0.25,0.0,0.33333333333333337,0.33333333333333337,0.38431661042061077,0.08467973968683791,0.35124695,0.25,0.3512469530105591
147563,0.0,0.0,0.0,0.0,0.0,0.43959775100198173,0.004780120672855661,0.050077025,0.0,0.05007702484726906
14759197,0.0,0.0,0.0,0.0,0.0,0.9574210931565966,0.003972769970454224,0.10866592,0.0,0.10866592079401016
14763573,0.0,0.0,0.0,0.0,0.0,0.0,0.005552025132989411,0.0003448073,0.0,0.00034480731119401753
14767753,0.3333333333333333,0.25,0.0,0.33333333333333337,0.33333333333333337,0.0,0.0881752249835545,0.30796042,0.25,0.3079604208469391
14770241,0.0,0.0,0.0,0.0,0.0,0.9394859795766547,0.005165244384601948,0.10671578,0.0,0.10671578347682953
14771089,0.0,0.0,0.0,0.0,0.0,0.0,0.0021994813364378985,0.00011700095,0.0,0.00011700094910338521
14772707,0.0,0.0,0.0,0.0,0.0,0.8455428430323483,0.00911297920437951,0.096344925,0.0,0.09634492546319962
14773226,0.0,0.0,0.0,0.0,0.0,0.8658894330109049,0.0015283810778727715,0.09813382,0.0,0.09813381731510162
1477511,0.0,0.0,0.0,0.0,0.0,0.9204559262177173,0.0002604995780380435,0.10422734,0.0,0.10422734171152115
14778372,0.0,0.0,0.0,0.0,0.0,0.9592404724668697,0.010841571765161196,0.1093387,0.0,0.10933870077133179
14778534,0.0,0.0,0.0,0.0,0.0,0.9574210931565966,0.0002941422556002292,0.108415954,0.0,0.10841595381498337
14778685,0.3333333333333333,0.25,0.0,0.33333333333333337,0.33333333333333337,0.9330432028908702,0.0942347312470747,0.4140398,0.25,0.4140397906303406
14783101,0.0,0.0,0.0,0.0,0.0,0.7835692923971794,0.016702320172000962,0.08984209,0.0,0.08984208852052689
14785887,0.0,0.0,0.0,0.0,0.0,0.9574210931565966,0.09362772848433026,0.114758,0.0,0.11475799977779388
14786640,0.0,0.0,0.0,0.0,0.0,0.677101910536761,0.001129166376581412,0.07672641,0.0,0.07672640681266785
14788470,0.0,0.0,0.0,0.0,0.0,0.677101910536761,0.007108561032008719,0.07713271,0.0,0.0771327093243599
14788631,0.0,0.0,0.0,0.0,0.0,0.7835692923971794,0.004683183313341033,0.089025386,0.0,0.08902538567781448
14790224,0.3333333333333333,0.25,0.0,0.33333333333333337,0.33333333333333337,0.9330432028908702,0.08814857605574392,0.41362622,0.25,0.41362622380256653
14792975,0.0,0.0,0.0,0.0,0.0,0.9592404724668697,0.022570352211639087,0.110135674,0.0,0.11013567447662354
14793446,0.0,0.0,0.0,0.0,0.0,0.8658894330109049,0.008764705662882587,0.098625526,0.0,0.09862552583217621
14794913,0.3333333333333333,0.5,0.0,0.0,0.0,0.0,0.0842871782950115,0.30769622,0.5,0.30769622325897217
14795369,0.0,0.0,0.0,0.0,0.0,0.9204559262177173,0.008063308952592855,0.10475755,0.0,0.10475754737854004
14796006,0.3333333333333333,0.25,0.0,0.33333333333333337,0.33333333333333337,0.7835692923971794,0.09665437791217382,0.3972762,0.25,0.3972761929035187
14799428,0.0,0.0,0.0,0.0,0.0,0.9204559262177173,0.000552448966284666,0.10424718,0.0,0.10424718260765076
14799737,0.0,0.0,0.0,0.0,0.0,0.8455428430323483,0.00021425808420719812,0.09574026,0.0,0.09574025869369507
14802405,0.3333333333333333,0.4266912384650716,0.0,0.0,0.0,0.7398616303702709,0.08391495245761074,0.35825163,0.4266912384650716,0.3582516312599182
14803185,0.0,0.0,0.0,0.0,0.0,0.8455428430323483,0.0007334035407605216,0.09577554,0.0,0.0957755371928215
14808468,0.0,0.0,0.0,0.0,0.0,0.7835692923971794,0.017423518122374047,0.0898911,0.0,0.08989109843969345
14812022,0.0,0.0,0.0,0.0,0.0,0.5803133815727446,0.014639898891095144,0.06668311,0.0,0.06668311357498169
14813714,0.0,0.0,0.0,0.0,0.0,0.8658894330109049,0.004309324200706852,0.09832278,0.0,0.0983227789402008
14818703,0.3333333333333333,0.4266912384650716,0.0,0.0,0.0,0.7398616303702709,0.11481998305173453,0.36035162,0.4266912384650716,0.3603516221046448
14824238,0.0,0.0,0.0,0.0,0.0,0.8658894330109049,0.0007767026182217341,0.098082736,0.0,0.09808273613452911
14824349,0.0,0.0,0.0,0.0,0.0,0.8698941966083295,0.01261124867911646,0.09934044,0.0,0.09934043884277344
14824584,0.0,0.0,0.0,0.0,0.0,0.9574210931565966,0.056735525751091684,0.11225116,0.0,0.1122511625289917
14825622,0.0,0.0,0.0,0.0,0.0,0.813093860476119,0.012059885759023928,0.09287031,0.0,0.0928703099489212
14825748,0.0,0.0,0.0,0.0,0.0,0.9204559262177173,0.004730046053527947,0.10453105,0.0,0.10453104972839355
14828860,0.0,0.0,0.0,0.0,0.0,0.9394859795766547,0.06838452801032532,0.11101156,0.0,0.1110115572810173
14828938,0.0,0.0,0.0,0.0,0.0,0.9204559262177173,0.06697710920160685,0.10876076,0.0,0.1087607592344284
14829029,0.0,0.0,0.0,0.0,0.0,0.7473484305271403,0.0014803445327360297,0.084705725,0.0,0.08470572531223297
14830184,0.0,0.0,0.0,0.0,0.0,0.8455428430323483,0.05241555714095809,0.09928735,0.0,0.09928735345602036
14832751,0.0,0.0,0.0,0.0,0.0,0.9394859795766547,0.009139137148281951,0.106985815,0.0,0.10698581486940384
14834422,0.0,0.0,0.0,0.0,0.0,0.8658894330109049,0.0005561011474603165,0.098067746,0.0,0.0980677455663681
14834530,0.0,0.0,0.0,0.0,0.0,0.8658894330109049,0.0007125174207689821,0.09807838,0.0,0.09807837754487991
14837785,0.0,0.0,0.0,0.0,0.0,0.8698941966083295,0.04248853624120493,0.10137061,0.0,0.10137061029672623
14837803,0.0,0.0,0.0,0.0,0.0,0.45211423566191483,0.004533906799047192,0.05147779,0.0,0.051477789878845215
14842910,0.0,0.0,0.0,0.0,0.0,0.7835692923971794,0.004691145285026781,0.08902593,0.0,0.08902592957019806
14849301,0.0,0.0,0.0,0.0,0.0,0.8455428430323483,0.009172529395262884,0.09634898,0.0,0.09634897857904434
14849643,0.0,0.0,0.0,0.0,0.0,0.813093860476119,0.0006300869894969484,0.09209365,0.0,0.09209364652633667
14850673,0.0,0.0,0.0,0.0,0.0,0.9592404724668697,0.0007450606824468566,0.10865264,0.0,0.10865263640880585
14852204,0.0,0.0,0.0,0.0,0.0,0.9204559262177173,0.0014543085696019239,0.10430846,0.0,0.10430846363306046
14852216,0.0,0.0,0.0,0.0,0.0,0.8658894330109049,0.012787474760662491,0.09889887,0.0,0.09889887273311615
14852377,0.0,0.0,0.0,0.0,0.0,0.8658894330109049,0.004436349824112397,0.098331414,0.0,0.09833141416311264
14854384,0.0,0.0,0.0,0.0,0.0,0.9204559262177173,0.040225934557272996,0.10694301,0.0,0.10694301128387451
14856432,0.0,0.0,0.0,0.0,0.0,0.9330432028908702,0.0006399896282951459,0.10567865,0.0,0.10567864775657654
14857310,0.0,0.0,0.0,0.0,0.0,0.0,0.005552025132989411,0.0003448073,0.0,0.00034480731119401753
14858006,0.0,0.0,0.0,0.0,0.0,0.8658894330109049,0.012666857645410395,0.09889068,0.0,0.09889067709445953
14861336,0.0,0.0,0.0,0.0,0.0,0.9592404724668697,0.0007285390098885885,0.10865152,0.0,0.10865151882171631
14863834,0.0,0.0,0.0,0.0,0.0,0.38431661042061077,0.0043448961154926285,0.04378683,0.0,0.04378683120012283
14866770,0.0,0.0,0.0,0.0,0.0,0.0,0.010476675150231712,0.00067943876,0.0,0.0006794387591071427
14871174,0.0,0.0,0.0,0.0,0.0,0.8455428430323483,0.017561647100476672,0.096919015,0.0,0.09691901504993439
14871283,0.3333333333333333,0.25,0.0,0.33333333333333337,0.33333333333333337,0.9574210931565966,0.16143866469530477,0.4213671,0.25,0.4213671088218689
14872695,0.0,0.0,0.0,0.0,0.0,0.9204559262177173,0.00033453027726688234,0.10423238,0.0,0.10423237830400467
14875152,0.3333333333333333,0.25,0.0,0.33333333333333337,0.33333333333333337,0.9330432028908702,0.09978860545657497,0.41441718,0.25,0.41441717743873596
14879825,0.0,0.0,0.0,0.0,0.0,0.8658894330109049,0.00858881848926352,0.098613575,0.0,0.09861357510089874
14882176,0.0,0.0,0.0,0.0,0.0,0.9574210931565966,0.0,0.108395964,0.0,0.10839596390724182
14887872,0.0,0.0,0.0,0.0,0.0,0.9592404724668697,0.005390834094614268,0.108968325,0.0,0.1089683249592781
14901848,0.0,0.0,0.0,0.0,0.0,0.9574210931565966,0.015419039320842187,0.109443694,0.0,0.10944369435310364
14909369,0.0,0.0,0.0,0.0,0.0,0.9574210931565966,0.03814228641440688,0.110987745,0.0,0.11098774522542953
14912783,0.0,0.0,0.0,0.0,0.0,0.9574210931565966,0.0002727804917979949,0.1084145,0.0,0.10841450095176697
14914062,0.0,0.0,0.0,0.0,0.0,0.7398616303702709,0.004696113528580793,0.08407635,0.0,0.08407635241746902
14916450,0.0,0.0,0.0,0.0,0.0,0.0,0.005548884047469559,0.0003445939,0.0,0.0003445938928052783
14923674,0.0,0.0,0.0,0.0,0.0,0.7398616303702709,0.018086562571144434,0.08498623,0.0,0.08498623222112656
14925627,0.0,0.0,0.0,0.0,0.0,0.9574210931565966,5.126880458410307e-05,0.10839945,0.0,0.10839945077896118
14927129,0.0,0.0,0.0,0.0,0.0,0.6549788182021288,0.000880089176280307,0.07420403,0.0,0.07420402765274048
14930659,0.0,0.0,0.0,0.0,0.0,0.0,0.005552025132989411,0.0003448073,0.0,0.00034480731119401753
14931988,0.0,0.0,0.0,0.0,0.0,0.677101910536761,0.0011402827787552145,0.07672716,0.0,0.07672715932130814
14932486,0.0,0.0,0.0,0.0,0.0,0.6171202869534268,0.004454008945210948,0.07015938,0.0,0.07015938311815262
14935079,0.0,0.0,0.0,0.0,0.0,0.813093860476119,0.049607047689453045,0.09542165,0.0,0.09542164951562881
14949111,0.0,0.0,0.0,0.0,0.0,0.8658894330109049,0.0008336995794398354,0.09808661,0.0,0.09808661043643951
14950987,0.0,0.0,0.0,0.0,0.0,0.9574210931565966,0.04212692338501157,0.11125851,0.0,0.11125850677490234
14951093,0.0,0.0,0.0,0.0,0.0,0.9574210931565966,0.07185104613292072,0.11327827,0.0,0.11327826976776123
14951244,0.0,0.0,0.0,0.0,0.0,0.8698941966083295,0.0013141614964406994,0.0985728,0.0,0.09857279807329178
14951853,0.0,0.0,0.0,0.0,0.0,0.0,0.0010406592757723559,3.825864e-05,0.0,3.825864041573368e-05
14959367,0.0,0.0,0.0,0.0,0.0,0.813093860476119,0.004353974726687134,0.09234669,0.0,0.09234669059515
14964894,0.0,0.0,0.0,0.0,0.0,0.7398616303702709,0.011940241401456473,0.08456859,0.0,0.08456858992576599
14965263,0.0,0.0,0.0,0.0,0.0,0.0,0.0013386265269892074,5.8505608e-05,0.0,5.850560773978941e-05
14965482,0.3333333333333333,0.25,0.0,0.33333333333333337,0.33333333333333337,0.8455428430323483,0.08749413697021358,0.4036723,0.25,0.40367230772972107
14966504,0.0,0.0,0.0,0.0,0.0,0.9574210931565966,0.01937829606515311,0.10971273,0.0,0.10971272736787796
14976574,0.0,0.0,0.0,0.0,0.0,0.8658894330109049,0.0014520747032085509,0.09812863,0.0,0.09812863171100616
14980052,0.3333333333333333,0.25,0.0,0.33333333333333337,0.33333333333333337,0.9592404724668697,0.08896952613752301,0.41664886,0.25,0.41664886474609375
14980117,0.0,0.0,0.0,0.0,0.0,0.9330432028908702,0.004481908383330826,0.10593971,0.0,0.10593970865011215
14982693,0.0,0.0,0.0,0.0,0.0,0.0,0.005938898243610287,0.00037109546,0.0,0.0003710954624693841
14983638,0.0,0.0,0.0,0.0,0.0,0.8698941966083295,0.013588749409629106,0.09940686,0.0,0.09940686076879501
14983673,0.0,0.0,0.0,0.0,0.0,0.677101910536761,0.004149024978601607,0.0769316,0.0,0.07693160325288773
14984480,0.0,0.0,0.0,0.0,0.0,0.8658894330109049,0.004311896092044393,0.09832296,0.0,0.09832295775413513
14985991,0.0,0.0,0.0,0.0,0.0,0.8658894330109049,0.00767224858132154,0.098551296,0.0,0.09855129569768906
14986396,0.0,0.0,0.0,0.0,0.0,0.6171202869534268,0.0006776904647964641,0.06990278,0.0,0.06990277767181396
14990262,0.0,0.0,0.0,0.0,0.0,0.8658894330109049,0.0008556933477132257,0.09808811,0.0,0.0980881080031395
14992758,0.0,0.0,0.0,0.0,0.0,0.9330432028908702,0.00940468795656927,0.10627421,0.0,0.10627420991659164
14994079,0.0,0.0,0.0,0.0,0.0,1.0,0.0009862929858253822,0.11328507,0.0,0.11328507214784622
14994212,0.0,0.0,0.0,0.0,0.0,0.9574210931565966,0.004700353909370392,0.108715355,0.0,0.10871535539627075
14996598,0.0,0.0,0.0,0.0,0.0,0.9394859795766547,0.00027099064669274485,0.10638322,0.0,0.10638321936130524
15001089,0.0,0.0,0.0,0.0,0.0,0.8658894330109049,0.0005561011474603165,0.098067746,0.0,0.0980677455663681
15005664,0.0,0.0,0.0,0.0,0.0,0.6171202869534268,0.008874549628081064,0.07045976,0.0,0.0704597607254982
15006507,0.6666666666666666,0.5,0.0,0.6666666666666667,0.6666666666666667,0.8658894330109049,0.17645171471633797,0.7140226,0.5,0.7140225768089294
15007774,0.3333333333333333,0.25,0.0,0.33333333333333337,0.33333333333333337,0.38431661042061077,0.08757062495437969,0.35144338,0.25,0.3514433801174164
15008154,0.0,0.0,0.0,0.0,0.0,0.9592404724668697,0.0007886928202249395,0.1086556,0.0,0.10865560173988342
15011971,0.0,0.0,0.0,0.0,0.0,0.43959775100198173,0.004322326141985539,0.050045915,0.0,0.0500459149479866
15013313,0.0,0.0,0.0,0.0,0.0,0.9204559262177173,0.00395763985931698,0.10447857,0.0,0.10447856783866882
15013394,0.0,0.0,0.0,0.0,0.0,0.9204559262177173,0.000728005821141507,0.10425911,0.0,0.10425911098718643
15017875,0.0,0.0,0.0,0.0,0.0,0.9574210931565966,7.748887415191134e-05,0.10840123,0.0,0.10840123146772385
15020350,0.0,0.0,0.0,0.0,0.0,0.9574210931565966,0.011989840187168447,0.10921068,0.0,0.10921067744493484
15038481,0.0,0.0,0.0,0.0,0.0,0.813093860476119,0.004263503891868798,0.092340544,0.0,0.09234054386615753
15053286,0.0,0.0,0.0,0.0,0.0,0.9330432028908702,0.014970470778372392,0.10665241,0.0,0.1066524088382721
15053955,0.0,0.0,0.0,0.0,0.0,0.8658894330109049,0.004847535248828128,0.098359354,0.0,0.0983593538403511
15055852,0.0,0.0,0.0,0.0,0.0,0.9330432028908702,0.04971403359420687,0.109013245,0.0,0.10901324450969696
15063431,0.3333333333333333,0.25,0.0,0.33333333333333337,0.33333333333333337,0.813093860476119,0.09570692776225571,0.4005555,0.25,0.40055549144744873
15064403,0.3333333333333333,0.25,0.0,0.33333333333333337,0.33333333333333337,0.9592404724668697,0.10401329679169877,0.41767108,0.25,0.4176710844039917
15068090,0.0,0.0,0.0,0.0,0.0,0.9204559262177173,0.0014608990688487512,0.10430891,0.0,0.10430891066789627
15068456,0.0,0.0,0.0,0.0,0.0,0.8658894330109049,0.0005698712394469815,0.098068684,0.0,0.09806868433952332
15070780,0.0,0.0,0.0,0.0,0.0,0.38431661042061077,0.0140918018648918,0.04444914,0.0,0.04444913938641548
15070923,0.0,0.0,0.0,0.0,0.0,0.7835692923971794,0.0052538374636820736,0.089064166,0.0,0.08906416594982147
15073198,0.0,0.0,0.0,0.0,0.0,0.0,0.0018780356751927209,9.515862e-05,0.0,9.515861893305555e-05
15074041,0.0,0.0,0.0,0.0,0.0,0.9592404724668697,0.0015610315461608312,0.10870808,0.0,0.10870808362960815
15076390,0.0,0.0,0.0,0.0,0.0,0.9204559262177173,0.2581628720487657,0.12175189,0.0,0.12175188958644867
15078437,0.0,0.0,0.0,0.0,0.0,0.6549788182021288,0.05657549997772257,0.07798855,0.0,0.07798855006694794
15079276,0.0,0.0,0.0,0.0,0.0,0.9592404724668697,0.005443858471703597,0.10897192,0.0,0.10897192358970642
15082542,0.0,0.0,0.0,0.0,0.0,1.0,0.013702394548001373,0.11414913,0.0,0.11414913088083267
15085767,0.0,0.0,0.0,0.0,0.0,0.9574210931565966,0.003968413330551636,0.10866562,0.0,0.10866562277078629
15087024,0.0,0.0,0.0,0.0,0.0,0.6171202869534268,0.0009563653269016296,0.06992172,0.0,0.06992171704769135
15088655,0.0,0.0,0.0,0.0,0.0,0.9574210931565966,4.5572920107957934e-05,0.10839906,0.0,0.10839906334877014
15093092,0.0,0.0,0.0,0.0,0.0,0.9574210931565966,0.03143576719684928,0.11053204,0.0,0.11053203791379929
15098044,0.0,0.0,0.0,0.0,0.0,0.7835692923971794,0.0007421185525467128,0.08875759,0.0,0.08875758945941925
15100166,0.0,0.0,0.0,0.0,0.0,0.9204559262177173,0.01171080422226504,0.1050054,0.0,0.10500539839267731
15102107,0.0,0.0,0.0,0.0,0.0,0.9204559262177173,0.009297827103499877,0.10484143,0.0,0.1048414334654808
15105099,0.0,0.0,0.0,0.0,0.0,0.5803133815727446,0.013370501709130794,0.06659686,0.0,0.0665968582034111
15105269,0.0,0.0,0.0,0.0,0.0,0.9574210931565966,0.14811723382276953,0.11846058,0.0,0.11846058070659637
15108462,1.0,0.75,0.0,1.0,1.0,0.677101910536761,0.255279029486066,1.0,0.75,1.0
15112648,0.0,0.0,0.0,0.0,0.0,0.813093860476119,0.038221564400883305,0.094648,0.0,0.09464800357818604
15113441,0.0,0.0,0.0,0.0,0.0,0.9204559262177173,0.006924320720735306,0.10468015,0.0,0.1046801507472992
15122176,0.0,0.0,0.0,0.0,0.0,0.8658894330109049,0.0069368924593163715,0.098501325,0.0,0.09850132465362549
15127424,0.0,0.0,0.0,0.0,0.0,0.8658894330109049,0.001220174654377177,0.098112874,0.0,0.09811287373304367
15130854,0.0,0.0,0.0,0.0,0.0,0.813093860476119,0.02148782428896703,0.09351094,0.0,0.0935109406709671
15133785,0.0,0.0,0.0,0.0,0.0,0.0,0.008158636947948793,0.0005219274,0.0,0.000521927373483777
15135342,0.0,0.0,0.0,0.0,0.0,0.9204559262177173,0.000552448966284666,0.10424718,0.0,0.10424718260765076
15140286,0.0,0.0,0.0,0.0,0.0,0.7473484305271403,0.00025774890482147434,0.084622644,0.0,0.08462264388799667
15145142,0.0,0.0,0.0,0.0,0.0,0.9204559262177173,0.009250359859747294,0.10483821,0.0,0.10483820736408234
15156740,0.0,0.0,0.0,0.0,0.0,0.9574210931565966,0.07855506362991466,0.113733806,0.0,0.11373380571603775
15157283,0.3333333333333333,0.5,0.0,0.0,0.0,0.0,0.08888535846632274,0.30800867,0.5,0.30800867080688477
15162962,0.0,0.0,0.0,0.0,0.0,0.8698941966083295,0.008496026566374307,0.09906081,0.0,0.09906081110239029
15165724,0.0,0.0,0.0,0.0,0.0,0.9204559262177173,0.004561010848326,0.10451957,0.0,0.1045195683836937
15170581,0.3333333333333333,0.25,0.0,0.33333333333333337,0.33333333333333337,0.9330432028908702,0.08842155206618633,0.41364476,0.25,0.4136447608470917
15172774,0.0,0.0,0.0,0.0,0.0,0.6171202869534268,0.012903258760895844,0.07073351,0.0,0.07073350995779037
15174079,0.0,0.0,0.0,0.0,0.0,0.8658894330109049,0.029685635186372662,0.10004711,0.0,0.10004711151123047
15177325,0.0,0.0,0.0,0.0,0.0,0.9394859795766547,0.008892623155938919,0.106969066,0.0,0.10696906596422195
15184942,0.3333333333333333,0.25,0.0,0.33333333333333337,0.33333333333333337,0.9574210931565966,0.17865082754394598,0.4225367,0.25,0.422536700963974
15186408,0.0,0.0,0.0,0.0,0.0,0.9204559262177173,0.0013025287299775529,0.10429815,0.0,0.10429815202951431
15186722,0.0,0.0,0.0,0.0,0.0,0.9204559262177173,0.05182249542877893,0.107731,0.0,0.10773099958896637
15186787,0.6666666666666666,0.5,0.0,0.6666666666666667,0.6666666666666667,0.9592404724668697,0.18946588147072654,0.72547895,0.5,0.7254789471626282
15189995,0.0,0.0,0.0,0.0,0.0,0.9330432028908702,0.02021799749633785,0.10700898,0.0,0.10700897872447968
15194724,0.0,0.0,0.0,0.0,0.0,0.0,0.001804762974880973,9.017972e-05,0.0,9.01797175174579e-05
15197493,0.0,0.0,0.0,0.0,0.0,0.8455428430323483,0.003987414543406122,0.09599665,0.0,0.09599664807319641
15200582,0.0,0.0,0.0,0.0,0.0,0.5803133815727446,0.016411767733628395,0.066803515,0.0,0.06680351495742798
15202082,0.0,0.0,0.0,0.0,0.0,0.9204559262177173,0.00045924812205481736,0.10424085,0.0,0.10424084961414337
15207554,0.0,0.0,0.0,0.0,0.0,0.9330432028908702,0.005457368632166375,0.10600599,0.0,0.10600598901510239
15212777,0.3333333333333333,0.25,0.0,0.33333333333333337,0.33333333333333337,0.7835692923971794,0.0932246497537827,0.39704314,0.25,0.3970431387424469
15220372,0.0,0.0,0.0,0.0,0.0,0.813093860476119,0.0006300869894969484,0.09209365,0.0,0.09209364652633667
15221267,0.0,0.0,0.0,0.0,0.0,0.9574210931565966,0.012399218646222418,0.1092385,0.0,0.10923849791288376
15225972,0.0,0.0,0.0,0.0,0.0,0.0,0.002712686829248518,0.00015187342,0.0,0.00015187342069111764
15231051,0.0,0.0,0.0,0.0,0.0,0.45211423566191483,0.001587983543666239,0.051277615,0.0,0.05127761512994766
15236550,0.0,0.0,0.0,0.0,0.0,0.9204559262177173,0.008923256649512736,0.10481598,0.0,0.10481598228216171
15244246,0.0,0.0,0.0,0.0,0.0,0.9592404724668697,0.008018478111627652,0.10914687,0.0,0.10914687067270279
15244650,0.0,0.0,0.0,0.0,0.0,0.9574210931565966,0.055157547500211665,0.11214394,0.0,0.11214394122362137
15245522,0.0,0.0,0.0,0.0,0.0,0.5803133815727446,0.0008509214276971223,0.06574615,0.0,0.06574615091085434
15251252,0.0,0.0,0.0,0.0,0.0,0.9574210931565966,0.03148628231348565,0.11053547,0.0,0.11053547263145447
15254525,0.0,0.0,0.0,0.0,0.0,0.813093860476119,0.013443941618070962,0.09296436,0.0,0.09296435862779617
15256094,0.0,0.0,0.0,0.0,0.0,0.8698941966083295,0.009266936937013092,0.099113196,0.0,0.09911319613456726
15256188,0.0,0.0,0.0,0.0,0.0,0.9574210931565966,0.12739092171581964,0.11705222,0.0,0.11705221980810165
15258293,0.0,0.0,0.0,0.0,0.0,0.0,0.005552025132989411,0.0003448073,0.0,0.00034480731119401753
15261848,0.0,0.0,0.0,0.0,0.0,0.9330432028908702,0.015191963836525373,0.10666746,0.0,0.10666745901107788
15264436,0.0,0.0,0.0,0.0,0.0,0.9330432028908702,0.0007731151295722381,0.10568769,0.0,0.1056876927614212
15264854,0.0,0.0,0.0,0.0,0.0,0.9204559262177173,0.000171804543222127,0.104221314,0.0,0.10422131419181824
15264996,0.0,0.0,0.0,0.0,0.0,0.8658894330109049,0.004664099659715343,0.09834689,0.0,0.09834688901901245
15266031,0.0,0.0,0.0,0.0,0.0,0.9204559262177173,0.00033453027726688234,0.10423238,0.0,0.10423237830400467
15269276,0.3333333333333333,0.25,0.0,0.33333333333333337,0.33333333333333337,0.7473484305271403,0.11161750879112278,0.3941909,0.25,0.3941909074783325
15272006,0.0,0.0,0.0,0.0,0.0,0.0,0.005552025132989411,0.0003448073,0.0,0.00034480731119401753
15272960,0.0,0.0,0.0,0.0,0.0,0.8658894330109049,0.008386824175346943,0.09859985,0.0,0.09859985113143921
15279175,0.6666666666666666,0.5,0.0,0.6666666666666667,0.6666666666666667,0.7473484305271403,0.16703793640948794,0.6999581,0.5,0.699958086013794
15285795,0.3333333333333333,0.25,0.0,0.33333333333333337,0.33333333333333337,0.9204559262177173,0.09599484242219423,0.41273385,0.25,0.41273385286331177
15286167,0.0,0.0,0.0,0.0,0.0,0.9330432028908702,0.0015360385372687397,0.105739534,0.0,0.1057395339012146
15286867,0.0,0.0,0.0,0.0,0.0,0.38431661042061077,0.00817477268294188,0.044047073,0.0,0.044047072529792786
15286893,0.0,0.0,0.0,0.0,0.0,0.6549788182021288,0.012278817248063985,0.074978575,0.0,0.07497857511043549
15291641,0.0,0.0,0.0,0.0,0.0,0.813093860476119,0.021084628860321808,0.093483545,0.0,0.09348354488611221
15294868,0.0,0.0,0.0,0.0,0.0,0.9204559262177173,0.013367987249469216,0.105118,0.0,0.10511799901723862
15296201,0.0,0.0,0.0,0.0,0.0,0.9330432028908702,0.0015253214967006843,0.105738804,0.0,0.1057388037443161
15297709,0.0,0.0,0.0,0.0,0.0,0.8455428430323483,0.00024387002623322589,0.09574227,0.0,0.09574227035045624
15298719,0.0,0.0,0.0,0.0,0.0,0.9204559262177173,0.00033453027726688234,0.10423238,0.0,0.10423237830400467
15299357,0.3333333333333333,0.25,0.0,0.33333333333333337,0.33333333333333337,0.9204559262177173,0.08463586206331088,0.41196203,0.25,0.41196203231811523
15300081,0.0,0.0,0.0,0.0,0.0,0.6171202869534268,0.005383149310199385,0.07022252,0.0,0.07022251933813095
15303316,0.0,0.0,0.0,0.0,0.0,0.9394859795766547,0.008259170955360402,0.10692602,0.0,0.10692601650953293
15305959,0.3333333333333333,0.25,0.0,0.33333333333333337,0.33333333333333337,0.7835692923971794,0.11318223714841323,0.39839926,0.25,0.3983992636203766
15307206,0.0,0.0,0.0,0.0,0.0,0.9574210931565966,0.023847930392872873,0.11001644,0.0,0.11001644283533096
15309336,0.3333333333333333,0.5,0.0,0.0,0.0,0.9204559262177173,0.08357908853793419,0.4118902,0.5,0.4118902087211609
15312421,0.0,0.0,0.0,0.0,0.0,0.9204559262177173,0.027088993495631816,0.10605035,0.0,0.10605034977197647
15312645,0.0,0.0,0.0,0.0,0.0,0.6171202869534268,0.004387706882185442,0.070154876,0.0,0.07015487551689148
15315375,0.3333333333333333,0.25,0.0,0.33333333333333337,0.33333333333333337,0.45211423566191483,0.08492131687699957,0.3589415,0.25,0.3589414954185486
15319555,0.0,0.0,0.0,0.0,0.0,0.8455428430323483,0.05432872481259934,0.09941735,0.0,0.09941735118627548
15322509,0.0,0.0,0.0,0.0,0.0,0.9204559262177173,0.0041993934972527226,0.104495,0.0,0.10449499636888504
15324534,0.0,0.0,0.0,0.0,0.0,0.9204559262177173,0.00020320849774656458,0.10422345,0.0,0.10422345250844955
15326799,0.3333333333333333,0.25,0.0,0.33333333333333337,0.33333333333333337,0.9574210931565966,0.1027359424923291,0.41737825,0.25,0.4173782467842102
15328843,0.3333333333333333,0.5,0.0,0.0,0.0,0.9394859795766547,0.10858594457842313,0.4157446,0.5,0.4157446026802063
15328911,0.3333333333333333,0.25,0.0,0.33333333333333337,0.33333333333333337,0.9330432028908702,0.08981993177413572,0.4137398,0.25,0.41373980045318604
15333555,0.0,0.0,0.0,0.0,0.0,0.9204559262177173,0.008448398118582478,0.104783714,0.0,0.10478371381759644
15336858,0.3333333333333333,0.5,0.0,0.0,0.0,0.8698941966083295,0.08416235973536602,0.40620372,0.5,0.4062037169933319
15338788,0.0,0.0,0.0,0.0,0.0,0.813093860476119,0.017467303051368926,0.09323774,0.0,0.0932377427816391
15338937,0.0,0.0,0.0,0.0,0.0,0.8455428430323483,0.0001337322624345632,0.09573478,0.0,0.09573478251695633
15339370,0.0,0.0,0.0,0.0,0.0,1.0,0.0007316764393551422,0.113267764,0.0,0.11326776444911957
15354381,0.0,0.0,0.0,0.0,0.0,0.43959775100198173,0.013395002473119392,0.050662406,0.0,0.05066240578889847
15357283,0.0,0.0,0.0,0.0,0.0,0.7835692923971794,0.010370037679488254,0.08941181,0.0,0.08941181004047394
15357578,0.0,0.0,0.0,0.0,0.0,0.6171202869534268,0.004506788927664136,0.07016297,0.0,0.07016296684741974
15359181,0.0,0.0,0.0,0.0,0.0,0.9574210931565966,0.0001704113192679426,0.10840755,0.0,0.10840754956007004
15365571,0.3333333333333333,0.5,0.0,0.0,0.0,0.38431661042061077,0.11857915168769088,0.35355043,0.5,0.35355043411254883
15370031,0.0,0.0,0.0,0.0,0.0,0.7398616303702709,0.0005982008638183706,0.083797894,0.0,0.0837978944182396
15374556,0.0,0.0,0.0,0.0,0.0,0.7835692923971794,0.0021846847767136635,0.08885562,0.0,0.08885561674833298
15374640,0.0,0.0,0.0,0.0,0.0,0.0,0.004718057603939074,0.00028813898,0.0,0.0002881389809772372
15375297,0.0,0.0,0.0,0.0,0.0,0.9330432028908702,0.01042686250339497,0.106343664,0.0,0.10634366422891617
15385010,0.0,0.0,0.0,0.0,0.0,0.7835692923971794,0.013002434017829589,0.08959068,0.0,0.08959068357944489
15385968,0.0,0.0,0.0,0.0,0.0,0.0,0.01324256732775208,0.000867382,0.0,0.0008673819829709828
15390684,0.0,0.0,0.0,0.0,0.0,0.8455428430323483,0.021177277740041366,0.0971647,0.0,0.09716469794511795
15394051,0.0,0.0,0.0,0.0,0.0,0.9204559262177173,0.040222073945241146,0.10694274,0.0,0.10694274306297302
15400651,0.3333333333333333,0.25,0.0,0.33333333333333337,0.33333333333333337,0.8698941966083295,0.08427956866889838,0.40621167,0.25,0.4062116742134094
15404189,0.0,0.0,0.0,0.0,0.0,0.8658894330109049,0.0017109231468895468,0.098146215,0.0,0.0981462150812149
15409431,0.0,0.0,0.0,0.0,0.0,0.8658894330109049,0.004331609421631398,0.09832429,0.0,0.09832429140806198
15412118,0.0,0.0,0.0,0.0,0.0,1.0,0.02788867873620004,0.115113094,0.0,0.11511309444904327
15420486,0.0,0.0,0.0,0.0,0.0,0.9574210931565966,0.023418106831346028,0.10998724,0.0,0.10998723655939102
15422070,0.0,0.0,0.0,0.0,0.0,0.9204559262177173,0.006481175821654328,0.10465004,0.0,0.10465004295110703
15427732,0.0,0.0,0.0,0.0,0.0,0.45211423566191483,0.0089466745363658,0.05177764,0.0,0.051777638494968414
15437590,0.0,0.0,0.0,0.0,0.0,0.6171202869534268,0.0007926392655715313,0.069910586,0.0,0.06991058588027954
15438387,0.3333333333333333,0.25,0.0,0.33333333333333337,0.33333333333333337,0.9330432028908702,0.10085951240668947,0.41448992,0.25,0.4144899249076843
15439239,0.0,0.0,0.0,0.0,0.0,0.45211423566191483,0.006670054829238088,0.051622942,0.0,0.051622942090034485
15447927,0.0,0.0,0.0,0.0,0.0,0.9394859795766547,0.0011633497246477907,0.10644386,0.0,0.1064438596367836
15448175,0.0,0.0,0.0,0.0,0.0,0.9330432028908702,0.00567491466730992,0.10602077,0.0,0.10602077096700668
15450146,0.0,0.0,0.0,0.0,0.0,0.8698941966083295,0.02597715327902609,0.10024866,0.0,0.10024865716695786
15453188,0.0,0.0,0.0,0.0,0.0,0.9330432028908702,0.012153914298358723,0.10646102,0.0,0.10646101832389832
15453466,0.0,0.0,0.0,0.0,0.0,0.6549788182021288,0.01280337444740035,0.07501422,0.0,0.07501421868801117
15461382,0.0,0.0,0.0,0.0,0.0,0.0,0.0017645658396746964,8.744831e-05,0.0,8.744830847717822e-05
15465681,0.6666666666666666,0.5,0.0,0.6666666666666667,0.6666666666666667,0.9574210931565966,0.16785321959562532,0.72380435,0.5,0.7238043546676636
15466457,0.0,0.0,0.0,0.0,0.0,0.43959775100198173,0.013126577282724766,0.050644167,0.0,0.0506441667675972
15467616,0.0,0.0,0.0,0.0,0.0,0.9574210931565966,0.005664871958279572,0.1087809,0.0,0.10878089815378189
15467653,0.0,0.0,0.0,0.0,0.0,0.7398616303702709,0.00047435778362508785,0.08378948,0.0,0.08378948271274567
15468731,0.0,0.0,0.0,0.0,0.0,0.9330432028908702,0.03660346425989441,0.10812238,0.0,0.10812237858772278
15468968,0.0,0.0,0.0,0.0,0.0,0.0,0.006869419418348758,0.00043432467,0.0,0.00043432466918602586
15469032,0.0,0.0,0.0,0.0,0.0,0.0,0.011789844838610179,0.00076866907,0.0,0.0007686690660193563
15473329,0.0,0.0,0.0,0.0,0.0,0.8698941966083295,0.0003236958646180416,0.0985055,0.0,0.09850549697875977
15473834,0.0,0.0,0.0,0.0,0.0,0.45211423566191483,0.001510033002442049,0.051272318,0.0,0.05127231776714325
15480002,0.0,0.0,0.0,0.0,0.0,0.0,0.005552025132989411,0.0003448073,0.0,0.00034480731119401753
15481749,0.0,0.0,0.0,0.0,0.0,0.8698941966083295,0.0003026145434951847,0.09850407,0.0,0.09850406646728516
15483913,0.0,0.0,0.0,0.0,0.0,0.9592404724668697,0.08120907684267814,0.11412019,0.0,0.11412019282579422
15487691,0.0,0.0,0.0,0.0,0.0,0.9574210931565966,0.0458808115326316,0.111513585,0.0,0.11151358485221863
15489180,0.0,0.0,0.0,0.0,0.0,0.9574210931565966,5.521343887815483e-05,0.10839972,0.0,0.10839971899986267
15490016,0.0,0.0,0.0,0.0,0.0,0.9574210931565966,0.03050899164980989,0.110469066,0.0,0.11046906560659409
15494593,0.0,0.0,0.0,0.0,0.0,0.9394859795766547,0.008115621698862237,0.10691626,0.0,0.10691626369953156
15495146,0.3333333333333333,0.5,0.0,0.0,0.0,0.8658894330109049,0.08388943448079364,0.40573162,0.5,0.4057316184043884
15495322,0.0,0.0,0.0,0.0,0.0,0.9330432028908702,0.004431857051998584,0.105936304,0.0,0.10593630373477936
15495464,0.0,0.0,0.0,0.0,0.0,0.9394859795766547,0.015745954349888548,0.10743475,0.0,0.10743474960327148
15496979,0.0,0.0,0.0,0.0,0.0,0.9394859795766547,0.0006737245270240186,0.106410585,0.0,0.10641058534383774
15497454,0.0,0.0,0.0,0.0,0.0,0.9394859795766547,0.012447204821059077,0.1072106,0.0,0.10721059888601303
15498363,0.0,0.0,0.0,0.0,0.0,1.0,0.008991959464408058,0.113829054,0.0,0.11382905393838882
15498654,0.0,0.0,0.0,0.0,0.0,0.0,0.00553415415738072,0.00034359298,0.0,0.00034359298297204077
15499069,0.0,0.0,0.0,0.0,0.0,0.9574210931565966,0.012422487711831093,0.10924008,0.0,0.1092400774359703
15501729,0.3333333333333333,0.4266912384650716,0.0,0.0,0.0,0.9574210931565966,0.11099614863645117,0.38473052,0.4266912384650716,0.3847305178642273
15513388,0.0,0.0,0.0,0.0,0.0,0.7398616303702709,0.00881798312192786,0.084356435,0.0,0.08435643464326859
15516881,0.0,0.0,0.0,0.0,0.0,0.6171202869534268,0.004316344276407293,0.070150025,0.0,0.07015002518892288
15520859,0.0,0.0,0.0,0.0,0.0,0.9574210931565966,0.00039352801735370363,0.108422704,0.0,0.10842270404100418
15521862,0.0,0.0,0.0,0.0,0.0,0.8455428430323483,0.00544743997888361,0.09609585,0.0,0.09609585255384445
15527430,0.0,0.0,0.0,0.0,0.0,0.9330432028908702,0.014192361710303768,0.10659953,0.0,0.10659953206777573
15527979,0.0,0.0,0.0,0.0,0.0,0.9574210931565966,0.00829860236988522,0.10895986,0.0,0.10895986109972
15531489,0.0,0.0,0.0,0.0,0.0,0.9574210931565966,0.0003671709470108861,0.108420916,0.0,0.10842091590166092
15546710,0.0,0.0,0.0,0.0,0.0,0.9574210931565966,0.10391560625844898,0.115457065,0.0,0.11545706540346146
15549156,0.3333333333333333,0.25,0.0,0.33333333333333337,0.33333333333333337,0.38431661042061077,0.10589694987685189,0.35268867,0.25,0.35268867015838623
15557309,0.0,0.0,0.0,0.0,0.0,0.0,0.005552025132989411,0.0003448073,0.0,0.00034480731119401753
15559118,0.0,0.0,0.0,0.0,0.0,0.9574210931565966,0.012311668006303067,0.10923255,0.0,0.10923255234956741
15567045,0.0,0.0,0.0,0.0,0.0,0.9204559262177173,0.009216648486577482,0.10483592,0.0,0.10483592003583908
15570842,0.0,0.0,0.0,0.0,0.0,0.7398616303702709,0.005962701892255732,0.084162414,0.0,0.08416241407394409
15572221,0.3333333333333333,0.5,0.0,0.0,0.0,0.9204559262177173,0.09572520042555614,0.41271555,0.5,0.4127155542373657
15574629,0.0,0.0,0.0,0.0,0.0,0.8698941966083295,0.0048960480122177364,0.09881619,0.0,0.09881619364023209
15577501,0.0,0.0,0.0,0.0,0.0,0.8658894330109049,0.0005561011474603165,0.098067746,0.0,0.0980677455663681
15582892,0.0,0.0,0.0,0.0,0.0,0.9574210931565966,0.02687697755227471,0.110222265,0.0,0.11022226512432098
15585410,0.0,0.0,0.0,0.0,0.0,0.7473484305271403,0.02527458311867528,0.086322546,0.0,0.08632254600524902
15585556,0.0,0.0,0.0,0.0,0.0,0.8455428430323483,0.008012282742893121,0.09627014,0.0,0.0962701365351677
15592470,0.0,0.0,0.0,0.0,0.0,0.9592404724668697,0.0019119679381554664,0.10873193,0.0,0.10873193293809891
15592537,0.0,0.0,0.0,0.0,0.0,0.7473484305271403,0.020945512527267274,0.08602839,0.0,0.08602838963270187
15594403,0.0,0.0,0.0,0.0,0.0,0.9574210931565966,0.0003669494247204181,0.1084209,0.0,0.10842090100049973
15594511,0.0,0.0,0.0,0.0,0.0,0.9574210931565966,0.003972658568823199,0.10866591,0.0,0.10866591334342957
15595551,0.0,0.0,0.0,0.0,0.0,0.38431661042061077,0.0010064455635580955,0.043559983,0.0,0.04355998337268829
15595652,0.0,0.0,0.0,0.0,0.0,0.6171202869534268,0.008696648362085212,0.07044767,0.0,0.07044766843318939
15605407,0.0,0.0,0.0,0.0,0.0,1.0,0.0006379105356883438,0.113261394,0.0,0.1132613942027092
15608670,0.0,0.0,0.0,0.0,0.0,0.9204559262177173,0.008157955232118824,0.10476398,0.0,0.10476397722959518
15610416,0.0,0.0,0.0,0.0,0.0,0.9330432028908702,0.0017140510527076007,0.105751626,0.0,0.10575162619352341
15610769,0.3333333333333333,0.5,0.0,0.0,0.0,0.8658894330109049,0.08388943448079364,0.40573162,0.5,0.4057316184043884
15613327,0.0,0.0,0.0,0.0,0.0,0.8698941966083295,0.012176711523354394,0.09931091,0.0,0.09931091219186783
15619695,0.0,0.0,0.0,0.0,0.0,0.9592404724668697,0.0015768570614621076,0.108709164,0.0,0.10870916396379471
15621083,0.0,0.0,0.0,0.0,0.0,0.0,0.005552025132989411,0.0003448073,0.0,0.00034480731119401753
15622705,0.0,0.0,0.0,0.0,0.0,0.9574210931565966,0.007692623093086596,0.10891868,0.0,0.1089186817407608
15636498,0.0,0.0,0.0,0.0,0.0,0.8455428430323483,0.004413749839864967,0.096025616,0.0,0.09602561593055725
1564111,0.0,0.0,0.0,0.0,0.0,0.9592404724668697,0.0012507290629255575,0.108687,0.0,0.10868699848651886
1565151,0.0,0.0,0.0,0.0,0.0,0.6549788182021288,0.03257058856709385,0.07635741,0.0,0.0763574093580246
15655753,0.0,0.0,0.0,0.0,0.0,0.7473484305271403,0.009289213087147214,0.08523633,0.0,0.0852363333106041
15658445,0.0,0.0,0.0,0.0,0.0,0.9330432028908702,0.004788670133772622,0.10596055,0.0,0.10596054792404175
15664977,0.0,0.0,0.0,0.0,0.0,0.6171202869534268,0.056622288399569044,0.07370423,0.0,0.07370422780513763
15669653,0.0,0.0,0.0,0.0,0.0,0.38431661042061077,0.004872500327189285,0.043822683,0.0,0.04382268339395523
15723890,0.0,0.0,0.0,0.0,0.0,0.8455428430323483,0.0357946821997608,0.09815796,0.0,0.09815795719623566
15728729,0.0,0.0,0.0,0.0,0.0,0.9204559262177173,0.022591475201871707,0.10574474,0.0,0.10574474185705185
15730606,0.3333333333333333,0.4266912384650716,0.0,0.0,0.0,0.9394859795766547,0.08360432398002607,0.38083807,0.4266912384650716,0.3808380663394928
15739621,0.0,0.0,0.0,0.0,0.0,0.813093860476119,0.004953320492644965,0.092387415,0.0,0.09238741546869278
15739897,0.0,0.0,0.0,0.0,0.0,0.6171202869534268,0.038873830617996,0.07249822,0.0,0.07249821722507477
15741724,0.3333333333333333,0.4266912384650716,0.0,0.0,0.0,0.9394859795766547,0.09631476048605336,0.38170174,0.4266912384650716,0.3817017376422882
15744478,0.0,0.0,0.0,0.0,0.0,0.9204559262177173,0.005690091363395756,0.10459629,0.0,0.10459628701210022
15745126,0.0,0.0,0.0,0.0,0.0,0.9592404724668697,0.03513685086919627,0.11098957,0.0,0.11098957061767578
15745159,0.0,0.0,0.0,0.0,0.0,0.8455428430323483,0.021205572072955394,0.09716663,0.0,0.09716662764549255
15746569,0.0,0.0,0.0,0.0,0.0,0.9574210931565966,0.00017882289296585472,0.108408116,0.0,0.1084081158041954
15750726,0.0,0.0,0.0,0.0,0.0,1.0,0.0006090061990585358,0.113259435,0.0,0.11325943470001221
15751768,0.6666666666666666,1.0,0.0,0.0,0.0,0.0,0.17221869179965607,0.6156725,1.0,0.6156725287437439
15755677,0.0,0.0,0.0,0.0,0.0,0.8698941966083295,0.004420898735410063,0.0987839,0.0,0.09878390282392502
15755923,0.0,0.0,0.0,0.0,0.0,0.5803133815727446,0.008257442765123316,0.06624942,0.0,0.06624942272901535
15755973,0.0,0.0,0.0,0.0,0.0,0.9574210931565966,0.00016710242403085044,0.10840732,0.0,0.10840731859207153
15757811,0.0,0.0,0.0,0.0,0.0,0.9394859795766547,0.11037454397176488,0.11386479,0.0,0.11386478692293167
15758330,0.0,0.0,0.0,0.0,0.0,0.5803133815727446,0.010965623974580178,0.066433445,0.0,0.06643344461917877
15760559,0.0,0.0,0.0,0.0,0.0,1.0,0.004941046739554062,0.11355379,0.0,0.11355379223823547
15765833,0.3333333333333333,0.25,0.0,0.33333333333333337,0.33333333333333337,0.677101910536761,0.0837686511733822,0.38434312,0.25,0.38434311747550964
15769442,0.3333333333333333,0.25,0.0,0.33333333333333337,0.33333333333333337,0.8455428430323483,0.0834670655957679,0.40339866,0.25,0.40339866280555725
15770608,0.0,0.0,0.0,0.0,0.0,0.0,0.009321160705550908,0.0006009212,0.0,0.0006009212229400873
15773440,0.0,0.0,0.0,0.0,0.0,0.9574210931565966,0.007828039370057103,0.10892788,0.0,0.108927883207798
15777354,0.0,0.0,0.0,0.0,0.0,0.9204559262177173,0.00016783258378480197,0.104221046,0.0,0.10422104597091675
15777389,0.0,0.0,0.0,0.0,0.0,1.0,0.0007979886407179352,0.11327227,0.0,0.1132722720503807
15779986,0.3333333333333333,0.25,0.0,0.33333333333333337,0.33333333333333337,0.9592404724668697,0.08936453781251576,0.41667572,0.25,0.41667571663856506
15782326,0.0,0.0,0.0,0.0,0.0,0.9330432028908702,0.006136265753176255,0.10605212,0.0,0.10605212301015854
15785068,0.0,0.0,0.0,0.0,0.0,0.9574210931565966,0.003979603309506396,0.10866638,0.0,0.10866638273000717
15788707,0.3333333333333333,0.25,0.0,0.33333333333333337,0.33333333333333337,0.9330432028908702,0.10216964999200123,0.41457897,0.25,0.41457897424697876
15791504,0.0,0.0,0.0,0.0,0.0,0.8698941966083295,0.0004504410938761191,0.09851411,0.0,0.09851410984992981
15791939,0.3333333333333333,0.5,0.0,0.0,0.0,0.38431661042061077,0.08835521345638123,0.3514967,0.5,0.35149669647216797
15792031,0.3333333333333333,0.4266912384650716,0.0,0.0,0.0,0.43959775100198173,0.09135740592935304,0.3247523,0.4266912384650716,0.3247523009777069
15792641,0.0,0.0,0.0,0.0,0.0,0.813093860476119,0.0005172590394071038,0.09208598,0.0,0.09208597987890244
15793783,0.0,0.0,0.0,0.0,0.0,0.6171202869534268,0.012875900453571355,0.07073165,0.0,0.07073164731264114
15798850,0.3333333333333333,0.25,0.0,0.33333333333333337,0.33333333333333337,0.9574210931565966,0.09168775749182728,0.41662753,0.25,0.41662752628326416
15802312,0.3333333333333333,0.25,0.0,0.33333333333333337,0.33333333333333337,0.6171202869534268,0.08436517964698792,0.37759072,0.25,0.37759071588516235
15806134,0.0,0.0,0.0,0.0,0.0,0.9574210931565966,0.001207884419446135,0.10847805,0.0,0.10847804695367813
15808140,0.0,0.0,0.0,0.0,0.0,0.813093860476119,0.004513391586411196,0.092357524,0.0,0.09235752373933792
15809173,0.0,0.0,0.0,0.0,0.0,0.8455428430323483,0.009591290108990737,0.09637743,0.0,0.096377432346344
15809321,0.3333333333333333,0.4266912384650716,0.0,0.0,0.0,0.9394859795766547,0.08392125521719011,0.3808596,0.4266912384650716,0.3808596134185791
15809746,0.0,0.0,0.0,0.0,0.0,0.9204559262177173,0.00033453027726688234,0.10423238,0.0,0.10423237830400467
15811110,0.0,0.0,0.0,0.0,0.0,0.9574210931565966,0.026430556361417546,0.110191934,0.0,0.11019193381071091
15811621,0.0,0.0,0.0,0.0,0.0,0.9330432028908702,0.015125049148485012,0.106662914,0.0,0.10666291415691376
15814139,0.0,0.0,0.0,0.0,0.0,0.9204559262177173,0.0006079773862710222,0.10425095,0.0,0.1042509526014328
15823113,0.0,0.0,0.0,0.0,0.0,0.9394859795766547,0.00037103790341892057,0.10639002,0.0,0.10639002174139023
15825711,0.0,0.0,0.0,0.0,0.0,0.5803133815727446,0.02458410463086986,0.06735883,0.0,0.0673588290810585
15830237,0.0,0.0,0.0,0.0,0.0,0.7398616303702709,0.00044813837453070327,0.0837877,0.0,0.083787702023983
15830701,0.0,0.0,0.0,0.0,0.0,0.9204559262177173,0.025221362635756597,0.105923444,0.0,0.10592344403266907
15834295,0.0,0.0,0.0,0.0,0.0,0.9574210931565966,0.03048020495383166,0.110467106,0.0,0.1104671061038971
15834790,0.0,0.0,0.0,0.0,0.0,0.38431661042061077,0.0013005773770648937,0.04357997,0.0,0.04357996955513954
15837380,0.0,0.0,0.0,0.0,0.0,0.9574210931565966,9.112398249990044e-05,0.108402155,0.0,0.10840215533971786
15838767,0.0,0.0,0.0,0.0,0.0,0.813093860476119,0.0006086034016829112,0.09209219,0.0,0.09209219366312027
15840187,0.0,0.0,0.0,0.0,0.0,0.8658894330109049,0.0006441876510744966,0.098073736,0.0,0.09807373583316803
15840874,0.3333333333333333,0.25,0.0,0.33333333333333337,0.33333333333333337,1.0,0.10517445903256487,0.42236602,0.25,0.42236602306365967
15842013,0.0,0.0,0.0,0.0,0.0,0.8658894330109049,0.004270774515835491,0.098320164,0.0,0.09832016378641129
15844409,0.0,0.0,0.0,0.0,0.0,0.8658894330109049,0.05508615649875199,0.10177308,0.0,0.10177308320999146
15844557,0.0,0.0,0.0,0.0,0.0,1.0,0.022358658248457154,0.114737324,0.0,0.11473732441663742
15846682,0.0,0.0,0.0,0.0,0.0,0.8658894330109049,0.034251852659834665,0.10035738,0.0,0.10035738348960876
15846704,0.0,0.0,0.0,0.0,0.0,0.9574210931565966,0.031987636880814414,0.11056954,0.0,0.1105695366859436
15847834,0.0,0.0,0.0,0.0,0.0,0.8658894330109049,0.0005561011474603165,0.098067746,0.0,0.0980677455663681
1584901,0.3333333333333333,0.5,0.0,0.0,0.0,0.6171202869534268,0.09257427752810503,0.37814853,0.5,0.37814852595329285
15852053,0.0,0.0,0.0,0.0,0.0,0.9394859795766547,0.02044220963906444,0.10775386,0.0,0.10775385797023773
15853001,0.0,0.0,0.0,0.0,0.0,0.0,0.0010406592757723559,3.825864e-05,0.0,3.825864041573368e-05
15854271,0.0,0.0,0.0,0.0,0.0,0.8658894330109049,0.0005561011474603165,0.098067746,0.0,0.0980677455663681
15858295,0.0,0.0,0.0,0.0,0.0,1.0,0.004361618859683664,0.11351442,0.0,0.11351442337036133
15858376,0.0,0.0,0.0,0.0,0.0,0.9204559262177173,0.00033453027726688234,0.10423238,0.0,0.10423237830400467
15858413,0.0,0.0,0.0,0.0,0.0,0.5803133815727446,0.0007139985457616705,0.065736845,0.0,0.06573684513568878
15861560,0.0,0.0,0.0,0.0,0.0,0.0,0.005552025132989411,0.0003448073,0.0,0.00034480731119401753
15862005,0.0,0.0,0.0,0.0,0.0,0.9574210931565966,0.012314204287494003,0.10923272,0.0,0.10923272371292114
15863862,0.0,0.0,0.0,0.0,0.0,0.7835692923971794,0.005100314199401961,0.08905373,0.0,0.08905372768640518
15865288,0.0,0.0,0.0,0.0,0.0,0.9394859795766547,0.01709747607931381,0.107526585,0.0,0.10752658545970917
15870683,0.0,0.0,0.0,0.0,0.0,0.9574210931565966,0.01572423794485132,0.10946444,0.0,0.10946443676948547
15872224,0.3333333333333333,0.25,0.0,0.33333333333333337,0.33333333333333337,0.5803133815727446,0.0848838547929711,0.37345755,0.25,0.37345755100250244
15872418,0.0,0.0,0.0,0.0,0.0,0.0,0.02791798697094219,0.0018645811,0.0,0.001864581136032939
15878694,0.3333333333333333,0.25,0.0,0.33333333333333337,0.33333333333333337,0.0,0.08888535846632274,0.30800867,0.25,0.30800867080688477
15880652,0.0,0.0,0.0,0.0,0.0,0.7398616303702709,0.005440295508874413,0.08412692,0.0,0.08412691950798035
15883349,0.0,0.0,0.0,0.0,0.0,0.5803133815727446,0.0050256915766660375,0.066029824,0.0,0.06602982431650162
1588551,0.0,0.0,0.0,0.0,0.0,0.6171202869534268,0.005631301988757798,0.07023938,0.0,0.07023938000202179
15888299,0.0,0.0,0.0,0.0,0.0,0.8698941966083295,0.0003393153670207429,0.098506555,0.0,0.09850655496120453
15893411,0.3333333333333333,0.5,0.0,0.0,0.0,0.7835692923971794,0.08427198152401426,0.3964348,0.5,0.39643481373786926
15898829,0.0,0.0,0.0,0.0,0.0,0.9330432028908702,0.006244660504493749,0.106059484,0.0,0.1060594841837883
15900173,0.0,0.0,0.0,0.0,0.0,0.813093860476119,0.00490338984274981,0.092384025,0.0,0.09238402545452118
15904572,0.0,0.0,0.0,0.0,0.0,0.8698941966083295,0.0044515289135075835,0.09878598,0.0,0.09878598153591156
15904829,0.0,0.0,0.0,0.0,0.0,0.9574210931565966,0.007837953810684167,0.10892856,0.0,0.10892856121063232
15906167,0.0,0.0,0.0,0.0,0.0,0.9592404724668697,0.0012581395214765242,0.108687505,0.0,0.10868750512599945
15906181,0.0,0.0,0.0,0.0,0.0,0.9204559262177173,0.000171804543222127,0.104221314,0.0,0.10422131419181824
15907414,0.0,0.0,0.0,0.0,0.0,0.9394859795766547,0.004093633124873299,0.10664297,0.0,0.10664296895265579
15911001,0.0,0.0,0.0,0.0,0.0,0.9592404724668697,0.008225858290806886,0.10916096,0.0,0.10916095972061157
15911231,0.0,0.0,0.0,0.0,0.0,0.0,0.005552025132989411,0.0003448073,0.0,0.00034480731119401753
15912438,0.0,0.0,0.0,0.0,0.0,0.9204559262177173,0.00033453027726688234,0.10423238,0.0,0.10423237830400467
15914129,0.0,0.0,0.0,0.0,0.0,0.9574210931565966,0.052127592383202775,0.11193805,0.0,0.11193805187940598
15915972,0.0,0.0,0.0,0.0,0.0,0.45211423566191483,0.00534487379678958,0.051532898,0.0,0.05153289809823036
15916174,0.0,0.0,0.0,0.0,0.0,0.7835692923971794,0.0005073081596933811,0.08874164,0.0,0.08874163776636124
15917850,0.0,0.0,0.0,0.0,0.0,1.0,0.0017293081935681538,0.11333556,0.0,0.11333555728197098
15921624,0.0,0.0,0.0,0.0,0.0,1.0,0.0005481305610946322,0.11325529,0.0,0.11325529217720032
15925598,0.0,0.0,0.0,0.0,0.0,0.7398616303702709,0.012917876163564702,0.08463502,0.0,0.08463501930236816
15929023,0.0,0.0,0.0,0.0,0.0,0.9204559262177173,0.0002585166704085878,0.10422721,0.0,0.1042272076010704
15936819,0.0,0.0,0.0,0.0,0.0,0.9330432028908702,0.004874118375947511,0.10596636,0.0,0.10596635937690735
15940236,0.0,0.0,0.0,0.0,0.0,0.8455428430323483,0.00481247971562101,0.096052706,0.0,0.09605270624160767
15940603,0.0,0.0,0.0,0.0,0.0,0.9330432028908702,0.0004329951213859344,0.10566458,0.0,0.10566458106040955
15940891,0.0,0.0,0.0,0.0,0.0,0.6171202869534268,0.008536528375632749,0.07043679,0.0,0.07043679058551788
15941343,0.0,0.0,0.0,0.0,0.0,0.9204559262177173,0.059148417285004806,0.108228795,0.0,0.10822879523038864
15947833,0.0,0.0,0.0,0.0,0.0,0.9592404724668697,0.009139020282943762,0.109223016,0.0,0.10922301560640335
15949665,0.3333333333333333,0.25,0.0,0.33333333333333337,0.33333333333333337,0.0,0.08642364457509441,0.3078414,0.25,0.30784139037132263
15953354,0.3333333333333333,0.25,0.0,0.33333333333333337,0.33333333333333337,0.9204559262177173,0.146550968909964,0.41616917,0.25,0.4161691665649414
15954487,0.0,0.0,0.0,0.0,0.0,0.38431661042061077,0.0001835836268926606,0.04350407,0.0,0.04350407049059868
15957148,0.3333333333333333,0.4266912384650716,0.0,0.0,0.0,0.9394859795766547,0.11937608575233961,0.38326877,0.4266912384650716,0.3832687735557556
15964263,0.0,0.0,0.0,0.0,0.0,0.9574210931565966,0.0001039337202106353,0.10840303,0.0,0.1084030270576477
15969841,0.0,0.0,0.0,0.0,0.0,0.9592404724668697,0.007370111655210848,0.109102815,0.0,0.10910281538963318
15970379,0.0,0.0,0.0,0.0,0.0,0.9204559262177173,0.01947491324974335,0.10553297,0.0,0.10553296655416489
15974947,0.0,0.0,0.0,0.0,0.0,1.0,0.011617843099299006,0.11400749,0.0,0.11400748789310455
15978226,0.3333333333333333,0.25,0.0,0.33333333333333337,0.33333333333333337,0.7835692923971794,0.0900312217957201,0.39682615,0.25,0.3968261480331421
15978412,0.0,0.0,0.0,0.0,0.0,0.8698941966083295,0.04354342244956741,0.10144229,0.0,0.10144229233264923
15980543,0.0,0.0,0.0,0.0,0.0,0.677101910536761,0.005668481553107553,0.07703485,0.0,0.0770348533987999
15983683,0.0,0.0,0.0,0.0,0.0,0.9574210931565966,0.01278877876118725,0.10926497,0.0,0.10926496982574463
15984635,0.0,0.0,0.0,0.0,0.0,0.9204559262177173,0.004207917755145537,0.10449557,0.0,0.104495570063591
15997671,0.0,0.0,0.0,0.0,0.0,0.9394859795766547,0.014123234983399088,0.10732448,0.0,0.10732448101043701
15997827,0.0,0.0,0.0,0.0,0.0,0.8698941966083295,0.0004504410938761191,0.09851411,0.0,0.09851410984992981
15998006,0.0,0.0,0.0,0.0,0.0,0.0,0.005552025132989411,0.0003448073,0.0,0.00034480731119401753
16001456,0.0,0.0,0.0,0.0,0.0,1.0,0.005213975458574127,0.113572344,0.0,0.11357234418392181
16004411,0.0,0.0,0.0,0.0,0.0,1.0,0.3399675538847506,0.13631895,0.0,0.13631895184516907
16010382,0.0,0.0,0.0,0.0,0.0,0.813093860476119,0.017427268148502022,0.09323502,0.0,0.09323502331972122
16014498,0.0,0.0,0.0,0.0,0.0,0.9574210931565966,0.012392811260523391,0.109238066,0.0,0.10923806577920914
16016397,0.0,0.0,0.0,0.0,0.0,0.8698941966083295,0.0012857975865633775,0.098570876,0.0,0.09857087582349777
16022080,0.3333333333333333,0.25,0.0,0.33333333333333337,0.33333333333333337,0.9574210931565966,0.08920164285856363,0.41645858,0.25,0.4164585769176483
16034907,0.0,0.0,0.0,0.0,0.0,0.8658894330109049,0.007833601927080503,0.098562256,0.0,0.09856225550174713
16040695,0.0,0.0,0.0,0.0,0.0,0.7473484305271403,0.007123714300894817,0.08508919,0.0,0.08508919179439545
16042401,0.0,0.0,0.0,0.0,0.0,0.9574210931565966,0.019614900576278283,0.109728806,0.0,0.10972880572080612
16045488,0.0,0.0,0.0,0.0,0.0,0.6171202869534268,0.008365817786466813,0.07042519,0.0,0.07042519003152847
16045504,0.0,0.0,0.0,0.0,0.0,0.7398616303702709,0.00047435778362508785,0.08378948,0.0,0.08378948271274567
16045666,0.0,0.0,0.0,0.0,0.0,0.7398616303702709,0.004669894119486409,0.08407457,0.0,0.08407457172870636
16047907,0.0,0.0,0.0,0.0,0.0,0.6549788182021288,0.004338166386131573,0.074439004,0.0,0.07443900406360626
16050772,0.0,0.0,0.0,0.0,0.0,0.9204559262177173,0.04050921788976241,0.106962256,0.0,0.10696225613355637
1605141,0.0,0.0,0.0,0.0,0.0,0.0,0.0023362977709058133,0.00012629767,0.0,0.00012629767297767103
16052393,0.0,0.0,0.0,0.0,0.0,0.8658894330109049,0.0008556933477132257,0.09808811,0.0,0.0980881080031395
16054649,0.0,0.0,0.0,0.0,0.0,0.9394859795766547,0.023513319647896994,0.10796254,0.0,0.10796254128217697
16062445,0.0,0.0,0.0,0.0,0.0,0.8698941966083295,0.017535437775770886,0.09967504,0.0,0.09967503696680069
16077875,0.0,0.0,0.0,0.0,0.0,0.9574210931565966,0.03207547591132063,0.110575505,0.0,0.11057550460100174
16078680,0.0,0.0,0.0,0.0,0.0,0.7473484305271403,0.013528706201623693,0.08552441,0.0,0.08552441000938416
16081847,0.0,0.0,0.0,0.0,0.0,0.8658894330109049,0.0005561011474603165,0.098067746,0.0,0.0980677455663681
16083146,0.0,0.0,0.0,0.0,0.0,0.0,0.0012780439651020926,5.4389002e-05,0.0,5.4389001888921484e-05
16085807,0.0,0.0,0.0,0.0,0.0,0.9204559262177173,0.0013569603369599464,0.10430185,0.0,0.10430184751749039
16090188,0.0,0.0,0.0,0.0,0.0,0.8658894330109049,0.0005561011474603165,0.098067746,0.0,0.0980677455663681
16090877,0.0,0.0,0.0,0.0,0.0,0.9394859795766547,0.012932393067228244,0.10724357,0.0,0.10724356770515442
16092470,0.0,0.0,0.0,0.0,0.0,0.8698941966083295,0.023785217333352916,0.10009971,0.0,0.10009971261024475
16095075,0.0,0.0,0.0,0.0,0.0,0.9330432028908702,0.0018598761535685803,0.105761535,0.0,0.10576153546571732
16096104,0.0,0.0,0.0,0.0,0.0,0.9204559262177173,0.013958312658702864,0.10515811,0.0,0.10515811294317245
16099100,0.0,0.0,0.0,0.0,0.0,0.9204559262177173,0.004701019100217505,0.104529075,0.0,0.10452907532453537
16102437,0.0,0.0,0.0,0.0,0.0,0.9574210931565966,0.16383861930980897,0.11952885,0.0,0.11952885240316391
16116251,0.0,0.0,0.0,0.0,0.0,0.8455428430323483,0.008269111810219635,0.096287586,0.0,0.09628758579492569
16117890,0.0,0.0,0.0,0.0,0.0,0.0,0.003210821315221004,0.00018572182,0.0,0.000185721815796569
16127606,0.0,0.0,0.0,0.0,0.0,0.9574210931565966,0.012560051944874853,0.10924943,0.0,0.10924942791461945
16134117,0.0,0.0,0.0,0.0,0.0,0.8455428430323483,0.0012256842339279047,0.09580898,0.0,0.0958089828491211
16134672,0.0,0.0,0.0,0.0,0.0,0.9574210931565966,0.042918740207872653,0.11131231,0.0,0.11131230741739273
16145074,0.0,0.0,0.0,0.0,0.0,0.7473484305271403,0.004564963631634412,0.084915325,0.0,0.08491532504558563
16146535,0.0,0.0,0.0,0.0,0.0,0.9574210931565966,0.022999840599836157,0.10995881,0.0,0.10995881259441376
16148335,0.0,0.0,0.0,0.0,0.0,0.9574210931565966,0.03147730021746927,0.11053486,0.0,0.11053486168384552
16150352,0.0,0.0,0.0,0.0,0.0,0.7835692923971794,0.0008774543275451755,0.08876678,0.0,0.08876678347587585
16152223,0.0,0.0,0.0,0.0,0.0,0.9394859795766547,0.0003475379384756034,0.10638842,0.0,0.10638841986656189
16153327,0.0,0.0,0.0,0.0,0.0,0.8658894330109049,0.016401089142863125,0.09914442,0.0,0.09914442151784897
16156062,0.3333333333333333,0.25,0.0,0.33333333333333337,0.33333333333333337,0.9204559262177173,0.0910527633802901,0.41239804,0.25,0.4123980402946472
16158468,0.0,0.0,0.0,0.0,0.0,0.9204559262177173,0.000269591209173127,0.10422796,0.0,0.1042279601097107
16158546,0.0,0.0,0.0,0.0,0.0,0.7835692923971794,0.01624494656658323,0.08981101,0.0,0.08981101214885712
16166839,0.0,0.0,0.0,0.0,0.0,0.8698941966083295,0.013194379735312756,0.09938006,0.0,0.09938006103038788
16168272,0.3333333333333333,0.25,0.0,0.33333333333333337,0.33333333333333337,0.9574210931565966,0.10761830460084507,0.41771,0.25,0.41771000623703003
16168407,0.0,0.0,0.0,0.0,0.0,0.9394859795766547,0.019935553846493353,0.10771944,0.0,0.10771943628787994
16170886,0.0,0.0,0.0,0.0,0.0,0.9394859795766547,0.0003475379384756034,0.10638842,0.0,0.10638841986656189
16175266,0.0,0.0,0.0,0.0,0.0,0.9592404724668697,0.010334451865716994,0.10930424,0.0,0.10930424183607101
1618581,0.0,0.0,0.0,0.0,0.0,0.7835692923971794,0.007177368931588376,0.089194864,0.0,0.08919486403465271
16186643,0.3333333333333333,0.4266912384650716,0.0,0.0,0.0,0.9574210931565966,0.0949565964869564,0.38364062,0.4266912384650716,0.3836406171321869
16186782,0.0,0.0,0.0,0.0,0.0,0.9204559262177173,0.004370451437316909,0.10450662,0.0,0.10450661927461624
16188243,0.0,0.0,0.0,0.0,0.0,0.1951969189580255,0.006061467765077638,0.022485573,0.0,0.02248557284474373
16189104,0.0,0.0,0.0,0.0,0.0,1.0,0.008999640522429868,0.113829575,0.0,0.11382957547903061
16190433,0.0,0.0,0.0,0.0,0.0,0.38431661042061077,0.00022229800633925692,0.0435067,0.0,0.04350670054554939
16194172,0.0,0.0,0.0,0.0,0.0,0.9204559262177173,0.019796262975877808,0.105554804,0.0,0.10555480420589447
16209040,0.3333333333333333,0.25,0.0,0.33333333333333337,0.33333333333333337,0.9574210931565966,0.09869981901921901,0.417104,0.25,0.41710400581359863
16213363,0.0,0.0,0.0,0.0,0.0,0.8455428430323483,0.0004947584130335791,0.09575932,0.0,0.095759317278862
16213727,0.0,0.0,0.0,0.0,0.0,0.8658894330109049,0.009649825545723778,0.09868567,0.0,0.09868566691875458
16214306,0.0,0.0,0.0,0.0,0.0,0.9592404724668697,0.00573761994890282,0.10899188,0.0,0.10899188369512558
16214599,0.0,0.0,0.0,0.0,0.0,0.8658894330109049,0.0005561011474603165,0.098067746,0.0,0.0980677455663681
16217220,0.0,0.0,0.0,0.0,0.0,0.8658894330109049,0.008053374435989708,0.09857719,0.0,0.09857718646526337
16217319,0.0,0.0,0.0,0.0,0.0,0.8698941966083295,0.0041342054289491776,0.09876442,0.0,0.09876441955566406
16220573,0.3333333333333333,0.5,0.0,0.0,0.0,0.9574210931565966,0.15357788882281903,0.42083296,0.5,0.42083296179771423
16227947,0.0,0.0,0.0,0.0,0.0,0.9394859795766547,0.008409472163060728,0.10693623,0.0,0.10693623125553131
16231946,0.0,0.0,0.0,0.0,0.0,0.8698941966083295,0.017002262638660726,0.09963881,0.0,0.09963881224393845
16236786,0.6666666666666666,0.5,0.0,0.6666666666666667,0.6666666666666667,0.9592404724668697,0.2922052487226039,0.73246014,0.5,0.7324601411819458
16244531,0.3333333333333333,0.25,0.0,0.33333333333333337,0.33333333333333337,1.0,0.10048517245741549,0.4220474,0.25,0.4220474064350128
16246096,0.0,0.0,0.0,0.0,0.0,0.9394859795766547,0.0005879218838567829,0.10640476,0.0,0.10640475898981094
16249208,0.3333333333333333,0.25,0.0,0.33333333333333337,0.33333333333333337,1.0,0.08953907354121018,0.4213036,0.25,0.4213036000728607
16251682,0.0,0.0,0.0,0.0,0.0,0.8658894330109049,0.0009712750104545057,0.09809596,0.0,0.09809596091508865
16254381,0.0,0.0,0.0,0.0,0.0,0.38431661042061077,0.015851266755113284,0.044568695,0.0,0.04456869512796402
16257494,0.3333333333333333,0.4266912384650716,0.0,0.0,0.0,0.9394859795766547,0.08760987904828713,0.38111025,0.4266912384650716,0.3811102509498596
16261754,0.0,0.0,0.0,0.0,0.0,0.9394859795766547,0.0042658198479746355,0.106654674,0.0,0.10665467381477356
16269833,0.0,0.0,0.0,0.0,0.0,0.9592404724668697,0.005928875123096605,0.109004885,0.0,0.10900488495826721
16273731,0.3333333333333333,0.5,0.0,0.0,0.0,0.8698941966083295,0.09165534816195137,0.40671286,0.5,0.4067128598690033
16286974,0.0,0.0,0.0,0.0,0.0,0.9592404724668697,0.005441037989983508,0.10897173,0.0,0.1089717298746109
16287203,0.0,0.0,0.0,0.0,0.0,0.9574210931565966,0.012185054669170177,0.10922395,0.0,0.10922394692897797
16295357,0.0,0.0,0.0,0.0,0.0,0.9574210931565966,0.00018432103456347972,0.10840849,0.0,0.10840848833322525
16301912,0.0,0.0,0.0,0.0,0.0,0.43959775100198173,0.013247609450209872,0.050652392,0.0,0.0506523922085762
16303345,0.0,0.0,0.0,0.0,0.0,0.9574210931565966,0.008625787671532858,0.10898209,0.0,0.10898209363222122
16304657,0.0,0.0,0.0,0.0,0.0,0.8658894330109049,0.0005561011474603165,0.098067746,0.0,0.0980677455663681
16304739,0.0,0.0,0.0,0.0,0.0,0.0,0.003705739714568165,0.00021935167,0.0,0.00021935167023912072
16306595,0.0,0.0,0.0,0.0,0.0,0.9574210931565966,0.030529147291746984,0.11047043,0.0,0.11047042906284332
16308740,0.0,0.0,0.0,0.0,0.0,0.6171202869534268,0.0022455783423410798,0.07000931,0.0,0.07000931352376938
16316851,0.0,0.0,0.0,0.0,0.0,0.9574210931565966,0.011856133810525575,0.109201595,0.0,0.1092015951871872
16322274,0.0,0.0,0.0,0.0,0.0,0.38431661042061077,0.004550500894780875,0.043800805,0.0,0.043800804764032364
16333340,0.0,0.0,0.0,0.0,0.0,0.0,0.005552025132989411,0.0003448073,0.0,0.00034480731119401753
16335288,0.0,0.0,0.0,0.0,0.0,0.0,0.005552025132989411,0.0003448073,0.0,0.00034480731119401753
16338900,0.3333333333333333,0.25,0.0,0.33333333333333337,0.33333333333333337,0.1951969189580255,0.08477222865479399,0.32983533,0.25,0.32983532547950745
16339549,0.0,0.0,0.0,0.0,0.0,0.9592404724668697,0.006720035575021278,0.10905864,0.0,0.10905864089727402
16340098,0.0,0.0,0.0,0.0,0.0,0.38431661042061077,0.004831574595272774,0.0438199,0.0,0.04381990060210228
16344649,0.0,0.0,0.0,0.0,0.0,0.7473484305271403,0.040687764482374655,0.08736988,0.0,0.0873698815703392
16347512,0.0,0.0,0.0,0.0,0.0,0.8455428430323483,0.011986071517739897,0.09654015,0.0,0.09654015302658081
16350797,0.0,0.0,0.0,0.0,0.0,0.813093860476119,0.00047470705641281343,0.09208309,0.0,0.09208308905363083
16351122,0.0,0.0,0.0,0.0,0.0,0.38431661042061077,0.005637925651252286,0.043874696,0.0,0.043874695897102356
16355091,0.3333333333333333,0.4266912384650716,0.0,0.0,0.0,0.9394859795766547,0.08350341070462754,0.3808312,0.4266912384650716,0.38083121180534363
16356533,0.0,0.0,0.0,0.0,0.0,0.9330432028908702,0.004339912242378825,0.10593006,0.0,0.10593006014823914
16356717,0.0,0.0,0.0,0.0,0.0,0.8658894330109049,0.0048358498298439545,0.09835856,0.0,0.09835855662822723
16357565,0.0,0.0,0.0,0.0,0.0,0.8658894330109049,0.00035271565482910275,0.098053925,0.0,0.09805392473936081
16359962,0.0,0.0,0.0,0.0,0.0,0.0,0.011789844838610179,0.00076866907,0.0,0.0007686690660193563
16365445,0.0,0.0,0.0,0.0,0.0,0.6171202869534268,0.0008125739073970587,0.06991194,0.0,0.06991194188594818
16365985,0.0,0.0,0.0,0.0,0.0,0.9330432028908702,0.014288883677853753,0.106606096,0.0,0.10660609602928162
16366947,0.3333333333333333,0.25,0.0,0.33333333333333337,0.33333333333333337,0.9394859795766547,0.09236303942166672,0.41464224,0.25,0.41464224457740784
16374987,0.0,0.0,0.0,0.0,0.0,0.7473484305271403,0.0008600123339117711,0.08466357,0.0,0.08466356992721558
16380856,0.0,0.0,0.0,0.0,0.0,0.38431661042061077,0.012406691087549817,0.044334635,0.0,0.04433463513851166
16394063,0.0,0.0,0.0,0.0,0.0,0.9394859795766547,0.0006123609225875083,0.10640641,0.0,0.10640641301870346
16394309,0.0,0.0,0.0,0.0,0.0,0.0,0.011789844838610179,0.00076866907,0.0,0.0007686690660193563
16394517,0.0,0.0,0.0,0.0,0.0,0.7398616303702709,0.01640598941964482,0.08487204,0.0,0.0848720371723175
16395784,0.0,0.0,0.0,0.0,0.0,0.9394859795766547,0.012532615779732819,0.1072164,0.0,0.10721640288829803
16396652,0.0,0.0,0.0,0.0,0.0,0.9574210931565966,7.777161322083358e-05,0.108401254,0.0,0.10840125381946564
16397377,0.0,0.0,0.0,0.0,0.0,0.9204559262177173,0.004237044362714639,0.10449755,0.0,0.10449755191802979
16399227,0.0,0.0,0.0,0.0,0.0,0.9204559262177173,0.004033405281002512,0.104483716,0.0,0.1044837161898613
16403341,0.0,0.0,0.0,0.0,0.0,0.9204559262177173,0.004258701545170858,0.10449903,0.0,0.10449902713298798
16404717,0.0,0.0,0.0,0.0,0.0,0.7835692923971794,0.0050246324874477005,0.08904859,0.0,0.0890485867857933
16406458,0.0,0.0,0.0,0.0,0.0,0.5803133815727446,0.024580612066082516,0.06735859,0.0,0.0673585906624794
16410165,0.0,0.0,0.0,0.0,0.0,0.6549788182021288,0.007997219734032484,0.07468764,0.0,0.07468763738870621
16410966,0.0,0.0,0.0,0.0,0.0,0.9574210931565966,0.014231414432459533,0.109363,0.0,0.10936299711465836
16411682,0.0,0.0,0.0,0.0,0.0,0.38431661042061077,0.004995940341158598,0.043831073,0.0,0.04383107274770737
16412744,0.0,0.0,0.0,0.0,0.0,0.9574210931565966,0.11072474023981395,0.11591975,0.0,0.11591974645853043
16420606,0.0,0.0,0.0,0.0,0.0,0.9574210931565966,8.756845575114705e-05,0.10840192,0.0,0.10840191692113876
16424513,0.0,0.0,0.0,0.0,0.0,0.8455428430323483,0.009218210097754748,0.09635208,0.0,0.09635207802057266
16426613,0.0,0.0,0.0,0.0,0.0,0.6549788182021288,0.008638416452755716,0.07473121,0.0,0.07473120838403702
16428853,0.0,0.0,0.0,0.0,0.0,0.8455428430323483,0.0004947584130335791,0.09575932,0.0,0.095759317278862
16428901,0.0,0.0,0.0,0.0,0.0,0.6171202869534268,0.012714224548451463,0.070720665,0.0,0.07072066515684128
16431844,0.6666666666666666,0.5,0.0,0.6666666666666667,0.6666666666666667,0.677101910536761,0.2801478537038632,0.6996885,0.5,0.6996884942054749
16433223,0.0,0.0,0.0,0.0,0.0,0.9204559262177173,0.02135681892822169,0.10566085,0.0,0.10566084831953049
16435224,0.0,0.0,0.0,0.0,0.0,0.7473484305271403,0.007939448659574386,0.08514462,0.0,0.08514461666345596
16437938,0.0,0.0,0.0,0.0,0.0,0.9592404724668697,0.0019130753413454903,0.10873201,0.0,0.10873200744390488
16439625,0.0,0.0,0.0,0.0,0.0,0.8658894330109049,0.010140616935437507,0.098719016,0.0,0.09871901571750641
16439879,0.0,0.0,0.0,0.0,0.0,0.45211423566191483,0.010157549448462455,0.05185992,0.0,0.05185991898179054
16440473,0.0,0.0,0.0,0.0,0.0,0.38431661042061077,0.012575977736508589,0.044346135,0.0,0.04434613510966301
16440855,0.0,0.0,0.0,0.0,0.0,0.9574210931565966,0.00011281266340616655,0.10840363,0.0,0.10840363055467606
16444797,0.0,0.0,0.0,0.0,0.0,0.5803133815727446,0.007126700431637352,0.06617259,0.0,0.06617259234189987
16447060,0.3333333333333333,0.25,0.0,0.33333333333333337,0.33333333333333337,1.0,0.3542238102498761,0.439289,0.25,0.43928900361061096
16451087,0.0,0.0,0.0,0.0,0.0,0.9592404724668697,0.0024061362293386415,0.10876551,0.0,0.10876551270484924
16452021,0.0,0.0,0.0,0.0,0.0,1.0,0.012624430657070897,0.114075884,0.0,0.11407588422298431
16452950,0.0,0.0,0.0,0.0,0.0,0.9204559262177173,0.01317173092368974,0.10510467,0.0,0.10510466992855072
16454768,0.0,0.0,0.0,0.0,0.0,0.9574210931565966,0.007895192126247327,0.10893245,0.0,0.10893245041370392
16460562,0.0,0.0,0.0,0.0,0.0,0.0,0.005552025132989411,0.0003448073,0.0,0.00034480731119401753
16460745,0.0,0.0,0.0,0.0,0.0,0.0,0.005552025132989411,0.0003448073,0.0,0.00034480731119401753
16462841,0.0,0.0,0.0,0.0,0.0,0.5803133815727446,0.0006051386841907541,0.06572945,0.0,0.06572944670915604
16462880,0.0,0.0,0.0,0.0,0.0,0.9574210931565966,0.08448782177193158,0.11413694,0.0,0.1141369417309761
16463885,0.0,0.0,0.0,0.0,0.0,1.0,0.0006140940848882498,0.11325978,0.0,0.11325977742671967
16464939,0.0,0.0,0.0,0.0,0.0,0.45211423566191483,0.0004914495771688263,0.051203106,0.0,0.051203105598688126
16477216,0.0,0.0,0.0,0.0,0.0,0.9574210931565966,0.0039084336287795365,0.10866155,0.0,0.10866154730319977
16487708,0.0,0.0,0.0,0.0,0.0,0.8658894330109049,0.004281880771569884,0.09832092,0.0,0.09832091629505157
16489432,0.3333333333333333,0.25,0.0,0.33333333333333337,0.33333333333333337,0.9330432028908702,0.1191469100958044,0.41573256,0.25,0.41573256254196167
16490278,0.0,0.0,0.0,0.0,0.0,0.6549788182021288,0.0017356846889428677,0.074262165,0.0,0.07426216453313828
16494857,0.0,0.0,0.0,0.0,0.0,0.9204559262177173,0.08243413436519041,0.10981107,0.0,0.10981106758117676
16499533,0.0,0.0,0.0,0.0,0.0,0.6549788182021288,0.012560535521924068,0.074997716,0.0,0.07499771565198898
16499557,0.0,0.0,0.0,0.0,0.0,0.0,0.005552025132989411,0.0003448073,0.0,0.00034480731119401753
16505673,0.0,0.0,0.0,0.0,0.0,0.6171202869534268,0.006621571263090379,0.070306666,0.0,0.07030666619539261
16510377,0.0,0.0,0.0,0.0,0.0,0.8658894330109049,0.012500390608513576,0.09887937,0.0,0.0988793671131134
16511202,0.0,0.0,0.0,0.0,0.0,0.6549788182021288,0.00906831588426573,0.07476042,0.0,0.07476042211055756
16515024,0.0,0.0,0.0,0.0,0.0,1.0,0.0006140940848882498,0.11325978,0.0,0.11325977742671967
16516106,0.0,0.0,0.0,0.0,0.0,0.813093860476119,0.022654941459210962,0.093590245,0.0,0.09359024465084076
16516483,0.0,0.0,0.0,0.0,0.0,0.6549788182021288,0.010116156528187335,0.07483162,0.0,0.07483161985874176
16517592,0.0,0.0,0.0,0.0,0.0,0.9574210931565966,0.000917370471242815,0.1084583,0.0,0.10845830291509628
16519098,0.0,0.0,0.0,0.0,0.0,0.9204559262177173,0.000171804543222127,0.104221314,0.0,0.10422131419181824
16521778,0.0,0.0,0.0,0.0,0.0,0.0,0.003705739714568165,0.00021935167,0.0,0.00021935167023912072
16530997,0.0,0.0,0.0,0.0,0.0,0.9574210931565966,0.0012043110175086946,0.1084778,0.0,0.10847780108451843
16531797,0.3333333333333333,0.25,0.0,0.33333333333333337,0.33333333333333337,0.0,0.08888535846632274,0.30800867,0.25,0.30800867080688477
16537567,0.3333333333333333,0.5,0.0,0.0,0.0,0.8658894330109049,0.08388943448079364,0.40573162,0.5,0.4057316184043884
16541717,0.0,0.0,0.0,0.0,0.0,0.0,0.011789844838610179,0.00076866907,0.0,0.0007686690660193563
16541786,0.0,0.0,0.0,0.0,0.0,0.8455428430323483,0.01929541524789233,0.09703683,0.0,0.09703683108091354
16543625,0.0,0.0,0.0,0.0,0.0,0.7473484305271403,0.009128681472543865,0.085225426,0.0,0.0852254256606102
16547885,0.0,0.0,0.0,0.0,0.0,0.7473484305271403,0.005013977050505356,0.084945835,0.0,0.08494583517313004
16548023,0.0,0.0,0.0,0.0,0.0,0.45211423566191483,0.014706100400250824,0.052168995,0.0,0.05216899514198303
16549857,0.0,0.0,0.0,0.0,0.0,0.9574210931565966,0.008910083322200476,0.10900141,0.0,0.10900141298770905
16552022,0.0,0.0,0.0,0.0,0.0,0.813093860476119,0.008358623039394646,0.09261881,0.0,0.09261880815029144
16552311,0.0,0.0,0.0,0.0,0.0,1.0,0.006514122077291883,0.113660686,0.0,0.11366068571805954
16561129,0.0,0.0,0.0,0.0,0.0,0.9574210931565966,0.011607620611080364,0.10918471,0.0,0.10918471217155457
16561591,0.0,0.0,0.0,0.0,0.0,0.9394859795766547,0.024294722674840414,0.10801564,0.0,0.10801564157009125
16572534,0.0,0.0,0.0,0.0,0.0,0.9574210931565966,0.0011215409323726837,0.108472176,0.0,0.10847217589616776
16572778,0.0,0.0,0.0,0.0,0.0,0.8658894330109049,0.0005468377143818038,0.09806712,0.0,0.09806711971759796
16573966,0.0,0.0,0.0,0.0,0.0,0.0,0.005552025132989411,0.0003448073,0.0,0.00034480731119401753
16575742,0.0,0.0,0.0,0.0,0.0,0.7835692923971794,0.01539428721200017,0.08975321,0.0,0.08975321054458618
16575853,0.0,0.0,0.0,0.0,0.0,0.9592404724668697,0.04833854863030673,0.111886635,0.0,0.1118866354227066
16579031,0.0,0.0,0.0,0.0,0.0,0.9592404724668697,0.0016221976283058066,0.10871224,0.0,0.10871224105358124
16579074,0.0,0.0,0.0,0.0,0.0,0.9574210931565966,0.03053517572508016,0.11047084,0.0,0.11047083884477615
16585828,0.0,0.0,0.0,0.0,0.0,1.0,0.005288356274802241,0.113577396,0.0,0.11357739567756653
16586626,0.0,0.0,0.0,0.0,0.0,0.7473484305271403,0.00979868353939628,0.085270956,0.0,0.085270956158638
16593654,0.0,0.0,0.0,0.0,0.0,0.9204559262177173,0.00023685948795236893,0.10422574,0.0,0.10422573983669281
16594644,0.0,0.0,0.0,0.0,0.0,0.7398616303702709,0.007015339402430857,0.08423394,0.0,0.08423393964767456
16594962,0.0,0.0,0.0,0.0,0.0,0.9592404724668697,0.002580412219116076,0.10877735,0.0,0.10877735167741776
16598002,0.6666666666666666,0.5,0.0,0.6666666666666667,0.6666666666666667,1.0,0.18636972045323766,0.7298846,0.5,0.7298846244812012
16601276,0.0,0.0,0.0,0.0,0.0,0.8658894330109049,0.008540262299084611,0.098610274,0.0,0.0986102744936943
16603948,0.0,0.0,0.0,0.0,0.0,0.0,0.018667920625035517,0.0012360364,0.0,0.0012360364198684692
16607015,0.0,0.0,0.0,0.0,0.0,0.7398616303702709,0.00047435778362508785,0.08378948,0.0,0.08378948271274567
16611179,0.0,0.0,0.0,0.0,0.0,0.9204559262177173,0.008875461772838227,0.104812734,0.0,0.10481273382902145
16617884,0.0,0.0,0.0,0.0,0.0,0.813093860476119,0.009124602919630522,0.09267086,0.0,0.09267085790634155
16618029,0.0,0.0,0.0,0.0,0.0,0.813093860476119,0.004403880069692649,0.09235008,0.0,0.0923500806093216
16619381,0.0,0.0,0.0,0.0,0.0,0.8455428430323483,0.0007886332705278095,0.095779285,0.0,0.09577928483486176
16628874,0.0,0.0,0.0,0.0,0.0,1.0,0.013740954623458684,0.11415175,0.0,0.11415175348520279
16636746,0.0,0.0,0.0,0.0,0.0,0.9592404724668697,0.00478887769498721,0.10892742,0.0,0.108927421271801
16636919,0.0,0.0,0.0,0.0,0.0,0.6171202869534268,0.004966589690679684,0.07019421,0.0,0.07019420713186264
16639670,0.0,0.0,0.0,0.0,0.0,0.8658894330109049,0.0005561011474603165,0.098067746,0.0,0.0980677455663681
16645520,0.0,0.0,0.0,0.0,0.0,0.9204559262177173,0.004168017458547071,0.10449286,0.0,0.10449285805225372
16646201,0.0,0.0,0.0,0.0,0.0,0.8658894330109049,0.008418296149322258,0.09860199,0.0,0.09860198944807053
16649779,0.0,0.0,0.0,0.0,0.0,0.0,0.003090311241761086,0.00017753312,0.0,0.0001775331184035167
16652658,0.0,0.0,0.0,0.0,0.0,0.8455428430323483,0.008975309921879853,0.096335575,0.0,0.09633557498455048
16661603,0.0,0.0,0.0,0.0,0.0,0.9394859795766547,0.012518105735411043,0.10721541,0.0,0.10721541196107864
16667356,0.0,0.0,0.0,0.0,0.0,1.0,0.0006140940848882498,0.11325978,0.0,0.11325977742671967
16670897,0.3333333333333333,0.25,0.0,0.33333333333333337,0.33333333333333337,0.9204559262177173,0.08942676590023854,0.41228756,0.25,0.41228756308555603
1668011,0.3333333333333333,0.25,0.0,0.33333333333333337,0.33333333333333337,0.7835692923971794,0.09613992824515645,0.39724123,0.25,0.3972412347793579
16698800,0.0,0.0,0.0,0.0,0.0,0.9574210931565966,0.03569650186498141,0.11082155,0.0,0.11082155257463455
16730276,0.0,0.0,0.0,0.0,0.0,0.9204559262177173,0.003892433728648419,0.104474135,0.0,0.10447413474321365
16743661,0.0,0.0,0.0,0.0,0.0,0.9574210931565966,0.033186715724625865,0.110651016,0.0,0.11065101623535156
16780257,0.3333333333333333,0.25,0.0,0.33333333333333337,0.33333333333333337,0.6171202869534268,0.09618946388759465,0.3783942,0.25,0.3783941864967346
16782103,0.0,0.0,0.0,0.0,0.0,0.9574210931565966,0.004533293013605766,0.10870401,0.0,0.10870400816202164
16782107,0.0,0.0,0.0,0.0,0.0,0.1951969189580255,0.006879627786586528,0.022541167,0.0,0.022541167214512825
16783192,0.0,0.0,0.0,0.0,0.0,0.9330432028908702,0.0054570644987193525,0.10600597,0.0,0.1060059666633606
16784574,0.0,0.0,0.0,0.0,0.0,0.0,0.005552025132989411,0.0003448073,0.0,0.00034480731119401753
16787980,0.0,0.0,0.0,0.0,0.0,0.8658894330109049,0.00507744909266893,0.09837498,0.0,0.09837497770786285
16788703,0.0,0.0,0.0,0.0,0.0,0.9574210931565966,8.756845575114705e-05,0.10840192,0.0,0.10840191692113876
16788710,0.0,0.0,0.0,0.0,0.0,0.7398616303702709,0.00047435778362508785,0.08378948,0.0,0.08378948271274567
16796298,0.0,0.0,0.0,0.0,0.0,0.7835692923971794,0.008867226295474323,0.08930969,0.0,0.0893096923828125
16796683,0.0,0.0,0.0,0.0,0.0,0.8658894330109049,0.0005561011474603165,0.098067746,0.0,0.0980677455663681
16813674,0.0,0.0,0.0,0.0,0.0,0.9574210931565966,0.008029196458142089,0.108941555,0.0,0.10894155502319336
16819281,0.3333333333333333,0.25,0.0,0.33333333333333337,0.33333333333333337,0.677101910536761,0.09259670528931546,0.384943,0.25,0.38494300842285156
16822115,0.3333333333333333,0.25,0.0,0.33333333333333337,0.33333333333333337,0.9330432028908702,0.08404045095165041,0.41334707,0.25,0.413347065448761
16830375,0.0,0.0,0.0,0.0,0.0,0.8658894330109049,0.001220174654377177,0.098112874,0.0,0.09811287373304367
16831357,0.0,0.0,0.0,0.0,0.0,0.9592404724668697,0.0011839763642173288,0.10868246,0.0,0.10868246108293533
16834699,0.3333333333333333,0.25,0.0,0.33333333333333337,0.33333333333333337,1.0,0.08457051035032588,0.420966,0.25,0.4209659993648529
16839438,0.0,0.0,0.0,0.0,0.0,0.9592404724668697,0.006605568864621451,0.10905086,0.0,0.10905086249113083
16845153,0.0,0.0,0.0,0.0,0.0,0.9574210931565966,0.0723104416696169,0.11330948,0.0,0.11330948024988174
16850092,0.0,0.0,0.0,0.0,0.0,0.9204559262177173,0.00032652250701552157,0.10423183,0.0,0.1042318269610405
16851290,0.3333333333333333,0.25,0.0,0.33333333333333337,0.33333333333333337,0.1951969189580255,0.09041290600788274,0.3302186,0.25,0.3302186131477356
16852922,0.0,0.0,0.0,0.0,0.0,0.9204559262177173,0.004783107678797147,0.104534656,0.0,0.10453465580940247
16855827,0.0,0.0,0.0,0.0,0.0,0.8455428430323483,0.004227988595214514,0.096012995,0.0,0.09601299464702606
16858294,0.3333333333333333,0.25,0.0,0.33333333333333337,0.33333333333333337,0.9592404724668697,0.08406187234322192,0.41631538,0.25,0.41631537675857544
16861860,0.3333333333333333,0.25,0.0,0.33333333333333337,0.33333333333333337,0.6171202869534268,0.08438746818191376,0.37759224,0.25,0.3775922358036041
16871327,0.0,0.0,0.0,0.0,0.0,0.677101910536761,0.0006162800184208914,0.07669155,0.0,0.07669155299663544
16871663,0.0,0.0,0.0,0.0,0.0,0.9574210931565966,0.018984540972967444,0.10968597,0.0,0.1096859723329544
16874180,0.0,0.0,0.0,0.0,0.0,0.9204559262177173,0.02005995750583213,0.10557272,0.0,0.10557272285223007
16880649,0.0,0.0,0.0,0.0,0.0,0.43959775100198173,0.0005489185133700222,0.04978951,0.0,0.049789510667324066
16884008,0.0,0.0,0.0,0.0,0.0,0.0,0.003705739714568165,0.00021935167,0.0,0.00021935167023912072
16884022,0.0,0.0,0.0,0.0,0.0,0.45211423566191483,0.018401634805416105,0.052420106,0.0,0.052420105785131454
16899287,0.0,0.0,0.0,0.0,0.0,0.9204559262177173,0.008416798938566701,0.10478157,0.0,0.10478156805038452
16908192,0.0,0.0,0.0,0.0,0.0,0.9592404724668697,0.023981072498424495,0.11023153,0.0,0.11023153364658356
16917389,0.0,0.0,0.0,0.0,0.0,0.7473484305271403,0.0007249719031339063,0.08465439,0.0,0.08465439081192017
16918618,0.0,0.0,0.0,0.0,0.0,0.9574210931565966,0.07914771789129488,0.113774076,0.0,0.11377407610416412
16925295,0.0,0.0,0.0,0.0,0.0,0.9592404724668697,0.0007886928202249395,0.1086556,0.0,0.10865560173988342
16926826,0.0,0.0,0.0,0.0,0.0,0.7835692923971794,0.01074159849803115,0.08943706,0.0,0.08943706005811691
16928036,0.0,0.0,0.0,0.0,0.0,0.9592404724668697,0.007120772553324993,0.10908587,0.0,0.10908587276935577
16930883,0.0,0.0,0.0,0.0,0.0,0.45211423566191483,0.005670447274298838,0.05155502,0.0,0.05155501887202263
16931885,0.0,0.0,0.0,0.0,0.0,0.9574210931565966,0.003928224020597846,0.10866289,0.0,0.10866288840770721
16933135,0.0,0.0,0.0,0.0,0.0,0.0,0.005552025132989411,0.0003448073,0.0,0.00034480731119401753
16936384,0.0,0.0,0.0,0.0,0.0,0.677101910536761,0.004188540893295392,0.07693429,0.0,0.07693429291248322
16940704,0.0,0.0,0.0,0.0,0.0,0.7835692923971794,0.01528228262839939,0.089745596,0.0,0.08974559605121613
16942880,0.0,0.0,0.0,0.0,0.0,0.8658894330109049,0.0014520747032085509,0.09812863,0.0,0.09812863171100616
16943465,0.0,0.0,0.0,0.0,0.0,0.8698941966083295,0.000431548273296633,0.09851283,0.0,0.09851282835006714
16945142,0.3333333333333333,0.25,0.0,0.33333333333333337,0.33333333333333337,0.43959775100198173,0.09109125962401123,0.35794324,0.25,0.35794323682785034
16945563,0.0,0.0,0.0,0.0,0.0,0.1951969189580255,0.005015305046299672,0.022414487,0.0,0.02241448685526848
16946002,0.0,0.0,0.0,0.0,0.0,0.9574210931565966,0.004245549228201711,0.10868445,0.0,0.10868445038795471
16954507,0.0,0.0,0.0,0.0,0.0,0.8658894330109049,0.0005561011474603165,0.098067746,0.0,0.0980677455663681
16956110,0.0,0.0,0.0,0.0,0.0,0.7473484305271403,0.004479426272359427,0.08490951,0.0,0.08490951359272003
16958365,0.0,0.0,0.0,0.0,0.0,0.7398616303702709,0.002052059727605751,0.08389669,0.0,0.0838966891169548
16958590,0.0,0.0,0.0,0.0,0.0,0.9330432028908702,0.009126374874278602,0.1062553,0.0,0.10625530034303665
16965701,0.0,0.0,0.0,0.0,0.0,0.45211423566191483,0.023375259102699174,0.052758068,0.0,0.05275806784629822
16968979,0.0,0.0,0.0,0.0,0.0,0.9592404724668697,0.0012823772599840607,0.10868915,0.0,0.10868915170431137
16971414,0.0,0.0,0.0,0.0,0.0,0.0,0.005552025132989411,0.0003448073,0.0,0.00034480731119401753
16979008,0.3333333333333333,0.25,0.0,0.33333333333333337,0.33333333333333337,0.9204559262177173,0.09190045492058448,0.41245565,0.25,0.41245564818382263
16980497,0.0,0.0,0.0,0.0,0.0,0.0,0.005552025132989411,0.0003448073,0.0,0.00034480731119401753
16986733,0.0,0.0,0.0,0.0,0.0,0.7473484305271403,0.004005594687712154,0.08487731,0.0,0.08487731218338013
16988925,0.0,0.0,0.0,0.0,0.0,0.9574210931565966,0.007999809982563487,0.10893956,0.0,0.10893955826759338
16988986,0.0,0.0,0.0,0.0,0.0,0.9574210931565966,0.000291306093443923,0.10841576,0.0,0.10841576009988785
16991700,0.0,0.0,0.0,0.0,0.0,0.5803133815727446,0.012243702033525823,0.06652029,0.0,0.06652028858661652
16994507,0.0,0.0,0.0,0.0,0.0,0.9592404724668697,0.016713324078592596,0.10973769,0.0,0.10973768681287766
17006804,0.0,0.0,0.0,0.0,0.0,0.9394859795766547,0.012840777872997136,0.10723734,0.0,0.10723733901977539
17022135,0.0,0.0,0.0,0.0,0.0,0.0,0.010438477819536095,0.0006768433,0.0,0.0006768432795070112
17028863,0.0,0.0,0.0,0.0,0.0,0.9330432028908702,0.004940140896543574,0.105970845,0.0,0.1059708446264267
17044292,0.0,0.0,0.0,0.0,0.0,0.9574210931565966,0.048609489533263626,0.111699,0.0,0.11169900000095367
17044330,0.0,0.0,0.0,0.0,0.0,0.45211423566191483,0.011825500464755839,0.051973257,0.0,0.05197325721383095
17059192,0.0,0.0,0.0,0.0,0.0,0.9204559262177173,0.00033453027726688234,0.10423238,0.0,0.10423237830400467
17071990,0.0,0.0,0.0,0.0,0.0,0.9592404724668697,0.0008166312955796857,0.1086575,0.0,0.10865750163793564
17083813,0.6666666666666666,0.5,0.0,0.6666666666666667,0.6666666666666667,0.9592404724668697,0.17280634320729113,0.72434694,0.5,0.724346935749054
17084975,0.0,0.0,0.0,0.0,0.0,0.8658894330109049,0.0005561011474603165,0.098067746,0.0,0.0980677455663681
1708661,0.0,0.0,0.0,0.0,0.0,0.0,0.0051186717369441,0.0003153608,0.0,0.00031536081223748624
17090151,0.0,0.0,0.0,0.0,0.0,0.8698941966083295,0.005918995021045436,0.0988857,0.0,0.09888570010662079
17100370,0.0,0.0,0.0,0.0,0.0,0.9330432028908702,0.005239047945402728,0.105991155,0.0,0.10599115490913391
17100782,0.0,0.0,0.0,0.0,0.0,0.8455428430323483,0.0015690115098476454,0.09583231,0.0,0.09583231061697006
17105161,0.0,0.0,0.0,0.0,0.0,0.6171202869534268,0.02413177255120448,0.071496494,0.0,0.07149649411439896
17105262,0.0,0.0,0.0,0.0,0.0,0.9574210931565966,0.00017500096735131081,0.108407855,0.0,0.10840785503387451
17107079,0.0,0.0,0.0,0.0,0.0,0.1951969189580255,0.017407569400391697,0.023256544,0.0,0.023256544023752213
17112369,0.0,0.0,0.0,0.0,0.0,1.0,0.04406977511922008,0.11621261,0.0,0.11621260643005371
17112843,0.0,0.0,0.0,0.0,0.0,0.45211423566191483,0.006459748877651698,0.051608652,0.0,0.051608651876449585
17115414,0.3333333333333333,0.5,0.0,0.0,0.0,0.8698941966083295,0.09570448339809283,0.406988,0.5,0.4069879949092865
17120553,0.0,0.0,0.0,0.0,0.0,0.9574210931565966,0.024965154916331337,0.11009236,0.0,0.11009235680103302
17120614,0.0,0.0,0.0,0.0,0.0,0.45211423566191483,0.0007034902249800695,0.05121751,0.0,0.05121751129627228
17129863,0.0,0.0,0.0,0.0,0.0,0.9592404724668697,0.001092036678505999,0.10867622,0.0,0.10867621749639511
17135182,0.0,0.0,0.0,0.0,0.0,0.38431661042061077,0.012602273729077195,0.044347923,0.0,0.04434792324900627
17138727,0.0,0.0,0.0,0.0,0.0,0.813093860476119,0.000779461592378293,0.0921038,0.0,0.09210380166769028
17150049,0.3333333333333333,0.5,0.0,0.0,0.0,0.38431661042061077,0.09606763506566696,0.35202077,0.5,0.3520207703113556
17156411,0.0,0.0,0.0,0.0,0.0,0.8455428430323483,0.01230100563668609,0.09656156,0.0,0.09656155854463577
17164436,0.0,0.0,0.0,0.0,0.0,0.8698941966083295,0.0007420156703427422,0.09853392,0.0,0.09853392094373703
17173775,0.0,0.0,0.0,0.0,0.0,0.9204559262177173,0.22702497819325387,0.11963606,0.0,0.11963605880737305
17173819,0.0,0.0,0.0,0.0,0.0,0.6549788182021288,0.0045322400884661275,0.07445219,0.0,0.07445219159126282
17176166,0.0,0.0,0.0,0.0,0.0,0.9394859795766547,0.009244024462853639,0.10699294,0.0,0.1069929376244545
17176836,0.3333333333333333,0.25,0.0,0.33333333333333337,0.33333333333333337,0.9330432028908702,0.084858654830034,0.41340268,0.25,0.4134026765823364
17191474,0.0,0.0,0.0,0.0,0.0,0.7835692923971794,0.02837126405115265,0.090635,0.0,0.09063500165939331
17201112,0.0,0.0,0.0,0.0,0.0,0.9574210931565966,0.07965721325740231,0.1138087,0.0,0.11380869895219803
17204571,0.0,0.0,0.0,0.0,0.0,0.9204559262177173,0.0013193557524104915,0.10429929,0.0,0.10429929196834564
17208441,0.0,0.0,0.0,0.0,0.0,0.9204559262177173,0.0002457552046008652,0.10422634,0.0,0.10422634333372116
17221081,0.0,0.0,0.0,0.0,0.0,0.7835692923971794,0.005416211932406034,0.08907519,0.0,0.08907519280910492
17221781,0.0,0.0,0.0,0.0,0.0,0.9592404724668697,0.015375938386871513,0.10964681,0.0,0.10964681208133698
17221943,0.0,0.0,0.0,0.0,0.0,0.7835692923971794,0.009061443047759066,0.08932289,0.0,0.08932288736104965
17223468,0.0,0.0,0.0,0.0,0.0,0.8455428430323483,0.012906145918800925,0.09660268,0.0,0.0966026782989502
17234887,0.0,0.0,0.0,0.0,0.0,0.6171202869534268,0.0004433799975302325,0.069886856,0.0,0.06988685578107834
17235460,0.0,0.0,0.0,0.0,0.0,0.7473484305271403,0.001809075840385022,0.08472806,0.0,0.08472806215286255
17235677,0.0,0.0,0.0,0.0,0.0,0.7473484305271403,0.0006256162812887813,0.08464764,0.0,0.08464764058589935
17238240,0.0,0.0,0.0,0.0,0.0,0.6171202869534268,0.01771345277112588,0.07106037,0.0,0.07106036692857742
17239031,0.0,0.0,0.0,0.0,0.0,1.0,0.010560775041274839,0.11393566,0.0,0.11393565684556961
17239946,0.0,0.0,0.0,0.0,0.0,0.8658894330109049,0.01763557628707899,0.0992283,0.0,0.09922830015420914
17240550,0.0,0.0,0.0,0.0,0.0,0.7473484305271403,0.012128652239790339,0.08542928,0.0,0.08542928099632263
17240635,0.3333333333333333,0.25,0.0,0.33333333333333337,0.33333333333333337,0.0,0.08888535846632274,0.30800867,0.25,0.30800867080688477
17245450,0.0,0.0,0.0,0.0,0.0,0.8455428430323483,0.0045212688740622195,0.09603292,0.0,0.09603291749954224
17248244,0.0,0.0,0.0,0.0,0.0,0.0,0.013682421878166767,0.0008972702,0.0,0.0008972702198661864
17250640,0.0,0.0,0.0,0.0,0.0,0.9204559262177173,0.00033453027726688234,0.10423238,0.0,0.10423237830400467
17258003,0.0,0.0,0.0,0.0,0.0,0.8658894330109049,0.0005464482951332521,0.09806709,0.0,0.09806708991527557
17264531,0.0,0.0,0.0,0.0,0.0,1.0,0.005262653693293448,0.11357565,0.0,0.11357565224170685
17266270,0.0,0.0,0.0,0.0,0.0,0.8658894330109049,0.023151791957134155,0.09960313,0.0,0.09960313141345978
17266551,0.0,0.0,0.0,0.0,0.0,0.9394859795766547,0.00027099064669274485,0.10638322,0.0,0.10638321936130524
17275103,0.3333333333333333,0.25,0.0,0.33333333333333337,0.33333333333333337,0.6171202869534268,0.08388859499477487,0.37755832,0.25,0.37755832076072693
17282551,0.0,0.0,0.0,0.0,0.0,0.9394859795766547,0.0006426087083764102,0.10640847,0.0,0.10640846937894821
17285878,0.0,0.0,0.0,0.0,0.0,0.7398616303702709,0.03690121314944265,0.0862647,0.0,0.0862646996974945
17291344,0.0,0.0,0.0,0.0,0.0,1.0,0.02273401515290512,0.114762835,0.0,0.11476283520460129
17292603,0.0,0.0,0.0,0.0,0.0,0.9330432028908702,0.005156975769084658,0.105985574,0.0,0.10598557442426682
17297261,0.3333333333333333,0.25,0.0,0.33333333333333337,0.33333333333333337,0.38431661042061077,0.127530726358112,0.3541587,0.25,0.3541586995124817
17300462,0.0,0.0,0.0,0.0,0.0,0.8698941966083295,0.004148365368599856,0.09876539,0.0,0.09876538813114166
17303568,0.3333333333333333,0.5,0.0,0.0,0.0,0.0,0.08988510647537341,0.30807662,0.5,0.3080766201019287
17305642,0.0,0.0,0.0,0.0,0.0,0.9574210931565966,0.003885365240975162,0.108659975,0.0,0.10865997523069382
17313956,0.3333333333333333,0.25,0.0,0.33333333333333337,0.33333333333333337,1.0,0.08816634733299876,0.42121032,0.25,0.42121031880378723
17316916,0.0,0.0,0.0,0.0,0.0,0.677101910536761,0.014559762035944654,0.07763902,0.0,0.07763902097940445
17322769,0.0,0.0,0.0,0.0,0.0,0.0,0.0019325620152394235,9.8863704e-05,0.0,9.886370389722288e-05
17323772,0.0,0.0,0.0,0.0,0.0,0.9574210931565966,0.10829778808351881,0.115754835,0.0,0.11575483530759811
17324503,0.0,0.0,0.0,0.0,0.0,0.9592404724668697,0.0008340136975763862,0.10865869,0.0,0.10865868628025055
17326261,0.0,0.0,0.0,0.0,0.0,0.0,0.005569767886167964,0.00034601294,0.0,0.0003460129373706877
17335211,0.0,0.0,0.0,0.0,0.0,0.38431661042061077,0.006361140652822329,0.043923836,0.0,0.04392383620142937
17340590,0.0,0.0,0.0,0.0,0.0,0.6171202869534268,0.017876148002034197,0.071071416,0.0,0.07107141613960266
17349165,0.0,0.0,0.0,0.0,0.0,0.9592404724668697,0.014150187888170252,0.10956352,0.0,0.10956352204084396
17350393,0.0,0.0,0.0,0.0,0.0,0.8658894330109049,0.017809810265319467,0.09924014,0.0,0.09924013912677765
17353001,0.0,0.0,0.0,0.0,0.0,0.9204559262177173,0.00912104467898127,0.10482942,0.0,0.10482942312955856
17354054,0.0,0.0,0.0,0.0,0.0,0.8658894330109049,0.02145649233665007,0.09948794,0.0,0.09948793798685074
17354468,0.0,0.0,0.0,0.0,0.0,0.9574210931565966,0.018850531692113825,0.10967687,0.0,0.10967686772346497
17357985,0.3333333333333333,0.25,0.0,0.33333333333333337,0.33333333333333337,0.9204559262177173,0.09668503329161054,0.41278076,0.25,0.41278076171875
17359791,0.3333333333333333,0.25,0.0,0.33333333333333337,0.33333333333333337,0.7473484305271403,0.08346528058029853,0.39227796,0.25,0.39227795600891113
17365848,0.3333333333333333,0.5,0.0,0.0,0.0,0.6549788182021288,0.12905638385712398,0.384915,0.5,0.38491499423980713
17384357,0.0,0.0,0.0,0.0,0.0,0.9204559262177173,0.0045866936814498984,0.10452131,0.0,0.10452131181955338
17388280,0.0,0.0,0.0,0.0,0.0,0.9330432028908702,0.0018443608285518699,0.105760485,0.0,0.10576048493385315
17393514,0.0,0.0,0.0,0.0,0.0,0.6171202869534268,0.020545243118187846,0.071252786,0.0,0.07125278562307358
17398289,0.3333333333333333,0.25,0.0,0.33333333333333337,0.33333333333333337,0.0,0.08888535846632274,0.30800867,0.25,0.30800867080688477
17402349,0.0,0.0,0.0,0.0,0.0,0.8698941966083295,0.01334362054756357,0.09939021,0.0,0.09939020872116089
17404895,0.3333333333333333,0.25,0.0,0.33333333333333337,0.33333333333333337,0.9574210931565966,0.08742997037760016,0.4163382,0.25,0.4163382053375244
17416766,0.0,0.0,0.0,0.0,0.0,0.0,0.003210821315221004,0.00018572182,0.0,0.000185721815796569
17422097,0.0,0.0,0.0,0.0,0.0,0.9592404724668697,0.009009225789493843,0.109214194,0.0,0.10921419411897659
17424632,0.0,0.0,0.0,0.0,0.0,1.0,0.018179531360240694,0.11445335,0.0,0.11445335298776627
17427120,0.3333333333333333,0.25,0.0,0.33333333333333337,0.33333333333333337,0.9204559262177173,0.08353654183107989,0.41188732,0.25,0.4118873178958893
17431643,0.0,0.0,0.0,0.0,0.0,0.813093860476119,0.07466764528057251,0.097124524,0.0,0.09712452441453934
17437053,0.0,0.0,0.0,0.0,0.0,0.9204559262177173,0.000269591209173127,0.10422796,0.0,0.1042279601097107
17444939,0.0,0.0,0.0,0.0,0.0,1.0,0.005060189561402561,0.11356189,0.0,0.11356189101934433
17451602,0.0,0.0,0.0,0.0,0.0,0.9574210931565966,0.012417866352725862,0.109239765,0.0,0.10923976451158524
17451621,0.0,0.0,0.0,0.0,0.0,0.9330432028908702,0.055470911770250556,0.10940442,0.0,0.10940442234277725
17463636,0.0,0.0,0.0,0.0,0.0,0.9574210931565966,0.0077610395263745455,0.10892333,0.0,0.10892333090305328
17465796,0.0,0.0,0.0,0.0,0.0,0.9574210931565966,0.0477344845788945,0.11163954,0.0,0.11163953691720963
17469640,0.0,0.0,0.0,0.0,0.0,1.0,0.017631095694124976,0.114416085,0.0,0.11441608518362045
17473799,0.0,0.0,0.0,0.0,0.0,0.9574210931565966,0.008512455183668874,0.10897439,0.0,0.108974389731884
17477554,0.0,0.0,0.0,0.0,0.0,0.7473484305271403,0.0042408744537198294,0.0848933,0.0,0.08489330112934113
17478702,0.0,0.0,0.0,0.0,0.0,0.9592404724668697,0.0012001441890460128,0.108683564,0.0,0.10868356376886368
17480824,0.0,0.0,0.0,0.0,0.0,0.9394859795766547,0.02572653537252447,0.10811293,0.0,0.10811293125152588
17481122,0.0,0.0,0.0,0.0,0.0,0.9574210931565966,0.0005348085234635349,0.10843231,0.0,0.10843230783939362
17481888,0.0,0.0,0.0,0.0,0.0,0.677101910536761,0.015915916448981295,0.07773117,0.0,0.0777311697602272
17486893,0.0,0.0,0.0,0.0,0.0,1.0,0.18016199609148234,0.12546012,0.0,0.12546011805534363
17489909,0.0,0.0,0.0,0.0,0.0,0.9574210931565966,9.342101349818071e-05,0.10840231,0.0,0.1084023118019104
17490827,0.0,0.0,0.0,0.0,0.0,0.9394859795766547,0.004116468686522386,0.10664452,0.0,0.10664451867341995
17491510,0.0,0.0,0.0,0.0,0.0,0.9574210931565966,0.00011183698553781275,0.10840356,0.0,0.10840356349945068
17492541,0.0,0.0,0.0,0.0,0.0,0.9394859795766547,0.008319041087478645,0.106930085,0.0,0.10693008452653885
17497582,0.0,0.0,0.0,0.0,0.0,0.9204559262177173,0.01644642886011884,0.10532718,0.0,0.10532718151807785
17498138,0.0,0.0,0.0,0.0,0.0,0.9574210931565966,0.05107725340402386,0.11186668,0.0,0.11186668276786804
17498731,0.0,0.0,0.0,0.0,0.0,0.9592404724668697,0.009421231507312682,0.109242186,0.0,0.10924218595027924
17503213,0.0,0.0,0.0,0.0,0.0,1.0,0.0005481305610946322,0.11325529,0.0,0.11325529217720032
17513262,0.0,0.0,0.0,0.0,0.0,0.7835692923971794,0.0008956158939427462,0.08876802,0.0,0.08876802027225494
17514047,0.0,0.0,0.0,0.0,0.0,0.9574210931565966,9.697193402611362e-05,0.10840256,0.0,0.1084025576710701
17514705,0.3333333333333333,0.5,0.0,0.0,0.0,0.8658894330109049,0.08769242934061335,0.40599003,0.5,0.40599003434181213
17515749,0.0,0.0,0.0,0.0,0.0,0.677101910536761,0.0008433243379923116,0.07670698,0.0,0.07670698314905167
17524742,0.0,0.0,0.0,0.0,0.0,0.9394859795766547,0.000500311049541799,0.106398806,0.0,0.106398805975914
17526658,0.0,0.0,0.0,0.0,0.0,0.9592404724668697,0.0015715180651034715,0.1087088,0.0,0.10870879888534546
17528783,0.3333333333333333,0.25,0.0,0.33333333333333337,0.33333333333333337,0.9574210931565966,0.0834225189852271,0.4160659,0.25,0.41606590151786804
17530043,0.0,0.0,0.0,0.0,0.0,0.7835692923971794,0.0017734573694217128,0.08882767,0.0,0.08882766962051392
17537187,0.0,0.0,0.0,0.0,0.0,0.6549788182021288,0.008548128837167907,0.07472508,0.0,0.07472507655620575
17540560,0.0,0.0,0.0,0.0,0.0,0.8455428430323483,0.009368553730434223,0.09636229,0.0,0.09636229276657104
17540746,0.0,0.0,0.0,0.0,0.0,0.6171202869534268,0.06571182366764672,0.074321866,0.0,0.07432186603546143
17542666,0.0,0.0,0.0,0.0,0.0,0.9574210931565966,0.04225017148402529,0.11126688,0.0,0.11126688122749329
175473,0.0,0.0,0.0,0.0,0.0,0.9204559262177173,0.004810128168533848,0.104536496,0.0,0.1045364961028099
17547378,0.0,0.0,0.0,0.0,0.0,0.7398616303702709,0.017204241188633437,0.084926285,0.0,0.08492628484964371
17548348,0.0,0.0,0.0,0.0,0.0,1.0,0.06706068393402023,0.117774844,0.0,0.1177748441696167
17548763,0.0,0.0,0.0,0.0,0.0,0.813093860476119,0.004321267395186668,0.09234447,0.0,0.09234447032213211
17550920,0.3333333333333333,0.4266912384650716,0.0,0.0,0.0,0.9394859795766547,0.10073001246899058,0.38200176,0.4266912384650716,0.38200175762176514
17553103,0.0,0.0,0.0,0.0,0.0,0.7398616303702709,0.009685074108074532,0.084415354,0.0,0.08441535383462906
17553191,0.3333333333333333,0.25,0.0,0.33333333333333337,0.33333333333333337,0.38431661042061077,0.0839039286468301,0.35119423,0.25,0.35119423270225525
17553397,0.0,0.0,0.0,0.0,0.0,0.813093860476119,0.00859262212092869,0.09263471,0.0,0.09263470768928528
17556659,0.0,0.0,0.0,0.0,0.0,0.9330432028908702,0.008942088289351889,0.106242776,0.0,0.10624277591705322
17558182,0.0,0.0,0.0,0.0,0.0,0.9574210931565966,0.026998365765448628,0.11023051,0.0,0.11023051291704178
17560937,0.0,0.0,0.0,0.0,0.0,0.8658894330109049,0.013303726407876606,0.09893395,0.0,0.09893395006656647
17563020,0.0,0.0,0.0,0.0,0.0,0.9592404724668697,0.0011405754006292258,0.10867952,0.0,0.10867951810359955
17565891,0.0,0.0,0.0,0.0,0.0,0.9574210931565966,0.015279569548357474,0.10943422,0.0,0.10943421721458435
17565994,0.0,0.0,0.0,0.0,0.0,0.7398616303702709,0.02188182359419252,0.08524413,0.0,0.08524412661790848
1756621,0.0,0.0,0.0,0.0,0.0,0.813093860476119,0.001743818120329391,0.09216933,0.0,0.09216932952404022
17567609,0.0,0.0,0.0,0.0,0.0,0.9574210931565966,0.03849578522082068,0.111011766,0.0,0.11101176589727402
17570154,0.0,0.0,0.0,0.0,0.0,0.9574210931565966,0.00019511688993461627,0.108409226,0.0,0.10840922594070435
17575531,0.0,0.0,0.0,0.0,0.0,0.9592404724668697,0.001092036678505999,0.10867622,0.0,0.10867621749639511
17582384,0.0,0.0,0.0,0.0,0.0,0.8658894330109049,0.0005561011474603165,0.098067746,0.0,0.0980677455663681
17586622,0.0,0.0,0.0,0.0,0.0,0.9574210931565966,0.07572591315529775,0.113541566,0.0,0.11354156583547592
17589906,0.0,0.0,0.0,0.0,0.0,0.9330432028908702,0.005451195679010675,0.10600557,0.0,0.10600557178258896
1759181,0.0,0.0,0.0,0.0,0.0,0.9394859795766547,0.009444983199645193,0.107006595,0.0,0.10700659453868866
17594136,0.0,0.0,0.0,0.0,0.0,1.0,0.005564198846966585,0.11359614,0.0,0.11359614133834839
17602194,0.0,0.0,0.0,0.0,0.0,1.0,0.004866827895118921,0.113548756,0.0,0.11354875564575195
17617518,0.0,0.0,0.0,0.0,0.0,0.8455428430323483,0.00045485090052230703,0.095756605,0.0,0.09575660526752472
17624589,0.0,0.0,0.0,0.0,0.0,1.0,0.0014508022871709276,0.11331663,0.0,0.11331663280725479
17627045,0.0,0.0,0.0,0.0,0.0,0.6171202869534268,0.0017749397177620318,0.069977336,0.0,0.06997733563184738
17630489,0.0,0.0,0.0,0.0,0.0,0.5803133815727446,0.004734501068103579,0.06601004,0.0,0.06601004302501678
17644635,0.0,0.0,0.0,0.0,0.0,0.6549788182021288,0.0010508827897505702,0.074215636,0.0,0.07421563565731049
17645505,0.0,0.0,0.0,0.0,0.0,0.9574210931565966,0.0589297384791579,0.11240026,0.0,0.11240026354789734
17657810,0.0,0.0,0.0,0.0,0.0,0.9204559262177173,0.008310315320908118,0.10477433,0.0,0.10477433353662491
17658075,0.0,0.0,0.0,0.0,0.0,0.8658894330109049,0.008521496551676175,0.098609,0.0,0.09860900044441223
17660333,0.0,0.0,0.0,0.0,0.0,0.677101910536761,0.0009677315736316506,0.07671544,0.0,0.07671543955802917
17668238,0.0,0.0,0.0,0.0,0.0,0.6549788182021288,0.0010508827897505702,0.074215636,0.0,0.07421563565731049
17673099,0.6666666666666666,0.8533824769301432,0.0,0.0,0.0,0.9394859795766547,0.17141695461865616,0.65559727,0.8533824769301432,0.6555972695350647
17676511,0.0,0.0,0.0,0.0,0.0,0.8658894330109049,0.0005561011474603165,0.098067746,0.0,0.0980677455663681
17697991,0.0,0.0,0.0,0.0,0.0,0.9204559262177173,0.008944121115892658,0.1048174,0.0,0.10481739789247513
17708309,0.0,0.0,0.0,0.0,0.0,0.38431661042061077,0.0013005773770648937,0.04357997,0.0,0.04357996955513954
17713109,0.0,0.0,0.0,0.0,0.0,0.0,0.002712686829248518,0.00015187342,0.0,0.00015187342069111764
17718867,0.0,0.0,0.0,0.0,0.0,0.8698941966083295,0.000431548273296633,0.09851283,0.0,0.09851282835006714
17719459,0.0,0.0,0.0,0.0,0.0,1.0,0.032103896318736884,0.11539952,0.0,0.11539951711893082
17746464,0.0,0.0,0.0,0.0,0.0,0.6549788182021288,0.004409051405242061,0.074443825,0.0,0.07444382458925247
17826349,0.0,0.0,0.0,0.0,0.0,0.9394859795766547,0.011721438025811168,0.10716128,0.0,0.10716128349304199
17827249,0.0,0.0,0.0,0.0,0.0,0.6549788182021288,0.010419564208548254,0.07485224,0.0,0.07485224306583405
17829189,0.0,0.0,0.0,0.0,0.0,0.8658894330109049,0.012329941735950076,0.09886778,0.0,0.09886778146028519
17831577,0.0,0.0,0.0,0.0,0.0,0.9592404724668697,0.0047578159697028504,0.108925305,0.0,0.10892530530691147
17836849,0.0,0.0,0.0,0.0,0.0,0.9330432028908702,0.0006934126291761023,0.105682276,0.0,0.10568227618932724
17850012,0.0,0.0,0.0,0.0,0.0,0.9574210931565966,0.5234899965711849,0.14396727,0.0,0.14396727085113525
17850268,0.0,0.0,0.0,0.0,0.0,0.9394859795766547,0.004724921640192152,0.10668587,0.0,0.10668586939573288
17856365,0.0,0.0,0.0,0.0,0.0,0.9330432028908702,0.005711310350880862,0.106023245,0.0,0.10602324455976486
17860158,0.0,0.0,0.0,0.0,0.0,0.5803133815727446,0.004904706214136125,0.06602161,0.0,0.06602160632610321
17862286,0.0,0.0,0.0,0.0,0.0,0.9574210931565966,0.12152882287790726,0.11665389,0.0,0.11665388941764832
17862883,0.0,0.0,0.0,0.0,0.0,0.8658894330109049,0.04559467739237308,0.10112813,0.0,0.10112813115119934
17864134,0.0,0.0,0.0,0.0,0.0,0.0,0.005552025132989411,0.0003448073,0.0,0.00034480731119401753
17864472,0.0,0.0,0.0,0.0,0.0,0.0,0.003705739714568165,0.00021935167,0.0,0.00021935167023912072
17866516,0.0,0.0,0.0,0.0,0.0,1.0,0.0006140940848882498,0.11325978,0.0,0.11325977742671967
17877831,0.0,0.0,0.0,0.0,0.0,0.0,0.005552025132989411,0.0003448073,0.0,0.00034480731119401753
17881987,0.0,0.0,0.0,0.0,0.0,0.7835692923971794,0.017532636703142347,0.08989851,0.0,0.08989851176738739
17885419,0.0,0.0,0.0,0.0,0.0,0.9394859795766547,0.03194585863709303,0.108535536,0.0,0.108535535633564
17886496,0.0,0.0,0.0,0.0,0.0,0.9394859795766547,0.012065315040541993,0.10718465,0.0,0.10718464851379395
17887849,0.0,0.0,0.0,0.0,0.0,0.43959775100198173,0.0245127923224982,0.051417865,0.0,0.051417864859104156
17888209,0.0,0.0,0.0,0.0,0.0,0.9574210931565966,0.008305322485247315,0.108960316,0.0,0.10896031558513641
17900812,0.0,0.0,0.0,0.0,0.0,0.8455428430323483,0.016286733270616312,0.09683239,0.0,0.09683238714933395
17902979,0.0,0.0,0.0,0.0,0.0,0.9394859795766547,0.0062331213075666305,0.10678835,0.0,0.10678835213184357
17909423,0.0,0.0,0.0,0.0,0.0,0.9574210931565966,0.007842192334390794,0.108928844,0.0,0.10892884433269501
17912672,0.0,0.0,0.0,0.0,0.0,0.43959775100198173,0.0005560523691736118,0.049789995,0.0,0.049789994955062866
17918441,0.0,0.0,0.0,0.0,0.0,0.9574210931565966,0.0038608357740414294,0.108658314,0.0,0.1086583137512207
17924186,0.0,0.0,0.0,0.0,0.0,0.9394859795766547,0.01203550914627388,0.10718262,0.0,0.10718262195587158
17929500,0.0,0.0,0.0,0.0,0.0,0.9592404724668697,0.0008340136975763862,0.10865869,0.0,0.10865868628025055
17931722,0.3333333333333333,0.25,0.0,0.33333333333333337,0.33333333333333337,0.9204559262177173,0.0836678636106002,0.41189626,0.25,0.4118962585926056
17934423,0.0,0.0,0.0,0.0,0.0,0.9394859795766547,0.011873436076535583,0.10717161,0.0,0.10717160999774933
17943996,0.0,0.0,0.0,0.0,0.0,0.9574210931565966,0.07451298022422499,0.11345915,0.0,0.11345914751291275
17948234,0.0,0.0,0.0,0.0,0.0,0.9574210931565966,4.5424639373271e-05,0.108399056,0.0,0.10839905589818954
17955306,0.0,0.0,0.0,0.0,0.0,1.0,0.04228721224983073,0.11609148,0.0,0.11609148234128952
17955640,0.0,0.0,0.0,0.0,0.0,0.8658894330109049,0.0005561011474603165,0.098067746,0.0,0.0980677455663681
17956232,0.0,0.0,0.0,0.0,0.0,0.38431661042061077,0.008859765643521783,0.04409362,0.0,0.04409362003207207
17961577,0.0,0.0,0.0,0.0,0.0,0.9574210931565966,0.00021789093312445598,0.108410776,0.0,0.1084107756614685
17962349,0.0,0.0,0.0,0.0,0.0,0.677101910536761,0.021329004919979327,0.07809899,0.0,0.07809899002313614
17963120,0.3333333333333333,0.25,0.0,0.33333333333333337,0.33333333333333337,1.0,0.0849132052905335,0.42098927,0.25,0.4209892749786377
17971670,0.6666666666666666,0.5,0.0,0.6666666666666667,0.6666666666666667,0.9574210931565966,0.1933595333407409,0.7255375,0.5,0.7255374789237976
17973137,0.0,0.0,0.0,0.0,0.0,0.9574210931565966,0.007817588162694337,0.108927175,0.0,0.1089271754026413
17974216,0.0,0.0,0.0,0.0,0.0,1.0,0.015720915982535996,0.11428629,0.0,0.11428628861904144
17978915,0.3333333333333333,0.4266912384650716,0.0,0.0,0.0,0.9394859795766547,0.11490791329606893,0.38296515,0.4266912384650716,0.3829651474952698
17987925,0.0,0.0,0.0,0.0,0.0,0.38431661042061077,0.012701311118097693,0.044354655,0.0,0.04435465484857559
17993853,0.0,0.0,0.0,0.0,0.0,1.0,0.009335385531146687,0.11385239,0.0,0.11385238915681839
18000551,0.0,0.0,0.0,0.0,0.0,0.8658894330109049,0.0009832667953356296,0.09809677,0.0,0.09809677302837372
18003414,0.0,0.0,0.0,0.0,0.0,0.8658894330109049,0.0005561011474603165,0.098067746,0.0,0.0980677455663681
18006637,0.0,0.0,0.0,0.0,0.0,1.0,0.017322887308222,0.11439514,0.0,0.1143951416015625
18010581,0.3333333333333333,0.25,0.0,0.33333333333333337,0.33333333333333337,1.0,0.08406500977268848,0.42093164,0.25,0.4209316372871399
18013276,0.0,0.0,0.0,0.0,0.0,1.0,0.009191641112024643,0.11384262,0.0,0.11384262144565582
18014005,0.0,0.0,0.0,0.0,0.0,0.9394859795766547,0.016409668196909182,0.10747985,0.0,0.10747984796762466
18024506,0.0,0.0,0.0,0.0,0.0,0.813093860476119,0.005576338045137877,0.09242975,0.0,0.0924297496676445
18027230,0.0,0.0,0.0,0.0,0.0,0.9394859795766547,0.00027099064669274485,0.10638322,0.0,0.10638321936130524
18031789,0.0,0.0,0.0,0.0,0.0,0.8658894330109049,0.004693949426781145,0.098348916,0.0,0.09834891557693481
18033114,0.0,0.0,0.0,0.0,0.0,0.9394859795766547,0.016206167011711844,0.10746602,0.0,0.10746601969003677
18034865,0.0,0.0,0.0,0.0,0.0,0.5803133815727446,0.008420918156361023,0.06626053,0.0,0.06626053154468536
18037238,0.0,0.0,0.0,0.0,0.0,1.0,0.005091211826789234,0.113564,0.0,0.11356399953365326
18044059,0.3333333333333333,0.25,0.0,0.33333333333333337,0.33333333333333337,0.9574210931565966,0.20464827330110721,0.42430323,0.25,0.42430323362350464
18045976,0.0,0.0,0.0,0.0,0.0,0.7473484305271403,0.029162081474963963,0.08658671,0.0,0.08658670634031296
18046425,0.0,0.0,0.0,0.0,0.0,0.9592404724668697,0.0015610315461608312,0.10870808,0.0,0.10870808362960815
18047199,0.0,0.0,0.0,0.0,0.0,0.9394859795766547,0.004524567128044916,0.10667225,0.0,0.1066722497344017
18049260,0.0,0.0,0.0,0.0,0.0,0.0,0.005552025132989411,0.0003448073,0.0,0.00034480731119401753
18050213,0.0,0.0,0.0,0.0,0.0,0.9330432028908702,0.014600315009807265,0.106627256,0.0,0.10662725567817688
18050805,0.0,0.0,0.0,0.0,0.0,1.0,0.0006140940848882498,0.11325978,0.0,0.11325977742671967
18059285,0.0,0.0,0.0,0.0,0.0,0.9204559262177173,0.02821744353744594,0.10612702,0.0,0.10612702369689941
18064251,0.0,0.0,0.0,0.0,0.0,0.0,0.003705739714568165,0.00021935167,0.0,0.00021935167023912072
18065267,0.0,0.0,0.0,0.0,0.0,0.9394859795766547,0.008227799599218419,0.106923886,0.0,0.10692388564348221
18067465,0.0,0.0,0.0,0.0,0.0,0.8455428430323483,0.005350316623834468,0.09608925,0.0,0.09608925133943558
18070682,0.0,0.0,0.0,0.0,0.0,0.9592404724668697,0.010843401991254567,0.10933883,0.0,0.10933882743120193
18071286,0.0,0.0,0.0,0.0,0.0,0.9204559262177173,0.04087539875245322,0.10698714,0.0,0.10698714107275009
18079672,0.0,0.0,0.0,0.0,0.0,0.9394859795766547,0.0004933297248753435,0.10639833,0.0,0.1063983291387558
18083070,0.0,0.0,0.0,0.0,0.0,0.8658894330109049,0.024571513754888252,0.0996996,0.0,0.09969960153102875
18096326,0.3333333333333333,0.5,0.0,0.0,0.0,1.0,0.11035103864807858,0.42271778,0.5,0.42271777987480164
18102660,0.0,0.0,0.0,0.0,0.0,0.9574210931565966,0.1481389494421498,0.118462056,0.0,0.11846205592155457
18112363,0.0,0.0,0.0,0.0,0.0,0.8455428430323483,0.004547629875241026,0.09603471,0.0,0.0960347130894661
18112998,0.0,0.0,0.0,0.0,0.0,0.0,0.005552025132989411,0.0003448073,0.0,0.00034480731119401753
18116560,0.3333333333333333,0.25,0.0,0.33333333333333337,0.33333333333333337,0.43959775100198173,0.08539849541579533,0.3575564,0.25,0.35755640268325806
18117244,0.0,0.0,0.0,0.0,0.0,0.9394859795766547,0.004084484272482734,0.10664235,0.0,0.10664235055446625
18119760,0.3333333333333333,0.25,0.0,0.33333333333333337,0.33333333333333337,1.0,0.088950438969208,0.4212636,0.25,0.42126360535621643
18120477,0.3333333333333333,0.25,0.0,0.33333333333333337,0.33333333333333337,0.9204559262177173,0.0875013507918804,0.41215673,0.25,0.41215673089027405
18128517,0.0,0.0,0.0,0.0,0.0,0.8698941966083295,0.008807036471023584,0.09908194,0.0,0.09908194094896317
18132782,0.0,0.0,0.0,0.0,0.0,0.0,0.003090311241761086,0.00017753312,0.0,0.0001775331184035167
18132880,0.3333333333333333,0.5,0.0,0.0,0.0,0.9204559262177173,0.09525974669901295,0.4126839,0.5,0.41268390417099
18134710,0.3333333333333333,0.25,0.0,0.33333333333333337,0.33333333333333337,0.9204559262177173,0.08749318315018464,0.41215616,0.25,0.4121561646461487
18139029,0.0,0.0,0.0,0.0,0.0,0.43959775100198173,0.0008041084975571226,0.049806852,0.0,0.049806851893663406
18141609,0.3333333333333333,0.25,0.0,0.33333333333333337,0.33333333333333337,0.9574210931565966,0.08349224036081325,0.41607064,0.25,0.4160706400871277
18149185,0.0,0.0,0.0,0.0,0.0,0.6549788182021288,0.0010508827897505702,0.074215636,0.0,0.07421563565731049
18156509,0.0,0.0,0.0,0.0,0.0,0.9394859795766547,0.00027099064669274485,0.10638322,0.0,0.10638321936130524
18156806,0.0,0.0,0.0,0.0,0.0,0.0,0.005552025132989411,0.0003448073,0.0,0.00034480731119401753
18162730,0.3333333333333333,0.5,0.0,0.0,0.0,0.8658894330109049,0.09147614471532037,0.40624714,0.5,0.4062471389770508
18166634,0.0,0.0,0.0,0.0,0.0,0.8658894330109049,0.008886416836379873,0.098633796,0.0,0.0986337959766388
18179554,0.0,0.0,0.0,0.0,0.0,0.9574210931565966,0.04594561071207089,0.11151799,0.0,0.11151798814535141
18183543,0.0,0.0,0.0,0.0,0.0,0.9204559262177173,0.000369039499314288,0.10423472,0.0,0.1042347177863121
18190568,0.0,0.0,0.0,0.0,0.0,0.8658894330109049,0.015719743816776176,0.09909812,0.0,0.09909812361001968
18194029,0.0,0.0,0.0,0.0,0.0,0.9592404724668697,0.0019797914741954232,0.10873654,0.0,0.1087365373969078
18197944,0.0,0.0,0.0,0.0,0.0,0.5803133815727446,0.013631773017038848,0.06661461,0.0,0.06661461293697357
18197971,0.0,0.0,0.0,0.0,0.0,0.9574210931565966,0.0039094145406837226,0.108661614,0.0,0.10866161435842514
18198300,0.0,0.0,0.0,0.0,0.0,0.677101910536761,0.0002891992696025335,0.07666933,0.0,0.07666932791471481
18199717,0.0,0.0,0.0,0.0,0.0,0.813093860476119,0.006154771076879906,0.09246905,0.0,0.09246905148029327
18201948,0.0,0.0,0.0,0.0,0.0,0.0,0.0013427799946825454,5.8787835e-05,0.0,5.878783485968597e-05
18202775,0.0,0.0,0.0,0.0,0.0,0.5803133815727446,0.0022734695267199794,0.065842815,0.0,0.06584281474351883
18208795,0.0,0.0,0.0,0.0,0.0,0.9574210931565966,0.05384222119471901,0.112054564,0.0,0.11205456405878067
18211716,0.0,0.0,0.0,0.0,0.0,1.0,0.010977299053138408,0.11396396,0.0,0.11396396160125732
18216488,0.0,0.0,0.0,0.0,0.0,0.6171202869534268,0.005783854114311013,0.070249744,0.0,0.07024974375963211
18217662,0.0,0.0,0.0,0.0,0.0,0.9592404724668697,0.0015610315461608312,0.10870808,0.0,0.10870808362960815
18218255,0.0,0.0,0.0,0.0,0.0,1.0,0.004851695694278364,0.11354773,0.0,0.11354772746562958
18220568,0.0,0.0,0.0,0.0,0.0,0.9394859795766547,0.004650854450885422,0.10668083,0.0,0.10668083280324936
18221018,0.0,0.0,0.0,0.0,0.0,0.9574210931565966,0.026842131175149248,0.110219896,0.0,0.11021989583969116
18225076,0.0,0.0,0.0,0.0,0.0,1.0,0.016432985147494382,0.11433467,0.0,0.11433467268943787
18226553,0.0,0.0,0.0,0.0,0.0,0.9330432028908702,0.005630448393850122,0.106017746,0.0,0.10601774603128433
18229080,0.3333333333333333,0.25,0.0,0.33333333333333337,0.33333333333333337,0.9204559262177173,0.09159954625385866,0.4124352,0.25,0.4124352037906647
18229692,0.0,0.0,0.0,0.0,0.0,0.9574210931565966,0.00020183424215528456,0.10840968,0.0,0.10840968042612076
18240461,0.0,0.0,0.0,0.0,0.0,0.9330432028908702,0.00499833612136119,0.1059748,0.0,0.10597480088472366
18242426,0.0,0.0,0.0,0.0,0.0,0.9204559262177173,0.0014608990688487512,0.10430891,0.0,0.10430891066789627
182563,0.0,0.0,0.0,0.0,0.0,0.8658894330109049,0.010509027971652875,0.09874405,0.0,0.09874404966831207
18257868,0.0,0.0,0.0,0.0,0.0,0.7398616303702709,0.013965237098919423,0.08470619,0.0,0.08470618724822998
18261996,0.0,0.0,0.0,0.0,0.0,0.7473484305271403,0.004136007170956727,0.08488618,0.0,0.08488617837429047
18262909,0.0,0.0,0.0,0.0,0.0,0.9574210931565966,0.003968250614049068,0.10866561,0.0,0.10866560786962509
18263331,0.0,0.0,0.0,0.0,0.0,0.0,0.003705739714568165,0.00021935167,0.0,0.00021935167023912072
18267236,0.0,0.0,0.0,0.0,0.0,0.7835692923971794,0.00537589971642836,0.08907246,0.0,0.08907245844602585
18273175,0.0,0.0,0.0,0.0,0.0,1.0,0.021481917338359822,0.11467775,0.0,0.11467774957418442
18278088,0.0,0.0,0.0,0.0,0.0,0.9204559262177173,0.004466437734547176,0.10451314,0.0,0.10451313853263855
18279690,0.0,0.0,0.0,0.0,0.0,0.9574210931565966,0.020392966669176334,0.109781675,0.0,0.1097816750407219
18279744,0.0,0.0,0.0,0.0,0.0,0.7398616303702709,0.009488311030903505,0.08440198,0.0,0.08440198004245758
18280014,0.0,0.0,0.0,0.0,0.0,0.0,0.005552025132989411,0.0003448073,0.0,0.00034480731119401753
18288362,0.0,0.0,0.0,0.0,0.0,0.9204559262177173,0.00426590492248469,0.10449951,0.0,0.10449951142072678
18294221,0.0,0.0,0.0,0.0,0.0,1.0,0.013504221386677671,0.11413567,0.0,0.11413566768169403
18301693,0.0,0.0,0.0,0.0,0.0,0.0,0.010438477819536095,0.0006768433,0.0,0.0006768432795070112
18311970,0.0,0.0,0.0,0.0,0.0,0.8698941966083295,0.0004845803044251982,0.09851643,0.0,0.09851642698049545
18317966,0.0,0.0,0.0,0.0,0.0,0.9394859795766547,0.004371717628082036,0.10666186,0.0,0.10666186362504959
18326035,0.0,0.0,0.0,0.0,0.0,0.9394859795766547,0.07133066843524817,0.11121175,0.0,0.11121174693107605
18327631,0.0,0.0,0.0,0.0,0.0,1.0,0.027323749990656652,0.11507471,0.0,0.11507470905780792
18331325,0.0,0.0,0.0,0.0,0.0,0.9330432028908702,0.0012956223466063217,0.105723195,0.0,0.10572319477796555
1833431,0.0,0.0,0.0,0.0,0.0,0.8455428430323483,0.0008230287303774082,0.095781624,0.0,0.09578162431716919
18335602,0.0,0.0,0.0,0.0,0.0,0.9574210931565966,0.046704939196029416,0.11156958,0.0,0.11156958341598511
18336787,0.3333333333333333,0.4266912384650716,0.0,0.0,0.0,0.9574210931565966,0.09204216581896514,0.38344258,0.4266912384650716,0.38344258069992065
18338903,0.0,0.0,0.0,0.0,0.0,0.8698941966083295,0.000431548273296633,0.09851283,0.0,0.09851282835006714
18343473,0.0,0.0,0.0,0.0,0.0,0.813093860476119,0.004163536369212464,0.09233375,0.0,0.09233374893665314
18349132,0.0,0.0,0.0,0.0,0.0,0.8658894330109049,0.0005561011474603165,0.098067746,0.0,0.0980677455663681
18350445,0.3333333333333333,0.25,0.0,0.33333333333333337,0.33333333333333337,0.7835692923971794,0.08446011999337555,0.3964476,0.25,0.3964475989341736
18352189,0.0,0.0,0.0,0.0,0.0,0.43959775100198173,0.0021852940469112713,0.049900703,0.0,0.04990070313215256
18353496,0.0,0.0,0.0,0.0,0.0,0.9574210931565966,0.06451071583415985,0.11277949,0.0,0.11277949064970016
18354470,0.0,0.0,0.0,0.0,0.0,0.8455428430323483,0.01110037419662323,0.096479975,0.0,0.09647997468709946
18360110,0.0,0.0,0.0,0.0,0.0,0.9574210931565966,0.023159462333638952,0.10996966,0.0,0.10996966063976288
18361955,0.0,0.0,0.0,0.0,0.0,0.43959775100198173,0.004326109748095873,0.050046172,0.0,0.0500461719930172
18362842,0.0,0.0,0.0,0.0,0.0,0.0,0.0017847148851672955,8.881745e-05,0.0,8.881744724931195e-05
18366220,0.0,0.0,0.0,0.0,0.0,0.0,0.005552025132989411,0.0003448073,0.0,0.00034480731119401753
18380360,0.0,0.0,0.0,0.0,0.0,0.9592404724668697,0.004722216275628458,0.10892289,0.0,0.10892289131879807
18382715,0.0,0.0,0.0,0.0,0.0,0.9204559262177173,0.0002256863045739105,0.10422498,0.0,0.10422497987747192
18390476,0.0,0.0,0.0,0.0,0.0,0.9204559262177173,0.0011875688673659254,0.10429034,0.0,0.10429033637046814
18392870,0.0,0.0,0.0,0.0,0.0,0.813093860476119,0.0069802877643666845,0.09252515,0.0,0.09252514690160751
18398842,0.0,0.0,0.0,0.0,0.0,0.9574210931565966,0.02639424924398947,0.11018947,0.0,0.11018946766853333
18402562,0.0,0.0,0.0,0.0,0.0,0.9574210931565966,0.005830313411362147,0.10879214,0.0,0.10879214107990265
18403763,0.0,0.0,0.0,0.0,0.0,0.45211423566191483,0.004369787841048253,0.05146664,0.0,0.05146664008498192
18405034,0.0,0.0,0.0,0.0,0.0,0.6171202869534268,0.008423466889999799,0.07042911,0.0,0.07042910903692245
18413484,0.0,0.0,0.0,0.0,0.0,0.9204559262177173,0.02018279870114847,0.10558107,0.0,0.10558106750249863
18413922,0.0,0.0,0.0,0.0,0.0,0.9204559262177173,0.007942806822872808,0.10474936,0.0,0.10474935919046402
18416284,0.3333333333333333,0.25,0.0,0.33333333333333337,0.33333333333333337,0.9204559262177173,0.09539228504931258,0.41269293,0.25,0.41269293427467346
18419709,0.0,0.0,0.0,0.0,0.0,0.9592404724668697,0.004617241620177707,0.10891575,0.0,0.10891575366258621
18441690,0.6666666666666666,0.5,0.0,0.6666666666666667,0.6666666666666667,0.0,0.17221869179965607,0.6156725,0.5,0.6156725287437439
18444724,0.3333333333333333,0.25,0.0,0.33333333333333337,0.33333333333333337,0.9204559262177173,0.08847331187671177,0.41222277,0.25,0.4122227728366852
18446235,0.0,0.0,0.0,0.0,0.0,0.0,0.005552025132989411,0.0003448073,0.0,0.00034480731119401753
18448748,0.0,0.0,0.0,0.0,0.0,0.7835692923971794,0.006255361320470928,0.08913222,0.0,0.08913221955299377
18454132,0.0,0.0,0.0,0.0,0.0,0.813093860476119,0.00047470705641281343,0.09208309,0.0,0.09208308905363083
18454167,0.0,0.0,0.0,0.0,0.0,0.5803133815727446,0.013325078060615654,0.06659377,0.0,0.06659377366304398
18462658,0.0,0.0,0.0,0.0,0.0,0.38431661042061077,0.0005063618955992949,0.043526,0.0,0.043526001274585724
18470677,0.0,0.0,0.0,0.0,0.0,0.8658894330109049,0.0074993142523305,0.09853954,0.0,0.09853953868150711
18475357,0.0,0.0,0.0,0.0,0.0,0.677101910536761,0.0012375060159993106,0.07673377,0.0,0.07673376798629761
18479406,0.0,0.0,0.0,0.0,0.0,0.7398616303702709,0.012527139603182991,0.08460847,0.0,0.08460847288370132
18481392,0.0,0.0,0.0,0.0,0.0,0.9592404724668697,0.008596454181640166,0.10918614,0.0,0.10918614268302917
18485036,0.0,0.0,0.0,0.0,0.0,0.813093860476119,0.005071454050782184,0.09239544,0.0,0.09239543974399567
18490620,0.0,0.0,0.0,0.0,0.0,0.9574210931565966,0.030842985601819424,0.11049176,0.0,0.11049176007509232
18503945,0.0,0.0,0.0,0.0,0.0,0.9204559262177173,0.0004982224965775981,0.104243495,0.0,0.10424349457025528
18506582,0.0,0.0,0.0,0.0,0.0,0.8658894330109049,0.0005561011474603165,0.098067746,0.0,0.0980677455663681
18516935,0.0,0.0,0.0,0.0,0.0,0.9204559262177173,0.008085908517953199,0.10475908,0.0,0.104759082198143
18521819,0.0,0.0,0.0,0.0,0.0,0.9394859795766547,0.0002807367177327817,0.10638388,0.0,0.10638388246297836
18529500,0.0,0.0,0.0,0.0,0.0,0.8698941966083295,0.020740341716453566,0.09989282,0.0,0.09989281743764877
18531868,0.3333333333333333,0.25,0.0,0.33333333333333337,0.33333333333333337,0.0,0.09377181115286942,0.3083407,0.25,0.3083406984806061
18532459,0.0,0.0,0.0,0.0,0.0,0.8658894330109049,0.0019366633490708752,0.098161556,0.0,0.09816155582666397
18535985,0.0,0.0,0.0,0.0,0.0,0.9574210931565966,0.011803577926841486,0.10919803,0.0,0.10919802635908127
18536192,0.0,0.0,0.0,0.0,0.0,0.9574210931565966,0.00019581580370839973,0.10840927,0.0,0.10840927064418793
18551792,0.0,0.0,0.0,0.0,0.0,0.9330432028908702,0.0057596794312569505,0.10602653,0.0,0.1060265302658081
18551889,0.0,0.0,0.0,0.0,0.0,0.9574210931565966,0.00017500096735131081,0.108407855,0.0,0.10840785503387451
18552677,0.0,0.0,0.0,0.0,0.0,0.9574210931565966,0.01759415306152554,0.10959149,0.0,0.10959149152040482
18555730,0.0,0.0,0.0,0.0,0.0,0.7835692923971794,0.024488793020733018,0.090371184,0.0,0.09037118405103683
18555743,0.0,0.0,0.0,0.0,0.0,0.9574210931565966,0.00016456575626783244,0.10840715,0.0,0.1084071472287178
18559873,0.0,0.0,0.0,0.0,0.0,0.8698941966083295,0.02190448500082565,0.09997192,0.0,0.09997192025184631
18567925,0.0,0.0,0.0,0.0,0.0,0.9574210931565966,0.0012529351051270969,0.1084811,0.0,0.10848110169172287
18581150,0.0,0.0,0.0,0.0,0.0,0.9330432028908702,0.0010372138891533626,0.10570564,0.0,0.1057056412100792
18581294,0.0,0.0,0.0,0.0,0.0,0.8455428430323483,0.03182550481971811,0.09788825,0.0,0.09788825362920761
18581681,0.0,0.0,0.0,0.0,0.0,0.9204559262177173,0.009300787424738954,0.104841635,0.0,0.10484163463115692
18582171,0.0,0.0,0.0,0.0,0.0,0.677101910536761,0.00043531784004885676,0.07667926,0.0,0.07667925953865051
18584267,0.3333333333333333,0.25,0.0,0.33333333333333337,0.33333333333333337,0.9394859795766547,0.09658085204340626,0.41492885,0.25,0.4149288535118103
18585448,0.0,0.0,0.0,0.0,0.0,0.7398616303702709,0.017930617117114356,0.08497564,0.0,0.08497563749551773
18586159,0.0,0.0,0.0,0.0,0.0,0.9204559262177173,0.007699125128336444,0.104732804,0.0,0.10473280400037766
18589172,0.0,0.0,0.0,0.0,0.0,0.9394859795766547,0.00027099064669274485,0.10638322,0.0,0.10638321936130524
18593382,0.0,0.0,0.0,0.0,0.0,0.9574210931565966,0.0001519818417526922,0.1084063,0.0,0.10840629786252975
18594226,0.0,0.0,0.0,0.0,0.0,0.38431661042061077,0.013162804184125606,0.04438601,0.0,0.044386010617017746
18595063,0.0,0.0,0.0,0.0,0.0,0.8658894330109049,0.0005561011474603165,0.098067746,0.0,0.0980677455663681
18602421,0.3333333333333333,0.5,0.0,0.0,0.0,0.38431661042061077,0.15264024035457213,0.35586488,0.5,0.35586488246917725
18606802,0.0,0.0,0.0,0.0,0.0,0.7835692923971794,0.001969712138434423,0.088841006,0.0,0.08884100615978241
18608117,0.0,0.0,0.0,0.0,0.0,0.0,0.0013427799946825454,5.8787835e-05,0.0,5.878783485968597e-05
18610863,0.0,0.0,0.0,0.0,0.0,0.9330432028908702,0.011091213085316362,0.10638881,0.0,0.10638880729675293
18617401,0.0,0.0,0.0,0.0,0.0,0.813093860476119,0.0006323393402266238,0.0920938,0.0,0.0920938029885292
18619137,0.0,0.0,0.0,0.0,0.0,0.9394859795766547,0.0004047557349205417,0.10639231,0.0,0.10639230906963348
18619708,0.0,0.0,0.0,0.0,0.0,0.9574210931565966,0.004059881844430994,0.10867184,0.0,0.10867183655500412
18623167,0.0,0.0,0.0,0.0,0.0,0.7398616303702709,0.00032387059003502054,0.08377925,0.0,0.08377925306558609
18624195,0.0,0.0,0.0,0.0,0.0,1.0,0.0006140940848882498,0.11325978,0.0,0.11325977742671967
18628195,0.0,0.0,0.0,0.0,0.0,0.9592404724668697,0.005449782313248369,0.108972326,0.0,0.10897232592105865
18629050,0.0,0.0,0.0,0.0,0.0,0.45211423566191483,0.0005337219242849225,0.051205978,0.0,0.05120597779750824
18635869,0.0,0.0,0.0,0.0,0.0,0.9592404724668697,0.009497020324443243,0.10924734,0.0,0.10924734175205231
18636844,0.0,0.0,0.0,0.0,0.0,0.9330432028908702,0.005934309690863116,0.1060384,0.0,0.106038399040699
18637875,0.0,0.0,0.0,0.0,0.0,0.9574210931565966,0.004042553795423419,0.10867066,0.0,0.1086706593632698
18638637,0.0,0.0,0.0,0.0,0.0,1.0,0.007029458084487911,0.1136957,0.0,0.11369570344686508
18645243,0.0,0.0,0.0,0.0,0.0,0.7473484305271403,0.050155701790193914,0.088013224,0.0,0.08801322430372238
18652644,0.0,0.0,0.0,0.0,0.0,0.7398616303702709,0.008944478144653685,0.084365025,0.0,0.08436502516269684
18652948,0.0,0.0,0.0,0.0,0.0,1.0,0.009323909710483497,0.113851614,0.0,0.11385161429643631
18653078,0.0,0.0,0.0,0.0,0.0,0.0,0.005552025132989411,0.0003448073,0.0,0.00034480731119401753
18657917,0.0,0.0,0.0,0.0,0.0,0.9592404724668697,0.0007285390098885885,0.10865152,0.0,0.10865151882171631
18659105,0.0,0.0,0.0,0.0,0.0,0.5803133815727446,0.010104324252138917,0.06637492,0.0,0.06637492030858994
1865971,0.0,0.0,0.0,0.0,0.0,0.5803133815727446,0.005521477430177758,0.066063516,0.0,0.06606351584196091
18660521,0.0,0.0,0.0,0.0,0.0,0.9394859795766547,0.029603161318720685,0.108376354,0.0,0.10837635397911072
18668930,0.0,0.0,0.0,0.0,0.0,0.9574210931565966,0.00013529754676239042,0.10840516,0.0,0.10840515792369843
18675144,0.0,0.0,0.0,0.0,0.0,0.8455428430323483,0.021452326570419438,0.09718339,0.0,0.09718339145183563
18675238,0.0,0.0,0.0,0.0,0.0,0.9574210931565966,0.0005767006389727346,0.108435154,0.0,0.10843515396118164
18676090,0.3333333333333333,0.25,0.0,0.33333333333333337,0.33333333333333337,0.9574210931565966,0.09583270021251394,0.41690916,0.25,0.4169091582298279
18677238,0.0,0.0,0.0,0.0,0.0,0.9330432028908702,0.01869483514179793,0.106905475,0.0,0.10690547525882721
18693436,0.0,0.0,0.0,0.0,0.0,0.7835692923971794,0.004501900093782938,0.08901307,0.0,0.08901306986808777
18695536,0.3333333333333333,0.25,0.0,0.33333333333333337,0.33333333333333337,1.0,0.10524923973251339,0.42237112,0.25,0.42237111926078796
18709845,0.0,0.0,0.0,0.0,0.0,0.5803133815727446,0.004783627707104431,0.06601338,0.0,0.0660133808851242
18716273,0.0,0.0,0.0,0.0,0.0,0.813093860476119,0.0013114213725753435,0.092139944,0.0,0.09213994443416595
18717493,0.0,0.0,0.0,0.0,0.0,0.677101910536761,0.001550497321577097,0.07675503,0.0,0.07675503194332123
18717494,0.3333333333333333,0.5,0.0,0.0,0.0,0.813093860476119,0.08742373751449113,0.39999264,0.5,0.3999926447868347
18718930,0.0,0.0,0.0,0.0,0.0,0.9394859795766547,0.0331139566894125,0.10861491,0.0,0.10861490666866302
18721173,0.0,0.0,0.0,0.0,0.0,0.9394859795766547,0.0047262486491138535,0.10668596,0.0,0.10668595880270004
18725918,0.0,0.0,0.0,0.0,0.0,0.38431661042061077,0.0007525821643175136,0.043542735,0.0,0.043542735278606415
18726713,0.0,0.0,0.0,0.0,0.0,0.9394859795766547,0.014420889254290118,0.10734471,0.0,0.10734470933675766
18734728,0.0,0.0,0.0,0.0,0.0,0.9574210931565966,0.00018582450851747524,0.10840859,0.0,0.10840859264135361
18741333,0.0,0.0,0.0,0.0,0.0,0.9574210931565966,7.777161322083358e-05,0.108401254,0.0,0.10840125381946564
18741505,0.0,0.0,0.0,0.0,0.0,0.6549788182021288,0.0006960338832963186,0.074191526,0.0,0.07419152557849884
18745797,0.0,0.0,0.0,0.0,0.0,0.0,0.0014448889791929113,6.572617e-05,0.0,6.572616985067725e-05
18746965,0.3333333333333333,0.25,0.0,0.33333333333333337,0.33333333333333337,0.7473484305271403,0.08480727831428031,0.39236915,0.25,0.3923691511154175
18760928,0.0,0.0,0.0,0.0,0.0,0.7835692923971794,0.005261054362724867,0.08906465,0.0,0.08906465023756027
18762666,0.0,0.0,0.0,0.0,0.0,0.8658894330109049,0.0005561011474603165,0.098067746,0.0,0.0980677455663681
18762748,0.0,0.0,0.0,0.0,0.0,0.813093860476119,0.0013114213725753435,0.092139944,0.0,0.09213994443416595
18775043,0.3333333333333333,0.25,0.0,0.33333333333333337,0.33333333333333337,0.677101910536761,0.0944307502495482,0.3850676,0.25,0.3850676119327545
18781217,0.0,0.0,0.0,0.0,0.0,0.8698941966083295,0.0007691409188516227,0.09853577,0.0,0.09853576868772507
18797739,0.0,0.0,0.0,0.0,0.0,0.677101910536761,0.00043531784004885676,0.07667926,0.0,0.07667925953865051
18817130,0.0,0.0,0.0,0.0,0.0,0.8658894330109049,0.017599745758238423,0.09922587,0.0,0.09922587126493454
18826341,0.0,0.0,0.0,0.0,0.0,0.9592404724668697,0.0006900723084062772,0.1086489,0.0,0.10864890366792679
18843449,0.0,0.0,0.0,0.0,0.0,0.8658894330109049,0.016092786498943343,0.09912347,0.0,0.09912347048521042
18882655,0.0,0.0,0.0,0.0,0.0,0.8658894330109049,0.019165175366072207,0.09933224,0.0,0.09933224320411682
18886013,0.0,0.0,0.0,0.0,0.0,0.9574210931565966,0.0012640484628957287,0.10848186,0.0,0.10848186165094376
18888190,0.0,0.0,0.0,0.0,0.0,0.9204559262177173,0.016225354273503006,0.10531216,0.0,0.10531216114759445
18895320,0.0,0.0,0.0,0.0,0.0,0.9592404724668697,0.005615498295286691,0.10898359,0.0,0.1089835911989212
18897854,0.0,0.0,0.0,0.0,0.0,1.0,0.0006379105356883438,0.113261394,0.0,0.1132613942027092
18906662,0.0,0.0,0.0,0.0,0.0,0.9592404724668697,0.02609131684725009,0.11037493,0.0,0.11037492752075195
18907487,0.0,0.0,0.0,0.0,0.0,0.9394859795766547,0.004047246253671296,0.10663982,0.0,0.1066398173570633
18908187,0.0,0.0,0.0,0.0,0.0,0.9574210931565966,0.0515953548364426,0.11190189,0.0,0.11190188676118851
18908676,0.0,0.0,0.0,0.0,0.0,0.9574210931565966,0.01959891601403344,0.10972772,0.0,0.10972771793603897
18912014,0.0,0.0,0.0,0.0,0.0,0.9204559262177173,0.008870389282400358,0.10481239,0.0,0.104812391102314
18916680,0.0,0.0,0.0,0.0,0.0,0.9574210931565966,0.00026699689636924486,0.108414106,0.0,0.10841410607099533
18923296,0.0,0.0,0.0,0.0,0.0,1.0,0.02031638355679443,0.11459856,0.0,0.11459855735301971
18925783,0.3333333333333333,0.4266912384650716,0.0,0.0,0.0,0.9394859795766547,0.08360432398002607,0.38083807,0.4266912384650716,0.3808380663394928
18940999,0.0,0.0,0.0,0.0,0.0,0.9330432028908702,0.0007496338890896798,0.1056861,0.0,0.10568609833717346
18943482,0.0,0.0,0.0,0.0,0.0,0.0,0.003705739714568165,0.00021935167,0.0,0.00021935167023912072
18950167,0.0,0.0,0.0,0.0,0.0,0.7835692923971794,0.012175025456661624,0.08953446,0.0,0.0895344614982605
18952281,0.0,0.0,0.0,0.0,0.0,0.9574210931565966,0.03124323789810492,0.110518955,0.0,0.11051895469427109
18953636,0.0,0.0,0.0,0.0,0.0,1.0,0.0007979886407179352,0.11327227,0.0,0.1132722720503807
18954398,0.0,0.0,0.0,0.0,0.0,0.8658894330109049,0.06282141258165887,0.10229869,0.0,0.10229869186878204
18956041,0.0,0.0,0.0,0.0,0.0,0.8698941966083295,0.013646911579755583,0.09941082,0.0,0.09941081702709198
18959428,0.0,0.0,0.0,0.0,0.0,0.6171202869534268,0.0053871975447468854,0.07022279,0.0,0.07022278755903244
18961908,0.0,0.0,0.0,0.0,0.0,0.813093860476119,0.0189576821290966,0.09333902,0.0,0.09333901852369308
18968381,0.0,0.0,0.0,0.0,0.0,0.8698941966083295,0.0015879821094113228,0.0985914,0.0,0.0985914021730423
18970302,0.0,0.0,0.0,0.0,0.0,0.0,0.0016183578179471596,7.751343e-05,0.0,7.751343218842521e-05
18971863,0.0,0.0,0.0,0.0,0.0,0.9204559262177173,0.004802424156641915,0.10453597,0.0,0.10453596711158752
18975155,0.0,0.0,0.0,0.0,0.0,0.7835692923971794,0.04051191141251617,0.09145996,0.0,0.0914599597454071
18978733,0.0,0.0,0.0,0.0,0.0,0.7835692923971794,0.005061476676995171,0.08905109,0.0,0.08905109018087387
18982304,0.3333333333333333,0.4266912384650716,0.0,0.0,0.0,0.9394859795766547,0.08777305437343684,0.38112134,0.4266912384650716,0.38112133741378784
18983688,0.0,0.0,0.0,0.0,0.0,0.38431661042061077,0.013997435349833888,0.044442724,0.0,0.04444272443652153
18988350,0.0,0.0,0.0,0.0,0.0,0.9574210931565966,0.01913609022507222,0.10969627,0.0,0.10969626903533936
18993967,0.0,0.0,0.0,0.0,0.0,0.813093860476119,0.007035221941019483,0.09252888,0.0,0.09252887964248657
19000184,0.3333333333333333,0.25,0.0,0.33333333333333337,0.33333333333333337,0.9574210931565966,0.09516162747108364,0.41686356,0.25,0.4168635606765747
19004086,0.0,0.0,0.0,0.0,0.0,0.9204559262177173,0.01960195034771221,0.1055416,0.0,0.10554160177707672
19012615,0.0,0.0,0.0,0.0,0.0,0.7835692923971794,0.004339772023789763,0.08900205,0.0,0.08900205045938492
19017473,0.0,0.0,0.0,0.0,0.0,0.9330432028908702,0.0018443608285518699,0.105760485,0.0,0.10576048493385315
19017785,0.0,0.0,0.0,0.0,0.0,0.9330432028908702,0.0007225370925094359,0.10568426,0.0,0.10568425804376602
19021911,0.0,0.0,0.0,0.0,0.0,0.9330432028908702,0.005258557516405404,0.10599248,0.0,0.10599248111248016
19022050,0.0,0.0,0.0,0.0,0.0,0.9574210931565966,0.012313056667958726,0.10923264,0.0,0.10923264175653458
19023607,0.0,0.0,0.0,0.0,0.0,0.9330432028908702,0.006244660504493749,0.106059484,0.0,0.1060594841837883
19024376,0.0,0.0,0.0,0.0,0.0,0.7835692923971794,0.008841189218055174,0.08930793,0.0,0.08930792659521103
19026329,0.0,0.0,0.0,0.0,0.0,0.9330432028908702,0.007819592541684208,0.106166504,0.0,0.10616650432348251
19033871,0.0,0.0,0.0,0.0,0.0,0.7398616303702709,0.006783353355798622,0.08421818,0.0,0.08421818166971207
19041419,0.0,0.0,0.0,0.0,0.0,0.7835692923971794,0.007309602744728426,0.08920385,0.0,0.0892038494348526
19041498,0.0,0.0,0.0,0.0,0.0,0.0,0.005552025132989411,0.0003448073,0.0,0.00034480731119401753
19042570,0.0,0.0,0.0,0.0,0.0,0.9330432028908702,0.0013329743923260863,0.105725735,0.0,0.1057257354259491
19043458,0.0,0.0,0.0,0.0,0.0,0.7398616303702709,0.016787340532391105,0.08489795,0.0,0.0848979502916336
19045839,0.0,0.0,0.0,0.0,0.0,0.8658894330109049,0.004556286022222586,0.098339565,0.0,0.09833956509828568
19046394,0.0,0.0,0.0,0.0,0.0,0.8658894330109049,0.0008556933477132257,0.09808811,0.0,0.0980881080031395
19050831,0.0,0.0,0.0,0.0,0.0,0.9394859795766547,0.015979791128001544,0.10745064,0.0,0.10745064169168472
19058868,0.0,0.0,0.0,0.0,0.0,0.7398616303702709,0.019756646063096364,0.08509972,0.0,0.0850997194647789
19063439,0.0,0.0,0.0,0.0,0.0,0.9330432028908702,0.026507790209116883,0.107436374,0.0,0.10743637382984161
19063796,0.0,0.0,0.0,0.0,0.0,0.9204559262177173,0.04166545978286089,0.10704082,0.0,0.10704082250595093
19070417,0.0,0.0,0.0,0.0,0.0,1.0,0.0006379105356883438,0.113261394,0.0,0.1132613942027092
19078792,0.0,0.0,0.0,0.0,0.0,0.9330432028908702,0.0009429091387903921,0.105699226,0.0,0.10569922626018524
19084896,0.3333333333333333,0.25,0.0,0.33333333333333337,0.33333333333333337,0.9394859795766547,0.09138247204013628,0.4145756,0.25,0.41457560658454895
19087305,0.0,0.0,0.0,0.0,0.0,0.8658894330109049,0.011454130923515387,0.09880827,0.0,0.09880827367305756
19094564,0.0,0.0,0.0,0.0,0.0,0.9394859795766547,0.000675065949789586,0.106410675,0.0,0.1064106747508049
19098264,0.0,0.0,0.0,0.0,0.0,0.8698941966083295,0.004421294160536869,0.09878393,0.0,0.0987839326262474
19099851,0.0,0.0,0.0,0.0,0.0,0.43959775100198173,0.024975673522366338,0.051449317,0.0,0.05144931748509407
19103957,0.3333333333333333,0.25,0.0,0.33333333333333337,0.33333333333333337,0.813093860476119,0.09282454110478318,0.40035963,0.25,0.4003596305847168
19105135,0.0,0.0,0.0,0.0,0.0,0.9330432028908702,0.038661650366860374,0.108262226,0.0,0.10826222598552704
19105285,0.0,0.0,0.0,0.0,0.0,0.9330432028908702,0.005128337396396424,0.10598363,0.0,0.10598362982273102
19106350,0.0,0.0,0.0,0.0,0.0,0.7398616303702709,0.0047779229168088185,0.08408191,0.0,0.08408191055059433
19109577,0.0,0.0,0.0,0.0,0.0,0.8658894330109049,0.0005561011474603165,0.098067746,0.0,0.0980677455663681
19109908,0.3333333333333333,0.5,0.0,0.0,0.0,0.9394859795766547,0.12012415559385352,0.4165286,0.5,0.4165286123752594
19110217,0.0,0.0,0.0,0.0,0.0,0.9574210931565966,0.008540374621444795,0.10897629,0.0,0.10897628962993622
19112266,0.3333333333333333,0.4266912384650716,0.0,0.0,0.0,0.9394859795766547,0.08349032121401849,0.38083032,0.4266912384650716,0.380830317735672
19115353,0.0,0.0,0.0,0.0,0.0,0.9330432028908702,0.008567106186732109,0.106217295,0.0,0.10621729493141174
19131792,0.3333333333333333,0.5,0.0,0.0,0.0,0.8658894330109049,0.10557013858852711,0.40720484,0.5,0.40720483660697937
19148918,0.0,0.0,0.0,0.0,0.0,0.9574210931565966,5.521343887815483e-05,0.10839972,0.0,0.10839971899986267
19154583,0.0,0.0,0.0,0.0,0.0,0.8455428430323483,0.005041401824537152,0.09606826,0.0,0.09606826305389404
19154612,0.0,0.0,0.0,0.0,0.0,0.8658894330109049,0.01018420347819602,0.09872198,0.0,0.09872198104858398
19160730,0.0,0.0,0.0,0.0,0.0,0.7835692923971794,0.004865386733666564,0.08903777,0.0,0.08903776854276657
19175670,0.0,0.0,0.0,0.0,0.0,0.6549788182021288,0.0015582683325840723,0.07425011,0.0,0.07425010949373245
19176674,0.0,0.0,0.0,0.0,0.0,0.6171202869534268,0.019115965435764597,0.07115567,0.0,0.07115566730499268
19177397,0.3333333333333333,0.25,0.0,0.33333333333333337,0.33333333333333337,1.0,0.08388146389442797,0.42091918,0.25,0.42091917991638184
19186482,0.0,0.0,0.0,0.0,0.0,0.7398616303702709,0.014168009742257466,0.08471997,0.0,0.08471997082233429
19187629,0.0,0.0,0.0,0.0,0.0,0.0,0.005552025132989411,0.0003448073,0.0,0.00034480731119401753
19190374,0.0,0.0,0.0,0.0,0.0,0.9330432028908702,0.0009787632176605444,0.10570166,0.0,0.10570166260004044
19198433,0.0,0.0,0.0,0.0,0.0,0.0,0.005552025132989411,0.0003448073,0.0,0.00034480731119401753
19202226,0.0,0.0,0.0,0.0,0.0,0.9394859795766547,0.008205361083444327,0.106922366,0.0,0.10692236572504044
19202272,0.0,0.0,0.0,0.0,0.0,0.7473484305271403,0.049244799253666344,0.08795133,0.0,0.08795133233070374
19206896,0.0,0.0,0.0,0.0,0.0,0.9204559262177173,0.0007054058599000492,0.104257576,0.0,0.10425757616758347
19209706,0.0,0.0,0.0,0.0,0.0,0.677101910536761,0.001700558276630169,0.07676523,0.0,0.07676523178815842
19215129,0.0,0.0,0.0,0.0,0.0,0.5803133815727446,0.02242311591725707,0.067211986,0.0,0.06721198558807373
19216244,0.0,0.0,0.0,0.0,0.0,0.43959775100198173,0.004805874197214431,0.050078772,0.0,0.05007877200841904
19219542,0.0,0.0,0.0,0.0,0.0,0.8658894330109049,0.0014520747032085509,0.09812863,0.0,0.09812863171100616
19224821,0.0,0.0,0.0,0.0,0.0,0.8658894330109049,0.0005561011474603165,0.098067746,0.0,0.0980677455663681
19237148,0.0,0.0,0.0,0.0,0.0,0.43959775100198173,0.0008619843001255419,0.049810786,0.0,0.04981078580021858
19241013,0.0,0.0,0.0,0.0,0.0,0.8455428430323483,0.02002618643478848,0.09708648,0.0,0.09708648175001144
19248432,0.0,0.0,0.0,0.0,0.0,0.9204559262177173,0.012552123528045675,0.10506257,0.0,0.1050625666975975
19252644,0.0,0.0,0.0,0.0,0.0,0.677101910536761,0.0008201190830841525,0.0767054,0.0,0.07670540362596512
19264957,0.3333333333333333,0.25,0.0,0.33333333333333337,0.33333333333333337,0.813093860476119,0.08774069188361076,0.4000142,0.25,0.400014191865921
19268192,0.0,0.0,0.0,0.0,0.0,0.8455428430323483,0.004091754735932741,0.09600373,0.0,0.09600373357534409
19269161,0.0,0.0,0.0,0.0,0.0,0.9574210931565966,0.014660490221520047,0.10939215,0.0,0.10939215123653412
19279528,0.0,0.0,0.0,0.0,0.0,0.7835692923971794,0.005086193247500851,0.089052774,0.0,0.08905277401208878
19285776,0.0,0.0,0.0,0.0,0.0,0.0,0.005552025132989411,0.0003448073,0.0,0.00034480731119401753
19298258,0.0,0.0,0.0,0.0,0.0,0.677101910536761,0.005972350376601384,0.0770555,0.0,0.07705549895763397
19314095,0.0,0.0,0.0,0.0,0.0,1.0,0.004851695694278364,0.11354773,0.0,0.11354772746562958
19314660,0.3333333333333333,0.5,0.0,0.0,0.0,0.9204559262177173,0.09133757936528795,0.4124174,0.5,0.4124174118041992
19315174,0.0,0.0,0.0,0.0,0.0,0.8455428430323483,0.0435575301327837,0.09868544,0.0,0.09868544340133667
19315920,0.0,0.0,0.0,0.0,0.0,0.8658894330109049,0.0008755805992340165,0.09808946,0.0,0.09808945655822754
19320233,0.3333333333333333,0.25,0.0,0.33333333333333337,0.33333333333333337,0.9574210931565966,0.13586870831315276,0.41962963,0.25,0.41962963342666626
19333638,0.0,0.0,0.0,0.0,0.0,1.0,0.014104318166966202,0.114176445,0.0,0.114176444709301
19343267,0.3333333333333333,0.25,0.0,0.33333333333333337,0.33333333333333337,0.9574210931565966,0.12964259593182587,0.41920656,0.25,0.41920655965805054
19343291,0.0,0.0,0.0,0.0,0.0,0.9592404724668697,0.00862907123655657,0.10918836,0.0,0.10918836295604706
19346657,0.3333333333333333,0.5,0.0,0.0,0.0,0.8658894330109049,0.08388943448079364,0.40573162,0.5,0.4057316184043884
19346768,0.0,0.0,0.0,0.0,0.0,0.9330432028908702,0.0007243281772942222,0.10568438,0.0,0.10568437725305557
19351120,0.0,0.0,0.0,0.0,0.0,0.8455428430323483,0.0007006903244109868,0.09577331,0.0,0.09577330946922302
19354217,0.0,0.0,0.0,0.0,0.0,0.38431661042061077,0.008652788384326598,0.044079553,0.0,0.044079553335905075
19357404,0.0,0.0,0.0,0.0,0.0,0.9592404724668697,0.0009129903969682591,0.10866405,0.0,0.10866405069828033
19358432,0.0,0.0,0.0,0.0,0.0,0.1951969189580255,0.021905579123341703,0.023562185,0.0,0.02356218546628952
19359749,0.0,0.0,0.0,0.0,0.0,0.9394859795766547,0.02135862480937648,0.10781613,0.0,0.10781612992286682
19360333,0.0,0.0,0.0,0.0,0.0,0.9574210931565966,0.007452463779652749,0.108902365,0.0,0.10890236496925354
19361498,0.0,0.0,0.0,0.0,0.0,0.9330432028908702,0.00037982894634954465,0.10566097,0.0,0.10566096752882004
19365413,0.0,0.0,0.0,0.0,0.0,0.9330432028908702,0.0015253214967006843,0.105738804,0.0,0.1057388037443161
19386907,0.0,0.0,0.0,0.0,0.0,1.0,0.017674257543507352,0.11441902,0.0,0.11441902071237564
19391596,0.0,0.0,0.0,0.0,0.0,0.9330432028908702,0.03760094009571517,0.10819016,0.0,0.108190156519413
19391687,0.3333333333333333,0.25,0.0,0.33333333333333337,0.33333333333333337,0.9574210931565966,0.08350833430068463,0.41607174,0.25,0.41607174277305603
19391788,0.0,0.0,0.0,0.0,0.0,0.9330432028908702,0.007460139243362911,0.106142074,0.0,0.1061420738697052
19393442,0.0,0.0,0.0,0.0,0.0,0.9394859795766547,0.0003178039824320081,0.1063864,0.0,0.10638640075922012
19394410,0.3333333333333333,0.4266912384650716,0.0,0.0,0.0,0.0,0.08888535846632274,0.27479967,0.4266912384650716,0.2747996747493744
19396079,0.0,0.0,0.0,0.0,0.0,0.0,0.005552025132989411,0.0003448073,0.0,0.00034480731119401753
19401409,0.3333333333333333,0.25,0.0,0.33333333333333337,0.33333333333333337,0.45211423566191483,0.10857853961818886,0.360549,0.25,0.3605490028858185
19402839,0.0,0.0,0.0,0.0,0.0,0.813093860476119,0.008980735156019975,0.092661075,0.0,0.09266107529401779
19412536,0.0,0.0,0.0,0.0,0.0,0.9592404724668697,0.005253030437106766,0.10895896,0.0,0.10895895957946777
19430884,0.0,0.0,0.0,0.0,0.0,1.0,0.01912992809379771,0.114517935,0.0,0.1145179346203804
19432346,0.0,0.0,0.0,0.0,0.0,0.9394859795766547,0.004127565009686642,0.10664528,0.0,0.10664527863264084
19444649,0.0,0.0,0.0,0.0,0.0,0.7473484305271403,0.004197940272069801,0.08489038,0.0,0.08489038050174713
19445903,0.0,0.0,0.0,0.0,0.0,0.9574210931565966,0.04735161397699712,0.11161353,0.0,0.11161352694034576
19447907,0.0,0.0,0.0,0.0,0.0,0.9204559262177173,0.008867461241758636,0.10481219,0.0,0.10481218993663788
19451823,0.0,0.0,0.0,0.0,0.0,0.677101910536761,0.005437443469018958,0.077019155,0.0,0.07701915502548218
19457100,0.0,0.0,0.0,0.0,0.0,1.0,0.01019127115251843,0.11391055,0.0,0.11391054838895798
19461979,0.0,0.0,0.0,0.0,0.0,0.9330432028908702,0.0025002646368505587,0.105805054,0.0,0.10580505430698395
19467242,0.0,0.0,0.0,0.0,0.0,0.813093860476119,0.0006173775478172681,0.09209279,0.0,0.09209278970956802
19477342,0.0,0.0,0.0,0.0,0.0,1.0,0.0014017196017023215,0.113313295,0.0,0.11331329494714737
19479061,0.3333333333333333,0.4266912384650716,0.0,0.0,0.0,0.9394859795766547,0.10920057923663004,0.38257736,0.4266912384650716,0.3825773596763611
19479376,0.0,0.0,0.0,0.0,0.0,0.9394859795766547,0.0003475379384756034,0.10638842,0.0,0.10638841986656189
19484555,0.0,0.0,0.0,0.0,0.0,0.9330432028908702,0.0059792098939606304,0.10604145,0.0,0.10604144632816315
19484754,0.3333333333333333,0.25,0.0,0.33333333333333337,0.33333333333333337,0.813093860476119,0.09346719677800093,0.4004033,0.25,0.40040329098701477
19489212,0.0,0.0,0.0,0.0,0.0,0.6171202869534268,0.01683097343105858,0.0710004,0.0,0.07100039720535278
19494042,0.0,0.0,0.0,0.0,0.0,0.8658894330109049,0.0005561011474603165,0.098067746,0.0,0.0980677455663681
19496091,0.0,0.0,0.0,0.0,0.0,0.9330432028908702,0.012969632389307635,0.10651645,0.0,0.10651645064353943
19499465,0.0,0.0,0.0,0.0,0.0,0.9330432028908702,0.009059015564008871,0.10625072,0.0,0.10625071823596954
19503548,0.0,0.0,0.0,0.0,0.0,1.0,0.0003029922218506224,0.11323864,0.0,0.11323864012956619
19504234,0.3333333333333333,0.5,0.0,0.0,0.0,0.8658894330109049,0.08388943448079364,0.40573162,0.5,0.4057316184043884
19519102,0.0,0.0,0.0,0.0,0.0,1.0,0.006370282678872146,0.11365091,0.0,0.11365091055631638
19520915,0.0,0.0,0.0,0.0,0.0,0.0,0.005552025132989411,0.0003448073,0.0,0.00034480731119401753
19524140,0.0,0.0,0.0,0.0,0.0,0.677101910536761,0.0048369811594212555,0.076978356,0.0,0.07697835564613342
19529802,0.0,0.0,0.0,0.0,0.0,0.9330432028908702,0.06922469479782231,0.110339,0.0,0.11033900082111359
19535157,0.0,0.0,0.0,0.0,0.0,0.6171202869534268,0.0011775074888770512,0.069936745,0.0,0.06993674486875534
19539658,0.0,0.0,0.0,0.0,0.0,0.9204559262177173,0.012272023451659151,0.10504353,0.0,0.10504353046417236
19543485,0.0,0.0,0.0,0.0,0.0,0.9204559262177173,0.0039959242404682595,0.10448117,0.0,0.10448116809129715
19544422,0.0,0.0,0.0,0.0,0.0,0.7835692923971794,0.00967595359576769,0.08936465,0.0,0.08936464786529541
19546355,0.0,0.0,0.0,0.0,0.0,0.9204559262177173,0.0014565057455281226,0.10430861,0.0,0.1043086126446724
19549139,0.0,0.0,0.0,0.0,0.0,0.6549788182021288,0.0041261163253114765,0.074424595,0.0,0.07442459464073181
19552939,0.0,0.0,0.0,0.0,0.0,0.7835692923971794,0.009226761362246993,0.08933412,0.0,0.08933412283658981
1955631,0.3333333333333333,0.25,0.0,0.33333333333333337,0.33333333333333337,0.9204559262177173,0.08770501188255198,0.41217056,0.25,0.41217055916786194
19564125,0.3333333333333333,0.25,0.0,0.33333333333333337,0.33333333333333337,0.6549788182021288,0.10207829188544036,0.38308182,0.25,0.3830818235874176
19570101,0.0,0.0,0.0,0.0,0.0,0.8658894330109049,0.0005561011474603165,0.098067746,0.0,0.0980677455663681
19584156,0.0,0.0,0.0,0.0,0.0,0.7835692923971794,0.0009261227082345216,0.08877009,0.0,0.08877009153366089
19588662,0.0,0.0,0.0,0.0,0.0,0.45211423566191483,0.010147168326887866,0.051859215,0.0,0.05185921490192413
19607062,0.0,0.0,0.0,0.0,0.0,1.0,0.0015798719572001811,0.1133254,0.0,0.11332540214061737
19608617,0.0,0.0,0.0,0.0,0.0,0.7835692923971794,0.0043875681718981195,0.0890053,0.0,0.08900529891252518
19609221,0.3333333333333333,0.5,0.0,0.0,0.0,0.7398616303702709,0.09210970902607606,0.39201748,0.5,0.3920174837112427
19609948,0.0,0.0,0.0,0.0,0.0,0.9394859795766547,0.01184292918040032,0.10716954,0.0,0.10716953873634338
19621874,0.0,0.0,0.0,0.0,0.0,0.813093860476119,0.00047470705641281343,0.09208309,0.0,0.09208308905363083
19624059,0.0,0.0,0.0,0.0,0.0,0.9574210931565966,0.22604968470382264,0.12375611,0.0,0.12375611066818237
19624691,0.0,0.0,0.0,0.0,0.0,0.38431661042061077,0.00886517270685181,0.044093985,0.0,0.044093985110521317
19634279,0.0,0.0,0.0,0.0,0.0,0.43959775100198173,0.005266162611463574,0.05011005,0.0,0.05011004954576492
19645587,0.0,0.0,0.0,0.0,0.0,0.9330432028908702,0.0011308514306073703,0.105712004,0.0,0.10571200400590897
19649695,0.0,0.0,0.0,0.0,0.0,0.38431661042061077,0.013483970603808208,0.044407837,0.0,0.044407837092876434
19650585,0.0,0.0,0.0,0.0,0.0,1.0,0.0064420617107022946,0.11365579,0.0,0.11365579068660736
19661200,0.0,0.0,0.0,0.0,0.0,0.43959775100198173,0.006785168943221464,0.050213266,0.0,0.05021326616406441
19664443,0.3333333333333333,0.25,0.0,0.33333333333333337,0.33333333333333337,0.5803133815727446,0.08402478737120317,0.37339917,0.25,0.37339916825294495
19667401,0.0,0.0,0.0,0.0,0.0,1.0,0.005059724629085071,0.11356186,0.0,0.11356186121702194
19667423,0.0,0.0,0.0,0.0,0.0,0.9330432028908702,0.0017603119798510118,0.10575477,0.0,0.10575477033853531
19670016,0.3333333333333333,0.25,0.0,0.33333333333333337,0.33333333333333337,0.9574210931565966,0.087501456424602,0.41634306,0.25,0.4163430631160736
19679411,0.0,0.0,0.0,0.0,0.0,1.0,0.02229875041258814,0.11473326,0.0,0.1147332563996315
19686924,0.0,0.0,0.0,0.0,0.0,0.9394859795766547,0.2792670332205614,0.12534109,0.0,0.12534108757972717
19693207,0.0,0.0,0.0,0.0,0.0,0.8455428430323483,0.0003982425883311383,0.09575276,0.0,0.0957527607679367
19712980,0.0,0.0,0.0,0.0,0.0,0.0,0.009841505331272584,0.00063627877,0.0,0.0006362787680700421
19720889,0.0,0.0,0.0,0.0,0.0,0.8658894330109049,0.00890318464792565,0.098634936,0.0,0.09863493591547012
19722414,0.0,0.0,0.0,0.0,0.0,0.9204559262177173,0.004136989533559659,0.10449075,0.0,0.1044907495379448
19725084,0.0,0.0,0.0,0.0,0.0,0.6171202869534268,0.005501264167928654,0.07023054,0.0,0.07023054361343384
19732108,0.0,0.0,0.0,0.0,0.0,0.5803133815727446,0.00732985274225437,0.06618639,0.0,0.06618639081716537
19739122,0.0,0.0,0.0,0.0,0.0,0.0,0.012868896210528892,0.0008419909,0.0,0.0008419909281656146
19744614,0.0,0.0,0.0,0.0,0.0,0.6549788182021288,0.0008816345869099594,0.07420413,0.0,0.07420413196086884
19745574,0.0,0.0,0.0,0.0,0.0,0.9394859795766547,0.019799539171352534,0.10771019,0.0,0.10771019011735916
19748714,0.0,0.0,0.0,0.0,0.0,0.8658894330109049,0.0005561011474603165,0.098067746,0.0,0.0980677455663681
19750906,0.0,0.0,0.0,0.0,0.0,0.677101910536761,0.004831635449450734,0.07697799,0.0,0.07697799056768417
19753032,0.0,0.0,0.0,0.0,0.0,0.0,0.005552025132989411,0.0003448073,0.0,0.00034480731119401753
19757493,0.0,0.0,0.0,0.0,0.0,1.0,0.02492515442886711,0.11491172,0.0,0.11491172015666962
19764560,0.0,0.0,0.0,0.0,0.0,0.9204559262177173,0.00033453027726688234,0.10423238,0.0,0.10423237830400467
19765005,0.0,0.0,0.0,0.0,0.0,0.7473484305271403,0.023041242887768845,0.08617079,0.0,0.08617079257965088
19770634,0.0,0.0,0.0,0.0,0.0,0.7835692923971794,0.005225228820752217,0.08906222,0.0,0.08906222134828568
19779229,0.0,0.0,0.0,0.0,0.0,0.9592404724668697,0.014052954657411357,0.10955691,0.0,0.10955691337585449
19779249,0.3333333333333333,0.5,0.0,0.0,0.0,0.5803133815727446,0.0920880657752453,0.37394708,0.5,0.3739470839500427
19782176,0.0,0.0,0.0,0.0,0.0,0.43959775100198173,0.019231251061593374,0.05105898,0.0,0.05105898156762123
19787521,0.0,0.0,0.0,0.0,0.0,0.9574210931565966,0.019280936430367407,0.10970611,0.0,0.10970611125230789
19791945,0.0,0.0,0.0,0.0,0.0,0.9394859795766547,0.019844236268319923,0.10771323,0.0,0.1077132299542427
19792412,0.0,0.0,0.0,0.0,0.0,0.9394859795766547,0.011687686965120426,0.10715899,0.0,0.10715898871421814
19801854,0.0,0.0,0.0,0.0,0.0,0.6171202869534268,0.0006684936444586126,0.06990215,0.0,0.06990215182304382
19803042,0.0,0.0,0.0,0.0,0.0,0.9204559262177173,0.004349935189852342,0.104505226,0.0,0.10450522601604462
19808025,0.0,0.0,0.0,0.0,0.0,0.9574210931565966,0.0419067834726817,0.111243546,0.0,0.11124354600906372
19849576,0.0,0.0,0.0,0.0,0.0,0.0,0.005552025132989411,0.0003448073,0.0,0.00034480731119401753
19860841,0.0,0.0,0.0,0.0,0.0,0.9592404724668697,0.0015610315461608312,0.10870808,0.0,0.10870808362960815
19896151,0.0,0.0,0.0,0.0,0.0,0.9574210931565966,0.00016256639499803287,0.10840701,0.0,0.10840701311826706
19896681,0.0,0.0,0.0,0.0,0.0,0.9330432028908702,0.0009277032998905416,0.1056982,0.0,0.10569819808006287
19904805,0.0,0.0,0.0,0.0,0.0,0.0,0.005651777126329571,0.0003515855,0.0,0.00035158550599589944
19926939,0.0,0.0,0.0,0.0,0.0,0.6549788182021288,0.008609835483280719,0.07472927,0.0,0.07472927123308182
19935554,0.0,0.0,0.0,0.0,0.0,0.9592404724668697,0.0009129903969682591,0.10866405,0.0,0.10866405069828033
19942754,0.0,0.0,0.0,0.0,0.0,1.0,0.06533706087665814,0.11765772,0.0,0.11765772104263306
19954665,0.0,0.0,0.0,0.0,0.0,0.5803133815727446,0.009421510967585535,0.066328526,0.0,0.06632852554321289
19956215,0.0,0.0,0.0,0.0,0.0,0.9574210931565966,0.0013769588282789987,0.10848953,0.0,0.10848952829837799
19960087,0.0,0.0,0.0,0.0,0.0,0.9204559262177173,0.00011284865978184,0.10421731,0.0,0.10421731323003769
19991155,0.0,0.0,0.0,0.0,0.0,0.9330432028908702,0.028002245330446304,0.10753792,0.0,0.10753791779279709
20011468,0.0,0.0,0.0,0.0,0.0,1.0,0.0006140940848882498,0.11325978,0.0,0.11325977742671967
20019278,0.3333333333333333,0.25,0.0,0.33333333333333337,0.33333333333333337,1.0,0.08394742741822157,0.42092365,0.25,0.42092365026474
20021195,0.0,0.0,0.0,0.0,0.0,0.9204559262177173,0.004239561951046561,0.10449772,0.0,0.10449772328138351
20024547,0.0,0.0,0.0,0.0,0.0,1.0,0.00482787924347827,0.1135461,0.0,0.11354610323905945
20026791,0.0,0.0,0.0,0.0,0.0,1.0,0.006407296219118697,0.11365343,0.0,0.11365342885255814
20035061,0.0,0.0,0.0,0.0,0.0,0.9592404724668697,0.0012892554956409053,0.10868962,0.0,0.10868962109088898
20065266,0.0,0.0,0.0,0.0,0.0,0.43959775100198173,0.013314928001839517,0.050656967,0.0,0.050656966865062714
20077017,0.3333333333333333,0.25,0.0,0.33333333333333337,0.33333333333333337,0.8455428430323483,0.089369901330596,0.40379974,0.25,0.40379974246025085
20082550,0.0,0.0,0.0,0.0,0.0,0.7473484305271403,0.00013194724696521465,0.0846141,0.0,0.084614098072052
20086401,0.0,0.0,0.0,0.0,0.0,0.813093860476119,0.00827580207558829,0.092613176,0.0,0.09261317551136017
20088940,0.0,0.0,0.0,0.0,0.0,0.45211423566191483,0.0007078449301391633,0.05121781,0.0,0.051217809319496155
20091551,0.0,0.0,0.0,0.0,0.0,0.9394859795766547,0.00027099064669274485,0.10638322,0.0,0.10638321936130524
20109855,0.0,0.0,0.0,0.0,0.0,0.5803133815727446,0.006544879179098999,0.06613305,0.0,0.066133052110672
20112492,0.0,0.0,0.0,0.0,0.0,0.6549788182021288,0.0008816345869099594,0.07420413,0.0,0.07420413196086884
20113397,0.3333333333333333,0.25,0.0,0.33333333333333337,0.33333333333333337,0.9394859795766547,0.09546241731778429,0.41485286,0.25,0.4148528575897217
20150376,0.3333333333333333,0.25,0.0,0.33333333333333337,0.33333333333333337,0.8658894330109049,0.08387561677943019,0.40573066,0.25,0.405730664730072
20154719,0.0,0.0,0.0,0.0,0.0,0.7398616303702709,0.001480954341118056,0.08385788,0.0,0.08385787904262543
20158964,0.3333333333333333,0.25,0.0,0.33333333333333337,0.33333333333333337,0.813093860476119,0.08380804038974614,0.39974695,0.25,0.39974695444107056
20164970,0.0,0.0,0.0,0.0,0.0,1.0,0.012966728889064172,0.114099145,0.0,0.11409914493560791
20168604,0.3333333333333333,0.5,0.0,0.0,0.0,0.43959775100198173,0.08841765474895712,0.35776156,0.5,0.35776156187057495
20183009,0.0,0.0,0.0,0.0,0.0,0.45211423566191483,0.012384862591621032,0.052011266,0.0,0.052011266350746155
20195474,0.0,0.0,0.0,0.0,0.0,0.813093860476119,0.0007825360377842886,0.09210401,0.0,0.09210401028394699
20199054,0.3333333333333333,0.25,0.0,0.33333333333333337,0.33333333333333337,0.677101910536761,0.09154964876292583,0.38487184,0.25,0.38487184047698975
20199133,0.0,0.0,0.0,0.0,0.0,0.0,0.005552025132989411,0.0003448073,0.0,0.00034480731119401753
20203570,0.0,0.0,0.0,0.0,0.0,1.0,0.022062171523935793,0.11471718,0.0,0.11471717804670334
20205482,0.0,0.0,0.0,0.0,0.0,0.8698941966083295,0.0009066975501043076,0.09854511,0.0,0.09854511171579361
20210157,0.0,0.0,0.0,0.0,0.0,0.8658894330109049,0.026771548402480822,0.0998491,0.0,0.09984909743070602
20214703,0.3333333333333333,0.25,0.0,0.33333333333333337,0.33333333333333337,1.0,0.0881612125768116,0.42120996,0.25,0.4212099611759186
20220400,0.0,0.0,0.0,0.0,0.0,0.7473484305271403,0.004517711213820514,0.084912114,0.0,0.08491211384534836
20234402,0.3333333333333333,0.25,0.0,0.33333333333333337,0.33333333333333337,0.7398616303702709,0.08553590283414905,0.39157078,0.25,0.3915707767009735
20236489,0.0,0.0,0.0,0.0,0.0,0.9204559262177173,0.004302190898897508,0.10450198,0.0,0.10450197756290436
20244205,0.0,0.0,0.0,0.0,0.0,0.0,0.019811984570407212,0.0013137759,0.0,0.0013137758942320943
20253599,0.0,0.0,0.0,0.0,0.0,0.9394859795766547,0.0056908656259447524,0.1067515,0.0,0.10675150156021118
20268544,0.0,0.0,0.0,0.0,0.0,0.7835692923971794,0.0014931800887254037,0.088808626,0.0,0.08880862593650818
20274736,0.0,0.0,0.0,0.0,0.0,0.7473484305271403,0.0002307623399157489,0.08462081,0.0,0.08462081104516983
20283,0.0,0.0,0.0,0.0,0.0,0.7398616303702709,0.012115677406257666,0.08458051,0.0,0.08458051085472107
20285007,0.0,0.0,0.0,0.0,0.0,0.6171202869534268,0.004883332286118797,0.07018855,0.0,0.07018855214118958
20288478,0.0,0.0,0.0,0.0,0.0,0.677101910536761,0.001700558276630169,0.07676523,0.0,0.07676523178815842
20297525,0.3333333333333333,0.5,0.0,0.0,0.0,0.8658894330109049,0.08388943448079364,0.40573162,0.5,0.4057316184043884
20300556,0.0,0.0,0.0,0.0,0.0,0.7835692923971794,0.0012230409956497817,0.08879027,0.0,0.08879026770591736
20311466,0.0,0.0,0.0,0.0,0.0,0.813093860476119,0.0008611859922768672,0.09210935,0.0,0.09210935235023499
20322060,0.3333333333333333,0.25,0.0,0.33333333333333337,0.33333333333333337,0.8455428430323483,0.09281668986781504,0.40403396,0.25,0.40403395891189575
20322928,0.0,0.0,0.0,0.0,0.0,0.9204559262177173,0.0002457552046008652,0.10422634,0.0,0.10422634333372116
20325190,0.3333333333333333,0.25,0.0,0.33333333333333337,0.33333333333333337,0.9574210931565966,0.11838767232381885,0.4184418,0.25,0.4184418022632599
20346756,0.0,0.0,0.0,0.0,0.0,0.9574210931565966,0.0012736582074699397,0.10848251,0.0,0.10848250985145569
20351750,0.0,0.0,0.0,0.0,0.0,0.813093860476119,0.0020302018453722402,0.09218879,0.0,0.09218879044055939
20352155,0.0,0.0,0.0,0.0,0.0,0.38431661042061077,0.0419843024919285,0.04634444,0.0,0.046344440430402756
20355846,0.3333333333333333,0.4266912384650716,0.0,0.0,0.0,0.9394859795766547,0.09561142547295276,0.38165396,0.4266912384650716,0.38165396451950073
20370618,0.0,0.0,0.0,0.0,0.0,0.7398616303702709,0.000896450521471561,0.08381816,0.0,0.08381815999746323
20370789,0.0,0.0,0.0,0.0,0.0,0.9204559262177173,0.0007035856057708746,0.10425745,0.0,0.10425744950771332
20378448,0.0,0.0,0.0,0.0,0.0,0.9394859795766547,0.008946683741427295,0.10697274,0.0,0.10697273910045624
20384431,0.0,0.0,0.0,0.0,0.0,1.0,0.00043712177562358267,0.11324775,0.0,0.11324775218963623
20385558,0.0,0.0,0.0,0.0,0.0,1.0,0.0010976053011477823,0.113292634,0.0,0.1132926344871521
20402581,0.0,0.0,0.0,0.0,0.0,0.9574210931565966,0.01883096129464034,0.109675534,0.0,0.10967553406953812
20411676,0.0,0.0,0.0,0.0,0.0,0.9330432028908702,0.0017139400981890727,0.10575162,0.0,0.10575161874294281
20414967,0.0,0.0,0.0,0.0,0.0,0.9204559262177173,0.06077597456711719,0.10833939,0.0,0.10833939164876938
20417378,0.0,0.0,0.0,0.0,0.0,1.0,0.014010695793078391,0.11417008,0.0,0.11417008191347122
20418312,0.0,0.0,0.0,0.0,0.0,0.9574210931565966,4.5424639373271e-05,0.108399056,0.0,0.10839905589818954
20420442,0.0,0.0,0.0,0.0,0.0,0.9204559262177173,0.012398732086437882,0.10505214,0.0,0.10505214333534241
20466461,0.0,0.0,0.0,0.0,0.0,0.813093860476119,0.03217649755832211,0.09423724,0.0,0.09423723816871643
20468744,0.0,0.0,0.0,0.0,0.0,0.813093860476119,0.0007567702571011977,0.09210226,0.0,0.09210225939750671
20473453,0.0,0.0,0.0,0.0,0.0,0.38431661042061077,0.008999877692133477,0.04410314,0.0,0.04410313814878464
20478132,0.3333333333333333,0.5,0.0,0.0,0.0,0.9574210931565966,0.1147644375874518,0.41819558,0.5,0.41819557547569275
20494264,0.0,0.0,0.0,0.0,0.0,0.7398616303702709,0.009482129681502898,0.08440156,0.0,0.08440156280994415
20504742,0.0,0.0,0.0,0.0,0.0,0.9574210931565966,4.5424639373271e-05,0.108399056,0.0,0.10839905589818954
20510315,0.0,0.0,0.0,0.0,0.0,0.8698941966083295,0.00036190711094230896,0.0985081,0.0,0.09850809723138809
20529138,0.0,0.0,0.0,0.0,0.0,0.8698941966083295,0.005099666039427974,0.09883003,0.0,0.09883002936840057
20529281,0.0,0.0,0.0,0.0,0.0,0.8455428430323483,0.008129284917935206,0.09627809,0.0,0.09627808630466461
20536317,0.0,0.0,0.0,0.0,0.0,0.5803133815727446,0.012999506938239369,0.066571645,0.0,0.06657164543867111
20537065,0.3333333333333333,0.25,0.0,0.33333333333333337,0.33333333333333337,1.0,0.0977989659436933,0.42186487,0.25,0.4218648672103882
20548784,0.0,0.0,0.0,0.0,0.0,0.9204559262177173,0.016332314723731242,0.105319425,0.0,0.10531942546367645
20567161,0.0,0.0,0.0,0.0,0.0,0.7473484305271403,0.04532819296371055,0.0876852,0.0,0.08768519759178162
20567252,0.0,0.0,0.0,0.0,0.0,0.677101910536761,0.001700558276630169,0.07676523,0.0,0.07676523178815842
20570095,0.0,0.0,0.0,0.0,0.0,0.7473484305271403,0.008435912250715712,0.08517835,0.0,0.08517835289239883
20573668,0.0,0.0,0.0,0.0,0.0,0.9574210931565966,0.031184212381498804,0.11051495,0.0,0.11051494628190994
20576509,0.0,0.0,0.0,0.0,0.0,0.9330432028908702,0.022296545898728332,0.10715022,0.0,0.10715021938085556
20579309,0.0,0.0,0.0,0.0,0.0,0.677101910536761,0.02979796856624556,0.07867446,0.0,0.07867445796728134
20596035,0.0,0.0,0.0,0.0,0.0,0.8698941966083295,0.000431548273296633,0.09851283,0.0,0.09851282835006714
20599451,0.0,0.0,0.0,0.0,0.0,0.0,0.005552025132989411,0.0003448073,0.0,0.00034480731119401753
20607973,0.3333333333333333,0.25,0.0,0.33333333333333337,0.33333333333333337,0.9592404724668697,0.0891701178492735,0.41666248,0.25,0.4166624844074249
20613460,0.0,0.0,0.0,0.0,0.0,0.8658894330109049,0.0006441876510744966,0.098073736,0.0,0.09807373583316803
20635870,0.0,0.0,0.0,0.0,0.0,0.9204559262177173,0.005814456853055211,0.104604736,0.0,0.10460473597049713
20638270,0.0,0.0,0.0,0.0,0.0,0.8698941966083295,0.008476039835158728,0.099059455,0.0,0.09905945509672165
20641802,0.0,0.0,0.0,0.0,0.0,0.677101910536761,0.008523963360203779,0.07722888,0.0,0.07722888141870499
20650869,0.0,0.0,0.0,0.0,0.0,0.7473484305271403,0.001094302725538504,0.08467949,0.0,0.0846794918179512
20657078,0.0,0.0,0.0,0.0,0.0,0.9574210931565966,0.0628566626552531,0.1126671,0.0,0.11266709864139557
20657429,0.0,0.0,0.0,0.0,0.0,0.9204559262177173,0.00033453027726688234,0.10423238,0.0,0.10423237830400467
20659066,0.0,0.0,0.0,0.0,0.0,0.7398616303702709,0.012695966445196279,0.08461994,0.0,0.08461993932723999
20661527,0.0,0.0,0.0,0.0,0.0,0.43959775100198173,0.09396891425005265,0.056137428,0.0,0.05613742768764496
20693960,0.0,0.0,0.0,0.0,0.0,0.677101910536761,0.009622001555504316,0.0773035,0.0,0.07730349898338318
20697142,0.0,0.0,0.0,0.0,0.0,0.9394859795766547,0.004112570517760385,0.10664426,0.0,0.10664425790309906
20708884,0.0,0.0,0.0,0.0,0.0,0.9204559262177173,0.015740877505249773,0.10527924,0.0,0.10527923703193665
20716296,0.0,0.0,0.0,0.0,0.0,1.0,0.0006379105356883438,0.113261394,0.0,0.1132613942027092
20719354,0.0,0.0,0.0,0.0,0.0,0.9204559262177173,0.06136420644335326,0.10837936,0.0,0.10837935656309128
20724218,0.0,0.0,0.0,0.0,0.0,0.677101910536761,0.02270143019137515,0.07819225,0.0,0.07819224894046783
20725832,0.0,0.0,0.0,0.0,0.0,0.6171202869534268,0.002128666443052331,0.07000137,0.0,0.07000137120485306
20726522,0.0,0.0,0.0,0.0,0.0,0.813093860476119,0.0086166709606837,0.09263634,0.0,0.092636339366436
20734423,0.3333333333333333,0.25,0.0,0.33333333333333337,0.33333333333333337,0.9574210931565966,0.19647702930278946,0.423748,0.25,0.4237479865550995
20745227,0.0,0.0,0.0,0.0,0.0,0.9204559262177173,0.015931023403076155,0.105292164,0.0,0.10529216378927231
20745274,0.3333333333333333,0.5,0.0,0.0,0.0,0.8658894330109049,0.11755674236742113,0.40801933,0.5,0.4080193340778351
20765649,0.0,0.0,0.0,0.0,0.0,0.9330432028908702,0.01822253018741111,0.106873386,0.0,0.10687338560819626
20767940,0.0,0.0,0.0,0.0,0.0,0.8455428430323483,0.009864504224502676,0.09639599,0.0,0.09639599174261093
20771592,0.0,0.0,0.0,0.0,0.0,0.8658894330109049,0.001600120097033993,0.09813869,0.0,0.09813868999481201
20775769,0.0,0.0,0.0,0.0,0.0,0.9394859795766547,0.004656119219918248,0.10668119,0.0,0.10668119043111801
20780856,0.3333333333333333,0.25,0.0,0.33333333333333337,0.33333333333333337,1.0,0.08394742741822157,0.42092365,0.25,0.42092365026474
20782744,0.0,0.0,0.0,0.0,0.0,0.9204559262177173,0.00033453027726688234,0.10423238,0.0,0.10423237830400467
20788139,0.6666666666666666,1.0,0.0,0.0,0.0,0.0,0.22796901702381597,0.6194608,1.0,0.6194608211517334
20790544,0.0,0.0,0.0,0.0,0.0,0.0,0.003705739714568165,0.00021935167,0.0,0.00021935167023912072
20791477,0.0,0.0,0.0,0.0,0.0,1.0,0.023816066903503016,0.11483636,0.0,0.11483635753393173
20794585,0.0,0.0,0.0,0.0,0.0,0.9330432028908702,0.0015253214967006843,0.105738804,0.0,0.1057388037443161
20795697,0.0,0.0,0.0,0.0,0.0,1.0,0.017488164902626543,0.11440638,0.0,0.11440637707710266
20806196,0.0,0.0,0.0,0.0,0.0,0.677101910536761,0.049713062067853316,0.0800277,0.0,0.08002769947052002
20808933,0.0,0.0,0.0,0.0,0.0,0.9574210931565966,0.015291347947327394,0.10943502,0.0,0.10943502187728882
20813871,0.0,0.0,0.0,0.0,0.0,0.8658894330109049,0.0005561011474603165,0.098067746,0.0,0.0980677455663681
20817803,0.0,0.0,0.0,0.0,0.0,0.8698941966083295,0.0005111246561643034,0.09851823,0.0,0.09851823002099991
20821109,0.6666666666666666,0.5,0.0,0.6666666666666667,0.6666666666666667,1.0,0.1672807607515549,0.7285875,0.5,0.7285875082015991
20851551,0.3333333333333333,0.4266912384650716,0.0,0.0,0.0,0.8455428430323483,0.10789501207373468,0.37184954,0.4266912384650716,0.37184953689575195
20851795,0.0,0.0,0.0,0.0,0.0,0.677101910536761,0.008762276003867538,0.07724508,0.0,0.0772450789809227
20852423,0.0,0.0,0.0,0.0,0.0,0.9394859795766547,0.01262915831456325,0.10722296,0.0,0.10722295939922333
20859704,0.0,0.0,0.0,0.0,0.0,0.9394859795766547,0.004160527058675969,0.106647514,0.0,0.10664751380681992
20863618,0.0,0.0,0.0,0.0,0.0,0.8658894330109049,0.005441930399332882,0.09839974,0.0,0.09839974343776703
20873,0.3333333333333333,0.25,0.0,0.33333333333333337,0.33333333333333337,0.6171202869534268,0.08456421571863812,0.37760425,0.25,0.37760424613952637
20893623,0.0,0.0,0.0,0.0,0.0,1.0,0.01358205137975021,0.11414096,0.0,0.11414095759391785
20920377,0.0,0.0,0.0,0.0,0.0,0.9204559262177173,0.04093788929320606,0.10699139,0.0,0.10699138790369034
20928893,0.0,0.0,0.0,0.0,0.0,0.9204559262177173,0.04510120180411251,0.10727429,0.0,0.10727428644895554
20961576,0.3333333333333333,0.25,0.0,0.33333333333333337,0.33333333333333337,0.8658894330109049,0.08395911283720575,0.40573636,0.25,0.40573635697364807
20974633,0.0,0.0,0.0,0.0,0.0,0.9330432028908702,0.007234209980892105,0.106126726,0.0,0.10612672567367554
20974986,0.0,0.0,0.0,0.0,0.0,0.1951969189580255,0.011207742708689412,0.022835264,0.0,0.0228352639824152
20978193,0.0,0.0,0.0,0.0,0.0,0.7473484305271403,0.00025774890482147434,0.084622644,0.0,0.08462264388799667
20993726,0.3333333333333333,0.25,0.0,0.33333333333333337,0.33333333333333337,0.9204559262177173,0.0997888353996759,0.41299167,0.25,0.4129916727542877
21001897,0.3333333333333333,0.25,0.0,0.33333333333333337,0.33333333333333337,0.9574210931565966,0.08726601363545086,0.41632706,0.25,0.4163270592689514
21018685,0.0,0.0,0.0,0.0,0.0,0.9330432028908702,0.005840889658838124,0.10603205,0.0,0.10603205114603043
21030225,0.3333333333333333,0.25,0.0,0.33333333333333337,0.33333333333333337,0.9574210931565966,0.08458061498252485,0.41614458,0.25,0.41614457964897156
2103501,0.3333333333333333,0.25,0.0,0.33333333333333337,0.33333333333333337,0.1951969189580255,0.09021296111991986,0.33020502,0.25,0.3302050232887268
21044126,0.0,0.0,0.0,0.0,0.0,0.8658894330109049,0.08490388734313188,0.10379921,0.0,0.10379920899868011
21053220,0.0,0.0,0.0,0.0,0.0,0.8658894330109049,0.008862920295081005,0.0986322,0.0,0.09863220155239105
21060795,0.0,0.0,0.0,0.0,0.0,1.0,0.00482787924347827,0.1135461,0.0,0.11354610323905945
21062689,0.0,0.0,0.0,0.0,0.0,0.677101910536761,0.06030965392509271,0.08074774,0.0,0.08074773848056793
21069104,0.0,0.0,0.0,0.0,0.0,0.9204559262177173,0.0007884891499868694,0.10426322,0.0,0.10426322370767593
21072539,0.0,0.0,0.0,0.0,0.0,0.8455428430323483,0.005325167918874263,0.096087545,0.0,0.09608754515647888
21081275,0.0,0.0,0.0,0.0,0.0,0.6171202869534268,0.005133554965924102,0.070205554,0.0,0.07020555436611176
21085123,0.0,0.0,0.0,0.0,0.0,0.9574210931565966,0.0004264546550576128,0.10842495,0.0,0.10842494666576385
21093392,0.0,0.0,0.0,0.0,0.0,0.9574210931565966,0.12043785817911819,0.116579756,0.0,0.11657975614070892
21128914,0.0,0.0,0.0,0.0,0.0,0.0,0.001804762974880973,9.017972e-05,0.0,9.01797175174579e-05
21145162,0.0,0.0,0.0,0.0,0.0,0.8698941966083295,0.000431548273296633,0.09851283,0.0,0.09851282835006714
21146733,0.3333333333333333,0.5,0.0,0.0,0.0,0.7398616303702709,0.08423633917094173,0.39148247,0.5,0.39148247241973877
21161755,0.3333333333333333,0.5,0.0,0.0,0.0,0.7398616303702709,0.0838076911169584,0.39145336,0.5,0.391453355550766
21165967,0.0,0.0,0.0,0.0,0.0,0.8455428430323483,0.013960550200676885,0.09667432,0.0,0.09667432308197021
21170661,0.0,0.0,0.0,0.0,0.0,0.6549788182021288,0.00433214657289619,0.074438594,0.0,0.07443859428167343
21175294,0.0,0.0,0.0,0.0,0.0,0.8658894330109049,0.040315023246826356,0.10076938,0.0,0.10076937824487686
21177451,0.0,0.0,0.0,0.0,0.0,0.38431661042061077,0.0005063618955992949,0.043526,0.0,0.043526001274585724
21187585,0.0,0.0,0.0,0.0,0.0,1.0,0.0006140940848882498,0.11325978,0.0,0.11325977742671967
2119161,0.0,0.0,0.0,0.0,0.0,0.8455428430323483,0.00045485090052230703,0.095756605,0.0,0.09575660526752472
21192419,0.0,0.0,0.0,0.0,0.0,0.38431661042061077,0.005037201206390089,0.043833874,0.0,0.04383387416601181
21193380,0.0,0.0,0.0,0.0,0.0,0.8455428430323483,0.009000762697138827,0.0963373,0.0,0.09633730351924896
21193728,0.0,0.0,0.0,0.0,0.0,0.9330432028908702,0.022440411596458508,0.107159995,0.0,0.10715999454259872
21203278,0.0,0.0,0.0,0.0,0.0,0.7473484305271403,0.025301202415239667,0.08632436,0.0,0.08632435649633408
21204595,0.0,0.0,0.0,0.0,0.0,0.9204559262177173,0.006415380916329665,0.10464557,0.0,0.10464557260274887
21207933,0.0,0.0,0.0,0.0,0.0,0.1951969189580255,0.0055271489612474375,0.022449266,0.0,0.02244926616549492
21219434,0.3333333333333333,0.25,0.0,0.33333333333333337,0.33333333333333337,0.8455428430323483,0.08399260998439768,0.40343437,0.25,0.4034343659877777
21222599,0.3333333333333333,0.5,0.0,0.0,0.0,0.8658894330109049,0.10503386171040453,0.4071684,0.5,0.4071683883666992
21231872,0.0,0.0,0.0,0.0,0.0,1.0,0.000644052595054059,0.11326181,0.0,0.11326181143522263
21237512,0.3333333333333333,0.25,0.0,0.33333333333333337,0.33333333333333337,0.9574210931565966,0.12247715559684044,0.41871968,0.25,0.41871967911720276
21242674,0.0,0.0,0.0,0.0,0.0,0.8658894330109049,0.006242148481101846,0.09845412,0.0,0.09845411777496338
21248230,0.0,0.0,0.0,0.0,0.0,0.6549788182021288,0.008581166387357555,0.07472732,0.0,0.07472731918096542
21249293,0.0,0.0,0.0,0.0,0.0,0.5803133815727446,0.009585991394124868,0.0663397,0.0,0.06633970141410828
21250871,0.0,0.0,0.0,0.0,0.0,0.0,0.005552025132989411,0.0003448073,0.0,0.00034480731119401753
21261486,0.0,0.0,0.0,0.0,0.0,0.813093860476119,0.024471807800106077,0.0937137,0.0,0.09371370077133179
21266715,0.3333333333333333,0.25,0.0,0.33333333333333337,0.33333333333333337,0.9574210931565966,0.15428405640273304,0.42088097,0.25,0.4208809733390808
21269579,0.0,0.0,0.0,0.0,0.0,0.9330432028908702,0.007119726246834089,0.10611895,0.0,0.10611894726753235
21278729,0.0,0.0,0.0,0.0,0.0,0.7398616303702709,0.00047435778362508785,0.08378948,0.0,0.08378948271274567
21282497,0.0,0.0,0.0,0.0,0.0,0.9204559262177173,0.00022803614462316502,0.10422514,0.0,0.10422513633966446
21303582,0.3333333333333333,0.25,0.0,0.33333333333333337,0.33333333333333337,0.677101910536761,0.09369089521330397,0.38501734,0.25,0.3850173354148865
21326273,0.0,0.0,0.0,0.0,0.0,0.813093860476119,0.0002705443561258911,0.092069216,0.0,0.09206921607255936
21327648,0.0,0.0,0.0,0.0,0.0,0.9394859795766547,0.00027099064669274485,0.10638322,0.0,0.10638321936130524
21345004,0.0,0.0,0.0,0.0,0.0,0.38431661042061077,0.01724756807970439,0.044663575,0.0,0.044663574546575546
21348792,0.3333333333333333,0.5,0.0,0.0,0.0,0.6171202869534268,0.11387686495070413,0.37959605,0.5,0.3795960545539856
21351802,0.0,0.0,0.0,0.0,0.0,1.0,0.0006379105356883438,0.113261394,0.0,0.1132613942027092
21352055,0.0,0.0,0.0,0.0,0.0,0.9574210931565966,0.01721417580452066,0.109565675,0.0,0.10956567525863647
21362085,0.0,0.0,0.0,0.0,0.0,1.0,0.01735634285967028,0.11439742,0.0,0.11439742147922516
21368708,0.0,0.0,0.0,0.0,0.0,1.0,0.0005481305610946322,0.11325529,0.0,0.11325529217720032
21371439,0.0,0.0,0.0,0.0,0.0,1.0,0.005730631493113172,0.11360745,0.0,0.11360745131969452
21372580,0.0,0.0,0.0,0.0,0.0,1.0,0.005008920013226225,0.113558404,0.0,0.11355840414762497
21377185,0.3333333333333333,0.5,0.0,0.0,0.0,0.7835692923971794,0.09128047762819191,0.39691105,0.5,0.39691105484962463
21381690,0.0,0.0,0.0,0.0,0.0,0.8698941966083295,0.008318584816805748,0.09904875,0.0,0.09904874861240387
21395752,0.0,0.0,0.0,0.0,0.0,0.9394859795766547,0.004160527058675969,0.106647514,0.0,0.10664751380681992
2140491,0.0,0.0,0.0,0.0,0.0,0.0,0.044353343892172825,0.0029813687,0.0,0.002981368685141206
21406735,0.0,0.0,0.0,0.0,0.0,0.0,0.005552025132989411,0.0003448073,0.0,0.00034480731119401753
21408157,0.0,0.0,0.0,0.0,0.0,0.7473484305271403,0.006339973556511603,0.085035935,0.0,0.08503593504428864
21408711,0.0,0.0,0.0,0.0,0.0,0.5803133815727446,0.0018979563356745482,0.0658173,0.0,0.06581729650497437
21413138,0.0,0.0,0.0,0.0,0.0,0.7835692923971794,0.012995932544089877,0.089590244,0.0,0.08959024399518967
21421864,0.0,0.0,0.0,0.0,0.0,0.677101910536761,0.005204091723036429,0.0770033,0.0,0.07700330018997192
21425652,0.0,0.0,0.0,0.0,0.0,0.7398616303702709,0.0011870440611403408,0.08383791,0.0,0.08383791148662567
21428883,0.0,0.0,0.0,0.0,0.0,0.9394859795766547,0.0010945674867344091,0.10643918,0.0,0.10643918067216873
21437676,0.0,0.0,0.0,0.0,0.0,1.0,0.00482787924347827,0.1135461,0.0,0.11354610323905945
21454987,0.0,0.0,0.0,0.0,0.0,0.9574210931565966,0.04388331227271094,0.11137785,0.0,0.11137785017490387
21463619,0.0,0.0,0.0,0.0,0.0,0.0,0.0023080715784093027,0.00012437969,0.0,0.0001243796868948266
21470154,0.0,0.0,0.0,0.0,0.0,0.8658894330109049,0.0005561011474603165,0.098067746,0.0,0.0980677455663681
21475280,0.0,0.0,0.0,0.0,0.0,0.1951969189580255,0.0016403984799145813,0.02218516,0.0,0.022185159847140312
21476327,0.0,0.0,0.0,0.0,0.0,0.38431661042061077,0.0013464063535045805,0.043583084,0.0,0.043583083897829056
21488707,0.0,0.0,0.0,0.0,0.0,0.1951969189580255,0.007153733600540634,0.022559794,0.0,0.022559793666005135
21491565,0.0,0.0,0.0,0.0,0.0,0.677101910536761,0.008661061356659987,0.0772382,0.0,0.07723820209503174
21494085,0.0,0.0,0.0,0.0,0.0,0.9574210931565966,0.0076307491278726665,0.10891448,0.0,0.10891447961330414
21499200,0.0,0.0,0.0,0.0,0.0,0.6549788182021288,0.006315478469463582,0.07457337,0.0,0.07457336783409119
21501777,0.0,0.0,0.0,0.0,0.0,0.6171202869534268,0.00042838109706287096,0.069885835,0.0,0.06988583505153656
21526244,0.3333333333333333,0.25,0.0,0.33333333333333337,0.33333333333333337,0.1951969189580255,0.10281724994413088,0.3310615,0.25,0.3310615122318268
21543550,0.0,0.0,0.0,0.0,0.0,0.1951969189580255,0.007153733600540634,0.022559794,0.0,0.022559793666005135
21548052,0.0,0.0,0.0,0.0,0.0,0.8658894330109049,0.008522577498982864,0.098609075,0.0,0.0986090749502182
21550185,0.0,0.0,0.0,0.0,0.0,0.8698941966083295,0.035579807381317476,0.100901164,0.0,0.10090116411447525
21554726,0.0,0.0,0.0,0.0,0.0,0.9204559262177173,0.0005497505034543992,0.104247,0.0,0.10424699634313583
21583614,0.0,0.0,0.0,0.0,0.0,0.7473484305271403,0.004627571951522792,0.08491958,0.0,0.08491957932710648
21588987,0.0,0.0,0.0,0.0,0.0,0.8698941966083295,0.004504436069769108,0.09878958,0.0,0.09878958016633987
21590617,0.0,0.0,0.0,0.0,0.0,1.0,0.013259992910914318,0.11411907,0.0,0.11411906778812408
21599056,0.0,0.0,0.0,0.0,0.0,0.9394859795766547,0.012670536877573864,0.107225776,0.0,0.10722577571868896
21624641,0.0,0.0,0.0,0.0,0.0,0.8455428430323483,0.0001337322624345632,0.09573478,0.0,0.09573478251695633
21625645,0.0,0.0,0.0,0.0,0.0,0.0,0.005552025132989411,0.0003448073,0.0,0.00034480731119401753
21640610,0.0,0.0,0.0,0.0,0.0,0.9330432028908702,0.013748829377674748,0.106569394,0.0,0.10656939446926117
21644106,0.0,0.0,0.0,0.0,0.0,0.9574210931565966,0.008020381040910579,0.10894095,0.0,0.10894095152616501
21653078,0.0,0.0,0.0,0.0,0.0,0.1951969189580255,0.015580484836384967,0.023132393,0.0,0.02313239313662052
21654561,0.0,0.0,0.0,0.0,0.0,0.9574210931565966,0.01519396498581908,0.1094284,0.0,0.10942839831113815
21661811,0.0,0.0,0.0,0.0,0.0,0.0,0.011789844838610179,0.00076866907,0.0,0.0007686690660193563
21664865,0.0,0.0,0.0,0.0,0.0,0.6549788182021288,0.006260061328489158,0.0745696,0.0,0.07456959784030914
21672624,0.3333333333333333,0.5,0.0,0.0,0.0,0.38431661042061077,0.0919006676247353,0.35173762,0.5,0.3517376184463501
21676304,0.0,0.0,0.0,0.0,0.0,0.9592404724668697,0.02498596186045428,0.11029982,0.0,0.11029981821775436
21702193,0.0,0.0,0.0,0.0,0.0,0.8658894330109049,0.012383394648558928,0.09887142,0.0,0.09887141734361649
21706932,0.0,0.0,0.0,0.0,0.0,0.1951969189580255,0.002339659358836095,0.022232676,0.0,0.022232675924897194
21710124,0.0,0.0,0.0,0.0,0.0,1.0,0.012299056542175413,0.11405377,0.0,0.11405377089977264
21711002,0.0,0.0,0.0,0.0,0.0,0.9394859795766547,0.0011964564283309536,0.10644611,0.0,0.10644610971212387
21712968,0.0,0.0,0.0,0.0,0.0,0.813093860476119,0.0013871853532492933,0.09214509,0.0,0.09214509278535843
21719730,0.0,0.0,0.0,0.0,0.0,0.8658894330109049,0.0005561011474603165,0.098067746,0.0,0.0980677455663681
21730822,0.3333333333333333,0.25,0.0,0.33333333333333337,0.33333333333333337,0.677101910536761,0.08405166963681887,0.38436237,0.25,0.3843623697757721
21733345,0.0,0.0,0.0,0.0,0.0,1.0,0.08208480131762413,0.11879574,0.0,0.1187957376241684
21742949,0.0,0.0,0.0,0.0,0.0,0.9394859795766547,0.0005381850593608589,0.10640138,0.0,0.10640137642621994
21747701,0.6666666666666666,0.5,0.0,0.6666666666666667,0.6666666666666667,1.0,0.18485279993089535,0.72978157,0.5,0.7297815680503845
21749388,0.0,0.0,0.0,0.0,0.0,0.677101910536761,0.015429585051697446,0.07769813,0.0,0.07769812643527985
21764132,0.0,0.0,0.0,0.0,0.0,0.8658894330109049,0.013505954242761676,0.0989477,0.0,0.09894769638776779
21765190,0.0,0.0,0.0,0.0,0.0,0.9330432028908702,0.010264900635816252,0.10633266,0.0,0.10633265972137451
21781613,0.0,0.0,0.0,0.0,0.0,0.9204559262177173,0.0005415555095407559,0.104246445,0.0,0.10424644500017166
21789095,0.0,0.0,0.0,0.0,0.0,0.9574210931565966,0.0037792072439231266,0.10865276,0.0,0.108652763068676
21797153,0.3333333333333333,0.25,0.0,0.33333333333333337,0.33333333333333337,0.6549788182021288,0.0919640483953186,0.38239455,0.25,0.38239455223083496
21798081,0.0,0.0,0.0,0.0,0.0,0.9574210931565966,0.012748201514755853,0.10926221,0.0,0.10926221311092377
21800616,0.0,0.0,0.0,0.0,0.0,0.38431661042061077,0.0005705953134967858,0.043530367,0.0,0.04353036731481552
21808399,0.0,0.0,0.0,0.0,0.0,0.8658894330109049,0.005955033601395367,0.098434605,0.0,0.09843460470438004
21808591,0.0,0.0,0.0,0.0,0.0,0.7473484305271403,0.010274517316999488,0.08530329,0.0,0.08530329167842865
21812403,0.0,0.0,0.0,0.0,0.0,0.9574210931565966,0.034414449813914005,0.11073444,0.0,0.11073444038629532
21818817,0.0,0.0,0.0,0.0,0.0,0.0,0.005552025132989411,0.0003448073,0.0,0.00034480731119401753
21819083,0.0,0.0,0.0,0.0,0.0,0.9574210931565966,0.011896135282033475,0.109204315,0.0,0.10920431464910507
21819639,0.0,0.0,0.0,0.0,0.0,0.9574210931565966,0.008437895091028507,0.10896932,0.0,0.1089693233370781
21832091,0.0,0.0,0.0,0.0,0.0,0.1951969189580255,0.025712631712298185,0.023820875,0.0,0.023820875212550163
21838881,0.0,0.0,0.0,0.0,0.0,0.9574210931565966,0.01967590255415348,0.10973295,0.0,0.10973294824361801
21841080,0.3333333333333333,0.25,0.0,0.33333333333333337,0.33333333333333337,0.9204559262177173,0.09103245846166977,0.41239667,0.25,0.4123966693878174
21841872,0.0,0.0,0.0,0.0,0.0,0.813093860476119,0.004810518395036596,0.092377715,0.0,0.09237771481275558
21842565,0.0,0.0,0.0,0.0,0.0,0.9394859795766547,0.008155445471228605,0.10691897,0.0,0.10691896826028824
21845131,0.0,0.0,0.0,0.0,0.0,0.8658894330109049,0.006935517690430857,0.09850123,0.0,0.09850122779607773
21852268,0.0,0.0,0.0,0.0,0.0,0.9330432028908702,0.0017603119798510118,0.10575477,0.0,0.10575477033853531
21865855,0.6666666666666666,1.0,0.0,0.0,0.0,0.9574210931565966,0.18257779289720727,0.7248049,1.0,0.7248048782348633
21870772,0.3333333333333333,0.25,0.0,0.33333333333333337,0.33333333333333337,0.6171202869534268,0.11725697104455383,0.3798257,0.25,0.3798257112503052
21875520,0.0,0.0,0.0,0.0,0.0,0.813093860476119,0.008534717263643793,0.092630774,0.0,0.0926307737827301
21878443,0.0,0.0,0.0,0.0,0.0,0.9394859795766547,0.008099151065720418,0.106915146,0.0,0.10691514611244202
21890179,0.0,0.0,0.0,0.0,0.0,0.7398616303702709,0.01095300789972279,0.084501505,0.0,0.08450150489807129
21897900,0.3333333333333333,0.5,0.0,0.0,0.0,0.0,0.09346246835255666,0.3083197,0.5,0.30831968784332275
21908551,0.0,0.0,0.0,0.0,0.0,0.45211423566191483,0.008169975356022192,0.051724862,0.0,0.051724862307310104
21924231,0.0,0.0,0.0,0.0,0.0,0.5803133815727446,0.013762799016978017,0.06662352,0.0,0.0666235163807869
21960339,0.0,0.0,0.0,0.0,0.0,0.1951969189580255,0.0012662094146322638,0.022159735,0.0,0.02215973474085331
21969601,0.0,0.0,0.0,0.0,0.0,1.0,0.006303082853419393,0.11364634,0.0,0.11364634335041046
21996162,0.0,0.0,0.0,0.0,0.0,0.5803133815727446,0.00547737242346464,0.06606052,0.0,0.06606052070856094
22025346,0.0,0.0,0.0,0.0,0.0,0.6171202869534268,0.0008272502225426594,0.06991294,0.0,0.06991294026374817
22025998,0.3333333333333333,0.25,0.0,0.33333333333333337,0.33333333333333337,0.9574210931565966,0.08920463310669031,0.4164588,0.25,0.41645878553390503
22026917,0.3333333333333333,0.25,0.0,0.33333333333333337,0.33333333333333337,1.0,0.08838118143554838,0.42122492,0.25,0.4212249219417572
22026974,0.0,0.0,0.0,0.0,0.0,0.9574210931565966,0.02732179653723135,0.11025249,0.0,0.1102524921298027
22027704,0.0,0.0,0.0,0.0,0.0,0.9592404724668697,0.0073817421264856615,0.109103605,0.0,0.10910360515117645
22028219,0.0,0.0,0.0,0.0,0.0,0.0,0.005552025132989411,0.0003448073,0.0,0.00034480731119401753
22035170,0.0,0.0,0.0,0.0,0.0,0.8658894330109049,0.0009708131213124068,0.09809593,0.0,0.09809593111276627
22039728,0.0,0.0,0.0,0.0,0.0,0.8658894330109049,0.004370832246049636,0.09832696,0.0,0.09832695871591568
22040276,0.0,0.0,0.0,0.0,0.0,0.677101910536761,0.03520425408669035,0.07904182,0.0,0.07904181629419327
22043224,0.0,0.0,0.0,0.0,0.0,0.8455428430323483,0.0039002789458589702,0.095990725,0.0,0.09599072486162186
22043768,0.0,0.0,0.0,0.0,0.0,0.9574210931565966,0.011802495953655144,0.10919795,0.0,0.1091979518532753
22052371,0.3333333333333333,0.5,0.0,0.0,0.0,1.0,0.08406500977268848,0.42093164,0.5,0.4209316372871399
22059105,0.0,0.0,0.0,0.0,0.0,0.9330432028908702,0.0006297045409480788,0.10567795,0.0,0.10567794740200043
22069883,0.0,0.0,0.0,0.0,0.0,0.9592404724668697,0.01015781850325772,0.10929224,0.0,0.10929223895072937
22071998,0.0,0.0,0.0,0.0,0.0,0.677101910536761,0.000786161039742468,0.0767031,0.0,0.07670310139656067
22078338,0.0,0.0,0.0,0.0,0.0,0.813093860476119,0.0006300869894969484,0.09209365,0.0,0.09209364652633667
2207861,0.0,0.0,0.0,0.0,0.0,0.8698941966083295,0.008923541633543154,0.09908986,0.0,0.0990898609161377
22094377,0.3333333333333333,0.25,0.0,0.33333333333333337,0.33333333333333337,0.5803133815727446,0.08434013651304322,0.37342063,0.25,0.3734206259250641
22098829,0.0,0.0,0.0,0.0,0.0,0.1951969189580255,0.0018476805231306653,0.022199245,0.0,0.022199245169758797
22104014,0.3333333333333333,0.5,0.0,0.0,0.0,0.8658894330109049,0.1137272476988805,0.4077591,0.5,0.4077591001987457
22108726,0.0,0.0,0.0,0.0,0.0,1.0,0.00508854340800336,0.11356382,0.0,0.11356382071971893
22115490,0.0,0.0,0.0,0.0,0.0,0.9574210931565966,0.004102443511471913,0.10867473,0.0,0.10867472738027573
22120173,0.3333333333333333,0.25,0.0,0.33333333333333337,0.33333333333333337,0.9574210931565966,0.09549379395924054,0.41688615,0.25,0.4168861508369446
22123886,0.3333333333333333,0.25,0.0,0.33333333333333337,0.33333333333333337,0.7835692923971794,0.0889163993391702,0.3967504,0.25,0.39675039052963257
22126862,0.3333333333333333,0.25,0.0,0.33333333333333337,0.33333333333333337,0.9574210931565966,0.08359498030118086,0.4160776,0.25,0.4160776138305664
22133603,0.0,0.0,0.0,0.0,0.0,0.9330432028908702,0.0007071176183170862,0.10568321,0.0,0.10568320751190186
22147816,0.0,0.0,0.0,0.0,0.0,1.0,0.00615646311480581,0.11363638,0.0,0.11363638192415237
22168649,0.0,0.0,0.0,0.0,0.0,0.0,0.0016183578179471596,7.751343e-05,0.0,7.751343218842521e-05
22169218,0.0,0.0,0.0,0.0,0.0,0.9394859795766547,0.031786780901420064,0.108524725,0.0,0.10852472484111786
22174265,0.0,0.0,0.0,0.0,0.0,1.0,0.00521859428699277,0.11357266,0.0,0.11357265710830688
22183550,0.0,0.0,0.0,0.0,0.0,0.0,0.005552025132989411,0.0003448073,0.0,0.00034480731119401753
22192769,0.0,0.0,0.0,0.0,0.0,0.9592404724668697,0.005461732238831797,0.10897314,0.0,0.10897313803434372
22198749,0.0,0.0,0.0,0.0,0.0,0.8698941966083295,0.000431548273296633,0.09851283,0.0,0.09851282835006714
22210647,0.0,0.0,0.0,0.0,0.0,0.0,0.008132412005392713,0.0005201454,0.0,0.0005201454041525722
22210679,0.3333333333333333,0.25,0.0,0.33333333333333337,0.33333333333333337,0.0,0.08888535846632274,0.30800867,0.25,0.30800867080688477
22211080,0.0,0.0,0.0,0.0,0.0,0.9574210931565966,0.030033834986891942,0.110436775,0.0,0.11043677479028702
22216682,0.0,0.0,0.0,0.0,0.0,0.0,0.003210821315221004,0.00018572182,0.0,0.000185721815796569
22217321,0.0,0.0,0.0,0.0,0.0,0.6171202869534268,0.0004810155592826986,0.06988941,0.0,0.06988941133022308
22229716,0.0,0.0,0.0,0.0,0.0,0.6549788182021288,0.02104715453556329,0.07557439,0.0,0.07557439059019089
22231178,0.0,0.0,0.0,0.0,0.0,0.43959775100198173,0.012697210303068526,0.05061499,0.0,0.050614990293979645
22239541,0.0,0.0,0.0,0.0,0.0,1.0,0.009737806491086472,0.11387974,0.0,0.1138797402381897
22242176,0.3333333333333333,0.25,0.0,0.33333333333333337,0.33333333333333337,0.9204559262177173,0.1458598018840468,0.4161222,0.25,0.4161221981048584
22242395,0.0,0.0,0.0,0.0,0.0,0.9330432028908702,0.0007143609257085138,0.1056837,0.0,0.10568369925022125
22245744,0.0,0.0,0.0,0.0,0.0,0.9330432028908702,0.00487372499487461,0.10596633,0.0,0.10596632957458496
22270734,0.0,0.0,0.0,0.0,0.0,0.0,0.001741772896832692,8.5899526e-05,0.0,8.589952631155029e-05
22271534,0.3333333333333333,0.25,0.0,0.33333333333333337,0.33333333333333337,0.813093860476119,0.0928745814992657,0.40036303,0.25,0.400363028049469
22284693,0.0,0.0,0.0,0.0,0.0,0.7398616303702709,0.00510718515011441,0.084104285,0.0,0.08410428464412689
22295588,0.0,0.0,0.0,0.0,0.0,0.9394859795766547,0.008375405416524286,0.106933914,0.0,0.10693391412496567
22297849,0.0,0.0,0.0,0.0,0.0,0.0,0.005552025132989411,0.0003448073,0.0,0.00034480731119401753
22299209,0.3333333333333333,0.25,0.0,0.33333333333333337,0.33333333333333337,0.1951969189580255,0.09761336415983726,0.3307079,0.25,0.3307079076766968
22303562,0.0,0.0,0.0,0.0,0.0,0.9394859795766547,0.0922055049070425,0.112630196,0.0,0.112630195915699
22317106,0.0,0.0,0.0,0.0,0.0,0.9204559262177173,0.00033453027726688234,0.10423238,0.0,0.10423237830400467
2232381,0.0,0.0,0.0,0.0,0.0,0.6549788182021288,0.0017356846889428677,0.074262165,0.0,0.07426216453313828
22324656,0.0,0.0,0.0,0.0,0.0,0.677101910536761,0.004707109940020073,0.07696953,0.0,0.07696952670812607
22327443,0.0,0.0,0.0,0.0,0.0,1.0,0.0005481305610946322,0.11325529,0.0,0.11325529217720032
22341818,0.0,0.0,0.0,0.0,0.0,1.0,0.0006379105356883438,0.113261394,0.0,0.1132613942027092
22343542,0.0,0.0,0.0,0.0,0.0,0.9204559262177173,0.008499588275181833,0.10478719,0.0,0.1047871932387352
22343946,0.0,0.0,0.0,0.0,0.0,0.9592404724668697,0.0018078130212471392,0.108724855,0.0,0.10872485488653183
22358960,0.3333333333333333,0.25,0.0,0.33333333333333337,0.33333333333333337,0.7835692923971794,0.08916751255065515,0.39676747,0.25,0.3967674672603607
22372182,0.0,0.0,0.0,0.0,0.0,0.9204559262177173,0.004997341808923494,0.104549214,0.0,0.10454921424388885
22382483,0.0,0.0,0.0,0.0,0.0,0.9330432028908702,0.01599295254582833,0.106721886,0.0,0.10672188550233841
22384688,0.0,0.0,0.0,0.0,0.0,0.6171202869534268,0.013605015236498427,0.07078119,0.0,0.07078119367361069
22399021,0.0,0.0,0.0,0.0,0.0,0.6171202869534268,0.005305478727435106,0.07021724,0.0,0.07021723687648773
22400810,0.0,0.0,0.0,0.0,0.0,0.8698941966083295,0.008462442686165231,0.09905853,0.0,0.09905853122472763
22403779,0.0,0.0,0.0,0.0,0.0,0.8658894330109049,0.00035271565482910275,0.098053925,0.0,0.09805392473936081
22425685,0.0,0.0,0.0,0.0,0.0,0.1951969189580255,0.018494766216027747,0.02333042,0.0,0.02333042025566101
22428105,0.0,0.0,0.0,0.0,0.0,0.6549788182021288,0.009185854936410472,0.07476841,0.0,0.07476840913295746
22428125,0.0,0.0,0.0,0.0,0.0,0.6171202869534268,0.0008801114170265699,0.06991653,0.0,0.06991653144359589
22432632,0.0,0.0,0.0,0.0,0.0,1.0,0.001082794954657892,0.11329163,0.0,0.11329162865877151
2243311,0.0,0.0,0.0,0.0,0.0,0.9592404724668697,0.010952306687442286,0.109346226,0.0,0.10934622585773468
22443806,0.0,0.0,0.0,0.0,0.0,0.9394859795766547,0.0010945674867344091,0.10643918,0.0,0.10643918067216873
22450755,0.0,0.0,0.0,0.0,0.0,1.0,0.010426693648556376,0.113926545,0.0,0.11392654478549957
22455366,0.0,0.0,0.0,0.0,0.0,1.0,0.0008989408454118633,0.113279134,0.0,0.11327913403511047
22455413,0.0,0.0,0.0,0.0,0.0,0.5803133815727446,0.0008704510479874469,0.06574748,0.0,0.06574747711420059
22461427,0.0,0.0,0.0,0.0,0.0,0.8658894330109049,1.0,0.16598026,0.0,0.165980264544487
22463905,0.0,0.0,0.0,0.0,0.0,0.9204559262177173,0.012003598528547299,0.10502529,0.0,0.1050252914428711
22470620,0.0,0.0,0.0,0.0,0.0,1.0,0.0006379105356883438,0.113261394,0.0,0.1132613942027092
22489157,0.0,0.0,0.0,0.0,0.0,0.8658894330109049,0.004574471399784808,0.098340794,0.0,0.09834079444408417
22495490,0.0,0.0,0.0,0.0,0.0,0.0,0.001972604710273414,0.000101584614,0.0,0.0001015846137306653
22498142,0.0,0.0,0.0,0.0,0.0,0.9394859795766547,0.0012120980151059237,0.10644717,0.0,0.10644716769456863
22523228,0.0,0.0,0.0,0.0,0.0,0.9574210931565966,0.034531133632588765,0.11074237,0.0,0.11074236780405045
22545389,0.0,0.0,0.0,0.0,0.0,0.0,0.011789844838610179,0.00076866907,0.0,0.0007686690660193563
22546379,0.0,0.0,0.0,0.0,0.0,0.9204559262177173,0.025186542872880868,0.105921075,0.0,0.10592107474803925
22547653,0.0,0.0,0.0,0.0,0.0,0.9592404724668697,0.004610175781037611,0.10891528,0.0,0.10891527682542801
22550427,0.3333333333333333,0.25,0.0,0.33333333333333337,0.33333333333333337,1.0,0.08482652625566692,0.42098337,0.25,0.42098337411880493
22552819,0.0,0.0,0.0,0.0,0.0,0.9592404724668697,0.0007285390098885885,0.10865152,0.0,0.10865151882171631
22554654,0.0,0.0,0.0,0.0,0.0,1.0,0.01621985339179038,0.114320196,0.0,0.11432019621133804
22559810,0.0,0.0,0.0,0.0,0.0,0.9574210931565966,0.003831994193107274,0.108656354,0.0,0.10865635424852371
22570815,0.3333333333333333,0.25,0.0,0.33333333333333337,0.33333333333333337,0.0,0.0870390730479015,0.30788323,0.25,0.30788323283195496
22574003,0.0,0.0,0.0,0.0,0.0,0.5803133815727446,0.02333825421133768,0.06727417,0.0,0.06727416813373566
22578352,0.0,0.0,0.0,0.0,0.0,0.8455428430323483,0.044491892068444124,0.09874894,0.0,0.09874893724918365
22599782,0.6666666666666666,1.0,0.0,0.0,0.0,0.8658894330109049,0.16722276781412698,0.7133955,1.0,0.7133954763412476
22604125,0.0,0.0,0.0,0.0,0.0,0.7398616303702709,0.014805744503744256,0.0847633,0.0,0.084763303399086
22606755,0.0,0.0,0.0,0.0,0.0,0.8698941966083295,0.0011893578172894955,0.09856432,0.0,0.09856431931257248
22613561,0.3333333333333333,0.4266912384650716,0.0,0.0,0.0,0.9394859795766547,0.08768873973407795,0.38111562,0.4266912384650716,0.3811156153678894
22629285,0.0,0.0,0.0,0.0,0.0,1.0,0.008884432613665874,0.11382175,0.0,0.11382175236940384
22629977,0.3333333333333333,0.25,0.0,0.33333333333333337,0.33333333333333337,0.6171202869534268,0.08446923747494536,0.37759778,0.25,0.37759777903556824
2264811,0.0,0.0,0.0,0.0,0.0,0.0,0.012480241119128616,0.0008155817,0.0,0.000815581704955548
22668964,0.0,0.0,0.0,0.0,0.0,0.9394859795766547,0.0011633497246477907,0.10644386,0.0,0.1064438596367836
22673770,0.0,0.0,0.0,0.0,0.0,1.0,0.0006562743326135273,0.113262646,0.0,0.11326264590024948
22675994,0.0,0.0,0.0,0.0,0.0,0.8455428430323483,0.004857256234955377,0.09605575,0.0,0.09605575352907181
22694068,0.0,0.0,0.0,0.0,0.0,0.9330432028908702,0.0015253214967006843,0.105738804,0.0,0.1057388037443161
22698646,0.0,0.0,0.0,0.0,0.0,0.7398616303702709,0.0004130868593368789,0.08378532,0.0,0.08378531783819199
22701625,0.0,0.0,0.0,0.0,0.0,0.9204559262177173,0.0039631011969800956,0.10447894,0.0,0.10447894036769867
22738931,0.0,0.0,0.0,0.0,0.0,1.0,0.0007824741595652125,0.11327122,0.0,0.11327122151851654
22744477,0.0,0.0,0.0,0.0,0.0,0.45211423566191483,0.000966928483268658,0.051235415,0.0,0.051235415041446686
22746133,0.0,0.0,0.0,0.0,0.0,0.8658894330109049,0.0009708131213124068,0.09809593,0.0,0.09809593111276627
22746993,0.0,0.0,0.0,0.0,0.0,0.9204559262177173,0.00020752910596514844,0.10422374,0.0,0.10422374308109283
22747266,0.3333333333333333,0.25,0.0,0.33333333333333337,0.33333333333333337,0.0,0.11393680874417239,0.30971092,0.25,0.30971091985702515
22750634,0.0,0.0,0.0,0.0,0.0,0.9330432028908702,0.0014252106222927242,0.105732,0.0,0.10573200136423111
22778375,0.0,0.0,0.0,0.0,0.0,0.8658894330109049,0.01772915817110059,0.09923466,0.0,0.09923466295003891
22794532,0.0,0.0,0.0,0.0,0.0,0.1951969189580255,0.001027887388885751,0.02214354,0.0,0.022143540903925896
22810726,0.0,0.0,0.0,0.0,0.0,0.6171202869534268,0.00940303434049629,0.070495665,0.0,0.07049566507339478
22811603,0.0,0.0,0.0,0.0,0.0,1.0,0.001985895628289345,0.11335299,0.0,0.11335299164056778
22816200,0.0,0.0,0.0,0.0,0.0,0.0,0.01438788845993312,0.0009452069,0.0,0.0009452069061808288
22821611,0.0,0.0,0.0,0.0,0.0,0.5803133815727446,0.004917579455387495,0.06602248,0.0,0.06602247804403305
22832829,0.0,0.0,0.0,0.0,0.0,0.813093860476119,0.016785343386028793,0.09319141,0.0,0.09319140762090683
22836014,0.0,0.0,0.0,0.0,0.0,0.9330432028908702,0.0007225370925094359,0.10568426,0.0,0.10568425804376602
22875636,0.0,0.0,0.0,0.0,0.0,1.0,0.01911458023544042,0.11451689,0.0,0.11451689153909683
22888911,0.0,0.0,0.0,0.0,0.0,0.8658894330109049,0.0014520747032085509,0.09812863,0.0,0.09812863171100616
22890237,0.0,0.0,0.0,0.0,0.0,1.0,0.005606963771819348,0.11359905,0.0,0.11359904706478119
2289831,0.3333333333333333,0.25,0.0,0.33333333333333337,0.33333333333333337,0.6171202869534268,0.08880499169716145,0.3778924,0.25,0.377892404794693
22918836,0.0,0.0,0.0,0.0,0.0,0.9204559262177173,0.008610237468050895,0.10479471,0.0,0.1047947108745575
22942992,0.0,0.0,0.0,0.0,0.0,1.0,0.00477909544889153,0.11354279,0.0,0.11354278773069382
22951944,0.0,0.0,0.0,0.0,0.0,0.9574210931565966,0.04746482978242374,0.111621216,0.0,0.11162121593952179
22952068,0.0,0.0,0.0,0.0,0.0,1.0,0.004884505183201709,0.113549955,0.0,0.11354995518922806
229523,0.0,0.0,0.0,0.0,0.0,0.9204559262177173,0.023812716688503138,0.10582773,0.0,0.10582772642374039
22955009,0.0,0.0,0.0,0.0,0.0,0.9574210931565966,0.06035717231865527,0.112497255,0.0,0.1124972552061081
22955144,0.0,0.0,0.0,0.0,0.0,0.8658894330109049,0.0005561011474603165,0.098067746,0.0,0.0980677455663681
22975077,0.0,0.0,0.0,0.0,0.0,0.7473484305271403,0.023965850987476892,0.086233616,0.0,0.08623361587524414
2298661,0.0,0.0,0.0,0.0,0.0,0.9204559262177173,0.008548707965516397,0.10479053,0.0,0.10479053109884262
23015762,0.0,0.0,0.0,0.0,0.0,0.9394859795766547,0.03670259540510862,0.10885876,0.0,0.10885875672101974
23016489,0.0,0.0,0.0,0.0,0.0,0.7473484305271403,0.005374617825856251,0.08497034,0.0,0.08497034013271332
23076156,0.0,0.0,0.0,0.0,0.0,0.9574210931565966,0.0002727804917979949,0.1084145,0.0,0.10841450095176697
23091045,0.0,0.0,0.0,0.0,0.0,1.0,0.005518324286324677,0.11359302,0.0,0.11359301954507828
23102115,0.0,0.0,0.0,0.0,0.0,0.9574210931565966,0.03169715022447206,0.1105498,0.0,0.11054980009794235
23103935,0.0,0.0,0.0,0.0,0.0,0.9204559262177173,0.0004113806562310896,0.10423759,0.0,0.10423759371042252
23130671,0.0,0.0,0.0,0.0,0.0,0.9204559262177173,0.0002585166704085878,0.10422721,0.0,0.1042272076010704
23132210,0.0,0.0,0.0,0.0,0.0,0.9574210931565966,0.005574667623723511,0.10877477,0.0,0.10877476632595062
23134293,0.0,0.0,0.0,0.0,0.0,0.1951969189580255,0.005944109367631187,0.022477599,0.0,0.02247759886085987
23135992,0.0,0.0,0.0,0.0,0.0,0.9574210931565966,0.06881132718755759,0.11307172,0.0,0.11307171732187271
23142308,0.0,0.0,0.0,0.0,0.0,0.8658894330109049,0.021203511971294893,0.09947074,0.0,0.09947074204683304
23155139,0.3333333333333333,0.25,0.0,0.33333333333333337,0.33333333333333337,0.0,0.08509789917300803,0.30775133,0.25,0.307751327753067
23160361,0.0,0.0,0.0,0.0,0.0,0.1951969189580255,0.03875229275976514,0.024706924,0.0,0.024706924334168434
23173341,0.0,0.0,0.0,0.0,0.0,1.0,0.027206150406450032,0.115066715,0.0,0.11506671458482742
23174831,0.0,0.0,0.0,0.0,0.0,0.9574210931565966,0.008123054541654046,0.10894793,0.0,0.10894793272018433
23175674,0.0,0.0,0.0,0.0,0.0,1.0,0.03536216287385614,0.11562092,0.0,0.115620918571949
23186374,0.0,0.0,0.0,0.0,0.0,0.677101910536761,0.0018491988869291404,0.076775335,0.0,0.07677533477544785
23192594,0.3333333333333333,0.5,0.0,0.0,0.0,1.0,0.11049140595101296,0.42272732,0.5,0.4227273166179657
23200315,0.0,0.0,0.0,0.0,0.0,0.6549788182021288,0.0021062077534159,0.07428735,0.0,0.07428734749555588
23202105,0.0,0.0,0.0,0.0,0.0,0.38431661042061077,0.0013464063535045805,0.043583084,0.0,0.043583083897829056
23206952,0.0,0.0,0.0,0.0,0.0,1.0,0.0016228813056062043,0.11332832,0.0,0.11332832276821136
23208011,0.3333333333333333,0.25,0.0,0.33333333333333337,0.33333333333333337,1.0,0.09001358416971975,0.42133585,0.25,0.4213358461856842
23218852,0.0,0.0,0.0,0.0,0.0,0.9574210931565966,0.03617024552085627,0.11085375,0.0,0.11085374653339386
23219721,0.0,0.0,0.0,0.0,0.0,0.8658894330109049,0.0005561011474603165,0.098067746,0.0,0.0980677455663681
23225221,0.3333333333333333,0.25,0.0,0.33333333333333337,0.33333333333333337,0.9574210931565966,0.16571140634307077,0.42165744,0.25,0.4216574430465698
23231036,0.0,0.0,0.0,0.0,0.0,0.8698941966083295,0.009658935143435484,0.09913983,0.0,0.09913983196020126
23236261,0.0,0.0,0.0,0.0,0.0,0.0,0.007960421264093166,0.0005084586,0.0,0.000508458586409688
23240683,0.0,0.0,0.0,0.0,0.0,0.9574210931565966,0.0012529351051270969,0.1084811,0.0,0.10848110169172287
23256816,0.3333333333333333,0.25,0.0,0.33333333333333337,0.33333333333333337,1.0,0.08763966300948889,0.42117453,0.25,0.4211745262145996
23281198,0.0,0.0,0.0,0.0,0.0,1.0,0.004488617172758497,0.11352305,0.0,0.11352305114269257
23294276,0.0,0.0,0.0,0.0,0.0,0.9330432028908702,0.0015253214967006843,0.105738804,0.0,0.1057388037443161
23299628,0.0,0.0,0.0,0.0,0.0,0.9592404724668697,0.0013854194710700642,0.108696155,0.0,0.10869615525007248
23300429,0.0,0.0,0.0,0.0,0.0,0.9574210931565966,0.03309041622576337,0.110644475,0.0,0.11064447462558746
23307551,0.0,0.0,0.0,0.0,0.0,1.0,0.0077168737374685905,0.11374241,0.0,0.1137424111366272
23317513,0.0,0.0,0.0,0.0,0.0,0.9592404724668697,0.02114118347991912,0.11003856,0.0,0.11003856360912323
23335036,0.0,0.0,0.0,0.0,0.0,0.0,0.03361749330782992,0.0022518644,0.0,0.0022518644109368324
23344327,0.0,0.0,0.0,0.0,0.0,0.9574210931565966,0.09339855837898221,0.11474243,0.0,0.11474242806434631
23345629,0.0,0.0,0.0,0.0,0.0,1.0,0.0015965117343297115,0.113326535,0.0,0.1133265346288681
23367105,0.0,0.0,0.0,0.0,0.0,0.7473484305271403,0.010516650674456179,0.08531974,0.0,0.08531974256038666
23381383,0.0,0.0,0.0,0.0,0.0,0.0,0.003090311241761086,0.00017753312,0.0,0.0001775331184035167
23387073,0.0,0.0,0.0,0.0,0.0,0.8658894330109049,0.0005561011474603165,0.098067746,0.0,0.0980677455663681
23390357,0.0,0.0,0.0,0.0,0.0,1.0,0.006650224782521602,0.11366993,0.0,0.11366993188858032
23411888,0.0,0.0,0.0,0.0,0.0,1.0,0.0007979886407179352,0.11327227,0.0,0.1132722720503807
23419128,0.0,0.0,0.0,0.0,0.0,0.677101910536761,0.004610750389708552,0.07696298,0.0,0.07696297764778137
23420295,0.0,0.0,0.0,0.0,0.0,1.0,0.008571251326447116,0.113800466,0.0,0.11380046606063843
23425876,0.0,0.0,0.0,0.0,0.0,0.9592404724668697,0.0007997096705085992,0.108656354,0.0,0.10865635424852371
23428392,0.0,0.0,0.0,0.0,0.0,0.0,0.005552025132989411,0.0003448073,0.0,0.00034480731119401753
23436744,0.0,0.0,0.0,0.0,0.0,0.9574210931565966,0.000863933987970004,0.108454674,0.0,0.10845467448234558
23440812,0.3333333333333333,0.25,0.0,0.33333333333333337,0.33333333333333337,1.0,0.08483533156694377,0.42098397,0.25,0.4209839701652527
23456569,0.0,0.0,0.0,0.0,0.0,0.0,0.0022621234272358812,0.0001212575,0.0,0.00012125750072300434
23460768,0.0,0.0,0.0,0.0,0.0,0.9574210931565966,0.06876276830748415,0.11306842,0.0,0.11306841671466827
23469104,0.0,0.0,0.0,0.0,0.0,0.38431661042061077,0.010592381115103999,0.04421135,0.0,0.04421135038137436
23480093,0.0,0.0,0.0,0.0,0.0,0.7398616303702709,0.030345276694510426,0.08581922,0.0,0.08581922203302383
23485991,0.0,0.0,0.0,0.0,0.0,0.9574210931565966,0.04324075446526884,0.11133419,0.0,0.1113341897726059
23491643,0.3333333333333333,0.25,0.0,0.33333333333333337,0.33333333333333337,1.0,0.08412558901802808,0.42093575,0.25,0.4209357500076294
23509707,0.0,0.0,0.0,0.0,0.0,0.9204559262177173,0.0002585166704085878,0.10422721,0.0,0.1042272076010704
23514314,0.0,0.0,0.0,0.0,0.0,0.9204559262177173,0.00033453027726688234,0.10423238,0.0,0.10423237830400467
23516386,0.0,0.0,0.0,0.0,0.0,0.9592404724668697,0.008570943361212993,0.109184414,0.0,0.10918441414833069
23538058,0.0,0.0,0.0,0.0,0.0,1.0,0.0015849003015979987,0.113325745,0.0,0.11332574486732483
23542242,0.0,0.0,0.0,0.0,0.0,0.8658894330109049,0.015145313727186187,0.09905909,0.0,0.0990590900182724
23546586,0.0,0.0,0.0,0.0,0.0,0.7398616303702709,0.004586166766624104,0.08406888,0.0,0.08406887948513031
23553485,0.0,0.0,0.0,0.0,0.0,0.9394859795766547,0.0001569878806851667,0.10637547,0.0,0.10637547075748444
23558839,0.3333333333333333,0.25,0.0,0.33333333333333337,0.33333333333333337,1.0,0.08815906528351747,0.42120984,0.25,0.42120984196662903
23569466,0.0,0.0,0.0,0.0,0.0,0.9204559262177173,0.025063394633505695,0.10591271,0.0,0.1059127077460289
23585963,0.0,0.0,0.0,0.0,0.0,0.9592404724668697,0.0007886928202249395,0.1086556,0.0,0.10865560173988342
23602061,0.0,0.0,0.0,0.0,0.0,0.9330432028908702,0.0014252106222927242,0.105732,0.0,0.10573200136423111
23622398,0.0,0.0,0.0,0.0,0.0,0.6171202869534268,0.0005741715610528954,0.069895744,0.0,0.06989574432373047
23626294,0.0,0.0,0.0,0.0,0.0,0.8658894330109049,0.006279639518211094,0.098456666,0.0,0.09845666587352753
23654898,0.0,0.0,0.0,0.0,0.0,0.813093860476119,0.0005084207484116248,0.092085384,0.0,0.09208538383245468
23662170,0.0,0.0,0.0,0.0,0.0,0.0,0.011473453096965177,0.0007471701,0.0,0.000747170124668628
23664562,0.0,0.0,0.0,0.0,0.0,0.9574210931565966,0.0005348085234635349,0.10843231,0.0,0.10843230783939362
23678749,0.0,0.0,0.0,0.0,0.0,0.7473484305271403,0.013984742606699055,0.0855554,0.0,0.08555539697408676
23679184,0.0,0.0,0.0,0.0,0.0,0.7473484305271403,0.0009958439756534855,0.0846728,0.0,0.08467280119657516
23686201,0.0,0.0,0.0,0.0,0.0,0.8698941966083295,0.000431548273296633,0.09851283,0.0,0.09851282835006714
23689320,0.3333333333333333,0.25,0.0,0.33333333333333337,0.33333333333333337,0.9574210931565966,0.10284145898305315,0.41738543,0.25,0.41738542914390564
23713679,0.0,0.0,0.0,0.0,0.0,0.8658894330109049,0.0019366633490708752,0.098161556,0.0,0.09816155582666397
23741758,0.3333333333333333,0.5,0.0,0.0,0.0,0.8698941966083295,0.08407534900367608,0.4061978,0.5,0.40619778633117676
23756767,0.0,0.0,0.0,0.0,0.0,1.0,0.0007979886407179352,0.11327227,0.0,0.1132722720503807
23769455,0.0,0.0,0.0,0.0,0.0,0.9574210931565966,0.01945795721934624,0.109718144,0.0,0.10971814393997192
23793502,0.0,0.0,0.0,0.0,0.0,1.0,0.006640560232979464,0.113669276,0.0,0.11366927623748779
23799941,0.0,0.0,0.0,0.0,0.0,0.0,0.005552025132989411,0.0003448073,0.0,0.00034480731119401753
23802496,0.0,0.0,0.0,0.0,0.0,0.38431661042061077,0.0005705953134967858,0.043530367,0.0,0.04353036731481552
23807441,0.0,0.0,0.0,0.0,0.0,1.0,0.006321240710497239,0.11364758,0.0,0.11364758014678955
23815405,0.3333333333333333,0.25,0.0,0.33333333333333337,0.33333333333333337,1.0,0.09290163687912031,0.4215321,0.25,0.4215320944786072
23832567,0.0,0.0,0.0,0.0,0.0,1.0,0.0006140940848882498,0.11325978,0.0,0.11325977742671967
23840343,0.0,0.0,0.0,0.0,0.0,0.9574210931565966,0.00017250168692835107,0.10840769,0.0,0.10840769112110138
2384071,0.3333333333333333,0.25,0.0,0.33333333333333337,0.33333333333333337,0.9204559262177173,0.9057074492075301,0.4677541,0.25,0.4677540957927704
23841181,0.0,0.0,0.0,0.0,0.0,0.9574210931565966,0.02308910635781947,0.10996488,0.0,0.10996487736701965
23842725,0.0,0.0,0.0,0.0,0.0,0.9592404724668697,0.001316374828210565,0.10869146,0.0,0.10869146138429642
23843209,0.0,0.0,0.0,0.0,0.0,0.38431661042061077,0.005271277164809354,0.04384978,0.0,0.04384978115558624
23845287,0.0,0.0,0.0,0.0,0.0,0.43959775100198173,0.010092986325733749,0.050438035,0.0,0.050438035279512405
23855565,0.3333333333333333,0.4266912384650716,0.0,0.0,0.0,0.7398616303702709,0.08391495245761074,0.35825163,0.4266912384650716,0.3582516312599182
23863891,0.0,0.0,0.0,0.0,0.0,1.0,0.006435959766360502,0.11365537,0.0,0.11365537345409393
23875013,0.0,0.0,0.0,0.0,0.0,0.8658894330109049,0.021737635314071694,0.09950704,0.0,0.09950704127550125
23875971,0.0,0.0,0.0,0.0,0.0,0.813093860476119,0.005471882989495295,0.09242265,0.0,0.09242264926433563
23877922,0.0,0.0,0.0,0.0,0.0,0.9204559262177173,0.004261768313684037,0.10449923,0.0,0.10449922829866409
23882885,0.0,0.0,0.0,0.0,0.0,1.0,0.0005481305610946322,0.11325529,0.0,0.11325529217720032
23885448,0.0,0.0,0.0,0.0,0.0,0.9574210931565966,0.16225603761538898,0.11942131,0.0,0.11942131072282791
23889215,0.0,0.0,0.0,0.0,0.0,0.9592404724668697,0.000790693379599434,0.10865574,0.0,0.10865574330091476
23906713,0.0,0.0,0.0,0.0,0.0,1.0,0.001237177016992544,0.11330212,0.0,0.11330211907625198
23912636,0.0,0.0,0.0,0.0,0.0,0.813093860476119,0.006350008980125369,0.09248232,0.0,0.0924823209643364
23932171,0.0,0.0,0.0,0.0,0.0,1.0,0.001385156717456408,0.11331217,0.0,0.11331216990947723
23933453,0.0,0.0,0.0,0.0,0.0,0.8658894330109049,0.0005422834460968686,0.09806681,0.0,0.09806680679321289
23948231,0.0,0.0,0.0,0.0,0.0,1.0,0.0006140940848882498,0.11325978,0.0,0.11325977742671967
23966837,0.0,0.0,0.0,0.0,0.0,0.9574210931565966,0.0003309168140166446,0.10841845,0.0,0.10841844975948334
23967016,0.3333333333333333,0.25,0.0,0.33333333333333337,0.33333333333333337,0.0,0.08888535846632274,0.30800867,0.25,0.30800867080688477
23974256,0.0,0.0,0.0,0.0,0.0,0.6171202869534268,0.02309529101805228,0.071426064,0.0,0.07142606377601624
23986984,0.0,0.0,0.0,0.0,0.0,0.8455428430323483,0.0283106494612076,0.09764942,0.0,0.09764941781759262
24000375,0.0,0.0,0.0,0.0,0.0,0.9574210931565966,0.00043155075545892507,0.10842529,0.0,0.10842528939247131
24008715,0.0,0.0,0.0,0.0,0.0,0.9204559262177173,0.0005415555095407559,0.104246445,0.0,0.10424644500017166
24060334,0.0,0.0,0.0,0.0,0.0,1.0,0.04139506190625008,0.11603086,0.0,0.11603085696697235
24068931,0.0,0.0,0.0,0.0,0.0,0.6171202869534268,0.018437914717240714,0.07110959,0.0,0.0711095929145813
24119191,0.0,0.0,0.0,0.0,0.0,0.0,0.003705739714568165,0.00021935167,0.0,0.00021935167023912072
24120763,0.0,0.0,0.0,0.0,0.0,0.8658894330109049,0.013073843544744874,0.09891833,0.0,0.09891833364963531
24127258,0.0,0.0,0.0,0.0,0.0,1.0,0.0006379105356883438,0.113261394,0.0,0.1132613942027092
24129724,0.0,0.0,0.0,0.0,0.0,0.38431661042061077,0.0055739893724982455,0.04387035,0.0,0.04387034848332405
24130280,0.0,0.0,0.0,0.0,0.0,0.8455428430323483,0.0003952079213645068,0.09575255,0.0,0.09575255215167999
24141043,0.0,0.0,0.0,0.0,0.0,1.0,0.0014931929223335957,0.113319516,0.0,0.1133195161819458
24153737,0.0,0.0,0.0,0.0,0.0,0.9330432028908702,0.0005314830401085846,0.10567127,0.0,0.10567127168178558
24155868,0.0,0.0,0.0,0.0,0.0,0.0,0.00185701026521213,9.372994e-05,0.0,9.372994099976495e-05
24173927,0.0,0.0,0.0,0.0,0.0,0.8455428430323483,0.004568801271066314,0.09603615,0.0,0.0960361510515213
24187243,0.0,0.0,0.0,0.0,0.0,0.8698941966083295,0.012880816796646604,0.09935876,0.0,0.09935875982046127
24188726,0.0,0.0,0.0,0.0,0.0,1.0,0.009790523790790604,0.11388332,0.0,0.11388331651687622
24189649,0.3333333333333333,0.25,0.0,0.33333333333333337,0.33333333333333337,1.0,0.08492120293464273,0.4209898,0.25,0.4209898114204407
24197313,0.0,0.0,0.0,0.0,0.0,0.6549788182021288,0.016249095319658,0.07524836,0.0,0.0752483606338501
24197480,0.0,0.0,0.0,0.0,0.0,0.9592404724668697,0.0015688969049663325,0.10870862,0.0,0.10870862007141113
24202933,0.0,0.0,0.0,0.0,0.0,0.6171202869534268,0.0007926392655715313,0.069910586,0.0,0.06991058588027954
24208679,0.0,0.0,0.0,0.0,0.0,0.9204559262177173,0.020858181639992323,0.10562696,0.0,0.10562696307897568
24214759,0.0,0.0,0.0,0.0,0.0,0.7835692923971794,0.006043096088036858,0.089117795,0.0,0.08911779522895813
24222115,0.0,0.0,0.0,0.0,0.0,0.8698941966083295,0.0003236958646180416,0.0985055,0.0,0.09850549697875977
24241212,0.0,0.0,0.0,0.0,0.0,0.6171202869534268,0.004565796960643593,0.070166975,0.0,0.07016697525978088
24266032,0.0,0.0,0.0,0.0,0.0,0.7473484305271403,0.0006708934324684328,0.08465072,0.0,0.08465071767568588
24266846,0.0,0.0,0.0,0.0,0.0,0.9394859795766547,0.008188632498380977,0.106921226,0.0,0.1069212257862091
24278053,0.0,0.0,0.0,0.0,0.0,1.0,0.012545919525993134,0.11407055,0.0,0.11407054960727692
24280714,0.3333333333333333,0.25,0.0,0.33333333333333337,0.33333333333333337,1.0,0.09635695820457153,0.42176688,0.25,0.42176687717437744
24299336,0.0,0.0,0.0,0.0,0.0,0.0,0.007960421264093166,0.0005084586,0.0,0.000508458586409688
24305062,0.0,0.0,0.0,0.0,0.0,0.0,0.006282325089586686,0.0003944314,0.0,0.0003944314084947109
24321605,0.0,0.0,0.0,0.0,0.0,0.677101910536761,0.0006061375024758277,0.07669087,0.0,0.07669086754322052
24355110,0.0,0.0,0.0,0.0,0.0,0.9574210931565966,0.01182196338336323,0.10919927,0.0,0.10919927060604095
24365037,0.0,0.0,0.0,0.0,0.0,0.8455428430323483,0.018630157184557804,0.09699162,0.0,0.09699162095785141
24369882,0.0,0.0,0.0,0.0,0.0,0.9394859795766547,0.032278154697593604,0.10855812,0.0,0.10855811834335327
24380688,0.0,0.0,0.0,0.0,0.0,0.9574210931565966,0.048038545232222035,0.1116602,0.0,0.1116601973772049
24381592,0.0,0.0,0.0,0.0,0.0,0.0,0.005552025132989411,0.0003448073,0.0,0.00034480731119401753
24400109,0.0,0.0,0.0,0.0,0.0,0.9574210931565966,0.012619653830025088,0.10925347,0.0,0.10925347357988358
24401652,0.0,0.0,0.0,0.0,0.0,0.7473484305271403,0.00044327260925922655,0.08463525,0.0,0.08463525027036667
24415163,0.0,0.0,0.0,0.0,0.0,1.0,0.01024625764352045,0.11391429,0.0,0.11391428858041763
24422284,0.0,0.0,0.0,0.0,0.0,0.677101910536761,0.006556688327433985,0.07709521,0.0,0.07709521055221558
24437093,0.3333333333333333,0.25,0.0,0.33333333333333337,0.33333333333333337,1.0,0.08388146389442797,0.42091918,0.25,0.42091917991638184
24447359,0.0,0.0,0.0,0.0,0.0,0.9394859795766547,0.00027099064669274485,0.10638322,0.0,0.10638321936130524
24469669,0.0,0.0,0.0,0.0,0.0,0.9330432028908702,0.011609281823694882,0.10642401,0.0,0.1064240112900734
24471813,0.0,0.0,0.0,0.0,0.0,0.9394859795766547,0.008254760311665211,0.10692572,0.0,0.10692571848630905
24480574,0.0,0.0,0.0,0.0,0.0,1.0,0.017735673765183698,0.11442319,0.0,0.11442319303750992
24513665,0.0,0.0,0.0,0.0,0.0,0.9330432028908702,0.0015253214967006843,0.105738804,0.0,0.1057388037443161
24535621,0.0,0.0,0.0,0.0,0.0,0.0,0.007251835951816001,0.00046030997,0.0,0.00046030996600165963
24546595,0.0,0.0,0.0,0.0,0.0,0.9574210931565966,0.007536473835881093,0.10890807,0.0,0.10890807211399078
24560098,0.0,0.0,0.0,0.0,0.0,0.9592404724668697,0.009137893680762536,0.10922293,0.0,0.10922293365001678
24561360,0.3333333333333333,0.25,0.0,0.33333333333333337,0.33333333333333337,0.9204559262177173,0.0836678636106002,0.41189626,0.25,0.4118962585926056
24582434,0.0,0.0,0.0,0.0,0.0,0.9592404724668697,0.0011405754006292258,0.10867952,0.0,0.10867951810359955
24599593,0.3333333333333333,0.4266912384650716,0.0,0.0,0.0,0.0,0.08888535846632274,0.27479967,0.4266912384650716,0.2747996747493744
24601153,0.0,0.0,0.0,0.0,0.0,0.9592404724668697,0.0011378277250941888,0.10867933,0.0,0.10867933183908463
24603879,0.0,0.0,0.0,0.0,0.0,0.9574210931565966,0.011814551276726143,0.10919877,0.0,0.10919877141714096
24605719,0.0,0.0,0.0,0.0,0.0,1.0,0.013413796641377755,0.11412952,0.0,0.11412952095270157
24634969,0.0,0.0,0.0,0.0,0.0,0.8658894330109049,0.00035271565482910275,0.098053925,0.0,0.09805392473936081
24640763,0.0,0.0,0.0,0.0,0.0,0.813093860476119,0.004974967286796996,0.09238888,0.0,0.09238888323307037
24644259,0.3333333333333333,0.25,0.0,0.33333333333333337,0.33333333333333337,0.8658894330109049,0.08774775729576165,0.4059938,0.25,0.405993789434433
24653118,0.0,0.0,0.0,0.0,0.0,0.8455428430323483,0.000704655936983162,0.09577358,0.0,0.09577357769012451
24653768,0.0,0.0,0.0,0.0,0.0,0.0,0.0013386265269892074,5.8505608e-05,0.0,5.850560773978941e-05
24661292,0.0,0.0,0.0,0.0,0.0,0.9204559262177173,0.006924320720735306,0.10468015,0.0,0.1046801507472992
24663433,0.0,0.0,0.0,0.0,0.0,0.7398616303702709,0.0017059947793557823,0.08387317,0.0,0.08387316763401031
24691785,0.0,0.0,0.0,0.0,0.0,0.9204559262177173,0.00033453027726688234,0.10423238,0.0,0.10423237830400467
24694181,0.3333333333333333,0.25,0.0,0.33333333333333337,0.33333333333333337,1.0,0.08950925631798008,0.42130157,0.25,0.42130157351493835
24699440,0.0,0.0,0.0,0.0,0.0,0.8658894330109049,0.012129559366213656,0.09885417,0.0,0.0988541692495346
24728208,0.0,0.0,0.0,0.0,0.0,0.7473484305271403,0.013526273595749651,0.085524246,0.0,0.08552424609661102
24731038,0.0,0.0,0.0,0.0,0.0,0.0,0.005552025132989411,0.0003448073,0.0,0.00034480731119401753
24747785,0.0,0.0,0.0,0.0,0.0,0.9574210931565966,0.0005383691416396242,0.108432546,0.0,0.10843254625797272
24766695,0.0,0.0,0.0,0.0,0.0,0.9574210931565966,0.036287628881757,0.110861726,0.0,0.11086172610521317
24777860,0.0,0.0,0.0,0.0,0.0,0.43959775100198173,0.0005393477874944201,0.049788862,0.0,0.049788862466812134
24795477,0.0,0.0,0.0,0.0,0.0,0.8698941966083295,0.021090972204812333,0.09991664,0.0,0.09991663694381714
24800593,0.0,0.0,0.0,0.0,0.0,0.0,0.005552025132989411,0.0003448073,0.0,0.00034480731119401753
24812917,0.0,0.0,0.0,0.0,0.0,0.5803133815727446,0.010330189275429906,0.06639027,0.0,0.0663902685046196
24821116,0.0,0.0,0.0,0.0,0.0,1.0,0.013804369257334569,0.11415606,0.0,0.11415605992078781
24823150,0.0,0.0,0.0,0.0,0.0,0.9592404724668697,0.0007708190530967414,0.10865439,0.0,0.10865438729524612
24823649,0.0,0.0,0.0,0.0,0.0,0.9592404724668697,0.005317093703874782,0.10896331,0.0,0.10896331071853638
24829706,0.0,0.0,0.0,0.0,0.0,0.9204559262177173,0.0004982224965775981,0.104243495,0.0,0.10424349457025528
24847667,0.0,0.0,0.0,0.0,0.0,0.8698941966083295,0.00849855858822189,0.09906098,0.0,0.09906098246574402
24853652,0.0,0.0,0.0,0.0,0.0,1.0,0.0005481305610946322,0.11325529,0.0,0.11325529217720032
24863940,0.0,0.0,0.0,0.0,0.0,0.9574210931565966,8.756845575114705e-05,0.10840192,0.0,0.10840191692113876
24876633,0.0,0.0,0.0,0.0,0.0,0.8658894330109049,0.004410833599353882,0.09832968,0.0,0.09832967817783356
24879395,0.0,0.0,0.0,0.0,0.0,0.9394859795766547,0.0008042318561560919,0.10641945,0.0,0.10641945153474808
24882838,0.0,0.0,0.0,0.0,0.0,0.9330432028908702,0.004888846115898345,0.10596736,0.0,0.10596735775470734
24886520,0.0,0.0,0.0,0.0,0.0,1.0,0.0006140940848882498,0.11325978,0.0,0.11325977742671967
24889381,0.0,0.0,0.0,0.0,0.0,0.8698941966083295,0.004897352297447406,0.098816276,0.0,0.09881627559661865
24902362,0.0,0.0,0.0,0.0,0.0,0.9592404724668697,0.0008643052254737536,0.10866074,0.0,0.1086607426404953
24902648,0.0,0.0,0.0,0.0,0.0,0.9204559262177173,0.012313109188775333,0.105046324,0.0,0.10504632443189621
24906622,0.0,0.0,0.0,0.0,0.0,0.9574210931565966,0.09685594607579107,0.11497736,0.0,0.11497735977172852
24910181,0.0,0.0,0.0,0.0,0.0,1.0,0.013816727343566346,0.1141569,0.0,0.11415690183639526
24910814,0.0,0.0,0.0,0.0,0.0,0.9394859795766547,0.004433351497887761,0.10666605,0.0,0.10666605085134506
24918830,0.0,0.0,0.0,0.0,0.0,0.8658894330109049,0.004882222923408659,0.09836171,0.0,0.09836170822381973
24920619,0.0,0.0,0.0,0.0,0.0,0.38431661042061077,0.008330663293379652,0.044057667,0.0,0.04405766725540161
24922522,0.0,0.0,0.0,0.0,0.0,0.9204559262177173,0.02047935715130657,0.10560122,0.0,0.1056012213230133
24931228,0.0,0.0,0.0,0.0,0.0,0.9394859795766547,0.0005166977805794633,0.106399916,0.0,0.10639991611242294
24936920,0.0,0.0,0.0,0.0,0.0,0.0,0.005552025132989411,0.0003448073,0.0,0.00034480731119401753
24947250,0.0,0.0,0.0,0.0,0.0,0.8698941966083295,0.006616598517720624,0.0989331,0.0,0.09893310070037842
2495,0.0,0.0,0.0,0.0,0.0,0.9204559262177173,0.05534161137689419,0.107970126,0.0,0.10797012597322464
24971746,0.0,0.0,0.0,0.0,0.0,0.677101910536761,0.009609236713953775,0.07730263,0.0,0.07730262726545334
24973585,0.0,0.0,0.0,0.0,0.0,0.6171202869534268,0.0010250125187388172,0.06992638,0.0,0.06992638111114502
24983519,0.0,0.0,0.0,0.0,0.0,0.8658894330109049,0.0005561011474603165,0.098067746,0.0,0.0980677455663681
24987071,0.0,0.0,0.0,0.0,0.0,0.9394859795766547,0.004275871929292283,0.10665535,0.0,0.10665535181760788
25033333,0.0,0.0,0.0,0.0,0.0,0.9204559262177173,0.0002457552046008652,0.10422634,0.0,0.10422634333372116
25045345,0.0,0.0,0.0,0.0,0.0,0.9574210931565966,0.011646229055224763,0.109187335,0.0,0.10918733477592468
25094692,0.0,0.0,0.0,0.0,0.0,0.9574210931565966,0.00034074914162525097,0.10841912,0.0,0.10841912031173706
25159425,0.0,0.0,0.0,0.0,0.0,0.5803133815727446,0.0007118713672487054,0.0657367,0.0,0.06573670357465744
25172126,0.0,0.0,0.0,0.0,0.0,0.0,0.005552025132989411,0.0003448073,0.0,0.00034480731119401753
25181001,0.3333333333333333,0.25,0.0,0.33333333333333337,0.33333333333333337,1.0,0.08411580749289854,0.4209351,0.25,0.42093509435653687
25184645,0.0,0.0,0.0,0.0,0.0,0.9204559262177173,0.012939049782828716,0.10508885,0.0,0.10508885234594345
2520,0.0,0.0,0.0,0.0,0.0,0.8698941966083295,0.004395549635967534,0.09878218,0.0,0.09878218173980713
25202593,0.0,0.0,0.0,0.0,0.0,0.9592404724668697,0.010071676061527193,0.10928638,0.0,0.10928638279438019
25210674,0.0,0.0,0.0,0.0,0.0,1.0,0.004813342338850464,0.11354512,0.0,0.11354511976242065
25219716,0.0,0.0,0.0,0.0,0.0,0.9574210931565966,0.004221091107805108,0.10868279,0.0,0.1086827889084816
25232217,0.0,0.0,0.0,0.0,0.0,0.0,0.003210821315221004,0.00018572182,0.0,0.000185721815796569
25264350,0.0,0.0,0.0,0.0,0.0,0.9330432028908702,0.015408940458101853,0.1066822,0.0,0.1066822037100792
25268947,0.3333333333333333,0.25,0.0,0.33333333333333337,0.33333333333333337,0.9330432028908702,0.08471621033262199,0.413393,0.25,0.4133929908275604
25274236,0.0,0.0,0.0,0.0,0.0,0.0,0.005552025132989411,0.0003448073,0.0,0.00034480731119401753
25281456,0.3333333333333333,0.5,0.0,0.0,0.0,0.8455428430323483,0.08363648827780894,0.40341017,0.5,0.4034101665019989
25283577,0.0,0.0,0.0,0.0,0.0,0.813093860476119,0.012595339735564556,0.09290669,0.0,0.09290669113397598
25293746,0.0,0.0,0.0,0.0,0.0,0.9204559262177173,0.0042214860699586534,0.104496494,0.0,0.10449649393558502
25343925,0.0,0.0,0.0,0.0,0.0,0.0,0.003705739714568165,0.00021935167,0.0,0.00021935167023912072
25377274,0.0,0.0,0.0,0.0,0.0,0.677101910536761,0.0002891992696025335,0.07666933,0.0,0.07666932791471481
25385002,0.0,0.0,0.0,0.0,0.0,0.8698941966083295,0.00048614647151941457,0.09851654,0.0,0.0985165387392044
2538581,0.0,0.0,0.0,0.0,0.0,0.0,0.0013386265269892074,5.8505608e-05,0.0,5.850560773978941e-05
25389502,0.3333333333333333,0.25,0.0,0.33333333333333337,0.33333333333333337,0.0,0.08888535846632274,0.30800867,0.25,0.30800867080688477
25390038,0.0,0.0,0.0,0.0,0.0,1.0,0.0015338268033658158,0.11332227,0.0,0.11332227289676666
25393808,0.0,0.0,0.0,0.0,0.0,0.9574210931565966,0.02930166409594361,0.11038703,0.0,0.11038702726364136
25399568,0.0,0.0,0.0,0.0,0.0,0.6549788182021288,0.007637624559105392,0.07466321,0.0,0.0746632069349289
25418870,0.0,0.0,0.0,0.0,0.0,1.0,0.007349630152247998,0.11371746,0.0,0.1137174591422081
25434484,0.0,0.0,0.0,0.0,0.0,0.7398616303702709,0.009229664067508738,0.084384404,0.0,0.08438440412282944
25448109,0.0,0.0,0.0,0.0,0.0,1.0,0.0008989408454118633,0.113279134,0.0,0.11327913403511047
25456152,0.0,0.0,0.0,0.0,0.0,1.0,0.04124924509028589,0.11602095,0.0,0.11602094769477844
25463087,0.3333333333333333,0.25,0.0,0.33333333333333337,0.33333333333333337,0.7835692923971794,0.08515522369059395,0.39649484,0.25,0.3964948356151581
25464103,0.0,0.0,0.0,0.0,0.0,1.0,0.005730631493113172,0.11360745,0.0,0.11360745131969452
25466028,0.0,0.0,0.0,0.0,0.0,0.9204559262177173,0.00033453027726688234,0.10423238,0.0,0.10423237830400467
25468909,0.0,0.0,0.0,0.0,0.0,0.9204559262177173,0.031568271998769715,0.10635471,0.0,0.1063547134399414
25477060,0.0,0.0,0.0,0.0,0.0,0.0,0.0019325620152394235,9.8863704e-05,0.0,9.886370389722288e-05
25500750,0.0,0.0,0.0,0.0,0.0,1.0,0.000644052595054059,0.11326181,0.0,0.11326181143522263
25515118,0.0,0.0,0.0,0.0,0.0,0.9592404724668697,0.0007708190530967414,0.10865439,0.0,0.10865438729524612
25519553,0.0,0.0,0.0,0.0,0.0,1.0,0.019297847920510633,0.11452934,0.0,0.11452934145927429
25542280,0.0,0.0,0.0,0.0,0.0,1.0,0.005516925699376183,0.11359293,0.0,0.11359293013811111
25543989,0.0,0.0,0.0,0.0,0.0,0.0,0.003705739714568165,0.00021935167,0.0,0.00021935167023912072
25546904,0.3333333333333333,0.25,0.0,0.33333333333333337,0.33333333333333337,0.9204559262177173,0.11129487326598651,0.4137735,0.25,0.4137735068798065
25552427,0.0,0.0,0.0,0.0,0.0,0.9574210931565966,0.008137852377671133,0.10894894,0.0,0.10894893854856491
25580589,0.0,0.0,0.0,0.0,0.0,1.0,0.012930916973547084,0.11409671,0.0,0.11409670859575272
25582095,0.3333333333333333,0.25,0.0,0.33333333333333337,0.33333333333333337,0.9592404724668697,0.09352109606954932,0.41695815,0.25,0.41695815324783325
25583120,0.0,0.0,0.0,0.0,0.0,0.9592404724668697,0.0007708190530967414,0.10865439,0.0,0.10865438729524612
25587988,0.0,0.0,0.0,0.0,0.0,0.9330432028908702,0.0005934869774548785,0.10567549,0.0,0.10567548871040344
25591977,0.3333333333333333,0.25,0.0,0.33333333333333337,0.33333333333333337,0.9574210931565966,0.09521212741858134,0.41686702,0.25,0.4168670177459717
25595093,0.0,0.0,0.0,0.0,0.0,0.6549788182021288,0.004326566166766249,0.07443822,0.0,0.07443822175264359
25596413,0.0,0.0,0.0,0.0,0.0,0.0,0.011789844838610179,0.00076866907,0.0,0.0007686690660193563
25602221,0.0,0.0,0.0,0.0,0.0,0.9592404724668697,0.010606168559524858,0.109322704,0.0,0.10932270437479019
25618697,0.3333333333333333,0.4266912384650716,0.0,0.0,0.0,0.9394859795766547,0.08750351374998948,0.38110304,0.4266912384650716,0.3811030387878418
25621469,0.0,0.0,0.0,0.0,0.0,0.9592404724668697,0.02205335372848484,0.110100545,0.0,0.11010054498910904
25624117,0.0,0.0,0.0,0.0,0.0,0.677101910536761,0.001700558276630169,0.07676523,0.0,0.07676523178815842
25638591,0.0,0.0,0.0,0.0,0.0,1.0,0.01236386348359254,0.11405818,0.0,0.11405818164348602
25652452,0.0,0.0,0.0,0.0,0.0,1.0,0.0009894642987808894,0.11328528,0.0,0.11328528076410294
25652849,0.0,0.0,0.0,0.0,0.0,0.8698941966083295,0.019779919396922425,0.09982755,0.0,0.09982755035161972
25663963,0.0,0.0,0.0,0.0,0.0,0.7398616303702709,0.0065392249924946305,0.08420159,0.0,0.08420158922672272
25670595,0.0,0.0,0.0,0.0,0.0,0.9592404724668697,0.005545490179796085,0.10897883,0.0,0.10897883027791977
25671752,0.0,0.0,0.0,0.0,0.0,0.0,0.005552025132989411,0.0003448073,0.0,0.00034480731119401753
25677530,0.0,0.0,0.0,0.0,0.0,0.9204559262177173,0.0002585166704085878,0.10422721,0.0,0.1042272076010704
25681991,0.0,0.0,0.0,0.0,0.0,0.8455428430323483,0.1240099686749497,0.10415222,0.0,0.10415221750736237
25684080,0.0,0.0,0.0,0.0,0.0,0.9592404724668697,0.010148577105433442,0.10929161,0.0,0.10929161310195923
25710052,0.0,0.0,0.0,0.0,0.0,0.38431661042061077,0.001471101779190147,0.04359156,0.0,0.04359155893325806
25721532,0.3333333333333333,0.25,0.0,0.33333333333333337,0.33333333333333337,0.9592404724668697,0.08943153834000406,0.41668025,0.25,0.416680246591568
25731254,0.0,0.0,0.0,0.0,0.0,0.0,0.005552025132989411,0.0003448073,0.0,0.00034480731119401753
25752192,0.3333333333333333,0.25,0.0,0.33333333333333337,0.33333333333333337,0.9204559262177173,0.08793165602299861,0.41218597,0.25,0.4121859669685364
25753282,0.0,0.0,0.0,0.0,0.0,0.9592404724668697,0.0004167452941957423,0.10863033,0.0,0.10863032937049866
25784828,0.0,0.0,0.0,0.0,0.0,0.6549788182021288,0.027911148790991956,0.0760408,0.0,0.07604079693555832
25791150,0.0,0.0,0.0,0.0,0.0,1.0,0.0006140940848882498,0.11325978,0.0,0.11325977742671967
25800870,0.0,0.0,0.0,0.0,0.0,0.9330432028908702,0.0006290830933769698,0.1056779,0.0,0.10567790269851685
25803035,0.0,0.0,0.0,0.0,0.0,0.0,0.008044479249223031,0.00051417033,0.0,0.0005141703295521438
25834141,0.0,0.0,0.0,0.0,0.0,0.8698941966083295,0.00535021195894701,0.098847054,0.0,0.09884705394506454
25840488,0.0,0.0,0.0,0.0,0.0,0.7473484305271403,0.001094302725538504,0.08467949,0.0,0.0846794918179512
25841161,0.0,0.0,0.0,0.0,0.0,0.9574210931565966,0.008325387523961949,0.10896168,0.0,0.10896167904138565
25847047,0.0,0.0,0.0,0.0,0.0,0.8455428430323483,0.012026686435330355,0.09654292,0.0,0.09654291719198227
25850372,0.3333333333333333,0.25,0.0,0.33333333333333337,0.33333333333333337,0.7398616303702709,0.10192459175679118,0.3926844,0.25,0.3926844000816345
25861494,0.0,0.0,0.0,0.0,0.0,0.9592404724668697,0.009571043660420933,0.10925237,0.0,0.10925237089395523
25889080,0.0,0.0,0.0,0.0,0.0,0.9204559262177173,0.0002585166704085878,0.10422721,0.0,0.1042272076010704
25916660,0.3333333333333333,0.25,0.0,0.33333333333333337,0.33333333333333337,0.1951969189580255,0.09739825505942222,0.33069327,0.25,0.3306932747364044
25920592,0.3333333333333333,0.25,0.0,0.33333333333333337,0.33333333333333337,0.7473484305271403,0.09245165275368492,0.3928886,0.25,0.392888605594635
25929128,0.0,0.0,0.0,0.0,0.0,0.6171202869534268,0.007924662572894028,0.07039521,0.0,0.07039520889520645
25933353,0.3333333333333333,0.25,0.0,0.33333333333333337,0.33333333333333337,0.7473484305271403,0.10862488728404156,0.39398757,0.25,0.3939875662326813
25935484,0.3333333333333333,0.4266912384650716,0.0,0.0,0.0,0.9394859795766547,0.09192646141414262,0.38140357,0.4266912384650716,0.3814035654067993
2594881,0.3333333333333333,0.25,0.0,0.33333333333333337,0.33333333333333337,1.0,0.08397124386902166,0.42092526,0.25,0.4209252595901489
25964451,0.0,0.0,0.0,0.0,0.0,0.9394859795766547,0.00914515723362348,0.106986225,0.0,0.10698622465133667
25967281,0.3333333333333333,0.25,0.0,0.33333333333333337,0.33333333333333337,1.0,0.09267324610613474,0.42151657,0.25,0.4215165674686432
25967442,0.0,0.0,0.0,0.0,0.0,0.6171202869534268,0.001036346950799119,0.06992715,0.0,0.0699271485209465
25975653,0.0,0.0,0.0,0.0,0.0,0.9204559262177173,0.0002585166704085878,0.10422721,0.0,0.1042272076010704
25982406,0.0,0.0,0.0,0.0,0.0,0.677101910536761,0.011029001029186379,0.077399105,0.0,0.0773991048336029
25988864,0.0,0.0,0.0,0.0,0.0,0.45211423566191483,0.004170677132776483,0.05145311,0.0,0.051453109830617905
26006577,0.0,0.0,0.0,0.0,0.0,0.9574210931565966,0.007893896270409281,0.10893236,0.0,0.10893236100673676
26038230,0.0,0.0,0.0,0.0,0.0,0.7398616303702709,0.00550058883258823,0.08413102,0.0,0.08413101732730865
26047548,0.0,0.0,0.0,0.0,0.0,0.813093860476119,0.0017567945865521026,0.09217021,0.0,0.09217020869255066
26061739,0.0,0.0,0.0,0.0,0.0,0.7835692923971794,0.0044984226756068875,0.08901283,0.0,0.08901283144950867
26061741,0.0,0.0,0.0,0.0,0.0,0.8698941966083295,0.0059790802880553265,0.09888978,0.0,0.0988897830247879
26082001,0.0,0.0,0.0,0.0,0.0,0.6171202869534268,0.0007196505631717069,0.06990563,0.0,0.06990563124418259
26086035,0.0,0.0,0.0,0.0,0.0,1.0,0.0005481305610946322,0.11325529,0.0,0.11325529217720032
26089632,0.0,0.0,0.0,0.0,0.0,0.813093860476119,0.0009212191488615991,0.092113435,0.0,0.0921134352684021
26090755,0.0,0.0,0.0,0.0,0.0,0.9574210931565966,0.00017925527801629715,0.108408146,0.0,0.10840814560651779
26094715,0.0,0.0,0.0,0.0,0.0,1.0,0.001621213623474481,0.11332821,0.0,0.11332821100950241
26128352,0.0,0.0,0.0,0.0,0.0,0.8658894330109049,0.004671308379384444,0.09834738,0.0,0.09834738075733185
26245943,0.0,0.0,0.0,0.0,0.0,0.9204559262177173,0.0004113806562310896,0.10423759,0.0,0.10423759371042252
26250561,0.0,0.0,0.0,0.0,0.0,0.9330432028908702,0.002094041137590116,0.10577745,0.0,0.10577744990587234
26267569,0.3333333333333333,0.25,0.0,0.33333333333333337,0.33333333333333337,0.9574210931565966,0.08338138587439069,0.4160631,0.25,0.4160631000995636
2628591,0.3333333333333333,0.25,0.0,0.33333333333333337,0.33333333333333337,0.9204559262177173,0.0836678636106002,0.41189626,0.25,0.4118962585926056
26287227,0.0,0.0,0.0,0.0,0.0,0.813093860476119,0.004516738223118486,0.09235775,0.0,0.09235774725675583
26310302,0.0,0.0,0.0,0.0,0.0,1.0,0.001002589815710639,0.113286175,0.0,0.11328617483377457
26336265,0.0,0.0,0.0,0.0,0.0,0.1951969189580255,0.0012505673812500478,0.022158671,0.0,0.0221586711704731
26336343,0.0,0.0,0.0,0.0,0.0,0.6171202869534268,0.00494824232684225,0.07019296,0.0,0.07019296288490295
26338809,0.0,0.0,0.0,0.0,0.0,0.0,0.0021331597714959686,0.00011249438,0.0,0.00011249438102822751
26343712,0.0,0.0,0.0,0.0,0.0,0.38431661042061077,0.012173802177701188,0.04431881,0.0,0.04431881010532379
26344156,0.0,0.0,0.0,0.0,0.0,1.0,0.005789239841602082,0.11361143,0.0,0.11361142992973328
26344853,0.0,0.0,0.0,0.0,0.0,0.0,0.003705739714568165,0.00021935167,0.0,0.00021935167023912072
26348935,0.0,0.0,0.0,0.0,0.0,0.9204559262177173,0.004169926472504841,0.10449299,0.0,0.10449299216270447
26357006,0.0,0.0,0.0,0.0,0.0,0.9592404724668697,0.0013854194710700642,0.108696155,0.0,0.10869615525007248
26357737,0.3333333333333333,0.5,0.0,0.0,0.0,0.8658894330109049,0.08388943448079364,0.40573162,0.5,0.4057316184043884
26361292,0.0,0.0,0.0,0.0,0.0,0.9204559262177173,0.004164932182651192,0.10449265,0.0,0.10449264943599701
26361561,0.0,0.0,0.0,0.0,0.0,1.0,0.0020378710756635597,0.11335652,0.0,0.11335652321577072
26363100,0.0,0.0,0.0,0.0,0.0,1.0,0.0009055280273062184,0.11327958,0.0,0.11327958106994629
26368568,0.0,0.0,0.0,0.0,0.0,0.9592404724668697,0.014809760967689215,0.10960834,0.0,0.10960833728313446
26384168,0.0,0.0,0.0,0.0,0.0,0.0,0.005552025132989411,0.0003448073,0.0,0.00034480731119401753
26389613,0.0,0.0,0.0,0.0,0.0,0.9574210931565966,0.003965529996686633,0.10866543,0.0,0.10866542905569077
26433072,0.0,0.0,0.0,0.0,0.0,0.9394859795766547,0.008087748238758309,0.10691437,0.0,0.10691437125205994
26434364,0.0,0.0,0.0,0.0,0.0,0.43959775100198173,0.00021005571646179268,0.049766485,0.0,0.04976648464798927
26434435,0.0,0.0,0.0,0.0,0.0,1.0,0.006983682450433551,0.1136926,0.0,0.11369259655475616
26440043,0.3333333333333333,0.25,0.0,0.33333333333333337,0.33333333333333337,1.0,0.08902385581493577,0.42126858,0.25,0.4212685823440552
26454650,0.0,0.0,0.0,0.0,0.0,0.9574210931565966,0.0001291122636220534,0.10840474,0.0,0.108404740691185
26467174,0.0,0.0,0.0,0.0,0.0,0.8658894330109049,0.0006257795038724231,0.098072484,0.0,0.09807248413562775
26473619,0.0,0.0,0.0,0.0,0.0,0.8698941966083295,0.048306321964654855,0.10176593,0.0,0.10176593065261841
26478351,0.0,0.0,0.0,0.0,0.0,1.0,0.009592595874213638,0.11386987,0.0,0.11386986821889877
26513550,0.3333333333333333,0.5,0.0,0.0,0.0,0.9204559262177173,0.09114229522129186,0.41240412,0.5,0.4124041199684143
26518245,0.0,0.0,0.0,0.0,0.0,0.813093860476119,0.03217033794672702,0.09423682,0.0,0.094236820936203
26557792,0.0,0.0,0.0,0.0,0.0,1.0,0.0006119467915941307,0.11325963,0.0,0.11325962841510773
26565599,0.0,0.0,0.0,0.0,0.0,0.0,0.004525436249094978,0.0002750503,0.0,0.0002750502899289131
26575561,0.0,0.0,0.0,0.0,0.0,0.6171202869534268,0.0017749397177620318,0.069977336,0.0,0.06997733563184738
26586889,0.0,0.0,0.0,0.0,0.0,0.9394859795766547,0.004242167111497121,0.106653064,0.0,0.10665306448936462
2661731,0.0,0.0,0.0,0.0,0.0,0.5803133815727446,0.01905643653823353,0.06698322,0.0,0.06698322296142578
26630786,0.0,0.0,0.0,0.0,0.0,0.9592404724668697,0.017177553188824243,0.10976923,0.0,0.10976923257112503
26662482,0.0,0.0,0.0,0.0,0.0,1.0,0.005373195809229373,0.11358316,0.0,0.11358316242694855
26663754,0.3333333333333333,0.25,0.0,0.33333333333333337,0.33333333333333337,1.0,0.09801297687159559,0.4218794,0.25,0.4218794107437134
26694808,0.0,0.0,0.0,0.0,0.0,0.8658894330109049,0.0005561011474603165,0.098067746,0.0,0.0980677455663681
26713238,0.0,0.0,0.0,0.0,0.0,0.9204559262177173,0.0003186527255685131,0.1042313,0.0,0.10423129796981812
26713654,0.0,0.0,0.0,0.0,0.0,0.9574210931565966,0.0002616469678475345,0.10841375,0.0,0.10841374844312668
26740586,0.3333333333333333,0.25,0.0,0.33333333333333337,0.33333333333333337,0.8698941966083295,0.08407534900367608,0.4061978,0.25,0.40619778633117676
26747105,0.3333333333333333,0.5,0.0,0.0,0.0,0.9574210931565966,0.1460936519153992,0.42032441,0.5,0.4203244149684906
26755061,0.0,0.0,0.0,0.0,0.0,1.0,0.0005995571802604444,0.11325879,0.0,0.11325878649950027
26763525,0.0,0.0,0.0,0.0,0.0,0.5803133815727446,0.013023708025508169,0.06657329,0.0,0.06657329201698303
26766494,0.0,0.0,0.0,0.0,0.0,0.9574210931565966,0.034551734200102394,0.11074377,0.0,0.11074376851320267
26771859,0.0,0.0,0.0,0.0,0.0,1.0,0.01059561528702181,0.113938026,0.0,0.11393802613019943
26774191,0.0,0.0,0.0,0.0,0.0,0.43959775100198173,0.010197593955822686,0.050445143,0.0,0.05044514313340187
26775646,0.0,0.0,0.0,0.0,0.0,0.9330432028908702,0.0005934869774548785,0.10567549,0.0,0.10567548871040344
2677771,0.0,0.0,0.0,0.0,0.0,0.9204559262177173,0.0009451105372894808,0.10427386,0.0,0.10427386313676834
26824146,0.0,0.0,0.0,0.0,0.0,0.9574210931565966,0.008310108372246591,0.10896064,0.0,0.10896064341068268
26827667,0.0,0.0,0.0,0.0,0.0,0.7835692923971794,0.00926051443502773,0.08933642,0.0,0.08933641761541367
26841567,0.0,0.0,0.0,0.0,0.0,0.9592404724668697,0.03306037432752857,0.11084847,0.0,0.11084847152233124
26852551,0.0,0.0,0.0,0.0,0.0,0.9574210931565966,0.0014298271077088016,0.10849313,0.0,0.1084931269288063
26859441,0.0,0.0,0.0,0.0,0.0,0.8455428430323483,0.0045242212279469176,0.09603312,0.0,0.09603311866521835
26865845,0.0,0.0,0.0,0.0,0.0,0.7835692923971794,0.008985017057675612,0.089317694,0.0,0.0893176943063736
26869589,0.0,0.0,0.0,0.0,0.0,0.8658894330109049,0.0010377211797246175,0.098100476,0.0,0.09810047596693039
26878079,0.3333333333333333,0.25,0.0,0.33333333333333337,0.33333333333333337,0.9204559262177173,0.08365985584034885,0.4118957,0.25,0.4118956923484802
26885687,0.3333333333333333,0.25,0.0,0.33333333333333337,0.33333333333333337,0.9574210931565966,0.08351215622629918,0.41607198,0.25,0.41607198119163513
26899638,0.0,0.0,0.0,0.0,0.0,0.9394859795766547,0.00022388181448783663,0.106380016,0.0,0.10638001561164856
26909507,0.3333333333333333,0.25,0.0,0.33333333333333337,0.33333333333333337,0.9330432028908702,0.08768245281268999,0.41359454,0.25,0.4135945439338684
26911668,0.0,0.0,0.0,0.0,0.0,0.9592404724668697,0.028013602224834778,0.11050554,0.0,0.11050554364919662
26926095,0.0,0.0,0.0,0.0,0.0,0.6171202869534268,0.004276867178810422,0.07014734,0.0,0.07014734297990799
26943787,0.3333333333333333,0.25,0.0,0.33333333333333337,0.33333333333333337,1.0,0.13096429239226243,0.42411846,0.25,0.4241184592247009
26945207,0.0,0.0,0.0,0.0,0.0,0.8658894330109049,0.0005561011474603165,0.098067746,0.0,0.0980677455663681
26950569,0.0,0.0,0.0,0.0,0.0,0.813093860476119,0.015443956345003946,0.09310026,0.0,0.09310025721788406
26951888,0.0,0.0,0.0,0.0,0.0,0.0,0.017449344416207827,0.0011532338,0.0,0.0011532338103279471
26960967,0.0,0.0,0.0,0.0,0.0,0.0,0.00694013317947885,0.00043912968,0.0,0.00043912968249060214
26962282,0.0,0.0,0.0,0.0,0.0,0.9574210931565966,0.0012640484628957287,0.10848186,0.0,0.10848186165094376
26973491,0.0,0.0,0.0,0.0,0.0,0.38431661042061077,0.0013464063535045805,0.043583084,0.0,0.043583083897829056
26991891,0.0,0.0,0.0,0.0,0.0,0.6171202869534268,0.004171807307779092,0.070140205,0.0,0.07014020532369614
26994899,0.0,0.0,0.0,0.0,0.0,0.9574210931565966,2.7856014545411278e-05,0.10839786,0.0,0.10839785635471344
27005052,0.0,0.0,0.0,0.0,0.0,0.38431661042061077,0.0005580066162706847,0.04352951,0.0,0.043529510498046875
27014448,0.0,0.0,0.0,0.0,0.0,0.8698941966083295,0.017103880955970922,0.09964572,0.0,0.0996457189321518
27015480,0.3333333333333333,0.5,0.0,0.0,0.0,0.8658894330109049,0.08388943448079364,0.40573162,0.5,0.4057316184043884
27041690,0.0,0.0,0.0,0.0,0.0,1.0,0.0007979886407179352,0.11327227,0.0,0.1132722720503807
27051306,0.0,0.0,0.0,0.0,0.0,0.8658894330109049,0.00446751094955657,0.09833353,0.0,0.09833353012800217
27060950,0.0,0.0,0.0,0.0,0.0,0.8658894330109049,0.0005561011474603165,0.098067746,0.0,0.0980677455663681
27067262,0.0,0.0,0.0,0.0,0.0,0.8455428430323483,0.013189656510584503,0.09662194,0.0,0.09662193804979324
27068053,0.0,0.0,0.0,0.0,0.0,1.0,0.008627749839814028,0.11380431,0.0,0.11380431056022644
27077016,0.3333333333333333,0.25,0.0,0.33333333333333337,0.33333333333333337,0.677101910536761,0.09058140098715581,0.38480607,0.25,0.3848060667514801
27093722,0.0,0.0,0.0,0.0,0.0,0.813093860476119,0.0046810551583116216,0.092368916,0.0,0.09236891567707062
27097694,0.0,0.0,0.0,0.0,0.0,0.0,0.007392883673337072,0.0004698942,0.0,0.0004698942066170275
27107578,0.0,0.0,0.0,0.0,0.0,0.8698941966083295,0.001310923032602521,0.09857258,0.0,0.09857258200645447
27109599,0.0,0.0,0.0,0.0,0.0,0.7835692923971794,0.002154779537346203,0.08885358,0.0,0.08885358273983002
27120518,0.0,0.0,0.0,0.0,0.0,0.9204559262177173,0.020066009838349698,0.10557313,0.0,0.1055731326341629
27127082,0.0,0.0,0.0,0.0,0.0,0.8658894330109049,0.004619729162756354,0.09834387,0.0,0.0983438715338707
27131872,0.0,0.0,0.0,0.0,0.0,0.9394859795766547,0.015813357718726512,0.10743933,0.0,0.10743933171033859
27132703,0.3333333333333333,0.25,0.0,0.33333333333333337,0.33333333333333337,0.8658894330109049,0.09790390107316828,0.4066839,0.25,0.40668389201164246
27177009,0.0,0.0,0.0,0.0,0.0,1.0,0.0007816502426504789,0.11327116,0.0,0.11327116191387177
27185074,0.0,0.0,0.0,0.0,0.0,0.9592404724668697,0.005184889076224913,0.108954325,0.0,0.10895432531833649
27197438,0.0,0.0,0.0,0.0,0.0,0.0,0.012725529644793359,0.0008322491,0.0,0.000832249119412154
27280930,0.3333333333333333,0.25,0.0,0.33333333333333337,0.33333333333333337,0.9592404724668697,0.0887722855918367,0.41663545,0.25,0.4166354537010193
27301759,0.3333333333333333,0.25,0.0,0.33333333333333337,0.33333333333333337,1.0,0.1016192238439836,0.42212445,0.25,0.422124445438385
27304100,0.0,0.0,0.0,0.0,0.0,0.7398616303702709,0.012530963750699882,0.08460873,0.0,0.08460873365402222
27325588,0.0,0.0,0.0,0.0,0.0,1.0,0.010136821835835941,0.11390685,0.0,0.1139068529009819
27362221,0.3333333333333333,0.5,0.0,0.0,0.0,0.9204559262177173,0.08750325980583816,0.41215685,0.5,0.4121568500995636
27366452,0.6666666666666666,1.0,0.0,0.0,0.0,0.9574210931565966,0.17511914824179298,0.72429806,1.0,0.7242980599403381
27371047,0.0,0.0,0.0,0.0,0.0,0.6171202869534268,0.0021457352715905085,0.07000253,0.0,0.07000253349542618
27384145,0.0,0.0,0.0,0.0,0.0,0.9394859795766547,0.00027099064669274485,0.10638322,0.0,0.10638321936130524
27423405,0.0,0.0,0.0,0.0,0.0,1.0,0.0005481305610946322,0.11325529,0.0,0.11325529217720032
27425310,0.0,0.0,0.0,0.0,0.0,0.8455428430323483,0.016767805671355992,0.09686507,0.0,0.09686507284641266
27426369,0.0,0.0,0.0,0.0,0.0,0.9394859795766547,0.008125113306314064,0.10691691,0.0,0.10691691190004349
27444001,0.0,0.0,0.0,0.0,0.0,0.677101910536761,0.001700558276630169,0.07676523,0.0,0.07676523178815842
27449131,0.0,0.0,0.0,0.0,0.0,0.9592404724668697,0.0007484739116021534,0.108652875,0.0,0.10865287482738495
27466659,0.0,0.0,0.0,0.0,0.0,0.6171202869534268,0.0007196505631717069,0.06990563,0.0,0.06990563124418259
27486099,0.0,0.0,0.0,0.0,0.0,1.0,0.03336220946421475,0.11548502,0.0,0.11548501998186111
27491648,0.0,0.0,0.0,0.0,0.0,0.8658894330109049,0.012752814787098972,0.09889652,0.0,0.09889651834964752
27512951,0.0,0.0,0.0,0.0,0.0,0.8698941966083295,0.14361447785725096,0.10824215,0.0,0.10824214667081833
27536246,0.0,0.0,0.0,0.0,0.0,0.677101910536761,0.008661061356659987,0.0772382,0.0,0.07723820209503174
27557882,0.3333333333333333,0.25,0.0,0.33333333333333337,0.33333333333333337,0.9592404724668697,0.09414323527235108,0.4170004,0.25,0.417000412940979
27568464,0.0,0.0,0.0,0.0,0.0,0.0,0.005552025132989411,0.0003448073,0.0,0.00034480731119401753
27573564,0.0,0.0,0.0,0.0,0.0,0.6171202869534268,0.001733680563365764,0.069974534,0.0,0.06997453421354294
27578602,0.0,0.0,0.0,0.0,0.0,0.8698941966083295,0.0004845803044251982,0.09851643,0.0,0.09851642698049545
27597623,0.0,0.0,0.0,0.0,0.0,0.9592404724668697,0.00488238098771198,0.10893377,0.0,0.10893376916646957
27600350,0.0,0.0,0.0,0.0,0.0,0.9574210931565966,0.06201321504839904,0.11260978,0.0,0.11260978132486343
27603170,0.0,0.0,0.0,0.0,0.0,0.8658894330109049,0.0006257795038724231,0.098072484,0.0,0.09807248413562775
27630383,0.0,0.0,0.0,0.0,0.0,0.9592404724668697,0.0007886928202249395,0.1086556,0.0,0.10865560173988342
27646602,0.0,0.0,0.0,0.0,0.0,0.1951969189580255,0.0050953213877997375,0.022419924,0.0,0.022419923916459084
27649220,0.3333333333333333,0.25,0.0,0.33333333333333337,0.33333333333333337,0.9574210931565966,0.09156501606290039,0.41661918,0.25,0.4166191816329956
27654418,0.0,0.0,0.0,0.0,0.0,1.0,0.006531354966941246,0.113661855,0.0,0.11366185545921326
27662946,0.0,0.0,0.0,0.0,0.0,0.38431661042061077,0.005937613189296893,0.04389506,0.0,0.04389505833387375
27663986,0.0,0.0,0.0,0.0,0.0,0.8658894330109049,0.004859666280644048,0.09836017,0.0,0.09836017340421677
27667262,0.0,0.0,0.0,0.0,0.0,0.8658894330109049,0.004382939010943567,0.098327786,0.0,0.09832778573036194
27671298,0.0,0.0,0.0,0.0,0.0,0.9592404724668697,0.0006633523929157069,0.108647086,0.0,0.10864708572626114
27684535,0.0,0.0,0.0,0.0,0.0,0.0,0.005552025132989411,0.0003448073,0.0,0.00034480731119401753
27696456,0.3333333333333333,0.25,0.0,0.33333333333333337,0.33333333333333337,0.9574210931565966,0.11866855429563739,0.41846088,0.25,0.418460875749588
27706925,0.0,0.0,0.0,0.0,0.0,0.8658894330109049,0.005750887098585095,0.09842073,0.0,0.09842073172330856
27713882,0.0,0.0,0.0,0.0,0.0,0.0,0.005552025132989411,0.0003448073,0.0,0.00034480731119401753
27721637,0.0,0.0,0.0,0.0,0.0,0.9330432028908702,0.0005618049379887967,0.105673335,0.0,0.10567333549261093
27727773,0.0,0.0,0.0,0.0,0.0,0.9394859795766547,0.0004411845835804394,0.10639478,0.0,0.10639478266239166
27732542,0.0,0.0,0.0,0.0,0.0,0.9574210931565966,0.008165491557442128,0.108950816,0.0,0.10895081609487534
27750137,0.0,0.0,0.0,0.0,0.0,1.0,0.0015338268033658158,0.11332227,0.0,0.11332227289676666
27750803,0.0,0.0,0.0,0.0,0.0,0.8658894330109049,0.005125790985875948,0.098378256,0.0,0.0983782559633255
27755928,0.0,0.0,0.0,0.0,0.0,0.6549788182021288,0.03532473665233218,0.07654455,0.0,0.07654455304145813
27769800,0.0,0.0,0.0,0.0,0.0,0.7835692923971794,0.0012090797168679234,0.08878932,0.0,0.08878932148218155
27771549,0.0,0.0,0.0,0.0,0.0,0.8658894330109049,0.004480272415364293,0.098334394,0.0,0.09833439439535141
27812852,0.0,0.0,0.0,0.0,0.0,1.0,0.019562064769038677,0.1145473,0.0,0.11454729735851288
27816413,0.0,0.0,0.0,0.0,0.0,0.7473484305271403,0.016514301809656885,0.08572728,0.0,0.0857272818684578
27817171,0.0,0.0,0.0,0.0,0.0,0.9204559262177173,0.011926413365679626,0.105020046,0.0,0.10502004623413086
2789161,0.0,0.0,0.0,0.0,0.0,0.8658894330109049,0.006490456173170791,0.098470986,0.0,0.09847098588943481
27906730,0.0,0.0,0.0,0.0,0.0,0.0,0.015489444314007315,0.0010200579,0.0,0.0010200579417869449
27908774,0.0,0.0,0.0,0.0,0.0,0.7398616303702709,0.00483800593072714,0.08408599,0.0,0.08408599346876144
27915919,0.0,0.0,0.0,0.0,0.0,0.9574210931565966,0.020176366311355873,0.10976696,0.0,0.10976696014404297
27928116,0.0,0.0,0.0,0.0,0.0,1.0,0.0009524173989081055,0.11328277,0.0,0.11328276991844177
27929005,0.0,0.0,0.0,0.0,0.0,0.9204559262177173,0.003897010821088489,0.10447445,0.0,0.10447444766759872
27930985,0.0,0.0,0.0,0.0,0.0,0.9330432028908702,0.0015131136881093759,0.10573798,0.0,0.10573797672986984
27939999,0.0,0.0,0.0,0.0,0.0,0.9592404724668697,0.005657302298734718,0.10898643,0.0,0.10898642987012863
28015432,0.0,0.0,0.0,0.0,0.0,0.9394859795766547,0.00027099064669274485,0.10638322,0.0,0.10638321936130524
28057988,0.0,0.0,0.0,0.0,0.0,1.0,0.014305877859156083,0.11419014,0.0,0.11419013887643814
28077220,0.0,0.0,0.0,0.0,0.0,1.0,0.006266865898999607,0.113643885,0.0,0.11364388465881348
28112807,0.0,0.0,0.0,0.0,0.0,0.6171202869534268,0.004469661068427183,0.07016044,0.0,0.07016044110059738
28134743,0.0,0.0,0.0,0.0,0.0,0.7835692923971794,0.0043875681718981195,0.0890053,0.0,0.08900529891252518
28136273,0.0,0.0,0.0,0.0,0.0,0.8698941966083295,0.0012857975865633775,0.098570876,0.0,0.09857087582349777
28157063,0.0,0.0,0.0,0.0,0.0,0.813093860476119,0.005006502310656673,0.09239103,0.0,0.09239102900028229
28170196,0.0,0.0,0.0,0.0,0.0,0.9330432028908702,0.0010218846575643433,0.1057046,0.0,0.10570459812879562
28170243,0.0,0.0,0.0,0.0,0.0,0.8658894330109049,0.004279801444421577,0.098320775,0.0,0.09832077473402023
28185623,0.0,0.0,0.0,0.0,0.0,0.9592404724668697,0.0008643052254737536,0.10866074,0.0,0.1086607426404953
28188761,0.0,0.0,0.0,0.0,0.0,0.7835692923971794,0.0018688474539556603,0.08883415,0.0,0.08883415162563324
28264034,0.0,0.0,0.0,0.0,0.0,1.0,0.01355831489616872,0.11413934,0.0,0.11413934081792831
28281289,0.3333333333333333,0.25,0.0,0.33333333333333337,0.33333333333333337,0.813093860476119,0.10883913751864364,0.40144783,0.25,0.4014478325843811
28311552,0.0,0.0,0.0,0.0,0.0,0.6171202869534268,0.004819427327053569,0.07018421,0.0,0.07018420845270157
28323866,0.3333333333333333,0.4266912384650716,0.0,0.0,0.0,0.9574210931565966,0.08351915784185081,0.38286346,0.4266912384650716,0.38286346197128296
28340503,0.0,0.0,0.0,0.0,0.0,0.8658894330109049,0.008693153461924237,0.09862066,0.0,0.09862066060304642
28342587,0.0,0.0,0.0,0.0,0.0,0.8658894330109049,0.004769382254510782,0.09835404,0.0,0.0983540415763855
28371222,0.0,0.0,0.0,0.0,0.0,0.9574210931565966,6.385683399916632e-05,0.10840031,0.0,0.10840030759572983
2837181,0.0,0.0,0.0,0.0,0.0,0.9574210931565966,0.008037138737702282,0.10894209,0.0,0.10894209146499634
28377253,0.3333333333333333,0.25,0.0,0.33333333333333337,0.33333333333333337,0.813093860476119,0.08383625266278194,0.3997489,0.25,0.39974889159202576
28400714,0.0,0.0,0.0,0.0,0.0,1.0,0.0012316227196808973,0.11330174,0.0,0.11330173909664154
28417103,0.0,0.0,0.0,0.0,0.0,0.0,0.002712686829248518,0.00015187342,0.0,0.00015187342069111764
28426100,0.3333333333333333,0.25,0.0,0.33333333333333337,0.33333333333333337,0.0,0.0996545328113611,0.30874044,0.25,0.30874043703079224
28432226,0.0,0.0,0.0,0.0,0.0,0.0,0.005552025132989411,0.0003448073,0.0,0.00034480731119401753
28435172,0.0,0.0,0.0,0.0,0.0,0.677101910536761,0.002394010259329244,0.07681235,0.0,0.07681234925985336
28447324,0.0,0.0,0.0,0.0,0.0,0.9574210931565966,0.11008045424562785,0.11587597,0.0,0.1158759668469429
28451057,0.0,0.0,0.0,0.0,0.0,1.0,0.01111637395569665,0.11397341,0.0,0.11397340893745422
28504810,0.3333333333333333,0.25,0.0,0.33333333333333337,0.33333333333333337,0.1951969189580255,0.08537345050834366,0.32987618,0.25,0.329876184463501
28522547,0.0,0.0,0.0,0.0,0.0,1.0,0.0006140940848882498,0.11325978,0.0,0.11325977742671967
28529552,0.0,0.0,0.0,0.0,0.0,0.9330432028908702,0.010586069549429,0.10635448,0.0,0.1063544824719429
28545595,0.0,0.0,0.0,0.0,0.0,0.8658894330109049,0.005411514454117095,0.09839767,0.0,0.09839767217636108
28547034,0.3333333333333333,0.25,0.0,0.33333333333333337,0.33333333333333337,0.9330432028908702,0.09754116598559037,0.41426444,0.25,0.414264440536499
28552463,0.0,0.0,0.0,0.0,0.0,0.8658894330109049,0.0006257795038724231,0.098072484,0.0,0.09807248413562775
28557583,0.0,0.0,0.0,0.0,0.0,0.677101910536761,0.013486272904141573,0.07756607,0.0,0.07756607234477997
28564091,0.0,0.0,0.0,0.0,0.0,1.0,0.018433034845331483,0.11447058,0.0,0.11447057873010635
28575684,0.0,0.0,0.0,0.0,0.0,0.9394859795766547,0.0008280871303064514,0.106421076,0.0,0.1064210757613182
28591920,0.0,0.0,0.0,0.0,0.0,0.9592404724668697,0.016844961270361367,0.109746635,0.0,0.10974663496017456
28595634,0.0,0.0,0.0,0.0,0.0,0.9574210931565966,0.0037208680363735435,0.1086488,0.0,0.10864879935979843
28597688,0.3333333333333333,0.5,0.0,0.0,0.0,0.8658894330109049,0.08388943448079364,0.40573162,0.5,0.4057316184043884
28598978,0.0,0.0,0.0,0.0,0.0,0.813093860476119,0.009509682943495789,0.092697024,0.0,0.09269702434539795
28630654,0.0,0.0,0.0,0.0,0.0,1.0,0.016459778919149428,0.1143365,0.0,0.11433649808168411
28630986,0.0,0.0,0.0,0.0,0.0,0.9574210931565966,0.013121359441981296,0.10928757,0.0,0.1092875674366951
28643831,0.0,0.0,0.0,0.0,0.0,1.0,0.009699997188997025,0.11387717,0.0,0.11387716978788376
28644355,0.0,0.0,0.0,0.0,0.0,0.9394859795766547,0.01449719998414781,0.107349895,0.0,0.10734989494085312
28666895,0.0,0.0,0.0,0.0,0.0,0.9330432028908702,0.0010405244069573434,0.105705865,0.0,0.1057058647274971
28676868,0.0,0.0,0.0,0.0,0.0,0.9574210931565966,0.023717075310768415,0.11000755,0.0,0.11000754684209824
28682208,0.0,0.0,0.0,0.0,0.0,0.43959775100198173,0.0005965162022639696,0.049792744,0.0,0.04979274421930313
28685024,0.0,0.0,0.0,0.0,0.0,0.8698941966083295,0.004355559962554757,0.09877946,0.0,0.09877946227788925
28697421,0.0,0.0,0.0,0.0,0.0,0.0,0.005552025132989411,0.0003448073,0.0,0.00034480731119401753
28701544,0.0,0.0,0.0,0.0,0.0,1.0,0.010255664481940017,0.11391492,0.0,0.11391492187976837
28726058,0.0,0.0,0.0,0.0,0.0,0.9574210931565966,0.06970159086406767,0.11313221,0.0,0.11313220858573914
28736496,0.0,0.0,0.0,0.0,0.0,0.6171202869534268,0.025693224359219623,0.07160259,0.0,0.07160259038209915
28738070,0.0,0.0,0.0,0.0,0.0,1.0,0.010593874761939443,0.11393791,0.0,0.11393790692090988
28744781,0.0,0.0,0.0,0.0,0.0,0.9330432028908702,0.0015253214967006843,0.105738804,0.0,0.1057388037443161
28750751,0.0,0.0,0.0,0.0,0.0,1.0,0.006514122077291883,0.113660686,0.0,0.11366068571805954
28756867,0.0,0.0,0.0,0.0,0.0,0.38431661042061077,0.0013464063535045805,0.043583084,0.0,0.043583083897829056
28777454,0.0,0.0,0.0,0.0,0.0,0.9204559262177173,0.0020538956491825675,0.1043492,0.0,0.10434920340776443
28796772,0.0,0.0,0.0,0.0,0.0,0.9592404724668697,0.0015768570614621076,0.108709164,0.0,0.10870916396379471
28840182,0.0,0.0,0.0,0.0,0.0,1.0,0.00520324945737091,0.113571614,0.0,0.11357161402702332
28849272,0.0,0.0,0.0,0.0,0.0,0.45211423566191483,0.001441740687836476,0.051267676,0.0,0.051267676055431366
28895291,0.0,0.0,0.0,0.0,0.0,1.0,0.0006140940848882498,0.11325978,0.0,0.11325977742671967
2892601,0.0,0.0,0.0,0.0,0.0,0.9330432028908702,0.009640776325933574,0.10629025,0.0,0.10629025101661682
28942852,0.0,0.0,0.0,0.0,0.0,1.0,0.00482787924347827,0.1135461,0.0,0.11354610323905945
28953592,0.0,0.0,0.0,0.0,0.0,0.6549788182021288,0.010616428763807216,0.07486562,0.0,0.07486561685800552
28956393,0.0,0.0,0.0,0.0,0.0,0.9330432028908702,0.0017139400981890727,0.10575162,0.0,0.10575161874294281
28960268,0.0,0.0,0.0,0.0,0.0,0.6549788182021288,0.006349942462854281,0.07457571,0.0,0.07457570731639862
28963222,0.0,0.0,0.0,0.0,0.0,0.5803133815727446,0.0008704510479874469,0.06574748,0.0,0.06574747711420059
28980262,0.0,0.0,0.0,0.0,0.0,0.9330432028908702,0.0015253214967006843,0.105738804,0.0,0.1057388037443161
28990533,0.0,0.0,0.0,0.0,0.0,0.6171202869534268,0.0004433799975302325,0.069886856,0.0,0.06988685578107834
28992823,0.0,0.0,0.0,0.0,0.0,1.0,0.000561444210918525,0.1132562,0.0,0.11325620114803314
29001162,0.0,0.0,0.0,0.0,0.0,1.0,0.000556334667961504,0.11325585,0.0,0.11325585097074509
29028679,0.0,0.0,0.0,0.0,0.0,1.0,0.0021575629861420257,0.11336466,0.0,0.11336465924978256
29075225,0.0,0.0,0.0,0.0,0.0,0.6171202869534268,0.013226712555120769,0.07075549,0.0,0.0707554891705513
29089902,0.0,0.0,0.0,0.0,0.0,0.0,0.01632119947802776,0.001076576,0.0,0.0010765759507194161
29096237,0.0,0.0,0.0,0.0,0.0,1.0,0.0014495915478546727,0.11331655,0.0,0.11331655085086823
29100809,0.0,0.0,0.0,0.0,0.0,0.8658894330109049,0.0007337258265411713,0.098079816,0.0,0.09807981550693512
29103015,0.0,0.0,0.0,0.0,0.0,0.0,0.005552025132989411,0.0003448073,0.0,0.00034480731119401753
29109370,0.0,0.0,0.0,0.0,0.0,0.8455428430323483,0.00799475500854853,0.096268944,0.0,0.09626894444227219
29118055,0.3333333333333333,0.25,0.0,0.33333333333333337,0.33333333333333337,0.9574210931565966,0.09842875787373238,0.4170856,0.25,0.41708558797836304
29121289,0.0,0.0,0.0,0.0,0.0,0.9394859795766547,0.008032928232348024,0.106910646,0.0,0.10691064596176147
29138884,0.3333333333333333,0.25,0.0,0.33333333333333337,0.33333333333333337,0.38431661042061077,0.0927548324759647,0.35179567,0.25,0.35179567337036133
29144914,0.3333333333333333,0.25,0.0,0.33333333333333337,0.33333333333333337,0.9592404724668697,0.08450475439073432,0.41634548,0.25,0.416345477104187
29147311,0.0,0.0,0.0,0.0,0.0,0.7835692923971794,0.00638020329971714,0.0891407,0.0,0.08914069831371307
29159786,0.0,0.0,0.0,0.0,0.0,0.7473484305271403,0.021226487581150998,0.08604748,0.0,0.08604747802019119
29162413,0.0,0.0,0.0,0.0,0.0,0.813093860476119,0.005939980384789283,0.092454456,0.0,0.0924544557929039
29171615,0.0,0.0,0.0,0.0,0.0,0.813093860476119,0.009067146161721279,0.092666954,0.0,0.09266695380210876
29186233,0.3333333333333333,0.25,0.0,0.33333333333333337,0.33333333333333337,0.813093860476119,0.11864631202527554,0.40211424,0.25,0.40211424231529236
29202957,0.0,0.0,0.0,0.0,0.0,0.9592404724668697,0.0007708190530967414,0.10865439,0.0,0.10865438729524612
29308780,0.0,0.0,0.0,0.0,0.0,0.8658894330109049,0.0006898795572803708,0.098076835,0.0,0.09807683527469635
29324811,0.0,0.0,0.0,0.0,0.0,0.677101910536761,0.002394010259329244,0.07681235,0.0,0.07681234925985336
29378681,0.0,0.0,0.0,0.0,0.0,0.9592404724668697,0.023636022364597765,0.11020809,0.0,0.11020808666944504
29383902,0.3333333333333333,0.25,0.0,0.33333333333333337,0.33333333333333337,0.38431661042061077,0.08467973968683791,0.35124695,0.25,0.3512469530105591
29388899,0.0,0.0,0.0,0.0,0.0,0.9574210931565966,0.013300630460933407,0.10929975,0.0,0.10929974913597107
29396184,0.3333333333333333,0.25,0.0,0.33333333333333337,0.33333333333333337,0.813093860476119,0.09309954883550509,0.40037832,0.25,0.4003783166408539
29398810,0.3333333333333333,0.25,0.0,0.33333333333333337,0.33333333333333337,1.0,0.08443597114197116,0.42095685,0.25,0.4209568500518799
29461507,0.0,0.0,0.0,0.0,0.0,1.0,0.0045631914536064175,0.11352812,0.0,0.11352811753749847
29465688,0.0,0.0,0.0,0.0,0.0,0.8698941966083295,0.0011893578172894955,0.09856432,0.0,0.09856431931257248
29468405,0.0,0.0,0.0,0.0,0.0,0.38431661042061077,0.0011053382994925661,0.043566704,0.0,0.04356670379638672
29475431,0.0,0.0,0.0,0.0,0.0,0.9574210931565966,0.0038522209488418818,0.108657725,0.0,0.10865772515535355
29480440,0.0,0.0,0.0,0.0,0.0,0.813093860476119,0.0012501272445395895,0.09213578,0.0,0.09213577955961227
29488715,0.0,0.0,0.0,0.0,0.0,1.0,0.0006379105356883438,0.113261394,0.0,0.1132613942027092
29511324,0.3333333333333333,0.25,0.0,0.33333333333333337,0.33333333333333337,1.0,0.08454157902663048,0.42096403,0.25,0.4209640324115753
29555433,0.0,0.0,0.0,0.0,0.0,0.9574210931565966,0.0002727804917979949,0.1084145,0.0,0.10841450095176697
29591647,0.3333333333333333,0.25,0.0,0.33333333333333337,0.33333333333333337,0.9394859795766547,0.10100089924316974,0.4152292,0.25,0.4152292013168335
29596691,0.0,0.0,0.0,0.0,0.0,0.8698941966083295,0.0007420156703427422,0.09853392,0.0,0.09853392094373703
29613217,0.3333333333333333,0.25,0.0,0.33333333333333337,0.33333333333333337,0.0,0.08604602016258185,0.30781573,0.25,0.3078157305717468
29620256,0.0,0.0,0.0,0.0,0.0,0.9394859795766547,0.05989899878294352,0.110434964,0.0,0.11043496429920197
29630488,0.0,0.0,0.0,0.0,0.0,0.8658894330109049,0.004737541360844286,0.09835188,0.0,0.09835188090801239
29650713,0.0,0.0,0.0,0.0,0.0,0.0,0.005552025132989411,0.0003448073,0.0,0.00034480731119401753
29692115,0.3333333333333333,0.25,0.0,0.33333333333333337,0.33333333333333337,0.9574210931565966,0.08343030526735944,0.41606644,0.25,0.416066437959671
29698402,0.0,0.0,0.0,0.0,0.0,0.9574210931565966,0.05396686415549968,0.112063035,0.0,0.11206303536891937
29720198,0.0,0.0,0.0,0.0,0.0,0.6549788182021288,0.001590940064234798,0.07425233,0.0,0.07425232976675034
29733774,0.0,0.0,0.0,0.0,0.0,0.9574210931565966,0.008218563577046633,0.10895442,0.0,0.10895442217588425
29762189,0.0,0.0,0.0,0.0,0.0,0.9204559262177173,0.00033453027726688234,0.10423238,0.0,0.10423237830400467
29777851,0.0,0.0,0.0,0.0,0.0,0.6549788182021288,0.003971382282744594,0.07441408,0.0,0.07441408187150955
29781434,0.0,0.0,0.0,0.0,0.0,0.9592404724668697,0.0012798883563624921,0.10868898,0.0,0.10868898034095764
29791874,0.0,0.0,0.0,0.0,0.0,0.9592404724668697,0.005438952258503371,0.10897159,0.0,0.10897158831357956
29837961,0.0,0.0,0.0,0.0,0.0,0.8455428430323483,0.019797243923366865,0.097070925,0.0,0.09707092493772507
29838696,0.0,0.0,0.0,0.0,0.0,0.813093860476119,0.004492300101081595,0.092356086,0.0,0.09235608577728271
29842451,0.0,0.0,0.0,0.0,0.0,0.9330432028908702,0.001172960013451269,0.105714865,0.0,0.10571486502885818
29858011,0.0,0.0,0.0,0.0,0.0,0.813093860476119,0.0020302018453722402,0.09218879,0.0,0.09218879044055939
29863027,0.0,0.0,0.0,0.0,0.0,0.8658894330109049,0.1709313445173967,0.1096448,0.0,0.1096448004245758
29888946,0.0,0.0,0.0,0.0,0.0,0.9204559262177173,0.00016783258378480197,0.104221046,0.0,0.10422104597091675
29893170,0.0,0.0,0.0,0.0,0.0,0.0,0.005552025132989411,0.0003448073,0.0,0.00034480731119401753
29894281,0.0,0.0,0.0,0.0,0.0,1.0,0.0006415382393005485,0.11326164,0.0,0.1132616400718689
29941073,0.0,0.0,0.0,0.0,0.0,0.9394859795766547,0.0003475379384756034,0.10638842,0.0,0.10638841986656189
29955557,0.0,0.0,0.0,0.0,0.0,1.0,0.005541061506582508,0.11359457,0.0,0.11359456926584244
29973725,0.0,0.0,0.0,0.0,0.0,0.9204559262177173,0.004269776083935397,0.10449978,0.0,0.10449977964162827
29986886,0.0,0.0,0.0,0.0,0.0,0.8658894330109049,0.00446751094955657,0.09833353,0.0,0.09833353012800217
29990761,0.0,0.0,0.0,0.0,0.0,0.9574210931565966,0.02271586503998922,0.109939516,0.0,0.10993951559066772
3000661,0.0,0.0,0.0,0.0,0.0,0.8658894330109049,0.006279639518211094,0.098456666,0.0,0.09845666587352753
30009126,0.0,0.0,0.0,0.0,0.0,0.9592404724668697,0.005279645987914742,0.10896076,0.0,0.10896076261997223
30023125,0.3333333333333333,0.5,0.0,0.0,0.0,1.0,0.09204942412835798,0.4214742,0.5,0.4214741885662079
30037607,0.0,0.0,0.0,0.0,0.0,0.9394859795766547,0.004495500995713141,0.106670275,0.0,0.10667027533054352
30059344,0.0,0.0,0.0,0.0,0.0,0.1951969189580255,0.00829604509602667,0.022637414,0.0,0.022637413814663887
30063657,0.6666666666666666,0.5,0.0,0.6666666666666667,0.6666666666666667,0.9574210931565966,0.17839095003602207,0.7245204,0.5,0.7245203852653503
30070321,0.0,0.0,0.0,0.0,0.0,0.9574210931565966,0.008162858902399811,0.10895064,0.0,0.10895063728094101
30095547,0.0,0.0,0.0,0.0,0.0,1.0,0.004816732125449102,0.11354535,0.0,0.11354535073041916
30098626,0.0,0.0,0.0,0.0,0.0,0.677101910536761,0.001700558276630169,0.07676523,0.0,0.07676523178815842
30104098,0.3333333333333333,0.25,0.0,0.33333333333333337,0.33333333333333337,1.0,0.08820367908188384,0.42121285,0.25,0.4212128520011902
30147928,0.0,0.0,0.0,0.0,0.0,1.0,0.009108970436746671,0.113837,0.0,0.11383700370788574
30150093,0.0,0.0,0.0,0.0,0.0,0.9574210931565966,0.0037566789229814936,0.108651236,0.0,0.10865123569965363
30157434,0.0,0.0,0.0,0.0,0.0,0.9330432028908702,0.012085624698410699,0.106456384,0.0,0.10645638406276703
30175950,0.0,0.0,0.0,0.0,0.0,1.0,0.0006140940848882498,0.11325978,0.0,0.11325977742671967
30185290,0.0,0.0,0.0,0.0,0.0,0.9330432028908702,0.0008441982789264855,0.10569252,0.0,0.10569252073764801
30197513,0.0,0.0,0.0,0.0,0.0,0.9574210931565966,0.0318764490696845,0.11056198,0.0,0.11056198179721832
30197992,0.0,0.0,0.0,0.0,0.0,0.9330432028908702,0.0007225370925094359,0.10568426,0.0,0.10568425804376602
30201321,0.0,0.0,0.0,0.0,0.0,1.0,0.005274308762262831,0.11357644,0.0,0.11357644200325012
30208398,0.0,0.0,0.0,0.0,0.0,0.0,0.00047762069489378926,0.0,0.0,0.0
3025261,0.3333333333333333,0.25,0.0,0.33333333333333337,0.33333333333333337,0.8455428430323483,0.11410314664303986,0.40548038,0.25,0.40548038482666016
30273024,0.0,0.0,0.0,0.0,0.0,0.8698941966083295,0.00048614647151941457,0.09851654,0.0,0.0985165387392044
30283530,0.0,0.0,0.0,0.0,0.0,0.38431661042061077,0.004142076394182445,0.04377305,0.0,0.04377305135130882
30284737,0.0,0.0,0.0,0.0,0.0,0.9204559262177173,0.00034093221251430586,0.10423281,0.0,0.10423281043767929
30285499,0.0,0.0,0.0,0.0,0.0,1.0,0.03219103083776423,0.11540544,0.0,0.11540544033050537
30288543,0.0,0.0,0.0,0.0,0.0,0.9394859795766547,0.0004047557349205417,0.10639231,0.0,0.10639230906963348
30296618,0.0,0.0,0.0,0.0,0.0,0.38431661042061077,0.05859826036392272,0.047473364,0.0,0.04747336357831955
30298247,0.0,0.0,0.0,0.0,0.0,1.0,0.0006140940848882498,0.11325978,0.0,0.11325977742671967
30336759,0.0,0.0,0.0,0.0,0.0,0.0,0.005552025132989411,0.0003448073,0.0,0.00034480731119401753
3036281,0.0,0.0,0.0,0.0,0.0,0.9204559262177173,0.03361042169456486,0.10649348,0.0,0.10649348050355911
30393446,0.0,0.0,0.0,0.0,0.0,0.5803133815727446,0.004520158739253608,0.06599548,0.0,0.0659954771399498
30412906,0.0,0.0,0.0,0.0,0.0,0.6171202869534268,0.0053467837094092,0.070220046,0.0,0.07022004574537277
30426836,0.0,0.0,0.0,0.0,0.0,0.0,0.005552025132989411,0.0003448073,0.0,0.00034480731119401753
30471776,0.0,0.0,0.0,0.0,0.0,0.677101910536761,0.001700558276630169,0.07676523,0.0,0.07676523178815842
30473755,0.0,0.0,0.0,0.0,0.0,0.9394859795766547,0.04002448293386749,0.10908448,0.0,0.10908447951078415
30507566,0.0,0.0,0.0,0.0,0.0,0.0,0.005552025132989411,0.0003448073,0.0,0.00034480731119401753
30514544,0.0,0.0,0.0,0.0,0.0,0.8455428430323483,0.00021586416227968087,0.09574037,0.0,0.09574037045240402
30545061,0.0,0.0,0.0,0.0,0.0,1.0,0.0005481305610946322,0.11325529,0.0,0.11325529217720032
30556522,0.0,0.0,0.0,0.0,0.0,0.0,0.010438477819536095,0.0006768433,0.0,0.0006768432795070112
30558373,0.0,0.0,0.0,0.0,0.0,0.813093860476119,0.013374059992030032,0.092959605,0.0,0.09295960515737534
30571003,0.0,0.0,0.0,0.0,0.0,1.0,0.011447431743854064,0.11399591,0.0,0.11399590969085693
30577172,0.0,0.0,0.0,0.0,0.0,1.0,0.004415046229146028,0.11351805,0.0,0.11351805180311203
30624063,0.0,0.0,0.0,0.0,0.0,0.7398616303702709,0.004940267114386876,0.08409294,0.0,0.08409293740987778
30624436,0.0,0.0,0.0,0.0,0.0,0.6171202869534268,0.0015492543566268955,0.069962,0.0,0.06996200233697891
30641053,0.0,0.0,0.0,0.0,0.0,0.0,0.0021994813364378985,0.00011700095,0.0,0.00011700094910338521
30660378,0.0,0.0,0.0,0.0,0.0,0.9592404724668697,0.005253203449668864,0.10895897,0.0,0.10895896703004837
30663037,0.0,0.0,0.0,0.0,0.0,1.0,0.0006379105356883438,0.113261394,0.0,0.1132613942027092
30677846,0.0,0.0,0.0,0.0,0.0,1.0,0.0005481305610946322,0.11325529,0.0,0.11325529217720032
30702406,0.0,0.0,0.0,0.0,0.0,0.9394859795766547,0.004151630779823065,0.10664691,0.0,0.10664691030979156
30715732,0.0,0.0,0.0,0.0,0.0,0.9592404724668697,0.0020280347421929136,0.108739816,0.0,0.10873981565237045
30720643,0.0,0.0,0.0,0.0,0.0,0.9592404724668697,0.0004167452941957423,0.10863033,0.0,0.10863032937049866
30733040,0.0,0.0,0.0,0.0,0.0,0.8658894330109049,0.0005561011474603165,0.098067746,0.0,0.0980677455663681
30734481,0.0,0.0,0.0,0.0,0.0,0.8698941966083295,0.004977436678214833,0.09882172,0.0,0.098821721971035
30736020,0.0,0.0,0.0,0.0,0.0,0.0,0.005552025132989411,0.0003448073,0.0,0.00034480731119401753
30736021,0.3333333333333333,0.4266912384650716,0.0,0.0,0.0,0.9394859795766547,0.08360432398002607,0.38083807,0.4266912384650716,0.3808380663394928
30750281,0.0,0.0,0.0,0.0,0.0,1.0,0.0007514645727818193,0.11326911,0.0,0.11326911300420761
30784733,0.0,0.0,0.0,0.0,0.0,0.9592404724668697,0.006030854037939722,0.109011814,0.0,0.10901181399822235
30821560,0.0,0.0,0.0,0.0,0.0,0.9574210931565966,9.697193402611362e-05,0.10840256,0.0,0.1084025576710701
30845844,0.0,0.0,0.0,0.0,0.0,1.0,0.001237496373398776,0.11330214,0.0,0.11330214142799377
30864390,0.3333333333333333,0.25,0.0,0.33333333333333337,0.33333333333333337,0.9574210931565966,0.12662102104540468,0.41900125,0.25,0.4190012514591217
30866634,0.0,0.0,0.0,0.0,0.0,0.9592404724668697,0.01018189195709744,0.10929388,0.0,0.1092938780784607
30873801,0.0,0.0,0.0,0.0,0.0,0.8658894330109049,0.0005561011474603165,0.098067746,0.0,0.0980677455663681
30900591,0.0,0.0,0.0,0.0,0.0,0.8698941966083295,0.008287318086428906,0.099046625,0.0,0.09904662519693375
30916946,0.3333333333333333,0.25,0.0,0.33333333333333337,0.33333333333333337,0.9574210931565966,0.08944822889211654,0.41647536,0.25,0.4164753556251526
30919969,0.0,0.0,0.0,0.0,0.0,0.0,0.005552025132989411,0.0003448073,0.0,0.00034480731119401753
30938840,0.0,0.0,0.0,0.0,0.0,0.8658894330109049,0.0005561011474603165,0.098067746,0.0,0.0980677455663681
30988234,0.0,0.0,0.0,0.0,0.0,0.5803133815727446,0.004607259050619985,0.06600139,0.0,0.06600139290094376
30994019,0.0,0.0,0.0,0.0,0.0,0.9204559262177173,0.0005001048430846743,0.10424363,0.0,0.10424362868070602
31015297,0.0,0.0,0.0,0.0,0.0,0.8658894330109049,0.00035271565482910275,0.098053925,0.0,0.09805392473936081
31094987,0.0,0.0,0.0,0.0,0.0,0.8658894330109049,0.006279639518211094,0.098456666,0.0,0.09845666587352753
31099177,0.0,0.0,0.0,0.0,0.0,0.38431661042061077,0.012796068978812627,0.044361092,0.0,0.044361092150211334
31100873,0.0,0.0,0.0,0.0,0.0,0.0,0.003705739714568165,0.00021935167,0.0,0.00021935167023912072
31147615,0.0,0.0,0.0,0.0,0.0,1.0,0.001000940684865536,0.11328606,0.0,0.11328606307506561
31172192,0.0,0.0,0.0,0.0,0.0,0.7473484305271403,0.0002837055349789208,0.08462441,0.0,0.08462440967559814
31177882,0.0,0.0,0.0,0.0,0.0,0.8658894330109049,0.0005561011474603165,0.098067746,0.0,0.0980677455663681
31195013,0.0,0.0,0.0,0.0,0.0,1.0,0.0077168737374685905,0.11374241,0.0,0.1137424111366272
31201950,0.0,0.0,0.0,0.0,0.0,0.677101910536761,0.001700558276630169,0.07676523,0.0,0.07676523178815842
31205118,0.0,0.0,0.0,0.0,0.0,0.0,0.005552025132989411,0.0003448073,0.0,0.00034480731119401753
31237866,0.0,0.0,0.0,0.0,0.0,0.9574210931565966,0.004041184262984005,0.10867057,0.0,0.10867056995630264
31245293,0.0,0.0,0.0,0.0,0.0,0.9394859795766547,0.001273382910841415,0.10645133,0.0,0.10645133256912231
31246970,0.0,0.0,0.0,0.0,0.0,0.677101910536761,0.01381988799027943,0.077588744,0.0,0.07758874446153641
31252679,0.0,0.0,0.0,0.0,0.0,1.0,0.0023286928966627647,0.11337628,0.0,0.11337628215551376
31257790,0.0,0.0,0.0,0.0,0.0,1.0,0.0005995571802604444,0.11325879,0.0,0.11325878649950027
31278533,0.0,0.0,0.0,0.0,0.0,0.8698941966083295,0.011019354402967557,0.09923227,0.0,0.0992322713136673
31280937,0.0,0.0,0.0,0.0,0.0,0.9204559262177173,0.0006079773862710222,0.10425095,0.0,0.1042509526014328
31285824,0.0,0.0,0.0,0.0,0.0,0.0,0.02514869252778407,0.0016764068,0.0,0.0016764068277552724
31286288,0.0,0.0,0.0,0.0,0.0,1.0,0.0020378710756635597,0.11335652,0.0,0.11335652321577072
31294536,0.0,0.0,0.0,0.0,0.0,1.0,0.0006140940848882498,0.11325978,0.0,0.11325977742671967
31351910,0.3333333333333333,0.25,0.0,0.33333333333333337,0.33333333333333337,0.0,0.08888535846632274,0.30800867,0.25,0.30800867080688477
31474749,0.0,0.0,0.0,0.0,0.0,0.9574210931565966,0.007894457824958064,0.1089324,0.0,0.10893239825963974
31512912,0.0,0.0,0.0,0.0,0.0,0.43959775100198173,0.00021005571646179268,0.049766485,0.0,0.04976648464798927
31513726,0.0,0.0,0.0,0.0,0.0,1.0,0.0010723125641896117,0.11329091,0.0,0.11329091340303421
31536024,0.0,0.0,0.0,0.0,0.0,0.9574210931565966,0.0004165617818508229,0.108424276,0.0,0.10842427611351013
31545782,0.0,0.0,0.0,0.0,0.0,1.0,0.005503434798763623,0.113592006,0.0,0.1135920062661171
31557959,0.3333333333333333,0.25,0.0,0.33333333333333337,0.33333333333333337,0.9330432028908702,0.10172611379187485,0.4145488,0.25,0.4145488142967224
31564134,0.3333333333333333,0.25,0.0,0.33333333333333337,0.33333333333333337,1.0,0.08394742741822157,0.42092365,0.25,0.42092365026474
31568626,0.3333333333333333,0.25,0.0,0.33333333333333337,0.33333333333333337,1.0,0.08478292488118801,0.42098042,0.25,0.42098042368888855
3160851,0.0,0.0,0.0,0.0,0.0,0.7398616303702709,0.007190425195351168,0.08424584,0.0,0.08424583822488785
31741815,0.0,0.0,0.0,0.0,0.0,0.8658894330109049,0.010439853652327113,0.09873935,0.0,0.09873934835195541
31753236,0.0,0.0,0.0,0.0,0.0,0.8698941966083295,0.022369489914510026,0.10000352,0.0,0.10000351816415787
31847329,0.3333333333333333,0.4266912384650716,0.0,0.0,0.0,0.9574210931565966,0.09965916561208518,0.38396016,0.4266912384650716,0.38396015763282776
31894920,0.0,0.0,0.0,0.0,0.0,0.45211423566191483,0.0004914495771688263,0.051203106,0.0,0.051203105598688126
31953,0.0,0.0,0.0,0.0,0.0,0.6171202869534268,0.005399659826250936,0.07022364,0.0,0.07022363692522049
32028843,0.0,0.0,0.0,0.0,0.0,0.9592404724668697,0.006549597604243633,0.10904706,0.0,0.1090470626950264
3212691,0.0,0.0,0.0,0.0,0.0,0.9204559262177173,0.00412512968761255,0.104489945,0.0,0.10448994487524033
32136042,0.0,0.0,0.0,0.0,0.0,0.45211423566191483,0.005111767125017389,0.05151706,0.0,0.0515170581638813
32150710,0.0,0.0,0.0,0.0,0.0,0.7835692923971794,0.0010084387823639342,0.08877569,0.0,0.08877568691968918
32167638,0.0,0.0,0.0,0.0,0.0,0.813093860476119,0.0005927312131514252,0.09209111,0.0,0.09209111332893372
32176315,0.0,0.0,0.0,0.0,0.0,0.9592404724668697,0.005633748534259681,0.10898483,0.0,0.10898482799530029
32199618,0.0,0.0,0.0,0.0,0.0,0.9592404724668697,0.010131106976647253,0.10929042,0.0,0.10929042100906372
3220851,0.0,0.0,0.0,0.0,0.0,0.9204559262177173,0.008984567277402124,0.10482015,0.0,0.1048201471567154
32215972,0.0,0.0,0.0,0.0,0.0,0.6549788182021288,0.001590940064234798,0.07425233,0.0,0.07425232976675034
32218384,0.3333333333333333,0.25,0.0,0.33333333333333337,0.33333333333333337,1.0,0.08999753322407054,0.42133474,0.25,0.42133474349975586
32232053,0.0,0.0,0.0,0.0,0.0,1.0,0.006266865898999607,0.113643885,0.0,0.11364388465881348
3224511,0.0,0.0,0.0,0.0,0.0,0.0,0.006746760361094983,0.00042598994,0.0,0.0004259899433236569
32266226,0.3333333333333333,0.25,0.0,0.33333333333333337,0.33333333333333337,0.7398616303702709,0.08423633917094173,0.39148247,0.25,0.39148247241973877
32267384,0.3333333333333333,0.25,0.0,0.33333333333333337,0.33333333333333337,0.0,0.08642364457509441,0.3078414,0.25,0.30784139037132263
32281133,0.0,0.0,0.0,0.0,0.0,0.9574210931565966,0.008440962979827374,0.10896953,0.0,0.10896953195333481
32294244,0.0,0.0,0.0,0.0,0.0,0.9574210931565966,0.012439005470160483,0.1092412,0.0,0.10924120247364044
32337506,0.3333333333333333,0.25,0.0,0.33333333333333337,0.33333333333333337,1.0,0.08457051035032588,0.420966,0.25,0.4209659993648529
32368103,0.6666666666666666,0.5,0.0,0.6666666666666667,0.6666666666666667,0.9574210931565966,0.17063433128933483,0.7239933,0.5,0.7239933013916016
32386974,0.0,0.0,0.0,0.0,0.0,0.9592404724668697,0.0053936881528587905,0.10896852,0.0,0.10896851867437363
3244801,0.0,0.0,0.0,0.0,0.0,0.6171202869534268,0.02546473658495041,0.07158706,0.0,0.07158706337213516
3249,0.0,0.0,0.0,0.0,0.0,0.9394859795766547,0.00454098605439639,0.10667337,0.0,0.10667336732149124
32522601,0.0,0.0,0.0,0.0,0.0,0.9592404724668697,0.0004167452941957423,0.10863033,0.0,0.10863032937049866
32526324,0.0,0.0,0.0,0.0,0.0,0.9592404724668697,0.0019597459249502333,0.10873518,0.0,0.10873518139123917
32531520,0.0,0.0,0.0,0.0,0.0,1.0,0.008396489500385759,0.1137886,0.0,0.11378859728574753
32534283,0.0,0.0,0.0,0.0,0.0,0.9574210931565966,0.004030368279538234,0.10866983,0.0,0.10866983234882355
32535748,0.0,0.0,0.0,0.0,0.0,0.8455428430323483,0.012545366268726354,0.09657816,0.0,0.09657815843820572
32556315,0.0,0.0,0.0,0.0,0.0,0.0,0.005552025132989411,0.0003448073,0.0,0.00034480731119401753
32562445,0.0,0.0,0.0,0.0,0.0,0.0,0.008366114407178106,0.00053602556,0.0,0.0005360255599953234
32585384,0.3333333333333333,0.5,0.0,0.0,0.0,0.9574210931565966,0.09479509549033792,0.41683868,0.5,0.416838675737381
32608004,0.3333333333333333,0.25,0.0,0.33333333333333337,0.33333333333333337,0.9592404724668697,0.08905601964954506,0.41665474,0.25,0.4166547358036041
32617892,0.0,0.0,0.0,0.0,0.0,0.9204559262177173,0.0007512479635409124,0.10426069,0.0,0.10426069051027298
32618486,0.0,0.0,0.0,0.0,0.0,0.6171202869534268,0.00043617583285102,0.069886364,0.0,0.06988636404275894
32625798,0.0,0.0,0.0,0.0,0.0,0.6171202869534268,0.008567811317667054,0.070438914,0.0,0.070438914000988
32627702,0.0,0.0,0.0,0.0,0.0,0.8698941966083295,0.07508127333091356,0.103585295,0.0,0.10358529537916183
32637415,0.0,0.0,0.0,0.0,0.0,0.8455428430323483,0.009201350385877502,0.09635093,0.0,0.09635093063116074
3267891,0.0,0.0,0.0,0.0,0.0,0.8455428430323483,0.005247655001306246,0.09608228,0.0,0.09608227759599686
32686924,0.0,0.0,0.0,0.0,0.0,0.38431661042061077,0.008710703082156676,0.04408349,0.0,0.04408349096775055
32687809,0.0,0.0,0.0,0.0,0.0,0.9574210931565966,0.00822158856963785,0.10895462,0.0,0.10895462334156036
32691467,0.0,0.0,0.0,0.0,0.0,0.9574210931565966,0.03147690864598894,0.11053483,0.0,0.11053483188152313
32695795,0.0,0.0,0.0,0.0,0.0,0.9574210931565966,0.015713466701545203,0.1094637,0.0,0.10946369916200638
32706038,0.0,0.0,0.0,0.0,0.0,0.6171202869534268,0.010746537505737416,0.07058696,0.0,0.07058695703744888
32708920,0.0,0.0,0.0,0.0,0.0,0.9574210931565966,0.008450373545424305,0.10897017,0.0,0.10897017270326614
32799467,0.0,0.0,0.0,0.0,0.0,0.9574210931565966,0.018746776973332963,0.10966982,0.0,0.10966981947422028
32816905,0.0,0.0,0.0,0.0,0.0,0.9330432028908702,0.013774746359612776,0.10657116,0.0,0.10657116025686264
32817140,0.0,0.0,0.0,0.0,0.0,0.43959775100198173,0.0008041084975571226,0.049806852,0.0,0.049806851893663406
32822106,0.0,0.0,0.0,0.0,0.0,0.9330432028908702,0.018790884197360185,0.106912,0.0,0.10691200196743011
32830235,0.3333333333333333,0.25,0.0,0.33333333333333337,0.33333333333333337,1.0,0.08830939084064801,0.42122003,0.25,0.4212200343608856
32860953,0.0,0.0,0.0,0.0,0.0,0.9574210931565966,0.0197501106842023,0.10973799,0.0,0.10973799228668213
32909193,0.0,0.0,0.0,0.0,0.0,1.0,0.001985895628289345,0.11335299,0.0,0.11335299164056778
32919651,0.0,0.0,0.0,0.0,0.0,0.9592404724668697,0.0007357651008918977,0.10865201,0.0,0.1086520105600357
3293021,0.0,0.0,0.0,0.0,0.0,0.0,0.005552025132989411,0.0003448073,0.0,0.00034480731119401753
32949746,0.0,0.0,0.0,0.0,0.0,0.9204559262177173,0.029886026072258366,0.10624041,0.0,0.1062404066324234
32971573,0.0,0.0,0.0,0.0,0.0,0.6171202869534268,0.005305478727435106,0.07021724,0.0,0.07021723687648773
33052420,0.0,0.0,0.0,0.0,0.0,0.9204559262177173,0.001252097207022885,0.104294725,0.0,0.10429472476243973
33069453,0.0,0.0,0.0,0.0,0.0,0.7398616303702709,0.004696113528580793,0.08407635,0.0,0.08407635241746902
33095128,0.0,0.0,0.0,0.0,0.0,0.9204559262177173,0.0002585166704085878,0.10422721,0.0,0.1042272076010704
3317821,0.3333333333333333,0.25,0.0,0.33333333333333337,0.33333333333333337,0.9204559262177173,0.08353184325827055,0.411887,0.25,0.411886990070343
3320411,0.0,0.0,0.0,0.0,0.0,0.9592404724668697,0.012478964656086345,0.10944996,0.0,0.10944996029138565
33217626,0.0,0.0,0.0,0.0,0.0,0.9574210931565966,0.0040514542433797126,0.10867126,0.0,0.10867126286029816
33234192,0.0,0.0,0.0,0.0,0.0,1.0,0.0006140940848882498,0.11325978,0.0,0.11325977742671967
33279644,0.0,0.0,0.0,0.0,0.0,0.1951969189580255,0.0012505673812500478,0.022158671,0.0,0.0221586711704731
3328331,0.0,0.0,0.0,0.0,0.0,0.8658894330109049,0.0014520747032085509,0.09812863,0.0,0.09812863171100616
33325960,0.0,0.0,0.0,0.0,0.0,0.8658894330109049,0.0005561011474603165,0.098067746,0.0,0.0980677455663681
33334440,0.0,0.0,0.0,0.0,0.0,1.0,0.008881095204071428,0.11382152,0.0,0.11382152140140533
33345091,0.0,0.0,0.0,0.0,0.0,0.8455428430323483,0.039242237607567405,0.09839222,0.0,0.09839221835136414
33347300,0.0,0.0,0.0,0.0,0.0,0.9574210931565966,0.00017500096735131081,0.108407855,0.0,0.10840785503387451
33354383,0.6666666666666666,0.5,0.0,0.6666666666666667,0.6666666666666667,1.0,0.1941056467935555,0.7304103,0.5,0.7304102778434753
33361493,0.0,0.0,0.0,0.0,0.0,0.8455428430323483,0.0005295366269892802,0.09576168,0.0,0.09576167911291122
33390923,0.0,0.0,0.0,0.0,0.0,0.9592404724668697,0.023785218950316028,0.11021823,0.0,0.11021822690963745
3339171,0.0,0.0,0.0,0.0,0.0,0.9204559262177173,0.0698273227560147,0.10895443,0.0,0.10895442962646484
33396349,0.0,0.0,0.0,0.0,0.0,1.0,0.011485430724739783,0.11399849,0.0,0.11399848759174347
33432232,0.0,0.0,0.0,0.0,0.0,0.9592404724668697,0.01830809873254501,0.109846056,0.0,0.10984605550765991
33433404,0.0,0.0,0.0,0.0,0.0,0.0,0.005552025132989411,0.0003448073,0.0,0.00034480731119401753
33435237,0.3333333333333333,0.25,0.0,0.33333333333333337,0.33333333333333337,0.9592404724668697,0.08411398180621338,0.41631892,0.25,0.4163189232349396
33437822,0.0,0.0,0.0,0.0,0.0,0.9204559262177173,0.027354089323065107,0.106068365,0.0,0.10606836527585983
33442941,0.0,0.0,0.0,0.0,0.0,0.38431661042061077,0.0016845455948799608,0.04360606,0.0,0.04360606148838997
33564977,0.0,0.0,0.0,0.0,0.0,1.0,0.006303082853419393,0.11364634,0.0,0.11364634335041046
33568241,0.0,0.0,0.0,0.0,0.0,0.813093860476119,0.005351559761975263,0.092414476,0.0,0.0924144759774208
33625173,0.0,0.0,0.0,0.0,0.0,1.0,0.001000940684865536,0.11328606,0.0,0.11328606307506561
33628154,0.0,0.0,0.0,0.0,0.0,0.6549788182021288,0.0021062077534159,0.07428735,0.0,0.07428734749555588
33635180,0.0,0.0,0.0,0.0,0.0,0.1951969189580255,0.002040117175010326,0.022212321,0.0,0.022212320938706398
33639082,0.0,0.0,0.0,0.0,0.0,0.38431661042061077,0.017723551657644998,0.044695918,0.0,0.04469591751694679
33640997,0.0,0.0,0.0,0.0,0.0,0.9592404724668697,0.010513705513380154,0.10931642,0.0,0.10931642353534698
33657483,0.0,0.0,0.0,0.0,0.0,0.7835692923971794,0.0012941940444267013,0.0887951,0.0,0.08879510313272476
33672294,0.0,0.0,0.0,0.0,0.0,0.9574210931565966,0.015123982470492278,0.109423645,0.0,0.10942364484071732
33700884,0.0,0.0,0.0,0.0,0.0,0.8698941966083295,0.009666917213653188,0.09914037,0.0,0.09914036840200424
33730406,0.0,0.0,0.0,0.0,0.0,0.7398616303702709,0.004378392304125219,0.08405476,0.0,0.08405476063489914
33790384,0.0,0.0,0.0,0.0,0.0,0.7398616303702709,0.012172859619050081,0.0845844,0.0,0.08458440005779266
3381061,0.0,0.0,0.0,0.0,0.0,0.0,0.0017645658396746964,8.744831e-05,0.0,8.744830847717822e-05
33839778,0.3333333333333333,0.25,0.0,0.33333333333333337,0.33333333333333337,0.0,0.08888535846632274,0.30800867,0.25,0.30800867080688477
33841004,0.0,0.0,0.0,0.0,0.0,0.7473484305271403,0.0041716560744330606,0.0848886,0.0,0.08488859981298447
33881792,0.0,0.0,0.0,0.0,0.0,0.0,0.009054767544316953,0.00058281975,0.0,0.0005828197463415563
3388571,0.0,0.0,0.0,0.0,0.0,0.0,0.00564133827917852,0.00035087616,0.0,0.00035087615833617747
33980514,0.0,0.0,0.0,0.0,0.0,1.0,0.007933492141104505,0.11375713,0.0,0.11375713348388672
34007815,0.3333333333333333,0.25,0.0,0.33333333333333337,0.33333333333333337,0.9574210931565966,0.08447750366189544,0.41613758,0.25,0.41613757610321045
3401411,0.0,0.0,0.0,0.0,0.0,0.677101910536761,0.0011402827787552145,0.07672716,0.0,0.07672715932130814
34026749,0.0,0.0,0.0,0.0,0.0,0.38431661042061077,0.005294512452702638,0.04385136,0.0,0.04385136067867279
34105120,0.0,0.0,0.0,0.0,0.0,1.0,0.0005481305610946322,0.11325529,0.0,0.11325529217720032
34110614,0.0,0.0,0.0,0.0,0.0,0.9574210931565966,0.006238978580626578,0.10881991,0.0,0.10881990939378738
34113994,0.0,0.0,0.0,0.0,0.0,0.9592404724668697,0.01375767131087909,0.10953685,0.0,0.10953684896230698
34120641,0.0,0.0,0.0,0.0,0.0,0.0,0.003705739714568165,0.00021935167,0.0,0.00021935167023912072
34133492,0.0,0.0,0.0,0.0,0.0,0.0,0.011789844838610179,0.00076866907,0.0,0.0007686690660193563
34172957,0.0,0.0,0.0,0.0,0.0,0.9574210931565966,0.0040025358771212305,0.10866794,0.0,0.10866793990135193
34180355,0.0,0.0,0.0,0.0,0.0,0.6549788182021288,0.01415723399593699,0.07510622,0.0,0.07510621845722198
34186888,0.3333333333333333,0.25,0.0,0.33333333333333337,0.33333333333333337,1.0,0.09065736820917786,0.4213796,0.25,0.42137959599494934
34189206,0.0,0.0,0.0,0.0,0.0,0.9394859795766547,0.013964780698053205,0.107313715,0.0,0.10731371492147446
34204200,0.0,0.0,0.0,0.0,0.0,1.0,0.0007824741595652125,0.11327122,0.0,0.11327122151851654
34214379,0.0,0.0,0.0,0.0,0.0,0.9330432028908702,0.018740739010120005,0.1069086,0.0,0.10690859705209732
34224479,0.0,0.0,0.0,0.0,0.0,0.9330432028908702,0.002132187678729288,0.10578004,0.0,0.10578004270792007
34231202,0.0,0.0,0.0,0.0,0.0,0.8698941966083295,0.008876294204823828,0.09908665,0.0,0.09908664971590042
34231651,0.0,0.0,0.0,0.0,0.0,0.9330432028908702,0.007234209980892105,0.106126726,0.0,0.10612672567367554
34235402,0.0,0.0,0.0,0.0,0.0,0.9574210931565966,0.0055534013836031,0.10877332,0.0,0.10877332091331482
34258868,0.0,0.0,0.0,0.0,0.0,0.9204559262177173,0.00033453027726688234,0.10423238,0.0,0.10423237830400467
34268574,0.0,0.0,0.0,0.0,0.0,0.8658894330109049,0.0005561011474603165,0.098067746,0.0,0.0980677455663681
34287054,0.0,0.0,0.0,0.0,0.0,0.38431661042061077,0.005563691605092709,0.04386965,0.0,0.04386965185403824
34313086,0.0,0.0,0.0,0.0,0.0,1.0,0.005119313185896239,0.11356591,0.0,0.11356590688228607
34333379,0.0,0.0,0.0,0.0,0.0,0.9574210931565966,0.031702950967400695,0.110550195,0.0,0.11055019497871399
34339684,0.0,0.0,0.0,0.0,0.0,0.0,0.005552025132989411,0.0003448073,0.0,0.00034480731119401753
34343360,0.0,0.0,0.0,0.0,0.0,0.1951969189580255,0.0010699197294130852,0.022146396,0.0,0.022146396338939667
34382438,0.0,0.0,0.0,0.0,0.0,0.0,0.006297435445473155,0.00039545816,0.0,0.00039545816252939403
34387155,0.0,0.0,0.0,0.0,0.0,0.9592404724668697,0.009806515936598507,0.10926837,0.0,0.10926836729049683
34396078,0.0,0.0,0.0,0.0,0.0,0.8658894330109049,0.008846255570398783,0.09863107,0.0,0.09863106906414032
34411762,0.0,0.0,0.0,0.0,0.0,0.9592404724668697,0.000697795972217074,0.108649425,0.0,0.10864942520856857
34423857,0.0,0.0,0.0,0.0,0.0,0.677101910536761,0.005928647030102533,0.07705253,0.0,0.0770525336265564
34445020,0.0,0.0,0.0,0.0,0.0,0.9592404724668697,0.00977684837735882,0.109266356,0.0,0.10926635563373566
34522733,0.0,0.0,0.0,0.0,0.0,0.9574210931565966,0.008264504542066753,0.108957544,0.0,0.10895754396915436
345863,0.0,0.0,0.0,0.0,0.0,0.9204559262177173,0.0014565057455281226,0.10430861,0.0,0.1043086126446724
34635715,0.0,0.0,0.0,0.0,0.0,0.8455428430323483,0.00021425808420719812,0.09574026,0.0,0.09574025869369507
34647944,0.0,0.0,0.0,0.0,0.0,0.9204559262177173,0.009376536370923306,0.10484678,0.0,0.1048467829823494
34655157,0.0,0.0,0.0,0.0,0.0,0.9394859795766547,0.00016057856876672258,0.10637572,0.0,0.10637571662664413
34686356,0.0,0.0,0.0,0.0,0.0,0.6171202869534268,0.026633332344560008,0.07166647,0.0,0.07166647166013718
34689856,0.0,0.0,0.0,0.0,0.0,1.0,0.000561444210918525,0.1132562,0.0,0.11325620114803314
34691316,0.0,0.0,0.0,0.0,0.0,0.9394859795766547,0.00027099064669274485,0.10638322,0.0,0.10638321936130524
34701514,0.0,0.0,0.0,0.0,0.0,0.8658894330109049,0.006279639518211094,0.098456666,0.0,0.09845666587352753
34704651,0.0,0.0,0.0,0.0,0.0,0.8698941966083295,0.006416997215764107,0.09891954,0.0,0.09891954064369202
34747138,0.0,0.0,0.0,0.0,0.0,0.9394859795766547,0.019389350861346535,0.10768232,0.0,0.10768231749534607
34782510,0.0,0.0,0.0,0.0,0.0,0.9592404724668697,0.007210411129385213,0.10909196,0.0,0.10909195989370346
34808187,0.0,0.0,0.0,0.0,0.0,0.9592404724668697,0.0051848869869834105,0.108954325,0.0,0.10895432531833649
34838841,0.0,0.0,0.0,0.0,0.0,1.0,0.00043712177562358267,0.11324775,0.0,0.11324775218963623
34876153,0.0,0.0,0.0,0.0,0.0,0.9204559262177173,0.003919121721105717,0.104475945,0.0,0.1044759452342987
34879749,0.0,0.0,0.0,0.0,0.0,0.38431661042061077,0.0013360424226836905,0.04358238,0.0,0.043582379817962646
34896810,0.0,0.0,0.0,0.0,0.0,0.813093860476119,0.022187651623054083,0.09355849,0.0,0.09355849027633667
34899924,0.0,0.0,0.0,0.0,0.0,0.9330432028908702,0.016776959601482396,0.10677516,0.0,0.10677515715360641
34901579,0.0,0.0,0.0,0.0,0.0,0.813093860476119,0.008217157011595347,0.0926092,0.0,0.09260919690132141
34905250,0.0,0.0,0.0,0.0,0.0,0.6549788182021288,0.001590940064234798,0.07425233,0.0,0.07425232976675034
34912487,0.0,0.0,0.0,0.0,0.0,0.9574210931565966,0.019636962136492433,0.1097303,0.0,0.1097303032875061
34913414,0.0,0.0,0.0,0.0,0.0,0.9574210931565966,0.008242045643619928,0.10895602,0.0,0.10895601660013199
34963618,0.0,0.0,0.0,0.0,0.0,0.9592404724668697,0.005605251836061739,0.10898289,0.0,0.10898289084434509
34983,0.0,0.0,0.0,0.0,0.0,0.8658894330109049,0.0005561011474603165,0.098067746,0.0,0.0980677455663681
35026068,0.0,0.0,0.0,0.0,0.0,0.9394859795766547,0.0005470158483347433,0.10640198,0.0,0.10640197992324829
35052497,0.0,0.0,0.0,0.0,0.0,0.9574210931565966,0.007726352807096539,0.10892098,0.0,0.10892097651958466
35057448,0.0,0.0,0.0,0.0,0.0,0.8455428430323483,0.013735258496582334,0.09665901,0.0,0.09665901213884354
35085904,0.0,0.0,0.0,0.0,0.0,0.9592404724668697,0.0007563673328588164,0.10865341,0.0,0.10865341126918793
35088967,0.3333333333333333,0.25,0.0,0.33333333333333337,0.33333333333333337,0.9574210931565966,0.10290006225739362,0.4173894,0.25,0.4173893928527832
35124651,0.0,0.0,0.0,0.0,0.0,1.0,0.0005718542617785895,0.11325691,0.0,0.11325690895318985
35158404,0.3333333333333333,0.5,0.0,0.0,0.0,0.7398616303702709,0.0879106140477269,0.39173216,0.5,0.3917321562767029
35169668,0.0,0.0,0.0,0.0,0.0,0.38431661042061077,0.004383313378855372,0.043789443,0.0,0.043789442628622055
35245735,0.0,0.0,0.0,0.0,0.0,0.9592404724668697,0.0011378277250941888,0.10867933,0.0,0.10867933183908463
35249934,0.0,0.0,0.0,0.0,0.0,0.9330432028908702,0.017347643213497754,0.10681394,0.0,0.1068139374256134
35253656,0.0,0.0,0.0,0.0,0.0,0.813093860476119,0.0013114213725753435,0.092139944,0.0,0.09213994443416595
35264507,0.6666666666666666,0.5,0.0,0.6666666666666667,0.6666666666666667,0.813093860476119,0.18659742726220946,0.7087329,0.5,0.7087329030036926
35274390,0.0,0.0,0.0,0.0,0.0,0.0,0.005552025132989411,0.0003448073,0.0,0.00034480731119401753
35288445,0.0,0.0,0.0,0.0,0.0,0.8698941966083295,0.0003026145434951847,0.09850407,0.0,0.09850406646728516
35295810,0.0,0.0,0.0,0.0,0.0,0.9574210931565966,0.0011398477175232184,0.10847342,0.0,0.10847342014312744
35300628,0.0,0.0,0.0,0.0,0.0,0.9574210931565966,3.880223807418759e-05,0.1083986,0.0,0.10839860141277313
3530201,0.0,0.0,0.0,0.0,0.0,0.9204559262177173,0.037869277832265,0.106782876,0.0,0.10678287595510483
35324281,0.3333333333333333,0.25,0.0,0.33333333333333337,0.33333333333333337,0.9204559262177173,0.0836678636106002,0.41189626,0.25,0.4118962585926056
35329667,0.0,0.0,0.0,0.0,0.0,0.6171202869534268,0.015492753536678446,0.07090946,0.0,0.07090946286916733
35380950,0.0,0.0,0.0,0.0,0.0,1.0,0.01107159582515327,0.11397037,0.0,0.11397036910057068
35395620,0.0,0.0,0.0,0.0,0.0,0.9592404724668697,0.0011096963537540925,0.10867742,0.0,0.10867741703987122
35444343,0.0,0.0,0.0,0.0,0.0,0.8698941966083295,0.0003026145434951847,0.09850407,0.0,0.09850406646728516
35478531,0.0,0.0,0.0,0.0,0.0,0.0,0.010438477819536095,0.0006768433,0.0,0.0006768432795070112
35497674,0.0,0.0,0.0,0.0,0.0,0.9204559262177173,0.0002585166704085878,0.10422721,0.0,0.1042272076010704
35501247,0.0,0.0,0.0,0.0,0.0,0.6549788182021288,0.004534179589328866,0.074452326,0.0,0.07445232570171356
35502816,0.0,0.0,0.0,0.0,0.0,0.9592404724668697,0.019235860641624226,0.109909095,0.0,0.10990909487009048
35522610,0.0,0.0,0.0,0.0,0.0,0.9592404724668697,0.021313872055253646,0.1100503,0.0,0.11005029827356339
35541830,0.3333333333333333,0.5,0.0,0.0,0.0,0.7835692923971794,0.08783681232184068,0.39667705,0.5,0.39667704701423645
35612957,0.0,0.0,0.0,0.0,0.0,0.9574210931565966,0.003974065121965838,0.108666,0.0,0.10866600275039673
35676636,0.0,0.0,0.0,0.0,0.0,0.8455428430323483,0.0008230287303774082,0.095781624,0.0,0.09578162431716919
35702577,0.0,0.0,0.0,0.0,0.0,1.0,0.0008726623676134343,0.113277346,0.0,0.11327734589576721
35744304,0.0,0.0,0.0,0.0,0.0,0.9592404724668697,0.0007285390098885885,0.10865152,0.0,0.10865151882171631
35748261,0.0,0.0,0.0,0.0,0.0,0.9592404724668697,0.005657161016904438,0.108986415,0.0,0.10898641496896744
35763630,0.0,0.0,0.0,0.0,0.0,0.813093860476119,0.013980684429028344,0.09300083,0.0,0.09300082921981812
35782573,0.0,0.0,0.0,0.0,0.0,0.813093860476119,0.004882377324250942,0.092382595,0.0,0.09238259494304657
35843799,0.0,0.0,0.0,0.0,0.0,1.0,0.0006379105356883438,0.113261394,0.0,0.1132613942027092
3588561,0.0,0.0,0.0,0.0,0.0,0.9574210931565966,0.05592498326323068,0.11219609,0.0,0.11219608783721924
35931640,0.3333333333333333,0.5,0.0,0.0,0.0,1.0,0.08413397096256571,0.42093632,0.5,0.42093631625175476
35934508,0.3333333333333333,0.25,0.0,0.33333333333333337,0.33333333333333337,0.813093860476119,0.10527247542184183,0.40120548,0.25,0.40120548009872437
3595081,0.0,0.0,0.0,0.0,0.0,0.9330432028908702,0.005670155238615543,0.10602045,0.0,0.10602045059204102
35954073,0.0,0.0,0.0,0.0,0.0,0.38431661042061077,0.0011053382994925661,0.043566704,0.0,0.04356670379638672
35967493,0.0,0.0,0.0,0.0,0.0,0.9592404724668697,0.11817511898139177,0.116632044,0.0,0.11663204431533813
36016773,0.0,0.0,0.0,0.0,0.0,0.9394859795766547,0.03860136268903898,0.10898778,0.0,0.10898777842521667
3602921,0.0,0.0,0.0,0.0,0.0,0.0,0.005552025132989411,0.0003448073,0.0,0.00034480731119401753
36038057,0.0,0.0,0.0,0.0,0.0,0.7473484305271403,0.01057871070102876,0.08532396,0.0,0.08532395958900452
36057656,0.3333333333333333,0.5,0.0,0.0,0.0,0.0,0.0951231781719435,0.30843255,0.5,0.30843254923820496
36058055,0.0,0.0,0.0,0.0,0.0,0.9330432028908702,0.008698011782670543,0.10622619,0.0,0.10622619092464447
36063,0.0,0.0,0.0,0.0,0.0,0.9204559262177173,0.004311593124741971,0.10450262,0.0,0.1045026183128357
36071096,0.0,0.0,0.0,0.0,0.0,0.9204559262177173,0.01692248717586037,0.10535953,0.0,0.1053595319390297
36074855,0.0,0.0,0.0,0.0,0.0,0.8698941966083295,0.00044212760741391653,0.09851354,0.0,0.09851354360580444
36083872,0.0,0.0,0.0,0.0,0.0,0.9574210931565966,0.00013734026232431538,0.1084053,0.0,0.10840529948472977
36110176,0.0,0.0,0.0,0.0,0.0,0.9330432028908702,0.009399051805215322,0.10627383,0.0,0.1062738299369812
36111345,0.0,0.0,0.0,0.0,0.0,0.6171202869534268,0.0058156950806877005,0.070251904,0.0,0.07025190442800522
36123207,0.0,0.0,0.0,0.0,0.0,0.9574210931565966,0.015211478946064843,0.10942959,0.0,0.10942959040403366
36150796,0.3333333333333333,0.25,0.0,0.33333333333333337,0.33333333333333337,0.9592404724668697,0.09402077615591187,0.4169921,0.25,0.41699209809303284
36227854,0.0,0.0,0.0,0.0,0.0,0.9592404724668697,0.00654790587542013,0.10904694,0.0,0.10904694348573685
36385793,0.0,0.0,0.0,0.0,0.0,0.38431661042061077,0.005089142443582238,0.043837406,0.0,0.04383740574121475
36419174,0.0,0.0,0.0,0.0,0.0,0.9592404724668697,0.0007563673328588164,0.10865341,0.0,0.10865341126918793
36444947,0.0,0.0,0.0,0.0,0.0,0.8658894330109049,0.032184253392035844,0.10021689,0.0,0.10021688789129257
36485675,0.0,0.0,0.0,0.0,0.0,0.8658894330109049,0.0005561011474603165,0.098067746,0.0,0.0980677455663681
36495774,0.3333333333333333,0.25,0.0,0.33333333333333337,0.33333333333333337,1.0,0.16554384261626426,0.42646813,0.25,0.4264681339263916
36515633,0.0,0.0,0.0,0.0,0.0,0.0,0.003705739714568165,0.00021935167,0.0,0.00021935167023912072
36560198,0.0,0.0,0.0,0.0,0.0,0.8698941966083295,0.0004300412326498148,0.098512724,0.0,0.09851272404193878
36572402,0.0,0.0,0.0,0.0,0.0,0.8658894330109049,0.0005561011474603165,0.098067746,0.0,0.0980677455663681
3669361,0.0,0.0,0.0,0.0,0.0,0.0,0.005552025132989411,0.0003448073,0.0,0.00034480731119401753
36722512,0.0,0.0,0.0,0.0,0.0,1.0,0.004309007682626385,0.11351085,0.0,0.1135108470916748
36727137,0.0,0.0,0.0,0.0,0.0,0.1951969189580255,0.012039712238801435,0.022891797,0.0,0.022891797125339508
36730608,0.0,0.0,0.0,0.0,0.0,0.9574210931565966,0.0038158997509895555,0.10865526,0.0,0.10865525901317596
36739717,0.0,0.0,0.0,0.0,0.0,0.7473484305271403,0.004347467633320138,0.08490054,0.0,0.08490054309368134
3675691,0.0,0.0,0.0,0.0,0.0,0.43959775100198173,0.004332001630281907,0.050046574,0.0,0.05004657432436943
36777560,0.0,0.0,0.0,0.0,0.0,0.38431661042061077,0.0014016757402601117,0.04358684,0.0,0.043586838990449905
36787860,0.0,0.0,0.0,0.0,0.0,0.9394859795766547,0.0005879218838567829,0.10640476,0.0,0.10640475898981094
36829136,0.0,0.0,0.0,0.0,0.0,0.9592404724668697,0.0012798883563624921,0.10868898,0.0,0.10868898034095764
36874153,0.0,0.0,0.0,0.0,0.0,0.0,0.005552025132989411,0.0003448073,0.0,0.00034480731119401753
36883116,0.3333333333333333,0.25,0.0,0.33333333333333337,0.33333333333333337,0.0,0.08888535846632274,0.30800867,0.25,0.30800867080688477
36895550,0.0,0.0,0.0,0.0,0.0,0.43959775100198173,0.008064241200939981,0.05030018,0.0,0.05030018091201782
36913973,0.0,0.0,0.0,0.0,0.0,0.813093860476119,0.03046496894400839,0.09412094,0.0,0.09412094205617905
36963624,0.0,0.0,0.0,0.0,0.0,0.0,0.011789844838610179,0.00076866907,0.0,0.0007686690660193563
37018152,0.0,0.0,0.0,0.0,0.0,0.9574210931565966,0.031143485411745664,0.110512175,0.0,0.11051217466592789
37042891,0.0,0.0,0.0,0.0,0.0,1.0,0.0018879981192714507,0.11334634,0.0,0.11334633827209473
37046242,0.0,0.0,0.0,0.0,0.0,0.9592404724668697,0.0011509044183414118,0.10868022,0.0,0.10868021845817566
37084108,0.0,0.0,0.0,0.0,0.0,0.9592404724668697,0.0051078158451111685,0.10894909,0.0,0.10894908756017685
37092101,0.0,0.0,0.0,0.0,0.0,0.7473484305271403,0.013128969708507873,0.08549725,0.0,0.08549725264310837
37092235,0.0,0.0,0.0,0.0,0.0,1.0,0.005430613654290536,0.11358706,0.0,0.11358705908060074
37135242,0.0,0.0,0.0,0.0,0.0,0.9574210931565966,0.0037891544397595555,0.10865344,0.0,0.10865344107151031
37183,0.0,0.0,0.0,0.0,0.0,0.9330432028908702,0.005739818875120214,0.10602518,0.0,0.10602518171072006
37188254,0.0,0.0,0.0,0.0,0.0,0.8455428430323483,0.0007334035407605216,0.09577554,0.0,0.0957755371928215
3719851,0.0,0.0,0.0,0.0,0.0,0.0,0.008158636947948793,0.0005219274,0.0,0.000521927373483777
37249985,0.0,0.0,0.0,0.0,0.0,0.7398616303702709,0.00025880749187766545,0.083774835,0.0,0.08377483487129211
37278980,0.0,0.0,0.0,0.0,0.0,0.9592404724668697,0.005893788372641356,0.1090025,0.0,0.1090025007724762
37289924,0.0,0.0,0.0,0.0,0.0,1.0,0.005183638766634714,0.11357028,0.0,0.11357028037309647
37305693,0.0,0.0,0.0,0.0,0.0,0.7398616303702709,0.008169339829501706,0.08431236,0.0,0.08431235700845718
37313477,0.0,0.0,0.0,0.0,0.0,0.8455428430323483,0.018449632296335138,0.09697936,0.0,0.09697935730218887
37320521,0.0,0.0,0.0,0.0,0.0,0.9574210931565966,0.007714816048356153,0.108920194,0.0,0.10892019420862198
37343638,0.0,0.0,0.0,0.0,0.0,0.9394859795766547,0.02791991468770581,0.10826197,0.0,0.10826197266578674
37371543,0.0,0.0,0.0,0.0,0.0,1.0,0.0008733537989414472,0.1132774,0.0,0.11327739804983139
37398382,0.0,0.0,0.0,0.0,0.0,0.9574210931565966,0.08738607171377363,0.114333875,0.0,0.114333875477314
37458941,0.3333333333333333,0.25,0.0,0.33333333333333337,0.33333333333333337,0.0,0.08888535846632274,0.30800867,0.25,0.30800867080688477
37485330,0.0,0.0,0.0,0.0,0.0,0.677101910536761,0.00043531784004885676,0.07667926,0.0,0.07667925953865051
37526886,0.0,0.0,0.0,0.0,0.0,0.813093860476119,0.03409777126763982,0.09436779,0.0,0.09436778724193573
37527239,0.0,0.0,0.0,0.0,0.0,0.9592404724668697,0.03261170151731982,0.11081799,0.0,0.11081799119710922
37529061,0.0,0.0,0.0,0.0,0.0,0.8698941966083295,0.030164738729656866,0.1005332,0.0,0.10053320229053497
37531004,0.0,0.0,0.0,0.0,0.0,0.9394859795766547,0.005891050698272364,0.10676511,0.0,0.10676510632038116
37539567,0.3333333333333333,0.25,0.0,0.33333333333333337,0.33333333333333337,0.0,0.0859477174715906,0.30780905,0.25,0.307809054851532
37568391,0.0,0.0,0.0,0.0,0.0,0.9592404724668697,0.018149173937020563,0.10983525,0.0,0.10983525216579437
37584291,0.0,0.0,0.0,0.0,0.0,0.6171202869534268,0.004795371658748631,0.07018258,0.0,0.07018257677555084
37609530,0.0,0.0,0.0,0.0,0.0,0.9204559262177173,0.0002585166704085878,0.10422721,0.0,0.1042272076010704
37623393,0.0,0.0,0.0,0.0,0.0,1.0,0.006370282678872146,0.11365091,0.0,0.11365091055631638
376793,0.0,0.0,0.0,0.0,0.0,0.8455428430323483,0.0007058687257955508,0.09577366,0.0,0.09577365964651108
37750797,0.0,0.0,0.0,0.0,0.0,0.7398616303702709,0.013395047045150045,0.084667444,0.0,0.08466744422912598
37751124,0.0,0.0,0.0,0.0,0.0,0.9330432028908702,0.0011518937261758933,0.10571343,0.0,0.10571342706680298
37776721,0.0,0.0,0.0,0.0,0.0,0.9330432028908702,0.00875091801735626,0.10622979,0.0,0.10622978955507278
37781630,0.0,0.0,0.0,0.0,0.0,1.0,0.006682717809714185,0.113672145,0.0,0.11367214471101761
37809748,0.0,0.0,0.0,0.0,0.0,0.8658894330109049,0.017080876642964343,0.09919061,0.0,0.0991906076669693
37836873,0.0,0.0,0.0,0.0,0.0,1.0,0.02716405504039631,0.11506385,0.0,0.1150638535618782
37891331,0.0,0.0,0.0,0.0,0.0,0.0,0.003705739714568165,0.00021935167,0.0,0.00021935167023912072
37974834,0.0,0.0,0.0,0.0,0.0,0.7398616303702709,0.006152320838091571,0.0841753,0.0,0.08417530357837677
37975185,0.3333333333333333,0.25,0.0,0.33333333333333337,0.33333333333333337,0.9574210931565966,0.09862372092314443,0.41709882,0.25,0.4170988202095032
37976910,0.0,0.0,0.0,0.0,0.0,0.9574210931565966,0.00581998744618308,0.10879144,0.0,0.10879144072532654
37977353,0.0,0.0,0.0,0.0,0.0,0.813093860476119,0.013729805992951875,0.09298378,0.0,0.09298378229141235
37987830,0.0,0.0,0.0,0.0,0.0,0.9394859795766547,0.005326892198997065,0.10672677,0.0,0.10672677308320999
37989080,0.0,0.0,0.0,0.0,0.0,0.0,0.0071921423794953756,0.0004562538,0.0,0.0004562537942547351
38011323,0.0,0.0,0.0,0.0,0.0,0.9592404724668697,0.0007357651008918977,0.10865201,0.0,0.1086520105600357
38058345,0.0,0.0,0.0,0.0,0.0,0.7398616303702709,0.0013967776725264352,0.08385216,0.0,0.08385215699672699
38093134,0.0,0.0,0.0,0.0,0.0,0.7473484305271403,0.00041481613945550555,0.08463332,0.0,0.08463332056999207
38148115,0.0,0.0,0.0,0.0,0.0,0.7473484305271403,0.005667505484129706,0.08499024,0.0,0.0849902406334877
38153,0.0,0.0,0.0,0.0,0.0,0.7835692923971794,0.0048435765918810715,0.089036286,0.0,0.08903628587722778
38169367,0.0,0.0,0.0,0.0,0.0,0.6171202869534268,0.0004433799975302325,0.069886856,0.0,0.06988685578107834
38176734,0.0,0.0,0.0,0.0,0.0,0.9330432028908702,0.0006297045409480788,0.10567795,0.0,0.10567794740200043
38187809,0.0,0.0,0.0,0.0,0.0,0.9330432028908702,0.009870588584355921,0.10630587,0.0,0.10630586743354797
38189795,0.0,0.0,0.0,0.0,0.0,0.0,0.009147855388036908,0.00058914506,0.0,0.000589145056437701
38214789,0.0,0.0,0.0,0.0,0.0,0.9574210931565966,0.005707455788151077,0.10878379,0.0,0.1087837889790535
38240881,0.0,0.0,0.0,0.0,0.0,0.9574210931565966,0.0005605607189732226,0.10843406,0.0,0.10843405872583389
38262306,0.0,0.0,0.0,0.0,0.0,0.9204559262177173,0.012231964456477918,0.10504081,0.0,0.10504081100225449
38273189,0.0,0.0,0.0,0.0,0.0,0.38431661042061077,0.011700374729117688,0.04428664,0.0,0.044286638498306274
38303576,0.0,0.0,0.0,0.0,0.0,0.9330432028908702,0.011334649411387563,0.106405355,0.0,0.1064053550362587
38305142,0.0,0.0,0.0,0.0,0.0,0.9592404724668697,0.0018532621628027867,0.10872794,0.0,0.10872793942689896
38321339,0.0,0.0,0.0,0.0,0.0,0.813093860476119,0.0004619503852040569,0.092082225,0.0,0.09208222478628159
38323395,0.0,0.0,0.0,0.0,0.0,0.813093860476119,0.016529745034895148,0.09317403,0.0,0.0931740328669548
38359577,0.0,0.0,0.0,0.0,0.0,0.6171202869534268,0.004190780519629964,0.070141494,0.0,0.0701414942741394
38361368,0.3333333333333333,0.25,0.0,0.33333333333333337,0.33333333333333337,0.8698941966083295,0.09340246363364442,0.40683156,0.25,0.4068315625190735
38370559,0.0,0.0,0.0,0.0,0.0,0.8698941966083295,0.013812159817029587,0.099422045,0.0,0.09942204505205154
38375324,0.0,0.0,0.0,0.0,0.0,0.8455428430323483,0.012092348576010067,0.09654738,0.0,0.09654738008975983
38388466,0.0,0.0,0.0,0.0,0.0,1.0,0.008820342513624374,0.113817394,0.0,0.11381739377975464
38420334,0.0,0.0,0.0,0.0,0.0,0.0,0.005552025132989411,0.0003448073,0.0,0.00034480731119401753
3842491,0.0,0.0,0.0,0.0,0.0,0.0,0.00570157012038903,0.00035496894,0.0,0.00035496894270181656
38473186,0.0,0.0,0.0,0.0,0.0,0.9204559262177173,0.0039631011969800956,0.10447894,0.0,0.10447894036769867
38493206,0.0,0.0,0.0,0.0,0.0,0.8698941966083295,0.0005754505316923716,0.0985226,0.0,0.0985226035118103
38499508,0.0,0.0,0.0,0.0,0.0,0.8455428430323483,0.0008230287303774082,0.095781624,0.0,0.09578162431716919
38512364,0.3333333333333333,0.25,0.0,0.33333333333333337,0.33333333333333337,0.0,0.08888535846632274,0.30800867,0.25,0.30800867080688477
38550644,0.0,0.0,0.0,0.0,0.0,0.9574210931565966,0.005868309525230318,0.10879472,0.0,0.10879471898078918
38555777,0.3333333333333333,0.25,0.0,0.33333333333333337,0.33333333333333337,0.8658894330109049,0.08397752098440782,0.4057376,0.25,0.40573760867118835
38559254,0.0,0.0,0.0,0.0,0.0,0.9330432028908702,0.0015131136881093759,0.10573798,0.0,0.10573797672986984
38590384,0.0,0.0,0.0,0.0,0.0,1.0,0.019678929192370992,0.11455524,0.0,0.1145552396774292
38593629,0.0,0.0,0.0,0.0,0.0,1.0,0.006067379983355398,0.11363033,0.0,0.11363033205270767
38596210,0.3333333333333333,0.25,0.0,0.33333333333333337,0.33333333333333337,0.9394859795766547,0.08380628050429942,0.4140608,0.25,0.4140608012676239
38609291,0.0,0.0,0.0,0.0,0.0,0.8455428430323483,0.0013339599753100762,0.095816344,0.0,0.09581634402275085
38622261,0.0,0.0,0.0,0.0,0.0,1.0,0.006698882157374041,0.11367324,0.0,0.11367323994636536
38631197,0.0,0.0,0.0,0.0,0.0,0.9330432028908702,0.004895616116626905,0.10596782,0.0,0.10596781969070435
38631491,0.0,0.0,0.0,0.0,0.0,0.9574210931565966,3.880223807418759e-05,0.1083986,0.0,0.10839860141277313
38637098,0.0,0.0,0.0,0.0,0.0,0.0,0.0023362977709058133,0.00012629767,0.0,0.00012629767297767103
38640812,0.0,0.0,0.0,0.0,0.0,0.0,0.020626551607741288,0.0013691259,0.0,0.001369125908240676
38677225,0.0,0.0,0.0,0.0,0.0,0.8455428430323483,0.01294819146614483,0.09660553,0.0,0.09660553187131882
38718043,0.3333333333333333,0.25,0.0,0.33333333333333337,0.33333333333333337,0.9330432028908702,0.084858654830034,0.41340268,0.25,0.4134026765823364
38813185,0.0,0.0,0.0,0.0,0.0,0.6171202869534268,0.001031846313654597,0.06992684,0.0,0.06992684304714203
38843284,0.0,0.0,0.0,0.0,0.0,0.9204559262177173,0.01588852035743471,0.10528927,0.0,0.1052892729640007
38868445,0.3333333333333333,0.25,0.0,0.33333333333333337,0.33333333333333337,0.9204559262177173,0.08478764190293525,0.41197234,0.25,0.4119723439216614
38886250,0.0,0.0,0.0,0.0,0.0,0.0,0.0017847148851672955,8.881745e-05,0.0,8.881744724931195e-05
38911062,0.0,0.0,0.0,0.0,0.0,0.9330432028908702,0.002220438336309896,0.10578604,0.0,0.1057860404253006
38929280,0.0,0.0,0.0,0.0,0.0,0.8658894330109049,0.0005561011474603165,0.098067746,0.0,0.0980677455663681
38935771,0.0,0.0,0.0,0.0,0.0,0.9394859795766547,0.008922699882429778,0.10697111,0.0,0.10697110742330551
3898371,0.0,0.0,0.0,0.0,0.0,0.9204559262177173,0.0009671727689939337,0.10427536,0.0,0.10427536070346832
38987613,0.0,0.0,0.0,0.0,0.0,0.5803133815727446,0.012871808769133361,0.06656297,0.0,0.06656297296285629
38988224,0.0,0.0,0.0,0.0,0.0,1.0,0.03883694254917002,0.115857035,0.0,0.11585703492164612
39001941,0.3333333333333333,0.5,0.0,0.0,0.0,0.9574210931565966,0.09148011064455536,0.4166134,0.5,0.4166133999824524
39041028,0.0,0.0,0.0,0.0,0.0,0.9574210931565966,0.00018432103456347972,0.10840849,0.0,0.10840848833322525
39068896,0.0,0.0,0.0,0.0,0.0,0.9592404724668697,0.03311976059738915,0.11085251,0.0,0.11085250973701477
39080527,0.3333333333333333,0.5,0.0,0.0,0.0,0.6549788182021288,0.09316419349544375,0.38247612,0.5,0.3824761211872101
39085764,0.0,0.0,0.0,0.0,0.0,0.6171202869534268,0.010889431243454257,0.07059667,0.0,0.07059667259454727
39132413,0.3333333333333333,0.25,0.0,0.33333333333333337,0.33333333333333337,0.6549788182021288,0.08728996754776105,0.38207695,0.25,0.3820769488811493
39161886,0.3333333333333333,0.25,0.0,0.33333333333333337,0.33333333333333337,0.0,0.08888535846632274,0.30800867,0.25,0.30800867080688477
39179439,0.0,0.0,0.0,0.0,0.0,0.0,0.005552025132989411,0.0003448073,0.0,0.00034480731119401753
39271180,0.0,0.0,0.0,0.0,0.0,0.9592404724668697,0.02643856978891925,0.11039852,0.0,0.11039852350950241
39282185,0.0,0.0,0.0,0.0,0.0,0.6549788182021288,0.0002926291440312867,0.074164115,0.0,0.07416411489248276
39296317,0.0,0.0,0.0,0.0,0.0,0.8455428430323483,0.0054793909599179305,0.09609803,0.0,0.09609802812337875
39296425,0.0,0.0,0.0,0.0,0.0,0.8698941966083295,0.004436518237812763,0.09878497,0.0,0.09878496825695038
39299693,0.0,0.0,0.0,0.0,0.0,0.8658894330109049,0.004556286022222586,0.098339565,0.0,0.09833956509828568
39314178,0.0,0.0,0.0,0.0,0.0,0.9204559262177173,0.005933593888858134,0.104612835,0.0,0.10461283475160599
39349202,0.0,0.0,0.0,0.0,0.0,0.677101910536761,0.00043531784004885676,0.07667926,0.0,0.07667925953865051
39354901,0.0,0.0,0.0,0.0,0.0,0.7473484305271403,0.0015505775811675462,0.08471049,0.0,0.084710493683815
3936591,0.0,0.0,0.0,0.0,0.0,0.6171202869534268,0.009768009935386783,0.07052047,0.0,0.07052046805620193
39367703,0.0,0.0,0.0,0.0,0.0,0.9204559262177173,0.00026234790180019253,0.10422747,0.0,0.1042274683713913
39405858,0.0,0.0,0.0,0.0,0.0,1.0,0.0017709681146395072,0.11333839,0.0,0.11333838850259781
39411131,0.0,0.0,0.0,0.0,0.0,0.7473484305271403,0.00013194724696521465,0.0846141,0.0,0.084614098072052
39469612,0.0,0.0,0.0,0.0,0.0,0.9204559262177173,0.07426639306143998,0.10925607,0.0,0.1092560663819313
39495217,0.0,0.0,0.0,0.0,0.0,0.0,0.007679718207652278,0.0004893847,0.0,0.0004893846926279366
39507031,0.0,0.0,0.0,0.0,0.0,0.9592404724668697,0.010665816455393828,0.10932676,0.0,0.10932675749063492
39513773,0.0,0.0,0.0,0.0,0.0,0.9330432028908702,0.0005791127036578608,0.10567451,0.0,0.10567451268434525
39589400,0.0,0.0,0.0,0.0,0.0,0.9592404724668697,0.016290234875299896,0.10970894,0.0,0.10970894247293472
39674234,0.0,0.0,0.0,0.0,0.0,0.9592404724668697,0.005165012660480718,0.10895298,0.0,0.10895297676324844
3969131,0.3333333333333333,0.25,0.0,0.33333333333333337,0.33333333333333337,0.43959775100198173,0.09162023443745085,0.35797918,0.25,0.3579791784286499
39729028,0.0,0.0,0.0,0.0,0.0,0.8698941966083295,0.001503767688772753,0.09858568,0.0,0.09858568012714386
39795064,0.0,0.0,0.0,0.0,0.0,0.9592404724668697,0.014698632279939146,0.10960079,0.0,0.10960078984498978
39817459,0.3333333333333333,0.25,0.0,0.33333333333333337,0.33333333333333337,0.9574210931565966,0.08370050428034422,0.4160848,0.25,0.41608479619026184
39856692,0.0,0.0,0.0,0.0,0.0,0.7398616303702709,0.002236882163638456,0.08390924,0.0,0.08390924334526062
39859453,0.0,0.0,0.0,0.0,0.0,0.9574210931565966,9.674482507170598e-05,0.10840254,0.0,0.1084025427699089
39889494,0.0,0.0,0.0,0.0,0.0,0.6171202869534268,0.006539666026131932,0.0703011,0.0,0.0703011006116867
40049363,0.0,0.0,0.0,0.0,0.0,0.6171202869534268,0.020888914416483304,0.071276136,0.0,0.07127613574266434
40069433,0.0,0.0,0.0,0.0,0.0,0.43959775100198173,0.00217722722693281,0.049900156,0.0,0.049900155514478683
40082688,0.0,0.0,0.0,0.0,0.0,0.9574210931565966,0.007651985862592743,0.108915925,0.0,0.10891592502593994
40088934,0.0,0.0,0.0,0.0,0.0,0.9592404724668697,0.006202566622937235,0.10902348,0.0,0.10902348160743713
40103016,0.0,0.0,0.0,0.0,0.0,0.8698941966083295,0.008572573858157165,0.09906601,0.0,0.09906601160764694
40116577,0.3333333333333333,0.25,0.0,0.33333333333333337,0.33333333333333337,0.6171202869534268,0.08792517853970153,0.37783262,0.25,0.3778326213359833
40143,0.3333333333333333,0.25,0.0,0.33333333333333337,0.33333333333333337,0.9204559262177173,0.0927999964045799,0.41251677,0.25,0.4125167727470398
40145501,0.0,0.0,0.0,0.0,0.0,0.45211423566191483,0.0014119221954697844,0.05126565,0.0,0.051265649497509
40160755,0.0,0.0,0.0,0.0,0.0,0.9574210931565966,0.011957569498706971,0.10920849,0.0,0.10920848697423935
40170117,0.0,0.0,0.0,0.0,0.0,0.9204559262177173,0.00016783258378480197,0.104221046,0.0,0.10422104597091675
40225273,0.0,0.0,0.0,0.0,0.0,0.9204559262177173,0.004169926472504841,0.10449299,0.0,0.10449299216270447
40293394,0.0,0.0,0.0,0.0,0.0,0.8658894330109049,0.012179475096274494,0.09885756,0.0,0.09885755926370621
40306549,0.0,0.0,0.0,0.0,0.0,0.9394859795766547,0.004629415740025874,0.10667938,0.0,0.10667937994003296
40313412,0.0,0.0,0.0,0.0,0.0,0.6171202869534268,0.0021457352715905085,0.07000253,0.0,0.07000253349542618
40415571,0.0,0.0,0.0,0.0,0.0,0.38431661042061077,0.005637925651252286,0.043874696,0.0,0.043874695897102356
40426026,0.0,0.0,0.0,0.0,0.0,0.8658894330109049,0.0005561011474603165,0.098067746,0.0,0.0980677455663681
40449158,0.0,0.0,0.0,0.0,0.0,0.7473484305271403,0.0010163989277788149,0.084674194,0.0,0.08467419445514679
40512761,0.0,0.0,0.0,0.0,0.0,0.7473484305271403,0.006543273040553006,0.08504975,0.0,0.08504974842071533
40581589,0.0,0.0,0.0,0.0,0.0,0.7398616303702709,0.00047435778362508785,0.08378948,0.0,0.08378948271274567
40581809,0.0,0.0,0.0,0.0,0.0,1.0,0.000630633125813224,0.1132609,0.0,0.1132609024643898
40647820,0.0,0.0,0.0,0.0,0.0,0.6549788182021288,0.00037870526925196487,0.07416996,0.0,0.07416996359825134
40706058,0.0,0.0,0.0,0.0,0.0,0.9574210931565966,0.0077923029718860864,0.108925454,0.0,0.10892545431852341
40716707,0.0,0.0,0.0,0.0,0.0,0.8698941966083295,0.005918995021045436,0.0988857,0.0,0.09888570010662079
40732805,0.0,0.0,0.0,0.0,0.0,0.7473484305271403,0.004059055502764065,0.08488095,0.0,0.08488094806671143
40870809,0.0,0.0,0.0,0.0,0.0,0.7473484305271403,0.004815390673743535,0.08493234,0.0,0.084932342171669
40897994,0.6666666666666666,0.5,0.0,0.6666666666666667,0.6666666666666667,0.0,0.17037240638123483,0.6155471,0.5,0.6155471205711365
40959839,0.0,0.0,0.0,0.0,0.0,0.9592404724668697,0.0008661839479805859,0.10866087,0.0,0.10866086930036545
40965202,0.0,0.0,0.0,0.0,0.0,0.0,0.0023080715784093027,0.00012437969,0.0,0.0001243796868948266
40977575,0.0,0.0,0.0,0.0,0.0,0.43959775100198173,0.009804252601185372,0.050418414,0.0,0.050418414175510406
41006832,0.0,0.0,0.0,0.0,0.0,0.9204559262177173,0.004722632875566487,0.10453055,0.0,0.10453055053949356
41016284,0.0,0.0,0.0,0.0,0.0,0.9592404724668697,0.0011205896392220652,0.108678155,0.0,0.10867815464735031
41033580,0.0,0.0,0.0,0.0,0.0,0.9204559262177173,0.004209103033919016,0.10449565,0.0,0.10449565201997757
41068549,0.0,0.0,0.0,0.0,0.0,0.6549788182021288,0.004839918328436634,0.0744731,0.0,0.07447309792041779
41133911,0.0,0.0,0.0,0.0,0.0,0.9330432028908702,0.03883375500332036,0.10827392,0.0,0.10827392339706421
41160904,0.6666666666666666,0.5,0.0,0.6666666666666667,0.6666666666666667,0.0,0.1856118360706968,0.61658263,0.5,0.6165826320648193
41187329,0.3333333333333333,0.25,0.0,0.33333333333333337,0.33333333333333337,0.6549788182021288,0.08574882722409924,0.38197222,0.25,0.38197222352027893
41190466,0.0,0.0,0.0,0.0,0.0,0.9204559262177173,0.0007348522826950129,0.10425958,0.0,0.10425958037376404
41197349,0.0,0.0,0.0,0.0,0.0,0.9204559262177173,0.000552448966284666,0.10424718,0.0,0.10424718260765076
41205821,0.0,0.0,0.0,0.0,0.0,0.8455428430323483,0.003976509618004256,0.0959959,0.0,0.09599590301513672
41244720,0.3333333333333333,0.25,0.0,0.33333333333333337,0.33333333333333337,1.0,0.09216972640804282,0.42148235,0.25,0.4214823544025421
41246418,0.0,0.0,0.0,0.0,0.0,0.677101910536761,0.014254667842220547,0.077618286,0.0,0.07761828601360321
41256421,0.0,0.0,0.0,0.0,0.0,1.0,0.024813852533726744,0.11490416,0.0,0.11490415781736374
41275334,0.0,0.0,0.0,0.0,0.0,0.9592404724668697,0.0004167452941957423,0.10863033,0.0,0.10863032937049866
41292330,0.0,0.0,0.0,0.0,0.0,0.9592404724668697,0.0010447586511193932,0.10867301,0.0,0.10867300629615784
41373006,0.0,0.0,0.0,0.0,0.0,0.8698941966083295,0.009707679715868958,0.09914314,0.0,0.0991431400179863
41378883,0.0,0.0,0.0,0.0,0.0,0.38431661042061077,0.005312168391892357,0.04385256,0.0,0.043852560222148895
41384567,0.0,0.0,0.0,0.0,0.0,0.9574210931565966,0.00020052869813730627,0.10840959,0.0,0.1084095910191536
41387852,0.0,0.0,0.0,0.0,0.0,0.9574210931565966,0.0011389594014754563,0.10847336,0.0,0.10847336053848267
41401451,0.0,0.0,0.0,0.0,0.0,0.9592404724668697,0.0007285390098885885,0.10865152,0.0,0.10865151882171631
41420112,0.0,0.0,0.0,0.0,0.0,0.9204559262177173,0.008352494162392476,0.104777195,0.0,0.10477719455957413
41479866,0.0,0.0,0.0,0.0,0.0,0.0,0.0014797206732368358,6.8092995e-05,0.0,6.809299520682544e-05
41569270,0.0,0.0,0.0,0.0,0.0,0.8698941966083295,0.0049845142103457744,0.0988222,0.0,0.0988221988081932
41589335,0.0,0.0,0.0,0.0,0.0,0.8698941966083295,0.004295279175754198,0.098775364,0.0,0.09877536445856094
41615133,0.3333333333333333,0.25,0.0,0.33333333333333337,0.33333333333333337,0.9330432028908702,0.09279297647526562,0.4139418,0.25,0.41394180059432983
41647907,0.0,0.0,0.0,0.0,0.0,0.9330432028908702,0.0005934869774548785,0.10567549,0.0,0.10567548871040344
41664064,0.0,0.0,0.0,0.0,0.0,0.8658894330109049,0.009760755345586701,0.09869321,0.0,0.09869320690631866
41671586,0.0,0.0,0.0,0.0,0.0,0.9592404724668697,0.006397205457649701,0.10903671,0.0,0.10903670638799667
41673488,0.0,0.0,0.0,0.0,0.0,0.0,0.0017847148851672955,8.881745e-05,0.0,8.881744724931195e-05
41678622,0.0,0.0,0.0,0.0,0.0,0.8698941966083295,0.0004845803044251982,0.09851643,0.0,0.09851642698049545
41688436,0.0,0.0,0.0,0.0,0.0,0.0,0.01315556634212416,0.00086147024,0.0,0.0008614702383056283
41731244,0.0,0.0,0.0,0.0,0.0,1.0,0.004813342338850464,0.11354512,0.0,0.11354511976242065
41764460,0.3333333333333333,0.25,0.0,0.33333333333333337,0.33333333333333337,0.6171202869534268,0.084160583555876,0.3775768,0.25,0.3775767982006073
41773112,0.0,0.0,0.0,0.0,0.0,0.8698941966083295,0.01605812512902333,0.099574655,0.0,0.09957465529441833
41796356,0.3333333333333333,0.5,0.0,0.0,0.0,0.9330432028908702,0.09628897659185004,0.41417935,0.5,0.41417935490608215
41805105,0.0,0.0,0.0,0.0,0.0,0.9330432028908702,0.0006293510747942626,0.105677925,0.0,0.10567792505025864
41814828,0.0,0.0,0.0,0.0,0.0,0.9204559262177173,0.012439717114192998,0.10505492,0.0,0.10505492240190506
41905556,0.0,0.0,0.0,0.0,0.0,0.0,0.0020860756714254336,0.000109295004,0.0,0.00010929500422207639
41947542,0.0,0.0,0.0,0.0,0.0,0.9394859795766547,0.008251741143696511,0.10692552,0.0,0.10692551732063293
41974544,0.0,0.0,0.0,0.0,0.0,0.8658894330109049,0.0005561011474603165,0.098067746,0.0,0.0980677455663681
42007859,0.0,0.0,0.0,0.0,0.0,0.9204559262177173,0.005794611982497596,0.10460339,0.0,0.10460338741540909
42009772,0.0,0.0,0.0,0.0,0.0,0.7835692923971794,0.00980174078628808,0.08937319,0.0,0.08937319368124008
42024018,0.3333333333333333,0.5,0.0,0.0,0.0,0.0,0.08498987305163173,0.30774397,0.5,0.30774396657943726
42048967,0.0,0.0,0.0,0.0,0.0,0.9592404724668697,0.0007708190530967414,0.10865439,0.0,0.10865438729524612
42079072,0.3333333333333333,0.25,0.0,0.33333333333333337,0.33333333333333337,0.9204559262177173,0.09153624993171937,0.4124309,0.25,0.41243091225624084
42128261,0.0,0.0,0.0,0.0,0.0,0.9204559262177173,0.026253096496020954,0.10599355,0.0,0.10599354654550552
42135344,0.0,0.0,0.0,0.0,0.0,0.9394859795766547,0.004160527058675969,0.106647514,0.0,0.10664751380681992
42140578,0.0,0.0,0.0,0.0,0.0,0.6171202869534268,0.0006273763490478428,0.06989936,0.0,0.06989935785531998
42149443,0.0,0.0,0.0,0.0,0.0,0.9574210931565966,0.023774418558894696,0.11001144,0.0,0.11001144349575043
42158886,0.0,0.0,0.0,0.0,0.0,1.0,0.0005481305610946322,0.11325529,0.0,0.11325529217720032
42166787,0.0,0.0,0.0,0.0,0.0,0.43959775100198173,0.01251059826624407,0.050602313,0.0,0.05060231313109398
42254940,0.0,0.0,0.0,0.0,0.0,0.0,0.005552025132989411,0.0003448073,0.0,0.00034480731119401753
42296794,0.0,0.0,0.0,0.0,0.0,0.9592404724668697,0.0012001441890460128,0.108683564,0.0,0.10868356376886368
42312515,0.0,0.0,0.0,0.0,0.0,0.9574210931565966,0.00020183424215528456,0.10840968,0.0,0.10840968042612076
42346517,0.3333333333333333,0.25,0.0,0.33333333333333337,0.33333333333333337,0.677101910536761,0.0837686511733822,0.38434312,0.25,0.38434311747550964
42351915,0.0,0.0,0.0,0.0,0.0,0.8658894330109049,0.0019628479640893056,0.09816334,0.0,0.09816333651542664
42390043,0.0,0.0,0.0,0.0,0.0,0.7473484305271403,0.0010658391634524222,0.084677555,0.0,0.084677554666996
42399726,0.0,0.0,0.0,0.0,0.0,0.9330432028908702,0.0019377958602960303,0.10576683,0.0,0.10576683282852173
42402725,0.0,0.0,0.0,0.0,0.0,0.0,0.005552025132989411,0.0003448073,0.0,0.00034480731119401753
42408628,0.0,0.0,0.0,0.0,0.0,0.38431661042061077,0.00547521330728112,0.04386364,0.0,0.04386363923549652
42425091,0.0,0.0,0.0,0.0,0.0,1.0,0.0006558965226106315,0.113262616,0.0,0.1132626160979271
42455190,0.0,0.0,0.0,0.0,0.0,0.9592404724668697,0.005716362006954621,0.10899044,0.0,0.10899043828248978
42498587,0.0,0.0,0.0,0.0,0.0,0.6549788182021288,0.004791340002537128,0.0744698,0.0,0.07446979731321335
42518276,0.0,0.0,0.0,0.0,0.0,0.6171202869534268,0.008128176614476526,0.070409045,0.0,0.07040904462337494
42578978,0.3333333333333333,0.25,0.0,0.33333333333333337,0.33333333333333337,0.9204559262177173,0.08506002719684405,0.41199085,0.25,0.41199085116386414
42593464,0.0,0.0,0.0,0.0,0.0,0.9204559262177173,0.00023685948795236893,0.10422574,0.0,0.10422573983669281
42643520,0.0,0.0,0.0,0.0,0.0,0.9592404724668697,0.0004167452941957423,0.10863033,0.0,0.10863032937049866
42799002,0.0,0.0,0.0,0.0,0.0,0.8698941966083295,0.0009066975501043076,0.09854511,0.0,0.09854511171579361
42810808,0.0,0.0,0.0,0.0,0.0,0.9204559262177173,0.02013951243005259,0.10557813,0.0,0.10557813197374344
4285941,0.0,0.0,0.0,0.0,0.0,0.9204559262177173,0.00033453027726688234,0.10423238,0.0,0.10423237830400467
42884666,0.0,0.0,0.0,0.0,0.0,0.0,0.003705739714568165,0.00021935167,0.0,0.00021935167023912072
43024584,0.3333333333333333,0.25,0.0,0.33333333333333337,0.33333333333333337,0.9574210931565966,0.08374273883323,0.41608766,0.25,0.41608765721321106
43028906,0.0,0.0,0.0,0.0,0.0,0.8698941966083295,0.0012857975865633775,0.098570876,0.0,0.09857087582349777
43057643,0.3333333333333333,0.25,0.0,0.33333333333333337,0.33333333333333337,1.0,0.08925929907818886,0.4212846,0.25,0.42128458619117737
43076611,0.0,0.0,0.0,0.0,0.0,0.0,0.003705739714568165,0.00021935167,0.0,0.00021935167023912072
43112269,0.0,0.0,0.0,0.0,0.0,0.8698941966083295,0.0416315235700653,0.10131238,0.0,0.10131237655878067
43192347,0.3333333333333333,0.25,0.0,0.33333333333333337,0.33333333333333337,0.9592404724668697,0.08406187234322192,0.41631538,0.25,0.41631537675857544
43199935,0.0,0.0,0.0,0.0,0.0,0.9574210931565966,0.07707939721053568,0.113633536,0.0,0.11363353580236435
43286759,0.0,0.0,0.0,0.0,0.0,0.38431661042061077,0.04989261473260938,0.046881814,0.0,0.04688181355595589
43311708,0.0,0.0,0.0,0.0,0.0,0.9394859795766547,0.037135229474053504,0.10888816,0.0,0.1088881567120552
43324009,0.0,0.0,0.0,0.0,0.0,0.9574210931565966,0.000863933987970004,0.108454674,0.0,0.10845467448234558
43341949,0.0,0.0,0.0,0.0,0.0,0.9204559262177173,0.018711601081460538,0.1054811,0.0,0.1054811030626297
43378656,0.0,0.0,0.0,0.0,0.0,0.6171202869534268,0.025596121262902345,0.071596,0.0,0.07159599661827087
43416392,0.0,0.0,0.0,0.0,0.0,0.6549788182021288,0.001590940064234798,0.07425233,0.0,0.07425232976675034
43439738,0.0,0.0,0.0,0.0,0.0,0.9574210931565966,4.5424639373271e-05,0.108399056,0.0,0.10839905589818954
43452681,0.3333333333333333,0.25,0.0,0.33333333333333337,0.33333333333333337,0.0,0.08888535846632274,0.30800867,0.25,0.30800867080688477
43462817,0.3333333333333333,0.25,0.0,0.33333333333333337,0.33333333333333337,0.9592404724668697,0.10145961181794588,0.41749758,0.25,0.41749757528305054
43464255,0.0,0.0,0.0,0.0,0.0,0.0,0.0020860756714254336,0.000109295004,0.0,0.00010929500422207639
43481813,0.0,0.0,0.0,0.0,0.0,1.0,0.0013435723581266248,0.113309346,0.0,0.113309346139431
43484036,0.0,0.0,0.0,0.0,0.0,0.8658894330109049,0.008509081286212689,0.09860816,0.0,0.09860815852880478
43512440,0.0,0.0,0.0,0.0,0.0,0.9574210931565966,0.01512966128489349,0.10942403,0.0,0.10942403227090836
43515339,0.0,0.0,0.0,0.0,0.0,0.9394859795766547,0.008969953682199813,0.10697432,0.0,0.10697431862354279
43535614,0.0,0.0,0.0,0.0,0.0,0.8455428430323483,0.004757904754809943,0.096049,0.0,0.096049003303051
43549785,0.0,0.0,0.0,0.0,0.0,1.0,0.011158914073887343,0.1139763,0.0,0.11397629976272583
43635008,0.0,0.0,0.0,0.0,0.0,0.9574210931565966,0.0004264546550576128,0.10842495,0.0,0.10842494666576385
43659020,0.0,0.0,0.0,0.0,0.0,1.0,0.06700555213267374,0.1177711,0.0,0.11777109652757645
43666495,0.0,0.0,0.0,0.0,0.0,0.1951969189580255,0.004120392663913921,0.022353677,0.0,0.022353677079081535
43687630,0.0,0.0,0.0,0.0,0.0,0.5803133815727446,0.02451367702272218,0.06735404,0.0,0.06735403835773468
43699273,0.0,0.0,0.0,0.0,0.0,0.8455428430323483,0.028487660344819008,0.09766144,0.0,0.09766144305467606
43755227,0.0,0.0,0.0,0.0,0.0,0.9330432028908702,0.015037323903903606,0.106656946,0.0,0.10665694624185562
4418531,0.0,0.0,0.0,0.0,0.0,0.9592404724668697,0.01048538121145338,0.1093145,0.0,0.10931450128555298
4508121,0.0,0.0,0.0,0.0,0.0,0.8658894330109049,0.0007117508382763976,0.098078325,0.0,0.09807832539081573
4545311,0.0,0.0,0.0,0.0,0.0,0.6171202869534268,0.00440916921877927,0.070156336,0.0,0.07015633583068848
4750991,0.3333333333333333,0.25,0.0,0.33333333333333337,0.33333333333333337,0.9204559262177173,0.09201036568479513,0.41246313,0.25,0.41246312856674194
5054721,0.3333333333333333,0.5,0.0,0.0,0.0,0.7473484305271403,0.1868376971472054,0.39930215,0.5,0.3993021547794342
5074411,0.0,0.0,0.0,0.0,0.0,0.0,0.0013386265269892074,5.8505608e-05,0.0,5.850560773978941e-05
5074681,0.0,0.0,0.0,0.0,0.0,0.6171202869534268,0.05000638935117824,0.07325468,0.0,0.07325468212366104
51063,0.0,0.0,0.0,0.0,0.0,0.9204559262177173,0.023514773014563825,0.105807476,0.0,0.10580747574567795
5302652,0.0,0.0,0.0,0.0,0.0,0.9204559262177173,0.005933593888858134,0.104612835,0.0,0.10461283475160599
5309742,0.0,0.0,0.0,0.0,0.0,0.677101910536761,0.0316373948454491,0.07879945,0.0,0.07879944890737534
5378272,0.0,0.0,0.0,0.0,0.0,0.9574210931565966,0.0673894207952323,0.1129751,0.0,0.1129750981926918
5385262,0.0,0.0,0.0,0.0,0.0,0.1951969189580255,0.015008312527691045,0.023093514,0.0,0.023093514144420624
5397192,0.0,0.0,0.0,0.0,0.0,0.9330432028908702,0.022791771821829676,0.107183866,0.0,0.10718386620283127
5422582,0.0,0.0,0.0,0.0,0.0,0.8455428430323483,0.00025243891586875693,0.09574285,0.0,0.0957428514957428
5435942,0.0,0.0,0.0,0.0,0.0,0.9574210931565966,0.052021526818336765,0.11193085,0.0,0.11193084716796875
5453812,0.0,0.0,0.0,0.0,0.0,0.7398616303702709,0.0007612468338878736,0.08380897,0.0,0.08380897343158722
5500442,0.3333333333333333,0.25,0.0,0.33333333333333337,0.33333333333333337,0.6171202869534268,0.09342319934592128,0.37820622,0.25,0.3782062232494354
5506262,0.0,0.0,0.0,0.0,0.0,0.8455428430323483,0.0010668590580187847,0.095798194,0.0,0.09579819440841675
5519212,0.0,0.0,0.0,0.0,0.0,0.8658894330109049,0.013895891921144628,0.09897419,0.0,0.09897419065237045
5522622,0.0,0.0,0.0,0.0,0.0,0.0,0.018027664544230954,0.0011925307,0.0,0.0011925307335332036
55413,0.0,0.0,0.0,0.0,0.0,0.5803133815727446,0.001225782536509455,0.065771624,0.0,0.06577162444591522
55843,0.0,0.0,0.0,0.0,0.0,0.9204559262177173,0.009073903718737515,0.10482622,0.0,0.10482621937990189
5597882,0.0,0.0,0.0,0.0,0.0,0.43959775100198173,0.0052872620550852446,0.050111484,0.0,0.05011148378252983
5628242,0.0,0.0,0.0,0.0,0.0,0.9204559262177173,0.017445842927794147,0.10539509,0.0,0.10539509356021881
5628622,0.0,0.0,0.0,0.0,0.0,0.38431661042061077,0.00022229800633925692,0.0435067,0.0,0.04350670054554939
5640632,0.0,0.0,0.0,0.0,0.0,0.7398616303702709,0.009564332122733924,0.08440715,0.0,0.08440715074539185
5644032,0.0,0.0,0.0,0.0,0.0,0.9574210931565966,0.0006083200802692717,0.1084373,0.0,0.10843729972839355
5654732,0.0,0.0,0.0,0.0,0.0,0.813093860476119,0.004492463858880121,0.0923561,0.0,0.09235610067844391
5661792,0.0,0.0,0.0,0.0,0.0,0.9204559262177173,0.028557624509849215,0.10615014,0.0,0.10615014284849167
56733,0.0,0.0,0.0,0.0,0.0,0.0,0.003705739714568165,0.00021935167,0.0,0.00021935167023912072
5676272,0.0,0.0,0.0,0.0,0.0,0.9204559262177173,0.000269591209173127,0.10422796,0.0,0.1042279601097107
5699042,0.0,0.0,0.0,0.0,0.0,0.7398616303702709,0.008279842300223763,0.08431987,0.0,0.08431986719369888
5711062,0.0,0.0,0.0,0.0,0.0,0.9330432028908702,0.010341404070018486,0.10633786,0.0,0.10633786022663116
5730272,0.0,0.0,0.0,0.0,0.0,0.6549788182021288,0.018824364072555198,0.075423345,0.0,0.07542334496974945
5745462,0.0,0.0,0.0,0.0,0.0,0.9204559262177173,0.04473703466540722,0.107249536,0.0,0.10724953562021255
575263,0.0,0.0,0.0,0.0,0.0,0.0,0.018027664544230954,0.0011925307,0.0,0.0011925307335332036
5754882,0.0,0.0,0.0,0.0,0.0,0.0,0.0017645658396746964,8.744831e-05,0.0,8.744830847717822e-05
5762142,0.0,0.0,0.0,0.0,0.0,0.9330432028908702,0.022342038622530168,0.107153304,0.0,0.10715330392122269
5771302,0.0,0.0,0.0,0.0,0.0,0.5803133815727446,0.01237106373541683,0.066528946,0.0,0.06652894616127014
5778852,0.3333333333333333,0.25,0.0,0.33333333333333337,0.33333333333333337,0.7473484305271403,0.10777102413490669,0.39392954,0.25,0.39392954111099243
5807222,0.3333333333333333,0.25,0.0,0.33333333333333337,0.33333333333333337,0.9204559262177173,0.0836678636106002,0.41189626,0.25,0.4118962585926056
5807732,0.3333333333333333,0.5,0.0,0.0,0.0,0.9204559262177173,0.0853872289825159,0.41201308,0.5,0.41201308369636536
5821822,0.0,0.0,0.0,0.0,0.0,0.0,0.006211643018087421,0.00038962855,0.0,0.00038962854887358844
5850832,0.0,0.0,0.0,0.0,0.0,0.8455428430323483,0.0008877844452437436,0.09578603,0.0,0.09578602761030197
5872192,0.0,0.0,0.0,0.0,0.0,0.7473484305271403,0.012541811288244714,0.085457355,0.0,0.08545735478401184
5875672,0.0,0.0,0.0,0.0,0.0,0.9574210931565966,0.005587531868517642,0.10877564,0.0,0.10877563804388046
591313,0.0,0.0,0.0,0.0,0.0,0.0,0.005552025132989411,0.0003448073,0.0,0.00034480731119401753
59312688,0.0,0.0,0.0,0.0,0.0,0.9574210931565966,0.004224775294076734,0.10868304,0.0,0.1086830422282219
5934642,0.0,0.0,0.0,0.0,0.0,0.9204559262177173,0.000314674695398927,0.10423102,0.0,0.10423102229833603
594103,0.3333333333333333,0.25,0.0,0.33333333333333337,0.33333333333333337,0.9204559262177173,0.09762680457665564,0.41284475,0.25,0.4128447473049164
5988422,0.0,0.0,0.0,0.0,0.0,0.0,0.005552025132989411,0.0003448073,0.0,0.00034480731119401753
6080842,0.0,0.0,0.0,0.0,0.0,0.0,0.005552025132989411,0.0003448073,0.0,0.00034480731119401753
6093352,0.0,0.0,0.0,0.0,0.0,0.5803133815727446,0.004644389493456651,0.06600392,0.0,0.06600391864776611
6107302,0.3333333333333333,0.5,0.0,0.0,0.0,0.9204559262177173,0.1346995519942857,0.41536388,0.5,0.4153638780117035
6108002,0.0,0.0,0.0,0.0,0.0,0.0,0.012678074145810606,0.00082902453,0.0,0.0008290245314128697
6114252,0.0,0.0,0.0,0.0,0.0,0.5803133815727446,0.022576728614175784,0.067222424,0.0,0.06722242385149002
6120962,0.0,0.0,0.0,0.0,0.0,0.813093860476119,0.02061594540701866,0.09345169,0.0,0.09345169365406036
6124592,0.3333333333333333,0.5,0.0,0.0,0.0,0.0,0.08897896434003495,0.30801505,0.5,0.30801504850387573
619863,0.0,0.0,0.0,0.0,0.0,0.9204559262177173,0.00028267535126329555,0.104228854,0.0,0.10422885417938232
6199172,0.0,0.0,0.0,0.0,0.0,0.38431661042061077,0.011445037811533783,0.04426929,0.0,0.04426928982138634
620863,0.0,0.0,0.0,0.0,0.0,0.9204559262177173,0.04013361216251029,0.10693674,0.0,0.1069367378950119
622663,0.0,0.0,0.0,0.0,0.0,0.9204559262177173,0.004383493455926069,0.104507506,0.0,0.10450750589370728
6300502,0.0,0.0,0.0,0.0,0.0,0.8455428430323483,0.04330799942512932,0.09866849,0.0,0.09866849333047867
6321112,0.0,0.0,0.0,0.0,0.0,0.8658894330109049,0.0005561011474603165,0.098067746,0.0,0.0980677455663681
6322352,0.0,0.0,0.0,0.0,0.0,0.6171202869534268,0.01699339287132602,0.07101144,0.0,0.07101143896579742
6331202,0.3333333333333333,0.25,0.0,0.33333333333333337,0.33333333333333337,0.7473484305271403,0.08370366307730304,0.39229417,0.25,0.39229416847229004
6331792,0.0,0.0,0.0,0.0,0.0,0.8658894330109049,0.021972516221705162,0.099523,0.0,0.09952300041913986
637073,0.0,0.0,0.0,0.0,0.0,0.8698941966083295,0.004972944885716464,0.09882142,0.0,0.09882141649723053
638663,0.0,0.0,0.0,0.0,0.0,0.9394859795766547,0.004751916656291213,0.1066877,0.0,0.10668770223855972
6413942,0.0,0.0,0.0,0.0,0.0,0.8658894330109049,0.0007337258265411713,0.098079816,0.0,0.09807981550693512
6426102,0.0,0.0,0.0,0.0,0.0,0.9204559262177173,0.015887586203643677,0.10528921,0.0,0.10528921335935593
6480302,0.0,0.0,0.0,0.0,0.0,0.9204559262177173,0.02360325742384427,0.10581349,0.0,0.10581348836421967
651083,0.3333333333333333,0.25,0.0,0.33333333333333337,0.33333333333333337,0.7835692923971794,0.09139266020543674,0.39691865,0.25,0.3969186544418335
6514442,0.0,0.0,0.0,0.0,0.0,0.6171202869534268,0.004275134943400487,0.070147224,0.0,0.07014722377061844
651723,0.0,0.0,0.0,0.0,0.0,0.9592404724668697,0.03318170225861825,0.11085672,0.0,0.11085671931505203
6523992,0.0,0.0,0.0,0.0,0.0,0.0,0.006582135177697177,0.0004148036,0.0,0.00041480359504930675
6532082,0.0,0.0,0.0,0.0,0.0,0.9330432028908702,0.012813024854935639,0.10650581,0.0,0.10650581121444702
6556212,0.0,0.0,0.0,0.0,0.0,0.38431661042061077,0.004909564496782616,0.0438252,0.0,0.04382520169019699
659823,0.0,0.0,0.0,0.0,0.0,0.8658894330109049,0.0009708131213124068,0.09809593,0.0,0.09809593111276627
6601682,0.3333333333333333,0.5,0.0,0.0,0.0,0.9394859795766547,0.10443274868551644,0.41546237,0.5,0.4154623746871948
6603512,0.0,0.0,0.0,0.0,0.0,0.45211423566191483,0.005008282654625357,0.051510025,0.0,0.051510024815797806
6623432,0.0,0.0,0.0,0.0,0.0,0.8658894330109049,0.009240319782914407,0.09865785,0.0,0.09865784645080566
662683,0.0,0.0,0.0,0.0,0.0,0.9204559262177173,0.004375911783654349,0.104506984,0.0,0.10450698435306549
6629262,0.0,0.0,0.0,0.0,0.0,0.8698941966083295,0.0007091489757621377,0.098531686,0.0,0.09853168576955795
6647162,0.0,0.0,0.0,0.0,0.0,0.6171202869534268,0.0053871975447468854,0.07022279,0.0,0.07022278755903244
6675742,0.0,0.0,0.0,0.0,0.0,0.9394859795766547,0.00025974104236406876,0.10638246,0.0,0.10638245940208435
6686172,0.3333333333333333,0.25,0.0,0.33333333333333337,0.33333333333333337,0.8455428430323483,0.12174202557309055,0.40599945,0.25,0.40599945187568665
6703062,0.0,0.0,0.0,0.0,0.0,0.8658894330109049,0.004984417160688293,0.09836865,0.0,0.09836865216493607
6729252,0.3333333333333333,0.25,0.0,0.33333333333333337,0.33333333333333337,0.9204559262177173,0.08466671385430319,0.41196412,0.25,0.4119641184806824
6737102,0.0,0.0,0.0,0.0,0.0,0.9204559262177173,0.0013025287299775529,0.10429815,0.0,0.10429815202951431
6738162,0.0,0.0,0.0,0.0,0.0,0.7835692923971794,0.0011267866600422232,0.088783726,0.0,0.08878372609615326
6750102,0.0,0.0,0.0,0.0,0.0,0.9574210931565966,0.003993360173284357,0.108667314,0.0,0.10866731405258179
6760152,0.0,0.0,0.0,0.0,0.0,0.9574210931565966,0.007897088620148407,0.10893258,0.0,0.10893257707357407
6774272,0.0,0.0,0.0,0.0,0.0,0.8455428430323483,0.01846589642537153,0.09698046,0.0,0.09698045998811722
67763,0.0,0.0,0.0,0.0,0.0,0.7835692923971794,0.013518541903716454,0.08962575,0.0,0.0896257534623146
6806042,0.0,0.0,0.0,0.0,0.0,0.0,0.0017645658396746964,8.744831e-05,0.0,8.744830847717822e-05
6811802,0.3333333333333333,0.5,0.0,0.0,0.0,0.7473484305271403,0.11631818469931623,0.39451033,0.5,0.39451032876968384
6818222,0.0,0.0,0.0,0.0,0.0,0.9592404724668697,0.019532476198269106,0.10992925,0.0,0.10992924869060516
6821602,0.3333333333333333,0.25,0.0,0.33333333333333337,0.33333333333333337,0.9204559262177173,0.0836678636106002,0.41189626,0.25,0.4118962585926056
6834712,0.0,0.0,0.0,0.0,0.0,0.7398616303702709,0.004415793246445836,0.0840573,0.0,0.08405730128288269
6842512,0.0,0.0,0.0,0.0,0.0,0.6171202869534268,0.01818983975585959,0.07109273,0.0,0.07109273225069046
688513,0.0,0.0,0.0,0.0,0.0,0.7473484305271403,0.0014803445327360297,0.084705725,0.0,0.08470572531223297
6885512,0.0,0.0,0.0,0.0,0.0,0.677101910536761,0.001550497321577097,0.07675503,0.0,0.07675503194332123
688963,0.0,0.0,0.0,0.0,0.0,0.8698941966083295,0.005310075815980495,0.09884432,0.0,0.09884431958198547
689253,0.0,0.0,0.0,0.0,0.0,0.6549788182021288,0.0005577962608525585,0.07418213,0.0,0.07418213039636612
689753,0.0,0.0,0.0,0.0,0.0,0.45211423566191483,0.007956002757326643,0.051710322,0.0,0.05171032249927521
6898072,0.0,0.0,0.0,0.0,0.0,0.0,0.011500865444921855,0.0007490328,0.0,0.0007490328280255198
6898562,0.0,0.0,0.0,0.0,0.0,0.9574210931565966,0.04303810873006644,0.11132042,0.0,0.11132042109966278
6937522,0.0,0.0,0.0,0.0,0.0,0.9592404724668697,0.002153196551254149,0.108748324,0.0,0.10874832421541214
693923,0.0,0.0,0.0,0.0,0.0,0.9330432028908702,0.02868819404742955,0.10758453,0.0,0.10758452862501144
6963532,0.3333333333333333,0.25,0.0,0.33333333333333337,0.33333333333333337,0.0,0.08888535846632274,0.30800867,0.25,0.30800867080688477
6974192,0.3333333333333333,0.5,0.0,0.0,0.0,0.7835692923971794,0.09232808469086223,0.39698222,0.5,0.39698222279548645
6979102,0.3333333333333333,0.25,0.0,0.33333333333333337,0.33333333333333337,0.8455428430323483,0.08351177029709081,0.4034017,0.25,0.4034017026424408
701343,0.0,0.0,0.0,0.0,0.0,0.9204559262177173,0.02055816757345884,0.10560658,0.0,0.1056065782904625
7020342,0.0,0.0,0.0,0.0,0.0,0.7398616303702709,0.013090253310839777,0.08464673,0.0,0.08464673161506653
7021362,0.6666666666666666,0.5,0.0,0.6666666666666667,0.6666666666666667,0.9204559262177173,0.1785780733092957,0.72034675,0.5,0.7203467488288879
7040302,0.0,0.0,0.0,0.0,0.0,0.9592404724668697,0.0007926949779598688,0.10865588,0.0,0.10865587741136551
7044252,0.0,0.0,0.0,0.0,0.0,0.9330432028908702,0.008718991616981184,0.106227614,0.0,0.10622761398553848
704563,0.0,0.0,0.0,0.0,0.0,0.8455428430323483,0.006184925757791141,0.096145965,0.0,0.09614596515893936
7067442,0.0,0.0,0.0,0.0,0.0,0.9204559262177173,0.00033453027726688234,0.10423238,0.0,0.10423237830400467
7067852,0.0,0.0,0.0,0.0,0.0,0.0,0.0013428684826081053,5.879385e-05,0.0,5.8793848438654095e-05
7070252,0.0,0.0,0.0,0.0,0.0,0.9204559262177173,0.00045924812205481736,0.10424085,0.0,0.10424084961414337
7098522,0.0,0.0,0.0,0.0,0.0,0.5803133815727446,0.009325143031547961,0.06632198,0.0,0.0663219764828682
7105292,0.3333333333333333,0.25,0.0,0.33333333333333337,0.33333333333333337,0.38431661042061077,0.11628413129964571,0.35339448,0.25,0.353394478559494
7129612,0.0,0.0,0.0,0.0,0.0,0.6171202869534268,0.00917592293400032,0.070480235,0.0,0.07048023492097855
7156032,0.0,0.0,0.0,0.0,0.0,0.7398616303702709,0.004551061305299186,0.084066495,0.0,0.0840664952993393
7165492,0.0,0.0,0.0,0.0,0.0,0.9204559262177173,0.0013325252078303777,0.104300186,0.0,0.10430018603801727
7177992,0.0,0.0,0.0,0.0,0.0,0.9204559262177173,0.01253805267003413,0.105061606,0.0,0.1050616055727005
717853,0.0,0.0,0.0,0.0,0.0,0.7835692923971794,0.004755234698680845,0.08903028,0.0,0.08903028070926666
718713,0.3333333333333333,0.25,0.0,0.33333333333333337,0.33333333333333337,0.9204559262177173,0.09423723521454411,0.41261443,0.25,0.4126144349575043
7210172,0.0,0.0,0.0,0.0,0.0,0.9574210931565966,0.021316536303879197,0.10984443,0.0,0.10984443128108978
7216852,0.0,0.0,0.0,0.0,0.0,0.813093860476119,0.012433452278806838,0.092895694,0.0,0.09289569407701492
7227522,0.0,0.0,0.0,0.0,0.0,0.0,0.004678386625479134,0.00028544333,0.0,0.00028544332599267364
7232312,0.0,0.0,0.0,0.0,0.0,0.6171202869534268,0.008206771730709583,0.07041438,0.0,0.07041437923908234
7315022,0.0,0.0,0.0,0.0,0.0,0.9204559262177173,0.006035215071634521,0.10461974,0.0,0.10461974143981934
7340872,0.0,0.0,0.0,0.0,0.0,0.9574210931565966,0.09343950207604938,0.11474521,0.0,0.11474520713090897
7341752,0.0,0.0,0.0,0.0,0.0,0.6549788182021288,0.02595753538540073,0.07590805,0.0,0.07590804994106293
7347932,0.0,0.0,0.0,0.0,0.0,0.9204559262177173,0.008831442140656324,0.104809746,0.0,0.10480974614620209
7362232,0.0,0.0,0.0,0.0,0.0,0.9574210931565966,0.0002158726692824433,0.108410634,0.0,0.10841063410043716
7375072,0.0,0.0,0.0,0.0,0.0,0.6549788182021288,0.004666195114506905,0.074461296,0.0,0.07446129620075226
7376382,0.0,0.0,0.0,0.0,0.0,0.9204559262177173,0.2780208793894393,0.12310125,0.0,0.12310124933719635
7382262,0.0,0.0,0.0,0.0,0.0,0.9394859795766547,0.024678604099246156,0.108041726,0.0,0.10804172605276108
7396282,0.0,0.0,0.0,0.0,0.0,0.7398616303702709,0.008086698521298754,0.08430674,0.0,0.0843067392706871
7400342,0.0,0.0,0.0,0.0,0.0,0.7835692923971794,0.0007421185525467128,0.08875759,0.0,0.08875758945941925
740673,0.0,0.0,0.0,0.0,0.0,0.8658894330109049,0.0005598536674013142,0.09806801,0.0,0.098068006336689
7450912,0.0,0.0,0.0,0.0,0.0,0.9204559262177173,0.00825972414718123,0.10477089,0.0,0.10477089136838913
7462462,0.0,0.0,0.0,0.0,0.0,0.8658894330109049,0.006279639518211094,0.098456666,0.0,0.09845666587352753
7463182,0.0,0.0,0.0,0.0,0.0,0.5803133815727446,0.013650326341186044,0.06661587,0.0,0.06661587208509445
7519082,0.0,0.0,0.0,0.0,0.0,0.9394859795766547,0.0003475379384756034,0.10638842,0.0,0.10638841986656189
7536882,0.0,0.0,0.0,0.0,0.0,0.9204559262177173,0.061678065646466815,0.10840069,0.0,0.10840068757534027
754799,0.0,0.0,0.0,0.0,0.0,0.7473484305271403,0.0006708934324684328,0.08465072,0.0,0.08465071767568588
7559112,0.0,0.0,0.0,0.0,0.0,0.7835692923971794,0.0011369563424288346,0.08878442,0.0,0.08878441900014877
7561302,0.0,0.0,0.0,0.0,0.0,0.0,0.03837578613534514,0.002575192,0.0,0.0025751919019967318
759186,0.0,0.0,0.0,0.0,0.0,0.9204559262177173,0.04109284858087649,0.107001916,0.0,0.10700191557407379
7594962,0.0,0.0,0.0,0.0,0.0,0.9574210931565966,0.008428051410779456,0.10896865,0.0,0.10896865278482437
760244,0.0,0.0,0.0,0.0,0.0,0.45211423566191483,0.001510033002442049,0.051272318,0.0,0.05127231776714325
7610242,0.0,0.0,0.0,0.0,0.0,0.9204559262177173,0.000171804543222127,0.104221314,0.0,0.10422131419181824
761528,0.0,0.0,0.0,0.0,0.0,0.6171202869534268,0.007042272254390686,0.070335254,0.0,0.070335254073143
764035,0.3333333333333333,0.25,0.0,0.33333333333333337,0.33333333333333337,0.6171202869534268,0.09981422864581663,0.37864047,0.25,0.37864047288894653
768761,0.3333333333333333,0.25,0.0,0.33333333333333337,0.33333333333333337,0.6171202869534268,0.08448094896061353,0.37759858,0.25,0.3775985836982727
7687692,0.0,0.0,0.0,0.0,0.0,0.43959775100198173,0.005372181113637192,0.050117254,0.0,0.05011725425720215
7689702,0.0,0.0,0.0,0.0,0.0,0.38431661042061077,0.009844255986064213,0.044160515,0.0,0.04416051506996155
7694572,0.0,0.0,0.0,0.0,0.0,0.0,0.005552025132989411,0.0003448073,0.0,0.00034480731119401753
7697422,0.0,0.0,0.0,0.0,0.0,0.8698941966083295,0.009179122454027138,0.09910723,0.0,0.09910722821950912
770441,0.0,0.0,0.0,0.0,0.0,0.9574210931565966,0.06730154859456955,0.11296913,0.0,0.11296913027763367
771647,0.0,0.0,0.0,0.0,0.0,0.9204559262177173,0.000269591209173127,0.10422796,0.0,0.1042279601097107
7720822,0.0,0.0,0.0,0.0,0.0,0.1951969189580255,0.0012505673812500478,0.022158671,0.0,0.0221586711704731
7721252,0.0,0.0,0.0,0.0,0.0,0.9574210931565966,0.00861873884040979,0.10898161,0.0,0.10898160934448242
7725712,0.0,0.0,0.0,0.0,0.0,0.0,0.015097751571251086,0.0009934424,0.0,0.00099344237241894
77293,0.0,0.0,0.0,0.0,0.0,0.9204559262177173,0.0004953658964956245,0.1042433,0.0,0.10424330085515976
774675,0.0,0.0,0.0,0.0,0.0,0.9394859795766547,0.10189754831192821,0.113288775,0.0,0.1132887750864029
774791,0.0,0.0,0.0,0.0,0.0,0.813093860476119,0.03193165441751788,0.0942206,0.0,0.0942206010222435
7754832,0.0,0.0,0.0,0.0,0.0,0.8658894330109049,0.0009708131213124068,0.09809593,0.0,0.09809593111276627
7768452,0.0,0.0,0.0,0.0,0.0,0.8658894330109049,0.004346700557805985,0.09832532,0.0,0.09832531958818436
7770012,0.0,0.0,0.0,0.0,0.0,0.8658894330109049,0.023805607829054127,0.09964756,0.0,0.09964755922555923
777534,0.3333333333333333,0.25,0.0,0.33333333333333337,0.33333333333333337,0.45211423566191483,0.08386705525761826,0.35886985,0.25,0.35886985063552856
778150,0.0,0.0,0.0,0.0,0.0,0.0,0.027514288452746203,0.0018371497,0.0,0.001837149728089571
778337,0.3333333333333333,0.25,0.0,0.33333333333333337,0.33333333333333337,0.7473484305271403,0.09875212857194116,0.39331672,0.25,0.39331671595573425
778389,0.0,0.0,0.0,0.0,0.0,0.9592404724668697,0.0012892554956409053,0.10868962,0.0,0.10868962109088898
7791532,0.0,0.0,0.0,0.0,0.0,0.38431661042061077,0.022247460148244996,0.045003317,0.0,0.045003317296504974
780159,0.0,0.0,0.0,0.0,0.0,0.6171202869534268,0.0007196505631717069,0.06990563,0.0,0.06990563124418259
780591,0.0,0.0,0.0,0.0,0.0,0.7835692923971794,0.011676606873043659,0.08950059,0.0,0.08950059115886688
7809112,0.0,0.0,0.0,0.0,0.0,0.9204559262177173,0.0005415555095407559,0.104246445,0.0,0.10424644500017166
7809332,0.0,0.0,0.0,0.0,0.0,0.9204559262177173,0.005933593888858134,0.104612835,0.0,0.10461283475160599
781538,0.3333333333333333,0.25,0.0,0.33333333333333337,0.33333333333333337,0.9204559262177173,0.1006874820778775,0.41305274,0.25,0.4130527377128601
7828252,0.0,0.0,0.0,0.0,0.0,0.9394859795766547,0.012287891640369551,0.10719977,0.0,0.1071997731924057
785774,0.0,0.0,0.0,0.0,0.0,0.9574210931565966,0.0003671709470108861,0.108420916,0.0,0.10842091590166092
7858302,0.0,0.0,0.0,0.0,0.0,0.8698941966083295,0.13503225434023175,0.10765898,0.0,0.1076589822769165
789043,0.0,0.0,0.0,0.0,0.0,0.9574210931565966,0.020145341729043753,0.10976485,0.0,0.10976485162973404
790577,0.3333333333333333,0.25,0.0,0.33333333333333337,0.33333333333333337,0.813093860476119,0.09362682733015389,0.40041414,0.25,0.4004141390323639
7909882,0.0,0.0,0.0,0.0,0.0,0.7473484305271403,0.004427167855242449,0.08490596,0.0,0.0849059596657753
7913222,0.0,0.0,0.0,0.0,0.0,0.9394859795766547,0.021954795782576763,0.10785664,0.0,0.1078566387295723
792609,0.0,0.0,0.0,0.0,0.0,0.0,0.003705739714568165,0.00021935167,0.0,0.00021935167023912072
792795,0.0,0.0,0.0,0.0,0.0,0.9592404724668697,0.009238735541137206,0.10922979,0.0,0.10922978818416595
793202,0.0,0.0,0.0,0.0,0.0,0.8658894330109049,0.008983596090073771,0.0986404,0.0,0.09864039719104767
7948122,0.3333333333333333,0.25,0.0,0.33333333333333337,0.33333333333333337,0.45211423566191483,0.0895544327837624,0.3592563,0.25,0.3592562973499298
795448,0.0,0.0,0.0,0.0,0.0,0.9574210931565966,0.032170946397139105,0.110581994,0.0,0.11058199405670166
795622,0.0,0.0,0.0,0.0,0.0,0.9204559262177173,0.003931007524120138,0.10447676,0.0,0.10447675734758377
796051,0.0,0.0,0.0,0.0,0.0,0.9330432028908702,0.007246473028160096,0.10612756,0.0,0.10612756013870239
797018,0.0,0.0,0.0,0.0,0.0,0.9574210931565966,0.02758608309962379,0.11027045,0.0,0.11027044802904129
797371,0.0,0.0,0.0,0.0,0.0,0.8698941966083295,0.004682643349657895,0.09880169,0.0,0.09880168735980988
797531,0.0,0.0,0.0,0.0,0.0,0.9204559262177173,0.004452965311637009,0.10451222,0.0,0.10451222211122513
7976712,0.0,0.0,0.0,0.0,0.0,0.9394859795766547,0.02169613275348133,0.10783906,0.0,0.10783906280994415
7978482,0.0,0.0,0.0,0.0,0.0,0.6171202869534268,0.0010863532031610273,0.069930546,0.0,0.0699305459856987
7991402,0.0,0.0,0.0,0.0,0.0,0.677101910536761,0.0010258695542726321,0.07671939,0.0,0.07671938836574554
799192,0.0,0.0,0.0,0.0,0.0,0.8455428430323483,0.004004912687793618,0.09599783,0.0,0.09599783271551132
799681,0.0,0.0,0.0,0.0,0.0,0.6171202869534268,0.019691562396699298,0.071194775,0.0,0.07119477540254593
801917,0.0,0.0,0.0,0.0,0.0,0.9204559262177173,0.02477796660194283,0.105893314,0.0,0.10589331388473511
8026012,0.0,0.0,0.0,0.0,0.0,0.45211423566191483,0.01391142695549007,0.052114997,0.0,0.05211499705910683
8031702,0.0,0.0,0.0,0.0,0.0,0.9574210931565966,0.00077430104617132,0.10844858,0.0,0.1084485799074173
8033942,0.0,0.0,0.0,0.0,0.0,0.38431661042061077,0.013389370171674624,0.044401407,0.0,0.04440140724182129
804226,0.0,0.0,0.0,0.0,0.0,0.9394859795766547,0.0005166977805794633,0.106399916,0.0,0.10639991611242294
8043172,0.0,0.0,0.0,0.0,0.0,0.9574210931565966,0.007645635696844879,0.10891549,0.0,0.10891549289226532
8053532,0.0,0.0,0.0,0.0,0.0,0.7835692923971794,0.014990463555995892,0.08972577,0.0,0.08972577005624771
805458,0.3333333333333333,0.25,0.0,0.33333333333333337,0.33333333333333337,0.9394859795766547,0.10867796533902571,0.41575086,0.25,0.4157508611679077
8073252,0.0,0.0,0.0,0.0,0.0,0.9330432028908702,0.0007858130022913393,0.10568856,0.0,0.10568855702877045
8077782,0.0,0.0,0.0,0.0,0.0,0.9330432028908702,0.01889529939177022,0.1069191,0.0,0.10691910237073898
811274,0.0,0.0,0.0,0.0,0.0,0.9204559262177173,0.000269591209173127,0.10422796,0.0,0.1042279601097107
812823,0.0,0.0,0.0,0.0,0.0,0.5803133815727446,0.013838784703518407,0.06662868,0.0,0.06662867963314056
812825,0.0,0.0,0.0,0.0,0.0,0.8658894330109049,0.004397312808118829,0.09832876,0.0,0.09832876175642014
813669,0.0,0.0,0.0,0.0,0.0,0.9204559262177173,0.008442059303364616,0.10478328,0.0,0.10478328168392181
8152512,0.0,0.0,0.0,0.0,0.0,1.0,0.0015089629147419742,0.11332058,0.0,0.11332058161497116
8155172,0.0,0.0,0.0,0.0,0.0,0.9204559262177173,0.005028336063523471,0.10455132,0.0,0.10455132275819778
8160132,0.0,0.0,0.0,0.0,0.0,0.9592404724668697,0.007974274958251294,0.10914387,0.0,0.10914386808872223
8175092,0.0,0.0,0.0,0.0,0.0,0.9592404724668697,0.013835825125677034,0.10954216,0.0,0.10954216122627258
818095,0.0,0.0,0.0,0.0,0.0,0.9394859795766547,0.01723314885411195,0.1075358,0.0,0.10753580182790756
8181702,0.0,0.0,0.0,0.0,0.0,0.45211423566191483,0.005315662030602844,0.051530913,0.0,0.05153091251850128
8184102,0.0,0.0,0.0,0.0,0.0,0.9394859795766547,0.005008487798495915,0.10670514,0.0,0.10670513659715652
8188252,0.0,0.0,0.0,0.0,0.0,0.9574210931565966,0.016016115287258586,0.10948427,0.0,0.10948427021503448
819191,0.3333333333333333,0.25,0.0,0.33333333333333337,0.33333333333333337,0.0,0.09013954020998291,0.3080939,0.25,0.3080939054489136
820919,0.0,0.0,0.0,0.0,0.0,0.8658894330109049,0.028403446296072696,0.099959984,0.0,0.09995998442173004
821812,0.0,0.0,0.0,0.0,0.0,0.9592404724668697,0.09120424770171418,0.114799365,0.0,0.114799365401268
822259,0.0,0.0,0.0,0.0,0.0,0.6171202869534268,0.035438577175546854,0.07226479,0.0,0.07226479053497314
82243,0.0,0.0,0.0,0.0,0.0,0.7835692923971794,0.07734973440915145,0.0939631,0.0,0.09396310150623322
82383,0.0,0.0,0.0,0.0,0.0,0.9592404724668697,0.03254146999824939,0.110813215,0.0,0.1108132153749466
8266702,0.0,0.0,0.0,0.0,0.0,0.0,0.005552025132989411,0.0003448073,0.0,0.00034480731119401753
8268242,0.3333333333333333,0.5,0.0,0.0,0.0,0.8698941966083295,0.08381791363775852,0.4061803,0.5,0.4061802923679352
8269092,0.0,0.0,0.0,0.0,0.0,0.8658894330109049,0.0004662610399672432,0.09806164,0.0,0.09806164354085922
8393652,0.3333333333333333,0.25,0.0,0.33333333333333337,0.33333333333333337,0.7398616303702709,0.09106828375409212,0.3919467,0.25,0.3919467031955719
8401432,0.0,0.0,0.0,0.0,0.0,0.8455428430323483,0.0008253058346415637,0.09578178,0.0,0.09578178077936172
8410612,0.3333333333333333,0.25,0.0,0.33333333333333337,0.33333333333333337,0.9204559262177173,0.0958020163676436,0.41272077,0.25,0.41272076964378357
8414602,0.0,0.0,0.0,0.0,0.0,0.45211423566191483,0.03565357742175782,0.053592384,0.0,0.05359238386154175
8451272,0.0,0.0,0.0,0.0,0.0,0.9592404724668697,0.0009129903969682591,0.10866405,0.0,0.10866405069828033
8463082,0.0,0.0,0.0,0.0,0.0,0.8698941966083295,0.0003393153670207429,0.098506555,0.0,0.09850655496120453
8468772,0.0,0.0,0.0,0.0,0.0,0.9204559262177173,0.00025546226678182707,0.104227,0.0,0.10422699898481369
8496132,0.0,0.0,0.0,0.0,0.0,0.7473484305271403,0.006380479050509972,0.085038684,0.0,0.0850386843085289
850741,0.3333333333333333,0.25,0.0,0.33333333333333337,0.33333333333333337,0.9394859795766547,0.08854784376855315,0.414383,0.25,0.4143829941749573
8521372,0.0,0.0,0.0,0.0,0.0,0.5803133815727446,0.004215801901367,0.065974794,0.0,0.06597479432821274
8521542,0.0,0.0,0.0,0.0,0.0,0.6549788182021288,0.019690991633073633,0.075482234,0.0,0.07548223435878754
8526602,0.0,0.0,0.0,0.0,0.0,0.9394859795766547,0.0005249238667116657,0.106400475,0.0,0.10640047490596771
8531732,0.0,0.0,0.0,0.0,0.0,0.9204559262177173,0.0170922682900358,0.105371065,0.0,0.10537106543779373
8549992,0.0,0.0,0.0,0.0,0.0,0.45211423566191483,0.0004914495771688263,0.051203106,0.0,0.051203105598688126
8604722,0.3333333333333333,0.25,0.0,0.33333333333333337,0.33333333333333337,0.9204559262177173,0.0836678636106002,0.41189626,0.25,0.4118962585926056
8614022,0.0,0.0,0.0,0.0,0.0,0.6171202869534268,0.010541556128694334,0.07057303,0.0,0.07057303190231323
8614192,0.0,0.0,0.0,0.0,0.0,1.0,0.004428509946034012,0.11351897,0.0,0.11351896822452545
8624502,0.0,0.0,0.0,0.0,0.0,0.9204559262177173,0.00033453027726688234,0.10423238,0.0,0.10423237830400467
8647352,0.0,0.0,0.0,0.0,0.0,0.9592404724668697,0.002174196572937683,0.10874975,0.0,0.10874974727630615
865701,0.0,0.0,0.0,0.0,0.0,0.9204559262177173,0.0002585166704085878,0.10422721,0.0,0.1042272076010704
8720562,0.0,0.0,0.0,0.0,0.0,0.9330432028908702,0.08187759528350315,0.11119877,0.0,0.11119876801967621
8755102,0.0,0.0,0.0,0.0,0.0,0.9574210931565966,0.015240918899633773,0.109431595,0.0,0.10943159461021423
8755252,0.0,0.0,0.0,0.0,0.0,0.0,0.005552025132989411,0.0003448073,0.0,0.00034480731119401753
876061,0.0,0.0,0.0,0.0,0.0,0.813093860476119,0.004292726604980787,0.092342526,0.0,0.09234252572059631
878441,0.0,0.0,0.0,0.0,0.0,0.43959775100198173,0.00034265116816847727,0.049775496,0.0,0.04977549612522125
8793052,0.6666666666666666,0.5,0.0,0.6666666666666667,0.6666666666666667,0.8658894330109049,0.1671329277066339,0.7133894,0.5,0.7133893966674805
8820652,0.3333333333333333,0.25,0.0,0.33333333333333337,0.33333333333333337,0.9574210931565966,0.33761102793731324,0.43333808,0.25,0.43333807587623596
8828892,0.0,0.0,0.0,0.0,0.0,0.8455428430323483,0.004801248601831708,0.09605195,0.0,0.09605194628238678
8847052,0.0,0.0,0.0,0.0,0.0,0.9204559262177173,0.016803136201760216,0.10535142,0.0,0.10535141825675964
8900342,0.0,0.0,0.0,0.0,0.0,0.8455428430323483,0.02019070259869187,0.097097665,0.0,0.09709766507148743
890641,0.0,0.0,0.0,0.0,0.0,0.0,0.005552025132989411,0.0003448073,0.0,0.00034480731119401753
8931402,0.0,0.0,0.0,0.0,0.0,0.6171202869534268,0.004157087136082983,0.07013921,0.0,0.07013920694589615
893891,0.0,0.0,0.0,0.0,0.0,0.8658894330109049,0.02677426132964322,0.099849276,0.0,0.09984927624464035
8941152,0.0,0.0,0.0,0.0,0.0,0.1951969189580255,0.005328683612119815,0.02243578,0.0,0.022435780614614487
8969062,0.0,0.0,0.0,0.0,0.0,0.9204559262177173,0.00033453027726688234,0.10423238,0.0,0.10423237830400467
8971572,0.0,0.0,0.0,0.0,0.0,0.9204559262177173,0.008660710454422729,0.10479814,0.0,0.10479813814163208
8997,0.0,0.0,0.0,0.0,0.0,0.9394859795766547,0.00046453878214808313,0.10639637,0.0,0.10639636963605881
901731,0.0,0.0,0.0,0.0,0.0,0.45211423566191483,0.004696139140486614,0.051488813,0.0,0.051488813012838364
9018932,0.0,0.0,0.0,0.0,0.0,0.9204559262177173,0.02496578643374657,0.10590608,0.0,0.10590607672929764
9021082,0.0,0.0,0.0,0.0,0.0,0.7473484305271403,0.020573547287626642,0.08600311,0.0,0.08600310981273651
9025382,0.3333333333333333,0.25,0.0,0.33333333333333337,0.33333333333333337,0.8455428430323483,0.08415863916797489,0.40344566,0.25,0.40344566106796265
9089882,0.0,0.0,0.0,0.0,0.0,0.9574210931565966,0.03248906840880959,0.11060361,0.0,0.11060360819101334
9131212,0.0,0.0,0.0,0.0,0.0,0.9204559262177173,0.004737405359201985,0.10453155,0.0,0.10453154891729355
9146202,0.0,0.0,0.0,0.0,0.0,0.9204559262177173,0.036189323592401866,0.10666872,0.0,0.10666871815919876
9153162,0.0,0.0,0.0,0.0,0.0,0.813093860476119,0.038688557326574495,0.094679736,0.0,0.09467973560094833
9159762,0.0,0.0,0.0,0.0,0.0,0.9204559262177173,0.00033453027726688234,0.10423238,0.0,0.10423237830400467
9167792,0.0,0.0,0.0,0.0,0.0,0.8455428430323483,0.028491381400322906,0.0976617,0.0,0.09766169637441635
9237052,0.0,0.0,0.0,0.0,0.0,0.8658894330109049,0.0007056622070294235,0.09807791,0.0,0.09807790815830231
9244632,0.3333333333333333,0.4266912384650716,0.0,0.0,0.0,0.9394859795766547,0.09527084444315702,0.3816308,0.4266912384650716,0.3816308081150055
9266012,0.0,0.0,0.0,0.0,0.0,0.9204559262177173,0.004952636471702028,0.104546174,0.0,0.10454617440700531
927331,0.0,0.0,0.0,0.0,0.0,0.8658894330109049,0.0005561011474603165,0.098067746,0.0,0.0980677455663681
9284762,0.0,0.0,0.0,0.0,0.0,0.8658894330109049,0.004109714138932708,0.09830922,0.0,0.0983092188835144
928881,0.0,0.0,0.0,0.0,0.0,0.9330432028908702,0.02277599223781743,0.10718279,0.0,0.10718279331922531
929101,0.0,0.0,0.0,0.0,0.0,0.9394859795766547,0.0003178039824320081,0.1063864,0.0,0.10638640075922012
932091,0.0,0.0,0.0,0.0,0.0,0.38431661042061077,0.001081481666231903,0.043565083,0.0,0.04356508329510689
9433,0.0,0.0,0.0,0.0,0.0,0.0,0.005552025132989411,0.0003448073,0.0,0.00034480731119401753
9447312,0.0,0.0,0.0,0.0,0.0,0.9204559262177173,0.004269776083935397,0.10449978,0.0,0.10449977964162827
9462472,0.3333333333333333,0.25,0.0,0.33333333333333337,0.33333333333333337,0.7835692923971794,0.10005474170636933,0.39750725,0.25,0.3975072503089905
9463702,0.3333333333333333,0.25,0.0,0.33333333333333337,0.33333333333333337,0.8698941966083295,0.08808606822296515,0.40647033,0.25,0.40647032856941223
9475112,0.0,0.0,0.0,0.0,0.0,0.9204559262177173,0.00033453027726688234,0.10423238,0.0,0.10423237830400467
9489922,0.0,0.0,0.0,0.0,0.0,0.9592404724668697,0.010424670370598917,0.10931037,0.0,0.10931037366390228
9507822,0.0,0.0,0.0,0.0,0.0,0.8658894330109049,0.045998727701367245,0.10115559,0.0,0.101155586540699
9516202,0.3333333333333333,0.5,0.0,0.0,0.0,0.9394859795766547,0.083858257200045,0.41406435,0.5,0.41406434774398804
9517462,0.0,0.0,0.0,0.0,0.0,0.0,0.003090311241761086,0.00017753312,0.0,0.0001775331184035167
9527932,0.0,0.0,0.0,0.0,0.0,0.9204559262177173,0.012019820877571218,0.105026394,0.0,0.10502639412879944
9590002,0.0,0.0,0.0,0.0,0.0,0.9574210931565966,0.0968488523970893,0.114976875,0.0,0.11497687548398972
9618592,0.0,0.0,0.0,0.0,0.0,0.9592404724668697,0.013790396898910977,0.10953908,0.0,0.10953907668590546
9627452,0.0,0.0,0.0,0.0,0.0,0.6171202869534268,0.015960221584666978,0.07094123,0.0,0.07094123214483261
9647442,0.0,0.0,0.0,0.0,0.0,0.9204559262177173,0.034065079745788145,0.10652438,0.0,0.10652437806129456
9676722,0.0,0.0,0.0,0.0,0.0,0.9204559262177173,0.020230141068075188,0.105584286,0.0,0.1055842861533165
9697962,0.0,0.0,0.0,0.0,0.0,0.9394859795766547,0.03992708044132648,0.10907786,0.0,0.10907786339521408
9701722,0.0,0.0,0.0,0.0,0.0,0.8698941966083295,0.014531151783006777,0.0994709,0.0,0.09947089850902557
9726392,0.0,0.0,0.0,0.0,0.0,0.9574210931565966,0.00455713183344197,0.108705625,0.0,0.10870562493801117
9791392,0.0,0.0,0.0,0.0,0.0,0.9204559262177173,0.0014565057455281226,0.10430861,0.0,0.1043086126446724
9798082,0.0,0.0,0.0,0.0,0.0,0.9330432028908702,0.01901279816103707,0.10692708,0.0,0.10692708194255829
9817342,0.0,0.0,0.0,0.0,0.0,0.8658894330109049,0.0008301023516007456,0.098086365,0.0,0.09808636456727982
9831802,0.0,0.0,0.0,0.0,0.0,0.9204559262177173,0.04801444314117312,0.10747224,0.0,0.1074722409248352
9846942,0.3333333333333333,0.25,0.0,0.33333333333333337,0.33333333333333337,0.45211423566191483,0.10080651233214981,0.36002088,0.25,0.36002087593078613
9850942,0.3333333333333333,0.25,0.0,0.33333333333333337,0.33333333333333337,0.9592404724668697,0.08805554960896178,0.41658676,0.25,0.4165867567062378
9870112,0.0,0.0,0.0,0.0,0.0,0.9592404724668697,0.0012581395214765242,0.108687505,0.0,0.10868750512599945
988,0.3333333333333333,0.25,0.0,0.33333333333333337,0.33333333333333337,0.9204559262177173,0.10002449279401697,0.41300768,0.25,0.4130076766014099
9889072,0.0,0.0,0.0,0.0,0.0,0.38431661042061077,0.0016845455948799608,0.04360606,0.0,0.04360606148838997
9893032,0.3333333333333333,0.5,0.0,0.0,0.0,0.7473484305271403,0.0897138123838433,0.39270255,0.5,0.39270254969596863
9909562,0.3333333333333333,0.25,0.0,0.33333333333333337,0.33333333333333337,0.38431661042061077,0.09365338159391887,0.3518567,0.25,0.35185670852661133
9922122,0.0,0.0,0.0,0.0,0.0,0.8658894330109049,0.004556286022222586,0.098339565,0.0,0.09833956509828568
9924742,0.0,0.0,0.0,0.0,0.0,0.9394859795766547,0.0014212453440759858,0.10646138,0.0,0.10646138340234756
9939382,0.0,0.0,0.0,0.0,0.0,0.0,0.003210821315221004,0.00018572182,0.0,0.000185721815796569
9957402,0.0,0.0,0.0,0.0,0.0,0.9592404724668697,0.004735125819898282,0.10892376,0.0,0.1089237630367279
9973242,0.0,0.0,0.0,0.0,0.0,0.8455428430323483,0.005538416903429269,0.09610204,0.0,0.0961020365357399
9981522,0.0,0.0,0.0,0.0,0.0,0.9204559262177173,0.02740384445653146,0.10607174,0.0,0.10607174038887024
9983972,0.0,0.0,0.0,0.0,0.0,0.6171202869534268,0.008631416416780616,0.070443235,0.0,0.07044323533773422
