node_id,embedding_0,embedding_1,embedding_2,embedding_3,embedding_4,embedding_5,embedding_6,embedding_7,embedding_8,embedding_9,embedding_10,embedding_11,embedding_12,embedding_13,embedding_14,embedding_15,embedding_16,embedding_17,embedding_18,embedding_19,embedding_20,embedding_21,embedding_22,embedding_23,embedding_24,embedding_25,embedding_26,embedding_27,embedding_28,embedding_29,embedding_30,embedding_31
0,2.2276273132993875e-05,0.010706183139861445,0.008603386436627891,0.010664920465927822,0.006575604087854407,8.696893870116693e-06,0.018312644804792236,0.06839890350568961,0.0033934043208488523,0.012348436209469894,-0.031204792559670798,-0.015052295202338424,0.0329844312939931,0.02845189684758686,0.0006965270844112421,-0.03969992117208706,-0.00010361805758532904,0.00043936770583856313,-0.0007830939626399676,-0.0025079743542759988,0.04449737210799466,-0.011801263765719388,-0.0005787915077825742,7.480656291436986e-05,-0.0007437041536794108,-0.005953605568909292,0.005326129297126928,-0.0053208556290489095,0.008089852407509951,-0.002610388917758773,-0.010004172944150284,-0.05207116709945889
1,8.943433058307354e-05,0.03602785966578674,0.02519086144168107,0.031002846446101018,0.01840376385966348,0.00010419040022459647,0.04740224868909113,0.1685423128348709,0.00882520382190438,0.03211542823114472,0.07479553192041637,-0.02725354996938336,-0.0796807850323846,0.06735496686321425,0.007804615491483495,-0.09561168335027652,6.760923808965514e-05,0.0013670845884372455,7.246468849675194e-05,0.0016290996513043297,0.03289301324336237,-0.003868447637268796,-0.0034440217289233824,-0.0003610990038278442,-0.0005042701297595488,-0.005971458533047305,-0.001997979330128602,1.5919127583167702e-05,-0.00326103689137751,0.006717048708970232,0.00278141259684893,-0.026200318577488
10,0.00016929378798294714,0.06655651672490409,0.04527376630937429,0.055658621986702655,0.03272453241321524,0.00018077647391305843,0.08218185012449158,0.28891723420480164,0.015077731437093784,0.054461723555725566,0.12458552707210008,-0.04641167364091722,-0.13216757479768648,0.11336248447977447,0.012415983690223571,-0.15695016491323474,0.00010361379367203888,0.003193114421184592,0.00012842509263155915,0.0036362506263181767,0.07508672144277181,-0.008951418216446981,-0.006877135715183086,-0.0013318178405578348,-0.0009587623464150921,-0.013442144769479279,-0.003014436059681355,-0.00010288896652772708,-0.004994558411142634,0.010280272634789558,0.004105369492785071,-0.048457006735061564
100,0.0008770118929952452,0.10767096788380517,-0.00035771921066314583,-0.04986844438789809,-0.14889748202288083,-0.05792823412598467,0.6073324133948012,-0.13111332894573588,-0.06359643828923814,-0.07790527852084911,0.050807070513128244,0.09111791451902154,-0.043118986982411595,-0.32601958580101303,0.07235433343850141,-0.035126703508690085,9.3606187738538e-05,0.00301130021062452,0.004749924302972533,0.07190502879832872,0.007995810370000491,0.06366934425495706,-0.034258686893870224,-2.7583136975482602e-05,0.00024402500283338664,0.0020328507814576157,-0.001519337594443415,0.0010234735626712475,-0.002604348265880874,0.008840710242606627,-0.005825799041987768,-0.012795315426013212
101,0.0005562483023902606,0.10592379158940565,0.34352996240185557,0.3449636584418721,0.29354653059716895,0.018183522000390778,0.024894107011423354,-0.5832856818028298,0.10295706601559157,-0.04729136513541275,-0.07962138000980339,-0.06437759524882963,0.0565486860811379,0.19124220191379204,0.7191287201440875,-0.343903811209599,-4.201230523585072e-06,0.0002684403398076903,-4.3050322011337153e-05,0.00014541170987777136,0.004309477435206453,-0.0004680050211880251,0.00046094729682291154,0.19494779581661784,0.0009177254414056634,-0.015566176894509207,-0.0005544379139496184,-1.000269929572986e-05,0.00014854547916463606,3.508192528796006e-05,-7.536611938105308e-05,0.0002855226197997215
102,0.0033812865322775977,0.7317186128746808,-0.04988632233531015,-0.028061670668421655,-0.3097987367716025,-0.04473719248296455,0.12132528903362197,0.18011249355641532,-0.013931303306789555,0.0439289939353967,0.2948411570094636,-0.03824027776171206,-0.2881111083432468,0.10530204682301783,0.22496968072659662,0.0678907375769248,0.00011618182090986984,0.1769952047904789,0.00019710581623079147,0.004557469978085182,0.0006324621770215298,-0.0034950050630779762,-0.011371437226082946,-0.00033794870209416934,0.0012126246776364142,-0.00023044114729178143,-5.4302393025155426e-05,4.3828936756903344e-05,-0.00036874076163119447,0.0014622412570061685,0.0034971834037512473,0.002174575114739056
103,0.0008547630478709938,0.26826171215813105,0.040544364247712,0.07165347028114505,-0.19894233693876567,-0.009178927823131728,-0.23518850031372135,-0.1031286475005126,-0.09410929074776932,-0.025903510306015346,-0.051869527504922644,0.03933820676065493,0.05894676325131946,-0.050821040829274716,0.0040384743278666715,-0.12616129923205366,1.188245344950928e-05,0.015204237901910188,-1.389918824267012e-05,0.0013363457788352305,0.004454338442384332,0.012411100960632825,0.02325814839144165,-4.465214900139258e-05,-0.00028122682764876683,0.0012430742744488161,0.00028281042926338605,-0.0002887939425848208,-0.00032964700804184694,0.0009092567772591744,0.0022601741610547297,0.001310350184354166
104,0.027455257020930834,0.835339353245172,-0.1594769449831601,-0.1977636836515579,-0.20363035513660255,0.1745838762691461,-0.19900002805016834,0.003899913953213289,2.0403474297715074,0.42793161501099475,0.45680714587958415,-0.1503493070221951,-0.32062599489454885,-0.5059028567832524,-0.015019671076376528,0.16900063848910296,9.793316102322527e-05,0.11967372561546447,-1.051436163092921e-06,-0.00030476460364816933,-0.0012066492426042524,0.0036948714214793325,0.007271065704587565,-5.851922677852472e-05,0.00024963199353837125,0.0004612238776020012,5.168531688324482e-05,0.0009305744400888748,0.000488211945411488,0.001979515124168091,0.0020364350689794264,0.001844975453390794
105,0.000731152821838841,0.181888093621779,0.022211120852050764,0.0392876309108277,-0.11939316749944703,-0.010103869855592746,-0.0909821776606558,0.054270999433293006,-0.08400102103112808,-0.0061511702027407505,-0.0644163907152886,0.03700265570039028,0.06111721623643814,-0.09736631917569333,0.17734641063802514,0.16333518190406096,3.859811406159685e-05,0.014179042700628959,0.0003442838543506788,0.002865629141990985,0.003236147888299001,0.010931787171722728,0.020489156898291554,-0.0022800399974253227,0.003314953614919504,0.00034008112751615735,0.001981455710085609,-0.0009207038622019671,0.0026612913860959036,-0.0028881085971059987,-0.0038342039700217452,0.005624951051263905
106,7.892918501045074e-05,0.03557705537226486,0.10902029139284784,0.12074587510284843,0.10624274153028822,0.01070257044082163,0.03236910183035737,-0.00990358654699614,0.008707097876000628,-0.014196169813057807,-0.05104167462498576,0.011262797758703182,0.056010980947360026,-0.03601233465639144,-0.13011396567772113,0.06724926609006762,-1.120519678359763e-06,0.0001406203791813733,-7.671172120552722e-05,9.346740639447802e-05,0.0037156058197475236,-0.0002487288657672839,-0.00010480477635447857,0.0010470960500406504,0.0005218724134241862,0.003303056339316539,0.00021159715858994966,0.00021587441368049973,0.0014790075465008741,-0.0006537677393291443,-0.0017122605751137203,0.0007912369201306238
107,0.0017186061783585923,0.23997061035735592,0.06889262749214804,0.0983143040959881,-0.1962657948333647,0.0019273106865176429,-0.27273644269950725,0.04538999011981397,-0.039952310104824765,0.007743327285545795,-0.017632209527912168,0.05332258287482594,0.019858474854568597,-0.19145582169749348,0.18471523127018105,-0.34392375206202075,1.3050865940279906e-05,0.008714199397478788,7.514259387539414e-05,0.00042574372911139774,0.0027643298429528887,0.0003824270441981164,0.0008743680391165027,0.00029999931340365905,0.0008948019189333132,0.003370300206092352,0.00011350030896223436,-9.471464800316251e-05,0.0004434365574486884,0.00021772991254884422,0.0006707468971553749,0.0017576810934547126
108,0.0002594132132177367,0.06407716877072858,-0.005843533740994577,-0.019342142284194088,-0.096879187466788,-0.02608909248503822,0.25510606539751,-0.113956642132894,-0.02253900934068693,-0.04370171438205477,0.017198758885596094,0.018940417170332263,-0.017308800463533842,-0.09688461428782544,-0.04236236413536429,-0.0007449472684569624,-8.993992046235799e-06,0.00351868976332303,0.0014216615671178785,0.04821911956375612,0.012551336027917012,0.21848517412267,-0.116097360217644,0.0007577411418988064,0.0054324420361018125,0.0028207549364861317,-0.00028366543081356625,-0.0019953213167894497,-0.004459318571584185,0.010876646443884735,-0.23118569312711157,-0.0005609380286970428
109,0.00019253274369804345,0.027892742864006115,-0.0008568603892624481,-0.017197506809828678,-0.049076459033251,-0.020686966356012,0.2266861351482764,-0.06277539274941742,-0.02520267490243189,-0.03231132616198121,0.0019421735700879807,0.03818842086125341,0.004609110280099138,-0.13700628216510824,0.026847870782598204,-0.016020441448932585,4.1173346378235665e-05,0.0009507332591909896,0.0009750914715947539,0.020681388315749994,0.004162179229817219,0.046948946457669824,-0.023111904310097332,9.837345597062735e-05,0.0009066210977139213,0.0007149752387047263,-0.0006777093595877839,0.0007460548434141641,0.0002435998174424205,0.002863554614274665,-0.036713862727114216,-0.005491112214582902
11,0.0006305899937628476,0.20083058268440224,0.11418129587456331,0.1395117511234681,0.07778283187274004,0.00029964707301012003,0.17162936801031256,0.575564242557076,0.028714872839357655,0.10041585143952067,-0.24404168927684305,-0.11345056847853839,0.24878431085996663,0.20897297037162155,0.00864804003625991,-0.2484954913207179,1.8422725374228373e-05,0.008412641893102792,0.000602076258795789,0.02679337309179631,0.5223097200517143,-0.05909287936763877,-0.030714367011725044,-0.015676751489183814,-0.003441033258180697,-0.08110042162883155,-6.927194266869374e-05,-0.0014056112536670305,-0.0011042797836537846,0.0005711481909544857,-0.0012018828140116069,-0.135316036215391
110,0.09321165585024184,0.26307969687801247,-0.05059373238295637,-0.10515498358643319,-0.11112938826827463,0.1760748628337639,-0.12423569754520955,0.02282572495333535,1.5987488924593598,0.303728460674166,-0.27771897433149106,-0.021013607832007022,-0.14319577432684455,-0.4150184319870723,0.01175320031755882,0.22308929643044945,0.00021312287391085291,0.029998259563681618,0.0009693047325935754,-1.82183485309364e-05,0.0016674710594035413,-0.0012602851930117883,-0.0026396342656351372,-0.0012815477884219936,0.0012330024203799318,0.0011733401562719205,1.982577176512691e-05,0.006817053838941149,0.0027247927004637675,0.0018217006904260498,0.0011638163202998529,0.009985729240633623
111,0.00042904581118917456,0.051372746884691484,0.23969760266758744,0.22568843200509142,0.2306242441975338,0.0087696096922452,0.05608760488367956,-0.5720858396677934,0.12269072850232388,-0.029000753738709868,0.006088223373415545,-0.0966562619481844,-0.037042006746764444,0.2879670006844295,0.8090407982609008,-0.3276772933905513,-5.174754224546668e-06,0.0002722567860983122,-4.373202146336245e-05,0.0001300375830147323,0.004134998178918388,-0.0004978284020671097,0.0005189605027457337,0.23694114815485845,0.001100287864610449,-0.020772737394710545,-0.0007251307270503056,-1.5294540674609426e-05,0.00015887657314127924,-2.445946198599011e-05,-8.688659730844918e-05,0.0004625201585838499
112,0.002350164120981757,0.5414804939840169,0.25830474043753987,0.3483627396435874,-0.33868042608162174,0.006283168210611648,-0.7255864038071811,-0.18761214405587529,-0.32307881452454856,-0.09997602091546612,0.07398803313742691,0.27800183282933494,-0.04879928441544878,-0.6420326033258432,0.2455077192710979,-0.5817237014527992,1.444386116588733e-06,0.009281881644235756,-2.5436764548015506e-05,0.0008509783294551711,0.007849043223232034,0.003960461029320782,0.008334204721244675,0.0015254193987834874,-0.00012424186833917038,0.0028211977593393354,0.0006522110389518104,-0.0003658066673224853,-0.00035565838202958165,0.001279386010025427,0.0011794976985717628,0.003975112395632284
113,0.00016780863509181578,0.029097681546639054,0.0026542485934571993,-0.005570329563629082,-0.028610192734750156,-0.012502842363587044,0.14421695688238761,0.00920196758859286,-0.01650232869025071,-0.011503098637391983,-0.03378742871492683,0.013193883325016083,0.035109518524420125,-0.06171641892490954,0.03360137663946488,-0.00727303132472604,8.216559131014919e-06,0.0003193411151010946,0.00019114902704915236,0.003611760700169345,0.006379716983171617,0.004465940782385071,-0.0028197335543836675,-0.0001773729244033171,0.000128142831828338,-0.0008553368718346514,-0.00010768173563180179,0.0001434141167555015,8.39847917898536e-05,0.00021493757280415372,0.0012426551903814674,-0.0015786821174931136
114,0.0005706097274561161,0.17708298570701303,0.10648259196856405,0.1292813299645214,0.06168558559219797,0.001478397609783073,0.10550948445045846,0.41275744440658296,0.010771388225671301,0.06703695989903208,-0.29698181479431834,-0.075720031347713,0.30534612291327723,0.1135925791387353,0.012668656236393088,-0.19330002153640746,1.4774941070120493e-05,0.007207647666680356,0.0005781366717779084,0.0252141098039122,0.4886686916777601,-0.055203454219852455,-0.02841367267863238,-0.010728179364381227,-0.0030008172383106705,-0.03549226466323214,0.00014425554715405745,-0.0010557397622801498,-0.0007339417112974137,-0.0001011809708171753,-0.0012958477520207525,-0.11935247927814341
115,0.0002716811448710097,0.09319933724276605,0.11730076483349954,0.13742787629668884,0.037550233929161236,0.011884643199629216,-0.05403191286956262,-0.08642658518266855,-0.00629247544957493,-0.03319686455201459,0.005082415261946119,0.02991351888061293,0.003116997846879197,-0.06400379152062734,-0.27083066307499,0.014658545721810048,6.797340072468412e-05,0.004767801306008929,4.559442748144763e-05,0.0010521855508571895,0.004267450035296999,0.010755449439744175,0.022784996126497672,0.00196654122308775,-0.0012634883324244605,0.0007588058314974546,-0.00209764932566364,-0.00015604256255680887,-0.0016192725719410275,0.006620801731212909,0.003122579235904641,0.0004416445787927904
116,0.001103124184703015,0.2073794637949179,0.10549286550652956,0.14337986577176384,-0.13952555472709288,-0.006441012349464414,-0.24374001047172633,0.21891165221434428,-0.2601143378539073,-0.01582907849575164,0.13942829868719028,0.15763964570890712,-0.12786038943091962,-0.3308980628710136,0.5584935320049638,0.9339236761263853,1.0002263158757978e-06,0.005491940899085275,0.00024249912476165136,0.0009136001190383489,0.0022853166408387127,0.0020123802064344683,0.008934938933039567,-0.0030168029086228157,0.0005306417493494028,0.001681840960093679,0.002216188701922554,-0.0025309766466099105,-0.0006838611607196222,0.0026921540810971945,0.0010098814978377905,0.00468929718380983
117,0.002052449349826204,0.32457876846151135,-0.024526227503477407,-0.08275992172201178,-0.3400610106593554,-0.07886224701541136,0.7981617646137377,-0.3004695107996029,-0.0439534773927633,-0.11444601659021132,-0.1200935060285642,0.04631187113375382,0.10759886890558507,-0.2710621469679377,-0.06929961586222567,-0.012475882865526661,-5.006361494071802e-06,0.006626173488772478,0.0035139773710088783,0.08813780089762702,0.0193834285501457,0.29890477355928063,-0.1524126976967803,0.0011458377209898043,0.00728154958399109,0.0031056390569815617,5.7077436109375896e-05,-0.0015014558597410545,0.0008713027098284742,-0.003490791116638304,0.023457676258141144,0.005129029107539589
118,0.0001003990246184114,0.045537503214353646,0.11388712865440506,0.12794246392246866,0.09980370356431073,0.011332992056392098,0.027068470015203464,-0.020507655564695,0.010890348412996829,-0.018747772034602546,-0.02001908989452535,0.010191925604014275,0.02154784608633721,-0.025845663745293655,-0.21052298471850697,0.07466464118392224,-1.7084462094423511e-06,0.00025619832258448974,-4.070390942628963e-06,0.000227243321853248,0.002792458285241093,0.00030967769494556817,0.0008940262948521091,0.000690046099389038,6.823186642279533e-05,0.0007381450529337251,-6.951124827054695e-05,-3.853147236081131e-06,0.0003037876201922395,0.0005495480628328933,3.646681492073931e-05,-9.67353756515096e-05
119,0.021940894813392023,0.2853244897028134,-0.07105519023188807,-0.1019327569444448,-0.11478277130708431,0.13435210095677924,-0.14187803131441126,0.011424741221030972,1.7614897702930317,0.3644103026273911,-0.012001600538218306,-0.10815991281683039,0.06800496343429338,-0.4950201865490732,0.0039093786226624665,0.22728913972562645,4.085998852648314e-05,0.03057668482203,0.00019975559516371725,-0.00011624176221007313,-0.00027831427490520184,-0.0010617271245060341,-0.0019920676952077648,-0.00022556026160933993,0.00032223037387946397,0.00026157383256467917,8.210906881147751e-05,0.0014905519720391136,0.0038973467805707056,0.0005939853561419381,0.0004095709669916997,0.0020571914594363153
12,0.004261648753735833,1.083482395660886,0.5083002613582258,0.6158270309062126,0.32429757849657226,0.001697723721687612,0.6304184747015118,1.9727790958697282,0.10181575168455126,0.3514497162959689,1.2834896093169266,-0.2606637419446833,-1.3202383589722575,0.6610429023805289,0.06759109210556015,-0.7714836273967801,4.780265965091308e-05,0.06523968606355321,7.4100856329644e-05,0.0046636041756843855,0.08014785626897318,-0.011240853865566057,-0.007750422380750813,-0.0015129135624481727,-0.00035237096271255395,-0.013452098487046807,-0.0004578161658893182,-5.140283642618666e-05,-0.0008421934928958744,0.0012287473416909469,-0.0016118865562666869,0.03180592264301444
120,0.0003164276509418911,0.0711698585999735,-0.002309143222244194,-0.010208827329367821,-0.018423610306472434,-0.01631556957774778,0.2112158679277866,0.1204867191023336,-0.04060254418399642,-0.001998521413221376,-0.028400659383089298,0.009393607793414976,0.02851491415213707,-0.062156220034612714,0.12123435846107483,0.039383382692660764,1.3983590657355848e-05,0.0013573952428574372,0.00028849140656458147,0.005560541780876197,0.02133542244152137,0.002847563095714753,-0.002718927902490987,-0.0009400749964002948,0.0004773692394917051,-0.004115849994036539,4.3259706433748576e-05,0.0002572993515414302,0.00045380903026688514,0.0001682155022493396,0.0026081301886244435,0.053984355561146516
121,0.00028252993149728827,0.060818512535438435,-0.0026731829425168984,-0.0106899951772449,-0.023463036774383925,-0.015252486494337521,0.18837883171215242,0.08016446700220292,-0.0327738437814663,-0.005833324713770303,-0.04099281546527973,0.009181989675117772,0.0403442780834399,-0.059493796188219636,0.09232655297365654,0.03140606326490395,9.339453712979205e-06,0.0011544368752687865,0.0003474299048140428,0.006601616605723167,0.016577612948401436,0.004731857652083856,-0.0032700732923296033,-0.000811123383262037,0.0002827533156795743,-0.002986599018216839,1.9148083785136652e-05,0.00018329844387925324,0.00022872789666927816,0.0005061330164612259,0.004306014628771513,0.035605896039923667
122,0.009316403553196712,0.2675390710113118,0.06015788083415969,-0.14178369661391318,-0.2868892792542941,-0.13254991682598136,0.7235620899281524,-0.27269284765825225,-0.06627838096634768,-0.08322031039462463,-0.20648728415028017,0.13317065060435637,0.12626439597625275,-0.2805986908189115,-0.03626605594809334,-0.13712058433869243,4.592448764515442e-05,0.0036140346058132025,0.02014587786685191,0.19477188395408623,-0.005340023975127138,0.05664499058635898,-0.03384416506448122,2.1982011121848577e-05,-0.002418350757799886,0.0005775677529328608,-0.00011874168063562491,0.0015981791960414905,0.00011570629056121534,-0.006751177656667883,0.12299807225776554,0.004506397307883752
123,0.0017905429413571745,0.03425981314320298,0.23792124937156628,0.1551590956009125,0.23103316304932892,-0.012885357826760143,0.13715066435047232,-0.44891261202785326,0.15048904614742553,0.04418994762464494,0.0439333641071016,-0.14516533295383816,-0.038139581806980793,0.40502064501177765,0.6381078986421697,-0.05761343109105792,1.4923546746273978e-05,7.627339769905489e-05,-2.9194531040083786e-05,5.5364661440297384e-05,0.0014647070481276564,-0.00020365416910889879,-0.00025597367877387163,0.03999433619924375,0.0004484206899719259,-0.00016320598937699036,0.00014632395883112522,7.766853218688541e-05,0.0007117809820263824,-0.00015424556801001127,-0.0007532252276861921,0.000638431243416668
124,0.0017657512033486347,0.36079750299284596,-0.013420914446326768,0.005309121498654897,-0.16237848941191702,-0.010948097716960467,-0.0410044284757167,0.04798867673305966,0.0743790156602166,0.0394899688004978,0.27226784878664023,-0.03696101325185244,-0.2689634994000297,0.09141862483785154,0.014161993037512945,-0.0698202288389669,0.0005142434432530591,0.9790197371440822,-0.0018171284183142824,-0.01639047825876917,-0.03146288481577851,-0.05165386053344522,-0.06929384609956314,0.00043609992124001685,0.00023748600834486375,0.0010570326282183795,3.447690732521895e-06,-0.0003453943581976156,-0.004180287445766332,-0.0003958553447015724,-0.0021621225444070826,-0.0029987740508612935
125,0.001896198949644316,0.5729899150222694,-0.08931509417613437,-0.05897742708090272,-0.33801158243369556,-0.04655119865290388,-0.07410089539309413,-0.33690762262500085,-0.14951470865900132,-0.05498137548169755,0.06864481021711048,-0.13490476499252801,-0.06002238230931424,0.6415661826237586,-0.3959434354663295,0.3131014975385977,1.4399066945248873e-05,0.027062145184712547,0.0002924572336172458,0.013038759169017065,0.030715184513435793,0.14541646927834329,0.30022935491998126,-0.0007967236920767885,-0.004367733437969889,0.001796203110085419,-0.0003250556691618764,-0.0014400256613648801,-0.0015646755068771728,-0.002435397766519713,-0.005700776754113651,-0.0012687907377702406
126,0.0006270270664979738,0.154759773748898,-0.060659143688494795,-0.06441645886409557,0.02134348328784545,-0.0069499003116954335,0.0038338679419206746,-0.10278939436025912,0.004863760461892627,-0.005947740967767788,-0.051569094279509266,-0.018461056359598577,0.04874501628680442,0.11584494569131538,-0.1018389210306349,0.06635658792020575,-4.267100953595735e-06,0.00357475246253487,0.001571790023620575,0.01919647179442557,0.002817083633880664,0.010293959680481388,0.022202961705457516,-0.000783304262751714,6.7945187804709e-05,-6.497222034806819e-05,1.7148187611326952e-05,0.0015535496726089256,0.0003385537736721919,-0.0032874854856541737,-0.004415641521061858,0.007450676688832092
127,0.009640919879290588,0.2407223240978609,0.04792256100945608,-0.1653801335030194,-0.12490121995852249,-0.11130954363853485,0.776050033505872,-0.014205665474614285,-0.0747864660845978,-0.04968044678500373,-0.1239902431030815,0.16432536336857026,0.033098155309153436,-0.40387478657158715,0.20460493982228406,-0.12745495592908282,0.0001068521464383355,0.004701030784482471,0.019498242774707165,0.17196982138698552,-0.006860594569194469,-0.0291808654880066,0.006840065449486692,-0.0001824845040770892,-0.002986733775543582,-0.0003756682706190675,-0.0005126531787960596,0.0025825089132907983,0.0022742669647081333,0.00023070681819482337,-0.0033618974109589196,-0.003132625846148285
128,0.00012061841687002434,0.02090880257720859,-0.0006876725926148163,-0.009309303518541279,-0.034987865633522984,-0.012049911558682978,0.12744170398943244,-0.03677666689882166,-0.012922590848295536,-0.018750409593694575,-0.01395611283805916,0.01553962472184547,0.015467658686341066,-0.06539256625344497,0.005212756757443284,-0.0042973760477921065,-3.5356713956638383e-06,0.0003413107235233625,0.0003157090247540342,0.00721834934137172,0.0014396763348127253,0.0142789468787801,-0.007302001748880362,-0.00023566111427103634,-6.940235454350237e-05,0.00019528122335424732,5.271133923322028e-05,-8.112879579384827e-05,3.0025055314626046e-05,0.00023075139822945214,0.015239156793563488,0.0007553637046017526
129,0.000901731961116479,0.192329291250402,0.1054475830977974,0.14176174353106832,-0.12638364183896528,-0.00598612878356284,-0.23208804483340556,0.21163359720604596,-0.263673806250358,-0.02068152089571431,0.08955144116191496,0.16526402325125295,-0.08288561158454914,-0.3619602344192625,0.5627630696447335,0.9332161221841636,1.1801040385634018e-06,0.004439016457611657,0.0002472898656580952,0.0009583399642767317,0.0019821594659923353,0.0016119925641558464,0.007860638459837942,-0.0029366340881169877,0.0005608536628773269,0.0016956212635663858,0.0022012027025284965,-0.002516029939036486,-0.0005878603731761916,0.002660809483252763,0.001084706014232925,0.0053687646235372425
13,0.014177318326156327,2.428329477523513,-0.07864646587075802,0.031125595193956263,-0.9088718942100759,-0.05901875956941121,-0.21530213468211587,0.23915355308578573,0.36474387484452714,0.17168157227450342,-1.3137115188742,-0.2981244198206602,1.2431630894716088,0.4378653255409208,0.03257246411269053,-0.2733043387143808,2.8647148097400688e-05,0.030231677196289893,0.0006509228096263453,0.016617343431793614,0.06269923659347304,0.05156586579362768,0.03406372752268672,-0.0018024151006489917,0.0005166412123356744,-0.006699391165571847,0.00027586208909218636,-6.813587200292959e-05,0.0018774504722917265,-0.0028195877754102943,0.040053441965464585,-0.008916185340084481
130,3.881509798342597e-05,0.00951754340321639,-0.0026646544607915102,-0.005954577073356174,-0.01024728327828587,-0.004840384318412119,0.05104122011221502,-0.022431089165443046,-0.006072424276695867,-0.007407802630097391,-0.004996268400679184,0.00869077109569775,0.006226102147716053,-0.024532297234613577,0.0020957922089178678,-0.0030978098839208055,0.0001270450560280978,0.0006518630903953833,0.0006606786590266682,0.010039453636175266,0.0005089386961797659,0.01802428214443422,-0.004647350354668036,0.001668667778209993,0.002713648484137314,8.951220294506895e-05,-0.0024099256580629317,0.002725956341051723,0.003724228618133121,-0.0032324858931298745,-0.007561739175808391,-0.007571139295038143
131,0.0006681218228458438,0.15251864552354877,0.09710951325671971,0.11994094099458522,-0.03226101805511858,0.0005185358908328377,-0.07084564796868725,0.15714340460275752,-0.0474139744749459,0.01895513992904225,0.17575152703031072,0.030057161375589878,-0.17984350548048755,-0.06228824378477038,0.10210393731246195,-0.15024509252366106,4.430059245035439e-06,0.012416960340431785,0.00013433914858896904,0.005778206524932251,0.09094620911833518,-0.006962133044989031,-0.003479310326690299,-0.0008465347496324712,-0.0005062039913484375,-0.013720653901999579,0.00042817019142299867,-0.0004825137026991756,-3.4774753404580153e-06,0.0005275218432819992,0.00037827245445281314,-0.02339446116301694
132,0.0009671467173072113,0.19882939650704323,0.050922551057459804,0.07377984733964843,-0.1580313324801596,-9.800863606227502e-05,-0.20220488214283544,0.043502135784314486,-0.011563238363197476,0.013733237492885783,-0.047306151182301415,0.02354322998152595,0.03868763126538676,-0.12344999242114339,0.12704229573198447,-0.29060767988753855,1.907320981063086e-05,0.00948284650283023,1.6795135153964657e-05,0.00041374788534624056,0.003385227481983718,0.000576351814278474,0.0010508489703892929,0.00038005004363174513,0.0016746637196459152,0.004606144842318302,0.00011770980074890888,-0.00011090457641399173,0.0005709544795446919,0.0002407456260102258,0.0008232335946750231,0.0010510179164430044
133,5.565793671683183e-05,0.023266590456668797,0.023319923609003586,0.028733475946984072,-0.009184584301136086,0.0014813421514340817,-0.04859434844479002,-0.03298137050588559,-0.02004341196917454,-0.009990756400961583,-0.009926186022227815,0.020556644208844493,0.009733682928470006,-0.0521064021141926,0.04190166647818458,-0.06990232571861837,-4.627297727124743e-05,0.002028839169552239,-0.0008015024695112968,-0.00068099085774078,0.0056278647985908885,0.000447650882389425,-0.0010230190877766776,0.008058150369283751,-0.0015362088332603941,0.00586976116979641,0.004850160733524676,-0.0014327101503330492,-0.006325014325678877,0.009460366743188826,0.0058060981066534074,0.009624464706193006
134,0.001896198949644316,0.5729899150222694,-0.08931509417613437,-0.05897742708090272,-0.33801158243369556,-0.04655119865290388,-0.07410089539309413,-0.33690762262500085,-0.14951470865900132,-0.05498137548169755,0.06864481021711048,-0.13490476499252801,-0.06002238230931424,0.6415661826237586,-0.3959434354663295,0.3131014975385977,1.4399066945248873e-05,0.027062145184712547,0.0002924572336172458,0.013038759169017065,0.030715184513435793,0.14541646927834329,0.30022935491998126,-0.0007967236920767885,-0.004367733437969889,0.001796203110085419,-0.0003250556691618764,-0.0014400256613648801,-0.0015646755068771728,-0.002435397766519713,-0.005700776754113651,-0.0012687907377702406
135,0.0011045058115677134,0.23816352300219568,-0.0196875308413672,-0.04524081815168079,-0.24124389782474442,-0.05540048654457143,0.44567563621009154,-0.20730378064071475,-0.03538913996821974,-0.0685222329504817,-0.08613702092305803,0.008520626635487836,0.08342933722898557,-0.0848822848337322,-0.08576169502773395,0.0024970685530388264,3.882889585864962e-06,0.005588479355873038,0.002836067995035861,0.06712933398975636,0.013371520120950742,0.19630813110875717,-0.09551789887739151,0.0009968309467736564,0.0049912645105470764,0.0016871502228559083,0.00039886146108176037,-0.0002141858332992095,0.0013128042838731003,-0.015857785574909383,0.2566748465855748,0.0068146171973733185
136,0.0008547630478709938,0.26826171215813105,0.04054436424771202,0.07165347028114502,-0.1989423369387657,-0.009178927823131683,-0.23518850031372143,-0.10312864750051252,-0.09410929074776858,-0.025903510306015155,-0.051869527504923615,0.039338206760654984,0.058946763251318486,-0.05082104082927477,0.0040384743278641805,-0.12616129923204814,1.1882453745809886e-05,0.015204237901738459,-1.389918853539543e-05,0.0013363457756232445,0.004454338465113199,0.012411100977319046,0.023258148367057578,-4.465216099657192e-05,-0.0002812268264718389,0.001243074279556079,0.00028281042741434305,-0.00028879393934068637,-0.00032964705232909914,0.000909256811859472,0.0022601742134775948,0.0013103502696891354
137,0.00014078497382715552,0.026838497325683768,-0.001023959541519688,-0.00954727651446392,-0.03292345257881672,-0.012643577445939809,0.13934498421666414,-0.013114774367792473,-0.016967630988792438,-0.016033266976116192,-0.008437800404764887,0.014686293296277943,0.010795514831431945,-0.06418349749633544,0.024112164390752647,0.003773663266013458,-8.952635595304899e-07,0.0003975425237546441,0.00023319614869848638,0.00566128284200056,0.001882061020564689,0.012823736450387545,-0.006571519620505896,-0.00022255591606606083,8.467086945710969e-05,3.382478238419414e-05,5.0720774648717374e-05,9.954609050835417e-06,0.00015082033723899172,-0.00014017665561320722,0.013850660428196207,0.0004494407090795196
138,0.0017145023794693562,0.714520182719415,-0.5818999678342678,-0.5962967045115786,1.0511020713405932,0.05345942991152099,-0.11090949010354909,-0.11609316593045099,-0.16262931082548873,-0.06241624804991147,-0.1438961406396672,0.07679566916848353,0.14151669165516553,-0.16921651919103164,0.05394276415966942,-0.022142336412674872,-3.62448780089883e-05,0.006664513757915732,0.00011007965458917239,0.0026048088927446925,0.007504365269572891,0.0050635728699441095,0.0059164966993151685,0.00019444891595594649,-0.00012310741781008483,-0.0008415851361901681,0.0007230158793885412,0.0004894155117858796,0.0008162330972042345,-0.0021320423174964595,-0.0021327889203974987,0.012958785491252211
139,0.006784920190219058,0.31804449114710265,0.12303900753349398,0.16742165195633213,-0.2521433077523817,0.012630660359654525,-0.4347942213532031,0.01209298842798686,-0.1695643274455193,-0.04379984422747869,-0.11340397111163969,0.1423978308929914,0.07588925536777257,-0.397210245727816,0.2918702253957605,-0.23266758509401333,0.00018980943579059302,0.00626293491161237,0.0002902346536022134,0.0014648430779956373,0.004102728306551653,0.0014409508441693615,0.004898143162575152,0.00012009038756038046,0.017229303438169547,0.006894231572647562,0.0002452533928059392,-0.0012855049906392972,0.0001930726991960333,0.00023251920748246148,-0.0005562271313425209,0.006994826153274656
14,0.002246376354899421,0.6463096679891276,1.3788210020881002,1.4996404686546394,1.2334657076260402,0.10607156389108965,0.4147975047763825,0.06133053687929858,0.12647108568667595,-0.06975148057547363,-0.8300587271682428,-0.015788412310871868,0.874321603975519,-0.08283614594593684,-0.8848210967635355,0.3674102578180132,-4.364153490259835e-06,0.001546400171448983,-1.6876950408023636e-08,0.0039551480418500125,0.07461371631784061,-0.0072962792831940074,-0.002242541929978594,0.006145579325357154,0.0001672552740613312,0.004184527644145413,0.0003258821882346448,2.053151101894237e-05,0.001762933473602367,-0.0006708691274279722,-0.0021592628017889893,-0.014305453865998685
140,0.021940894813392023,0.2853244897028134,-0.07105519023188805,-0.10193275694444481,-0.11478277130708434,0.13435210095677932,-0.14187803131441112,0.011424741221031015,1.7614897702930326,0.36441030262739144,-0.012001600538218313,-0.10815991281683067,0.06800496343429559,-0.4950201865490713,0.0039093786226653245,0.22728913972562234,4.0859988526483126e-05,0.03057668482203,0.0001997555951637172,-0.00011624176221007324,-0.00027831427490520184,-0.0010617271245060343,-0.0019920676952077643,-0.00022556026160934012,0.00032223037387946353,0.00026157383256467906,8.210906881147783e-05,0.0014905519720391138,0.0038973467805707056,0.0005939853561419386,0.0004095709669916999,0.0020571914594363166
141,0.0045941391121586675,0.4964680350735213,-0.05122958434680871,-0.055165601885522504,-0.29400547971719276,0.009900520545775527,-0.03624339398278203,-0.25898979226282126,0.004962205843064442,-0.03232031445312748,0.16438242441709755,-0.09498133136672597,-0.1075614389865625,0.34684526940689503,-0.28392329143744005,0.18566257178934836,8.34541517349441e-05,0.039566397780243796,0.0005925526628394209,0.019507707484369034,0.041136937475350896,0.19709018701127523,0.39509949643775893,-0.0008840731387875278,-0.0049599227635147465,0.002932752427384476,-0.0003420108472535555,-0.0012000048004442013,-0.0013540170547045936,0.0021995871640637914,-0.0011909052622753446,-4.575351116473244e-05
142,0.0015934778607545768,0.2998261518185706,0.05972766292574536,0.08508408875300744,-0.22146848512689177,-0.007696412641338251,-0.21137514054481102,0.13501296354231881,0.0002828835427069365,0.042655917339030125,-0.11997049902240259,-0.015499222095733829,0.11207749958220747,-0.04352174497098185,0.1958712733811905,-0.2768873604303742,1.6743230925218508e-05,0.007974821412464049,6.103654660239943e-05,0.0012092016825258622,0.00808431075931441,0.0010027562382201212,0.0024014284029333843,0.00013181876476007232,0.001397153297203651,0.002629616297163793,0.00011827366316052469,-5.335533975603245e-06,0.0002556765334736264,0.00013714802624579728,0.001173449651885038,0.00038276851024482054
143,0.0007190297541993002,0.24877762992998795,0.4273237319945188,0.4813018513853169,0.2339381420516084,0.03343233055752267,-0.15391701424203896,-0.265399057457729,-0.050776751975537666,-0.08415483126121814,0.09174838724180046,0.10487238572096469,-0.09686858003004442,-0.2595823203114653,0.00046587836635109126,-0.19406738926544653,-2.5153068466113643e-05,0.0034156539522696154,-0.00017316907721318613,0.00026867534238690974,0.008349495675171608,0.00013791112566824017,0.0011796004974468507,0.021584658132050277,0.00023651434985998295,0.008135751425474869,0.0011832023652473577,-0.0006694919480161144,0.0008570946668697039,0.0009176308866607728,-0.0010438105065670833,0.007955101882432428
144,0.00012061841687002436,0.02090880257720859,-0.0006876725926148202,-0.00930930351854129,-0.03498786563352299,-0.012049911558682971,0.12744170398943222,-0.036776666898821836,-0.012922590848295232,-0.018750409593694506,-0.013956112838059998,0.015539624721845264,0.015467658686339574,-0.06539256625344439,0.005212756757442543,-0.00429737604778824,-3.535671292752308e-06,0.00034131072401012686,0.0003157090256128163,0.0072183493352689,0.001439676343429741,0.01427894688016629,-0.007302001746570726,-0.00023566111514962412,-6.940236086459825e-05,0.0001952812237234356,5.271134259037031e-05,-8.112878958578959e-05,3.0025019852197914e-05,0.0002307514223202594,0.015239156823766862,0.0007553636810264848
145,0.0002926927904635705,0.08045304115556488,0.04412328097726759,0.059856574246945314,-0.06051285305641911,0.0011097435008537496,-0.14151112372311409,-0.037942627531749235,-0.06593157819172758,-0.021496819871185215,-0.015457126658301047,0.05345315871936116,0.015930247224428946,-0.13798322177194267,0.0484625940379616,-0.12088614527006203,2.9693009779487894e-05,0.006401355267554473,-2.8772685642501032e-05,0.0007217568109301443,0.006110939637530196,0.0029194654854782726,0.007674267634295756,0.0017719184426876764,0.0035500396462069175,0.01900214431864035,0.0005677589534741087,-0.0003639493790008081,0.000272353378166567,0.0007273110959398982,-0.00046614110188165773,0.004446874950513963
146,0.0004889585244508447,0.08424621156216706,-0.005545641707963289,-0.006038844684727632,-0.03835492343679196,-0.011288007260404126,0.09367082618188302,0.09925376373103884,-0.031558394451176995,0.0077529912653377855,0.054524497448600884,-0.0009423858846971826,-0.04941653563158782,0.0017014850324605477,0.12097810890191993,0.11259462702806122,1.3019521755382951e-05,0.010334821769566306,0.00015308508871315145,0.0026729766342108562,0.00412713049813552,0.0030740430626049224,0.0016345149886336477,-0.0004594641872240121,0.0004449547896642319,-0.00046727583579377627,-1.1081139464642103e-05,0.0001806042065251329,-1.1115915726163644e-05,0.0003667998045486965,0.00031332078386859424,0.0010325230172119793
147,0.0005574505719185357,0.20214325129229838,0.5331673279244981,0.5847859140407794,0.4956084431674073,0.04703018146108913,0.1530992064477025,-0.050078875790112345,0.05215021978461164,-0.05350498765029223,0.2006165640511928,0.0437755772301518,-0.21217474695438102,-0.09325243281847671,-0.4936676796823286,0.2139695219005614,-5.228153462675462e-05,0.001648121194870396,-0.00021550337392947452,0.00037815143177279934,0.012326115967102456,-0.0009387082354082758,-0.0008753579432650014,0.009089538351828222,0.0005297602831590741,0.00904162996372854,0.0015533295493600058,-0.0011052039396758561,0.0031131597286812207,-0.00017659832443917754,-0.0036458663678722147,0.01253170054427974
148,0.0003222835873375626,0.039511486771776266,0.15424452177565987,0.14973889366788184,0.15491757858626917,0.007930271608292912,0.06817827214065626,-0.10053777769755023,0.04513942066522902,-0.0012689798684476852,-0.034301188204894625,-0.023975134476738297,0.0364982304379781,0.0612822164658512,0.022392437388137003,0.05121284481943974,-7.463989007947224e-06,0.00014634771053874542,-8.372705609888901e-05,0.0004142794166942445,0.011578430148344025,-0.0015289306347478914,-0.0007030812907031355,0.008805222727491117,0.0008335890367891887,0.04262951112192413,0.00022808925152243255,0.0005564690786146723,0.002519118743567577,-0.002115534753703849,-0.0025813052128425364,-0.00029561864598514134
149,0.0005053507910894465,0.06954475869518012,-0.0018668200954389267,-0.02662683962686561,-0.08886206090862041,-0.030424839645391444,0.3151573321470367,-0.07068718576011615,-0.03111657823655379,-0.040601152678628696,0.046363051594194356,0.04067553590130803,-0.041371465374411366,-0.15187856496939592,0.025376833138288393,-0.008731547689612113,0.00024075103315427708,0.008260971569790797,0.014016999821849554,0.2059914783156668,0.007344505203316631,0.15460159134120993,-0.08425548327487076,0.0002966885930553189,-0.0006768005035362714,0.008868336451785433,-0.0029867950905271114,0.0006420119972362759,-0.009109890756004248,0.026036988256442368,0.04153701915677179,-0.028087421234213504
15,0.0016721831854986703,0.5120596353231466,1.2081758700367484,1.3192800681905832,1.0450530711457833,0.10120676121950256,0.21568511531133377,-0.2655800041028473,0.07034836667370245,-0.13290813667377685,-0.3407934026054345,0.09773836853880238,0.3782556776690199,-0.26041953973636756,-0.906800208087832,0.42015035059949496,8.286827507076274e-06,0.0018102479932944407,-6.668576493795395e-05,0.0007033019805056941,0.007827722146201001,0.002824418639969658,0.006984476516239557,0.0078107743239666395,0.0002283894688113469,0.0057172486176230025,-8.155489593638591e-05,3.337584599859915e-05,0.0013018919347709047,0.0009097914889191162,-0.0012158545882161149,0.002213180759752027
150,9.038523397620385e-05,0.040321614665039446,0.099382823783694,0.11158485141742065,0.0866604481479043,0.00979628520640721,0.02327663704930951,-0.017517769018511504,0.009340268167366541,-0.016080221522886483,-0.0270605262957916,0.007880193768206709,0.028521952354265846,-0.0220894174105655,-0.1789099438157538,0.06325157066881214,-4.095558774630383e-06,0.00032744033733444604,-3.644697639664443e-06,0.0003634876245256005,0.004517270188231281,0.00023559744813926505,0.0008588521327251629,0.0010642263978415396,0.00018314765207790931,0.001195915744468141,-0.00011642287388672777,4.965702370138948e-05,0.0005538634953971067,0.0008720862324647216,8.961710800040488e-05,-0.0003534019175984224
151,0.0003228937299521794,0.0479837662218181,0.18997257651914867,0.18977350136797827,0.19311332847785517,0.011999759772922787,0.08149053199528175,-0.16185895912743242,0.06054420520783627,-0.013013989953787757,-0.05139070147586956,-0.030159355597073396,0.049911989995605,0.08183498762662357,0.025149846263905738,0.04897229737143649,-4.051004657673106e-06,7.9985075591756e-05,-2.5791763706929203e-05,6.698878844184995e-05,0.001998673123598943,-0.00016093268083141688,-5.31244547343558e-05,0.012388895246989244,0.00013165245310769343,4.759224199385676e-05,0.00011106814116868665,-5.471185009255316e-05,0.00036693339151489825,-5.5537264505789335e-05,-0.0004317344975424206,5.66913423645316e-05
152,0.00029015078794418937,0.03498581196957886,0.13459908960008382,0.1305921507272857,0.13453022798691386,0.006852469127616833,0.05859016620392009,-0.08612375855813065,0.0385409322563741,-0.0010844547546019808,-0.04655328162789517,-0.02137469512043676,0.049027030880802375,0.05214194671489028,0.018999198727291253,0.04367758583922328,-1.4218522564012963e-05,0.00022943355166851124,-0.00015443891697866576,0.0007114456736250531,0.019721537720508338,-0.002557560608953624,-0.0011735823788043376,0.014973410817452164,0.0015874786377067388,0.07465497549834953,0.000321554402044759,0.001113367698152077,0.004781411301059604,-0.004178123140929504,-0.0048572189017522405,-0.0006656995649203731
153,0.0017145023794693562,0.714520182719415,-0.5818999678342678,-0.5962967045115786,1.0511020713405932,0.053459429911521014,-0.11090949010354925,-0.11609316593045106,-0.16262931082548887,-0.06241624804991172,-0.1438961406396671,0.0767956691684844,0.14151669165516575,-0.1692165191910317,0.053942764159670566,-0.022142336412677262,-3.624487800898834e-05,0.006664513757915731,0.00011007965458917236,0.002604808892744692,0.007504365269572891,0.005063572869944109,0.0059164966993151685,0.0001944489159559486,-0.00012310741781008643,-0.0008415851361901684,0.0007230158793885405,0.0004894155117858803,0.0008162330972042371,-0.0021320423174964664,-0.0021327889203975,0.012958785491252218
154,0.0009900296502161664,0.24006725529715897,0.11188879673858462,0.13725527246213637,0.03593671642147725,-0.004449778130742325,0.15627987186546852,0.5652824934983509,0.019659394131636886,0.10244700613733931,-0.15508154790626966,-0.1093164048856522,0.159529522983396,0.2198720078136983,0.06291574647463129,-0.17377122928634253,2.0966897541735205e-05,0.014188601414532159,0.0006813424777619753,0.02730364862286046,0.5043392508191311,-0.05362726983122188,-0.027888211127788595,-0.01499090721501338,-0.0032161657704074652,-0.07777468335836915,1.6601197956347412e-05,-0.0012188527180065373,-0.0011552800493179712,0.00036846554472334895,-0.0004143665106666189,-0.12656033419216817
155,0.0004494314581402851,0.08384666712673511,0.01540316690938465,0.018420314829340777,-0.005974659903124631,-0.0073875694347535735,0.10484840164903478,0.17521474174858884,-0.014894991068232085,0.02453997827484339,0.10500159594724612,-0.018288072560306675,-0.10199406245988245,0.04595254107059775,0.07089176229492881,0.007474427174590761,1.9660396729487424e-06,0.011947024834938242,0.0008244556663537548,0.016153659566352112,0.13365910855547522,0.0018108834323445713,-0.0019325005591637264,-0.005525207593801027,-0.0002206995409161763,-0.024177030278666165,-0.0042083200397807,0.005006863229495832,-0.005636545228057945,-0.0017200504081863073,-0.003925929463264196,-0.05250899309049739
156,0.001373834678624114,0.1655618642091529,-0.01015672887243059,-0.05557524147275797,-0.1875214822993197,-0.04564874741786072,0.5208804963442901,-0.17261022122119574,-0.02255824306385515,-0.07150965628479923,0.04969046120955347,0.048052636366299,-0.06660185198684318,-0.21749520767327096,-0.020141246422373152,-0.015629706610535903,-9.147954522746844e-05,0.00458204114132945,0.0018248252215721222,0.03045170298692929,0.006787513271395878,0.03731792426389546,-0.013845173043388092,-0.001101933951605022,-0.0026945401319337452,-0.0008049876164358946,-0.00018739123031344173,-0.0009297518202781954,0.002744626856677574,0.0026126174264845064,0.03401949985862594,0.01309664058693918
157,8.194726503573705e-06,0.004269638374501533,0.015019386287189594,0.016677058915055297,0.015320811650846197,0.001570007012002379,0.005528286858547138,-0.0018598951998530094,0.0019838352153203785,-0.002354219561436908,0.012155695231143529,0.0022055904393730123,-0.013285972009937912,-0.0047800880803899465,-0.0229589371506466,0.011029201934197654,-1.3039824963828756e-05,9.071728198279332e-05,-6.503134454123289e-05,-3.367819034620477e-05,0.0007976092978638222,-7.818893252435501e-05,-0.000551929602757652,0.0010873132897178273,0.00030286684048597113,0.0018440262061546722,0.00039198748054327255,-0.0003777467331313588,0.001270227348731742,-0.0008717815050191145,-0.0014155513362365346,0.0019065831176143444
158,0.0017657512033486347,0.36079750299284596,-0.013420914446326768,0.005309121498654897,-0.16237848941191702,-0.010948097716960467,-0.0410044284757167,0.04798867673305966,0.0743790156602166,0.0394899688004978,0.27226784878664023,-0.03696101325185244,-0.2689634994000297,0.09141862483785154,0.014161993037512945,-0.0698202288389669,0.0005142434432530591,0.9790197371440822,-0.0018171284183142824,-0.01639047825876917,-0.03146288481577851,-0.05165386053344522,-0.06929384609956314,0.00043609992124001685,0.00023748600834486375,0.0010570326282183795,3.447690732521895e-06,-0.0003453943581976156,-0.004180287445766332,-0.0003958553447015724,-0.0021621225444070826,-0.0029987740508612935
159,0.00025248727994533533,0.033837738248858926,0.12031271053820333,0.11950032584400397,0.11770300235969929,0.007073336846067804,0.04754829575992246,-0.06574311716047113,0.02924527468596813,-0.004340896725825403,-0.05321107457121937,-0.012852449504919082,0.05613368335863354,0.03106923960736165,-0.024132376825786016,0.04299417734182837,4.207701402372655e-07,0.00017226856694956862,-4.290363556911347e-05,0.00023517101313814343,0.00575839313018205,-0.00038916750727096395,-8.685239059253568e-05,0.01225733643574691,0.0004523252540005513,0.002497281836931821,0.00010818772046628105,0.00023370050754288572,0.0015134521367088374,-0.0006079233451016235,-0.0012974614120492029,-0.0014231191111966897
16,0.0005201667971761473,0.18913975653024157,0.49941845624679804,0.5483085711959056,0.4645102197689862,0.04437301435040201,0.140500152061336,-0.04372102019295648,0.04561859729781792,-0.05205490500178241,0.2703378571795674,0.04923324592691254,-0.28797200136344875,-0.10098205812192627,-0.46882918597587026,0.20758912910225735,-3.278805394930103e-05,0.0009959211404352761,-0.0001563683056421721,0.00019620533984819908,0.007434025356607906,-0.000582923597402957,-0.0006942214130232768,0.005630659401454117,0.0005068377185741115,0.006486174871782851,0.001027519511586829,-0.0006484529543841071,0.0024121625084994446,-0.00046635581711146877,-0.002804598926116656,0.008144331583887528
160,0.0002716811448710097,0.09319933724276605,0.11730076483349952,0.13742787629668884,0.037550233929161216,0.011884643199629265,-0.054031912869562965,-0.08642658518266877,-0.00629247544957489,-0.033196864552015565,0.005082415261945252,0.02991351888061141,0.0031169978468783997,-0.06400379152062785,-0.27083066307499126,0.014658545721812648,6.797340072466808e-05,0.004767801306008922,4.559442748141327e-05,0.0010521855508568384,0.0042674500352974844,0.01075544943974394,0.022784996126496402,0.001966541223087541,-0.0012634883324250245,0.0007588058314977487,-0.00209764932566417,-0.00015604256255681575,-0.001619272571941364,0.006620801731217524,0.00312257923591203,0.00044164457878987035
161,0.00039698837645171456,0.11936131690803015,-0.04502233055651433,-0.04727281861755048,-0.013699728760504721,-0.010024900160096158,0.04470642595677916,-0.10340881284527029,-0.007997465879879834,-0.012478850389195021,-0.043807298753732876,-0.009855213147690068,0.04670193523492006,0.07488057034341411,-0.07014710545460609,0.04940215936173606,4.9512526989289456e-05,0.002316910230189223,0.0003185595795658647,0.0049231295397380494,0.0018155203048031128,0.009382609262123197,0.0037034957008250454,0.00038123591028527197,0.001465704737307879,3.172580717144872e-05,-0.0008122147919612829,0.0010861982535340015,0.0015202085056586993,-0.0010294480259542339,-0.0020851547688461795,-0.0009417583350473366
162,0.0004703324084658918,0.08816991993479396,0.015855838625126045,0.01746266654897597,-0.011081831206634188,-0.009704439716382521,0.1329384873079597,0.1770248349570015,-0.018278560555976528,0.022283756416562425,0.11203946803269518,-0.014857522530788519,-0.10857034164603549,0.0327856388501833,0.07821346449778399,0.005650488314494619,7.519266898303822e-06,0.006646345242329976,0.000711135511284586,0.013312812360399506,0.07536986891674444,0.005260894647978314,-0.003358063539098291,-0.003144006169038746,-7.810519770907754e-05,-0.013485008734122358,-0.0026536244346481897,0.003106862070363414,-0.0035572713429815714,-0.0003619927718352742,-0.002846963683021471,-0.031240655946038226
163,0.0017954294577890528,0.06718307561752153,0.37262249108039813,0.29897382402422557,0.36097007378442614,-0.002192134390574243,0.1501328983748313,-0.7749652036737977,0.20810516736304271,0.007375881362211926,0.09349579976225204,-0.1800895051233518,-0.11080573103204125,0.5184482404774162,1.0794868434325142,-0.28764554107108514,2.2938979351404736e-06,0.00015894565812615843,-4.445475250365333e-05,1.247862031419115e-05,0.0013421347698540664,-0.00013907581822581415,-0.00016613774930580684,0.02958349404044372,0.0002056485143265026,-0.0008291913931074977,0.00021580908880291082,-6.455511005223471e-05,0.00021381339291944213,0.00019678802865224652,-0.00026789586461195027,0.0008463200482330933
164,0.001612835291493085,0.6614327775613291,-0.5270270220791843,-0.5391265831933284,0.9387925854657637,0.04736610127307471,-0.10308555080248924,-0.10939783203932185,-0.14359111712366543,-0.05499904502391094,-0.15630816198182546,0.06387062514086798,0.1538592969095517,-0.1392394898583139,0.04342860136018957,-0.017489778829566805,-3.5596221900453615e-05,0.00654660625707454,0.0001060101879296621,0.002513400314584295,0.007105651344587672,0.004990790301754481,0.005817302964259275,0.00019483065658950155,-0.00012322743498152127,-0.000767987855655491,0.0007065783263512214,0.00048035327665685247,0.0007953645523979378,-0.002093333342204246,-0.0020648703537525567,0.01153929591518247
165,0.0022563987868755085,0.2222276099565093,0.028202767067055347,0.047105733497794955,-0.1346902289014693,-0.013470939032114396,-0.038765317658428014,0.19662284912207287,-0.08886218746262169,0.02685304508257729,-0.22537972882668875,-0.002089398631105681,0.19834212610502872,0.0422796786771891,0.2685001287509232,0.41940288057334807,2.3422193007920173e-05,0.002844797633281722,0.0001958312697742458,0.0011025040830748506,0.009023589948270615,0.000429423841992483,0.0006680519360141487,-0.0009763647262065983,0.00026386051868969713,-0.0006282376606991619,0.00018089609299067492,0.001086182983127719,-0.0004677018226133327,0.0007471812943745233,0.001399485185347923,0.001764429390392984
166,0.0011603227331727368,0.03975118898297664,0.010253496879632408,-0.02434944403486322,-0.05128017880933711,-0.024525618878342037,0.14021125558732492,-0.055461940532411325,-0.013559951971925437,-0.018986553310752302,0.04278038783776804,0.025870977727644177,-0.02572643046316127,-0.06181711073821415,-0.017389818696544594,-0.006861024093209787,-6.547088888949234e-06,0.005497529432505117,0.001585033284068756,0.03179750253067554,0.010774537605799809,0.13290700802473077,-0.05714498782469576,-0.00187942669779581,-0.00045987229429777366,-0.0007307775539081059,0.0011199274868755613,0.0023349572953030584,0.007083951563132052,0.0006299782685756319,-0.1190984848394545,-0.009118318493342614
167,0.0018156546706001846,0.035576379420621834,0.2474490661878928,0.1628866229032131,0.24108695117105544,-0.012955596622108434,0.1420399528634831,-0.4762122713354635,0.15789363577221466,0.04431551513695464,0.04930809875254071,-0.15199391851421912,-0.0442633844524005,0.42501282568619886,0.680580135741865,-0.06930925648571803,1.4769769929248454e-05,7.8638104946057e-05,-3.2037523666569206e-05,4.990097933761849e-05,0.0014198898267168392,-0.00019811097099630722,-0.00029116856128627583,0.034497478710062604,0.00042932763905789175,0.00045653444200650386,0.00019111420603351475,7.18370947459079e-05,0.0007242716291148488,-0.0001384862592041215,-0.0007753089740584341,0.0006828307350925462
168,0.0006062757457120635,0.18907571189511838,0.10472332824941949,0.12779288913053677,0.07056024185277004,0.00028269961125831656,0.15155689935636957,0.5009616344795241,0.02497009749175283,0.08677519804597016,-0.2205684854385993,-0.09772195204722134,0.22418946690892494,0.17803389026263383,0.00732746865496064,-0.20511953759974583,1.577860949523086e-05,0.007810628424290453,0.0005843411577699983,0.024948271618863465,0.4805475964536391,-0.05394320810188804,-0.02805570285409158,-0.014430531510342709,-0.0030972506971598313,-0.07395587361203607,-9.779223896877467e-05,-0.0011014522953082635,-0.0010267784827564935,0.00012555459970833662,-0.0010341787234293528,-0.11801205420085092
169,0.0008981991708487167,0.3572188953719442,-0.2607423584876684,-0.2634972263060094,0.42251353129530045,0.02038490665273663,-0.07062148343035349,-0.08155958116712266,-0.06978943307005488,-0.028150485949417228,-0.08324718285753477,0.020710819940219866,0.07936678947957121,-0.027358488737825017,-0.0015471317066059935,0.00026339260652531336,-3.570045973058875e-05,0.005976196999614478,8.544926974432319e-05,0.002313342431520702,0.006688312111510087,0.005353385779042956,0.005419899219934264,0.0002452235051069816,-0.0001243209125847356,-0.0007469746400642257,0.0007207753138961861,0.0004340515772644751,0.000752158109074911,-0.002038780765930286,-0.0012362656636161842,0.013704152387564969
17,0.00950107871386833,2.2195254395980353,-0.27193920367091706,-0.17564853746265482,-0.9342025168553044,-0.12597462776219864,-0.17019226876197854,-0.7219691864795641,-0.32866655196574823,-0.09917315561210192,-0.4890302579549618,-0.27587678224919243,0.4459526832893298,1.2519628500261197,-0.6705315893054787,0.45908398050777416,4.42935322583985e-05,0.066616962702516,0.0004869936804295888,0.013124269535567229,0.013924078807330008,0.05094456233027823,0.02566655614103485,-0.00027291411749550635,0.0006090991899323624,-0.0004170906178036585,-2.295822316781572e-06,0.00012632076955698042,0.00042118261428620495,-0.002482977628252192,0.04081649193099895,0.0004685428717889882
170,0.0010537873683224223,0.19559620335162167,0.0564086400713841,0.07491166337370485,-0.1373472901574791,0.01004139119143896,-0.17610544984844861,-0.055696049864619214,0.0031418767273855173,-0.00850846384976406,-0.05940143947378064,0.029194120219896876,0.046316607755074964,-0.12578045302391808,-0.017188438655010504,-0.22520571424319574,1.2610534941035456e-05,0.01093617963627138,1.4787817581178678e-05,0.000605080682538082,0.002677160712447512,0.0031173164577397183,0.0041211615677667545,0.00020808122700896392,0.00034332697246779425,0.0016073187941095645,0.00011841644824999836,-2.0757475740290246e-05,0.00932059537569003,0.0006401729124893643,0.001567388495519463,0.0008057478766595001
171,0.0016556485591468547,0.5000428507416916,-0.07703153963052005,-0.050397278083749414,-0.28765597954886085,-0.04055788222706273,-0.06320784028433875,-0.2824040607361932,-0.1283781993103552,-0.046910585603532014,0.07528788334166897,-0.11243313830395543,-0.07038669157792335,0.5372915752028804,-0.3315270405465387,0.2629531403652171,1.1805277783049102e-05,0.032756433483526005,0.000345666086007929,0.01547903721818408,0.036546642296947235,0.17255592308048637,0.3568864349623334,-0.0009790925191997823,-0.005260029283861944,0.0020841609249972626,-0.0003997029892644352,-0.0017331328279715297,-0.0017193547052797695,-0.003346063851951319,-0.00745154644009027,-0.0017181433049518369
172,0.001231927185011651,0.2362434816677793,0.06887251051608805,0.09208638377554149,-0.1708157423027104,0.011768684650282673,-0.2222247521731546,-0.06382529699660659,0.003057355196142576,-0.008806221138734424,-0.024326915210597357,0.0400090949932148,0.013664009524360005,-0.1605742810326401,-0.011025989299225668,-0.2960074980258632,1.0085917159240291e-05,0.010383785804545622,3.6662519259503396e-06,0.0003312350518752077,0.0015958565561118687,0.001922304483142951,0.0026669910185336027,0.00015200708416923117,0.00016620940894650698,0.0008642911429269585,6.688360376995061e-05,-1.9248892764446784e-05,0.005746608435863261,0.0004707224019294677,0.0009929583701639706,0.0004991383312078416
173,0.0006062757457120636,0.18907571189511838,0.10472332824941949,0.12779288913053677,0.07056024185277009,0.00028269961125831883,0.15155689935636948,0.5009616344795241,0.024970097491752864,0.08677519804596978,-0.22056848543860033,-0.09772195204722028,0.2241894669089245,0.17803389026263475,0.007327468654962751,-0.20511953759974877,1.5778610057554034e-05,0.007810628423694168,0.0005843411574985669,0.02494827162152869,0.4805475964572901,-0.053943208111525164,-0.02805570288562849,-0.014430531497640188,-0.0030972507027048363,-0.07395587362066887,-9.779224192792309e-05,-0.0011014522917091939,-0.0010267784875340122,0.00012555460181879903,-0.0010341787081174164,-0.11801205416062799
174,0.00022362465000329773,0.009981997818285019,0.06366358649541862,0.05135638671850593,0.06452456891495696,-0.00040647775903467976,0.02916733527013223,-0.1572398953395686,0.04220232751382949,0.0019690431232623072,-0.0196285425853932,-0.039018765368863256,0.013253901040238828,0.1105342050553292,0.2346628342723449,-0.06613752697940667,2.967034658800858e-06,0.00017689613105845536,3.848623796238476e-05,0.0006468299569877237,0.013428819729008251,-0.0019183564437165426,0.002721364358263596,0.9854299129077982,0.004742480472100251,-0.09067763307218488,-0.004477069450786481,0.0005587841568530901,0.0010382474727758445,-0.0018642559751690952,-0.0004345675715552047,-0.0021801483094469596
175,0.008375755598963135,0.1035260366336124,0.07154849412411775,-0.11262571526973637,-0.1288310129974242,-0.09792138335753182,0.53600823947902,-0.10832681057288618,-0.05580919196354193,-0.048080398907604474,-0.028557666706248215,0.14344507042301186,-0.03247376269418896,-0.30381363448449494,0.07429483567762082,-0.11937942322525168,0.00025909421753515777,0.004225085029265171,0.041833512221266335,0.3844493027880908,-0.02514072134643249,-0.031061344196562223,-0.0017026127805157849,0.00019222568930016583,-0.007104413106444474,0.0035845102102232125,-0.0014766038140329588,0.0044581962617495615,-0.0030265681134090854,0.007914551299583733,-0.003498158162314448,-0.018674775498530694
176,0.00011348730952117267,0.05031015844838027,0.13867527787596054,0.15457510389075185,0.12984162531237642,0.013477780275171377,0.026636430212644013,-0.0026063227623844484,-0.0009038418826870041,-0.018748503965558765,-0.02510560675096999,0.025156253203762628,0.029307905373902626,-0.06953774316935792,-0.1380836004857776,0.08158468088618825,-1.8020658579818512e-06,0.00015321785431274203,-5.3809898905794e-05,0.00013380953448087607,0.0035708536414067026,-0.000304423412903751,-8.677508737804079e-05,0.0011512930643049254,0.0003927212624754098,0.0044473415591378285,0.00017175448439790418,0.00015225083536535273,0.0011464810048451718,-0.0005607333768620028,-0.0013298430656247847,0.002718819110959473
177,3.198876729247353e-05,0.012753692691979155,0.01757767116485417,0.020846689594862598,0.0018788738984132766,0.0013070351961847282,-0.022010316845677662,-0.0042363830524973865,-0.010219768146056244,-0.004215288026919067,-0.01954745589156644,0.010661711308357818,0.021418710647935414,-0.034865446173592225,0.00962772927704709,-0.030776514351564248,2.166661929101238e-06,0.0008068314291856494,0.00016509626560100283,0.0039365525104990634,0.14053422148206443,-0.026964500189596893,-0.008141037078402477,0.084213561938837,-0.0009106016318913509,0.9729081656902911,0.005693783775964028,-0.0008299827299914722,-0.001805399333583311,0.0021401835613410955,0.001417814742819482,0.014085422287298302
178,0.0003269982007651705,0.12143063140614023,0.01544906218461173,0.028880969296936357,-0.0789055246110618,-0.006385768403799926,-0.07600267323980503,-0.08917210705482397,-0.04682417358318843,-0.02008449325479566,-0.009009450159483802,-0.0033722305817531443,0.008101083790627737,0.06547757011272227,-0.10831148024672618,0.007717519293782163,9.785000451015465e-06,0.004548771774426757,-3.338407647774422e-06,0.0008198257878755205,0.0022591016102741666,0.008890392171645792,0.016744036130622576,-6.285920045443212e-05,-0.00023354718936180737,0.0005172577807324256,-3.169807442180396e-05,-5.267907566058418e-05,-0.00010959232205861836,0.0008079719327225537,0.0012988109571632075,8.535152174415461e-05
179,0.0006474778086462531,0.22216292024399792,0.43937120245151495,0.4881191467412332,0.30442194487578333,0.03440727298241414,-0.04923554564549923,-0.16785978779266877,-0.009956207169963996,-0.05569482139640486,0.23291276874755773,0.08074912504053872,-0.251792046747252,-0.17311600430115037,0.012090039814719677,-0.18288133091263245,-2.3208499508924097e-05,0.003419831005636607,-0.00011337295021740689,0.000544353505872794,0.01212736832355111,-0.0008254604820163487,-0.000291286413788179,0.02070550103696629,0.00027355629873727813,0.001941235925300087,0.0008096244536345942,-0.000589172844016508,0.001382911191920879,0.00020957918730446723,-0.0015161854298470475,0.0058092032093991575
18,0.006879593420641219,1.1811794928346129,-0.08093109757813029,-0.18437244638089834,-0.930729175664778,-0.20412017660422554,1.5212299289767315,-0.6721344933592427,-0.11471101867821526,-0.2190200523897487,0.6474716549539707,0.05860181404571043,-0.6329387102390642,-0.2588827789811321,-0.2753483156803756,0.04281946914643342,3.69427743371582e-05,0.08543137698025677,0.0020668699283017417,0.04275548264529479,0.010843037264729079,0.12075643980907971,0.010750094545500433,-0.00027924349817430485,-4.5517414417227224e-05,0.0016327376245706916,-0.00027136686372809327,-0.0007393658631126748,-0.0009486967238663148,0.002751847780902493,-0.02153183466530213,0.0003034621597381188
180,0.0003210126603923332,0.038780429643896025,0.005798755050835861,0.009777830144626513,-0.029269892713398634,-0.003057029300440564,-0.009663157881016895,0.049687634061274306,-0.02280660928285782,0.006337660679738216,0.03857499799389115,0.002080699790794295,-0.03522834286424887,0.010925242841718214,0.0709477043132654,0.12442388719096908,9.404568595834303e-07,0.002994892682927296,6.365959853383306e-05,0.0003565255642013652,0.0019256898250318653,0.0012088759086070033,0.0036150723865424066,-0.0008123711688123859,-3.7395788283195114e-06,0.00010370603260804143,0.0004233281712689874,-0.0003923365432938489,-0.00035829955306803226,0.0006913114670446727,0.0003326006418801318,0.000313316830969115
181,0.0005120758048200395,0.10119106970152933,0.06994532181325752,0.09118965270351417,-0.0514269880595577,-0.002119665479801216,-0.12176912724616065,0.16140664413968098,-0.16083428842114866,-0.00761683003496905,0.09536763305448276,0.10396131971932748,-0.08716777980626161,-0.21929949143771402,0.36984747548194896,0.6955213641938307,-1.1082719106807975e-05,0.004783727461301172,0.00033796913163870523,0.0009731554710046154,0.0026293681023700673,0.0007783655272609005,0.009317535199163968,-0.004521102365238722,-0.0003618180628525353,0.0021958933708543563,0.0032761620919621454,-0.00398605696932968,-0.0014915021439276806,0.004826320397981589,0.00253453243681755,0.0072414951646177
182,0.00022362465000329773,0.009981997818285019,0.06366358649541862,0.05135638671850593,0.06452456891495696,-0.00040647775903467976,0.02916733527013223,-0.1572398953395686,0.04220232751382949,0.0019690431232623072,-0.0196285425853932,-0.039018765368863256,0.013253901040238828,0.1105342050553292,0.2346628342723449,-0.06613752697940667,2.967034658800858e-06,0.00017689613105845536,3.848623796238476e-05,0.0006468299569877237,0.013428819729008251,-0.0019183564437165426,0.002721364358263596,0.9854299129077982,0.004742480472100251,-0.09067763307218488,-0.004477069450786481,0.0005587841568530901,0.0010382474727758445,-0.0018642559751690952,-0.0004345675715552047,-0.0021801483094469596
183,0.0002301865914116764,0.04268201075885453,0.18532430645806344,0.18186475078316583,0.1758809976119573,0.009108235929598436,0.03165600434631069,-0.44121888176009605,0.08763848537471419,-0.030838430814216937,0.03079939336326548,-0.06421457995200942,-0.0560943212540231,0.19668532271271266,0.6152595391354999,-0.27279624466200797,-7.4411359917961335e-06,0.00029963000313001686,-6.681970706900996e-05,-3.5280477462211655e-06,0.0017897523267992998,-0.0001388599442693503,-5.45665549208492e-05,0.04617719338514782,0.00017268848082914185,-0.002902573846633841,0.0002460048937509661,-0.000166433388494193,-6.321245954960447e-05,0.00045698317403347567,-4.433572118320929e-06,0.0011642056920228257
184,0.00031206826245480765,0.11389349570537738,0.20319378837810703,0.23072218232375202,0.15576540609034983,0.017717126789429688,-0.03531748569930467,0.04230277637575201,-0.057489680301002447,-0.026044470840221677,-0.09838042648023333,0.06882932710012993,0.1083091195925846,-0.1917756371361914,-0.04417966820812081,0.08566475202267572,1.14185466304587e-05,0.0004888167995659573,-0.00017194916917644793,0.0004791155447147338,0.010202236079563965,-0.0008377511241379123,-9.014310403730668e-05,0.0023154283864387773,0.0015508406858933358,0.015430552077149974,0.00041003453036578263,0.0010251468485110414,0.0037375716811329476,-0.0018577252374334541,-0.004195545596793757,0.0036730894837578537
185,0.0009943736887583047,0.2108836680467503,-0.017173314583079566,-0.03946073284821568,-0.2095052761821645,-0.04790320460013488,0.3833468072013198,-0.17738495635790172,-0.030171374125305676,-0.05833101840323521,-0.11662547100108911,0.005866301777484505,0.11418929162871862,-0.07184687959692285,-0.07115538583957703,-0.00016182787913681176,5.140104050982277e-06,0.007998019157447876,0.004766246686211003,0.11463086857133016,0.022895028788011425,0.33947146718067756,-0.16711688092404436,0.0017856380736520352,0.008798573684067189,0.0028725170061234687,0.0007361611850271531,-0.0003358490032012243,0.0024401099982444465,-0.02866772201968818,0.4607032922287856,0.012202314914841524
186,0.0003632173983890334,0.13713872138558908,0.01770150142929775,0.03311788377676706,-0.09085711268478176,-0.007378541530891977,-0.08849753751624412,-0.10419276413001594,-0.054861929576596594,-0.02381989438243619,-0.006566529201378194,-0.003566048872820318,0.006858100510459658,0.0770738150256094,-0.12877236455865101,0.010585739017051685,6.340885623618446e-06,0.003131871135478124,3.4227878811253618e-06,0.0006665083451080359,0.0017749210866170439,0.007251584330110556,0.014079826859651264,-5.211356796762158e-06,-0.00021304212682702505,0.00032826102109713147,-5.5558296605320504e-05,-6.11952882828201e-05,-0.00010751708999141491,0.00047487465478177103,0.000696386037905558,6.205675306393906e-05
187,0.0008715643183177669,0.19587592759775646,0.02319800547761896,0.023644564612125836,0.09031296379149267,-0.013392376080469556,0.2772172534273716,0.3889533739185743,-0.08813065310878175,0.026201598033777418,0.15720766049532706,0.022807345967387767,-0.155862063615996,-0.0832028391280844,0.20527820989386264,-0.00153318768866279,2.3917323740136852e-05,0.0032302461559748723,0.00043643645939923866,0.008858629393501155,0.07027555880624228,-0.006665586857060982,-0.002828640616903591,-0.0021018951802595845,0.0004523326301263021,-0.014709489177463002,0.00026450410436320903,-0.0002867089065296017,0.0012600746488242677,5.729135643130085e-05,-0.0038945265569773966,0.23870044714939945
188,0.00018650557250193744,0.011285496392435293,0.0013766955683189054,-0.008915848557671503,-0.016178250401806298,-0.00908726416755256,0.08989625659165613,-0.016027396925787883,-0.010050156638816634,-0.010456578338415491,-0.0032709281272147463,0.018686216349283642,-2.303702011903815e-06,-0.057205324108738874,0.019516040050102098,-0.013851762265783874,5.815158058971101e-05,0.0008242114976286643,0.0027861343723811077,0.03723399373140696,0.00043357092406086454,0.012486087791104796,-0.00834430077893239,0.0001930848073686651,7.034784627484918e-05,0.0009070516774378263,-0.0009708617147784474,0.0012370792001631268,4.555953905020649e-06,0.0034001362865557017,-0.0009830425090560136,-0.004539273381648183
189,0.005454183500989913,0.8535678046010613,-0.5556641320387854,-0.5772868973286904,0.851256440762029,0.07175242522355531,-0.13119827206623302,-0.15891246956083133,0.2932444503913133,0.037624123018329306,-0.33713149436156925,0.007790782983465479,0.3018374617348901,-0.16000020161118236,-0.022433813271366808,0.052716725695669216,-1.5837718514538466e-05,0.02311151780433359,0.001046902611998264,0.012890955043953371,0.005580565379896189,0.00551634952155612,0.011634325922806868,-0.0003325292803119421,1.8648718562959617e-05,-0.0004953122271452161,0.0005293123542168641,0.0012982636269946472,0.002996209889147324,-0.002902398779859439,-0.0028417932538980996,0.012764603473267034
19,0.003608407061972413,0.5643239559056524,0.09015539423277424,0.10726886110790775,-0.033712980182930063,-0.04007799637506657,0.538659092393565,0.8687849506243819,-0.07408533605869015,0.116367244223158,-0.5085020907502784,-0.1284009002281862,0.4812060833242699,0.2188431929320823,0.3259239707453367,0.03229683728930169,2.857664621311823e-05,0.006459002928284903,0.0006980516454651608,0.013518550594014139,0.1382375080512633,-0.010194476605725644,-0.00667184855473933,-0.004479826301035527,-0.0003673875768799447,-0.02088101039304058,-4.906333369059558e-05,0.0006116647018972208,-0.00023671621331906818,0.00045614762275510823,0.0036158756275548004,-0.01877423235861148
190,0.0005102068053359457,0.09432307376521208,-0.0269498776775696,-0.038797641685410805,0.020149557355695114,-0.0111316259550662,0.15083855120022197,0.06877348147242451,-0.029821250396704024,-0.0037718068161868208,-0.01041189849632535,0.013034797920128184,0.009207620743793353,-0.054557611694541513,0.08814384699852477,0.020928764645356604,5.84087824631864e-05,0.017698424478539726,0.0025519450172101455,0.03402178420472618,0.02194214951837775,0.012146903187495763,-0.007952432535504072,-0.0008854285126497401,0.001512899252778871,-0.0029019628535088015,-0.00030796640796329277,0.00112116584343904,0.0008741610496461076,0.0014302951249210156,0.01737682401575329,0.010321007750954635
191,0.001714502379469356,0.714520182719415,-0.5818999678342678,-0.5962967045115786,1.0511020713405932,0.05345942991152105,-0.11090949010354904,-0.11609316593045114,-0.16262931082548882,-0.0624162480499111,-0.14389614063966616,0.07679566916848467,0.1415166916551669,-0.16921651919103262,0.053942764159671044,-0.022142336412676968,-3.624487800898823e-05,0.006664513757915732,0.00011007965458917253,0.002604808892744693,0.00750436526957289,0.00506357286994411,0.0059164966993151685,0.00019444891595594784,-0.00012310741781008363,-0.0008415851361901665,0.0007230158793885394,0.0004894155117858802,0.0008162330972042344,-0.0021320423174964655,-0.0021327889203975013,0.012958785491252216
192,0.0008859310090923046,0.28170928828078373,0.12632948480125114,0.15531659082042634,0.19946502521637752,0.006045229935796708,0.20915745713714243,0.7286808190984227,-0.009134941064389198,0.10997229790180305,-0.07971833643966875,-0.08314824507242514,0.08048765893533812,0.14331714216024888,0.048226290769863255,-0.32065436323803514,3.221086901882556e-05,0.006982415053386698,0.0007454055297864203,0.023660130145236893,0.37988754421477733,-0.04526452974533774,-0.02094021837209478,-0.011049779586369839,-0.0016070104967838934,-0.06307549920447028,0.0001975228269952565,-0.001143528479495329,0.0008249185018548036,-9.687954806932521e-05,-0.007885783077520497,0.21616321122036108
193,3.1389098057982246e-05,0.012854282578190334,0.02657834183945763,0.03043729300501569,0.02017198425827887,0.0022446869616925265,0.003997127442540701,0.0017752686706418654,-0.004625992840656888,-0.005073096457589841,0.01582310987709714,0.006849570902017451,-0.015808853423920004,-0.011631830754201251,-0.037713973415040535,0.05776716539664171,1.4961337307850237e-05,0.0014640780883129535,0.00020454170008249735,0.0010846166656285879,0.004900828257756727,0.0033116042962913774,0.010488736611111504,0.0007750515722572411,-0.0008803202882710073,0.0009714502895516043,-1.7443777636668633e-05,-0.001585557016102717,-7.41498526728513e-05,0.004070213254562678,0.00326497494908589,-0.0009610895998077489
194,0.00154852049029286,0.08492677383001462,0.010348064699729147,-0.04597591773569842,-0.11191472326927278,-0.04851589862882478,0.4191516583905768,-0.09286797275271419,-0.042338930322693986,-0.05164127013372925,0.05219337221091008,0.06728412740037464,-0.03227114868746664,-0.2175067688913042,0.036464476436335845,-0.019757032647767507,0.00014512171113828276,0.004548807608793271,0.008029465549539783,0.1160571592694323,0.004291530341414592,0.08881520003714019,-0.04860068138686029,0.00017696253307249139,-0.0003482754067255292,0.005178402610848383,-0.0017141175288033633,0.0002843179963588115,-0.005250008744644619,0.015283834958060865,0.025408896851611015,-0.016470715534566336
195,0.0002716811448710097,0.09319933724276605,0.11730076483349954,0.13742787629668884,0.03755023392916122,0.01188464319962925,-0.054031912869562396,-0.08642658518266824,-0.006292475449574739,-0.03319686455201559,0.005082415261945243,0.029913518880612434,0.003116997846878594,-0.0640037915206264,-0.2708306630749903,0.014658545721807586,6.797340072465393e-05,0.004767801306008875,4.559442748126423e-05,0.0010521855508569442,0.004267450035298197,0.010755449439745088,0.022784996126496038,0.001966541223087529,-0.0012634883324238323,0.0007588058314975817,-0.0020976493256629454,-0.00015604256255685343,-0.0016192725719394079,0.006620801731211463,0.003122579235907203,0.0004416445787931998
196,0.08363324166897168,0.19167865332487252,0.021259846970278794,0.0004889689893567591,-0.11249519273447807,0.05806171194119658,0.009490758656305373,0.1476818628946726,0.08090672056274321,0.017103696147956413,-0.3729374457708148,0.04594961140418928,-0.017821854423998335,0.11423687990153789,0.12282415778970221,0.19744839504513564,0.0005114845654203183,0.006938181128950269,0.0025464029946122946,0.0020567563410652124,0.020683565398480885,4.1446358495150824e-05,-0.0015396686882001105,-0.003856124635027076,0.0031697946100783044,0.0007754920875615795,-5.4920083239117404e-05,0.016888296107001943,-0.003144247650885673,0.0046324025725464355,0.004174789797422641,0.022037311334580825
197,0.0016556485591468547,0.5000428507416916,-0.07703153963052005,-0.050397278083749414,-0.28765597954886085,-0.04055788222706273,-0.06320784028433875,-0.2824040607361932,-0.1283781993103552,-0.046910585603532014,0.07528788334166897,-0.11243313830395543,-0.07038669157792335,0.5372915752028804,-0.3315270405465387,0.2629531403652171,1.1805277783049102e-05,0.032756433483526005,0.000345666086007929,0.01547903721818408,0.036546642296947235,0.17255592308048637,0.3568864349623334,-0.0009790925191997823,-0.005260029283861944,0.0020841609249972626,-0.0003997029892644352,-0.0017331328279715297,-0.0017193547052797695,-0.003346063851951319,-0.00745154644009027,-0.0017181433049518369
198,0.00032289372995217936,0.0479837662218181,0.1899725765191487,0.18977350136797827,0.1931133284778552,0.01199975977292275,0.08149053199528195,-0.1618589591274321,0.06054420520783626,-0.013013989953787442,-0.05139070147586947,-0.030159355597072758,0.04991198999560535,0.08183498762662367,0.025149846263905474,0.048972297371435214,-4.051004657627362e-06,7.99850755917436e-05,-2.5791763706832035e-05,6.698878844223217e-05,0.0019986731235975765,-0.00016093268083189398,-5.312445473391474e-05,0.012388895246991067,0.0001316524531082235,4.7592241992971046e-05,0.00011106814116786486,-5.471185009267555e-05,0.00036693339151934164,-5.553726451038638e-05,-0.00043173449754762167,5.669134236622477e-05
199,0.0014838049748741881,0.42439936487741325,-0.06301690212074904,-0.04163429716319019,-0.23513640782542075,-0.03160754336142623,-0.05020631795048141,-0.222797111674894,-0.09776875372383814,-0.03800840749365787,0.09862221553989649,-0.08740236654624617,-0.08944328316019409,0.4127312198512209,-0.2619627544108192,0.20675227330091733,2.6459503055502452e-05,0.048282711780642654,0.0005206650025035693,0.023029757892954358,0.05430843483817388,0.2566533371482539,0.5309800993971787,-0.001417099370039844,-0.007737119076115075,0.0031829837198058515,-0.0005696706838069171,-0.0025352556594242324,-0.0027512572452103477,-0.004161400734739453,-0.011177434578178052,-0.002188232593810068
2,8.943433058307354e-05,0.036027859665786734,0.025190861441681082,0.031002846446101025,0.018403763859663497,0.00010419040022448859,0.047402248689091334,0.1685423128348714,0.008825203821903892,0.032115428231144674,0.07479553192041745,-0.027253549969383183,-0.07968078503238275,0.06735496686321259,0.007804615491481875,-0.09561168335027832,6.760923808956192e-05,0.0013670845884372897,7.246468849661286e-05,0.001629099651303705,0.03289301324336299,-0.0038684476372705255,-0.0034440217289238126,-0.0003610990038304784,-0.0005042701297607507,-0.0059714585330462875,-0.0019979793301259036,1.5919127581606576e-05,-0.0032610368913767894,0.006717048708974689,0.002781412596843337,-0.026200318577487475
20,0.0019466382890969722,0.22698440364634279,0.731924107824511,0.7251343300806873,0.6942313557770813,0.040890083759148085,0.256516660348175,-0.47288298813338386,0.17836372413279586,-0.039549845758560714,0.34809112767534395,-0.06405057376591879,-0.368411385199076,0.21944875596251967,0.05868197364440931,0.1175733375698929,-1.761158958715969e-05,0.0007358652567133006,-0.00011333250125406447,0.00015176075507117992,0.0056202783845991314,-0.0004668591762895225,-0.0005158944741226715,0.019152313537743375,0.0003567834494030863,0.0036026650531980294,0.0007801095624686207,-0.00048041590761190944,0.0014883247866029473,-3.214415295734227e-06,-0.0017460679079258723,0.00571041281304986
200,0.0004211360057468251,0.10871822894676683,-0.008530589709057011,-0.004803508333454317,-0.05533099057408544,-0.008272024466223143,0.02315691789705174,0.036379041104408,-0.0028966441320395046,0.006990208389349667,-0.06186771280661976,-0.014630923121532963,0.059384168676909335,0.02273844009453383,0.04384345497814072,0.022223167852050352,5.175735721017776e-05,0.021208267870782255,0.00048277024481597244,0.004535696042414944,0.00509809446110391,0.017518989688508887,0.030186785370465204,-0.0027302763466866796,0.0037540222173003722,-0.0014741936920977204,0.002322689022430104,-0.00044213838806844594,0.004573315023003063,-0.0058940421667342665,-0.006283955014803823,0.007195432997178082
201,0.0005574505719185357,0.20214325129229838,0.5331673279244981,0.5847859140407795,0.49560844316740726,0.04703018146108913,0.1530992064477025,-0.050078875790112914,0.05215021978461182,-0.05350498765029159,0.2006165640511935,0.043775577230151866,-0.21217474695438082,-0.09325243281847534,-0.4936676796823249,0.21396952190055807,-5.2281534626700904e-05,0.0016481211948703874,-0.0002155033739293897,0.0003781514317731925,0.012326115967100176,-0.0009387082354086962,-0.0008753579432620533,0.009089538351829438,0.000529760283159158,0.009041629963727437,0.0015533295493605974,-0.0011052039396766103,0.0031131597286844148,-0.0001765983244455227,-0.0036458663678749443,0.012531700544283597
202,0.0004889585244508447,0.08424621156216706,-0.005545641707963281,-0.00603884468472762,-0.03835492343679198,-0.011288007260404118,0.09367082618188305,0.09925376373103866,-0.031558394451176974,0.0077529912653375305,0.0545244974486007,-0.0009423858846971293,-0.04941653563158775,0.0017014850324598377,0.12097810890191764,0.11259462702806419,1.3019522010742414e-05,0.010334821769470438,0.00015308508897286774,0.002672976630619209,0.004127130487660511,0.0030740430550021203,0.0016345149954313629,-0.00045946418327466696,0.0004449547772634957,-0.0004672758326319407,-1.108114956303007e-05,0.00018060419834823452,-1.1115891843038504e-05,0.0003667998123596756,0.00031332079499287986,0.001032522948063892
203,0.011617458182789323,0.251293001199037,-0.06367284254452146,-0.0865196420295644,-0.09790995159426313,0.10686273824653039,-0.12162786975967105,0.007320732343995624,1.4911370482339636,0.31305995824371347,-0.08515473373737888,-0.10151447608040857,0.027920350433443077,-0.4221641587829996,0.0022549151999668865,0.1863569842748868,3.3126755256676245e-05,0.03630656551637787,0.0001044196007475432,-0.00010676511655701904,-0.0002687639802544981,-0.0013670634101754513,-0.0025586088397168217,-0.00031763425004995195,0.0001986461395235358,0.00034572856290330297,8.008590143481349e-05,0.0012039326820746132,0.004656234607652706,0.0003948100510930569,0.0005137296217633195,0.0028123057677222297
204,0.00023662046374776555,0.019421154233450175,0.0010611601884983957,-0.012115159181457716,-0.02767860164693473,-0.012838592988476833,0.12972044701332106,-0.0254360675183272,-0.013732440051684367,-0.015837676408650747,-0.01569475385392751,0.022398831656341968,0.012161307935765487,-0.0753472812514299,0.022297507560025194,-0.014011922694273772,2.7395730945224396e-05,0.0005719153549701331,0.0022175113395315584,0.026490884663622344,-0.0003387047205926211,0.00423694528028516,-0.0034500940843047944,-1.572530631193979e-05,0.0001503681106234869,0.00032014463108010876,-0.0004606825720598814,0.0009074968805275332,0.0006300025278000336,0.00027049334062193914,0.007044503500249841,-0.00011985167491793362
205,0.00021485984398137225,0.06973012918385975,0.010396103679214319,0.01532317724502076,-0.0066624006002869735,-0.0032365467960713784,0.010095995966269072,-0.012100908610762582,-0.010892245369664435,-0.0029430504016369195,-0.015312530811151408,-0.01556516802698315,0.015612323037579668,0.07106953682638542,-0.07128341006558564,0.037428242907716444,4.9021251937032e-06,0.00392602945714978,0.00029986316826749075,0.0070659826765422686,0.10058309242792492,-0.0053551329289727645,-0.003569908819106993,-0.0027612337396132284,-0.000429800628121974,-0.016770174031391975,-0.00159765526784688,0.001408218104464969,-0.0023672796840202054,-0.00040560327475576836,0.0033643991776575017,-0.03712071556449273
206,0.0005849257064012635,0.11884950985162254,0.08436291672870841,0.11010136758030058,-0.06262522749623331,-0.00260846518655481,-0.15110036804107757,0.2023551879533807,-0.20195439471856558,-0.009183960721535512,0.07900263972993947,0.13018023646560484,-0.0694674141382577,-0.27838758675976255,0.4726494359142035,0.8947263495295996,-8.200098947145507e-06,0.0033750147546360103,0.00024921868672651924,0.0007068781193834464,0.0018866002134918822,0.0004973076638681285,0.00670634506521511,-0.003352609923454883,-0.0002656335915135309,0.0016921263832863922,0.0024236549143632786,-0.002933680186506773,-0.0010956625677642031,0.003571756248388086,0.001882811733821491,0.005116439535885371
207,0.021940894813392023,0.2853244897028134,-0.07105519023188807,-0.10193275694444481,-0.11478277130708432,0.1343521009567793,-0.14187803131441135,0.01142474122103095,1.7614897702930317,0.3644103026273913,-0.012001600538217794,-0.10815991281682916,0.06800496343429387,-0.4950201865490729,0.003909378622664048,0.2272891397256219,4.0859988526483126e-05,0.03057668482203,0.0001997555951637172,-0.00011624176221007322,-0.0002783142749052019,-0.0010617271245060343,-0.0019920676952077643,-0.00022556026160934015,0.00032223037387946364,0.00026157383256467906,8.210906881147775e-05,0.0014905519720391138,0.0038973467805707056,0.0005939853561419384,0.0004095709669916998,0.0020571914594363166
208,0.0003269982007651705,0.12143063140614023,0.01544906218461173,0.028880969296936357,-0.0789055246110618,-0.006385768403799926,-0.07600267323980503,-0.08917210705482397,-0.04682417358318843,-0.02008449325479566,-0.009009450159483802,-0.0033722305817531443,0.008101083790627737,0.06547757011272227,-0.10831148024672618,0.007717519293782163,9.785000451015465e-06,0.004548771774426757,-3.338407647774422e-06,0.0008198257878755205,0.0022591016102741666,0.008890392171645792,0.016744036130622576,-6.285920045443212e-05,-0.00023354718936180737,0.0005172577807324256,-3.169807442180396e-05,-5.267907566058418e-05,-0.00010959232205861836,0.0008079719327225537,0.0012988109571632075,8.535152174415461e-05
209,0.0001977871639508582,0.04440397646858914,-0.003485727466120705,-0.01272021181196993,-0.05944286134945109,-0.01642881751622841,0.1580200439513242,-0.05937574886777397,-0.01452200534095186,-0.024483619015907784,0.013179071183572297,0.01298113944847541,-0.013336122196932403,-0.05959486359420627,-0.012965898525643442,-0.0006810486090290592,-6.309546974642352e-06,0.0035851371043590127,0.00029538522834882716,0.007677034797977843,0.0019464424759580354,0.023416788338696724,-0.00752263985721382,-7.77256069242766e-05,0.0002873771135974838,0.0002797434742941031,1.1866786462046188e-05,-2.2453254287721783e-05,-0.00010856685704752947,-0.00026165063256457363,0.012205612350649998,0.0015634976925416723
21,0.006008185900541645,1.5372630176873439,0.19659733215423206,0.3454928376157049,-0.914229617273576,-0.040882055677543695,-0.9743431801198413,-0.40699628757582185,-0.36871792807085335,-0.10445697585809403,0.30141191083161223,0.15066862225874272,-0.30512324992988227,-0.19682627912070677,-0.007775860145843638,-0.4037208033421935,6.492359584621486e-05,0.10414670404050007,-9.062103342738759e-05,0.0026316882635420984,0.007750953921530625,0.03523871617669995,0.07417607233828451,0.0003320800265012585,-8.070580763828579e-05,0.004347251032276568,0.00038510768972049603,-0.000727384492765601,0.0006423492283126607,0.0006625858701190359,-0.0009437471317697574,0.002134453588206802
210,0.0002039982345982324,0.06550416681059881,0.07720799448249527,0.09020141724240734,0.02412939786584744,0.0075331478173231575,-0.03305206678655753,-0.05149754919489008,-0.0038271304172609916,-0.019338058924416965,0.0072624185260936275,0.01838534117120666,0.0012343789364701937,-0.03682775527240612,-0.15381384270439838,0.008941707517796677,0.00014998219375661636,0.011965076560377715,0.0001080879146639584,0.0024839272735288818,0.009743875803555497,0.025412780810102287,0.05398724174247702,0.004335001796564659,-0.0028338486681275406,0.0017384079454737047,-0.0045751248181287296,-0.00039214652618989733,-0.0037091745195199253,0.014503136360760881,0.006820592388602914,0.0008202568328660097
211,0.00033799121483354293,0.057702204380286296,-0.023684805834994528,-0.031195276531838886,0.027388895877379915,-0.004032437506353925,0.025609675064340247,-0.038211408956271724,0.007266686818862566,-0.0028118751383266537,-0.009934267354975546,0.00219530037842807,0.008582960317704927,0.020218855432235353,-0.042245218464129555,0.01916285103701356,-2.738545123739985e-05,0.0024144006527225025,0.0020511646964614513,0.025501712805302376,0.0030425540367172025,0.015093933354443388,0.019802783807655145,-0.0011272799971613126,-0.0009265973363133859,-0.0003931423418672941,0.0003499427028711506,0.0018998013219251669,0.0007432606817073704,-0.004292185466400152,-0.013778999217549413,0.008616727339571096
212,0.0005337500514155149,0.1616914102504902,-0.00726322941745353,0.004514879932516468,-0.10484913981946968,-0.01006792699764289,-0.05102860897663578,-0.03409791195930411,-0.015703165540995333,0.0005527499261540753,-0.059021976920872306,-0.023026423714707506,0.055685240038486405,0.08277285015480504,-0.02342907681067291,-0.0066306491734062405,8.854463863837107e-05,0.026567627037730947,0.00017722930450713117,0.0046937113072651245,0.006441405616221668,0.013715137843005007,0.007545519144270337,-0.0007433031183629843,0.004643923588592501,0.0011129449293664582,-1.8993412481481706e-05,-0.0006885534373133495,0.001297727637469651,0.006561813469419741,0.004616977648748687,0.004307914155600428
213,4.9442462386889504e-05,0.017734546771484023,-0.0077014340066085445,-0.008115655376007435,-0.0024467772165564154,-0.0018683524668329922,0.008528144810499391,-0.02100587610697586,-0.0017042237152000048,-0.0031880497272152516,0.009669841996487549,-0.001835823597932556,-0.008278678695768964,0.015880314445995483,-0.017614517739802903,0.01426907274979529,8.257783274466755e-06,0.001639071418427158,0.00035423216674798863,0.006318335785322513,0.002512304959508933,0.01583923571389637,0.019535912480911004,-0.0006597585801833214,7.812936434120042e-05,2.8633307644945426e-05,-0.0002583138343064127,0.0015034054484120815,0.00046462525098017526,-0.002973886581027352,-0.006102279387121716,0.00023774239372068156
214,0.00023295270565292604,0.08669708328476432,0.1324349370343429,0.153042126962263,0.0920774690438388,0.01147914184707652,-0.04025205838799938,0.0449246924454433,-0.05087795141236462,-0.01718969528365252,-0.1396686381843911,0.049472651034809884,0.15068635516546183,-0.14568095419228239,-0.012442682652797262,0.047589265502504786,3.493117554530672e-05,0.001095264807508117,-0.00037237785723598534,0.001237638381951003,0.024428592927633157,-0.0019363041668600206,8.522031151777622e-05,0.004902529677747575,0.0036052515784885594,0.03895522205321536,0.0007403162977838714,0.0026436567285623284,0.008390380131933156,-0.0043349225680114414,-0.009273157094452304,0.0028277542330815736
215,3.198876729247353e-05,0.012753692691979155,0.01757767116485417,0.020846689594862598,0.0018788738984132766,0.0013070351961847282,-0.022010316845677662,-0.0042363830524973865,-0.010219768146056244,-0.004215288026919067,-0.01954745589156644,0.010661711308357818,0.021418710647935414,-0.034865446173592225,0.00962772927704709,-0.030776514351564248,2.166661929101238e-06,0.0008068314291856494,0.00016509626560100283,0.0039365525104990634,0.14053422148206443,-0.026964500189596893,-0.008141037078402477,0.084213561938837,-0.0009106016318913509,0.9729081656902911,0.005693783775964028,-0.0008299827299914722,-0.001805399333583311,0.0021401835613410955,0.001417814742819482,0.014085422287298302
216,0.0017145023794693562,0.714520182719415,-0.5818999678342678,-0.5962967045115786,1.0511020713405932,0.053459429911521056,-0.11090949010354914,-0.11609316593045076,-0.16262931082548845,-0.062416248049911485,-0.14389614063966766,0.0767956691684842,0.14151669165516578,-0.16921651919103192,0.05394276415966931,-0.022142336412672797,-3.624487800898821e-05,0.006664513757915732,0.00011007965458917253,0.002604808892744692,0.007504365269572891,0.0050635728699441095,0.005916496699315168,0.00019444891595594868,-0.00012310741781008298,-0.0008415851361901678,0.000723015879388539,0.0004894155117858809,0.0008162330972042377,-0.002132042317496461,-0.0021327889203974987,0.012958785491252216
217,0.00029015078794418937,0.03498581196957886,0.13459908960008382,0.1305921507272857,0.13453022798691386,0.006852469127616833,0.05859016620392009,-0.08612375855813065,0.0385409322563741,-0.0010844547546019808,-0.04655328162789517,-0.02137469512043676,0.049027030880802375,0.05214194671489028,0.018999198727291253,0.04367758583922328,-1.4218522564012963e-05,0.00022943355166851124,-0.00015443891697866576,0.0007114456736250531,0.019721537720508338,-0.002557560608953624,-0.0011735823788043376,0.014973410817452164,0.0015874786377067388,0.07465497549834953,0.000321554402044759,0.001113367698152077,0.004781411301059604,-0.004178123140929504,-0.0048572189017522405,-0.0006656995649203731
218,0.002246645046931584,0.22962397222417963,0.026573493766465416,0.041539149416771434,-0.08999579719246503,-0.014333030770231549,0.05560023301735807,0.24822272316969088,-0.07271178356254972,0.03188934652390667,-0.24512234702418434,-0.018463775109376225,0.22098399988131748,0.05759745294344308,0.2192288809569537,0.2978192205230358,3.447801767563017e-05,0.0038050554842624074,0.00031117156985584226,0.002612573805106391,0.01494026191383096,0.0010042926984205635,-0.00011916876526746388,-0.0011584370615229753,0.000461717719932332,-0.0013079462696487787,4.434620397712212e-05,0.0017390884492993048,-0.0005164529657585645,0.0008452269089554067,0.0019324592719802982,0.004489880018979164
219,0.00010694760762909774,0.025591839850245254,-0.010648001759166189,-0.013621797885732471,0.000965525766577836,-0.0035073905655178443,0.02078105235853827,-0.029564646744321906,-0.0006849801685074137,-0.004500494788669947,0.016689566613848086,0.0008840570102923958,-0.012777922128922363,0.013384135853138619,-0.025406180670692752,0.016243364295489875,-4.913743790947508e-06,0.001170052026920306,0.0003216333585293845,0.0067297908037205235,0.003325733312519047,0.01906731924697138,0.0035072649219641356,-0.0006455015538426312,-0.0004023086417000253,-0.0004885815458044256,0.0001379044848267141,0.0011100961280166885,0.0016431842760287895,-0.0016213361352641247,-0.016151972152030937,-0.00034375435555375505
22,0.0008547146340476418,0.3066615949577153,0.5940509950932735,0.6599002393924023,0.5136599611003636,0.04847695990188937,0.15583725297486775,-0.07633699960002385,0.03328249474641893,-0.07117055462352989,0.21625504306497956,0.04052499140366396,-0.23159157585886633,-0.04318179526201814,-0.7042230175823063,0.3369690269560093,-2.2181261974437247e-05,0.001788821980604117,-1.5319451263556247e-05,0.0016386713346826863,0.02448809662357247,-0.0007010843584719215,0.0009880944824805838,0.004185601115203724,6.050869283067065e-05,0.00182626175196513,0.0004409181091884278,-0.0005463188192947757,0.001171653680663719,0.0007111920871536238,-0.0005524418331697302,-0.0004707953209188696
220,0.00023354892533965568,0.056737685237479143,-0.005100312839770589,-0.016868271250142335,-0.08412039711625957,-0.02257398598532101,0.2193344802747026,-0.09759543270443997,-0.01928954242944745,-0.03738790514013628,0.02331255013271742,0.01636654487920295,-0.02329804632244599,-0.08249989117626348,-0.036321169007504574,6.197418752135143e-05,-1.6932389221782293e-05,0.00580246680864238,0.002368642327325715,0.08182415262257314,0.0215456449646965,0.3769659658001904,-0.2009075875698149,0.001323418522072137,0.009436229556897203,0.004887907551186019,-0.0005063578968200111,-0.003549427207223126,-0.008012258013619055,0.019654234458066355,-0.4169690108681871,-0.0010202339511267463
221,0.002038658139068194,0.04066667898836923,0.28810997595710724,0.1895379336837007,0.2823500967988584,-0.015328258905383894,0.16885353480543525,-0.5670179924612682,0.18853344214023268,0.05378404131659991,0.04062866091113936,-0.18274928803259216,-0.03643167634040241,0.5111565566271382,0.8193784173076583,-0.08411325242077186,1.1210431515151139e-05,6.197077187856147e-05,-2.6263065296216295e-05,4.280887618989231e-05,0.0011707330767622287,-0.00016559393090760706,-0.00023760975406794468,0.028693335808458034,0.0003567996530535864,0.0003999539694616944,0.00015122189611878648,6.239697171927231e-05,0.0006000668733582277,-0.0001274027015819963,-0.0006422450619738352,0.0005241153657756819
222,0.0003210126603923332,0.038780429643896025,0.0057987550508358755,0.009777830144626512,-0.029269892713398665,-0.003057029300440674,-0.009663157881016451,0.04968763406127392,-0.022806609282857424,0.006337660679738632,0.038574997993891316,0.0020806997907948364,-0.03522834286424694,0.010925242841719396,0.07094770431326944,0.12442388719096148,9.404565022713398e-07,0.002994892682721611,6.365959490730287e-05,0.00035652556291492795,0.0019256898430374846,0.0012088759108573072,0.0036150723728036256,-0.0008123712051679116,-3.739593063781318e-06,0.00010370603636520117,0.0004233281903190682,-0.00039233654695555877,-0.0003582995956806228,0.0006913115082809595,0.0003326006885335873,0.0003133168663007577
223,0.005655216457129529,0.7807458513357205,0.06062365649119655,0.07685884110884605,-0.41881984776660813,-0.04868218819436489,-0.04976944792589042,0.5434094232416915,0.07268131742502915,0.18993347107306716,0.2756253723950585,-0.1747597155503972,-0.33584271930878495,0.45675676432270224,0.4432344297151519,0.007648791384510578,7.373182040516091e-05,0.11573629002258724,-6.40445316882518e-05,0.0002247631597200742,0.019184864707364524,-0.0073421296567256385,-0.008449079289561151,-0.0007242151946805353,0.0006855397327409178,-0.0032898211375388215,0.00011101320547093333,0.0005183140494871752,-0.000946709554238884,0.00016647113544077764,0.0005676523709786167,-0.0035820590737423775
224,0.0025101933891607925,0.18152914040191692,0.053234137882023684,0.0030312632474073864,-0.12584899202432967,-0.031617543505568314,-0.01833105510738414,0.20531222569359864,0.03150496183133578,0.1013198169078606,-0.03562130366903135,-0.10594958476084447,0.022911453451942992,0.23211884959264742,0.24767611825498628,0.017813334208334208,1.933019132626938e-05,0.004192117402627614,8.1635348653708e-05,0.0014126966366755668,0.006576441283661725,6.157911114283368e-05,0.0013932598883790585,4.203689055710995e-05,0.0012522080123899184,-0.0011689863246637578,0.00010374868424219403,0.0002708351071813325,-0.0006318780028517776,-3.792635886356037e-05,0.0008012642283302228,0.002951787503370499
225,0.0019260013582330395,0.14928228350095735,0.037995708696768965,0.004584735540738318,-0.09782761060308355,-0.02278530880275298,-0.014270518300458937,0.15149305693270224,0.02337722091538142,0.0707793575216154,-0.04447043509646207,-0.07799248532990774,0.04573836969826414,0.1653838642830192,0.16385650404864482,0.020521029649833697,2.587904888986521e-05,0.004901246022685481,8.280597294117441e-05,0.001506985779490053,0.009622918193689243,0.0006087651165044272,0.0022308412865021604,-7.904613468856706e-05,0.0004118992590815138,-0.0013577954032864333,9.791135842978607e-05,0.0002431063714431303,-0.00040343411177765526,9.676359549651729e-05,0.001073482432215291,-0.00020335684430672205
226,0.0020747060426733245,0.15888198221874877,0.02695813345755225,0.013204440627429629,-0.11529414654898487,-0.01703505694379639,-0.014239047976612318,0.18725601823260188,0.02049699106800477,0.06615209128381346,-0.05364662268460117,-0.06913107913590404,0.04372660780017168,0.1651587418636944,0.19547214280682348,-0.004811653035349402,3.063825830676797e-06,0.0032588615460444545,0.001142398182630559,0.011669453545527843,0.00574849431116344,-0.0031878182903551555,0.0025395649566547795,-0.00012573689473862088,0.0018720309343220783,-0.0015224352371891708,0.0003629730141333289,0.000663526314919331,-0.00127439567501606,-0.0005976051437579458,-0.00015309055087628224,0.007508406856873162
227,0.00886465974422328,0.08580691858329761,0.14533862107820547,-0.0644002598429171,-0.03692003129438819,-0.06127371608630318,-0.0031369907412619894,0.06568334470049417,0.026362048249519793,0.12123503519962063,-0.014577101365044177,-0.09619140329494894,-0.05367191410876863,0.1932704564380682,0.2487595036618752,-0.016775158354509816,3.163379203732721e-05,0.0034349313431740174,0.00010743061551419131,0.0010955416494943053,0.002093290773529238,-0.0003713153363818166,0.0001727358094708654,0.0013175338178737248,0.0003288004657544015,-0.00041558675530021534,0.00010064581865472974,0.0002591289328335877,-0.00023557112223535038,0.0006490200842053259,0.0004700630504454669,0.0011951474710895492
228,0.0011867318344294538,0.035077235390889965,0.010653182685625338,0.0015001224069028346,-0.03369494625007208,-0.004636403661586386,-0.0022422784923574303,0.06353567767184383,0.0033645608161874587,0.01999723220369333,0.010162144968277878,-0.013669832507759582,-0.014072903451481548,0.04614711569808862,0.0836613877052766,-0.019306779028257264,7.727136072596191e-06,0.001651254576875699,0.001439594469837946,0.01369098051126985,0.00013409413975731148,-0.004362821188707931,0.0014527066057086326,-1.9093401112555875e-05,0.0011234974271613588,-0.0005016468881884071,0.0001372833037301915,0.00038243829266234155,-0.0005549985783480254,-0.00036102954447878586,-0.0010200542139319696,0.004334983641083957
229,0.006899717794666481,0.04317818848324551,0.027282104003390352,-0.007221663197327482,-0.04076970766761125,-0.003298172442952515,0.006850724916881264,0.06475583327173347,-0.009753064156058675,0.004855503007196397,-0.00023783350015723834,0.014765516901719383,-0.028386572434919544,-0.005247239286471729,0.0980208141813565,-0.043908765580952816,0.00021028805659659036,0.002071664164198699,0.000515305972304723,0.002412349256832935,0.0036528639435720674,-0.0013028089366959033,0.0008536743788682958,-0.0002918066218079859,0.023305704895444358,-0.0011696740365000785,0.0003135148057105071,-0.0005784298269417571,-0.0023489695725033197,-0.0005140879453140083,-0.0007407735628829594,0.018099020899905404
23,0.006610161982956717,0.5200248920922995,-0.028586431178566525,-0.16281849467837214,-0.41063632647892384,-0.0812998278729428,1.1840162367759408,-0.27197050183933835,-0.01002291684647845,-0.13324598611281988,0.0068781353845075045,0.10019779278500654,0.0700690688794807,-0.518100226617572,0.05454970491513547,-0.01908398991747813,7.659570977574265e-05,0.009484448057500882,0.003934678685206469,0.06803059291015334,0.015800879667731534,0.12304939940800626,-0.03844348498570328,0.00022320381734406016,0.0022942167333004195,0.0014547460533235526,-0.00033592081568220827,0.0003443358649462461,-0.00041871770455237156,0.00020880346172030115,0.11506463859578499,-0.0003548596303444557
230,0.0014390194612669165,0.040616628152689994,0.034915057572662125,-0.010859827068812385,-0.03000330798921187,-0.017783619423297453,-0.0047967785335338575,0.05691933808506076,0.012037197958295817,0.04729223690086736,0.011072122035907605,-0.04478000542903336,-0.011730985085850645,0.09404284280405618,0.10948124125239242,0.007012517482969252,2.378525675409197e-05,0.0025350612859930434,5.4919819077216974e-05,0.0007702185332083809,0.00255737194593103,-0.0001427801046385587,0.0003936030806348953,0.00018669657109928088,0.0002916509459643664,-0.00047927006944928244,7.766217356194568e-05,0.00020353461764713662,-0.00028895520092946884,0.00014409079041988228,0.0004072991720229505,0.0010052158479529109
231,0.008671384776519596,0.028405138699347944,0.07859623685575215,-0.08174984028666982,-0.028142433925108366,-0.0612227893837053,0.14604094359678144,-0.005853446400665782,-0.01895899486281214,0.004384974172209827,-0.06661934784965085,0.09687521306447443,0.0036150428046711554,-0.11169944253450587,0.06516614594555652,-0.12404719172207473,0.00018175800247623923,0.0015487855234349124,0.03877700494711802,0.32904916217894425,-0.028961674127641297,-0.09145132783057969,0.030204128921496334,0.00010210418785014512,-0.007071757878310771,0.0002835264178085222,-0.0004221138066352051,0.004531615851540827,0.0001370416560790117,-0.0015498430974141722,-0.02064652658615785,-0.007322681515810237
232,0.001079986613048162,0.00422064245455698,0.013414787678919326,-0.014042143683966288,-0.005053614326644396,-0.011319268692205389,0.028023480086549944,-0.0013655240295306014,-0.003862356820755645,-0.0003450162307815039,0.01383325620608494,0.0173321660381463,-0.0007685897372107717,-0.02521708329754354,0.007993814396540452,-0.010291901113377078,1.717101126453262e-05,0.0003138881954917799,0.0007889320858471089,0.001165704568447833,0.0014841289909043982,0.00017696778995771338,-7.210521193093079e-06,-0.000492995261161966,0.005034778595672948,-0.0006701080831479004,0.0005258628226823181,-0.0002737123314269679,-0.0012408784435772881,0.0009459710231242133,-0.0005688069857340248,0.006101253871631333
233,0.0021210381357515875,0.15572255053120965,0.04421270292629521,0.0026969786581923193,-0.10382445652798403,-0.02618267294214032,-0.01530427897653455,0.16451812302443833,0.025902252520860786,0.08116465963387626,-0.04700031902527102,-0.08771904896566861,0.04414842392586274,0.18675371428940957,0.19102726717455076,0.019866118688868752,2.7306219496988567e-05,0.005155819833482997,0.00011512804550060952,0.0019138350764904338,0.010008146563351748,0.0004909456928470319,0.0023414551016137856,-2.830094357430377e-05,0.0005076751799189433,-0.001467770105617496,0.00011903572517260353,0.00029767820722572015,-0.000496567864695822,9.403363622616687e-05,0.0011277097487033196,0.0003515315112159388
234,0.0009442196098437246,0.13818245094362813,0.016803797377785253,0.014015206720993538,-0.0922546875491011,-0.013220314236824031,-0.013366155489700727,0.14031168291776047,0.01922510945713532,0.051297703378453234,-0.048349974149836286,-0.05944910743592133,0.03926737610034693,0.13223952766040686,0.1250183364219367,0.0135290094852211,9.90696751227723e-06,0.006921246448385749,0.00010502654640870944,0.002033530969284369,0.013402478559357339,0.0008408645033516657,0.0031010389455191894,-0.00029995308492801085,0.0004510497650041372,-0.0018641473721763262,7.991416647799939e-05,0.00022126289525850642,-0.00046387066059279955,-4.1449732465341854e-05,0.0013653919565093367,-0.0007903926922490131
235,0.0004061993905619506,0.02881786447796074,0.006408448867519211,0.0025204081265095876,-0.026611280931508233,-0.004006264892463198,-0.003315156085571948,0.05042274895009965,0.004875525880706767,0.018100539470782634,0.009305651452859214,-0.016586490555855055,-0.017959304178058036,0.04458638696180272,0.06102519430354876,-0.004263065668449069,-1.1107950974847474e-05,0.0035442470872068116,2.6921595894812947e-05,0.002143368839238687,0.004237968262870879,-0.0015044436726267428,0.0005910480623530937,-0.00012689891461204817,0.006519766334635099,-0.002249626170761509,0.0010028059223466878,0.001150856538242115,-0.0032775267069377863,-0.0013577100242391086,0.0003602279488734595,0.02128654704517586
236,0.00017922525901475147,0.0060346666072932514,0.005959593284375129,-0.0018670460447838028,-0.005357201834797502,-0.003286272774103936,-0.0009778998119239985,0.011386437994658544,0.0024833668174468492,0.009850829967684707,-0.0022210558586856824,-0.009352387028570216,-0.0019117757965787668,0.020078905085942816,0.024367075079342222,0.00015650411121931687,1.0253825015884588e-05,0.0007809967931778186,2.6989857208994354e-05,0.00041485626843530205,0.0014181781718964482,-1.4480130167363796e-05,0.0003317971206529256,0.00041300829124500655,0.00037220747624683385,-0.0005285502133381506,-0.00023806288629492201,0.0001020561231146144,-0.00021412489679015803,9.340780152460948e-05,0.0007316989657387634,0.003993606501971968
237,0.00014780182871384473,0.005211668256802318,0.0018112933327073613,0.0002588991633684647,-0.0060159940979059015,-0.0008555140070661873,-0.0005653118855204721,0.012771156589578609,0.0006615893250113371,0.0039007401516845722,-0.0019669592428231348,-0.0034308680434036423,-0.000650805056188939,0.009656596498875005,0.017289822389640514,-0.002482322668195989,-3.043513685093458e-05,0.0015770615840212728,-7.613048675881303e-05,0.0021581197536832356,0.005240672256374932,-0.0016248597320514945,0.0010464654476706945,-0.00014575607186858384,0.008469051999527544,-0.003203718857363357,0.001538910325417234,0.0017939192535188192,-0.0048416022801348185,-0.0020992717933238734,0.0006287267714265728,0.03177400628793445
238,0.0022107464665785635,0.6097044020940647,0.12260738753751699,0.1555321457365475,0.6989805092859316,0.02968476576380206,0.283081874043826,1.0749710939082873,-0.16325401043402035,0.10612429273224352,-0.638479846310494,0.004212558016190901,0.6703418027574539,-0.1597585591366601,0.17467445858581088,-0.4597571160276983,8.888815140961532e-06,0.002543374497207083,0.0008917538838388745,0.013986542030292363,0.10238184402381002,-0.01322349373855193,-0.0037837756203790178,-0.0025463859558254153,0.00027879621137924754,-0.012401324048908454,0.00014654803298052693,0.00023733380202642636,0.0006674775755475822,-0.0009789018701406463,-0.0034429409743244,0.029501827647468094
239,0.0016230780490265823,0.13802436860428044,0.04646256738595233,0.01625649617549947,0.20155160163465657,-0.007416389042811137,0.14145748582597545,0.39074157256774733,-0.062418852302729075,0.04164839844143299,0.16407755386608674,0.05186034878929659,-0.14663568779507244,-0.10608177681259179,0.07948921793546698,-0.25313938648265644,1.4235932335652538e-05,0.0011796959039321528,0.0009986637763627765,0.011924361332530704,0.045782032599442295,-0.008656368272202605,-0.0007819532903698867,-0.0012291332036620992,0.00011702623525568243,-0.009904070992852664,0.00013101322641417677,-7.976717703591708e-05,0.0007031989964569789,-0.0004405791518931992,-0.005208449842745051,0.17494683395805785
24,0.007228894530711224,1.080199017991832,0.2612743816026015,0.3438949642970872,-0.5980628882146782,0.04278369671440014,-0.6811082229936017,-0.20910635879814657,0.011278716187470034,-0.02915053337935774,0.30598522747285584,0.12803982456835486,-0.2279335912636106,-0.43428674683597995,-0.06933414561468812,-0.7064386865265311,0.00010278794296982302,0.12024356238597539,-0.00014040706624472775,0.0002730996920821934,0.001979819078578895,0.0088989554079911,0.017831658648602852,0.001406848803371993,1.492616901395968e-05,0.003797381446633524,-0.0002015209715070949,-7.767035255369466e-05,-0.0002040184183955667,0.003987316762503032,0.0036191207256172095,0.002140576773775795
240,0.0002753195501500904,0.09058867790516639,0.02097460167208954,0.026711660534143398,0.12479491230442039,0.005560848201645967,0.05541457820977472,0.21834762845094247,-0.03270554935147642,0.022205571730696236,0.13476587334360582,0.01392591955585362,-0.13737500540012404,-0.03315811844888579,0.0389763106449587,-0.1096825718712077,6.24449094551945e-05,0.00585594178928767,0.0010863872837796535,0.023022902768471395,0.22859406819802155,-0.03326526171150713,-0.00994868518811791,-0.005921365862801862,0.0009031415407318415,-0.048767729199187225,0.0007354054117694423,-0.0013178243918468824,0.004131827711113286,-0.0005956436020728989,-0.020459149921184982,0.8135166470555542
241,0.0012703693285171307,0.13070777243935489,0.03576564434307511,0.04111660478959359,0.20001095316280798,0.011657998443408363,0.09707664291779122,0.4135998330052092,-0.06516439590007546,0.038228574364430216,0.16473141850504053,0.03174341677353654,-0.15531245508237929,-0.0820290256868002,0.09385154227309102,-0.2581535240353062,1.8388307729748124e-05,0.0011868185198835547,0.0004125317569784931,0.00634842711240853,0.050452740541186286,-0.007925408202118095,-0.0019352362874475249,-0.0010056048394140233,0.000655715910806343,-0.011399114747291012,-8.532048295395916e-05,-0.0003756826364053489,0.0014649839424923572,-0.0016562789203948308,-0.005636885432697109,0.20990572850113914
242,0.00023087920369178877,0.024085427036664685,0.009574501720687686,0.0033702693161890103,0.043820499612435074,-0.0016480606210033594,0.03424923741473829,0.09941687851353556,-0.015869485942833897,0.011330658541489097,-0.026219142499673345,0.011305734195126801,0.027792325148176467,-0.028683671305469775,0.023460637853809068,-0.0757682225056496,-1.1455896983448358e-08,0.00043399835728545887,0.0024270368433547147,0.026702046166054136,0.017632177351850756,-0.009930317679323099,0.003420472042696062,-0.0007635380880027883,-6.929486674462439e-05,-0.0038904807224469534,0.00011823168197100086,0.0006151151376842289,-0.0006128749094478667,-0.0007163734216014196,-0.005139554815798753,0.10108790571150496
243,0.008345488805341843,0.09846761032931836,0.07185904158519554,-0.09319137191324199,0.08107622011165554,-0.06168713529906231,0.19800807695239073,0.12376447308730165,-0.031187864711773546,0.021907188945648096,-0.145455458004852,0.10691117327087152,0.0798120637749445,-0.14158141924563833,0.05362200965628322,-0.21048603812487826,0.00011197006300223602,0.002501423748315538,0.0297432111063695,0.2578621832603182,-0.008858703429147047,-0.06587883784587065,0.035353342180536006,-0.000847166471146083,-0.005531918001354978,-0.0021334694816546374,-0.00010191371359599821,0.004288198043985357,-0.0001723552359871246,-0.0039782101694948585,-0.01957724404851363,0.05549869997019766
244,0.00023087920369178875,0.024085427036664685,0.009574501720687708,0.003370269316189003,0.04382049961243509,-0.001648060621003332,0.03424923741473842,0.09941687851353581,-0.015869485942833793,0.011330658541489366,-0.026219142499673675,0.011305734195126354,0.027792325148176887,-0.028683671305468693,0.023460637853809085,-0.07576822250564924,-1.1454940080625506e-08,0.00043399835640127595,0.002427036843063005,0.02670204616620844,0.017632177337420712,-0.009930317682082664,0.0034204720439888403,-0.0007635380589616019,-6.92948497207678e-05,-0.0038904807285922074,0.00011823167156822006,0.0006151151410652667,-0.0006128748704282103,-0.0007163734450408085,-0.005139554887710421,0.10108790569625192
245,0.005929258136872803,0.05265021666592717,0.021488276378717044,0.01951663813600795,0.06870068319289892,0.017283838889106645,0.023507949206498943,0.20314112962065906,-0.04113018864702978,0.0037589022685707504,-0.0812728229300771,0.02409545625783215,0.049866383771758616,-0.06786427937844555,0.07656098857354221,-0.158742023476669,0.00018504209694066435,0.0004471944699096063,0.0005176097783515674,0.004676670058522786,0.01661617121128041,-0.003603836336388978,0.00033011287441873666,-0.0004950810618540903,0.01689316081761431,-0.0032216073667985304,-0.00021345337202755238,-0.0010161540672928397,-0.0001965865060476217,-0.00037397705294036656,-0.003099368553017078,0.07808345671873335
246,0.0010297472054175442,0.10063248828108855,0.025393179549135076,0.030976630215098017,0.14155054949124937,0.009112432817853077,0.062395030679280594,0.2708830958210452,-0.0426817139809932,0.024232103310597466,0.15980787661966317,0.021471119367232887,-0.15389677036073987,-0.04928863938123828,0.059301739923703335,-0.15625203083923442,3.110434715597064e-05,0.002254024828785281,0.0007217079549008297,0.011269932576458712,0.09427667209223407,-0.014628979344316955,-0.0037710726163842577,-0.0018450078852797654,0.0006719259624632711,-0.021432181433090926,-0.00018026350982378302,-0.0007070058034309139,0.0028589569599960993,-0.003189328975664845,-0.010320094763998974,0.39135474319134106
247,0.00043351787494517736,0.11000860079322886,0.02708144481377732,0.033776388416936746,0.1605199129869612,0.007730288209056134,0.07427913958779861,0.3021605208557028,-0.045956510809088906,0.030201497568953583,0.10247448438838477,0.017311800477794483,-0.10302183327475922,-0.05111045831808271,0.05906549356360713,-0.16570311664153523,4.4101625188704934e-05,0.0033893734115651403,0.0010533395235213573,0.018770233218069334,0.14127678584726053,-0.022228630199281493,-0.0051724135348788095,-0.003622921646240427,0.0018306307592148615,-0.030437144786659622,0.0003800620162040395,-0.000743070656800236,0.00241301373247119,-0.0010962344724324206,-0.014450431208287661,0.5434115588636194
248,0.0007384578590844026,0.007822363617014955,0.0036763909284439557,0.003351093106207302,0.012244451005365661,0.0032326604264613043,0.0046144177144686405,0.041373779209711636,-0.008229135116123562,0.000982437678756213,0.018127070520533417,0.006590573822893821,-0.009744031695601299,-0.01392013900144729,0.017531043432607554,-0.03863651102674281,2.5507522620403373e-05,0.0006563986981789958,0.0009865795234705655,0.009200456709707105,0.04046492026961176,-0.008397941493401062,-0.0008132580570202196,0.0005954696663734284,0.0010155192944903957,-0.012126351939098019,-0.0012100643915829877,-0.0006723332003680419,0.003854361858761507,-0.008254519724725969,-0.008674540084406724,0.28971181366294685
249,0.0011026594334178738,0.046958625025879046,0.01732501274471028,0.013120490190057477,0.08188020695456631,0.004239185843055571,0.04896690505843651,0.19879263260770785,-0.03334281628512241,0.017171237831878763,-0.04236956662211899,0.01798144810479886,0.05377958819495254,-0.05274409561940839,0.05495409809143929,-0.14893161870289592,2.0196315814795134e-05,0.0006692028159632495,0.0016921117844159474,0.0182061065057124,0.03536585008183953,-0.009885140017928036,0.0009335054896293751,-0.00035087527991815436,0.0011168706169446567,-0.00907383801646843,-0.0004241965168425169,-0.00010134169665942343,0.0016292265146955174,-0.003825225599934409,-0.007178820409013573,0.20853201236783017
25,0.0006446632012789326,0.08073509330401747,0.3464973214195799,0.33198012198989474,0.33592605988440605,0.01516253727533583,0.09770905597803949,-0.6526405286892635,0.15227042265698426,-0.034695194732472394,-0.08528751711312117,-0.11350068846748071,0.05715177905646159,0.3271266091465215,0.8226786828031775,-0.3059969996021807,-4.43841609929245e-06,0.00024317585915605198,-3.940861689734832e-05,0.0001396018772018998,0.004081406328924542,-0.000454994462205408,0.00046405925844014836,0.20068629784513306,0.0009462850239577278,-0.01737378125932735,-0.0006057532568231172,-5.881328248005559e-06,0.00019427185657963286,-3.430767657544284e-05,-0.0001396957754670468,0.00021458877209044338
250,0.0001282391711922275,0.014951603398847595,0.004333725234349607,0.00532318652219154,0.025291872872026614,0.0016861243956935673,0.012093220014946277,0.05481273991390558,-0.008726566776171054,0.004993202377538706,-0.0321635884563108,0.0012034984069099809,0.03331737414949786,-0.01095083599396456,0.012369444554689078,-0.03268123697386009,2.472559743068531e-05,0.00015365976955133368,9.90693377160959e-05,0.001462955689106526,0.010055075085916612,-0.0016573063583795139,-3.417825951404466e-05,-0.0003567209828293916,0.0032454254487362826,-0.001259505849325905,0.00019044304787351057,-0.0003260404248000765,-0.00020379300883055442,0.00027704512980911584,-0.001673113800785833,0.020679062520447607
251,0.00016400368453792103,0.020481879946540743,0.006570045933047746,0.0076065729371621845,0.038724007402896526,0.002379491884876469,0.020826160205910108,0.09352889472495374,-0.014743592582547801,0.008997301737260164,-0.03462778854706907,0.0038606505903343662,0.03712198949491493,-0.020312396556180723,0.022833977595850607,-0.06445695418485492,9.377763217228236e-06,0.00034015921080951506,0.0003781729946055615,0.0054597385440323,0.020760224668524445,-0.004304271159561811,-0.00014095782266515297,-0.00048502025899941476,0.0010759818116986785,-0.00470312083287785,-6.474936503496143e-07,-7.354548606731932e-05,0.00027461774790112444,-0.0006919478742464906,-0.003442633567469844,0.11027855802034886
252,2.332370599292521e-05,0.0035740456412975173,0.0013562723816162774,0.0015768292464955571,0.008404589552906492,0.0005572449210172302,0.005040983394176798,0.023905997595000093,-0.0037047967795676697,0.002362026365019428,0.0065817009458689745,0.0017865874137145943,-0.005980507762039532,-0.005365270731616307,0.00638781522050424,-0.01925030271623345,1.6283509935200492e-06,6.842345982064166e-05,5.1817697710372965e-05,0.0008659581299325335,0.005027523595304591,-0.000945950962082199,-8.38224516747804e-05,-6.149224309688817e-05,0.00019760731327879704,-0.001236599428386659,-2.53487107465866e-05,-4.5224960690972967e-05,0.00015229514848709381,-0.00032442775760742196,-0.001039929343422908,0.03273416287917147
253,2.332370599292522e-05,0.0035740456412975173,0.0013562723816162871,0.0015768292464955346,0.008404589552906475,0.0005572449210172202,0.005040983394177025,0.023905997594999336,-0.003704796779567246,0.002362026365020161,0.006581700945868262,0.0017865874137151065,-0.005980507762039938,-0.005365270731615291,0.006387815220508244,-0.0192503027162352,1.6283515670570567e-06,6.842345922762581e-05,5.181769584599043e-05,0.0008659581242667577,0.005027523600081964,-0.0009459509589038381,-8.382244983645815e-05,-6.149225589178793e-05,0.0001976073048271037,-0.0012365994297006589,-2.534868119167543e-05,-4.5224981177679373e-05,0.0001522951560887415,-0.00032442779738009426,-0.001039929370631681,0.03273416282459311
254,0.00036032828577356457,0.039926876590223044,0.01404431603250993,0.00985674660863094,0.07173083329149348,0.0008158066682833187,0.04645273554530428,0.16300737527551362,-0.025934712077989835,0.017021641338894083,-0.06454495193854667,0.011933955635380522,0.06736704188689252,-0.04054772462520404,0.03865525809290141,-0.1151407044201546,1.3902264283742228e-05,0.0008253610377886296,0.0026810261690370166,0.030767908443584402,0.04095176051926024,-0.014099827185588658,0.002848782096625523,-0.0012709469337221259,0.0012981537436553958,-0.009150463856670156,0.00010153388192836994,0.0004432968482238204,-0.0001131738392084195,-0.0014414179976750684,-0.008487799606968195,0.21617115925200747
255,0.0016541574875827308,0.13270274283948424,0.04414337574653131,0.015748268268257547,0.18982988325796188,-0.006385737380749044,0.13071616931906857,0.3631328729140334,-0.058378760738472216,0.03789701223547125,0.14364752273874326,0.04771217555699461,-0.12939169416606533,-0.09838889841483664,0.07426424773704611,-0.23153468349409773,2.3988393204177532e-05,0.0018029871333180483,0.0015909084350746732,0.01910955132371385,0.07055338369174707,-0.013595944122459267,-0.0010272842151035472,-0.0019569432757350525,0.0006446785067029524,-0.015183081255788263,0.00023666854339479646,-0.00010370076101893653,0.0008863432273241973,-0.0005086817624269567,-0.008209392752207353,0.27233952875103234
256,0.0023678731680331472,0.2696946648917903,-0.0062215211962786095,-0.07797628632387035,-0.29942502361758905,-0.08642647966947796,0.6946796485738367,-0.27816440073637033,-0.05601923981586198,-0.10174023134361292,-0.13053487223680244,0.054141382864167836,0.15283251730348088,-0.2349756176469048,-0.07689981422272622,-0.015454461861074444,5.381409094501593e-07,0.003097016118663673,0.0017419891721224515,0.04035999422999965,0.008913583683673426,0.12449686015365247,-0.060106860344232585,0.0001091201989540062,0.0024422539793322847,0.0007527523229579787,0.00041123962033157125,0.00028696731347389946,0.0019599982018334555,-0.007444128735081904,0.10460760252486392,0.0018161847348669535
257,0.00029963591810274614,0.04099647556754063,-0.0011039869923261116,-0.013809578824036764,-0.055280456661702906,-0.016602537072848332,0.14076105134783748,-0.05875204066325272,-0.012162348503853415,-0.021562890325482524,0.028284565738702402,0.015435399554099873,-0.03333066949128502,-0.052479136770439375,-0.01765738240001216,-0.007472049285506364,-0.00020795802319506463,0.0034091847272155755,0.0016004252746543023,0.030762129623958512,0.010005724520842977,0.026847827716132457,-0.00854076222451867,-0.0023668879699879665,-0.006644447679793377,-0.002330670689917563,-0.00024973103890931294,-0.001984287399417955,-0.002907491310706974,0.005696982135371405,0.05273815343230161,0.027889660365997423
258,3.790425025671813e-05,0.0062287101579158195,-0.0001939390709126207,-0.002445923484091254,-0.010218026330979272,-0.003167346275762621,0.028470946907159914,-0.012370965222769129,-0.0025273850976464504,-0.004736954902256022,-0.006160835769934064,0.0025115621780984173,0.007264206803186173,-0.011738841239664566,-0.004138241294802514,-0.000597948119248627,-4.2097322815178883e-07,0.00010414493727806665,6.373546083635604e-05,0.0017844212136857735,0.0004284510946540011,0.006062671534966928,-0.002977570971004455,-8.901629469646956e-06,0.00010381103364226493,2.098486936988363e-05,3.539472681748416e-05,3.114808128387895e-05,0.00016623599013928825,-0.00046233050208065315,0.006128778490746205,7.253960063125523e-05
259,0.0002949147828050495,0.0400710121987852,-0.0010703460847106244,-0.013389901687123888,-0.05345797124586282,-0.016014445790648653,0.13521996808573078,-0.05625378392591861,-0.011630928872739314,-0.020611615039080062,0.02700990201441995,0.014727673824579174,-0.03178896489877787,-0.04998228787756677,-0.016760336767011823,-0.007078360321189214,-0.00024719615489161926,0.005790742274350009,0.0029766363827626696,0.05107687403248302,0.012280878376605426,0.04305097095068389,-0.01428371524292672,-0.002869924067789365,-0.008014209149342356,-0.0024160004461467786,-0.0004036532289968275,-0.0024603733846452285,-0.003494175599356543,0.0073720127593608666,0.07358526841342965,0.032703729721875324
26,0.0017252297825326196,0.46931729551182966,0.06071944399289064,0.0892694584026365,-0.03689161335124602,-0.017568921499402052,0.04893334349316381,-0.061331589792222335,-0.05580721736810225,-0.02092033147548382,0.07625399949792164,-0.07179264334389544,-0.07061737736070507,0.33347173397328167,-0.35729253117591864,0.20141691052487054,-4.476553938647199e-06,0.017876485028607152,0.0012984994201506934,0.020674032644084846,0.02179731357700597,0.08514292869928995,0.18340594152535733,-0.0007529925327483479,-0.00300234905419144,0.0007100814704616933,-0.0001184969264409086,-9.436443625139568e-05,-0.0010725613432353352,-0.0031594516817803416,-0.006177703297602887,0.004455543385383361
260,4.72113529769668e-06,0.000925463368755433,-3.364090761548728e-05,-0.0004196771369128748,-0.0018224854158400844,-0.0005880912821996801,0.005541083262106703,-0.0024982567373341143,-0.0005314196311141016,-0.0009512752864024629,0.001274663724282454,0.0007077257295206982,-0.0015417045925071543,-0.002496848892872603,-0.0008970456330003372,-0.0003936889643171505,-0.00016871989149850998,0.0010276271800811422,0.00022421416654593493,0.010447385215434006,0.007730570665080529,0.010644684481581025,-0.0027978092061106186,-0.0018638518721865681,-0.005274686210244398,-0.0022453409336883473,-9.580884882179837e-05,-0.001508201414190681,-0.0023208070220574048,0.004021951511381943,0.03189103845117357,0.02307559101011952
261,0.0020860782272599135,0.24822932808696133,-0.08930599441063303,-0.11980894556456524,0.17406870199720947,-0.0036075971377569197,0.02949730676281003,-0.04887721209060414,0.04650159732512436,0.004852376152709003,0.10447663013221674,0.00876261483361427,-0.0739211367042206,0.035695901769067506,-0.1153518920492562,0.050431792275526875,8.07903711037318e-06,0.00258101969136622,0.00022225271506285863,0.0027681315545240786,0.020803395576641855,0.002162362219497354,0.003524995348968672,-0.0005832937013690247,3.809040068508614e-05,-0.003504430938082542,-0.00033287228592040335,0.0004450799531384991,-0.00014044309217938286,-0.00034134216335708585,-0.0007878705744804742,0.003768673595860016
262,0.00025981627056723643,0.03688127954298172,-0.015263502232459522,-0.020591356210448695,0.03112854761303874,-0.000632252288237924,0.005778342203784643,-0.010275242166812778,0.009566209294454595,0.001851616772304909,-0.020942905026655724,0.0016250735678592942,0.017204593556163283,0.008177327497229199,-0.021293628990774957,0.005102991902342504,-6.575245691956921e-05,0.004970909539157701,0.0053261847982533075,0.06109602705115259,0.004284153523502604,0.009355055073278393,0.05042707876526206,-0.0020899681976289694,-0.001946933997840077,-0.0005616735274955775,0.0006928615094887744,0.003507622174969182,-0.0006393399270409546,-0.00927701923042864,-0.010926670073875709,0.02515399418095781
263,0.06164376440618249,0.1437897081997733,0.4190411315376474,-0.45449074711995713,-0.11219819256128642,-0.31653388081440026,0.7074515419362327,-0.09473578190976668,-0.08053020335022232,-0.009102172088443218,0.30807451635441885,0.37312797068703074,0.02206304534228298,-0.5267269926613855,0.07226027685241687,-0.16829756452656278,0.00044111340358644023,0.0008329004315417724,0.017410452427178348,0.017431901615117564,0.0028097589124795076,0.010070561575096811,-0.004646907008635749,0.00022314593907407805,0.0005615170661235478,-0.0008500718826374581,0.0003749934990834996,-0.0014350113845067046,0.0012023028687726403,0.0037111414074019046,-0.009598556561706278,-0.011718908010117053
264,0.22145141090676962,0.055421074725922774,1.496510575094667,-1.3662708339454979,0.044441116917129965,-0.8033837804187564,-0.026134729865899143,0.005866975579288641,-0.0064692020929557744,0.08756462935632259,-0.3979106922095218,0.09820708080504403,-0.20032448373371778,-0.10045356970563368,0.07220977445179709,-0.2039708213918432,0.0004675638668828671,0.0003156183458580858,0.0090096918720069,0.07193413102509623,-0.007278700831349294,-0.01954107120380477,0.0063256512973469715,0.0010102052491715017,0.0019117633755850998,0.0004683490587133734,0.007099077545758908,0.00466032070213353,0.00016672726108758637,0.014622495052609645,-0.003979145577125615,-0.0012151467158070088
265,0.9222828585630491,0.017306842655264297,0.8828923019908381,-0.8146730954628383,0.0003585503127761071,0.24181159212741044,-0.026433392925463657,-0.21494153094154705,-0.47031729637480774,1.642312881682293,0.5138082084290191,-0.35949226958384217,0.44879389913281587,-0.21480180707701066,-0.1493224095357949,0.06834366505524292,0.08735976046330937,-1.5579059562809567e-05,0.002806775231345558,0.0005259527414143403,-0.0015569409976798647,0.00022629008852214307,0.0009622971273016916,0.0009694172905892497,0.007955396028331738,-0.0003677277873638023,0.004923046356437246,0.008716932775353101,0.001888831315110103,0.018238231955473583,-0.0012363662343072243,-0.002028640150027166
266,0.12160889701507041,0.02873829545785224,0.11940701663632236,-0.12961112459597002,-0.03620972085984794,-0.021250693292380295,0.2354941827544654,-0.040153913573320925,-0.027569494625917092,0.07398050502815906,-0.171884023942533,0.27570919679872896,-0.08089019584225009,-0.18509294495518142,0.062334818809996695,-0.20985481530284106,0.0003633388789703491,0.0005023602946910648,0.029133299853267507,0.10325196265058159,-0.00892747531258048,-0.028790730045623287,0.010207206831447106,0.00031865381225416113,-0.0007361802311660292,-0.00037206225903897944,-0.00010521976280384584,0.008756437884330915,0.000712186627438673,0.0030913059134411586,-0.006318823217504547,-0.013901921089209693
267,0.146388273485048,0.022578809622875087,0.6185797400825859,-0.5954437717436029,-0.04877178500549824,0.609672921137073,0.0044916137161908785,0.07736505555004013,0.04623107372999942,-0.3886366713132611,0.18034684680349933,0.16906141502445743,0.10930551500682156,0.06170775173994021,0.0031568014756801054,0.04880101253286793,0.0006500114552258302,5.637232160108769e-05,0.005463633121752239,-0.0003567408597619102,-0.001341879996111916,0.0015973630242112982,0.00012029966885251673,-0.0005066878744712226,0.011567626711001755,0.0015723969129931628,0.0014784387986190712,0.09079870830360598,-0.00019301257586093923,0.017199918943523396,0.0003991797360085661,-0.003752311081701897
268,0.2402656169370631,0.013102885924769705,0.5532973573480149,-0.5145327466225408,-0.020151727243963614,0.5060759168511964,-0.0024564920492571945,-0.1800368013296106,-0.3973427489283744,1.36777270490284,-0.023621580329515314,-0.22932252955351695,-0.028112042889770414,-0.13510888210537553,-0.13386944224347902,0.055930870651037363,0.0013460261863037042,6.089954699628229e-05,0.0058365848336410404,-0.0001505118589347685,-2.935050539316057e-06,0.00021268402431511094,0.001128824356711012,0.00040811496375051115,0.006756738577953266,-0.0005090315438098553,0.0021437551640340804,0.018061108938705762,0.0018697995523759617,0.14374571756202664,0.006910809489038742,0.0010560186602683967
269,0.05891341551460494,0.003811146367661716,0.13732661926171005,-0.13366448853856686,-0.012388545715750803,0.16648018997329433,0.005200318785694881,0.01457275196087223,0.011129339688020783,-0.0380290475549737,0.0351486808853089,0.12591926431681144,0.06943848740192732,0.04206618493957134,0.01472799599701407,-0.02485201951715465,0.00018372601410549953,-1.1558948506565987e-05,0.0013279450927576692,0.0006629921099477595,-5.7398861130831486e-05,-4.084619371793769e-05,-0.0003127240300863639,-0.00032997444426214023,0.004860457819261182,0.00027465267692029885,0.0007933281198222739,0.008099281680289314,-0.00040936054056630233,0.013254229108672468,0.0003306859659432609,-0.0015810687786610277
27,0.002027161040796797,0.2277435670608546,0.70414621203845,0.6956693152511697,0.6585485389614609,0.038147255628315835,0.24460416720581069,-0.3219424599809202,0.14547696404078525,-0.02498322864151125,0.2567897975925869,-0.04347172553714686,-0.2634080720014838,0.14388061715152323,-0.12297296803086849,0.19292013034025177,-2.4636453713647137e-05,0.0010555696297288358,-0.00017304806711519039,0.0004434979006537836,0.013419516288034599,-0.0014162321257226009,-0.0009968246157354252,0.018723284015871384,0.0008480656738511084,0.02867720217989146,0.0010892533690687965,-0.00032260183947972233,0.003252184971785134,-0.0011699500320881317,-0.003598279784702414,0.007452399474328807
270,0.06634616027502534,0.022304475975596514,0.9968622046148305,-0.9266508710819567,0.042878537969409006,-0.8009045619373825,-0.13719402657774496,0.08982426106448507,0.0856086167603603,-0.239490082093849,-0.004605006817130693,0.08267864155405771,-0.012748032948139861,-0.023400725368742936,-0.043845838065706404,0.0006718197147145208,0.0006644730957598925,9.524537806417516e-07,0.0005993255004624565,0.002767488991425197,-0.001667471036608496,-0.00031624653940487836,0.00015140996646801757,0.0010535045207005283,0.0016133037160500619,0.000490641070085658,0.0014998891061223526,0.0026760567805963064,0.0005097973602643628,0.008244396177219919,-0.00027856514855870797,0.0018642149777271892
271,3.9915578001136045,-0.025488993328447646,-0.12171035638894963,0.11340341366705738,0.014806583882461507,-0.15676239297644362,-0.002512595699693674,-0.013960517948008622,0.012851277256895458,0.17618207901217928,-1.949376823618924,0.2307632508079633,-2.0428678675772263,0.02735058799432862,-0.03789713878563278,0.06038093496427925,0.04236490977851009,0.00021128002714847262,0.04656581236951147,-0.00490097634311122,0.00016485962711481098,0.00026717241578950226,0.0012701969416375573,3.081563552400351e-05,0.05271876836371657,-0.0004690061635509589,-0.00026838752896187043,0.02302294472781504,0.0012151943782109892,0.00491192811052339,-0.0015275722855755069,-0.0005202300720521731
272,0.5515325537191794,0.0018016395680542393,0.04126209546541621,-0.04348150264928076,-0.007332535540737016,0.006599043875591319,0.06165139404665377,-0.031447445671494656,-0.045597490166454556,0.19911339013739096,0.4811650839354196,0.08252271898386934,0.5033908655345238,-0.059741733519621136,-0.004454688976681167,-0.04870579556113849,0.0035908727026590487,0.0001156176666527089,0.036869482623018174,-0.002541811150368603,2.9693500432679035e-05,-0.0001555045681928967,0.0030965309184886507,0.0013559180834328347,0.019443085684211634,-0.0029444262399491838,0.0016625571791574051,0.02527016584958693,0.004313543318127354,0.020666280463650658,-0.003105255275237289,-0.04858653090727396
273,0.1766726587222905,0.004873630320767671,0.3054011549308706,-0.286429958095149,-0.004150494698488268,0.1555050159443713,-0.00640472718931524,-0.09843899828334046,-0.233152069524725,0.7977084907341707,-0.0539997849316837,-0.18170128614253392,-0.040865947550038556,-0.11052509346857638,-0.06773085877642959,-0.019914432491129695,0.001086978226132992,6.452175045522893e-06,0.001822878181798272,0.0006768676422354705,-0.000495997036765069,-0.0001611372166726197,0.00024245405806743586,0.0002644381976656797,0.004417325374028288,-0.0004691854552017579,0.0078668630505222,0.010205495345777232,0.0009296336756981586,0.013283000970521965,5.850323918634191e-06,-0.0020931824250904796
274,0.2691461378973531,0.03160486286098668,0.6604149875917246,-0.6266225343948822,-0.07088884112193153,1.0379983500100216,0.017698625931612328,-0.12136437167080422,-0.32618164149155404,0.7896098756104285,-0.18696325712618822,-0.36588271476978074,-0.18645364043278018,-0.13850535921590731,-0.08526858060356887,0.005732185413135749,0.001162330081995284,0.00015419802455767117,0.0019327319714285288,0.0005098869660884584,-0.00017962795636671962,0.00032380304998328016,0.0004758263019553354,0.00017082066742498525,0.0036250500693762234,-5.752312766717156e-05,0.0013562934170944056,0.004895523678130324,0.0023363508702519704,0.019474785799097727,0.000780836556801249,-0.0026288976151722307
275,0.1443440508636423,0.0036429874023273237,0.2017160387245722,-0.19141505543124301,-0.009038713995373981,0.19211563769633264,0.013024905915249107,-0.08068682600776585,-0.18762152949723307,0.638420240067186,-0.0655736439497684,-0.08819779180990303,-0.06775333973810123,-0.08455674655981239,-0.058719694432023094,-0.005080747987155819,0.0014500656386511011,7.636246205149246e-06,0.0023496472196095227,0.0015508822342080962,-0.0005325090480521227,-0.0003625342239357825,0.00021514218969302331,0.00022562281020511798,0.003583163597395402,-0.0004320249128088446,0.0011776096807421818,0.011174836294393349,0.0010107734664808478,0.013084303118476772,0.0002965935894920453,-0.0031431792880396753
276,1.9441533774549002,-0.023055794547387317,-0.2431563816704066,0.23414015486715298,0.025951668805396292,-0.2992526114929693,-0.0021156902940612453,0.002278413486608246,0.010177402800983278,-0.14088684517001507,0.11965196041914401,-0.13628190851232722,0.11307552949907372,-0.03306004531428129,0.012952569069319913,-0.005069703737544838,0.005993890716526208,8.678671986042602e-05,0.13220688374071002,-0.016592064805831804,-0.0008216436126212218,0.0028344991684211202,0.0008561490059328693,0.0005622314791608686,0.022658158994147616,-0.0014087613798742194,0.001083021187302314,-0.006898620329271807,0.002960850322296072,0.0076493974012447705,-0.0038420806045843347,-0.005171074669085951
277,0.1481296222868434,0.005578637620486036,0.323477747489228,-0.3016853820973968,0.0030808983722404436,0.013775581343676915,-0.021828870561956575,-0.0645681458364641,-0.16082090322697645,0.5684697929302923,-0.12287042088142691,-0.12931945896650043,-0.10434416104714575,-0.08133574033862845,-0.04708829531381101,-0.027420581946029667,0.0014808809676597674,6.013492001172604e-06,0.0011950511617091733,0.0017349262305705938,-0.0006724969079079206,-0.000400010465235186,0.000275043527948229,0.0003130325517535917,0.003846718902783353,-0.00027027869582248165,0.021271506434491994,0.009282571036780518,0.0007158678171511785,0.011702664399721566,-8.976341053474842e-05,-0.0005064119192397647
278,1.008960910577594,-0.004393405191605788,-0.03200852591286718,0.024525383239855744,-0.008008638377640757,0.03644726864262901,0.05552544006421044,0.010121577466260212,0.10449460253478002,0.05887555736535238,0.3889877140156239,0.7838061232977264,0.4748232939142245,0.20162013471141946,0.022095512011868868,-0.05007601093391062,0.0027792188829025115,9.259129092337465e-05,0.030853165427057724,0.003954380940669921,-0.0005069215258120114,-0.0017702472766442272,0.0021025255526485468,0.0005421139853866821,0.022928492485880178,-0.0011641747602466803,0.0006093998245201458,0.06132444076168408,0.0011471932779314191,0.0019183835484005724,-0.0019943877818193656,-0.003233812713960729
279,0.10211854160382403,0.004951419715584903,0.03520648972687955,-0.03803000112802106,-0.010282057963793162,0.0210646565289462,0.06427164795921071,-0.013312843938341274,-0.004599056327344276,0.05904086048335453,-0.04574540651972359,0.15349022316856958,-0.06188664611464528,-0.036552540796375564,0.0031156338826963093,-0.03128935126664067,0.0006333058810041733,0.00010901761163056464,0.037256720429852425,-0.0024656049440973686,0.0010958608386394124,0.00011228980369140163,0.0015875611914432882,0.0010459559440791383,0.0015034051705136299,-0.001995324550912377,-4.112875921710381e-05,-0.004886182058393964,0.0028708226926790897,0.008914111907096223,-0.00014904992380511647,-0.05345224020936276
28,0.0003418599735746688,0.12392171093161218,0.20527805765095247,0.2339981838054784,0.13615477671932524,0.018752952599868686,0.0009678884232469957,-0.06591052974062864,-0.0023126636225883047,-0.03882602184712025,-0.021883447175368546,0.030532992850083457,0.036049856105131145,-0.05717398242575801,-0.34374122294519455,0.14649809392302723,5.8524753107422965e-05,0.005181142641335721,0.00014443227791778547,0.001970296832972995,0.007054886688684996,0.01301906061735401,0.029232386650517722,0.0020683825086739447,-0.0014256455064056719,0.001235913826686016,-0.0016571146457731876,-0.0007102167281744748,-0.0013220999827121074,0.00659855127324112,0.0033550621425605057,-2.853904610273449e-05
280,2.0823316248865322,-0.024686914343978354,-0.23723067378986534,0.230365017747633,0.029445896512766846,-0.3154200648295489,-0.014393791962150976,-0.009354293572060185,-0.035852272682712946,-0.10517460201436686,0.06738263648249193,-0.33938761651014243,0.05385291812876376,-0.0900997285096839,0.021604354574774717,-0.01139949916327543,0.11958518452819113,-3.317984288654433e-05,0.008604095609034338,0.000791734254947871,-0.0011511357290504205,-0.0020147846083760426,0.004110710512785253,5.652202212516025e-06,0.1328952810210884,-0.0014381591095719566,-0.0020528770831942556,-0.00398928683789355,0.002998148585971247,0.0037932095610656563,-0.004214598300783459,-0.008139928476190342
281,0.09363280761259721,0.025936814742885516,1.4093197706705978,-1.3052522758015346,0.07925697744478302,-1.3149158515672204,-0.3288009501639402,0.2145645754928671,0.23634272958899172,-0.7152786165964997,0.15219877162368545,-0.001676641078966935,0.0995239191022681,0.09969412623643367,-0.1173243695940705,0.13697855895942246,0.0005359752307821798,-5.273398670607245e-06,0.0004347095551926716,0.0015131499873176663,-0.0014701301909552794,2.7236834337611567e-06,-7.614868608368216e-06,0.0010336544125648193,0.0019176820466102321,0.0004547124304082592,0.005905519836080716,0.002248184429358725,0.0003909498927569382,0.0056614654452683995,-0.00027548617408902306,0.0017255565081710053
282,0.7587901543612369,0.0023061930274916346,0.40387726330835055,-0.3788903509306166,0.008489522678752423,-0.0723532835076466,-0.050053145821765,-0.05414654865673233,-0.149796589624119,0.6335009584234212,0.26941673791413173,-0.0046140713757005115,0.3150873733840211,-0.03741259419936038,-0.09594146357407524,0.032353859325698085,0.0028806102209740503,3.4064786467737565e-05,0.006237902820458015,0.000652207751805977,-0.001174885174957226,-0.0003190469029039684,0.0019789260794737117,0.0009517710140678757,0.01674390672577134,-0.0012711725837926695,0.002315824546166702,0.014871339653379608,0.00370709747591074,0.15698568220674466,0.004947092931187131,-0.0018314782553471136
283,0.1535393797916817,0.00416043177474914,0.24915206344486124,-0.23036971607462212,0.00044704068875358726,0.08734505288085048,-0.00806595911167023,-0.08110241907988393,-0.1738409251110851,0.6208490287840333,-0.07120312155189842,-0.13903310748489262,-0.062971437040308,-0.07936554356180862,-0.0435679055331959,-0.00851656050496204,0.0026369210035478824,9.295634840014476e-06,0.0012123655216162875,0.0013454819451419072,-0.0006053844401510034,-0.0003136424316393001,0.00033792014710173316,0.00032070223749339395,0.0034937862353247697,-0.00029056966139821226,0.0029773138349612127,0.004402828868957995,0.0008422701563264618,0.01622089507684711,0.00014325196175206208,-0.0004107195341663605
284,0.9138776596990456,-0.005227678085603337,0.09812219531839013,-0.08874334073497085,0.008955839783040086,-0.04759360234276494,-0.00998311875265295,-0.052708188209222406,-0.11582157718826971,0.40146655734822373,0.32604631584866933,-0.14046407514793105,0.36658019498529937,-0.06426318803679784,-0.03055353614655725,-0.02500699558781235,0.0034774293524532838,2.0932281488696144e-05,0.008047893099105488,9.9047487619102e-05,-0.0014807650338457777,-0.0002504595207203526,0.0016871279873377576,0.0006357118645958781,0.018782901527238074,-0.0012957755272581678,0.0019080181951017356,0.008090398847648528,0.002703621684800823,0.014772938843901351,-0.00309584491235916,-0.006786606793606119
285,0.22118624694767375,0.019465743732870956,0.6239008180709352,-0.5358429833197182,0.01202013187852184,0.3575883086933064,-0.0008978016205543728,-0.2072947883549883,-0.34129062952423816,1.2041597434787477,-0.08733794974008274,-0.34244265973882937,-0.049551665806851844,-0.09553030802653695,4.911947442198805e-05,-0.01171600618620164,0.0017674480638191171,8.043788811173829e-05,0.0010405616698872153,0.0011429945471842897,-0.00038065097243554545,4.074770668894138e-05,0.0004977237929866055,0.0010604680957136364,0.0032963341941728884,-5.468988823281285e-05,0.0023755508849216,0.004505646556472741,0.0005428888519164537,0.023645181295553548,0.001023964534350563,-0.00022673462365155076
286,0.06782810678099556,0.003785981727097295,0.20754531651811056,-0.19659296818310665,-0.009687372479218947,0.22041280800620663,-0.0031576328289021466,-0.07571528535635377,-0.17582261080884024,0.6408540668364378,0.02206282972063213,-0.0269142915927738,0.02104036994166441,-0.042891061737593744,-0.0861226026511044,0.05806867816282336,0.0011540160759315888,4.3370861485113836e-05,0.009191951054671887,-0.0012198036314427425,0.00039768435452165485,0.0002726450156314857,0.0012994254534079985,0.0005577695352471432,0.007857891623737786,-0.0008023689479543415,0.0013747759617803348,0.022868236835268035,0.002961317629486488,0.26342514395191774,0.013260914367487294,0.005642922524520639
287,0.9352575985059581,0.005756547408591618,0.10581527525952765,-0.11612570183477275,-0.04157618531567772,0.45284252054826246,0.048022772734007596,0.05382512914503603,0.2516803830594047,-0.01564649390053328,0.595715379888335,1.3477632019666903,0.6584062076199897,0.4324188019912135,0.012166903966573344,0.04977732273470439,0.0024371080350027623,0.00016320596498063506,0.10389455363562389,-0.01329971797227094,0.00013238283990589994,0.003368517523519885,0.0004269369840828553,7.651096411714887e-05,0.010953594067650283,-0.00013217132415468253,0.0003193001443830016,0.03526699678317459,0.0006126252731951346,0.01964829368670144,0.0011956869480963224,-0.0007800168717803893
288,0.13399005534973943,0.00319004207170505,0.1934583687159322,-0.17954432143969434,7.458981117195557e-05,0.06090316428602929,-0.006390995621378915,-0.059476711145090136,-0.12973156784561246,0.46592416495202826,-0.09190539713155978,-0.09772318069475047,-0.0838629435585042,-0.06073495123426827,-0.0352466400927948,-0.008338146881839762,0.002510920758542182,1.3795504731578873e-05,0.0017307139370873028,0.0019456131280347466,-0.0007720948838721964,-0.0005018117888393473,0.0005394492210442949,0.00038894575060331846,0.004630412863469424,-0.0003673782378210757,0.0034228965249415806,0.00516458842878275,0.0010738571456293147,0.023278736387520427,0.00020490529912262298,-0.0007178106803201462
289,0.6182591955674758,-0.0031239626754769345,0.08388735776135813,-0.07982453034767084,0.0041840987080887584,-0.037067769312462556,-0.013124043231040173,-0.02012003845555915,-0.04460555610419747,0.25559801237546637,0.3847395749901934,0.11246822990141926,0.40090998098663033,0.02302320054694686,-0.04413440827347094,0.027301992680977407,0.005585371340656324,1.9159125770727895e-05,0.00942694132326868,-3.896309833027696e-05,-0.0033934089995640558,-2.528164506074201e-05,0.002710994297988909,0.0020352656797316513,0.02430110665802695,-0.001451889053847035,0.0017988955596805543,0.012424581237631155,0.0050658566046259314,0.03555683699089143,-0.004626528931334336,-0.00689539385288174
29,0.0013388557464951109,0.4452836388649781,0.1808669607664375,0.2528999938237181,-0.3100771523801715,-0.0012899882289446225,-0.6042231810533596,-0.20269113786155651,-0.2792977744915629,-0.08873558337374551,-0.014923054099755195,0.2171612833095291,0.035755409061351544,-0.4940088065063625,0.1673455130310931,-0.434447821861918,9.630546938076908e-07,0.0080542620118064,-8.132869844196685e-05,0.000623165718674873,0.003972156825215636,0.005369881436760019,0.01037185544022486,0.0012875554581785011,-0.00018892638237602794,0.004010689935022406,0.0006824601190481228,-0.00034230857493112895,-0.000591156718463345,0.001496812637812774,0.0014873012484084834,0.003877307395807993
290,0.012718532095154743,0.0007356933819581344,0.00601826806603649,-0.006535567161703475,-0.0017973722394398774,0.0038815161066875466,0.01261489090707532,-0.0026389507324789336,-0.0011694879134567452,0.012498244820349363,0.00874623597393331,0.0324497048843615,0.01505632549914389,-0.006986138376021558,0.0031186667712888257,-0.013989794022760944,0.0005380082699929657,9.861064623699929e-05,0.01436379177389424,0.006517985982422573,0.0012068670021802683,-0.002817961769073158,0.0028647587840067257,0.0006207945567176221,0.00984791558558963,-0.001916430651289806,0.001038095956834936,0.07652077424526903,-0.00023583154193017525,0.008180467294849872,-0.00011320851997228588,-0.014454408372885646
291,0.05944904458811573,0.011048573246748836,0.4297837464679093,-0.39681566854341144,0.011360004291684196,-0.16094771710696756,-0.026788894252496122,-0.024366460319390895,-0.0770107415854383,0.26183470773772743,0.10950196378917412,-0.07172370402967304,0.06074009066408098,-0.0625588734160221,-0.0340539358044727,0.017956054048560138,0.0014636500600581932,4.415544494502141e-07,0.0005041098965719474,0.0009850765304040409,-0.0010379941058945572,0.0001978404521062006,-9.184912314167913e-05,0.0007206155661985447,0.0022489696889733484,0.0002707999799988077,0.012478216908356847,0.0033048461701826416,0.00025833948878366654,0.005829086867217447,-9.802515651035395e-05,0.0008739819412310003
292,0.0309457968885064,0.004313798461261293,0.2747912435690234,-0.258057540191003,0.009935279107378368,-0.16193506641157646,-0.056490840212494675,0.017061115056462947,-0.018290718595462697,0.053348415626925064,0.017345242580979282,-0.05732489490801514,0.021130401043735526,-0.012342855037247908,-0.03269581610079436,-0.0008863254668608771,0.0008654738200555281,-7.152040755356918e-06,0.0002824242240118252,0.0015626103772743369,-0.0005091702860989476,-8.61063575343547e-05,0.0002402328021141859,0.001263686452193758,0.008798195474598862,-0.0016180314707669773,0.2879758256999699,-0.0017176182018183424,0.00025708668635141837,0.0016532010816093516,-0.00027318239057616377,0.00028382747947122163
293,0.2515827563249603,0.004384768820255504,0.013549537582183668,-0.01530695630264377,-0.011110234281026449,0.01783815149982684,0.05696330193207887,0.00568167572976145,0.05592717839835271,0.07478462497447516,-0.14024522380408752,0.6685323823819236,-0.1525856488295613,0.15676186576247253,0.010688638350913025,-0.03132236072461371,0.0019534268271001183,0.00023653718496669101,0.22198522535779913,-0.0025548483268147924,-0.0008738266765437376,-0.0024504945431246374,0.0005654398116654157,2.8952146279477277e-05,-0.004741149319753734,0.00014376389635122782,-0.00027110272343063057,-0.024653083839839617,-0.00013638748982472025,-0.0005236277598206084,-0.0015117476295617273,0.007339366407833607
294,0.03507920586928899,0.01878578619475643,0.08638526014651503,-0.08871531297870403,-0.03219118868372969,0.19591664357737576,0.05741256997380397,-0.013394671314365118,0.004640668959004212,-0.024430590552893632,-0.03699315830997708,0.026067592439028172,-0.03280425878192755,-0.06215031149300389,0.0015093366469024682,-0.03426888706575083,0.0005198540025786288,0.0004062258642370914,0.047452786142861816,-0.00606693302145397,0.0018878388437919707,0.0012776365939760506,0.0016848095074831733,0.0012409827535159266,0.0020712483867862783,-0.002338064878141075,0.00014124411947629562,-0.007329563409092135,0.007926630390745345,0.01253425536023247,-0.0001933983077785687,-0.06978226763377252
295,0.023592922247895824,0.00985993062874968,0.6595787914954624,-0.6099737718385435,0.04375224516536051,-0.689926416210559,-0.2042644272194784,0.1402655229520996,0.16489479665066684,-0.5238718174216961,-0.002853172017222039,-0.026805968750410934,-0.004420169074527039,0.10161880983527463,-0.05420404952996464,0.06156319311902962,0.00027536536338568116,-1.146394468914187e-05,0.00032674934375627153,0.0016045536382712532,-0.001642014017857983,-0.00012547027548631708,8.127548726552824e-05,0.0012666566576311187,0.002501363884666427,0.00042559715905550813,0.012796472743614739,0.0015647109854679837,0.0005862564357607462,0.003930887986576563,-0.0006356682727328199,0.0019097213609561388
296,0.1238207198683814,0.0014220824023843419,0.04152860870585519,-0.04292134238552295,-0.009426677870516254,0.11440063233855703,0.010259907594902421,0.013744016796664666,0.051825036314961395,-0.009667708305763202,-0.13311242401350196,0.32384068987198483,-0.12846093012565699,0.10037813421354944,0.001336457271900583,0.010641246125459327,0.0015411669177476963,0.0001723183922691155,0.06500540303728736,-0.014010852604647964,0.0029319246639592546,0.004719057704553244,0.0003405984092586952,-0.0008277412453893809,0.05462646174894759,0.0005678430082938905,0.00475474335185701,0.6237877085756858,-0.0012115412950787626,-0.055372089143326704,-0.0038838915880959647,0.00018676863071661644
297,2.2575099451478224,-0.024947725473451286,-0.2315211684559324,0.22083777266779164,0.017490724930837184,-0.13682040455952738,-0.011917748282461149,0.03188430542487697,-0.020123313011752665,-0.35423758803782035,-0.22971503617178435,-0.36650598619583613,-0.2719849421385938,-0.08625217703295991,-0.014908997911855125,-0.0038109344543415503,0.004874159733597965,1.8606532161495864e-05,0.009430037777923736,-0.0005363701530983838,-0.00135816170535642,-0.00014974898578072284,0.0017361182118228436,0.0005265522972033342,0.026614849867412055,-0.0013343596611210193,0.0010525338902843617,0.007207203911317021,0.0027906312337065966,0.008619422345598425,-0.004224027637162819,-0.007457992536725663
298,1.0908744645374482,0.012343407589112577,0.3592010275954852,-0.3668402238686748,-0.10258628396044177,1.44252076582139,0.029440571395248052,0.12665976297459552,0.007113205173664895,-0.9606303385328266,0.9217169621672088,-0.2750086113687125,0.9562763141528156,0.05498178223672051,0.09362300192708385,-0.03782408010855205,0.0025458860146453485,6.847371647103374e-05,0.006203349436680367,0.00027892929207511184,-0.0012133262105112025,0.0010193746435723146,0.0009793448339495679,-0.00023474653914398692,0.024718852525871797,0.00020172088911135308,0.0010491340520919444,0.012461653378016118,0.0013948091398380208,0.032508973190443345,-0.0009685392681727095,-0.007830259447792698
299,0.17441641291207358,0.0181100752365378,0.47140078010897346,-0.4620660357847958,-0.0660048696188924,0.9162300119054738,0.01332817451270505,0.01456126628159254,-0.0795030860632482,-0.003072536121503988,0.23642454537751156,-0.010873519147868821,0.2528605149040222,0.024141671804914118,-0.018857086921465094,0.02937419596140125,0.0010088108814799528,0.0001358599296223213,0.0052904168912832695,0.0009746870314313952,-0.00035152158348049524,0.0016870390158716022,0.0013530512255706263,-0.0009789327938332162,0.022914499076867243,0.0012345891916597622,0.0021824475482938154,0.038971892202005184,0.00016765259161826633,0.2204378209191212,0.012635594261217574,-0.0024448153766964673
3,1.1138136566496898e-05,0.005353091569930703,0.004301693218313939,0.0053324602329639405,0.003287802043927274,4.3484469350529254e-06,0.0091563224023962,0.03419945175284474,0.0016967021604245994,0.006174218104734899,-0.015602396279835147,-0.007526147601169389,0.016492215646996877,0.014225948423793804,0.000348263542205952,-0.019849960586043536,-0.00010434211096115506,0.0004384685730752655,-0.0007819274737681496,-0.002491437008098606,0.044449418456242,-0.011821048793168374,-0.000600828235548696,4.371202111990607e-05,-0.0007448830018232408,-0.005980023670901514,0.005341335289508407,-0.005421254231962086,0.00804952548759069,-0.0026185908566261342,-0.010094972818654282,-0.052157388122951294
30,0.0006252724339205567,0.22584264309267918,0.46775019746985924,0.5215172460800519,0.3851507333328838,0.04190697780720793,0.09259771810564048,-0.06601860653083412,0.035049555145365445,-0.05781207849191737,0.14953519906581378,0.04540099916265136,-0.14421879404737314,-0.07756082625211345,-0.6165604352003693,0.20514972876409304,1.4879943596717598e-05,0.002966591334767177,-1.203895713856852e-05,0.0009709474698794251,0.006156359311421222,0.006025965522011648,0.013289721937555394,0.003345786852237645,-0.0004256428554678865,0.0028074928769429197,-0.0005291517775147966,-0.0003440127799392316,0.00015407114123915436,0.0028785737946261524,0.0003296782748223208,0.003402993019043576
300,0.12098098411325847,0.013516188476291605,0.35498920110029786,-0.34879714377914,-0.060191031521214695,0.8847814681738143,0.016816378259876908,-0.010221574810054177,-0.16334991525218812,0.02430058322061087,0.14935834042652962,-0.32235802343392694,0.14336233346680272,-0.06294058874215044,-0.019241358410814677,-0.009250136404229408,0.0007027613199704688,6.69224916296904e-05,0.0007271702122514834,0.0005637412698378081,-8.82416652978199e-06,0.0006059292398405388,0.00012995769847471236,-0.0003376617889711692,0.010683163246338188,0.0002913511655494256,0.0012063832776262485,0.005475868960853209,2.8551390822689815e-05,0.022239744588932214,0.0013196622755865433,-0.0015969792643789375
301,0.3028813652051814,0.03275112325110507,0.5192898481766274,-0.5178831870227809,-0.12154745496747242,1.580401995294247,0.04055525494026276,0.045377957289120585,-0.11736316190768548,-0.4788134747142397,-0.2591018090032963,-0.38846395099671643,-0.26574597978542924,-0.0489790215954432,0.005031147200700409,-0.021197500940997177,0.0008277595733718751,0.00013741873468764266,0.0018369451971022523,0.0008887782440237263,0.000374845243916045,0.0005803416369748818,-0.0002352643960480507,-0.0005006669603733813,0.019931832711036147,0.0008071310220718569,0.0007432501551678602,0.004627133416512897,0.0018785565922709896,0.02212217948859988,0.0012864076491375424,-0.006006791655134716
302,0.149285789316765,0.013348340162569734,0.6370124777826318,-0.5911998667824608,0.027362126681267127,-0.4686549847279885,-0.0977783869540132,0.04182918089732859,0.01859047957655991,-0.004055495878577085,0.014922519448852492,0.02123648955613573,-0.029378228474772165,-0.011175038111292626,-0.0653359778118248,0.060274075547066944,0.0027045396744005443,-4.097841208823015e-06,0.0016568015160744315,0.0025506881241048485,-0.003770191106183058,0.00010831774529321835,0.0009120680426434381,0.002670522599367703,0.006128321567068096,0.0005684906986970037,0.0027899106936376556,0.0060696055992740085,0.0027037697684775984,0.013884834467735306,-0.0024079777840651994,0.002730749296517156
303,0.46788095536365887,0.04176070297863383,0.491970202906966,-0.49986156002293064,-0.12109117844560949,1.4008577290570672,0.040928965154714225,0.12163322403729414,0.21472457398624611,-0.6830298180970164,-0.8191341039653638,0.44074653174209,-0.7700395604952479,0.17368819445967518,0.055966289605155255,0.027872233908141936,0.0006206445078709825,0.0005516078965232553,0.011158209888534018,-0.0011457448390864453,0.001640297584150659,0.0007283071026339022,-0.00039771223204575874,-0.0007096607924476156,0.017591397611143,0.0006080401889736473,0.0005621235684195624,0.05993431421850091,0.00020866281087790397,0.013270841889340888,0.0009747008264866265,0.0019328249435091702
304,0.01625238328856537,0.0022514896741088713,0.06974057513521191,-0.06887632159255663,-0.012134425814869485,0.18804120610668437,0.0036336424761459914,-0.003210454076347239,-0.042244375851574076,0.016536127296169892,-0.031890487113632335,-0.07658172243197026,-0.03576799531184902,-0.017333867702441295,-0.009233429274740426,-0.0034155316626895476,0.00019357923873823747,9.359924162037768e-06,0.00022659825720321245,0.0001504044478157588,-1.5105398119462004e-05,0.00016775246139519746,-4.71537622799332e-05,-0.00010028817006385923,0.0018741919969591124,5.060659931850575e-05,0.00021708813979067268,0.0020088447189300436,0.00012123379966725202,0.0065432237249700344,0.0004821396098361549,-0.00035898643201320125
305,0.0208259807424315,0.003940378465542554,0.12750939591481966,-0.12353056012486015,-0.010674948602527753,0.13836026693483344,0.001647603698039506,0.018788606055991752,0.013193959751516472,-0.0998109106779261,-0.03125436685352103,0.04707175901129606,-0.017322943922470233,0.018897918137465802,0.013752436367989423,-0.0126517044670664,0.00017506821224346668,-3.6655738629908194e-05,0.0012235608367722162,0.00236326127610891,0.0002532365538900961,-0.0001329888332104181,-0.0013395272850651213,-0.0011349120827791033,0.011527935832934339,0.0011630407824833999,0.0020286525373219974,0.014491650777448056,-0.002101699108395799,0.041141581794852444,0.0021064437343379545,-0.0029202123116070593
306,0.03902536157127145,0.0030628449431302236,0.08987156338895187,-0.08918807183052552,-0.014164422851803849,0.1991431283261328,0.006996988465361255,0.005558653531339908,-0.008763041661655747,0.0028136955925157996,-0.026950748336992784,0.07871122738038128,-0.030979443580222383,0.024103237131497795,-0.012116505525075111,0.01491144910813653,0.0001001831529603649,1.4682495506726853e-05,0.0029478206699819942,-0.0002940757510608509,1.8375277092636453e-05,0.00012335279009180548,9.063024001461527e-05,4.8039947251091475e-05,0.0011403828208829646,-5.546158592908953e-05,8.593639001708864e-05,0.0036407846839116064,0.00024311269596540008,0.0036153194575789254,0.0001260361253374016,-0.003043304469973244
307,0.04421156935883344,0.01502381157999342,0.6071316557863962,-0.5632156082344453,0.024054251545803144,-0.4584376603707696,-0.06253141271175078,0.03932340434059604,0.03409473832296831,-0.09157008293709584,0.08010958657261874,0.04433741545267137,0.03909906844743137,-0.0376930295367272,-0.02932160571107928,0.02228136774003965,0.0012339967088164934,-3.0354985163052725e-06,0.0008293223618157002,0.0032943110697227908,-0.002561469711330353,-2.2939695947209724e-06,-0.0001425150587299235,0.0015456794589888937,0.0022114791134771007,0.000955560913176108,0.0018186966247857321,0.004516390810237683,0.00033630738349021413,0.006801562272387576,-0.00028032265532569806,0.0031134571492794387
308,2.27603078606751,-0.029073841798581468,-0.32247806620328273,0.31285805943907047,0.03998312791634879,-0.45731311091906296,-0.019713406762510773,0.0018792008708206475,-0.022247173065744755,-0.1603717410352963,-0.11070951861006387,-0.36779973680639677,-0.1447237502970457,-0.10840447623131337,-0.020613591988812473,-0.00264878704233951,0.004790229195135426,1.2362867336243013e-05,0.00876248574406189,-0.0005804106387324822,-0.0015200229791976043,-0.0001531351465171754,0.001846145074614905,0.0005923859916670442,0.02272573197820697,-0.0014387291235507956,0.001048468737438796,0.006831879510867201,0.0028686821782159754,0.007528480088199437,-0.003974510702149744,-0.007563121097599587
309,1.9084564701686535,-0.023158678657017307,-0.24502660204032206,0.23739973231499203,0.028116069040767883,-0.3155534734524603,-0.013898166602756626,-0.005103145775791418,-0.0147492236871896,-0.1501115071364843,0.14778275885934933,-0.330070380861922,0.1486038717474267,-0.07906411865365957,0.03949505172224842,-0.017085818631759928,0.00722796604844335,3.4812828268515146e-05,0.011066267079435144,0.0007415707952323345,-0.001180971771019371,-0.0022607485315205805,0.004560846377893771,-4.078796088649876e-05,0.15027346686118814,-0.0015117793497252895,-0.002425483698390055,-0.005483759856371511,0.003165172654530666,0.003897105003056463,-0.004284185907575782,-0.008474473666519121
31,0.0004880125386325436,0.1721091193598447,0.44207373878742173,0.48432683667915344,0.40701576271438417,0.0383323177921541,0.12343870074945815,-0.03951319379728957,0.041874448300534405,-0.04274873629349447,0.2424225860095341,0.03815499080694127,-0.2577716797043421,-0.07364364605309454,-0.38770456362468264,0.16398789789637638,-7.202261924708903e-05,0.00233489264958535,-0.0002949155941255637,0.000490490111169544,0.016233269361961407,-0.0012481154332585286,-0.0012343938229755292,0.012676705167189876,0.0007222448420073596,0.012470308376988037,0.002142826594120186,-0.001531247638469433,0.004240758699875775,-0.00022358386632721457,-0.004965828320024527,0.018009990217621785
310,0.09389596890564156,0.01170444715132054,0.26509423599820464,-0.2649095213694313,-0.047392538421361076,0.6244814948483786,0.01800335260021813,0.08547706836849714,0.09992625418191055,-0.5137038911225439,0.1459516474217073,0.19791286604651565,0.1689298957921267,0.1176758563818426,0.07620843554496012,-0.037244209287491066,0.0001890740883616992,6.043595400879404e-05,0.002315577746210708,0.0008351130401726235,-0.0008192329884208286,0.0013333375869009603,6.0544081622515165e-05,-0.0007566069155063556,0.007915849147949162,0.001293307833381136,0.00041763894015289847,0.013723445238908524,-0.000745602746705494,0.03893160961473601,0.0023643214400766756,-0.0036671553498584084
311,0.03837204750141126,0.002509129780465148,0.1299779468971233,-0.12216852685697016,-0.005209958267577387,0.13428108955723,-0.0011571210746573924,-0.05190567874033353,-0.1181834380985862,0.41393407906425084,0.002617971075571525,-0.05028320604917087,-0.0026827889283749197,-0.03851518962763281,-0.050020371381922155,0.029875352387539657,0.0018883652187821581,1.4822662549728132e-05,0.001453543485953856,6.633731884036993e-05,-0.00022488490084724203,7.823834773041795e-05,0.00032161213749810143,0.0002988842482822843,0.0024286752380945948,-0.00023114533419308017,0.0005932409895367236,0.00601925292514331,0.0009283221589582273,0.044458686338436006,0.0020531384731056067,0.0008938835115477004
312,0.7462611366026728,-0.0027464284624629087,0.020805420410739517,-0.02569198485029318,-0.010943563245567094,0.10887014748804129,0.04118916683708351,0.014748664328888517,0.1491465605728026,0.30971640733435674,0.35435053588423465,1.8082161801821215,0.47318089586365175,0.6146762844100055,0.007626470066714105,-0.08535127099792271,0.00242525562471219,8.409998056212188e-05,0.019453386924946074,0.0035911428334304937,-0.00029145418299510195,-0.0014858228110403032,0.002206277413948108,0.0006747145025198427,0.026426860477129034,-0.0013406833234225492,0.0006582983940531249,0.07917898323390901,0.0011302409374357948,0.007406695871506814,-0.0014718174658988389,-0.0019036699191117095
313,0.2862030165373503,0.015944651983022334,0.5036036964841258,-0.5012938907125354,-0.09014103616597965,1.318343287260769,0.008060729692415147,0.09247968498457221,-0.09834723670811002,-0.6163784224603679,-0.17657466703314684,-0.2987373451866767,-0.21893297659857816,0.003851453499621583,-0.008424822948203101,-0.0013202324646062608,0.00036905626926907545,3.3361597644494394e-05,0.0008705626953201622,0.0003445154198432194,4.983639667971272e-05,0.00027463641316523047,1.683632418018393e-05,-0.00019288574428873888,0.010119717405702536,0.000268042583686476,0.0007125263418348942,0.004273611625157287,9.980387177144291e-05,0.008980492491385723,-7.51077228835695e-05,-0.0014656711740828167
314,0.13406225064148963,0.0020466399096206135,0.03945655225386421,-0.04182176229689542,-0.011615532786416275,0.12436910280559589,0.02345309005775982,0.008823979660296438,0.047550476186339855,0.010848590267852695,-0.11101329457746727,0.3436905808749157,-0.09431012332730662,0.09039565989753656,0.0048895757687553165,-0.0046931159679313335,0.000993638312912549,0.0001741564019238105,0.04062498394248601,-0.004646014026408186,0.0036473225586932502,0.0009437311975575598,0.0018985365613663255,0.0005669977909152587,0.02385536489223737,-0.0020540316144552393,0.0017142663862452627,0.23534025861947644,-0.0014439340974186127,0.006857259638311138,0.002456183674254239,-0.0004456792461905246
315,0.009263629082478327,0.02714668361932472,0.10402172836513993,-0.11412236872170217,-0.030847276974739404,-0.09412417223556016,0.2529018196003785,-0.038618772376758294,-0.03371155535440726,0.0060798599317520114,-0.07548184525074911,0.2020529347008953,0.006699622417012967,-0.26240697986025213,0.07901682189939421,-0.25859406684111236,0.00010236086834928816,0.0007623204049578301,0.021794562503830862,0.18397725215195238,-0.01661298038852073,-0.05191834651933489,0.01724407349307319,0.00011018988177244132,-0.004197670512219001,0.00015567548862157403,-0.00023438395950681998,0.002480084509100767,0.00037030222970014625,-0.00041274138517544964,-0.012529925212799472,-0.007040114867204624
316,0.05176803855458366,0.002389969749488858,0.1477765139298259,-0.13810113557298676,-0.0027646620621884317,0.1075256253307641,-0.0022765408457759975,-0.05638333284036354,-0.1315878155973211,0.43428500391134944,0.029510672118094917,-0.12013902246367057,0.028522307944924757,-0.06045539825890064,-0.03290636521679656,-0.005709689088442729,0.002352868368426607,-4.528060129169452e-06,0.0007567236100399879,0.0004998246555841876,-0.000696427402125094,6.484509998302282e-05,-0.00026026856443828324,0.00025290217541499123,0.003970068911386656,-0.00041543316773989136,0.002806754304124271,0.013133010832776761,0.0010728668728218304,0.006158677903764873,4.263089514249064e-05,0.00013677494039093232
317,0.19176798826325198,0.00694865342112589,0.39367214354588165,-0.37700353635862716,-0.01996300642280144,0.38552855899220084,-0.01547175266725866,-0.09203399784161975,-0.25606821024965193,0.9101857585355249,-0.10040143839443957,0.09820179476193008,-0.1341181837925295,-0.025380967210839937,-0.16757963885173327,0.1345641960045973,0.001110873147034479,9.959918555519267e-06,0.0011598249769877887,0.00015034603896607233,-0.0007493691194062694,5.609856637172944e-05,0.000689386571046031,0.0007095537249599044,0.003921717991626422,-0.00020598221929722313,0.0006222256954964534,0.006301480903765297,0.0016849706487753469,0.07123068865739834,0.002592393935191633,0.0015420614524729664
318,0.01784588348207426,0.00526846730150391,0.026292006091478866,-0.02877457495551107,-0.00851608829674138,-0.005440197567344848,0.06175846187806282,-0.011567028065331907,-0.007669999433389304,0.018454853382792895,0.03118810668283991,0.07390600174173304,0.018882855132178557,-0.05848680283446632,0.009094351626466404,-0.03984838542276418,0.00048232004247523324,0.0001418675668699855,0.04829111102531439,-0.004373779547349684,0.0016673020828437085,0.000406632879892768,0.0019517359738568363,0.0013354860893817154,0.0006991087896021943,-0.002481903270689435,6.674458839578352e-05,-0.008758604051864094,0.003604722949925558,0.01079612925893416,-0.00046124663201770576,-0.0710111963655766
319,0.04507558663976595,0.0016426155548621842,0.11837942313611792,-0.11396672461208046,-0.005085463882315816,0.09838322826346022,-0.00613319356938683,-0.030058729189939654,-0.08045325726340935,0.3301289557319635,0.0404721586551864,0.11028470502691255,0.040473436476659935,0.015883160052851973,-0.06536619027804302,0.053369963901632386,0.0005512246060534113,4.308048243501569e-05,0.002586928624394729,-8.794394873125151e-05,0.00010575003412768147,-2.1203754610805544e-05,0.0019950407780887102,0.0008461309344800513,0.010794494119853823,-0.0010398803093611322,0.0017386557106662608,0.021604260071001066,0.004364813327284655,0.3716665944199526,0.018108963272233353,0.007076622156416286
32,0.0012093745098336914,0.38017724450431817,0.2160814278862489,0.29097667088875506,-0.27713049057153333,0.004333384254653515,-0.6599217536368535,-0.15089626860011088,-0.33930177205046974,-0.10148710618500145,0.04140636633885892,0.2754965923719195,-0.031697813155986236,-0.675858007665823,0.3091358692345722,-0.32840513086707657,7.283466914776507e-06,0.005192867808152369,-3.506880050878224e-05,0.000454039998381439,0.003194818439219128,0.0023605113313030657,0.005597339672363128,0.001061876753624417,0.0010197409792157147,0.00653768526381442,0.0008418581242321296,-0.0004906776826306881,-0.00019901963651995153,0.0010982223539621663,0.00019738306532653574,0.004210617300099363
320,0.024589923196473334,0.009789113067109008,0.7073156866483418,-0.660434033623777,0.044257343741107465,-0.756691037875768,-0.22698857114564697,0.16364410070715857,0.18239681293266446,-0.5898515882116255,-0.007703139238459403,-0.022850685079302525,0.0017101326795570066,0.10507291495206596,-0.07327543796343897,0.0688381348267176,0.00021527297225742658,-1.0244371465225386e-05,0.00026069811628837294,0.0012882355615957144,-0.0012880831063895593,-0.0001105187195116424,5.608866354848257e-05,0.0009675547806061982,0.002013658533597285,0.0003302092879452043,0.0106313480315429,0.0012432086444449323,0.00044575707475831257,0.0031770414771143613,-0.0004986524200193271,0.0015052040025064837
321,0.057699321062777635,0.026344741416883536,0.09103118329376245,-0.09985368350220536,-0.027557182602595633,-0.07020044902793082,0.1956839465698015,-0.02363475987485605,-0.005428663827273622,0.02313591677934484,-0.004273838895763674,0.3107659377230673,0.07293330063302611,-0.0960133286581984,0.05571872306631956,-0.14719463414406642,0.00041254999550668285,0.0010675050416143299,0.030668006755526705,0.2488834660566054,-0.022046923566109072,-0.06955497547456557,0.02348168544258046,0.00021821819997739402,0.013880767397442317,0.00012802991815114365,-0.0008676679602457241,0.006779513402876252,6.538418867895084e-05,-0.001503476308199917,-0.015727708328875708,-0.007486728322620286
322,0.1589247187258248,0.0036002726406172197,0.01440313086160947,-0.017834266404224773,-0.008654393597152952,0.004328320027481204,0.06015662208571947,-0.005953181038756595,0.022927941346467036,0.027620874279244763,-0.032501199568049796,0.2639965987689234,-0.04957123947001188,0.009862119736411505,0.004461886074546572,-0.01935645001481218,0.0031541579241081055,0.0003239933957999397,0.37928414193242643,-0.04934790831304672,0.004125284862919916,0.009117213816786492,-0.0017278301231264514,0.0009457100003641698,-0.0071480487896614965,-0.0017311715950393447,-0.00019222957133196037,-0.04659416433024975,0.002587972117441513,0.0065062785145293895,0.00131753955734347,-0.055079627845879206
323,0.13518389210302376,0.003862531665109674,0.0128228868651161,-0.016006805961515703,-0.007634815705426637,-0.008664561495765617,0.05698589231218279,-0.0035323536655960395,0.022930781056357805,0.015322180211740541,-0.0890229026521962,0.24665067870062118,-0.10413246704813656,0.014656007055438725,0.007151317691074082,-0.016648668184515412,0.0029141181728321855,0.0005198995539397959,0.3737102722694277,0.046260814646727155,-0.0063452107583893734,-0.020026340127390217,0.0061554255872243915,-0.00030292415125631015,-0.011732223097933106,0.0007192117348053462,-0.0004173079695172615,-0.04324230023309843,-0.000585480745691239,-0.004399308019052951,-0.006847281021714452,0.006783853851251041
324,0.01736862922035246,0.0050533756617718514,0.024877008519276742,-0.027205769231493208,-0.008011951294470456,-0.004933078417422422,0.0572847959093969,-0.010648903397613846,-0.007067830121303964,0.01730364486435937,0.0273769114862202,0.06817164386352499,0.01657162367821408,-0.05298261948532374,0.008466588519429843,-0.03624750007115089,0.0007289960588563968,0.00021809907878675246,0.07316598267898561,-0.005767044557519906,0.0024421472470661353,0.0002470520301033807,0.0031659386760499466,0.0021293099604455397,0.0010261046563204029,-0.0038578443693490423,5.331443489312274e-05,-0.013227578280638305,0.0056474059662172645,0.016739917610356744,-0.0010066119468723266,-0.10963689915499283
325,0.04020312455325801,0.0033268564714015077,0.10432894111316789,-0.10600005022300464,-0.022937187653249935,0.33822583819597263,0.01052669707515021,0.05374820352810855,0.04799540402991402,-0.3489231647062932,0.016876448231812044,0.08688120776306142,0.025412787647935448,0.07178023212675992,0.05498173404863145,-0.033213254530705956,7.457313130012638e-05,-4.141769829250346e-05,0.0004445033318498863,0.0002044708769033407,0.0003140921371032414,0.0003313745471949508,-0.001357144903361677,-0.0001871786860069456,0.0045276693002060135,0.00028077728285793815,0.0005985592853543679,0.004251885584152831,-0.00020270433518421548,0.004129099704429952,-0.002776150057651579,-0.0019352675891048073
326,0.11004134865995076,0.0004929136926266364,0.0683006389972271,-0.06614039795953638,-0.0041154507959353355,0.07885593768696061,0.004481054486544459,-0.019333280088870516,-0.0509668865382428,0.19495935572484063,-0.09290899296333341,0.030087571712277012,-0.10068199523119262,-0.008428083443828649,-0.021324090588716052,0.00015265848029026585,0.0005417703649219577,-6.396141228902608e-06,0.008139207904542345,-0.0020877728106525554,-0.000688401227511654,0.0008604431909886338,-0.00011283178152549069,-0.0007924608223682504,0.015996999130743428,0.0010433759870647117,0.002284976294199595,0.17354501652308632,0.0004432602483415024,-0.01457081673640995,-0.003255517110291638,-0.006453912314530651
327,0.035840676527012956,0.01144325900452953,0.7884105935688739,-0.7409467091959281,0.03855464963228626,-0.6882744873431658,-0.22845381805032658,0.1707801935988848,0.15541327365065222,-0.5962514458078046,-0.07851279851332935,-0.047913385381383324,-0.04871600623120233,0.0881245500564046,-0.07002430403877824,0.008791006742789445,0.00017286015750868602,-9.184289076375913e-06,0.00024024607906268883,0.001276395780365845,-0.0009646720407413923,-0.00016368421249429342,-3.704098648062947e-05,0.0006216816652287862,0.0015668527745682586,0.00032034710962078463,0.003987962978728242,0.0013076040712807577,0.00013575559107542303,0.003218116517548462,-0.00021395441673412145,0.0011582185996052985
328,0.12566264033243438,-0.0006531399421060438,-0.0054612312007253,0.004228974130475495,-0.0016438163122259018,0.006877297558735693,0.01069440931518047,0.002286667950395208,0.023217288656005655,0.010987296318778667,-0.08213502229991862,0.16662380507443697,-0.08786073275176313,0.041328568860312304,-0.001210126479668153,0.0061570044511189085,0.007712122983266985,0.0005713848781380507,0.9601842383637414,-0.12455825755122707,0.006993525820089643,0.02336086756912894,-0.00949531894023956,-0.0007728608616565983,-0.02337315375941916,0.0015469157700729037,-0.0007819637175599838,-0.11190052481729619,-0.0020755692850139415,-0.00947662122145464,0.004655904617589661,0.02662174996280269
329,0.11382038284884946,-0.000777315997798968,0.016770862712978618,-0.015250997812559824,0.0015733450353369238,-0.008772915914476523,-0.0017640848981021744,-0.011299072544082118,-0.023217380703356282,0.08289536789966659,-0.06763054666609994,-0.023537884707166747,-0.07800581688544357,-0.014262328820563925,-0.008045441593939027,0.006456358166845477,0.9994343995435425,-0.0005600682265150987,-0.00950150607599428,0.00015528709244818313,9.937176859183167e-05,0.00025023284888131835,-0.0006095837046723161,-2.1469742897029674e-05,-0.020520653331676148,0.00015501380116989148,-0.00012529700566189466,-0.0012441940931946875,-0.0004016618428731872,-0.002260081891409823,0.00041477432035359757,0.0008715299382608462
33,0.016371779063838625,1.2107558299669967,0.04771615395252732,0.11139002138952862,-0.555260694783213,-0.06018859137844938,0.058932294848505214,0.6514421145429492,-0.13211371400927147,0.12351119895516748,0.8680460838176689,-0.11040363271558797,-0.7576679357676002,0.4977004334691159,0.4923841561759119,0.7577042051379203,6.682758222438173e-05,0.11318912149408651,0.00017034702724384965,0.005638387897770417,0.03890283382942765,0.0343121491154457,0.07674276401176827,-0.001970943017327028,-0.0011331993602409574,-0.004721506612676643,-3.562944654446876e-05,-0.00017532993186143535,-0.0017482390012153485,-9.314097817012857e-06,-0.0018758837231435755,-0.006430277381598188
330,0.32466699112941866,0.01685475433428357,0.35531273620756915,-0.36220834355642073,-0.0969984704763283,1.3423166538550089,0.03514997280394539,0.11097692880861534,0.015098197370404288,-0.8255700409616602,0.13607052971803935,-0.1700788223117976,0.11081131878748035,0.052178757085466376,0.04602859279198402,0.0019480272433423963,0.0005508211122441228,0.00010233263401086595,0.002632687908357655,0.0009021589153089433,-0.0007941197561287046,0.0015033218901057638,0.0005100059697284498,-0.0005582703250391037,0.015609750872593996,0.0013932909154469068,-0.00016316288245109034,0.010348345968905374,0.0009521253554788601,0.03240328108167173,0.002662081740386309,-0.006597045965919626
331,0.18788202570257018,-0.0004243173339937843,0.04957827666549002,-0.050211526244517746,-0.0060251015534278475,0.06588098947256209,0.022958004116268194,0.0038675605367616836,0.08895178427779653,0.3347956145773413,-0.011384422732415096,1.5086901871886609,0.049109991949811416,0.5210343532951882,-0.018859260024412804,-0.04900729073656332,0.00038397216467244094,9.609917686152128e-06,0.006357417915344004,5.225588476438905e-05,-0.00023428364813033928,-8.903085465030735e-05,0.00035121218257434594,0.00024703474257174355,0.002960505395516163,-0.00023082260247804886,0.00013255160646473071,0.006132497523262978,0.00044528177452446866,0.01765184986312857,0.0005253932189746133,0.00045155215472986757
332,0.1367272751325142,0.002619471087507208,0.19474179789725438,-0.18547279069770722,-0.0021779775218503284,0.03645589369625401,-0.009493240688669628,-0.024968929476511262,-0.05608703107795331,0.38591884826472406,-0.08204001128720768,0.41148525800586705,-0.059359091095944755,0.1117532132593079,-0.06433501933894485,0.026511322122124863,0.0004818624297980768,2.9661642124769348e-05,0.0026553189518342337,0.0006663803586267014,7.190073205808308e-06,-0.00025483992851703667,0.0012777593855301005,0.0006211421089928775,0.007292041015563454,-0.0007107490225924482,0.0011154518275896795,0.014933256376232742,0.00270065175589834,0.22912686076182753,0.011187373460677363,0.004350415140349773
333,0.007677539324257745,0.021363038563374445,0.07164329225225437,-0.07809670362968772,-0.0199689153769957,-0.05853833508088163,0.13915363461538172,-0.018760728609874815,-0.01620760367446443,0.0028369823578412467,-0.06405374180743924,0.0887330316296084,0.00042315269206448313,-0.10629174523809623,0.0390156917326219,-0.10219430747156812,0.0005022634373814776,0.0038784636965016597,0.10623543498589949,0.8924341536308558,-0.07933611126151908,-0.24579727089931233,0.08088266747444316,0.00024233682725879785,-0.01959589809583844,0.001210764676260579,-0.0011916217275076708,0.012053634350627656,0.0005313484838424374,-0.003725479062707283,-0.054428210754389104,-0.02477279490135684
334,0.08753001837074834,-0.000471518343694217,0.018831714034748395,-0.01848194697884497,-0.0008767915421117009,0.022896624421981097,0.0018268213564859338,-0.008783418402194728,-0.020902635760443423,0.09324353380805227,-0.09977766943993308,0.024939180389130025,-0.1033712479742737,-0.00047290197511827645,-0.008144379296118553,-0.0034294699113619695,0.00045420502027692316,-1.0329065897133225e-05,0.0029357918345011176,-0.0007187226658646291,-0.000559633639868471,0.0003421042021610025,-0.00011439418104358692,-0.00041284138486075964,0.007692311814681492,0.0005506729387262198,0.0011318432861893506,0.07651515092008722,0.0003618785050810061,-0.007549004413277287,-0.0018399452013745069,-0.0030531626113502667
335,0.2619721236539612,0.00025004840526173726,0.0454337809038317,-0.04765311892203497,-0.0165147986691702,0.248592786036255,0.004575601668744247,0.026657274648657362,-0.0008296755598308837,-0.20787914105417318,-0.28045464838357487,-0.060096120344804015,-0.3030989844175559,0.003689519077741254,0.011486422453882457,0.0020877409004789456,0.003967452365824941,2.994315878681767e-05,0.002470741433991996,0.0006951012199613401,0.0006079045541904581,-0.00028240325433188755,-9.642767132528698e-06,-0.0003103674332006205,0.03852913182216207,0.0002813125712338558,-3.396491722429363e-05,0.0030215547655508485,0.00019656783182325264,0.007012842331789724,-0.0025446018606134846,-0.0013350714290933474
336,0.01001255197578606,0.021964339121633956,0.07438195690750163,-0.08118469421270331,-0.02096141930264031,-0.061139116680298054,0.14770671405141375,-0.019813588218127315,-0.015851610462086264,0.003710251470948836,-0.07152716478692844,0.10610046330174734,-0.004728771153783092,-0.11114103674113927,0.0415431868914239,-0.10926360869213914,0.000492713549816204,0.0022037551941418974,0.0932302410200069,0.5219526879265388,-0.04725319694070513,-0.14735399246639633,0.048709057089914215,5.837658070012408e-05,-0.013157862767131146,0.0007956717137229741,-0.0007124656138567735,0.0015600177366727397,0.00038113325766728884,-0.00300787525984216,-0.03471081669537236,-0.014477931439684578
337,0.016701617693748033,0.002233680063816105,0.0631145754695691,-0.06372354756830881,-0.012475164905676562,0.17798900665286482,0.005468794201185385,0.028546709907535765,0.029272950882229653,-0.17649521638157656,-0.03483390930508519,0.06442023115652411,-0.033866429850358454,0.03995306354808088,0.025665407017101093,-0.013409450746877813,5.945024503459699e-05,-2.1045847192718443e-05,0.0006211910051495044,0.00012458222938114177,0.0002876652066262219,0.00036909121396897475,-0.0010903108349525274,-0.00023038329959034778,0.0035073447254391618,0.0003414693440487916,0.00048149930321467335,0.00781654918301193,-0.00041091551251880537,0.00541615241824797,-0.0016179609768554822,-0.0009878711001560414
338,0.17651314845745142,0.0075023979637962365,0.38162690651182496,-0.34667079516048593,0.0022589529835395326,0.1694848331000376,-0.010695153539856488,-0.12739844577928,-0.25935673410796334,0.9083420130156544,-0.07951783541236009,-0.2342231135466972,-0.08298464093347997,-0.10665705265588217,-0.050449099996141375,-0.006859811917355054,0.0017988918434953271,8.593154767742835e-06,0.0009524757797852597,0.000971849846758753,-0.0004925958936557179,-0.0001675126490711743,0.00019729340818437622,0.00034799251853954207,0.003187812083791608,-0.00013341443630670379,0.0030730459298404533,0.0037282984910571235,0.0005515747549970217,0.01569214003690519,0.00033484491183452655,-0.00037795528533198484
339,0.03962979427030702,0.013377364008098398,0.6263643883033737,-0.5872551772752345,0.02268790010966276,-0.44784588006260617,-0.10868666819470715,0.09201701717362451,0.06876261048633076,-0.33310274479792995,0.1144022320853859,0.006769926577425511,0.06053521218491891,0.0019037269570806228,-0.04342236156544374,0.0037409203430099278,0.0006134365662939195,-1.3451209345923699e-05,0.0003597042607061633,0.0011539172230880129,-0.0011113892517506789,0.00012484097439540955,-0.000406912825029856,0.00065014271349651,0.0023454762537617737,0.0005479929356261052,0.009702003836390754,0.0027355705331208137,-0.0003631532373387608,0.005421656112527892,0.0002233080163612198,0.0015446502371749115
34,0.002897651816345869,0.8342318958378352,0.5099057170072409,0.6487809970587881,-0.3334660827882983,0.02769380912253743,-0.9802779583313816,-0.30521711156208314,-0.4136370142634704,-0.15373999103685665,-0.26188442135377016,0.3804558364517137,0.26998970828979796,-0.9653408488330573,0.24279565564016303,-0.8158304358710026,3.605114238115176e-06,0.006711416946761283,-0.00014484596650344702,0.00067323376670578,0.00818057795142651,0.0030054024731408177,0.0061649752863413045,0.003684927694545415,0.0005153685078760239,0.007082659133085523,0.0008997258933342438,-7.557831563036187e-05,0.0016740096494841721,0.001227049765338244,0.0004469033186471115,0.0028921656265633094
340,0.018982369577085274,0.006089926291271281,0.372494471823668,-0.35536711087871325,0.007687767419628691,-0.18990678465336855,-0.08164350468530426,0.08311176595778035,0.05359220243217054,-0.33536183736768604,-0.011192286449681618,-0.0014879642650311579,-0.011640681239347191,0.01916770525175152,-0.021399766307758902,-0.04145854108350583,6.045252658777067e-05,-8.483076622372785e-06,0.00015555231122376252,0.0008245526498070394,-0.00045291724469772394,-9.51608927232814e-05,-0.00021990350483767286,0.0001673556486072159,0.0010485033594198473,0.0002910777934319427,0.0018430546943131688,0.0015783816194816125,-0.000364159323139489,0.0024661679904690362,0.00023951442114988745,0.0007111765618690487
341,0.06328117493231006,0.007558134773830772,0.31191760151874687,-0.30396269013837046,-0.02601998942685676,0.3595936822509732,-0.022283578643295984,0.05887172221122212,-0.0006269869327820352,-0.31834984514423814,-0.010756528151785719,-0.05780881580083019,0.00982232030644991,0.024789898928599747,0.014541901896300823,-0.032932300687072286,0.00035001917462219845,-5.275259488610251e-05,0.0010342025529068023,0.0020571571363194488,9.738784839698352e-06,-5.258082836024349e-05,-0.0015056453626192134,-0.0009326977216723495,0.02002691524657478,0.0012997406577117824,0.0044265062235149455,0.009890478918288358,-0.002239656859662257,0.041104841440105566,0.0022353387636163337,-0.002303571221872079
342,0.01486377844331882,0.025277409612330652,0.08718874566284851,-0.09524449313866333,-0.024967410844551823,-0.07147941253596651,0.17689203817635202,-0.02352689061761356,-0.016850104486490446,0.006298597137695532,-0.06346819918022761,0.15139247358365365,-0.010696657758461368,-0.12811501553992677,0.04484964074456213,-0.11793067888663142,0.0005246656551800595,0.002168865394200431,0.09347848318816349,0.5021518164500212,-0.045097493368442834,-0.1401632224085658,0.04615440823548531,0.00011600445050250761,-0.012349793095897373,0.0007204526797091724,-0.0007141362091467977,0.0015804286729553686,0.0003097787501452607,-0.0025782552207172294,-0.03231626790038325,-0.013429957666197045
343,0.0548156465163532,0.012590011664653056,0.49403389150641097,-0.4584460237235996,0.01663313343933981,-0.3165796625771222,-0.038738707178231635,0.015722375416806846,0.001990359310350928,0.04986350093999922,0.11031371374699445,0.12952941598481213,0.0639029065325391,-0.010215051780211511,-0.04052224433597192,0.0371110028806248,0.0010746691560797534,8.849624050965451e-07,0.0009447316944576306,0.0021194099037694022,-0.0018468018823591826,4.2392086621401495e-05,0.00010418980569045482,0.0011746907753662997,0.002708392935494627,0.0005295212829493803,0.0014674566938378318,0.004719318073950832,0.0006207815397116604,0.022764309824599586,0.00043006659572268657,0.002119110446170745
344,0.005048041940440838,0.0009632560930967484,0.06641986969582328,-0.06263133364709872,0.002428780141333445,-0.04022322433377214,-0.01369865692590451,0.002713359143000349,-0.008340751061105956,0.027010601814943414,0.001240373251594222,-0.017227783045769572,-0.0010068034349227763,-0.006378974273026163,-0.00969972970008264,-0.0013660023567371314,9.714547562262498e-05,-1.2417734745950536e-06,6.313099838220287e-05,0.00015397733413432293,-0.00017873586065316992,1.3868999396641263e-05,-1.0602774773688004e-05,0.00010902579394855032,0.0004119527661629833,9.252362281511282e-06,0.004945531492777126,0.0005394110151570799,6.211515551072468e-05,0.0008475650404236705,-1.2547567607502934e-05,0.00015727082164358096
345,0.06869151613422579,0.0002672451321619683,0.007058895688627265,-0.007468628573790847,-0.0013421158259613833,0.0012552860038808717,0.012259916306795356,-0.006283574464851738,-0.008859789384636852,0.041754421820962374,-0.10059524270034839,0.026375882345381803,-0.10372263683475239,-0.012783096793118632,-0.0012032713328457444,-0.009946481836547593,0.0010329891228939246,4.893891807604331e-05,0.00871903834663314,0.007961928005950872,-0.0006630183855174719,-0.002446846787306109,0.0014601503153845985,0.00047458316589053004,0.00303045188245155,-0.001043944378161095,-0.00034559091883646417,0.002880494456204228,0.0013305375889897501,0.004118066133276201,0.00012329164291257535,-0.017089761197363044
346,0.053877775854402704,0.005723579001334111,0.191814972652526,-0.18844933950308074,-0.025043821170052848,0.35670516599346863,0.0034065755812803565,0.03220766807768999,-0.0072346359718508755,-0.2068359206825231,-0.0009455545993288725,-0.031815931481549646,0.01887142189259553,0.017436321168407622,0.020744253860260055,-0.019380911835022316,0.0005452594268176608,-7.78736415672222e-05,0.0018268969210309253,0.0030201091763674233,0.000709371913369653,-9.455765538217813e-05,-0.002288184337685955,-0.002019463478233393,0.03623810364076886,0.0019328752586577512,0.004295327876523334,0.01710009578167433,-0.003456276941411463,0.07313610654873204,0.0037107592860949907,-0.005630236786637221
347,1.7938740917730378,-0.021835984403745505,-0.23202583016353107,0.2243227415943127,0.027019340534542004,-0.30665042451272134,-0.011712214531573149,-0.007056899833676527,-0.0054270626454562265,-0.12768159095995765,0.0876052232551635,-0.2809353652524389,0.0828914243982788,-0.06561465905118405,0.03660491929417742,-0.007841641828430604,0.005541208688617031,1.3824491185005919e-05,0.009702942558373558,-0.0006549329278020242,-0.0015328898336682958,-0.00018439918985232648,0.0019515813222437922,0.0005785619376269589,0.028012132785347362,-0.0014590976992269879,0.0009927900508734085,0.006724668599604838,0.0029618410000906027,0.008313679255584024,-0.0041733095173469206,-0.007990342495774379
348,0.015563175642291552,0.006206481337872397,0.3410201215825254,-0.32115391058261555,0.013130733598884134,-0.26608132333024725,-0.06341907963383099,0.0529628542098456,0.042855034880788054,-0.18548032422772998,-0.02144630103196854,0.02100684996688046,-0.009585919078564983,0.0015746832901342026,-0.014523395944700064,-0.028750696077760127,0.0003841802200387247,-2.491616351313841e-05,0.0005946815239360789,0.0037264145546090626,-0.002149019965758309,-0.00043022973609134767,-0.0005516366877118479,0.0009765849858996535,0.003005751487868286,0.0010889085426657517,0.003931563325726506,0.0035481295387971177,-0.0008260820747197162,0.008846471125804344,0.0005400140050864158,0.003130730069064096
349,0.0024363939738080514,0.008547420815726937,0.042821298940751346,-0.04747257118766422,-0.013930987246587992,-0.044718687506853184,0.13604523851193528,-0.023159934556586693,-0.02024129371355905,0.002518988705627238,0.005269193666409213,0.12589199167825796,0.006902236423735371,-0.17610011426705852,0.04118646265811567,-0.15897167626363715,2.3840163892628946e-05,0.00013671592159049568,0.004807106531984118,0.04051008168613178,-0.0038742770868048348,-0.01251736616274167,0.004298868782130904,8.516811937980949e-05,-0.0010703374195862522,-6.504044520616771e-05,-3.7159582374039565e-05,0.0005260477105358919,0.0003500056244022635,0.00029425968737680256,-0.004095066021493092,-0.0035381286524218567
35,0.0032478196087945346,0.49741330713795784,0.28405536776890183,0.3654580871823544,-0.1770550041632451,-0.006764832979214759,-0.37563652870759956,0.49502833624045306,-0.4728929191299104,-0.017494418142012167,-0.4541048922867413,0.2622000618998355,0.4477037626363048,-0.5940284479783052,0.9891038336523842,1.7527487176170415,1.4291687329735983e-05,0.002462906773505174,0.0001111360328571916,0.0008688681356353718,0.006531148740674071,0.00047793552116894656,0.0023965902186531634,-0.0007339855445542353,0.000737612262140045,0.004305843560371196,0.0007749741138728133,2.4608570864519527e-05,0.0005515872586272422,0.00056278493918362,-0.00014916606702964304,0.00207535765285356
350,1.094054542378343,-0.009042451705009974,-0.07363724852840689,0.07134046266949988,0.0018987584408875161,0.002753236648807056,-0.007206493951364119,0.019973560866020017,-0.018996489779759755,-0.1515069493819991,0.48422939218394784,-0.1468422015259901,0.5021204086674573,-0.02996369557016395,0.007859732298897363,-0.02957688872848697,0.003862060927748708,2.827649905410277e-05,0.011571917652973909,-0.0002582617737945383,-0.0014960209914608304,-0.0001702202567864149,0.0017207488760950659,0.0006842331281806394,0.019915684439807728,-0.001396951980320036,0.0009327896516694238,0.006508518488628834,0.002860232601138792,0.008866726098933625,-0.0038002352269289625,-0.005866530376768889
351,0.02583194341124389,0.009612102182906344,0.5303894092911431,-0.49481884902186163,0.026930800128106676,-0.49293822952303756,-0.10632471848501325,0.07215754428754093,0.07645490836384286,-0.22238524581245897,-0.0491630367638098,0.03278431890777837,-0.029727545140306465,0.010921524251387552,-0.03035785807225572,0.0025694563548081116,0.000490357696884571,-6.85090694162294e-06,0.0006395289071637481,0.003592487961055312,-0.002386648893072538,-0.0004836334976777152,0.0002344059609808217,0.0014537550472327114,0.0020649739072941074,0.0007004457296452319,0.0020018551412415986,0.0025809784517197886,0.0006692904343696972,0.005280311729092633,-0.0007026093397516504,0.0026826526763055396
352,0.13626080236002966,-0.001344353013580866,-0.012562464364093848,0.012231679267291172,0.0002358249074373642,0.000574688350770795,-0.0008656990625012555,0.002325332662809996,-0.00224778313760819,-0.029914527242063692,-0.10024463956706678,-0.02305199486293507,-0.10765876766422085,-0.005613386129887896,0.007268071581164805,-0.0016446208539736943,0.017488318974749856,0.000161013658066821,0.00833975746191276,0.011390546172894684,0.004046615990453072,-0.016533050087666087,0.01960669287096137,-0.005441003584517443,0.976092624454963,0.0006320807098785015,-0.028091419723224507,-0.1001547197474769,-0.00023956617105218438,-0.03808412519808619,0.0007814133117269231,0.00021154176409065784
353,0.006058159272881826,0.0024479462080500168,0.2035161100269978,-0.19290649504541243,0.010290296546013837,-0.19414135435430044,-0.07031464928660863,0.05668273837955897,0.05085886361900606,-0.20487693875684662,0.009146713972126597,-0.01745556242288606,0.007949393202831537,0.030198129878010585,-0.027459479295724315,0.011584990981855153,0.00010159400527319775,-1.57643440724956e-05,9.82586291652367e-05,0.0004626098426679792,-0.0005656717913461956,4.180898109436471e-05,-0.00028141311762889317,0.000389558760947456,0.002103295731355808,0.00021753196594795433,0.019643891142419156,0.0009547215063758238,-0.00023751587442183278,0.003105627474606139,0.00010828233956072198,0.0008697483911785188
354,0.009410331501599044,0.003925357512461822,0.243211326551927,-0.2312522533545368,0.008005465379584027,-0.1734915466774903,-0.05528963049946044,0.053204130433625055,0.03868096245059747,-0.2099158490021515,-0.015038973924028518,0.006032041570007999,-0.007048546076604343,0.010366710978139425,-0.009875772956815267,-0.04056225799571591,9.049196548595961e-05,-1.7751088962321237e-05,0.00022105708094277796,0.001550959023879078,-0.0008085655091854038,-0.00020183865159858683,-0.000461801613286432,0.00028498521469706495,0.0017530079087913445,0.0005518642070787345,0.002887908395027912,0.0016745871308036487,-0.0007818303239996134,0.004750624760375605,0.0005292524474368004,0.0014191976215501174
355,0.07419479762844175,0.0029216621684845325,0.13768882712491315,-0.13057537078794315,-0.00796512607562552,0.16542920119315638,0.003529831747889295,-0.04973619571898284,-0.09777730685934542,0.43410667485410037,0.03625168365379834,0.08171602633698387,0.040811596435172695,0.0003325129075429853,-0.05105748343045221,0.03568663133344472,0.0013759994344100786,3.0796882632579506e-05,0.003078346544631349,-0.00015604167491387746,-9.01780892185789e-05,9.87021444535575e-05,0.000266455903318318,0.00020262490616933064,0.002544849609112064,-0.00018188015100053793,0.00044047586204426503,0.00872250425659286,0.0006456018071705153,0.03170424169542826,0.0014823642709589518,0.0009520397665799287
356,0.0014571919039775498,0.005303756540846041,0.0250814352921004,-0.02775628461656545,-0.008025556413415319,-0.025692008573829965,0.07536716694120135,-0.012700293692691156,-0.011015910843468962,0.0003345972782443342,0.015464479757238182,0.065612808360355,0.0028270296945182285,-0.09507737838227356,0.019045468867824364,-0.07466800068542083,1.6904542950514632e-05,7.3332837503229e-05,0.0025890321623739474,0.021571069624994825,-0.00216201027057518,-0.006966348513985424,0.0024571676131786625,0.00011567320431265881,-0.0006689468660764971,-0.00012881221264885413,1.1558904179286115e-05,0.000345808540199724,0.0005728170830592174,0.0007368462630804698,-0.0035332174596167457,-0.0027798232335171343
357,0.023645734725683206,0.0030036810982157786,0.09229846905231714,-0.09358197070029732,-0.01924255906151501,0.2825841928111477,0.009097977266223177,0.04816285638926021,0.04705498516959075,-0.3026721215395931,-0.040787484911320164,0.09964945895819198,-0.03704892370715099,0.06810289338848352,0.04808771629121835,-0.030236933359769874,4.556617249927718e-05,-2.1318080048372558e-05,0.0004267246399052006,0.00012326948143410126,0.00024316221462221567,0.00029756752138941774,-0.0009250316627209944,-0.00018652282222244817,0.0028694028316028526,0.0002712425570574588,0.0003963026967830198,0.0052581653542672895,-0.0003415378853512181,0.004508648326391011,-0.001411030938693264,-0.000880981290413821
358,0.0028533787326182488,0.0005025667888255841,0.017954671678055333,-0.017742445165244862,-0.003120548322614971,0.05002911671945469,0.0011023866400401486,-0.00203131202812075,-0.013553154550810262,0.011537992818751284,0.007194510520277649,-0.025606926800302555,0.006758215104067334,-0.006066504874781313,-0.002396219878240613,-0.0005587696548386754,0.00020286604042618668,1.179891276241095e-05,0.00012598517245739432,0.00012560338884308827,-1.6329113885141727e-05,0.00020749910246986133,3.8440968639288975e-05,-9.576977091035966e-05,0.001367468892040326,5.2386713000834775e-05,0.00013473361248139457,0.0013918530904290663,-1.041060759280202e-05,0.0070242008387190035,0.0005663793241731184,-3.0727732519621e-05
359,0.04135061528048255,0.013780446948434992,0.5297361439638633,-0.4906717924747127,0.019967175153802485,-0.3815060138719487,-0.045014308515783114,0.02711684427158552,0.021409335873124873,-0.05302794435487086,0.0672153198326331,0.040131969427503855,0.03198471316714919,-0.03878821480158149,-0.02017959427188793,0.012024359369737142,0.001600487167461632,3.989108931278496e-07,0.0010637547479307526,0.004213695290946366,-0.0029913198434210492,-0.0001089690496060404,-6.829447102140625e-05,0.0017972270609795302,0.0027224324235071086,0.0010750321398730876,0.0023748566430198794,0.005753422711436122,0.0004142147928931968,0.008486660620519369,-0.00041701000694026894,0.0033493982864172653
36,0.010098343245356493,0.14464772633480324,0.7798867867830156,0.5001338728553315,0.6923155576176698,-0.03714226009583524,0.3416844774736234,-1.0104865288943745,0.3344472198664922,0.10158890303901018,-0.27205055862618904,-0.3138834565713415,0.22480077197049592,0.8150114196229518,1.2153949160692648,-0.09156415391330555,1.1315047614153859e-05,0.00012131125709154908,6.541125790585496e-06,0.0005204147098255377,0.005763071684959874,-0.0007933473493803693,6.9903075438615e-05,0.11879542521476405,0.0009215561281084171,0.002080388225571199,-0.0003041076117172179,0.0003147540754416951,0.0010783598557819187,-0.0005395181954570528,-0.0009907189510123839,-0.0005126345840668156
360,0.008328034292049232,0.0018824911832480919,0.09123083163940136,-0.08499715592009016,0.002666853327605828,-0.040613338540528864,-0.008277416898867438,-0.0049858521121885204,-0.018702289411714597,0.06754742448171398,-0.025238197185141087,-0.01795524287620579,-0.01320630471370968,-0.01440368931000227,-0.0018725641324688594,-0.018922551821726124,0.0001538001743717517,2.663946760357299e-06,0.00016813731064228642,0.0013066152853489096,-0.00014653705629013748,-0.00011872632257543034,0.0004139123461154416,0.0010478392380266139,0.007500032721494565,-0.001797333267490691,0.2858037275953519,-0.0027627022614625856,0.0003709853811864742,-0.000951424628683165,-0.00033607925731074864,-0.0001715543779330711
361,0.07486889557501249,7.614162547055214e-06,0.024733996660251365,-0.0243175404821852,-0.001952593591421613,0.030938113896471223,0.0010726045613742754,0.0006280675216302099,-0.0028282955242699393,0.020727964921303178,-0.1086872313755905,0.04084233608798804,-0.1203814836578143,0.008819349120350766,-0.005200158026581823,0.006327631401903294,0.0010090597626277436,-1.9066142881677257e-05,0.018241366313164798,-0.0051764408651222196,-0.0013698581631759596,0.0023197714328684095,-0.0008080597334801068,-0.0020155124525406665,0.03528091203105938,0.002991991828070129,0.0044066015240909525,0.41915971118094386,0.00023581325183172664,-0.04794346008566605,-0.007363521801562161,-0.009979896413770282
362,0.0022750049555047224,0.007861411277805043,0.039157228039150865,-0.04340290874301255,-0.012723911100922507,-0.040704619247592284,0.12364570655840401,-0.021066542398623066,-0.018356022562196546,0.0021200726670855628,0.009063224982147143,0.11368599605550014,0.006230331667757667,-0.15978186359641972,0.03626302479195362,-0.1407788442653457,2.8899666389331417e-05,0.00016208865488879883,0.005745843671373222,0.04812119589091109,-0.004620791002044939,-0.01492760022981972,0.005139038412830985,0.00011131554051111365,-0.001287147142482689,-9.177870056312543e-05,-3.819244365159593e-05,0.0006247653567015162,0.0004765771526055109,0.0004457097156449517,-0.0050526187443645015,-0.0043754162543794784
363,0.0048604701279761795,0.00045499653597888437,0.015364612928926569,-0.015325038431549766,-0.0025720544077531987,0.03685734101804042,0.0014363963969860679,0.0009341020832270557,-0.0013388853098619388,0.00018570525616991968,0.005581412613745352,0.014989872758877257,0.007131335756412272,0.005290037392570526,-0.0008779832188257321,0.002098029583975949,0.00023163634070433043,5.7004328846772626e-05,0.008514784811282226,-0.001328027348495651,0.0020590759024890887,0.00015880688080171121,0.000889327792440042,-0.0005006369117739362,0.00950511167273452,-0.0005571687124192138,0.0012926661270930631,0.07685106223594307,-0.0016564472554151356,0.04343792076159951,0.0036436303454836947,-0.0026487327394506613
364,1.3211198119880705,-0.015482654878287958,-0.15595749487127744,0.15067614459644957,0.01807714192606338,-0.19715391534294813,-0.008387416723364158,-0.003354488374945694,-0.010544495876896043,-0.0898874415228996,0.461855930560778,-0.21556770438766987,0.489305667489152,-0.046496112888981575,0.024173470109785454,-0.019762214794645235,0.009063836295302923,2.6691006163584443e-05,0.018381572076554987,-0.0012995188179664985,-0.0030690197761354594,-0.0002687537794542048,0.0037273981083229047,0.0011900581085609577,0.04651088745606631,-0.002876648198741261,0.0020980202311212852,0.01322876133015333,0.005779196931677784,0.016346170794075254,-0.007877767208733412,-0.015455108519274464
365,0.0032172764235550368,0.001428115936402488,0.09062128999499784,-0.08500759489446333,0.0048142610454290765,-0.09116046512064166,-0.020883154846896502,0.014644320346022437,0.01532727734084246,-0.046308766127267705,0.010239911061070188,0.005435880351518745,0.005484035613076825,0.0015004354790543262,-0.010189871815539934,0.010021092751480628,0.00025676058876542734,-1.6585630059988257e-05,0.0002517606783777643,0.0011928950309054148,-0.0018908088755397305,0.00029083579290627956,-0.00034697305691962156,0.0011569267100403615,0.001136191208296356,0.0008048124575443725,0.0004816549682093483,0.001509392827995152,0.00022887411853763585,0.0028592129259833936,5.9421820398491524e-06,0.0031709061511456175
366,1.0125313265789313,-0.01065968294003954,-0.09326941961499112,0.08947241126266503,0.01012429739310906,-0.09827602667232238,-0.0062239238280341995,0.003602397027356658,-0.010930844599134997,-0.058699664715240574,0.43085456789245186,-0.12887455809940826,0.45431405032788397,-0.027515164319354475,-0.0031035642740416917,-0.013339684350755783,0.005730936727669432,2.5084287274543664e-05,0.013392212730629124,-0.0008182681637390187,-0.0025670757870958714,-0.00018774070298028454,0.002999895038070529,0.001034219870600375,0.03309179340935141,-0.002373620658409588,0.0019050239244378481,0.01245445987583195,0.004781069501690216,0.014809552763655726,-0.006438522779561668,-0.012958255737730276
367,0.0168566949240144,0.006353524698919503,0.43394917065513106,-0.4041799708395395,0.0273530692593792,-0.46446646195787783,-0.13089236621489217,0.09171728806087125,0.10567736288573507,-0.32484497163556464,-0.027785328338885838,-0.003758546487358945,-0.015518512286836894,0.0575959603264355,-0.03874092121037077,0.033551002167655504,0.0003238665935207927,-7.3211090787542365e-06,0.00041831155856240503,0.0020962323421786786,-0.001970646689376435,-0.00026383580577426694,0.0003445369907775246,0.0014613248909024542,0.002000402420232065,0.0004469708551678848,0.002635011634828324,0.0015819783059820335,0.001037045774481762,0.003401405269419341,-0.0010453877115006909,0.002133342164857052
368,1.2417200041835894,-0.014790239239941643,-0.15745574509867602,0.15259113882992534,0.0199638600244467,-0.22883922159473552,-0.010366495247737981,-0.0023680449921383755,-0.010250841273026688,-0.05665212924997348,0.379277766760967,-0.1859605073279837,0.3964422733570674,-0.047968139303230004,-9.585647936467042e-05,-0.012544657070972047,0.009065904947424673,2.4409159121569948e-05,0.015503690860729058,-0.0009145354936835597,-0.0032076184638966227,-0.00031243440318353067,0.0037989303977223896,0.0012655600746394793,0.043062154518483615,-0.0029967276248101787,0.0022827691060191757,0.014371265975250375,0.005977542344639658,0.016425528791517048,-0.008196287056967951,-0.01602165424574834
369,0.0038270682805160343,0.00735071491646321,0.03699384104780732,-0.040972618889128946,-0.012066414182718404,-0.03546755617445181,0.11538903743571322,-0.019891699691006764,-0.01705975051655813,0.005026953945560372,0.005473534837734523,0.11099057967056934,-0.00028306410210398626,-0.14734876138102118,0.03285337235464069,-0.12930709508869243,2.186083159663714e-05,6.448195340857584e-05,0.0030882650058418745,0.018503325009460118,-0.0018333760618209614,-0.006086733213355148,0.002268498227552191,0.00023360307432042333,-0.0005319324549425767,-0.00024099941591210927,-5.700565815611321e-05,0.00029334170975590576,0.0006826297243888268,0.0011303301757938228,-0.002984869415571435,-0.005453567473763569
37,0.0018704166449450303,0.5835115302410768,0.7751637486786982,0.8909037599739742,0.5150526061865832,0.062129271616338244,-0.20562395401120537,0.22581158911415136,-0.24692834840474884,-0.08703209170262431,0.6757697525229651,0.2972759578802299,-0.6863177607966847,-0.6842359693052744,-0.0629885450739246,0.18339631026977607,-1.2015282227301136e-05,0.004286295092238066,4.7269913159448e-05,0.003071230714782475,0.034494998625209224,-0.003841219186513117,0.0005515940416439299,0.0029693905733283264,0.0002974125759619548,0.00029110713913118626,0.0012863008409057656,-0.0010495275003633694,0.0014343052649805196,0.0007676242986380723,-0.003319248229351173,0.09924687247593321
370,0.005218362458659408,0.0020638709018194236,0.1694933351795621,-0.1604334586559815,0.008740045900825404,-0.16317852384664938,-0.05827382443892595,0.04611040788064309,0.04194127873699125,-0.16528306902186327,0.013436225842145261,-0.015489460629003141,0.010752887853816546,0.024806463414772464,-0.023531566283262365,0.014074086547569819,0.00016036008226221824,-2.774092617027948e-05,0.00015376911967712812,0.000735916178141712,-0.0009337381484463923,8.126359282292921e-05,-0.0005231467589202503,0.0006317783388162417,0.0034530818247348713,0.000391193247744134,0.03176417877465632,0.0015928810542518508,-0.00048454911957733135,0.0052525121820211395,0.00024570876105580396,0.0015128330094994775
371,0.06246587342097143,0.0037114663860640614,0.1777414984574935,-0.17077491232336597,-0.013917010614939683,0.256487589679005,0.004043988960238654,-0.050938520379723094,-0.15284231134068993,0.4068159349604481,-0.014514863909095298,-0.15319790647134518,-0.01730734706013487,-0.0701935694990658,-0.0439884681863486,-0.010658994801124446,0.0008954172602912552,4.630507482020537e-06,0.0016333642704627668,4.067870942513938e-05,-0.00020143355526714012,-5.938119601405273e-06,0.0001435930255358379,2.6463376404108258e-05,0.003605607517328771,-0.00019449459251804962,0.001650633627529971,0.014205726815501663,0.0005429358437924522,0.008111464655248628,-9.473850007873737e-05,-0.0028178253821309544
372,0.04044436501601391,0.0033678157195452317,0.10627019428868606,-0.10800119573117044,-0.023416720662085045,0.346003455835069,0.010840914102691779,0.05550822001384616,0.04965504026995352,-0.36012243959267887,0.017188211923540187,0.09031435860253013,0.02619415973354685,0.07454748694868782,0.0573909889065486,-0.035374983487233246,7.504094771652956e-05,-4.219663636625877e-05,0.0004494568698533421,0.00020823672047226636,0.00032103323682899053,0.00033893894440337896,-0.0013826828912144626,-0.0001920641435348138,0.004580932511378019,0.00028720429507661277,0.0006083449267651917,0.004318021687076777,-0.00021373278849526813,0.004252049509806233,-0.0028116970367869413,-0.001957706597038122
373,0.0208259807424315,0.003940378465542553,0.1275093959148197,-0.12353056012486015,-0.01067494860252775,0.13836026693483344,0.0016476036980397543,0.018788606055992006,0.013193959751516614,-0.09981091067792575,-0.031254366853520954,0.047071759011295435,-0.017322943922468668,0.01889791813746645,0.01375243636798918,-0.01265170446706658,0.00017506821241438086,-3.665573929330112e-05,0.0012235608370747073,0.002363261277139955,0.0002532365593770659,-0.00013298883711985234,-0.001339527290381238,-0.001134912070276349,0.01152793583447915,0.0011630407922745766,0.002028652539894194,0.014491650773473547,-0.0021016991051627065,0.04114158182062057,0.002106443729302402,-0.0029202123278126006
374,0.1978776032777476,0.004878854655024977,0.1435308552265926,-0.14740251125987772,-0.041826235916735344,0.6119299580982398,0.015037273300040805,0.0613822873708479,0.008306252162124028,-0.4594494483701121,-0.18472259260450075,-0.08099083067287147,-0.195533480086784,0.03225488760556226,0.03575413056973403,-0.011134029194539737,0.0010078475993647797,-3.258956159275072e-05,0.0017889931853861591,0.0009498932499497541,0.0008945768346815773,0.0001086638250453534,-0.0016937711068217075,-0.000518907559073143,0.03750778814466058,0.0007168601342749218,0.00048405468583435836,0.004093283852987664,0.00018990521336942812,0.010107307964729612,-0.004478045419780782,-0.004552067466646297
375,0.007337471450022701,0.0005661324107007475,0.02345493744695403,-0.022960185681880768,-0.0021805717312930544,0.030770386657689105,0.0008581048412039863,0.0032151884871163498,0.001766186905302856,-0.007832348497096613,-0.007771480848356033,0.027589686640307875,-0.011963145542794202,0.008286373332561832,-0.0013124349443916405,0.0034425976546056665,0.000871063507455041,-2.2217446149428637e-05,0.031014430832293154,-0.008893704496144449,-0.0018121754434918854,0.003947766928162362,-0.0012603262891348187,-0.003236318218580852,0.05703985607950721,0.004824181496244479,0.006697449628906231,0.6949264777741542,1.644090475300249e-05,-0.07969756914513744,-0.011605912373443238,-0.015392566112331502
376,0.06846861439523358,0.0071663241475967525,0.3295553267423112,-0.2988835308783556,0.0027513385422007247,0.12209255990804155,-0.01776613881856041,-0.07394588724212725,-0.1633487068554631,0.518688603157787,-0.0038282029093882853,-0.18318423273243767,-0.0024303656553198777,-0.058934523063109895,-0.017939634736144724,-0.01608538447441099,0.001368868204380859,3.7928957539018054e-06,0.00035586221317178543,0.0008486636901944164,-0.00029531386322757477,-0.00012629955027293352,1.8306050534760394e-05,0.0002631502087956589,0.0021177777727739654,-8.060024395569818e-05,0.016184386299744547,0.002063678203634631,0.0001797454085794427,0.0073151618594647985,0.00021140111290518914,-5.728171116592378e-05
377,1.4456819763400066,-0.01717622986762047,-0.17968496653947338,0.17338519711990963,0.020362230569151287,-0.22864206093640344,-0.006794325595676767,-0.004148140196785278,-0.0012649166063294082,-0.1044594323063192,0.39387142833809946,-0.1953059640946519,0.41885410540056095,-0.039990452675147906,0.033273548449154915,-0.01962032648207501,0.008472928304174504,2.1294195298178247e-05,0.014217011713521802,-0.0008649107890338181,-0.0025728624407306477,-0.00029736933757227766,0.003175439413704883,0.000988256663845239,0.040216650751738435,-0.0024221103526198802,0.0017191739090646647,0.011683543383159958,0.004841551347691356,0.013279193028170558,-0.006645035986767435,-0.013015983434272398
378,0.010566073685886383,0.0005793660688730995,0.026784004414667942,-0.026229672172987172,-0.002414107317678022,0.03545837465748165,0.0011858728090117505,0.0021942765935623913,-0.0012155156481886546,0.004525859666564307,-0.016882917542933366,0.03148376774940503,-0.021706908312717023,0.00854061665640445,-0.0025245327157774923,0.002953118508438206,0.0005143341352648886,-1.7853278236907374e-05,0.017529009911159455,-0.005079192356806758,-0.0012098455004870925,0.0022701496736886205,-0.0007696603331065522,-0.0019613183419804033,0.0335030867697631,0.002920926242262872,0.00400648830890001,0.40741913189431433,8.733596576284805e-05,-0.04698878374833187,-0.007052841881136546,-0.009588364064523975
379,0.018748137518881585,0.0040477211630200755,0.016011595760700745,-0.017981372460630154,-0.005455911187259051,-0.014150647744062621,0.04362735648549527,-0.005540065269862571,0.0007330341953940647,0.003616298502837453,0.03521145400355596,0.08048676863083788,0.029328799378777085,-0.0237097686420595,0.00850715977216637,-0.023242296867442894,6.006348796560015e-05,5.877046738373326e-05,0.005804940941369299,0.017475222451794985,-0.0017372740111499568,-0.005692643145197688,0.0019980873313141835,4.739416625878443e-06,0.0002473846008930229,-3.3410584556795506e-06,-2.208489921814306e-05,0.00035416666773094654,8.684839389515325e-05,-0.00020294805042376878,-0.0020725272349562418,-0.000923718324420323
38,0.0021276221633831065,0.3824957232442793,-0.01470753373018767,-0.05269114054211537,-0.09834444090360651,-0.06989639857979968,0.8281556708528113,0.40951617756556224,-0.14537328714018405,-0.008788121375220037,0.20353753316666245,0.04629759013388783,-0.18523860108300003,-0.21972452849867236,0.4037571130613389,0.1319803365818843,4.3389827116351464e-05,0.0073748335749481055,0.0022911605120504376,0.034132802342575624,0.024736505036830357,0.02275027015534828,-0.012207308795615568,-0.001026444855665065,0.00023342408171333646,-0.002942085962051223,-0.0009682609231540308,0.0009748805223578772,-0.0017642052023262023,0.0034617446118610615,0.0077160527849707,-0.001457958203538222
380,0.1727391010665899,-0.0007630253178823436,0.021176157651202177,-0.023021545424958673,-0.00575828376422706,0.06022812375003527,0.024632541976581393,0.008104720265947994,0.09935306846154822,0.26873989117312913,-0.034502129492408704,1.43740819568214,0.0273138298873795,0.502142250294553,-0.004661340745361067,-0.05982310410427551,0.0003355118528483328,1.0778306252950523e-05,0.007353765417868276,3.265502957824448e-05,-0.00010773903232492578,-0.00011528036232322037,0.0002818857945298403,0.00016976369386992058,0.002626081228151418,-0.00022194090887121086,4.237205215368269e-05,0.006430863357012459,0.00023432359112067935,0.010711224602649073,0.0003578965961235596,0.0004774726770386095
381,0.015145982445514945,0.004270736545496246,0.02038089568295775,-0.02226164862526908,-0.006504700224794872,-0.003930116640329953,0.04512607799553908,-0.008396510692662488,-0.00545259429858298,0.01307309376458124,0.03437784223291025,0.051251415914121565,0.01973837432797516,-0.041103871961606794,0.004659951475951807,-0.022132564237060087,0.0013115542400052398,0.0003582194885297948,0.12950527635533862,-0.016746421313059368,0.004763467292237215,0.002722184925141527,0.004424186722603472,0.003412241873790873,0.0019928837631127488,-0.006371586263630038,0.0002050105577215251,-0.023380227368092487,0.009359562087661066,0.02779323473860535,-0.0008590972499708165,-0.18169354976704036
382,0.040716738079811673,0.0027819938815108703,0.10381806514634581,-0.10400393737055813,-0.01976305385759873,0.29924367657677214,0.002365064963808966,0.022054529904407708,-0.02315309384969099,-0.16031880802399012,0.030543349440817078,-0.08606377047320031,0.032020142642937524,0.0023854593374110196,0.007452459430127883,-0.005256101010916889,0.00044229911107841513,-6.27631965014752e-05,0.0009190329001220569,0.0010056423139356164,0.0006203314587248432,0.00012264084905167758,-0.001538065680036373,-0.0013256616422254103,0.03012886594020525,0.0011982889594286234,0.003009011666811065,0.008016618630854717,-0.0021453729341253686,0.043902196991531715,0.0021781808072089902,-0.003986623560519143
383,0.033422491230247146,0.001489924866660102,0.10449110207312001,-0.10086131447664644,-0.005647356599493331,0.10966357128960624,-0.005308485934096074,-0.03089203068338679,-0.08429577767617175,0.31576010595128384,0.013796464482598445,0.04503659334130314,0.01296964122366075,-0.0049188166309196285,-0.06276003847017914,0.05347657369106371,0.00037497624586582754,4.7987232891412e-05,0.002278580825144956,-0.000170248634171983,0.0004830512088510896,-4.891155638674869e-05,0.0020174476055641226,0.0007263170128645963,0.010425088483473306,-0.001089882539981131,0.0017547830634520845,0.02277262019409557,0.004446720930980494,0.4084064678274574,0.02038139513292393,0.008122681601823159
384,0.15272172295760428,0.002994079559512515,0.027085548201278897,-0.030747798898366943,-0.012630922102194568,0.13112934009356028,0.012953540745161616,0.0186473955005927,0.09885259636141885,-0.0012283638095210536,-0.07710581967396918,0.45708206659501727,-0.06675217956189994,0.14026645178097774,0.004512128204737039,0.024126612287907523,0.0017119182177424467,0.00033590961033536386,0.09030706483165121,-0.017608873194358873,0.006823878457429676,0.005058642990394827,0.00167268898496345,0.0016650131090600799,0.04217444622985239,-0.0035225020074351595,0.0020838225229393107,0.452399220068991,-0.00206340891315854,-0.024003623779801576,0.004107077163355325,0.015206396639961928
385,0.12475944603815758,0.00617930532708996,0.41867610392129356,-0.3909102334855226,0.02053912944937464,-0.3432367944563116,-0.09222647874333531,0.040712896384158044,0.021711177578433802,-0.0152424551834785,-0.08930769651933429,0.013099289400593711,-0.08071357729329641,0.011924154016648042,-0.05258637730985726,0.030317980445917565,0.0024070085749781454,-8.377443482184794e-06,0.0017546507672104674,0.003039395780570455,-0.00392771274012722,-0.0003795105459712202,0.001430580605824636,0.00275592910560622,0.006879722571358538,0.0003000801315731084,0.0025245809804146837,0.004616742461350308,0.0034256382494194907,0.014721910918658982,-0.003109192037637565,0.0024042150120412685
386,0.008383460404852737,0.004131879896739896,0.3232496892404171,-0.3011767852577643,0.022281808534951385,-0.3715772116125238,-0.11505621067355327,0.08333524176551474,0.09786604214155403,-0.31125214736329315,0.005239826509493772,-0.014396741688510729,0.008061262507749013,0.06142847698237565,-0.03634507467957069,0.04203851663014098,8.432366826244266e-05,-4.5878852872052905e-06,0.00011000021675116559,0.0005821498982909686,-0.0008191442942303277,-7.255504839476893e-06,4.8845784157837416e-05,0.0006914741347379024,0.000805964570447444,0.00023013117740979888,0.0018981815591566384,0.0006036480043355273,0.0003482635584852248,0.0011671623601871121,-0.0003409138025171032,0.0010630518576909883
387,0.007779913160534167,0.000551313462158523,0.030380826452898614,-0.029338857546945325,-0.0025061787668024535,0.04745341441097492,0.0009320051617737329,-0.010442548220154498,-0.030772586360859614,0.08353500434098575,0.0025151704266208118,-0.03252739085249069,0.0033251349648548935,-0.01451792196099661,-0.007678061666187915,-0.003591846516229948,0.0006271788703085762,-8.218426567580332e-06,0.0006512896319735437,0.0007113974471659118,-0.0009537736117380365,0.00016087925274504937,-0.0007181058736778538,0.00040271940808063526,0.005391708391744063,-0.0009236501830775842,0.0017062386017901796,0.009398209707606003,0.0017908747138338282,0.008295771111603449,0.0005893671371394266,0.001382634093036367
388,0.05827293428073636,0.006203803733550611,0.08407561664515659,-0.08586085731594686,-0.02185502263973765,0.2592146986406786,0.007940730598590719,0.024888712433245603,0.04510222275464243,-0.14274359540172896,0.16936303089729246,0.07445353729842079,0.16652931615196948,0.03650888258214486,0.01155380917932107,0.014159830520693821,0.0008781224310951906,0.0005510565877468951,0.01298531742429744,0.0009632077037724403,-0.006642773526201664,0.008575342949055069,0.005273683124001882,-0.0027233234639686757,0.0257608536559658,0.006125026497014953,-0.0016559212497412187,0.06334104734217329,-0.0005967110572731122,0.17949130485176643,0.016482130794644372,-0.01722480931557228
389,0.007798359356207183,0.0021970316297645026,0.10182072374756428,-0.09510740620287524,0.003571418103243798,-0.07181563606925837,-0.009112241696434273,0.003764366830924134,0.001131943519948362,0.013597837133673215,-0.01837724197088793,0.036076603392877854,-0.011068187148727315,-0.0017290631756127417,-0.005130558404843328,-0.005517384373838429,0.00010107712256649185,4.397682762504202e-06,0.000397741539102407,0.002009906329109179,-0.0005860562452552972,-0.0004880172620827359,0.00024828714298286966,0.00033978460384523416,0.0008949246167905883,8.344376511934725e-05,0.00036729490679291837,0.0017295375436932354,0.0003269990331470097,0.021890517366263965,0.0008596422902643103,0.0009139212288111144
39,0.005598909690193515,1.742809251183552,-0.9990170755953635,-0.9945589373747348,1.42596833969685,0.06267550042528972,-0.2610075125208424,-0.29416825819210934,-0.20050618683282095,-0.08502141260450874,0.5539248535466363,0.06217189415665765,-0.5320837907036089,0.005658974675779221,-0.07429205728259906,0.05177806497353219,3.734677155017337e-05,0.10051467987707627,-5.27532369315415e-05,0.0027627884932767653,0.008116642850110456,0.03368459928427084,0.07183631889757508,-0.00010010962356077768,-0.0011452564044631473,0.00012886739980760733,0.00019034515320980188,-0.0002062613346716795,-0.00048827996889440404,-0.0014810099864796017,-0.00308069593065191,0.006083718813740224
390,0.0573976322907033,0.004279882541056904,0.10498836664331321,-0.10756468369513192,-0.03004478603970993,0.43352518247610733,0.012879552107729689,0.03618095940582634,-0.0007875815749851206,-0.289936226005168,-0.030606474648266727,-0.07396351204846031,-0.032694389866529464,0.014953056335042108,0.020346449347670822,-0.004907992156184704,0.0003518323848614207,-4.062432982629403e-05,0.0009327630164113718,0.0015226242809525743,0.00015825832176107863,0.0003823767128934162,-0.00136073706168411,-0.0004990779518977207,0.0183119135013527,0.0014612771926436454,-1.1057934869150744e-05,0.002523737311236584,0.0019494279189972827,0.015194700958045003,0.002402670376185355,-0.009781092259971019
391,0.05651844146653508,0.006256428681972898,0.3303981612978998,-0.316994424776488,-0.013465152479909148,0.20570967936975387,-0.05067907977623056,0.04933743284065318,-0.020572765264411,-0.20987253613186785,0.055102602314303625,-0.1315425754706349,0.048245173878701544,0.012233476647802746,-0.017105783274798416,0.008190165964936685,0.00044667078858299955,-3.757970980792893e-05,0.0006329314635992477,0.0008639458750360858,-0.0002108062757973411,0.00012429734959169803,-0.0008843728438695877,-0.0002834614917250379,0.016131111351476914,0.0007243036689234782,0.01598482270014747,0.006095356949771234,-0.0010915160533833757,0.024793331884141696,0.0011773756318213236,-0.0012752219751029322
392,0.13785841859182352,-0.0005852012263728259,0.01566224406277194,-0.016996106233425137,-0.0042427901697875475,0.043572593417311914,0.01747385250870235,0.005744400989530949,0.07009843826124249,0.18767855317240595,-0.06238332777053428,0.9997632645067067,-0.02384673923353482,0.3471600690118014,-0.004792729189722469,-0.03717056343762456,0.000473103411383554,1.5058704289613678e-05,0.011308009712305223,-8.721199109254897e-05,-0.00014403309225709973,-0.0001298612221811331,0.00034159217428675033,0.00022132184738336933,0.003100384161863103,-0.0002762576028530453,3.5784330693071933e-05,0.007001585285028884,0.00030302175368711,0.016403088237857664,0.0006306853481074407,0.0008527342653964741
393,0.290963114697129,0.014389826673739364,0.05274970165424419,-0.06283494332589562,-0.03004869882483202,0.25677334441131594,0.018929349152186813,0.039641477071557275,0.23899778347087045,0.007150682131713304,-0.23824250203965952,0.7899459323041197,-0.18131917312026702,0.22722791207157003,0.012679812798855453,0.06934429219158053,0.0006362296887904601,0.000893752039193424,0.02068996426774269,-0.0036085220105367155,0.002995776181279928,0.0008999509076380407,-0.00014370310587505868,-0.0006232922361966771,0.010701843431502735,0.00013120680470226796,0.0004752784495815354,0.10424250663899753,-0.0012812324407689036,-0.0025303740298467593,0.0014221300031449582,0.009765204927812698
394,0.004309179315003189,0.001661564148167033,0.009714644740877493,-0.010704649960003807,-0.0032798933705773963,-0.003241993308059311,0.02803288000102787,-0.005186075342547931,-0.00389794463012695,0.008370632347039993,-0.015536047956466976,0.038090818840120215,-0.007282092115247367,-0.03020514788781342,0.009278606727041196,-0.035454162703847436,9.508263614010099e-05,6.337861916437747e-05,0.01091023815429265,0.00811270282066345,-0.0004600580643650717,-0.003144606535745061,0.0019266556743178169,0.0007384454161406645,-8.455325908342393e-05,-0.0009964939802824218,-0.00016474926993710113,-0.001459766700037378,0.0016139716668010402,0.0042170427688221586,-0.001823469648497582,-0.02597657278250676
395,0.066563167809862,0.007286680264248141,0.101398049202636,-0.10367459405811905,-0.026551684288779562,0.31798956101318926,0.009847187011302569,0.031090595315350703,0.056222178441255946,-0.17914284060354257,0.14013048748802256,0.09826737357452157,0.13861330909941547,0.04641268104493664,0.014751558521089177,0.01630141528584003,0.0004927335004794723,0.0003061568353922039,0.007375036202939075,0.000564137842837645,-0.0038674401849927587,0.0049164370040304505,0.002918494107166059,-0.001611250214657864,0.014999822614222908,0.0035951048083450133,-0.0010054212063305406,0.03741555911003005,-0.0003814439026729146,0.10348323939788752,0.009595347964589884,-0.00988581127817232
396,0.0006287191635721979,0.000143136911852251,0.011351767926562343,-0.010760404084356714,0.00043585194749100266,-0.007437915564993506,-0.002633376613344263,0.0005398798906674697,-0.0016387973490835238,0.005590641645971018,-0.0004130198402656977,-0.0035288023277736877,0.0005030702871396239,-0.0011587601820183407,-0.001418549467538519,-0.001719058780339447,0.00024963734921576897,5.467847661366666e-06,0.00017657598105415637,0.001956485381109787,9.136574495469365e-05,0.00025907718480165155,0.0012757935335477634,0.0034443489103173513,0.025170973718453123,-0.006310701864657475,0.9929468640109619,-0.011435420226825093,0.001154743107737737,-0.0066250938492844035,-0.0010405794232706508,-0.000801799205486673
397,0.1732414080457506,0.0036342061017168407,0.12554316788077263,-0.12889691193721492,-0.035190885510998235,0.5244131255706642,0.013068564931856945,0.06485993896404464,0.023205414043357575,-0.4565267726088588,-0.16801685414306275,-0.024718692290957228,-0.1799220536544512,0.04939065173340111,0.043841116990176995,-0.021508903787389656,0.00047622766197482133,4.692954794199609e-06,0.0008240438345621965,0.00034911055593586106,0.0003176875672267882,6.633324013754131e-05,-0.0003891637079561572,-0.00021689913869037299,0.013839574670216792,0.00028631887302579107,0.0001169660785819339,0.0026852166790250053,-0.0001441736923294996,0.0055039676845704604,-0.0011420112430829113,-0.0007404829999524453
398,0.1454561966018054,-0.00011821730015404962,-0.002998632438208062,0.0011626137893348478,-0.0031207859737107453,0.007647225059954848,0.02255554697880094,0.0011235686201308422,0.02738965530537707,0.017301802983598406,-0.07620581159053735,0.22329386213246266,-0.07387857513096573,0.04431926159335268,0.0027705129972121906,-0.007300086881524434,0.004262032148881386,0.00032265446353963513,0.5306005388006431,-0.06677732974672197,0.003660628472503756,0.01231100533880513,-0.00502499576305836,-0.0004197804564554143,-0.012628595518390486,0.0008460791884356939,-0.000428421113954188,-0.061588111253038744,-0.0011287037310909623,-0.005264915991545787,0.0024035612290398134,0.014801166988645526
399,1.3039101972632574,-0.015240650832255759,-0.15696471072523874,0.15130327120681883,0.01752015595765742,-0.19420204004023808,-0.005632252746358457,-0.0024137485759460555,-0.001329720096807969,-0.09605786233022665,0.4506393334220821,-0.16990667585431102,0.47983652817439587,-0.03324419557724528,0.028165085009483816,-0.020308273721160897,0.01018410108657665,2.572572217217614e-05,0.017092256981955725,-0.0010538264238576084,-0.003075887268300919,-0.0003275066618264858,0.0037612374222125477,0.0011918703886239124,0.04647600392228643,-0.0028902884713033015,0.002096874152849942,0.014188893753333723,0.005778394147463726,0.01613879696384684,-0.007910221894737382,-0.01556986364861308
4,1.1138136566496976e-05,0.005353091569930741,0.004301693218313953,0.0053324602329638815,0.0032878020439271335,4.3484469350637674e-06,0.009156322402396038,0.03419945175284488,0.001696702160424253,0.0061742181047349945,-0.01560239627983565,-0.007526147601169035,0.01649221564699622,0.014225948423793053,0.00034826354220529,-0.019849960586043523,-0.00010289400420950302,0.0004402668386018608,-0.0007842604515117858,-0.0025245117004533916,0.04454532575974732,-0.011781478738270403,-0.0005567547800164524,0.00010590110470883365,-0.0007425253055355806,-0.0059271874669170705,0.005310923304745449,-0.005220457026135732,0.008130179327429212,-0.0026021869788914118,-0.009913373069646288,-0.05198494607596649
40,0.0016377399954171316,0.4408753323532761,0.45184881815176253,0.5251208623243127,0.134742645060098,0.04054654934627122,-0.1689657638052679,-0.252821971979182,-0.015281685722160307,-0.09583222022420096,-0.03576695970296735,0.07333180745488378,0.010864697049787864,-0.17632325513983285,-0.709210726668809,0.023652767641875346,2.6181696707620604e-06,0.002974360248200381,-2.550672166689464e-05,0.00044130466538433834,0.003972059704468023,0.0024453002709503894,0.004585822961018845,0.0018577258433591952,-2.318181190473033e-05,0.0019860565212093074,-2.2082475301815277e-05,-0.00019678525202818575,0.002103416324457456,0.001145118166044578,0.000351250812049559,0.0020318801676351313
400,0.157470892452285,-0.0006873706879100897,0.018891470728565347,-0.02052634006517123,-0.005148274852281143,0.053448449665833724,0.021761181941958453,0.007186806911251755,0.08780093442027322,0.23652681662206193,-0.05123820727192965,1.264533496723344,0.000709444587155935,0.4410690685272254,-0.004790828366280294,-0.050627366882111155,0.00039920114058044525,1.2725689758293907e-05,0.009156907765252728,-1.131625415206819e-05,-0.0001283649589638987,-0.00012395152788088204,0.0003171670866917813,0.0002011283542570247,0.0029213238130636632,-0.00025657616242675716,3.7382524531427355e-05,0.0069147003256423605,0.00026949091807117653,0.013486810619757079,0.0004917331622767819,0.0006654041459456568
401,0.017211417716795067,0.0023590391759266065,0.07314352528418297,-0.07235052884213669,-0.01300180562818239,0.20069205491385836,0.003904768588463724,-0.002074233730907452,-0.04266606872113402,0.0070918163561831445,-0.025720162128373098,-0.08076898641282015,-0.02922713584979325,-0.017122455305741243,-0.00830270997072072,-0.003829442505383867,0.00013886046095607245,3.5038715716777843e-06,0.000276327561569427,0.0001681119867371052,-7.5293714884459215e-06,0.00011574650684158804,-0.00017278960578358125,-0.00011349935773423689,0.0025007654263932604,5.1383990554858115e-05,0.00029931562782171636,0.0023393321195861443,0.00018097589022198114,0.005512926434979963,0.0003633976174774938,-0.0006217496621214305
402,0.13626080236002966,-0.001344353013580866,-0.012562464364093848,0.012231679267291172,0.0002358249074373642,0.000574688350770795,-0.0008656990625012555,0.002325332662809996,-0.00224778313760819,-0.029914527242063692,-0.10024463956706678,-0.02305199486293507,-0.10765876766422085,-0.005613386129887896,0.007268071581164805,-0.0016446208539736943,0.017488318974749856,0.000161013658066821,0.00833975746191276,0.011390546172894684,0.004046615990453072,-0.016533050087666087,0.01960669287096137,-0.005441003584517443,0.976092624454963,0.0006320807098785015,-0.028091419723224507,-0.1001547197474769,-0.00023956617105218438,-0.03808412519808619,0.0007814133117269231,0.00021154176409065784
403,0.28762506676199634,0.0027750803399177078,0.04515429647319297,-0.0489518882734486,-0.015743586254090378,0.16862733467120916,0.024289733676590344,0.010932994969071706,0.10260105048360921,0.09848525967573901,-0.1665320475616752,0.6401191111730666,-0.1623507738844928,0.18152293524435198,-0.008036196289978446,0.03914481721450537,0.0028806936731340283,0.00032011026676910374,0.29227329420872594,-0.04105507966142032,0.005339609506555037,0.008622917191056047,-0.001519783008761911,0.000691360791713145,0.016029459983153922,-0.0014644469547210898,0.0009387677466069339,0.2052892945283054,-0.001474518617848974,-0.0036886703964415313,0.0039007506458608805,0.015003471064022594
404,0.04758487864630722,0.003140276527954203,0.07865511565178566,-0.08072001742529368,-0.02267355666059089,0.3284041699039098,0.009468671804863533,0.029039449434558173,0.003016228435049415,-0.2286416768195197,-0.021866806690801054,-0.04887878634593769,-0.022170264203687527,0.014893035646307872,0.017714582199966317,-0.00391988147317391,0.0003770020347938851,-1.6201876779848072e-05,0.0010105359499564103,0.0005985106621998654,0.00028831969389192297,0.0001378183774021473,-0.0006607989717922661,-0.0003854660685877748,0.023374489092543693,0.0006322065784162195,-2.4336527408714844e-05,0.002577161560990224,0.0004988778163156472,0.008842437455952343,-0.00048238345702219984,-0.004512703477118717
405,0.016753010348606975,0.005916879018946801,0.030510501981876725,-0.03352736945950033,-0.010022583563720286,-0.012116237904874278,0.0806006125425376,-0.015029121887387248,-0.010775737173224631,0.01753411772077818,0.03914348842819018,0.09225333959862364,0.025756254689441226,-0.08899639857856438,0.015354747942544369,-0.06769738616315067,0.0002919387682248545,9.767551820546549e-05,0.029600873061988907,0.001374813733214603,0.0005935695446758599,-0.0011223920156722116,0.0016953258469445337,0.0008798657514935191,0.0002875296855336548,-0.0015597874332982018,8.577797851545081e-06,-0.005313203633614138,0.0023416626439853798,0.006752522958355,-0.0009205897682959329,-0.04422210662790363
406,0.015310732698461317,0.001813826058586339,0.06450078784466141,-0.0657898343456483,-0.014503895603385742,0.21955312759458795,0.007511503512292864,0.03994379446674336,0.03782103032482431,-0.25543734154792413,0.00731811291084851,0.0733563909352242,0.01500209293912343,0.05718700214909433,0.044939536471608796,-0.03245751194500673,3.452087888149836e-05,-1.647051847095203e-05,0.00026555441631621976,0.00013703334632249908,0.00011862426537230742,0.00024287196272358447,-0.0006167436199414627,-0.00015894470737070777,0.0022378094973576346,0.00023222990877458578,0.0002605068882433618,0.0027108579173625146,-0.0002724579195425618,0.004820711353450014,-0.0008228829361289358,-0.0008057575100373207
407,0.0358442108537601,0.011548189484134311,0.42598796111599313,-0.39390582146119035,0.015685980945936803,-0.2967243818242632,-0.03306549185715599,0.01932849170381117,0.014105175519966207,-0.03491764619455009,0.0837245345978821,0.029129961241111377,0.04146777820294559,-0.03174117586912721,-0.01876261484539298,0.020256035546021595,0.0022651292457094747,-6.493657726113435e-08,0.001345449749134708,0.004568537762923815,-0.0037688261508526995,0.00017314976386141124,-0.00020019984956105155,0.002327911172205221,0.0036188959022422696,0.001391574819035172,0.0031530718785188587,0.00783474578187454,0.0005173619132488933,0.011239231288477612,-0.00046630778462328074,0.00427668021668436
408,0.017977571400120216,0.0005415718038902764,0.034471169915032136,-0.03288468359378804,-0.0016333446428837039,0.03553501655785699,0.002432164006271937,-0.016067645074712592,-0.03787741515827774,0.13062261183716448,0.013033046986059029,-0.02084969092504457,0.014786983469989322,-0.01762156917915554,-0.012882785341676401,-0.0021225593174076414,0.0006606199024901351,2.2580773178913337e-05,0.006073724956651261,-0.0005255138424028704,-0.00014548041763264827,-0.00019891176523686153,0.0009974787950548997,0.00013685966859790995,0.00853276812982584,-0.0008116670949954156,0.0025892766106412617,0.03721264112923879,0.0012664298583358598,0.024953764544692746,-0.0004616528256289712,-0.011355462043076338
409,0.08953542114786184,0.00016550631163993873,0.053463238530247106,-0.05056234778677476,-0.00046486642263813665,0.02890618732876784,-0.0009839645672916806,-0.02259904183620104,-0.05242252629300739,0.19258745167323413,-0.09026144598588287,-0.024585734296836102,-0.09960619332572397,-0.02290189577842541,-0.01898611740185514,0.0016461420542659554,0.0022225483631306987,-1.1311027074646647e-05,0.0033318404465471642,-0.0005657549042232084,-0.0008091535965357903,0.00036946279030655965,-0.00022192248048663428,-0.00035450229908064987,0.008967244096159722,0.0005236522141043713,0.003060398405331685,0.08479826377720648,0.0006485125192114974,-0.0064376875261980444,-0.0018248686651247909,-0.0028188213408737407
41,0.0002180743728418239,0.049236684806280295,0.15511469239639714,0.15580138410803845,0.12357687847672896,0.007535313890101689,-0.012992087247838208,-0.37060630055876076,0.0535524668880074,-0.030589702952957064,-0.0018360672146814448,-0.03735551184310053,-0.017499534683005077,0.1203605072988691,0.5235384964052037,-0.26792399098691333,-1.6232894518433734e-05,0.0005959165289711882,-0.00025333592025776136,-0.00019369857331405982,0.0024432585934582945,4.470434881139603e-06,-0.0003499328279622338,0.03902370583855375,-0.00027634324723388367,-0.001230307058116731,0.0013900819856793537,-0.00046029781117808794,-0.0017885278324709433,0.0028071434873592318,0.0016111558599842754,0.003007906472445497
410,0.036075551205211484,0.003957081717069421,0.16291421066249898,-0.14340107214681758,0.0026777728655510776,0.08869853293087855,-0.0038527291573669828,-0.05668487596451452,-0.10299825105576137,0.35321661436117224,0.018917449069274717,-0.11165245752662536,0.0067998091096725345,-0.033390223864885396,-0.008302806932989253,0.0047476639948178445,0.0018670971920946608,7.476189030831116e-06,0.000494155379736022,0.00040977873401847536,-0.0003919494505811308,9.782938919668348e-05,-6.363650262487997e-05,0.0004502982922509378,0.0028054485751263635,8.095405540615941e-05,0.0037364882825495116,0.002870031478390294,0.00020221885752301833,0.014183748320908315,0.0006168210307132898,-4.1191806479559654e-05
411,0.542218050563831,-0.0037568479552625485,0.007451175213438529,-0.007911971969888434,0.001567835995628565,0.0007185965841652667,0.0006028826846214794,-0.013386836551473665,-0.02517792135137878,0.13745222577050198,0.4839400073065291,0.025064828465171534,0.5267644824673843,0.00565157873738081,-0.0041140456791570554,-0.0220033257040693,0.003300747599790346,1.4623118541028817e-05,0.007167369671636586,-0.000356535884881451,-0.001417259489270377,-9.200142552799795e-05,0.0015262134417344667,0.0004987620768125228,0.017809734775019702,-0.0011719622387136603,0.0013442187192138754,0.01620120030607186,0.002556236679734871,0.009366742080120526,-0.003407227776947975,-0.007529196411231507
412,0.02592283807456311,8.94962283879077e-05,0.01947687348655626,-0.019037852643794193,-0.0012862445171195436,0.025337748338033858,0.0016720677336117297,-0.005461564118895671,-0.0148741077709073,0.0601678706534765,0.04215316760336996,0.015283516905745581,0.05258661376285283,0.0012970047780721614,-0.0019710231109992455,-0.010375155556727033,0.0002768700819373098,-6.064592134400154e-06,0.0010389460446739772,-1.9694535053818557e-05,-0.00035912438508525047,7.130444733618161e-06,0.00014970667452345407,-4.039938382046733e-05,0.0036124295690339032,-8.302225764170575e-05,0.0005329452832279869,0.015300115825672093,0.00048014789043147,0.0012861670084175394,-0.000871979777319084,-0.0020049208755594885
413,0.017121810264682222,0.00703538102740324,0.42291335782866746,-0.386916534051998,0.029864704364682335,-0.43989019435046994,-0.1186395806051021,0.07406006254481336,0.09768168026107747,-0.28249057154049223,-0.012833479438994337,-0.008491258549353153,-0.01285546647660692,0.05993800174616645,-0.022133639306192554,0.036019558986559,0.00033316068515303217,-2.959662770914135e-06,0.000412851868146155,0.0020380626754415133,-0.001888704014365086,-0.0002427173846345309,0.00033005892319355436,0.0014898668022648132,0.001946821470274817,0.00043851294698747645,0.002738419211154069,0.001571119337787539,0.0009768631058742836,0.0034329364586234657,-0.0009555781874447471,0.0019987981122173387
414,0.018638573103827147,0.0025093449906545807,0.07446776752644563,-0.0753732263961278,-0.015127057523766045,0.2200202580103198,0.007019784488087056,0.03702071169843528,0.03715766141387439,-0.23091931782449376,-0.03684285527821006,0.08136659394054223,-0.03442121865556368,0.0529053109499219,0.03626528440405362,-0.021845828619624953,4.277057908240393e-05,-2.12055941050093e-05,0.0004479203703495864,0.00010807144900202546,0.0002534602426335619,0.0002936958840626811,-0.0009511026356542168,-0.00017848228211698786,0.0027460390031849493,0.000261222970808271,0.0004134185994566686,0.005671530908382877,-0.000322344077302913,0.004038527262889385,-0.0015117624726124514,-0.0008809583049911634
415,0.006657792119656124,0.0011318499654470163,0.03530038607141395,-0.03439220219885243,-0.005164540506338492,0.08235541668904076,0.0017061707628230236,-0.0063394777172444666,-0.025769802172327994,0.040798286089838695,-0.0031067381229387767,-0.039847060807944396,-0.0034998305254386134,-0.01157367687505078,-0.005926957120560499,-0.0011054163805917616,5.168661794058975e-05,2.725379149329632e-06,6.96339505325039e-05,5.8067446713829025e-05,-1.0777898627804761e-05,5.8665658308742006e-05,-3.738094036852441e-05,-3.789907174913239e-05,0.0006404578909629449,1.0337869347324935e-05,7.640453342766518e-05,0.0005736458520707554,4.207791378918284e-05,0.0023801376601235093,0.00019380741502874254,-5.437187612714783e-05
416,0.12566264033243438,-0.0006531399421060438,-0.0054612312007253,0.004228974130475495,-0.0016438163122259018,0.006877297558735693,0.01069440931518047,0.002286667950395208,0.023217288656005655,0.010987296318778667,-0.08213502229991862,0.16662380507443697,-0.08786073275176313,0.041328568860312304,-0.001210126479668153,0.0061570044511189085,0.007712122983266985,0.0005713848781380507,0.9601842383637414,-0.12455825755122707,0.006993525820089643,0.02336086756912894,-0.00949531894023956,-0.0007728608616565983,-0.02337315375941916,0.0015469157700729037,-0.0007819637175599838,-0.11190052481729619,-0.0020755692850139415,-0.00947662122145464,0.004655904617589661,0.02662174996280269
417,0.031333822982696484,0.0006517214082124404,0.002312378972756564,-0.0026403086458499443,-0.0018524353103923647,0.003218569682054921,0.011219743388867068,0.0008329163810212984,0.010393860452866535,0.016182138069263982,0.02873783857977956,0.14028500525767928,0.04337226838986491,0.034521912012177976,0.006908828357488887,-0.0184929165722455,0.0009703947723308232,0.0001823456100075792,0.008542524425801626,0.0484648081830714,-0.0038940104808709067,-0.016351868586291184,0.007436885866961417,0.0004957402636594874,0.0707579449328116,-0.0005798680203718962,-0.0021132307871261527,0.010539881489972147,-0.00041334711159541493,-0.002058183875545197,-0.0036908751170253214,-0.002268634050692259
418,0.017211417716795067,0.002359039175926606,0.07314352528418297,-0.07235052884213669,-0.013001805628182386,0.20069205491385836,0.00390476858846383,-0.002074233730907393,-0.04266606872113378,0.007091816356183749,-0.02572016212837199,-0.08076898641281932,-0.029227135849792245,-0.017122455305740705,-0.008302709970721096,-0.0038294425053857863,0.00013886046085228104,3.503871607049378e-06,0.00027632756323299967,0.00016811199562684947,-7.52938647123688e-06,0.00011574650675767816,-0.00017278958493747402,-0.00011349933829599021,0.002500765414910404,5.1383977037312484e-05,0.0002993156233435357,0.002339332102164155,0.00018097589805398127,0.0055129263451224614,0.0003633975397060637,-0.000621749593151262
419,0.021576636688721635,0.0005398346314312212,0.021457228454148297,-0.02215244014371382,-0.006300312530481334,0.09699734015205984,0.0026707876301210946,0.01268666893723419,0.005025822248531917,-0.09357678105518336,0.03469875427619952,-0.008011805999348136,0.037725258047093015,0.011258519064369941,0.012762959672974881,-0.007340461477865579,0.00026187737489687156,-0.0001375124669221464,0.0008116886930174359,0.0006423358211210108,0.0008902965321709445,0.0006651536410365149,-0.0037707353086718146,-0.0003543980234859526,0.014652306882464236,0.0005359971841604652,0.0016508770982534263,0.003862330996341969,-4.897146208758465e-05,0.006264210812057275,-0.009066229847759141,-0.006382638873121069
42,0.0016084199573706648,0.31422350620869854,0.08535973353515863,0.11719322750575689,-0.22075110466557507,0.011022257304918386,-0.2841909042865298,-0.048364006278580104,-0.00044858446088888145,-0.006129123505874698,-0.13492041517194986,0.041656201636880566,0.12117916885579158,-0.1993841152157258,0.024786818566935882,-0.37361697854451525,1.7559401700986225e-05,0.010376908030705954,2.2016202562049163e-05,0.0007292039686284104,0.0039890556884180466,0.0028610104242483125,0.003866962366833072,0.0004736122157245376,0.00105005851965569,0.004770445375277439,0.00014743510461005718,-6.877003391536446e-05,0.006659750350150864,0.0005885518412540489,0.0016990953972388953,0.0010548612821818866
420,0.0613880556841366,0.01993460421512561,0.1669804914876393,-0.16763337861524355,-0.05035390491166107,0.5347506387258956,0.019523781572879106,0.005402092017677204,-0.018676034001273392,-0.1460213912869763,-0.029784862424429223,-0.12793045790142993,-0.015725707992479937,-0.03231530843000764,-0.0034055776595833605,-0.01615760796250089,0.00018168058559083026,0.0003909985896740184,0.002874688232565522,1.1884487070189584e-05,0.00019309765341841658,0.0010374820462194716,0.0008989630492916187,-4.904163342299825e-05,0.0037680268758568864,0.00010160141853850774,0.0001865030151002801,0.0025462951073037107,0.005169897991083347,0.008771126559996026,0.0005463278932958278,-0.006793560738693257
421,0.024606866876789413,3.355922577438284e-06,0.01489632434982615,-0.014532499913595169,-0.0008521570839030203,0.018782892165846322,0.0013778305912407088,-0.00581609016855832,-0.0147450541375794,0.05924855814580319,0.03885243103210442,0.009015007200969323,0.04707208513815164,-0.0008092394372906132,-0.002843362893300832,-0.008213517494248654,0.0003947101723345382,-7.281095767706092e-06,0.0014520248780446432,-5.224586684853723e-05,-0.0005054552948809041,1.2705328200053316e-05,0.00023345728081796793,-3.6796337081337647e-05,0.0049327325749754245,-0.0001298683261634281,0.0007113468349131083,0.02139207985784279,0.0006991041278452575,0.0012637093320201867,-0.0012332289303658107,-0.002737110063937829
422,0.019129087214016766,0.008159809388666861,0.5248622166252848,-0.48268180850925413,0.03685603878678727,-0.5626558994987768,-0.15963478705706607,0.10563320538393293,0.1333547330288251,-0.40052243941865784,-0.018460345855311915,-0.01458727161040117,-0.01606844229808631,0.08348386391056131,-0.03569481081031453,0.04774419130140229,0.00027918893596310247,-5.080778811379971e-06,0.000349028766543846,0.001740100417766002,-0.0017330324627579967,-0.00018481747576895596,0.0002671132407546081,0.0013596006514198752,0.0017808500921113082,0.00041545261734393717,0.0029131754543278267,0.0013971957807924517,0.0008733537532402986,0.002975892643327307,-0.0008621466626721433,0.0019133626153840892
423,1.2417200041835894,-0.014790239239941643,-0.15745574509867602,0.15259113882992534,0.0199638600244467,-0.22883922159473552,-0.010366495247737981,-0.0023680449921383755,-0.010250841273026688,-0.05665212924997348,0.379277766760967,-0.1859605073279837,0.3964422733570674,-0.047968139303230004,-9.585647936467042e-05,-0.012544657070972047,0.009065904947424673,2.4409159121569948e-05,0.015503690860729058,-0.0009145354936835597,-0.0032076184638966227,-0.00031243440318353067,0.0037989303977223896,0.0012655600746394793,0.043062154518483615,-0.0029967276248101787,0.0022827691060191757,0.014371265975250375,0.005977542344639658,0.016425528791517048,-0.008196287056967951,-0.01602165424574834
424,0.15272172295760428,0.002994079559512515,0.027085548201278897,-0.030747798898366943,-0.012630922102194568,0.13112934009356028,0.012953540745161616,0.0186473955005927,0.09885259636141885,-0.0012283638095210536,-0.07710581967396918,0.45708206659501727,-0.06675217956189994,0.14026645178097774,0.004512128204737039,0.024126612287907523,0.0017119182177424467,0.00033590961033536386,0.09030706483165121,-0.017608873194358873,0.006823878457429676,0.005058642990394827,0.00167268898496345,0.0016650131090600799,0.04217444622985239,-0.0035225020074351595,0.0020838225229393107,0.452399220068991,-0.00206340891315854,-0.024003623779801576,0.004107077163355325,0.015206396639961928
425,0.0945047568887935,0.00034220040642598794,0.06899474796416671,-0.06508912279110331,0.0015576198412011787,-0.013399797200445485,-0.009788120852114123,-0.01111374790641972,-0.031234720360945913,0.13073555999004982,-0.05482568573122558,0.005408669620824819,-0.06648520636791148,-0.009447227854359258,-0.02605031947007555,0.021528634175475188,0.006009492440269403,-1.9452534559853383e-05,0.0034350896227431376,0.0013598150299164045,-0.006497743753399861,0.00032825581786520726,0.002775522831287819,0.004646700674688234,0.01392491252050714,5.2791805313579165e-05,0.0019761162041643456,0.008398914491575957,0.006978927164403042,0.022031097881929362,-0.006506016337622468,0.002693301483295456
426,0.040716738079811673,0.0027819938815108703,0.10381806514634578,-0.10400393737055814,-0.019763053857598693,0.29924367657677214,0.002365064963808741,0.022054529904407878,-0.023153093849691782,-0.16031880802398993,0.030543349440817436,-0.08606377047319981,0.032020142642936386,0.0023854593374074847,0.0074524594301220905,-0.005256101010907999,0.0004422991103014417,-6.276319585949634e-05,0.0009190329005578013,0.0010056423073675313,0.0006203314693574139,0.0001226408428342773,-0.0015380656868806187,-0.001325661671052668,0.03012886590373369,0.0011982889771594706,0.003009011694195223,0.008016618606597197,-0.0021453729451643457,0.043902197071932283,0.0021781807550508734,-0.003986623560994785
427,0.02388401487501845,0.0010323385817015654,0.06727850665742585,-0.06477594677679162,-0.0037475713482766856,0.07140082324076547,-0.003050755274009186,-0.018677369137517708,-0.05064479878464236,0.18549981916058045,0.02337068006348433,0.014061013964810304,0.026186734610043783,-0.005520974577952569,-0.03373766013325397,0.02699536894948687,0.000860504216851479,0.00010827783693242367,0.005412023639631089,-0.00041987203722803295,0.0011090889982067083,-5.565157394686211e-05,0.0044791132291325435,0.0015251296083083534,0.02374591809172858,-0.00239779364777582,0.00398750438110118,0.051622724403935935,0.009783516698411605,0.9085691652761924,0.0454019218122306,0.017699192945144684
428,0.1757341212149628,0.009660269555111749,-0.00287540086445398,0.014312935480804163,-0.011075022721473596,0.01638203562836162,-0.007793877602453852,0.019628911392631013,-0.0027202332886338606,-0.02778443020877483,-0.09913908503216962,0.1372808825942991,-0.07737133594143868,0.004529868335401765,0.045441532039871904,-0.0521232404116745,0.004928280579220269,0.00031348989691176813,0.004632679444961007,0.01644341567293826,0.0012441976006323297,-0.009071790945620224,0.007540305441138495,-0.0013768814423552433,0.28887665212704183,0.00013943128178793218,-0.008110833460970213,-0.024213323681379982,-0.0005938646956355661,-0.010438760356734095,-0.0015456123854283182,0.005598764830377592
429,0.11382038284884946,-0.000777315997798968,0.016770862712978618,-0.015250997812559824,0.0015733450353369238,-0.008772915914476523,-0.0017640848981021744,-0.011299072544082118,-0.023217380703356282,0.08289536789966659,-0.06763054666609994,-0.023537884707166747,-0.07800581688544357,-0.014262328820563925,-0.008045441593939027,0.006456358166845477,0.9994343995435425,-0.0005600682265150987,-0.00950150607599428,0.00015528709244818313,9.937176859183167e-05,0.00025023284888131835,-0.0006095837046723161,-2.1469742897029674e-05,-0.020520653331676148,0.00015501380116989148,-0.00012529700566189466,-0.0012441940931946875,-0.0004016618428731872,-0.002260081891409823,0.00041477432035359757,0.0008715299382608462
43,0.0036874094763613727,0.5322718990170974,0.14670664665967048,0.18291482990612995,-0.12335757946281828,-0.025364634673413045,0.17592294021266147,0.8211069159365871,-0.0015913506543474114,0.1597791321042294,-0.5372250247890172,-0.17959569647616014,0.5055361725041766,0.376167992665341,0.25951254197885965,-0.06213434707494294,2.3807254587993906e-05,0.0054851127142379556,0.0005344604551996462,0.011064574243392637,0.1577513504188491,-0.01651406737920128,-0.007524292475659332,-0.00483865170364153,-0.0006802211596389108,-0.022262973624960804,1.532102218720291e-05,0.0005442545282108212,-0.0006155705417646103,0.00033324537138138764,0.0008046482453004223,-0.03497353460175707
430,0.0011847934414150037,0.0003285150516942911,0.01879939260672865,-0.01763005063417549,0.000592724969195799,-0.009218981616768259,-0.002073146363577401,-0.0012656661566816242,-0.004914100224225676,0.01721408567530139,0.0041784152245171735,-0.005299621453342898,0.0024391519015103617,-0.004180276581639102,-0.00216454016516192,-0.0007065018272923203,8.093563003331444e-05,-1.370040992589554e-06,4.722111724406814e-05,0.00020043223976281058,-0.0002008739997459569,3.1324309400095225e-05,5.710813372248095e-06,0.0001928441003421633,0.000887040971203109,-0.00011320893506408636,0.026910428283854582,5.8135580045329515e-05,7.140825100076369e-05,0.0004285682910111517,-2.8739865090971715e-05,0.0001791144669271708
431,0.0026672056533793994,0.0007062662562780058,0.003301939120228064,-0.0037288195971385074,-0.0012029040127446006,-0.0031946084510473755,0.010599375872959326,-0.0013393880687181964,0.0003915724386545794,0.0010604572877994242,-0.00623853994230626,0.02185685719674249,-0.004079481242551359,-0.0061824152926698165,0.0030490776378102376,-0.00862855093581795,0.0002647783739285827,0.00029212516413629533,0.044522369312532686,0.08560467010219333,-0.008638681579040948,-0.027931855303997975,0.00948340697445443,-8.021614132942473e-05,-0.0038034428534080454,0.00021546780448363653,-0.00012402977477308654,-0.005052894060232779,0.00016287342013414442,-0.0013353631364679218,-0.008805355828650645,-0.0025172049005815467
432,0.007798359356207183,0.0021970316297645026,0.10182072374756429,-0.09510740620287525,0.003571418103243786,-0.07181563606925838,-0.009112241696434218,0.0037643668309236497,0.0011319435199484273,0.013597837133673239,-0.01837724197088774,0.036076603392878305,-0.011068187148726346,-0.0017290631756115614,-0.005130558404840016,-0.0055173843738399895,0.00010107712347051366,4.397681997293866e-06,0.0003977415389380361,0.0020099063263607905,-0.0005860562457823831,-0.000488017261332336,0.00024828715042644667,0.0003397846006661174,0.0008949246281088235,8.344376443794794e-05,0.00036729491885848805,0.0017295375520708658,0.00032699901445648345,0.021890517353069655,0.0008596422698253501,0.0009139212049281205
433,0.015403884553149425,0.004099656447168306,0.04560165427630119,-0.046697006143382756,-0.0144636716795714,0.16081783867316474,0.015458680986427227,0.006102727205724157,-0.0035349267755223775,-0.07868626244607445,0.00032539765576861026,-0.024738862072021205,-0.0018864740900227332,-0.012688083209945989,0.005225232880864197,-0.013158144266159853,0.00022552820354237297,7.550992172887591e-05,0.0013214256378541963,0.004724976115169411,-0.00021430774287619112,0.00036767601051494725,-0.0003883290252048782,-0.00045965527555753426,0.007001992016195886,0.0018953532642537172,8.374134421218881e-06,0.00243950730677659,0.002853505815547799,0.018910080423650534,0.004600073920563218,-0.012798134006475193
434,0.157470892452285,-0.0006873706879100903,0.018891470728565347,-0.020526340065171234,-0.005148274852281156,0.0534484496658337,0.021761181941958804,0.007186806911251189,0.08780093442027319,0.23652681662206265,-0.0512382072719294,1.2645334967233455,0.000709444587156792,0.44106906852722616,-0.004790828366277388,-0.05062736688211485,0.00039920114058044536,1.2725689758293916e-05,0.009156907765252728,-1.1316254152067811e-05,-0.00012836495896389978,-0.00012395152788087957,0.00031716708669178096,0.0002011283542570248,0.002921323813063666,-0.00025657616242675727,3.7382524531424265e-05,0.006914700325642364,0.0002694909180711744,0.013486810619757077,0.0004917331622767899,0.000665404145945657
435,0.0026672056533793994,0.000706266256278006,0.003301939120228068,-0.003728819597138516,-0.0012029040127445644,-0.003194608451047376,0.010599375872959541,-0.0013393880687183925,0.000391572438654477,0.0010604572878000242,-0.006238539942306484,0.021856857196743643,-0.004079481242551641,-0.006182415292669205,0.003049077637812661,-0.008628550935820937,0.0002647783740178548,0.0002921251640577123,0.04452236931173453,0.08560467010276923,-0.00863868158643086,-0.027931855302582496,0.009483406973237537,-8.021614472191184e-05,-0.0038034428404215477,0.00021546780531530555,-0.00012402976238489778,-0.0050528940438525115,0.0001628734490189651,-0.0013353631608855683,-0.008805355853677942,-0.002517204885705202
436,0.0315101177415927,0.001438623502683485,0.09951137255131413,-0.09606774387110695,-0.005569066758011992,0.10857145866092074,-0.004984299788179202,-0.03000071649083367,-0.0823718272101,0.30182498574871475,0.018579023397860536,0.02977210129140226,0.016893217227996173,-0.009106922658251361,-0.060068742512814306,0.05198209412128883,0.0003566289341981081,4.337328828184331e-05,0.002112417447004853,-0.00016574047920373658,0.00040195681299662973,-2.899772457230563e-05,0.0018375199670844758,0.0006645933369076313,0.00957210885699301,-0.000980964282808149,0.0016064155936277205,0.02073554060083729,0.0040404064331073155,0.3688232473187265,0.01836449988399699,0.007283060339651783
437,0.08860058236988808,0.008809660618017742,0.18044146004864195,-0.1831185511308913,-0.04856070263616142,0.6734698483590335,0.021162053598705172,0.04130070892694823,-0.0224922076648027,-0.35819313640913164,0.03326656520233449,-0.1459418076920411,0.027792000798132235,0.002021154737015682,0.02028761131671674,-0.010935908817787873,0.000231666584317587,6.816412269367113e-05,0.0019086238436239757,0.00019154979381340542,0.00018529792913303598,0.0005136855149216178,0.0002538412536475581,-0.00016024103872423808,0.011180843709454116,0.0002843400128613956,5.7040137708632254e-05,0.0017729378433254562,0.0007937811926727115,0.007613701122438048,3.9245214666221005e-05,-0.005454736837364276
438,0.07700208609787242,-0.00046430071995998866,0.0143414299509916,-0.01371618147735808,0.0006583970002752932,-0.00680412919786443,-0.002483678431582593,-0.003987490412007985,-0.008227939569093165,0.05251727388596363,-0.07927234007050683,0.02869048672754181,-0.08261837052168179,0.00446229728337313,-0.010348763428386299,0.007912781932389916,0.0010573618930022671,8.965684117385162e-06,0.001937708901723078,6.277723459048479e-05,-0.00027979535171527973,-0.0001252411702878199,0.0005323869419776001,0.0006438526437027914,0.005294247719912919,-0.0005791406901543175,0.0005094028594016894,0.005596751986130538,0.0015976921400080223,0.07237180312756661,0.0028867110919192215,-5.0382058807066584e-05
439,0.011034899549235217,0.0013089144208701746,0.03083266128706754,-0.031457661533065596,-0.008687826814315947,0.12456058026622445,0.00408676268525169,0.008527496514422531,-0.004565267365359854,-0.07381004304889915,-0.006920185825414039,-0.030389939358331838,-0.008825619045391826,0.00015440597320970077,0.0034817736087857285,-0.0014595549406354869,0.0003351151147370322,-8.553680315343145e-05,0.0009892598474335692,0.003285742559508325,-2.832071455325365e-05,0.0008971561819408701,-0.0027200580469129813,-0.00075799035074381,0.011848603638921025,0.0030461582157019235,4.6274467815159045e-05,0.002838493891466087,0.004646514830326169,0.02817432728847803,0.007396758606590228,-0.020299242766054482
44,0.0040575700285230614,0.46806907338581694,-0.010895164680612444,-0.15503388384808844,-0.4974801942161376,-0.1641191245368749,1.6181844771834935,-0.35104294689076143,-0.15008050045116758,-0.19907177393447462,-0.22305755250135245,0.17296789920083847,0.22342603433087796,-0.7109101913282014,0.1281659346216349,-0.039576377008457266,1.747306566749806e-05,0.0023285648822806817,0.002010114486167255,0.034586282879300045,0.0073784108140790144,0.06650310580466012,-0.03309524930139417,9.009547055514301e-05,0.0014193684605161858,0.0002698035067068373,-0.00010379344582022682,0.0002198777322546541,0.0013673907178508664,-0.002878331857435826,0.06326502565423568,0.006137658709178887
440,0.11382038284884946,-0.000777315997798968,0.016770862712978618,-0.015250997812559824,0.0015733450353369238,-0.008772915914476523,-0.0017640848981021744,-0.011299072544082118,-0.023217380703356282,0.08289536789966659,-0.06763054666609994,-0.023537884707166747,-0.07800581688544357,-0.014262328820563925,-0.008045441593939027,0.006456358166845477,0.9994343995435425,-0.0005600682265150987,-0.00950150607599428,0.00015528709244818313,9.937176859183167e-05,0.00025023284888131835,-0.0006095837046723161,-2.1469742897029674e-05,-0.020520653331676148,0.00015501380116989148,-0.00012529700566189466,-0.0012441940931946875,-0.0004016618428731872,-0.002260081891409823,0.00041477432035359757,0.0008715299382608462
441,0.14127829566110459,0.01197423779965061,0.06881536718185977,-0.058707819499876426,-0.027339064257006995,0.2787387687751941,-0.012473371086850284,0.04280246875070219,-0.01064720392709477,-0.20976940344384304,-0.21454333071738946,-0.026213188580820397,-0.21562482733358665,-0.015482500698167714,0.03796391392256189,-0.029500226011477535,0.0014797619988869987,0.0004742963583284564,0.002105635581452471,0.002732093351397571,0.002958108687106222,-0.001392741728417544,0.0009664538314894806,-0.0005094776324339624,0.06684265657110285,0.0005925141161258207,-0.0007009304068899547,0.00016451447307694322,-0.0008439531073359128,0.00567331241919237,-0.0032955949211243498,0.011432731119204693
442,0.0027392337490332297,0.009863893571365138,0.045329220385635,-0.05010480863987581,-0.014342373465876402,-0.045613920986148186,0.13123451648493342,-0.02178860632261708,-0.018866751571643463,0.0003453174649510653,0.02848227833217292,0.11066291669307149,0.004724715093265188,-0.16016354974842406,0.031812273224580606,-0.12165296146729976,1.4018056132512931e-05,5.893597640250814e-05,0.002010717062060923,0.016316752977897975,-0.0015957110748373389,-0.0051320209032984345,0.0017948546317922746,8.08676036369333e-05,-0.0004868624802304162,-9.067567740551178e-05,5.5857752600103884e-06,0.0002501509246432008,0.00039134226103023674,0.0005038137410825559,-0.002549740890699332,-0.002038228685127823
443,0.14464197404349532,0.09358593173513548,0.34076439655898444,-0.34005364610966693,-0.13007510560166305,0.9202439201843546,0.04863088746687741,-0.027839353730821456,0.055967000475171974,-0.10977370891123897,0.34140177317926196,-0.12298581199767185,0.23951554979719003,-0.08916239449821795,-0.025832950680183674,-0.019241699187314158,0.0007692206671893315,0.003960373609211746,0.003057834770462747,0.003532515539795663,0.0012947039382611367,0.01527543247761134,0.022841187279259403,-0.0005302199013802394,0.0073420579983902385,0.0017518349484908302,-5.5017076176759133e-05,0.013562230239034146,0.000702401933105158,0.0456929312005075,0.007009891097087378,-0.004240935792306386
444,0.007582568593400012,0.002968710805392109,0.2331444276799421,-0.22148899027438432,0.010135125492876478,-0.1983018877632619,-0.07413165423762563,0.0625887185663384,0.053015727669816964,-0.234273863736151,0.015176777243142033,-0.0161030290531452,0.012867834796807493,0.02928580913157391,-0.026578515602248574,0.004120314436498406,0.00016297863659493018,-3.279382390235673e-05,0.00020961477934445779,0.0010957910850994542,-0.0010595168003384283,4.16623550002867e-05,-0.0007214613208397795,0.0005580881999712294,0.0038051369104196795,0.0006254729774718777,0.023449117942966374,0.002253217291694868,-0.0008743345234430775,0.007293032243866553,0.000565304307408188,0.0018013594855110506
445,0.02780848728957422,0.0012459823873341657,0.08427216905338253,-0.08128065652593966,-0.0047351935838245394,0.0914715919809255,-0.00407703692729579,-0.024775961315131823,-0.06772009226507306,0.24771367887263557,0.020792708774616333,0.02100237941696145,0.021367831041295016,-0.007894476990443723,-0.04784522087444127,0.04049130588711826,0.0005084036811684138,6.652598441736077e-05,0.0031574281278026815,-0.0002677331880849825,0.0006953597416060584,-5.325517363444183e-05,0.0027756344911692467,0.0009682443564793254,0.014408879333849817,-0.0014952500426824679,0.0024307122047424515,0.031496497332844015,0.0060997269919259075,0.5638853825970095,0.028170909710187528,0.011159730129254957
446,0.0023833744205902494,0.0010323880605555486,0.006292702151375985,-0.006955014153505344,-0.002160554402225407,-0.0027478832953333103,0.019662760715892083,-0.00369681864176061,-0.002838479456269848,0.005061876197311037,-0.007195970103488657,0.026328805113390297,-0.0031485221164706005,-0.023368155735046588,0.006416631611672548,-0.02591615956543811,3.434360718856977e-05,3.1391362637592845e-05,0.003965725607283666,0.006206892148639313,-0.0005579506934359328,-0.0023755831604118814,0.0012237966664030747,0.000445011720215014,-0.00012840432318002786,-0.0004822309282775832,-0.0001514325740105065,-0.000186927751306657,0.000923420437612587,0.0020259571114836137,-0.0015632432140446502,-0.011050446459036536
447,0.008472024113790248,0.0034757685760755438,0.21224261331618735,-0.20168366783835226,0.006929718402743524,-0.15006230158852266,-0.0474706155195829,0.0455486670526719,0.03325732870771868,-0.1792359568660792,-0.019864410693296447,0.005329771106069987,-0.009372554152917828,0.009012822269761595,-0.007068146014340335,-0.03775985740215324,0.00011348380401483474,-2.4587659949242597e-05,0.0002964491660924212,0.0021190183245520904,-0.0010965073377144188,-0.0002812516584463708,-0.0006446076123454117,0.0003778711329652408,0.002367096597703383,0.0007602427096398679,0.003757146654965139,0.0022490074325912587,-0.0011037211271228333,0.006482278067947633,0.0007513664619214056,0.00196402198499873
448,1.1383028538367939,-0.013020787929279463,-0.13310075280388817,0.1287032404299765,0.016622327698692235,-0.1866435092032081,-0.00919136296999562,0.0017751968496650741,-0.009479333073410375,-0.04804010446140082,0.2742942629400329,-0.14103089703952598,0.28091001874492827,-0.03916993741180403,-0.01549466436834969,-0.005882571500922201,0.00714911939910052,2.4678753300037447e-05,0.013831155558234531,-0.0008633356664564532,-0.002697771517367828,-0.0002062530903809236,0.003151811216893376,0.0010935644786559278,0.03405308608022267,-0.0025167899905375367,0.0019995122806430584,0.012962762818662545,0.005036089933670905,0.014765140170089272,-0.006841342647746719,-0.013560142487513334
449,0.008018703005239875,0.02282849094996542,0.07939524968061235,-0.08670499416427531,-0.022516514364681293,-0.06698276988416976,0.16490411385030468,-0.023107166571053862,-0.020080694520414163,0.0034683277792585316,-0.06957609577138979,0.11330813203242904,0.0016354555775617346,-0.13978384953587963,0.04846740136207402,-0.13709631760848145,0.00027805265523971696,0.0021531519430689197,0.0597994289355627,0.5102112113627991,-0.04574001246816713,-0.14235311334458675,0.04700935960200884,0.00016149883128774593,-0.011415742501787124,0.0006454258230147701,-0.0006743061362988,0.007025179624635382,0.00043735464647370507,-0.0021098138185659215,-0.03261182849808057,-0.015200849910729793
45,0.0016157940573256623,0.317789974574883,-0.023923669954045428,-0.07888278482312089,-0.37396997067487014,-0.09589365917312671,0.8726643638070153,-0.3683050081771271,-0.07159943942256876,-0.1363978232782958,-0.12985744397979915,0.054300375688392966,0.12595209343344504,-0.287497889321769,-0.11296334634185674,-0.01798784724200757,-2.8478325430786683e-06,0.0026947158413065833,0.0014355958938728466,0.0338915027730014,0.006908414130114432,0.10498906597496314,-0.052338725006457275,0.00043088921993248157,0.002513128128055208,0.001034059889590954,7.784986874690131e-05,-0.00040419143861519194,-0.0002792231872565629,-0.003696206073024867,0.05554557024551332,0.0029071821923460626
450,0.15272172295760428,0.002994079559512515,0.027085548201278897,-0.030747798898366943,-0.012630922102194568,0.13112934009356028,0.012953540745161616,0.0186473955005927,0.09885259636141885,-0.0012283638095210536,-0.07710581967396918,0.45708206659501727,-0.06675217956189994,0.14026645178097774,0.004512128204737039,0.024126612287907523,0.0017119182177424467,0.00033590961033536386,0.09030706483165121,-0.017608873194358873,0.006823878457429676,0.005058642990394827,0.00167268898496345,0.0016650131090600799,0.04217444622985239,-0.0035225020074351595,0.0020838225229393107,0.452399220068991,-0.00206340891315854,-0.024003623779801576,0.004107077163355325,0.015206396639961928
451,0.0011847934414150037,0.0003285150516942906,0.018799392606728638,-0.017630050634175488,0.000592724969195813,-0.009218981616768263,-0.0020731463635774083,-0.0012656661566813547,-0.004914100224226008,0.0172140856753018,0.004178415224517231,-0.005299621453343163,0.002439151901511118,-0.004180276581639997,-0.0021645401651643357,-0.0007065018272881734,8.093563058173868e-05,-1.3700412677195448e-06,4.7221118734923275e-05,0.00020043223806878914,-0.00020087401288739244,3.1324309316839815e-05,5.71083369362823e-06,0.0001928441111712937,0.0008870409850669603,-0.00011320893553793647,0.0269104282675576,5.8135575556973404e-05,7.140830017209846e-05,0.00042856826130257354,-2.8739903775889546e-05,0.000179114362396649
452,1.2438592260593995,-0.014163014562100909,-0.14156454172354616,0.13617448895726103,0.015469466307312505,-0.16649760337640096,-0.005656734285500044,0.0018380504984109776,-0.0026359782715096895,-0.09266406525385508,0.4093513713810485,-0.1471719926972629,0.4332437567290405,-0.02999969411025791,0.012118382150667314,-0.016531091628791666,0.00888275297885476,2.524373533559466e-05,0.015290578280405195,-0.0008497841923039795,-0.0030230225494738217,-0.0003049181280289997,0.0036176372483981986,0.001187900113688684,0.041937693411272826,-0.002822285823984751,0.0021493806985307473,0.014583273457499709,0.005640058537603202,0.016106117114759195,-0.0077143362198455155,-0.01526154804431348
453,0.02698372764562643,0.015060879942189888,0.6317317418291633,-0.5427183175278592,0.06077415769635127,-0.5992493301924676,-0.1506396420940833,0.05798670686814749,0.13646709189251188,-0.3366935544020854,-0.06395625778300798,-0.04329045448977515,-0.014291827305429671,0.12315051029154037,0.04375567608388972,0.025739815302280155,0.00021922705890187975,4.944936451260285e-05,0.0003255276415493163,0.0018350746778449936,-0.001219611249105065,-0.00028128028099714457,0.00025313684568822837,0.002102687202314518,0.001291970071757762,0.0003082184674410009,0.0018184986379459135,0.001103673914623681,0.0005760769445768536,0.0026879868561743314,-0.0004950109220414668,0.0012207168513525646
454,0.0006287191635721979,0.000143136911852251,0.011351767926562343,-0.010760404084356714,0.00043585194749100266,-0.007437915564993506,-0.002633376613344263,0.0005398798906674697,-0.0016387973490835238,0.005590641645971018,-0.0004130198402656977,-0.0035288023277736877,0.0005030702871396239,-0.0011587601820183407,-0.001418549467538519,-0.001719058780339447,0.00024963734921576897,5.467847661366666e-06,0.00017657598105415637,0.001956485381109787,9.136574495469365e-05,0.00025907718480165155,0.0012757935335477634,0.0034443489103173513,0.025170973718453123,-0.006310701864657475,0.9929468640109619,-0.011435420226825093,0.001154743107737737,-0.0066250938492844035,-0.0010405794232706508,-0.000801799205486673
455,0.0343504225850371,0.004863517576854011,0.11889969626086544,-0.11356327284405998,-0.013712298491376649,0.20728519230104847,0.003928628406952135,-0.026055868268471977,-0.07061464999532845,0.16914121832960394,0.0396821652322289,-0.09106026489530768,0.03439016033049985,-0.03205803146331398,-0.017872124671500827,0.005530131706464953,0.0016622551539916008,0.00013797843032983296,0.0006786981906842575,0.00037776751129391854,-3.9120495292839746e-05,0.0009706527670029351,0.0010981277676228058,-0.00012466257811410584,0.0037780624862807023,0.00022332919559909007,0.0005196333461498436,0.004862667321810955,0.00019813950646254742,0.027499125949523147,0.0018332759634352228,-0.000633880007756349
456,0.021887087486045714,0.00143535563370086,-0.0004954369754343156,0.0024686532956549032,-0.0019938392184390787,0.003050008517606744,-0.0016907674207690805,0.004605388415218421,-0.0006482807537676077,-0.006113978348681663,0.020716412052086942,0.02716029226024922,0.018058117286822495,0.0007040311685033532,0.0076484083134566935,-0.011658449634546455,0.0004735480336558044,0.0001093452857625709,0.02776033055602118,0.0008681923794479508,-0.00019975730778377932,-0.0007505824218938586,0.0005630022026729473,0.0007261641733424404,0.002539211982681511,-0.0008625961236914402,-0.0002613314509975573,-0.0036139179779941482,0.00109877585592991,-0.0013210891371462498,-0.0020834464839954224,0.009977954790493336
457,0.066563167809862,0.007286680264248143,0.10139804920263601,-0.10367459405811906,-0.026551684288779586,0.3179895610131893,0.009847187011302497,0.031090595315350477,0.05622217844125635,-0.17914284060354185,0.14013048748802245,0.09826737357452174,0.13861330909941513,0.04641268104493591,0.014751558521088136,0.01630141528584419,0.0004927335010078294,0.0003061568351346275,0.007375036202748037,0.0005641378436754046,-0.003867440207790302,0.00491643701463611,0.002918494116577264,-0.001611250217392082,0.01499982262518922,0.003595104812422689,-0.0010054212138575463,0.03741555913038773,-0.0003814439049413334,0.10348323934733183,0.009595347967263407,-0.009885811170828287
458,0.0023833744205902494,0.0010323880605555488,0.006292702151375983,-0.006955014153505332,-0.002160554402225393,-0.002747883295333378,0.01966276071589225,-0.003696818641760724,-0.002838479456270092,0.005061876197310332,-0.007195970103488627,0.02632880511338933,-0.003148522116470184,-0.02336815573504474,0.006416631611674363,-0.02591615956544364,3.43436071056528e-05,3.1391362687351944e-05,0.003965725606812418,0.00620689214678475,-0.0005579506955716451,-0.00237558315936104,0.0012237966663535922,0.00044501173594538085,-0.00012840430480024343,-0.0004822309455666847,-0.00015143257042151315,-0.00018692775498337875,0.0009234204539981276,0.002025957100431297,-0.0015632432230076993,-0.011050446556689637
459,0.008472024113790248,0.0034757685760755438,0.21224261331618735,-0.20168366783835226,0.006929718402743524,-0.15006230158852266,-0.0474706155195829,0.0455486670526719,0.03325732870771868,-0.1792359568660792,-0.019864410693296447,0.005329771106069987,-0.009372554152917828,0.009012822269761595,-0.007068146014340335,-0.03775985740215324,0.00011348380401483474,-2.4587659949242597e-05,0.0002964491660924212,0.0021190183245520904,-0.0010965073377144188,-0.0002812516584463708,-0.0006446076123454117,0.0003778711329652408,0.002367096597703383,0.0007602427096398679,0.003757146654965139,0.0022490074325912587,-0.0011037211271228333,0.006482278067947633,0.0007513664619214056,0.00196402198499873
46,6.581915651382699e-05,0.02873642879133723,0.08789011954258728,0.09705232363359413,0.0857871100452314,0.008501733544838533,0.028228440417387583,-0.009865326856430797,0.009190697621198077,-0.010725966102645432,-0.058785074784649165,0.00588372943020675,0.06430725290237407,-0.022144075620389603,-0.1050743628768707,0.05177712727918399,-2.6396993604604993e-07,7.76609015086454e-05,-3.7174858769084646e-05,8.348450045474659e-05,0.002583450929825134,-0.00014936392068257118,2.1325934218042288e-05,0.0005965396834304075,0.0002583588798209886,0.0014135475285020817,8.175719535117077e-05,0.00011347239180252815,0.0007555627661980229,-0.0003261841908448475,-0.0008842159053690762,2.7740650194097695e-05
460,0.04536850284762039,0.00782735839520606,0.11726539792571546,-0.11776728570364368,-0.0307887661518259,0.39121191621701334,0.011760087389554683,0.010681230907611009,-0.027509533684675052,-0.1286634426988628,0.05997797352126749,-0.11294945007349592,0.05002353802321875,-0.017370242692624917,-0.000630175495995826,-0.0061151176131815435,0.00021586669200293114,0.00029314526706200985,0.0008975950781330393,0.0005057368395839435,3.530693968953704e-05,0.0018211590950610221,0.002219599076455336,-0.00017140801428017685,0.004771370159991077,0.00041871227137981934,0.0001811279437685071,0.003352494392899229,0.0009610257410092749,0.012621282151540122,0.0010636545705284182,-0.002964457634234984
461,0.043465969282474023,0.06824434017388084,0.04371463272408233,0.025025056351672542,-0.05098866624319493,0.06514411962503293,-0.09102574250766671,0.07783727773231855,-0.05220291610759644,-0.060952216926189205,0.11581285884846713,0.07087723089553541,0.04375633196818475,-0.11183737859279597,0.14527575940492493,-0.15772545201891913,0.00011114435141477146,0.0012658386412786435,0.005090040715398852,0.008895143724500187,0.005829021320417105,-0.0036155557057407427,0.0009366188619660634,0.0002080272536989163,0.003600553151647043,-0.0018596719451747503,-0.00024023104551596444,-0.0006359942671218088,0.0006383402618807287,-0.0013224642621052541,-0.002347082939784774,0.046747454671838065
462,0.00618368727898624,0.011908995305013756,0.008996357615328231,0.005191775706270831,-0.011092650923754725,0.014770438428012421,-0.022165057273647145,0.01973032827746386,-0.013456179900045868,-0.016114017944256452,-0.019170151906994698,0.017940671369380733,-0.008129209544724719,-0.03100539369944706,0.0376387115080852,-0.03941646737490211,0.0004640562534647982,0.0005135038751186984,0.0008201521548970093,0.0026511135996547842,0.002856534747670859,-0.0014777308409749462,0.0013102363884553547,-0.00020979193061763804,0.04270457791936113,0.00020470101113475835,-0.0007318050838272782,-0.0024975678451962806,-0.0009409965562570102,-0.00028995362458504603,-0.0019696630754251175,0.01575782147396548
463,0.00618368727898624,0.011908995305013756,0.008996357615328228,0.005191775706270833,-0.011092650923754744,0.014770438428012301,-0.02216505727364699,0.019730328277463103,-0.013456179900045905,-0.016114017944255734,-0.01917015190699285,0.017940671369380615,-0.008129209544723213,-0.031005393699448217,0.03763871150808486,-0.039416467374904174,0.0004640562529142033,0.0005135038760457422,0.000820152153325538,0.002651113593200442,0.0028565347483746843,-0.001477730838591602,0.0013102364137573229,-0.00020979194072713004,0.04270457789320736,0.00020470102524827692,-0.0007318050720145845,-0.0024975678592024896,-0.0009409965705224751,-0.00028995359463771696,-0.001969663086680874,0.015757821439721372
464,0.024973596634804807,0.48506031686870316,0.0689123839812782,-0.07883354022395168,-0.32889574990256404,0.22439774159535678,0.07099545028196318,-0.18571720010860118,0.5070766690484887,0.033901773468890894,-0.3175713198514972,-0.042471412659587836,0.08818945531497682,-0.30299492561072167,-0.06884575522257139,-0.14501306642254216,2.9350260604410923e-05,0.016548756651283903,0.0011746309832761893,0.004132726130770083,0.0016732719497699294,0.008488760567326711,-0.0002641782287839071,-0.0003634391059039834,0.00021204380559769722,0.0003730362494119046,-0.00012597496237530274,0.0006033498889593911,0.17331556685777746,-0.0006546530549831113,0.00022488403101665779,-0.0012642617271115574
465,0.0034951800688549093,0.08557671756340887,0.01494328967563234,-0.01718522365731069,-0.07661236344723042,0.055222889906229186,0.01932215453452301,-0.05073904002503245,0.1472032040911862,0.007635186709745977,0.09542876919388027,-0.011565545700362055,-0.026558934914526475,-0.09946669660535208,-0.03741815893845672,-0.02908097381442614,4.1162891912393825e-05,0.004076113183285076,0.00013639089957239367,0.0023423712349454253,0.0028771045702337206,0.014966636850209764,0.02375170882739876,4.089239894290228e-05,0.00014347299957558426,0.0004888204485750838,1.878499648130955e-05,0.00026742482008254424,0.0049907034779080595,0.003043038627621976,0.003553402772171774,0.0010239903813751643
466,0.003110334137284479,0.07206867019610805,0.011787317773940325,-0.013531304722332313,-0.05886907189177202,0.041508063907201756,0.013962923967699383,-0.0361926805879273,0.10273095956690258,0.005688093040530393,0.06576020887720106,-0.0075789648204798036,-0.0181181558263684,-0.06588595044432587,-0.021960537026620874,-0.021089701511568994,0.00019744344909382742,0.0221337697794461,0.0007363279835111244,0.012463606667198385,0.014793942749704947,0.07796388673731786,0.12333829051891945,0.00018197932371710458,0.0005944698616859085,0.002432289842541727,0.00011330882585316764,0.001470496917515861,0.0014404633263069145,0.01492156296167028,0.01878215336953007,0.004239204654125939
467,0.0033787803814866704,0.08138043599402948,0.013931498781878169,-0.016013612269884337,-0.0708557626696812,0.05072833885019134,0.017539882207313222,-0.04588830443002479,0.13214975062836298,0.006999639765326672,0.0857383890646671,-0.010155032738234149,-0.02375651088853054,-0.0878262859137757,-0.0317995628519783,-0.026471990155610848,5.8473206709998674e-05,0.006036632091968469,0.00020121332694432843,0.0034584986297764362,0.004202310659124301,0.021985088774362435,0.03488975164990349,6.365177572278769e-05,0.00019554619869399046,0.0007065805432674909,3.949831890772857e-05,0.0003988033793903966,0.0017044894044467504,0.004420779881090556,0.0052956602934312955,0.0013948838671824545
468,0.00047791573920085323,0.01461226499099074,0.003096122479331142,-0.003596228188250755,-0.0169046444216404,0.01289374273966819,0.004785843404880185,-0.014391604626241295,0.04050729978533039,0.002929961294679204,-0.024306556881810673,-0.004013345664506018,0.006493412287465043,-0.02828404420076313,-0.007206561752615522,-0.01649012440133641,6.608256922936377e-06,0.000651526446626191,7.24339582810044e-05,0.0004882531958510461,0.0006167370611341134,0.0019763994265269294,0.0003021618865406123,-0.0003502819616419997,-0.00033960587764657,0.0001866484435899109,-0.00045910592618009607,0.00020718296342043749,0.2552917381677937,-0.0023809351497710734,-0.0021576184900093053,-0.00042692786630902556
469,9.078860423816746e-05,0.003541560504959352,0.0009183948857285167,-0.0010688810893102552,-0.005345054090084452,0.0042739341316152795,0.0017153688884163916,-0.005078404349553353,0.015298034021318047,0.0008867643368707125,0.0010701565824648286,-0.0015804372966889354,-0.0005020101013091064,-0.0118088612663653,-0.0046840262247994265,-0.004808156358316889,5.634308270067835e-06,0.00021771593981097373,1.4967852401472734e-05,0.00016899667083362642,0.0002757533510617568,0.0010751871267811908,0.0011459484800977633,-9.510096558865285e-05,-3.3131078837846006e-05,7.781298415560756e-05,-9.156404308378635e-05,4.43600244030215e-05,0.061265801773319806,-0.00025544527729158095,-0.0004737529917769574,0.00011619995300425973
47,0.0034368209312367463,0.4827669196605738,-0.02692247696120392,-0.029119044175262534,-0.17664364235188942,-0.04968179080409791,0.38771171404176397,0.39277128875659006,-0.12327189665855434,0.030064021040153398,-0.32172676323332683,-0.022611291729537318,0.2876740551745333,0.007989346807232529,0.4441793112349059,0.3812639400353534,3.281558717213927e-05,0.007882072398669315,0.0006156449479019992,0.007473176617967175,0.013222812963455143,0.00539237482526154,0.00305843194288868,-0.0012678171441913091,0.0010816886660522432,-0.0018392505054307283,0.0004171089543998943,0.0007260264490454103,0.0007052231826009589,-0.0002435103871898808,0.0030376615696076996,0.01280286178032013
470,0.0008561678016123398,0.024807240105259608,0.004930267000161781,-0.005715258397589113,-0.026263387725212996,0.019593495291500465,0.007048355276418535,-0.020726898620489,0.057321547061582614,0.0041699114329903164,-0.03816405807676343,-0.005373120328210501,0.010520477257220984,-0.038262515959076725,-0.00848117959844711,-0.022651101950450128,-5.194860035980395e-06,0.001981634987635251,0.00016950841533742175,0.0012620503352011431,0.0012231877526173143,0.00481263604298834,-0.00046948560208950456,-0.0012600904425127282,-0.0009009758460852191,0.00046670396054944376,-0.0007046229103714365,0.0005290773816216031,0.6555935040676223,-0.0061209904785057305,-0.006790031334636407,-0.0017992256687873213
471,0.00018023739670152637,0.006526799849892318,0.0015797837011831794,-0.0018306653771686622,-0.008997404472908522,0.007037267801936715,0.0027872983637310753,-0.007690994963541727,0.02368306175862969,0.0010717898105731469,0.013041182549288297,-0.002242040443716617,-0.0038126800014462872,-0.01823018873870171,-0.008459210743082767,-0.004705531652245418,1.2036696048186165e-05,0.0004186755975161182,1.7900235764936922e-05,0.0002946230823396232,0.0005073897358913412,0.0022389443445870816,0.0035015642149436163,-8.198154809372624e-06,5.544067910637389e-05,0.00011162554969094972,-4.390948836703237e-05,2.6958719645608236e-05,0.02344709214295512,0.0005463127048072403,0.00027101232400315227,0.00046484694343716583
472,0.0008786202408412813,0.025777105096915245,0.005200004378680277,-0.006031309886259208,-0.027861043729672824,0.020896208335520902,0.00757242217110073,-0.022425628079629938,0.06220497949927003,0.004543583146334647,-0.04099791403817678,-0.005909540714873214,0.011230936675933697,-0.04193828184907992,-0.009487302892660494,-0.024978958564599113,-2.8892504688288725e-06,0.0013999959628288113,0.000120099391098904,0.000906965382541748,0.0008982899346848522,0.0035135016037888996,-0.0002560540426295888,-0.000913405829217441,-0.0006461073383300209,0.00034169000351240235,-0.000519413243945658,0.0003823828228742243,0.47701475686789013,-0.004418533263494874,-0.004940294430032203,-0.0012626379748591062
473,0.00044230411186493596,0.013009092431484258,0.002630742645336272,-0.0030518598708696443,-0.014106400758957487,0.01058804085395111,0.003839805869641109,-0.01140100916219498,0.03158558585004333,0.0023219762972847328,-0.021098845480041217,-0.003001734595901533,0.005782063698380927,-0.02128354294249662,-0.004728475440698922,-0.012828976498623289,1.3300139560876095e-05,0.0012041562925905669,0.00018736835162916078,0.0010171982199762995,0.001445637372993326,0.003628404194432575,-0.00010685539557447586,-0.0004127288397084446,-0.0010271610339138756,0.0003444619111066845,-0.0013049273535678477,0.00041938298196152353,0.538169520020563,-0.006013328731444384,-0.0032956429116101195,-0.0012056705425102009
474,0.0004353342774848805,0.012715405218371617,0.002551464647037245,-0.0029588829338856454,-0.01364210791059232,0.010212857867628277,0.0036908229222649695,-0.010912082495277342,0.030218660370334233,0.002210412595392169,-0.020128863756558504,-0.0028574903530725866,0.005526695253527545,-0.020290395058101172,-0.004520613201350819,-0.012119653731861307,1.3721505613761728e-05,0.002150010028248989,0.0002469039822175196,0.0015688521938218634,0.0018358938824294456,0.005737978080307687,-0.0002659976616084548,-0.0010843244643885706,-0.0011991762509862937,0.0005486667176235293,-0.0015084554409111443,0.0006894134752884489,0.8164208621714816,-0.00817905847940628,-0.006766599480204755,-0.0018260373557198444
475,0.0004208335241274592,0.01209183488688799,0.002378802353124535,-0.0027563754637034673,-0.012621279814620676,0.009380637423872188,0.0033575323541535653,-0.00981481612521166,0.027102886691248378,0.0019594988375981476,-0.01803519432020493,-0.0025156299751379146,0.00499378200369344,-0.017972120900975552,-0.0039605663970962894,-0.010531448218588823,-2.4111225685722518e-05,0.0018132599470215122,9.21128484573239e-05,0.000955248476580423,0.000610481622805183,0.003887294005668992,-0.0006729735425705543,-0.001435856420636886,-0.0006027754411841444,0.0003847412034753581,9.920962016827148e-05,0.00036874128795475733,0.49476614596376306,-0.004062922477605181,-0.006813463189068059,-0.0017724139818547984
476,5.5948310772001015e-05,0.0019763674540828756,0.0004646789338774078,-0.0005379498011244986,-0.0026182869069556647,0.002026617237362823,0.0007949724978171855,-0.002150027267007593,0.006598114314404866,0.0002802152046419417,0.004529274225314438,-0.0005916437119074967,-0.001284546948677607,-0.005004586547782417,-0.0023444573228634633,-0.0011294749779670271,3.0724658412240448e-06,0.00013612944266234807,4.4812438471458615e-06,9.374856279422649e-05,0.00015075850781966799,0.0007206453928847803,0.0011851326072491054,7.2561267787918354e-06,1.7676981801585708e-05,3.051929016405006e-05,5.3377207227099095e-06,6.240112265558767e-06,0.0002816130559662113,0.00022798833577302488,0.00016743847965729425,0.00012591257705225916
477,6.96983438005544e-06,0.0002936872131126408,7.927799829902677e-05,-9.297693698399893e-05,-0.00046429284836516636,0.00037518298632283265,0.0001489829473761395,-0.0004889266669176381,0.00136692547970909,0.00011156370189256383,-0.0009699817234827145,-0.00014424424282894608,0.0002553684448533819,-0.000993147884395448,-0.00020786223934810284,-0.0007093227667619819,1.2878773507990464e-05,0.0002583025569321447,0.00012783272104080197,0.0004655442461307355,0.0010553808635572065,0.0015188303085574627,5.228687045950305e-05,0.00025886678497168136,-0.0008551458168414574,0.00014025710458983966,-0.0011013992662245514,0.00014935248863459817,0.2599181778696444,-0.003847598983482488,0.00017531365698451618,-0.0005853037293005574
478,7.082104915321231e-05,0.002697123265008385,0.0006883200269474494,-0.0007985916773541524,-0.0039927980706159875,0.0031740787128303164,0.001280276161091825,-0.003605140009419104,0.01121222971033704,0.0005255532841077332,0.004627222857733088,-0.0011320852964576186,-0.0014258931402449462,-0.008842402106366281,-0.004157903583379922,-0.002472168373422113,1.0327241103392254e-05,0.00023922336616263802,1.3422292150897097e-05,0.00017637940938253357,0.0003584094528969623,0.0013978182531261027,0.002062858976515018,-2.6151514334501856e-05,4.16045052620443e-05,8.732253140830275e-05,-7.115940524742131e-05,1.7714196355270087e-05,0.032920105407409465,0.0002625756903929785,-4.7576751940796785e-05,0.00040374572830556403
479,0.35369382067084165,0.005484310973955403,0.201480620572703,-0.20521537160070272,-0.053254521557915574,0.7863278322322461,0.01402133733927078,0.0712183560059285,-0.01771245906925514,-0.5464779307931963,-0.2956373050255351,-0.1729936455657262,-0.3145837047005832,0.01834054180262491,0.039869690375547745,-0.01067969325944734,0.004265818503177293,1.963580944523922e-05,0.002952192711312309,0.0031307677331504444,0.0013950221823857988,-0.0034003908015166535,0.0032156232096730614,-0.0018051853928035002,0.22960020585568594,0.0008722208069607183,-0.004707354036363324,-0.01591011027312139,-0.0006448289359157815,0.012621348939547788,3.6509114983308355e-05,-0.002805169892798227
48,0.0022402994934208093,0.04952772567619949,0.3438734262693947,0.23449351616730363,0.33861884533740627,-0.015676823379909246,0.19408232295834912,-0.7025201822416168,0.22482853248752083,0.05570893657232997,0.014500173359617813,-0.2164255183950059,-0.01618635355782149,0.6059857272148368,1.02094311803363,-0.1413934293626907,9.668540557789416e-06,8.36550290918606e-05,-1.094620993540056e-05,0.00016942073565276506,0.0036905517552534737,-0.0005249539413118682,0.0003900787422080861,0.22685528050326428,0.0012592983606885789,-0.01854652564917788,-0.0008215548786543845,0.00016688096876289003,0.0006765431193860674,-0.0004895596348406187,-0.0005801734377080012,-5.668062378774019e-05
480,0.044051371902218674,0.0008148339870894993,0.034415156994586256,-0.035246608385998704,-0.009499892056933232,0.14540991026045602,0.0025492064078438364,0.015090263969572824,-0.004163467470542717,-0.1124696807105047,0.06159223929412677,-0.04084890703626172,0.06232351972530018,0.0036791149458796643,0.006285871577480117,-0.003439154384315579,0.0004529933677273837,-1.0883093990919996e-05,0.0016313777052704142,0.0003982246860675916,-0.0008592684000080273,0.0003870457688198718,0.0002588678975289388,0.00020125660858917499,0.007509442908352624,-0.0001198931168306984,4.767243844541671e-05,0.0035620226647314077,0.0012384142517766756,0.00888273133554688,-0.0008361109883130828,-0.00375975980318039
481,0.6551294915022643,0.0793284689312649,0.07653115548808669,-0.10842396334103756,-0.07425182002760201,0.37446827272010463,-0.014302036720122044,0.0781314060074356,0.5289894701563564,-0.052556478198885474,0.9257870480774235,0.3099423024333532,0.8399806159594215,0.035570336425538515,0.04999335461039066,0.15272748504386494,0.00198982898313677,0.001753641951046886,0.01459704526096752,-0.002150383813605937,-0.0006462469324293951,0.0015864249201788323,0.001796904710892073,0.0005115677788767597,0.01564547877529458,-0.0002576992096196193,0.0007492622538886429,0.05307077178890256,0.0015292024141342765,0.023479035225028633,-0.0002956929501670086,-0.005441856200284679
482,0.08287981925760553,0.012052778959232768,0.013472433701183891,-0.01920211719205402,-0.013653205104465427,0.07166128840250542,-0.002710936744848977,0.01615218234483238,0.11225478525829063,-0.00974922584063932,-0.20122582611701215,0.08421799824830856,-0.17901014919802294,0.007485024396103193,0.009964298901202687,0.03865710365781749,0.0005037651979731399,0.0026027797731152623,0.0024401398313846977,0.00020322691497923808,0.00533077303976882,-0.0005150669884622455,-0.001776320355632686,-0.003079047562644583,0.002991308156615031,0.00275702071333392,-0.00014532998762727177,0.016577533472656693,-0.0030579704856127316,0.004492681013703258,0.0022179046618896916,0.023366343470518147
483,0.08287981925760553,0.012052778959232768,0.013472433701183891,-0.01920211719205403,-0.013653205104465448,0.07166128840250542,-0.0027109367448487835,0.016152182344831328,0.11225478525829076,-0.009749225840638209,-0.20122582611701093,0.08421799824830987,-0.17901014919802075,0.0074850243961028995,0.009964298901208948,0.03865710365781084,0.0005037651986450988,0.002602779773104151,0.0024401398310631484,0.00020322692260327458,0.0053307730158717115,-0.000515066976801814,-0.0017763203489431206,-0.003079047570385244,0.002991308169698893,0.0027570207122915398,-0.00014533000254439158,0.01657753350446895,-0.0030579704940184305,0.004492680949820693,0.0022179046832159384,0.023366343495926034
484,0.010322399091734758,0.0017907736684100134,0.002300906525058525,-0.003295479957691629,-0.0024480792186745105,0.013260405373321673,-0.0005858395054226793,0.0033483892237359627,0.022854855408849906,-0.002414831558103328,0.04164412817410638,0.01413953119621234,0.03867521232507402,0.0016204017557952804,0.0021489094875150596,0.008297686879536848,0.00010743335282844087,9.330747837639556e-05,0.00095967538684653,-0.00020233341262287385,-0.00017102299404123442,0.00013807679395571682,7.718642506555472e-05,0.00020483724285066078,0.0016046212597111515,-5.077521104258145e-05,0.00017470837163255961,0.005345456061434647,0.00030853291338567594,0.002125918057738031,-0.0003375832598862773,-0.0006207342373839326
485,0.0842278480334218,0.012337587617187343,0.013903118207985406,-0.019823375373274308,-0.014131855397273302,0.0743864589132491,-0.002826904437877878,0.016884361712304764,0.11754462700777443,-0.010227653302538225,-0.21114929765821833,0.08849551662709614,-0.1880868193249467,0.00787689276879235,0.010507650145524981,0.04090979562715423,0.0003273375527936166,0.0017574190000334694,0.001659841321773364,0.00013552470447450264,0.0036952410725356417,-0.000525473550121901,-0.001457246836154489,-0.0025088665747889736,0.0019658043732792238,0.0022702581792686137,-9.629406410965888e-05,0.01123087737240471,-0.002489460169791715,0.003958523255905811,0.0016394848663773116,0.01830486627978774
486,0.010655578946076166,0.0018744687769733058,0.002445760568631074,-0.003505236351806073,-0.002618067688049859,0.014252596705004946,-0.0006382372097276865,0.003656176003759618,0.024968116798151932,-0.002658600588145327,0.04566355489541382,0.015517813256423577,0.04250097201450091,0.001774294932088193,0.0023293205472995995,0.009287170791810049,6.967050415101796e-05,1.6975424008401837e-05,0.0005214374301050412,-0.0011565039200152666,-0.00034549898863303657,-0.00037236228229248783,-0.0007685611992059411,0.0017380114598444566,0.000977677434171487,0.0002081522886486074,0.0013358212879908435,0.003563093053004296,0.002216301088384133,-0.0012595852380805558,-0.005990227994529342,-0.00871199862741995
487,0.010490291172830617,0.0018330882738080453,0.0023744047316739594,-0.0034019239026891164,-0.0025344555927824457,0.01376513372795457,-0.0006125903224389763,0.0035055302936766457,0.023933846625543886,-0.002539580208555974,0.043698040391294615,0.014843860371725599,0.04063109205775006,0.001698953617412447,0.0022406146677794335,0.008805649966562813,0.00012767927725851257,4.063283138443184e-05,0.0009680363176673312,-0.0018925953501230124,-0.0005712400986191361,-0.0005855588872232112,-0.0012236138746494947,0.002821493410095181,0.0017532230870592432,0.00033269750377968893,0.0021721208403157836,0.006355568771744483,0.0036093383072193994,-0.0017648365585961011,-0.009705578776412694,-0.014177512438061004
488,0.010322399091734758,0.001790773668410014,0.002300906525058516,-0.003295479957691628,-0.0024480792186745296,0.01326040537332161,-0.0005858395054224635,0.0033483892237354115,0.022854855408849586,-0.0024148315581033523,0.04164412817410701,0.014139531196213802,0.038675212325073885,0.0016204017557949555,0.002148909487516173,0.008297686879534178,0.00010601688739041077,9.869542323745599e-05,0.0009586358752832355,-0.00020702849019985746,-9.111989204925336e-05,0.00021285273465422187,0.0001571178485003441,0.00013115280110531354,0.001410635862997098,-2.3089231539222442e-05,0.00016237722243311393,0.005463748081483971,-2.843851597462855e-05,0.002332304820872704,0.00013192385605404527,-0.00019388083277058316
489,0.08287981925760553,0.012052778959232768,0.01347243370118388,-0.01920211719205402,-0.013653205104465414,0.0716612884025054,-0.002710936744848934,0.01615218234483206,0.11225478525829011,-0.009749225840639194,-0.201225826117011,0.08421799824830886,-0.17901014919802274,0.007485024396102494,0.009964298901202486,0.03865710365781768,0.0005037651978879129,0.0026027797734795833,0.002440139832127848,0.00020322691907045712,0.005330773008102444,-0.0005150669823348514,-0.0017763203346256144,-0.0030790475667124297,0.0029913081733191067,0.0027570207004730626,-0.0001453299932326201,0.016577533491456718,-0.00305797047091291,0.004492680983014402,0.002217904648715019,0.023366343506838493
49,9.038523397620385e-05,0.040321614665039446,0.099382823783694,0.11158485141742065,0.0866604481479043,0.00979628520640721,0.02327663704930951,-0.017517769018511504,0.009340268167366541,-0.016080221522886483,-0.0270605262957916,0.007880193768206709,0.028521952354265846,-0.0220894174105655,-0.1789099438157538,0.06325157066881214,-4.095558774630383e-06,0.00032744033733444604,-3.644697639664443e-06,0.0003634876245256005,0.004517270188231281,0.00023559744813926505,0.0008588521327251629,0.0010642263978415396,0.00018314765207790931,0.001195915744468141,-0.00011642287388672777,4.965702370138948e-05,0.0005538634953971067,0.0008720862324647216,8.961710800040488e-05,-0.0003534019175984224
490,0.0013271182585905944,0.0002785205796824322,0.00041810834570805635,-0.0006029167267428009,-0.0004635321683825693,0.0026321105369243253,-0.00011162962882266536,0.0007034889997430291,0.005071197502174556,-0.00045790150607831443,-0.009496737624016476,0.004087901797982924,-0.008676583704187854,0.00037407498475791964,0.0005171304500351581,0.002141594633130931,1.8554054435036152e-05,0.0003084160318110365,0.0003445427993997546,4.13273118108484e-05,0.001096601935356505,-0.0006077389613320594,-0.0010811754818701982,-0.0018282683349653945,0.0002690638284276207,0.0017726395077750606,-3.9722346268409233e-05,0.0027025549947103256,-0.0018719981047754656,0.0034517987033565014,0.0008249699779663943,0.012078583618988668
491,0.01032239909173476,0.0017907736684100127,0.0023009065250585194,-0.0032954799576916318,-0.0024480792186745487,0.013260405373321654,-0.0005858395054225077,0.003348389223735552,0.02285485540884972,-0.002414831558102924,0.041644128174106225,0.014139531196212456,0.03867521232507499,0.0016204017557940827,0.0021489094875137608,0.00829768687953954,0.00011063431982246532,9.327718740382975e-05,0.0009699169718875698,-0.00017200238922819485,-0.0001255637743408022,0.00014562040856085022,0.00015194282599576573,7.701102324884415e-05,0.0014752517119305472,4.1366229925133115e-05,0.00010166542997582602,0.0053138307392369445,0.00018453380504657903,0.00281546020932782,0.00012387287932808742,-0.0011654235390772061
492,0.0631790770872881,0.050373837332925116,0.6802548572257407,-0.3740594582573314,0.1509962976360848,-0.23310980071176166,0.03291058090232721,-0.24721390055431883,0.03160046635305785,0.26763228503896,0.18875979582247526,-0.1775372117694987,0.004302632732011623,0.21923633304935508,0.3468251024916917,0.032731170215306145,0.0010219698161565663,0.00028613976188228993,0.00038252396664364735,0.0009297849085483054,-0.00023302847871950873,0.000447729223912336,-3.8076648076899416e-05,0.006501307254506251,0.0010551129922958262,0.0006059393887201023,0.001477794528136555,0.002268950364810832,-0.0002545825362465648,0.0053596328323862455,0.001234336813377469,4.482110866862348e-05
493,0.009345228442976321,0.009320707411822735,0.15216532703396604,-0.0843242429916289,0.035936662190160965,-0.0583913980473045,0.009508793439255652,-0.07149449531026314,0.010053282963704377,0.08123602579300347,-0.03439668907859635,-0.05112281513830972,-0.00452520609805072,0.07049788479105679,0.12441309529374255,-0.02068284213161178,5.939184796763765e-05,8.700700658433987e-05,0.00013659793512168752,0.0010126014087426965,-0.0010405184958107488,0.0006753060025088263,-6.628168108677614e-05,-0.0001139920192422335,-0.0004351717022651623,0.0003229563210425847,0.00034215067736640976,0.0003696710213651085,-0.0016203699857231524,0.0024213930687146078,0.003636583171107102,-0.003170396141078345
494,0.0011822530416279353,0.001416080147628863,0.026778924810544016,-0.01492433248964108,0.006637060403034079,-0.011182595587934878,0.001821922031689805,-0.014964025508765338,0.0019895361712395534,0.017052603389572662,0.007565411160206492,-0.01164987876546579,-2.9396560494952217e-05,0.015194380009176861,0.025732688500537285,0.0005308557167852713,3.6902764947583615e-05,1.3598502299124265e-05,2.4996326270843258e-05,0.00013190528023180535,-0.00012641064818081821,5.4811831104668485e-05,-1.6880483751019068e-05,0.00046727690857313305,7.938654814289922e-05,7.929276630424227e-05,6.410753816214887e-05,0.00016963676902208663,-4.147009289365946e-05,0.0004115700781544244,0.00017400737747955502,1.3687823276247545e-05
495,0.009343142990085103,0.00931651294738319,0.15204564863962755,-0.08425641290463697,0.035903087300925146,-0.05832846111349863,0.009494984067586792,-0.07138195257699873,0.010035537931659236,0.08109590779269477,-0.0343021213363918,-0.051036472278361285,-0.004518425225668935,0.0703628282465458,0.12413893678720936,-0.020592843714977944,5.229507069835311e-05,7.573280046983636e-05,0.00011181938073397707,0.0008322216294011569,-0.0001427349853360745,-0.00013138988624669445,6.336906178791694e-05,0.0018344547326270932,0.00016953816879027614,9.679246520557384e-05,0.00019491060347878101,0.0002914352122513885,-5.6377153740587134e-05,0.001031989704356219,0.00024243770802515773,-5.582309919037854e-05
496,0.001163654505882623,0.001384200063460367,0.025976650926671584,-0.014472198311825847,0.006419349389363116,-0.010788666826499564,0.0017509939204484912,-0.014331951954607661,0.0019040901804147233,0.0163041880577103,0.007219457521217332,-0.011121028722725863,-2.844806478467972e-05,0.014487433900360606,0.024490424894537847,0.0005062480814100666,9.015142455570275e-05,5.359603857731131e-05,0.0001135360657458867,0.0007218999666820907,-0.0025599622115529065,0.002178762342090447,-0.0004885921796272512,-0.004193698504131092,-0.0014724255826467603,0.000703076004238497,0.00040602752185711405,0.0004475307878007516,-0.004321892508417823,0.004555287011795684,0.009244460046557577,-0.007443925457534658
497,0.00014724588586702639,0.00021039767380261217,0.004576648158202968,-0.0025651046797893415,0.0011831306412243769,-0.0020666609879507647,0.00038210410189283084,-0.003055628810852066,0.0004460539518056658,0.0036179785234267676,-0.0015383706984815862,-0.002320769295684292,-0.00018036527244966416,0.003331142727343371,0.006180310722388244,-0.0012461657085004558,8.843877531943417e-06,1.6084513065273325e-05,2.533856634723344e-05,0.00020369855266866838,-0.0006052840198346469,0.0005238592747230567,7.137704267930854e-05,-0.0009885483854543812,-0.00029682306461721413,0.00019858434141563748,0.00023795793214817732,0.0001830813756670032,-0.0007791220807516945,0.0008169217783216783,0.0020686132894968926,-0.0027346941488508754
498,0.001329466067385707,0.0016263831641705696,0.03135197336644898,-0.017487370838674004,0.007819093106784573,-0.013247031084536716,0.0022034425832277854,-0.01801474186138725,0.002434775376725061,0.020664158986901167,0.0060312138358215635,-0.0139668859553049,-0.00020958547288978078,0.018519135762318326,0.03189887228849967,-0.0007097069478857885,3.947023126368144e-05,1.705699813316639e-05,3.105592851779773e-05,0.0001826901891385443,-0.000145573138848297,5.1483082151147994e-05,-1.4286191812941387e-05,0.0005816387925631864,9.179528633343679e-05,8.86293286396229e-05,7.37429854479985e-05,0.0001919344714227944,-4.7037583367675805e-05,0.0004843072603828482,0.00019963737598702912,1.1036724663351108e-05
499,0.0013292351151078438,0.0016258409235247414,0.0313345195266691,-0.01747745009104288,0.007813955733177114,-0.013237194302587211,0.0022017699647208927,-0.017997011814575838,0.0024325920959884606,0.020642890588532085,0.0060061647786369445,-0.013949625691484644,-0.00020999097831342418,0.018497955100626587,0.03186490196294192,-0.000722124328222506,5.1561834879330874e-05,3.4729039989896545e-05,7.338643039978948e-05,0.000486676848240696,-0.0016539063564291697,0.0013991756187869638,-0.0003067473387981177,-0.0027191291907908447,-0.0009584759359700496,0.00044947002904431696,0.0002584281930016716,0.00027601975119908624,-0.0027902459952842493,0.0029186764061000597,0.005974917150005861,-0.004853296542812404
5,0.0006845698625419809,0.22642437284463154,0.1344414985112588,0.16460766642175137,0.0931782288751602,0.00032585149631527257,0.2139435275541286,0.7325540018913501,0.03651782942091659,0.12871688388489594,-0.31479294759803755,-0.14771061632072377,0.32334602562675624,0.27369732619279913,0.010374310726029493,-0.3377712672378668,-2.9424797509186496e-05,0.0030715311570688898,-6.075426831152107e-05,0.00852721068334042,0.1990387087885831,-0.02489296865836771,-0.011022977843203796,-0.005498889174625894,-0.0014720594814366097,-0.03067219882616337,0.00182004822885106,-0.0023411478360109575,0.002409061603100146,-0.0006996281624010935,-0.003880562963433157,-0.06622733353678642
50,0.004453307303219121,0.7984121327326956,0.16955853729991832,0.24598627814966034,-0.46680968734791595,0.005434948959381307,-0.5521193792979684,0.034054302316987486,-0.014970903941520584,0.023677429017513837,0.36168532430096045,0.10457816279542698,-0.37493314882168044,-0.34304591740456564,0.23157009058104944,-0.7192829463299891,7.224052444852614e-05,0.13089546710820624,-0.00019438527708376673,-0.0016255888958668873,0.000696040669291292,-0.006190350151077924,-0.007835250249602074,0.0004839407886226042,0.0004860436998701084,0.0006584970288098204,0.00014799617618451,-0.0001515693398829789,0.0016628268140371622,0.0002088797830517373,0.0001427163853893355,0.0007622209965907651
51,0.00079535402191088,0.13884523985333555,0.08439868090822017,0.106856616813647,-0.038412347622797424,-0.0036400992968192336,-0.055002798518198955,0.18450741905251455,-0.13731085033365364,-0.0033327736376624465,0.15755603441492066,0.07840963687069408,-0.14790406033304077,-0.14821915528378096,0.27738687250961575,0.6142794619573142,2.6055457024421676e-06,0.0034875818110270346,0.0001894890754109031,0.001077637121892102,0.005135385462715051,0.0015942744157029522,0.007106004164987885,-0.0013588331557890783,-0.0003217871976796929,0.00037848444628596543,0.0010793155303251887,-0.0017254420564497496,-0.0004489381299091841,0.0026622946837780515,0.001559682195425494,0.011538345678319316
52,0.0035754886172963086,1.2563500264690952,-0.9148411771637586,-0.9450901861752372,1.7640901765444554,0.08381626088244924,-0.012808464543054593,0.04042909841730025,-0.245624263095634,-0.07495785798710727,0.2163862425564558,0.15342625845624924,-0.21534272328485857,-0.3535797408686063,0.16429029759676692,-0.08386830601231113,-2.440843774906644e-06,0.0067998757401921935,0.0004046101559527548,0.006825523542487822,0.02856097812594821,0.0009993831695523422,0.0027494095364658877,-0.0005902722179721783,0.00015450662666912238,-0.0055803064446679615,0.0003542047976781618,0.00017821919505991453,0.0008183747281966726,-0.0008246185246430366,-0.0013254345290138316,0.09017544625235661
53,0.0013188135490675179,0.15155279014498094,-0.0018330003887333456,-0.0777837265994356,-0.21671419295699124,-0.08709026321745593,0.8953079661910439,-0.2261630211639059,-0.09464426590185006,-0.11820006604766319,-0.0013999440350569974,0.14165906908597056,0.0010811127061698088,-0.48762382571581553,0.09794480961490125,-0.07130802959748768,6.386906124831574e-05,0.0014242868609525587,0.002753142919481074,0.03932609686052104,0.0015435777430281704,0.028972056769147866,-0.015190651917217584,0.0003026966424440399,0.00038898099493234585,0.0013320525557834705,-0.000974824835158081,0.0008439850827437876,-0.0004908585656408411,0.0033951737661717047,0.00518680787150519,-0.005686745424766669
54,0.0003173822608170978,0.1226457330127887,0.06784007577834353,0.09342610565670953,-0.10493471443455271,0.0005981159058598207,-0.24586902612913186,-0.07201191656016319,-0.12557520736335834,-0.03786371877756626,-0.005795885771301655,0.10486898103746561,0.012511231478731712,-0.2475617100905344,0.10766199591216322,-0.17733097584851581,-2.735571940623429e-06,0.004011497833027129,-7.985995120106595e-05,0.00029365690084104184,0.002318442284999079,0.00256832925521444,0.005332900621990106,-0.00017338112027544955,-0.0002556845872967121,0.002413484305092617,0.0006201554781664759,-0.00026104623671202397,-0.0006323619041337923,0.001707491895736487,0.0013608662570590308,0.0030920403418462257
55,0.004285600832533983,1.088255151306288,-0.04259902225451978,0.026345517442715183,-0.5865642493703084,-0.0544788226365553,-0.26408560303933476,-0.16913433677318798,-0.07870705749138188,-0.0019763393636769216,0.28480313811306934,-0.08631472658998507,-0.2684919318088201,0.38889009271646535,-0.13215552147540988,-0.0030078560945708058,0.00010531162462132916,0.18746364819717132,-8.793768702062855e-05,0.004518403101091877,0.011191806264057955,0.06536376163435821,0.13985987574324238,-0.0007917124751529783,-0.0014519086159688042,0.0010782337006553368,0.0003272110285809103,-0.0008770132331558911,-0.0007419083646913905,-0.0020883233830406656,-0.004146184720892499,0.000478196673196039
56,0.0015880358064799148,0.29885685516793803,-0.020366514631990816,-0.07404977309316911,-0.3327018715208867,-0.08886662930825748,0.8122970874566557,-0.2926796664993959,-0.07168318366792055,-0.11807157657069059,-0.06392097210959635,0.058828363431004754,0.06715853379025394,-0.2799073903037953,-0.055787747817306776,-0.011260826303552266,5.923685113248521e-05,0.007383620803175532,0.006519808927903801,0.13184001111383115,0.019534465453098344,0.3225710935066239,-0.16712487981523805,0.0012802171605519538,0.0069689945237611205,0.005376099395773587,-0.000695655051759456,-0.0013343438017847024,-0.004497334929340821,0.003434364821012302,0.026795721369940406,-0.0031297644672207865
57,0.0014974525831711815,0.0759581776475734,0.008028695374421663,-0.051884620362985356,-0.09062077559507549,-0.049044961749430696,0.46057030293213547,-0.07942953169825014,-0.04897767889132608,-0.05446626190910897,0.01631481947925368,0.08127898938546263,0.013743415226681977,-0.2726601723764006,0.0774729914961447,-0.026979962233925493,2.9603461285991325e-05,0.0011750741591429238,0.0008394604289879287,0.014350353215756145,0.008757275858845115,0.027779848082875744,-0.014014858889309282,-0.00013307966582927795,0.0005217225778572257,-0.0005707949141876469,-0.00036642610796526573,0.00033613636057177904,3.47230969113088e-05,0.0018335135904330633,-0.013749662847424649,-0.005353883460514659
58,0.00041294844046401883,0.09650785634424157,0.0010762188570057705,-0.006741319097732131,-0.004719755109117835,-0.018425735080219455,0.2564641783976954,0.18595735377183123,-0.05561824618882519,0.002746084738123979,-0.06896475584754025,0.010373565149513939,0.07199836437802443,-0.07717425664627595,0.15791910154980174,0.040031834171058905,1.0073109534175841e-05,0.0010897755245237856,0.00023800447574390124,0.004309880870970033,0.014000847834499503,0.002488042532220551,-0.0020200798138222116,-0.0006777801761260601,0.0003378626532356728,-0.0023611532052913494,-9.773002229096766e-06,0.00031580496418195697,0.00014743177258779157,0.00023300668294262868,0.002134247664303016,0.024042568398901308
59,0.0021994493341880813,0.5668101606965802,-0.17966454540867502,-0.1677316857349998,-0.037739394700161355,-0.019571409754870924,-0.049323566062170573,-0.2749918187346079,-0.016119269313877714,-0.031992526327005215,0.23833989403867942,-0.06465856615570158,-0.21509548423596347,0.3320311689081162,-0.2753503224756003,0.22163288316666438,8.279050706065043e-06,0.014931231305509647,0.00029299095651835955,0.008548270157780265,0.014387449674678672,0.06704801208339956,0.12700305916531404,-0.0006289235768324341,-0.0017697818125676896,0.0005247016559451753,-0.000151574108478747,1.7644248661050486e-05,-7.821847085827849e-05,-0.002056629856907518,-0.008174575710936318,0.0005654219665559622
6,0.0008014978144150397,0.2681898051894724,0.16009588032524966,0.19595720493764526,0.11098982294235266,0.0004903618727489149,0.25514358225321637,0.8690827870178406,0.044077828443000525,0.15596620633886762,-0.1082318296131953,-0.1600191810327605,0.10442656993895448,0.32424151486396535,0.02190131494384228,-0.40867065242700035,4.966430336390308e-05,0.004330554453804027,0.0002774255638290883,0.011063625122351359,0.21494991616770168,-0.024330858030367702,-0.013579769072483979,-0.00605393281194845,-0.0015834221381838113,-0.033801652540338095,-0.0013044158120188757,-0.0004660158208020246,-0.0024893088855707166,0.004382824831467892,0.0013277905724226149,-0.06509290296916528
60,0.001899813682692143,0.13071420454096921,0.006166769879924514,-0.07048681818347888,-0.15491159724861292,-0.0694752947154389,0.6651950543654376,-0.1252231332194634,-0.0681606260913348,-0.08030597460249651,0.0756792531626284,0.10479960108858438,-0.042286418259975284,-0.3595943279974332,0.08624174707716627,-0.027126278515915425,8.862042597164747e-05,0.0032125647611986026,0.004347011551160423,0.06577843952879951,0.009948438593302855,0.06534219877337183,-0.03454769280281077,-5.2840986819345005e-05,0.0002896215713175701,0.0017658332185971407,-0.001092394446831672,0.0004453323002261244,-0.002364001629712362,0.008502994059529992,-0.0035072127377415354,-0.012292999435731762
61,0.0020074250464214736,0.19595781322865843,0.6334991926278715,0.610420840734873,0.5980122375778544,0.029141624696073006,0.23287869561092714,-0.32481265920425734,0.14521647090277914,-0.004860010163680643,0.26015250812715524,-0.0559637562944367,-0.26160082576143956,0.18502426455250434,0.06420936126467443,0.13988127710301457,-5.862576769589408e-06,0.0005635107545076372,-7.67380548502241e-05,0.00020045972601330392,0.00542736250528714,-0.0004794841022190195,-0.0003169102767583172,0.010296840330925755,0.00048693478268808607,0.00893245796928184,0.0003895034301934113,6.6092675577656605e-06,0.0016551818367523722,-0.0007159939459966477,-0.0017628774398291327,0.003302192019921939
62,0.0005207439250142819,0.11454248847153276,-0.0385736863257759,-0.04812654515399151,-0.021874804852356114,-0.014805182419856015,0.08205817496811905,-0.10773255053116171,-0.010359287036512121,-0.015370967893379271,-0.06571628136238067,0.0009995457823216564,0.06441738789585232,0.04359253010490538,-0.06022408849440359,0.029682400552384865,3.486112278450908e-05,0.0016971426953537694,0.0005620010750113323,0.007528288253113012,0.0013011742603062605,0.00842759763480884,0.0010322530745123543,0.00021202415283515697,0.0009634454563730692,-3.8915260734851145e-05,-0.0005884856824902446,0.001005702965103817,0.0012882340600354936,-0.001240068006230445,-0.0005734412397942516,-0.00048325121204558793
63,0.0020169575916149343,0.4237592649597683,-0.016193282589927166,0.006421226036252122,-0.19769887031921685,-0.013432088787302595,-0.051193930171857485,0.06022627226774681,0.09329529699104344,0.04851105132052588,0.22529784426595212,-0.05255693857614925,-0.22432952845012447,0.11640461430980312,0.015683483519159897,-0.08702859124867933,0.0002805912155458815,0.5345432184723082,-0.0009933694151661207,-0.00892487228321416,-0.01676342046273702,-0.028344011084655136,-0.038599720813500625,0.00022722800327131993,0.00013957360927265526,0.00048460968878466797,3.155801274315385e-06,-0.00019585317976220237,-0.0023464173903698675,-0.0002915290908602735,-0.0005289256045015928,-0.0019224428914966494
64,0.0012251784602884063,0.05676985529877972,0.003650644129185238,-0.03260858399337171,-0.05518778730823641,-0.027285207018799086,0.15591618818165487,-0.07734364774939362,-0.01578080948505035,-0.023129977110641284,0.056979969606927736,0.02613777502640419,-0.03771281750358938,-0.052760773078372784,-0.0343440459677715,0.005559637213681712,-1.0018496516139689e-05,0.003691371566677096,0.001056257485624407,0.021474770819427717,0.007514961847796183,0.08280374659332812,-0.025643183160096138,-0.0014763886087780977,-0.000632203561597746,-0.0006283788316897276,0.0007384898787735758,0.0019914501518436298,0.00482128729652387,-0.0008857485089571408,-0.07361854698886879,-0.004900190374380103
65,0.0003228937299521793,0.0479837662218181,0.18997257651914867,0.18977350136797824,0.19311332847785517,0.011999759772922745,0.081490531995282,-0.1618589591274318,0.060544205207836266,-0.013013989953787292,-0.05139070147586894,-0.030159355597074,0.049911989995606545,0.08183498762662265,0.02514984626390445,0.04897229737143746,-4.051004657594148e-06,7.998507559173295e-05,-2.5791763706914966e-05,6.698878844185864e-05,0.0019986731235976454,-0.0001609326808322,-5.312445473316425e-05,0.012388895246989691,0.00013165245310972883,4.759224199453127e-05,0.00011106814116813381,-5.471185009331328e-05,0.00036693339151998647,-5.553726450387259e-05,-0.00043173449755187955,5.6691342362540136e-05
66,0.00022704892116626044,0.036179096910760405,-0.003130779741849635,-0.022280066859028527,-0.057768775184769326,-0.024769136700641365,0.26945096576629096,-0.08138909006582849,-0.03025096708868342,-0.0383015631017805,-0.004497206182726887,0.045470162334741986,0.011852594674356287,-0.1572239773590492,0.029117403171899106,-0.01948918038347533,7.016436334312684e-05,0.0008035303585855843,0.000833830168804542,0.016105668660009564,0.0026763311623004367,0.03463693307275614,-0.015859181949414575,0.0006811367710664776,0.0015337861427413215,0.00046582134340624116,-0.0012703499555252742,0.0013797975659222968,0.0014302021007076512,0.0006123901847050628,-0.024483031635104662,-0.005958834861604316
67,0.00041652582596244297,0.14721576488380403,0.11044787514908475,0.14020928780293587,-0.0688146816419924,0.0065801461034338225,-0.23947400541769914,-0.09378177662797996,-0.10437372593818864,-0.0426873603008706,0.044200852481910045,0.10299341127188084,-0.038886615613228814,-0.25863544421417983,0.08873935788697784,-0.2464219824257311,-2.8251914499490255e-05,0.006475845677502422,-0.0005385927214806458,-0.00016026104886598984,0.007054685034930647,0.001585238134143457,0.0026954844156006964,0.007219540978133288,-0.0008762804207843892,0.009834284155405812,0.0033854997578673836,-0.0011017378659289128,-0.0038703462678681627,0.006488220359756812,0.003637688093341981,0.010908492777982266
68,0.0020169575916149343,0.4237592649597683,-0.016193282589927152,0.006421226036252123,-0.19769887031921682,-0.01343208878730263,-0.05119393017185754,0.060226272267747245,0.09329529699104347,0.048511051320525966,0.22529784426595162,-0.05255693857614911,-0.22432952845012416,0.11640461430980198,0.01568348351915939,-0.08702859124867826,0.0002805912162610907,0.5345432184722168,-0.0009933694161089834,-0.00892487229161884,-0.0167634204515783,-0.028344011098189206,-0.03859972081230374,0.00022722798702640902,0.00013957360712670976,0.0004846097129307874,3.1558100897643735e-06,-0.0001958531818863166,-0.002346417381579233,-0.0002915290349987688,-0.0005289256093380062,-0.0019224428760016743
69,0.0006410977105659136,0.20283891860026884,0.10841121397423521,0.13252275793714738,0.09359550291813026,0.0013485328513026691,0.16272862726665085,0.54701992984004,0.017987767792664724,0.09157066392990759,-0.24915506171300736,-0.09756819303907852,0.2552110454264562,0.1703346315399331,0.015938989591185435,-0.22943285849056877,1.5863720762074963e-05,0.007852756008901205,0.0006001198338951257,0.02524286200350544,0.48284980329935967,-0.05424684186245448,-0.028147545139595005,-0.01449305951588968,-0.0030836859945082996,-0.07424532274888401,-9.150742441282826e-05,-0.0010907979708473913,-0.0010042909841013062,9.130090099148647e-05,-0.0011445387325564169,-0.11718076515345437
7,8.527016525179908e-05,0.033641798945474366,0.022983377744492793,0.028259631879642963,0.016642143882205328,9.311819539496861e-05,0.041984939587966646,0.14788687815041496,0.007727546629154361,0.027960912132795952,0.0651532773847768,-0.023719603887185522,-0.06920344347356158,0.05824102354782308,0.006525415034172579,-0.08111364608658826,0.0001621694733039619,0.0036589847325867227,0.00017843795701034737,0.004165144174350649,0.08423534228720207,-0.00992557099782135,-0.008609429045031192,-0.001032645725432,-0.0012465954309620307,-0.015231905132718895,-0.004783175972201101,1.7847314440106477e-05,-0.007821274465343668,0.016093515027292886,0.006630364115821715,-0.06419738890788054
70,0.002239747214738105,0.045268812429869285,0.3242258591700066,0.21341287577292353,0.31888790206862644,-0.017340962037556553,0.19208271074600114,-0.6472437750721308,0.21522401974829478,0.06177745110515906,0.02815307517718604,-0.20951887838064137,-0.02542606819550573,0.5858189618777441,0.9416174497144003,-0.09892327165039685,9.008224204109125e-06,5.00892704355135e-05,-2.008169352608607e-05,4.1356436924708e-05,0.0010225007517223176,-0.00014358773501761733,-0.00017112101438272677,0.02751943023228933,0.0003067702320774502,-3.532992920521976e-05,9.44088411217762e-05,5.5748307093405286e-05,0.00048465390188095754,-0.00011518843602960998,-0.0005123170026740707,0.00039311460593177943
71,0.0004468447470139834,0.1565947259345318,0.13647991389113875,0.16726711266097283,-0.05145672590236493,0.007975652162278218,-0.24961678794251907,-0.16173622040877025,-0.09882661706622953,-0.0498368568696131,0.04672839767445522,0.09992435554422471,-0.04506448205262054,-0.2467927608747963,0.18821673117209806,-0.3069356744762186,-3.877697809438095e-06,0.0029881917391318138,-8.8917935022837e-05,9.979038610416858e-05,0.002658154812104557,0.0007454148836189113,0.0018044806790599283,0.013371480591690332,-1.0906269189020111e-05,0.0029225513522450008,0.0005593161323274952,-0.0002329557359302911,-0.0003979406792603818,0.001068213600086793,0.0004323843688177521,0.0035204818194939664
72,0.0005849257064012635,0.11884950985162254,0.08436291672870841,0.11010136758030059,-0.06262522749623332,-0.0026084651865547984,-0.15110036804107738,0.20235518795338103,-0.20195439471856597,-0.00918396072153572,0.07900263972993946,0.13018023646560528,-0.0694674141382574,-0.2783875867597632,0.47264943591420017,0.8947263495296023,-8.200098947101051e-06,0.003375014754636022,0.00024921868672655523,0.000706878119383049,0.0018866002134921474,0.0004973076638686103,0.006706345065218041,-0.0033526099234549695,-0.0002656335915120563,0.0016921263832873083,0.0024236549143621887,-0.0029336801865040107,-0.0010956625677629368,0.003571756248390445,0.0018828117338198758,0.005116439535879907
73,0.0011833320399086177,0.32977541008122774,-0.04653147565528964,-0.030108105455409206,-0.16679907243003564,-0.02339617386500122,-0.0349582415377664,-0.14609470932029786,-0.06805041898603402,-0.026439865724673987,0.10229959963153758,-0.05556617348338202,-0.09540659206473516,0.26406663662184104,-0.16926724109501862,0.13376059260707746,3.412358337790703e-05,0.07822782716201902,0.0008120256348867849,0.0355134002232436,0.08346311356956239,0.39156348680054914,0.8104357341651509,-0.002249379481352892,-0.011920213186586912,0.004742652036624286,-0.0008771865157709562,-0.00389458573299459,-0.004243077629584712,-0.007029999229279021,-0.01894319511747753,-0.003522578776107749
74,0.00035201619088428665,0.10720889332078565,-0.04104310932547482,-0.039920584537825696,-0.0030093141403592593,-0.004843323900979473,-0.008063425439359196,-0.07669526086474697,-0.0016262390448294965,-0.0047034130479301495,-0.03697217743934839,-0.018212214808122986,0.03830834946635746,0.09596998245045786,-0.06947778600466875,0.05054514479049137,3.108213544376124e-05,0.004212049844643919,0.0002876628189709368,0.004551040599435064,0.003288592826650457,0.009168635397124626,0.009525788446009023,-0.00011383875171474614,0.001442937357988138,1.723899352559979e-05,-0.0003440676365207289,0.0007139842441248914,0.0010413838707445159,-0.00033452023059915516,-0.00026488758364407426,0.0020195540944560357
75,0.005185226338483805,0.484911479910242,-0.04067705692731348,-0.02866968684833863,-0.1987280890344345,0.021371333512843732,-0.07995950055178158,0.048155009381480186,0.48994986515184835,0.1274575410426375,0.17783792738500653,-0.07446821449645294,-0.20203400025332008,-0.015020802501789055,0.013957218270988808,-0.03618969573857941,0.00028956568205057567,0.5417316550832648,-0.0008614957544930694,-0.008327512710720932,-0.016383227450127526,-0.028127820233712186,-0.03883874110057518,9.481627797698145e-06,0.00025123512120778853,0.0007013746729130348,8.260546474424008e-05,0.0005775694326826213,0.004929571969496458,-0.0002261211109201362,-0.0005656158724853479,0.000305721655450593
76,0.0005218289039854473,0.13273446386467055,0.27539716621007565,0.29754931268499374,0.22675205143654475,0.020145244179021433,-0.0018297609751669747,-0.012201347153282284,-0.03317250170195874,-0.02347705302546896,-0.17282101282610704,0.04866109095224273,0.18602802354532094,-0.14721801363686954,-0.00794212375362164,0.09808737710408905,6.124411395605472e-06,0.0005637719101051247,-0.00021302843124667393,0.0008638189125722232,0.020119495219167595,-0.0022045330705372265,-0.0006276000203643001,0.009731401015576912,0.002078986774120658,0.053876530665442166,0.0005094016059855271,0.0014524540984820686,0.00537062802688515,-0.003468122675055153,-0.005801980507925382,0.0028184147719467565
77,0.004096526503759496,0.6348377746648102,-0.15788128606571258,-0.22586150968888585,0.11281504717796553,-0.05987172584615775,0.7722519625341284,0.33572309112729604,-0.14489591857787873,-0.01935269592694111,0.04657572104340956,0.05616324821417621,-0.03084955766034727,-0.2603911005732938,0.40374259535990775,0.12243317008405358,9.745591888604273e-06,0.008646676966297479,0.0006804880676545978,0.010173586635500196,0.027024363168921543,0.012591320240123488,0.0004574399308279703,-0.0013940584940432665,0.0006557929455152523,-0.004577741740259552,-0.0001720071122794886,0.0007342129432122344,0.0014830162762968372,-0.0009682951665085532,0.001224150969882213,0.0026848857692761286
78,0.0003173822608170978,0.1226457330127887,0.06784007577834353,0.09342610565670953,-0.10493471443455271,0.0005981159058598207,-0.24586902612913186,-0.07201191656016319,-0.12557520736335834,-0.03786371877756626,-0.005795885771301655,0.10486898103746561,0.012511231478731712,-0.2475617100905344,0.10766199591216322,-0.17733097584851581,-2.735571940623429e-06,0.004011497833027129,-7.985995120106595e-05,0.00029365690084104184,0.002318442284999079,0.00256832925521444,0.005332900621990106,-0.00017338112027544955,-0.0002556845872967121,0.002413484305092617,0.0006201554781664759,-0.00026104623671202397,-0.0006323619041337923,0.001707491895736487,0.0013608662570590308,0.0030920403418462257
79,0.002412635766988712,0.6368635130937527,-0.09652118399401169,-0.06706623329998329,-0.38225814956747517,-0.04450941476104354,-0.07916861766634681,-0.38018233246490907,-0.14648773089800646,-0.05793145108091739,0.021561068082054196,-0.1513651528800564,-0.029043334962750977,0.6999326335320246,-0.43517624098552626,0.3323930342640895,7.604680441847608e-06,0.020876197101305463,0.00022924775631631423,0.009788217426263299,0.022897051707651786,0.10807654004045843,0.2225597622804078,-0.0006177968900698242,-0.0032674760688657387,0.001300114571800245,-0.00025087498630825084,-0.0010719933358924873,0.001151609317635183,-0.0021340887218913446,-0.004139235211945001,-0.0010896812767052376
8,0.00018385181265180393,0.07276217130905904,0.04964913924621635,0.0610623110255661,0.035907598324643006,0.00017413257512456756,0.08997253065976438,0.31685284676788245,0.016355887814134808,0.05881938697209568,0.08170555492050018,-0.054040984873733766,-0.08652254287948984,0.12389620957788919,0.011087203608833612,-0.16836542214339148,2.697202075889277e-05,0.0033028153932462842,0.00011483555913012083,0.006076412698026784,0.12869381192271537,-0.01539057861000866,-0.008548436370816303,-0.003743032731228855,-0.0010462322212630025,-0.021798507374639335,-0.000602799501581783,-0.0005582484739975815,-0.0012914141394256217,0.0026954767850679217,0.0004910000448106987,-0.04911466413414467
80,0.0008636885880068152,0.18364444325622992,0.1253802052665722,0.16525232515577304,-0.11076375158370931,-0.004876052224091183,-0.24784451519703363,0.3018924658628495,-0.3176449544290817,-0.01448560610013755,-0.005879662298835478,0.20235174590735275,0.020878982354293227,-0.43685981592055817,0.7447268548677672,1.3535557423320355,-2.181449154153663e-06,0.0017538200764990748,0.0001002092638141418,0.00037680008684944603,0.0013420666628462482,0.00038441953755894174,0.002872822643646092,-0.0013133639343896068,-7.382724901324374e-05,0.0007693370418147664,0.0009338209135744463,-0.0010619694923932016,-0.00041141515366741694,0.0014165429207385592,0.0007506911622802144,0.0023962110394928123
81,0.00031166517306171365,0.06406004641448627,-0.01561833384964301,-0.03459492069952802,-0.05726438745217838,-0.026212729072371474,0.2608254778060556,-0.11025783992933694,-0.030355381089904373,-0.041271539668914364,0.026990052158030933,0.03837657201741458,-0.016323616101296377,-0.1172788751705261,-0.007662773109696048,0.01073005917129339,1.5826248456512905e-05,0.001099861835102033,0.000574821674557373,0.011969898580744057,0.003071450483082979,0.02902087016690406,-0.004242840333892125,-0.00031536739672127805,0.00022121188680796272,0.00018866782168671048,-0.00025831196666842266,0.0009562273334938971,0.0007264180110802124,5.8001271519332844e-05,-0.021981942304855322,-0.0023497859737082317
82,0.0015258192676786098,0.10948581606825153,0.005831931098110784,-0.05126288962852594,-0.15683480422834434,-0.05838025252760794,0.484065002141885,-0.17627220055694767,-0.04730838561217977,-0.07200951719233435,0.07034789302300928,0.06682196644346736,-0.04755155784815639,-0.2274812940844688,-0.024572228646255623,-0.016887611642088553,1.1326224259472639e-05,0.005551249639449889,0.0023187368838133594,0.06446546264503974,0.017032374262789373,0.2632150097457588,-0.13456006682743368,8.694406898154523e-05,0.005123567435537748,0.002636963308297823,-0.0002242384995019554,-0.0006384742274818043,-0.0015094555995049455,0.011640128333006466,-0.2672580224740923,-0.0065649704168130535
83,0.0016600066208597704,0.1148505570938368,0.03324049001782633,0.0029961993497131002,-0.04437233251154915,-0.02523551194861947,0.1850466541421457,0.16238906516810855,-0.015233279412365767,0.022575302388370726,0.13658854182453553,0.003965752818932394,-0.11674335143065923,-0.00807799467291112,0.09599190432166746,-0.023941111675222858,2.6655024317034167e-05,0.009070637149177102,0.0008408936411784212,0.013192695831346846,0.08988726982567727,0.004321506931888135,-0.008279800606449915,-0.0025773681140992015,-0.00034595273864328175,-0.014263632523112845,7.672031318979952e-07,-0.00021915729297038985,-0.0003615474382379284,0.0011780493127920475,0.003965751240991243,-0.02937846064101555
84,0.002876959887145343,1.095358220060753,-0.9097455505000813,-0.93477546156634,1.6411376121217272,0.0885273725566892,-0.18559979256118356,-0.1986779230571893,-0.19361560104539616,-0.09036064899317192,0.05983323051292259,0.12788071885126392,-0.05171996436999724,-0.2816795351264616,0.0592436788514117,-0.007951404141563808,-1.8262480906033873e-05,0.005611146473177352,5.7358227258273325e-05,0.0015094015485990974,0.004954124885044619,0.0039353506391392006,0.005678933957936858,9.244525610459718e-05,-0.00010116688615499751,-0.0005860744049751489,0.00039055962171011586,0.0002585603937500108,0.000412350624383562,-0.0011609475667409685,-0.0012984008916860543,0.009412982757682153
85,0.0016768255267216137,0.4942501854771796,0.42151711850795903,0.5154164175689308,-0.057204748712587614,0.027636953439297045,-0.5429540161919513,-0.03968829799139952,-0.23625054298050535,-0.0835058354484263,-0.3119356873818685,0.22728839093391062,0.33506460167381,-0.6764425437136543,0.1619203116737337,-0.5288517181169324,1.0309089645251712e-05,0.0038651310412948243,-4.854239814773088e-05,0.0017763586534247128,0.041270641279124394,-0.004751371223812077,0.00017936534173916096,0.015154920188944739,0.0010198034028299457,0.1412304378396438,0.0012438240613004436,3.343634394737156e-05,0.0009277119601235278,0.000287869908012196,-0.0007525502609602594,-0.0001391050459516247
86,0.00032185127739491195,0.05796883024240672,0.14547836517044144,0.14914665963923535,0.1124643098416255,0.0079497628980775,0.00691775417670417,-0.057085403999560386,0.010129479440229402,-0.00613331094639943,-0.10396248602402022,-8.550858517473309e-05,0.11051779763233038,-0.02232060894250533,0.03293375945792719,-0.03546655354602469,-4.338556322708232e-06,0.0008787892260360621,2.259154647696496e-05,0.0036475885645410534,0.09854773909551613,-0.015376328927051958,-0.005772420820607497,0.036944500415556476,0.0001941415013072018,0.38181579922972625,0.0022492991257893726,0.00012088733499042469,0.0015447957650700892,-0.0011401752132771596,-0.0018833763226600224,-0.0068908124482698835
87,0.0008478449121264607,0.11981656794776215,-0.0033485821357952215,-0.044852296106470166,-0.1606925966017116,-0.05325638889924943,0.5271511954835424,-0.1443894674116316,-0.051613462103179894,-0.07213381637053962,0.08092864362375254,0.06594719231017904,-0.08050685087269249,-0.24340794905076144,0.01562702737409413,-0.01757690604791482,-2.3442684703186245e-06,0.0029925805666512536,0.0035882215852275343,0.05504725720472577,0.0050858496529426495,0.043365810470834966,-0.02175490632478489,-0.0006469574448422037,-0.001871324466567997,0.0012614661422161461,-0.0007048685241341054,-0.00041307064520574666,-0.002695097908026987,0.007284984724330611,0.026536055613752912,0.0031897807595532702
88,0.0008076769420746943,0.24590638739294446,-0.03793831747222995,-0.02434130229512125,-0.11165343862793975,-0.013610764586065088,-0.05979653417352513,-0.09006773472731212,-0.018289285913727315,-0.0026125350281391946,-0.10738949253218405,-0.03774805727235219,0.1027608697835958,0.1542050059201629,-0.0694267607447918,0.02676179894552837,6.503605006719147e-05,0.016620961408475077,0.0003092501757457584,0.0057519921883511065,0.004844674672841962,0.012040249776451652,0.007775311832955803,-0.0004739851899446382,0.003426216109802407,0.0006797172026422158,-0.00018792872317418118,0.00012153550111066027,0.0013959492941796397,0.0032053452215272554,0.002535432426979282,0.003870534734227529
89,0.0006394286128863697,0.1209340669196035,0.027850303414975585,0.03769526944405677,-0.0609595264348005,-0.010985787666515427,0.01987200758408184,0.15914796796912928,-0.10675249197537703,0.002728480064626314,0.014765448084571878,0.048793145033589905,-0.005325927176692488,-0.10668283256675831,0.2803896415452756,0.4291013691835689,9.16503247839549e-06,0.0070955953786109695,0.00011375866979035658,0.001815781659635606,0.003624080080346615,0.002151850098259173,0.001636209095850195,-0.0004922101707890494,0.0002946312209586528,-5.3053792821698844e-05,8.919407680930166e-05,0.00011100481006954215,-9.966885027112426e-05,0.000506307627587758,0.0003556257486266697,0.0009156745692674841
9,0.0006745726530093255,0.22153068533446096,0.1303946697346965,0.15957757611585333,0.09004450213605486,0.00033195135167313276,0.20497931907606998,0.6983142413455232,0.034873354500570504,0.12273087854250285,-0.28707948190686294,-0.1393095305190949,0.2937071394501443,0.2591923221706915,0.010734162696807091,-0.3175394848991156,1.0153128823285082e-05,0.004510919707607262,0.0003176104974813939,0.014522532993947925,0.2852286450591863,-0.032417484917504354,-0.016836845233671256,-0.008565505072820312,-0.0019005348113036162,-0.04452520873062333,-1.9013925988672915e-05,-0.0008311915407982512,-0.0005864296578204659,0.0004187320753881607,-0.0006924758067921059,-0.0761286759034851
90,0.00025201814596694774,0.0865147664697317,0.15554089919880873,0.17714717425845927,0.1129078328798731,0.012133583379856705,0.020557447453870153,0.008253630852589004,-0.023029984052914374,-0.02370641439217677,-0.07645497109850233,0.026576442657078488,0.08123694391350983,-0.054905501252793316,-0.1728103110847325,0.26051674205262815,3.4810596200533157e-06,0.0009652694547990549,4.725888039212731e-05,0.0008539609270670399,0.0030929397863417676,0.0029700921251112557,0.006492059212705787,0.00029818864211502853,-9.412731088567484e-05,0.0004081547904593184,-6.730591297572976e-05,1.2805767961530104e-05,-7.981184012001171e-06,0.0004721430402161838,7.108968647195646e-05,0.0003694251664678446
91,0.00025691000631440614,0.08583705182293254,0.102918183063338,0.12131476276919163,0.010513722140292097,0.007172750954063589,-0.11228874410820644,-0.021767088363643987,-0.04910445679895739,-0.017709786626110696,0.09420756579460168,0.06614886661228706,-0.09817241357739206,-0.1608030718664953,0.056975297963158866,-0.15994025011302831,-2.1849896947956523e-06,0.0026323686897322526,-1.6337508766276686e-05,0.00042494808913783586,0.007698372481331316,-0.0006104467712970287,-0.00022459486643641458,0.0009664930781875835,-1.660470197028043e-06,-0.0004340645709385131,0.00021234133467379533,-0.0001384424182579485,0.0001937488910329155,0.0001416534054904012,-0.00011211830912182287,0.0004427170969481237
92,0.001195053105963849,0.31455992546536776,0.11262181578182742,0.13959192227932318,0.045320561575695355,-0.01041094345442131,0.23679814550237696,0.5628555849814064,-0.006078066604734245,0.08969420376356108,-0.17662592937392524,-0.11595489394582616,0.1859609829930288,0.2572202996226669,0.0030597573128204603,-0.11106391792166569,1.1609229379146333e-05,0.0096066504671945,0.0007257374874017843,0.022586973369573042,0.3624707059465799,-0.032975372148987,-0.01832637101514106,-0.011261622935002612,-0.002037010501580564,-0.05706780574156074,-0.0019948721123210036,0.0014989101757087806,-0.003265799519158692,-0.0006357602096275725,-0.0007889737111676264,-0.09824969245990847
93,0.0002012419554276182,0.047217167097143985,-0.004101299382237103,-0.013545337670666553,-0.06680462601006265,-0.017755373617854182,0.16966500755737668,-0.07460142055629185,-0.014702299714131053,-0.028431638236058102,0.026890430224541687,0.01262537647691144,-0.02665618866515982,-0.06189538884379081,-0.02732216799696678,0.0006928671443191861,-2.1923881419137855e-05,0.009541867360487642,0.003772429705927267,0.12767620741264948,0.03319804910795751,0.5778592291886442,-0.30688387565496045,0.0019775601087898952,0.014312511077814071,0.007492665292615821,-0.0007718782424290049,-0.005258322119803063,-0.011778257558127819,0.02936075516753108,-0.6205864076699343,-0.001994344470484445
94,0.0008568110232432467,0.17549748138203636,-0.013803045969750077,-0.03169222027941208,-0.16641065700540617,-0.03764758826649382,0.2966875014392591,-0.13543637522631102,-0.02288084339268996,-0.04405799312452414,-0.13444947355913905,0.0029514697193572695,0.13223128019334165,-0.05343917042517418,-0.05115437671266269,-0.0026952240550315353,1.1017733753577332e-05,0.011116629514795159,0.0076839854485174644,0.17991124850305368,0.035476800303438034,0.5214368523773628,-0.2581811248059656,0.002687516284809291,0.013422340012120539,0.004466152061405188,0.0010622999511580584,-0.000532485370177091,0.0035059328515394954,-0.04219202184446314,0.6827558653013257,0.018028835807726483
95,0.002262336349371757,0.6801429430417155,0.07259641008614158,0.13505316597718392,-0.35047616234567225,-0.027045585576674865,-0.3044450445702407,-0.33706294705332585,-0.17735181320067758,-0.08005871601200566,0.052358263125646724,-0.007260251683099118,-0.02640393478751598,0.2321812313523544,-0.3963573267880941,0.05236053044135368,3.6879150772857866e-05,0.02007738717974124,0.00015340325093617595,0.007041127737580974,0.01772058726252479,0.0768470541727298,0.15846710812155906,0.00033594426686221984,-0.002681311194744112,0.001529464008395553,-0.0008792270862157191,-0.0008238414273179608,-0.001515423885984489,0.0017185139042145167,-0.0012542253670452816,-0.0001198773570185386
96,0.0009943736887583047,0.2108836680467503,-0.017173314583079566,-0.03946073284821568,-0.2095052761821645,-0.04790320460013488,0.3833468072013198,-0.17738495635790172,-0.030171374125305676,-0.05833101840323521,-0.11662547100108911,0.005866301777484505,0.11418929162871862,-0.07184687959692285,-0.07115538583957703,-0.00016182787913681176,5.140104050982277e-06,0.007998019157447876,0.004766246686211003,0.11463086857133016,0.022895028788011425,0.33947146718067756,-0.16711688092404436,0.0017856380736520352,0.008798573684067189,0.0028725170061234687,0.0007361611850271531,-0.0003358490032012243,0.0024401099982444465,-0.02866772201968818,0.4607032922287856,0.012202314914841524
97,0.002489266353982498,0.49246064261681827,0.17998370379914935,0.25658196507977593,-0.3584958621550096,-0.00957582889842606,-0.5850579932005864,0.08756866379032262,-0.3977417382447898,-0.058423072854810486,0.01199483946444245,0.265542553292791,0.022123832875822105,-0.557050554979755,0.6433065656037253,0.589622755249011,3.373950079375278e-06,0.007759799620597723,9.017586890557554e-05,0.0007746363326383607,0.002680203496707026,0.0035998339233337855,0.008168500385235146,-0.0008367171886979757,-9.440096969188972e-05,0.001152531322552036,0.0007641758192697384,-0.0007996437642175322,-0.0004405773956373572,0.0014241624157391014,0.0013345460537668922,0.003271617878010103
98,0.00023354892533965568,0.056737685237479143,-0.005100312839770589,-0.016868271250142335,-0.08412039711625957,-0.02257398598532101,0.2193344802747026,-0.09759543270443997,-0.01928954242944745,-0.03738790514013628,0.02331255013271742,0.01636654487920295,-0.02329804632244599,-0.08249989117626348,-0.036321169007504574,6.197418752135143e-05,-1.6932389221782293e-05,0.00580246680864238,0.002368642327325715,0.08182415262257314,0.0215456449646965,0.3769659658001904,-0.2009075875698149,0.001323418522072137,0.009436229556897203,0.004887907551186019,-0.0005063578968200111,-0.003549427207223126,-0.008012258013619055,0.019654234458066355,-0.4169690108681871,-0.0010202339511267463
99,0.00032001335784890623,0.108357920296197,0.11511259797846884,0.13634989020964097,0.02086047750229319,0.006980009122597618,-0.08296903001822574,0.0633167391455675,-0.04258374385128812,-0.0012541314456358385,0.14772121557922785,0.051218663875610644,-0.15438333580572727,-0.121998138598162,0.05786853936963258,-0.1923447108208296,-2.4768608306555234e-06,0.003965317757414272,-2.082385715340816e-05,0.0006064890370410477,0.01096876393397099,-0.0009184382944160386,-0.00037583834615300023,0.0012657651042361035,-5.681754388883966e-06,-0.0007118706755301735,0.0002741591501095672,-0.00018257198515434344,0.0002457047545233473,0.00020346644654319225,-0.00016760218695173972,0.000966097532069565
