node_id,embedding_0,embedding_1,embedding_2,embedding_3,embedding_4,embedding_5,embedding_6,embedding_7,embedding_8,embedding_9,embedding_10,embedding_11,embedding_12,embedding_13,embedding_14,embedding_15,embedding_16,embedding_17,embedding_18,embedding_19,embedding_20,embedding_21,embedding_22,embedding_23,embedding_24,embedding_25,embedding_26,embedding_27,embedding_28,embedding_29,embedding_30,embedding_31,embedding_32,embedding_33,embedding_34,embedding_35,embedding_36,embedding_37,embedding_38,embedding_39,embedding_40,embedding_41,embedding_42,embedding_43,embedding_44,embedding_45,embedding_46,embedding_47,embedding_48,embedding_49,embedding_50,embedding_51,embedding_52,embedding_53,embedding_54,embedding_55,embedding_56,embedding_57,embedding_58,embedding_59,embedding_60,embedding_61,embedding_62,embedding_63
0,-0.08200962841510773,-0.038010936230421066,0.43880271911621094,0.7228707671165466,0.6452478766441345,-0.20837752521038055,0.04152851179242134,-0.5721793174743652,0.16176483035087585,-1.0594205856323242,-0.23537124693393707,0.6341111063957214,-0.423056036233902,-0.047667309641838074,-0.19137229025363922,0.20620593428611755,0.2148786187171936,0.09245291352272034,0.2463316172361374,-0.8664059042930603,-0.15936653316020966,-0.5992025136947632,0.6076266765594482,-0.11118999123573303,-0.4170001447200775,0.5351333022117615,-0.12794527411460876,0.3915809392929077,0.4400772154331207,0.2810409367084503,-0.14919103682041168,0.056454434990882874,-0.6776653528213501,-0.25588011741638184,-0.573147714138031,-0.5209271907806396,1.1160385608673096,-0.4535721242427826,0.06765511631965637,-0.0009690672159194946,0.1778864711523056,-0.1749935895204544,0.32129549980163574,-0.8622236847877502,-0.09426902234554291,1.0503311157226562,0.9007660746574402,-0.0538017600774765,0.31729215383529663,-0.3365168273448944,0.12385175377130508,-0.31202468276023865,0.3565905690193176,-0.5460136532783508,1.4418144226074219,0.5753985643386841,-0.06608466804027557,-0.8373047113418579,-0.08980002999305725,-0.15462200343608856,-0.5591669678688049,0.014578555710613728,0.17617033421993256,-0.04176059365272522
1,-0.2103777378797531,0.07866713404655457,0.6779298186302185,0.820351779460907,0.7873439192771912,-0.3260710537433624,0.06382797658443451,-0.7103375196456909,0.0674738734960556,-0.7543719410896301,-0.18879495561122894,0.6976487636566162,-0.19429561495780945,0.30885764956474304,-0.29323315620422363,0.24741187691688538,0.10560334473848343,0.2244943231344223,0.213385671377182,-0.5941570997238159,-0.22806371748447418,-0.5904977321624756,0.6546548008918762,-0.2810823321342468,-0.652147650718689,0.38318654894828796,-0.2933913469314575,0.4317213296890259,0.5759976506233215,0.2545619308948517,-0.14445030689239502,-0.0539160892367363,-1.0093214511871338,-0.4110088348388672,-0.9260847568511963,-0.4778660535812378,0.9501212239265442,-0.5115215182304382,0.17343270778656006,0.04830891266465187,0.337814062833786,-0.29142868518829346,0.28619086742401123,-1.0622285604476929,-0.18884782493114471,1.1126948595046997,0.6396346688270569,-0.1355561912059784,0.38582879304885864,-0.42582499980926514,0.10892104357481003,-0.5231069922447205,0.4227207899093628,-0.9207376837730408,1.6905133724212646,0.43716946244239807,-0.1413024663925171,-0.8612611293792725,-0.21626701951026917,-0.037481218576431274,-0.5592055916786194,-0.15532392263412476,0.2673494219779968,-0.22772878408432007
10,-0.2987211048603058,-0.2639184892177582,0.298895001411438,-0.0014173490926623344,0.3474864959716797,-0.6029412746429443,0.20813852548599243,-0.7838487029075623,0.2594282329082489,0.23437345027923584,0.5057555437088013,0.01923166960477829,-0.3538341224193573,0.48752397298812866,0.4199562072753906,0.7288842797279358,-0.8448663949966431,-0.5544576644897461,0.09162911772727966,0.2379576861858368,0.27440178394317627,-0.0904669389128685,0.581508457660675,0.08618220686912537,-0.2722596228122711,-0.1756775677204132,-0.0368523970246315,0.15450960397720337,0.0387706384062767,-0.0040924022905528545,0.05813905969262123,-0.5169532299041748,-0.42113196849823,-0.5245229601860046,0.08094389736652374,-0.8129342198371887,-0.21416789293289185,-0.43789544701576233,0.6521731019020081,-0.2279023826122284,0.5336916446685791,0.033411283046007156,0.1382589340209961,-0.10776808857917786,-0.47541677951812744,0.3750183880329132,0.40965020656585693,0.3734235167503357,0.3610076308250427,0.8348879218101501,-0.5315876007080078,-0.5869068503379822,-0.11502017825841904,-1.0686205625534058,0.48254621028900146,-0.42086169123649597,0.06318580359220505,-1.0662459135055542,-0.17760717868804932,0.7649512887001038,-0.4328590929508209,-0.2838783264160156,0.007930824533104897,-0.8351014256477356
100,-0.04712681472301483,-0.359755277633667,0.06784461438655853,-0.11787882447242737,-0.11032961308956146,0.1248699203133583,-0.10370883345603943,-0.12456978112459183,-0.10982847213745117,-0.04587649181485176,-0.038027361035346985,0.0035088742151856422,-0.1254960298538208,-0.18548771739006042,0.2775973677635193,-0.16449885070323944,0.04149501770734787,-0.03940999135375023,-0.07112421095371246,-0.045092321932315826,-0.022363560274243355,0.21941521763801575,0.23192818462848663,0.012723580002784729,0.04568082466721535,0.3953278362751007,-0.2975166141986847,-0.008350135758519173,0.11690999567508698,-0.14091722667217255,0.09331733733415604,0.09998934715986252,0.3316996097564697,0.0637502670288086,0.08393141627311707,-0.24416615068912506,0.160081148147583,-0.13330136239528656,-0.02264680154621601,-0.17689630389213562,-0.032055433839559555,0.0949491485953331,0.2699328362941742,0.25114595890045166,-0.010196700692176819,-0.025570403784513474,0.3702215254306793,-0.05297384411096573,-0.18627692759037018,0.4562843143939972,0.047965310513973236,0.09423531591892242,-0.26395025849342346,-0.21004752814769745,-0.13680356740951538,-0.06842708587646484,-0.1658196896314621,0.022851411253213882,0.2789600193500519,-0.0769183412194252,0.14892612397670746,0.35026124119758606,0.03590858355164528,-0.14838160574436188
101,-0.0924382209777832,0.07478611916303635,-0.10618825256824493,0.31318390369415283,0.25890666246414185,0.08826693892478943,-0.1276605725288391,0.07832024246454239,0.021698372438549995,-0.24067813158035278,0.2728714048862457,-0.40757548809051514,-0.22037383913993835,-0.3998144268989563,0.052226558327674866,-0.011447494849562645,-0.09634745121002197,0.20314301550388336,-0.018120044842362404,0.09847193956375122,0.21188268065452576,0.24775870144367218,0.25701195001602173,0.120454341173172,-0.19570735096931458,-0.26142221689224243,-0.30052077770233154,0.013265111483633518,-0.05111876130104065,-0.31788310408592224,0.027130749076604843,0.2537468373775482,0.16631384193897247,0.19314420223236084,0.18106843531131744,-0.02962150052189827,0.2701844573020935,-0.04204581305384636,0.11928880214691162,0.2017277032136917,0.2379463165998459,-0.0854312926530838,0.05549643188714981,0.3225906789302826,0.06558248400688171,0.22400310635566711,-0.03417283296585083,0.40506306290626526,-0.019887741655111313,-0.14667223393917084,-0.196912482380867,-0.06446444988250732,-0.31096896529197693,-0.3954944908618927,0.0636816918849945,-0.3077157735824585,0.22451187670230865,0.11893017590045929,0.3065103590488434,0.2623123526573181,0.058491289615631104,0.0017408772837370634,0.18142233788967133,-0.3426518142223358
102,-0.29532909393310547,-0.207522913813591,-0.3155375123023987,0.026898570358753204,0.3307889699935913,0.04646749049425125,0.15269379317760468,-0.2749064266681671,0.10723245143890381,0.42228808999061584,0.4575004279613495,-0.32559508085250854,0.11214423179626465,-0.4322608709335327,0.1901179701089859,-0.00838848389685154,0.1417752504348755,-0.18034057319164276,0.022115692496299744,-0.31420934200286865,0.26155996322631836,-0.2582736611366272,-0.1749984323978424,0.29859548807144165,0.13781540095806122,0.5996394157409668,-0.2250756323337555,-0.14635354280471802,0.07923950999975204,0.11338638514280319,-0.21159131824970245,0.04059745371341705,0.15595059096813202,-0.02422136813402176,-0.05028992146253586,0.0024785250425338745,0.15906378626823425,0.244713693857193,-0.11640288680791855,0.03554528206586838,0.1384604424238205,-0.01404361892491579,-0.09391278028488159,-0.29838865995407104,0.16242364048957825,-0.2868883013725281,0.19382837414741516,-0.18565744161605835,-0.5932657122612,-0.08825314790010452,0.21155843138694763,-0.34137189388275146,-0.09332189708948135,-0.13332416117191315,-0.2222457230091095,0.19539812207221985,-0.03636414185166359,0.2842361629009247,0.18467392027378082,-0.3220812678337097,-0.0679820254445076,0.1507723182439804,-0.34798339009284973,-0.1523543745279312
103,-0.023272335529327393,0.3194710314273834,-0.01876230165362358,0.18131348490715027,0.012972710654139519,-0.11723236739635468,-0.2343284636735916,-0.04782044142484665,0.028720052912831306,0.11459679901599884,-0.0232378039509058,-0.1294921189546585,0.1304294615983963,0.07458900660276413,-0.30674654245376587,0.1016424298286438,0.15033505856990814,0.12707610428333282,-0.09612344205379486,-0.1382640302181244,-0.04150784760713577,-0.26324132084846497,-0.06966155767440796,0.03389878571033478,0.02146129682660103,-0.0126531682908535,0.012602725997567177,-0.10370907187461853,0.21466398239135742,0.020999908447265625,0.0392787903547287,-0.05634055286645889,-0.34559303522109985,0.173428475856781,-0.27515652775764465,0.19947658479213715,0.012402609921991825,0.03262931853532791,0.06338663399219513,0.14214499294757843,0.08369539678096771,-0.03604915365576744,-0.2625125050544739,-0.1406240165233612,0.03966483101248741,0.12125352025032043,-0.06347427517175674,-0.045830026268959045,-0.1146034374833107,-0.2619362771511078,0.0804569348692894,0.03462103381752968,0.13234584033489227,-0.037895236164331436,0.0030347155407071114,-0.053548939526081085,-0.1418459713459015,0.31211966276168823,-0.028124867007136345,0.04658319056034088,-0.027958588674664497,-0.27709275484085083,-0.09452608227729797,-0.027802860364317894
104,-0.017063088715076447,-0.5034930109977722,-0.33810508251190186,-0.16349907219409943,-0.3831850290298462,-0.20008903741836548,-0.3397239148616791,0.3339868485927582,0.14467638731002808,-0.16411180794239044,-0.14351072907447815,0.3522944152355194,-0.1545237898826599,-0.22242596745491028,0.00964698288589716,0.261681467294693,-0.10690438002347946,-0.07962629199028015,0.23218747973442078,-0.46803340315818787,0.18637697398662567,-0.047967955470085144,0.026503805071115494,0.45845067501068115,0.4691721796989441,0.2609526216983795,0.12929721176624298,-0.21392999589443207,-0.11464846134185791,0.517880380153656,-0.012528970837593079,-0.433991938829422,0.3761695325374603,-0.3948701024055481,0.046923957765102386,0.14165256917476654,0.08936003595590591,0.7388821840286255,-0.03981594741344452,-0.027179080992937088,-0.21069899201393127,-0.037605170160532,-0.11919191479682922,0.48366600275039673,-0.11513230204582214,0.09744688868522644,0.1598893404006958,0.4244261384010315,1.9676052033901215e-05,0.043860241770744324,-0.03927787020802498,-0.3555687367916107,-0.2874261736869812,0.378944456577301,-0.47717663645744324,0.3616429269313812,0.30662715435028076,0.17582392692565918,0.45618391036987305,-0.20546799898147583,-0.46495190262794495,-0.41046375036239624,-0.2400171011686325,0.06224668025970459
105,-0.18740710616111755,-0.10252392292022705,-0.15846477448940277,0.07427669316530228,0.3178383708000183,0.02962568588554859,0.24065624177455902,-0.26692476868629456,0.029190339148044586,0.30407121777534485,0.36404138803482056,-0.12248316407203674,0.07730445265769958,-0.3057260513305664,0.0812339335680008,-0.11916167289018631,0.15353983640670776,-0.1328190118074417,0.11856716871261597,-0.16042989492416382,0.16291438043117523,-0.24658028781414032,-0.03830892592668533,0.14485089480876923,-0.02312028780579567,0.45627737045288086,-0.3273536264896393,-0.06755758821964264,0.14880231022834778,0.0037176660262048244,-0.24613481760025024,0.13666272163391113,0.05755673721432686,-0.04425980523228645,-0.21802514791488647,-0.040368176996707916,0.18253549933433533,0.22032958269119263,-0.13006465137004852,0.1152070015668869,0.024221260100603104,-0.08276128768920898,-0.04278024658560753,-0.2674245238304138,0.019641753286123276,-0.2572009563446045,0.11510694772005081,-0.034343913197517395,-0.4054553508758545,-0.2956167161464691,0.2643769681453705,-0.332986980676651,-0.119671531021595,-0.2350914031267166,-0.062431082129478455,0.22763431072235107,-0.022104039788246155,0.2182111293077469,0.1049831211566925,-0.26439541578292847,-0.1604086011648178,0.11884815245866776,-0.1935080885887146,-0.12166520953178406
106,0.061857014894485474,0.027327220886945724,-0.1634531170129776,0.369827002286911,-0.011107859201729298,-0.014906702563166618,0.1497250348329544,-0.03628666698932648,0.09239353984594345,-0.11501610279083252,0.03156008571386337,-0.0601683184504509,-0.015589462593197823,-0.5240949392318726,0.027396271005272865,-0.09660527110099792,0.04429043084383011,0.3693353533744812,0.08848309516906738,0.02550731599330902,-0.04100518673658371,0.03565393388271332,0.0015177326276898384,-0.16423861682415009,-0.17041580379009247,0.0922117829322815,-0.11877664923667908,-0.32218998670578003,-0.18801194429397583,-0.06061754748225212,0.36560624837875366,0.24050480127334595,0.1590108424425125,0.015418611466884613,0.2694358229637146,0.05727348476648331,0.6496089100837708,-0.14157819747924805,-0.19773168861865997,0.035157009959220886,0.22581161558628082,-0.01800200715661049,0.39622989296913147,-0.08648829162120819,0.4693632125854492,0.16435804963111877,0.22450512647628784,-0.09626151621341705,-0.0030274121090769768,-0.14617566764354706,-0.20121324062347412,-0.03731679543852806,-0.11626765877008438,0.05751451104879379,0.5331487059593201,-0.24104507267475128,0.31062573194503784,-0.2756941020488739,0.12246129661798477,-0.2659054398536682,-0.09788130223751068,0.15270595252513885,0.03595460578799248,-0.12108851969242096
107,-0.11773325502872467,0.0956074595451355,0.11770801246166229,0.4728173315525055,0.29190048575401306,0.07635104656219482,-0.41189485788345337,0.1159396842122078,-0.08553353697061539,-0.045087892562150955,0.09398993104696274,-0.2370121330022812,0.4580685794353485,0.09449592232704163,-0.28765636682510376,0.048179805278778076,0.35564789175987244,0.04069292172789574,-0.15420541167259216,0.015830572694540024,-0.07618697732686996,-0.09667026251554489,-0.06774776428937912,0.21337644755840302,-0.01632220298051834,-0.23888228833675385,-0.49929332733154297,-0.003146834671497345,0.34263885021209717,0.33320537209510803,-0.3273301422595978,0.11118166893720627,-0.10330134630203247,0.08670085668563843,-0.5240258574485779,0.3921414017677307,0.19419416785240173,0.4431387186050415,0.09183391183614731,0.4451521039009094,0.043151628226041794,-0.11412505805492401,-0.5813620686531067,0.0031692832708358765,0.22607825696468353,-0.03207143768668175,-0.514244019985199,0.07971449941396713,-0.4770001769065857,-0.4643668830394745,0.2924010157585144,-0.08242419362068176,-0.12996184825897217,0.21071206033229828,0.01009667944163084,0.1183558851480484,-0.017592528834939003,0.6765720844268799,0.23575371503829956,-0.018568051978945732,-0.19371554255485535,-0.14444415271282196,0.23906365036964417,0.1537095308303833
108,0.05213509500026703,-0.02711055800318718,-0.25418418645858765,0.049242209643125534,-0.5170380473136902,0.005835948511958122,-0.41644105315208435,0.08826295286417007,-0.2616863548755646,0.13383981585502625,0.08697345107793808,-0.1613684743642807,0.10032527148723602,-0.15723742544651031,-0.3618428111076355,0.46790751814842224,0.4028286933898926,-0.16980186104774475,0.10966673493385315,-0.13858287036418915,0.3638632893562317,-0.03149045258760452,0.03566818684339523,-0.01670854538679123,-0.11552073061466217,0.4147108793258667,0.06915593147277832,-0.13636928796768188,0.3602921664714813,-0.3109617531299591,0.28818199038505554,0.1259128451347351,-0.19730119407176971,0.40084636211395264,0.011715678498148918,0.12076275050640106,-0.40305382013320923,-0.27361923456192017,-0.18527115881443024,0.19921085238456726,0.10103490948677063,0.2856733798980713,-0.40870964527130127,0.016902025789022446,-0.16352806985378265,0.25894078612327576,0.575937032699585,-0.0863889753818512,-0.18105611205101013,0.22973932325839996,0.28888049721717834,0.43807893991470337,0.15601108968257904,-0.239401176571846,-0.40020155906677246,0.23766836524009705,-0.529187023639679,0.34907546639442444,0.37176036834716797,-0.0578596331179142,0.2501790225505829,-0.11561618745326996,-0.16994750499725342,-0.25070810317993164
109,-0.07402248680591583,-0.2619469463825226,0.13179175555706024,-0.1987685114145279,-0.1582040786743164,0.08008524775505066,-0.21758083999156952,-0.18659016489982605,-0.20735974609851837,-0.11674892902374268,-0.09461802989244461,-0.11906609684228897,-0.21805784106254578,-0.15896204113960266,0.24082143604755402,-0.10206340998411179,0.1595325469970703,-0.0016036778688430786,-0.07673965394496918,-0.17274022102355957,0.06188108026981354,0.15427862107753754,0.19953179359436035,-0.04337860643863678,0.08545917272567749,0.43503785133361816,-0.22424937784671783,-0.010833637788891792,0.09731602668762207,-0.20896439254283905,0.28060925006866455,0.07013396173715591,0.11050885170698166,0.1908338963985443,0.06949274986982346,-0.15924106538295746,-0.1061829999089241,-0.11042258888483047,0.2653942108154297,-0.22678713500499725,-0.06895266473293304,0.08226758986711502,0.05822106823325157,0.2728770971298218,-0.16200096905231476,-0.02012290060520172,0.44717586040496826,-0.07633878290653229,-0.02155640721321106,0.38553211092948914,0.0667022317647934,0.1378551870584488,-0.25019538402557373,-0.32545050978660583,-0.160689577460289,0.052650582045316696,-0.34934961795806885,0.008035670965909958,0.14873340725898743,-0.10777566581964493,0.09830115735530853,0.2175787389278412,-0.14080946147441864,-0.2079615741968155
11,-0.45662134885787964,-0.0382244847714901,0.0332903228700161,-0.06189817562699318,0.7129517197608948,-0.4427603781223297,0.18098579347133636,-0.4694788157939911,0.401772677898407,0.3845207989215851,0.31757986545562744,-0.20091091096401215,-0.08520444482564926,0.15751148760318756,0.2902767062187195,0.32361873984336853,-0.6701489686965942,-0.035335227847099304,-0.2064889818429947,0.029459454119205475,-0.030321691185235977,-0.15508410334587097,0.1644844263792038,0.12051151692867279,-0.15313883125782013,-0.033731281757354736,-0.17748822271823883,0.04228128120303154,-0.12897390127182007,-0.04028595983982086,-0.11945956945419312,-0.28269335627555847,-0.18904973566532135,-0.44203653931617737,0.12997090816497803,-0.454212486743927,-0.029032930731773376,-0.4635363519191742,0.2619195580482483,-0.1508115977048874,0.5012926459312439,0.14513282477855682,0.19024619460105896,-0.15828615427017212,-0.07449774444103241,-0.0326816663146019,0.26747608184814453,0.061567168682813644,0.20610404014587402,0.6418884992599487,-0.6285427808761597,-0.5126877427101135,0.012629741802811623,-0.5288257598876953,0.11643951386213303,-0.3275333046913147,-0.04268954321742058,-0.5814940929412842,-0.1978103220462799,0.531365156173706,-0.15985848009586334,0.11062892526388168,-0.09760598838329315,-0.4894297420978546
110,0.03851553052663803,-0.45583733916282654,-0.2504538893699646,-0.1217598021030426,-0.4331623613834381,-0.14845900237560272,-0.32018154859542847,0.3154883086681366,0.12420907616615295,-0.18882879614830017,-0.14530380070209503,0.3891756236553192,-0.18158087134361267,-0.1779693365097046,-0.041933994740247726,0.2363322675228119,-0.13136588037014008,-0.12297195941209793,0.17003874480724335,-0.548413872718811,0.21348915994167328,-0.022854628041386604,-0.010009808465838432,0.3713282346725464,0.3477427065372467,0.31445011496543884,0.17565621435642242,-0.168976292014122,-0.09996245801448822,0.5492827892303467,0.07559443265199661,-0.36096620559692383,0.3107353448867798,-0.3106089234352112,0.025560956448316574,0.08240104466676712,0.23821331560611725,0.6635048389434814,-0.11735692620277405,-0.059222180396318436,-0.26449713110923767,-0.03369181603193283,-0.04062627628445625,0.4701518416404724,-0.19470426440238953,0.09610120952129364,0.23232603073120117,0.3340971767902374,-0.04427069425582886,0.025471864268183708,-0.006516852416098118,-0.2858731746673584,-0.2502915859222412,0.3545355498790741,-0.3958209455013275,0.2504933476448059,0.2992548942565918,0.16353128850460052,0.4668353199958801,-0.1739857941865921,-0.4057556986808777,-0.27839529514312744,-0.21267712116241455,0.024064797908067703
111,-0.1074114441871643,0.13664810359477997,-0.14448238909244537,0.44785037636756897,0.20860524475574493,0.1485239416360855,-0.21425510942935944,0.04449847340583801,0.028231725096702576,-0.4458518326282501,0.24748268723487854,-0.44903498888015747,-0.2624771296977997,-0.4280822277069092,0.036647193133831024,0.0499788373708725,-0.0068717896938323975,0.28205740451812744,-0.007418474182486534,0.10243366658687592,0.18025115132331848,0.325958788394928,0.2969694435596466,0.07860396802425385,-0.22869166731834412,-0.23015768826007843,-0.2867158353328705,0.11698643863201141,0.0277183186262846,-0.22005543112754822,0.2075369954109192,0.30824294686317444,0.020001735538244247,0.1842612475156784,0.24525831639766693,0.009593736380338669,0.3057217597961426,-0.014140592887997627,0.2379397749900818,0.10974088311195374,0.3346289396286011,-0.02850218117237091,0.004166610073298216,0.3478381931781769,0.06725063920021057,0.41251322627067566,-0.03898678719997406,0.32863903045654297,0.044379670172929764,-0.16833308339118958,-0.1957763284444809,0.08654529601335526,-0.32574090361595154,-0.32622528076171875,0.21858000755310059,-0.24360708892345428,0.20525828003883362,0.036887310445308685,0.2669834792613983,0.3113078474998474,0.0208301842212677,-0.01284603402018547,0.2600167989730835,-0.2451825588941574
112,0.11639614403247833,-0.08229756355285645,0.23762567341327667,-0.034369952976703644,0.047605112195014954,-0.08141860365867615,-0.22615253925323486,0.2896980345249176,-0.2188263088464737,0.39490360021591187,0.096751369535923,0.17289479076862335,0.267671138048172,0.21537870168685913,-0.16523419320583344,0.17716659605503082,0.006819216534495354,-0.12801994383335114,0.016402609646320343,-0.010907009243965149,0.1785905659198761,0.030163463205099106,-0.13877995312213898,0.17982350289821625,-0.15814897418022156,-0.1242951825261116,-0.14778070151805878,-0.14844661951065063,0.001773507334291935,-0.09712804108858109,-0.2665955424308777,0.0864594355225563,0.22699977457523346,0.046630360186100006,-0.3283240497112274,0.1843906044960022,-0.17922542989253998,-0.0909925326704979,-0.33178746700286865,0.5056674480438232,-0.11451579630374908,0.011622288264334202,-0.10935784876346588,-0.09241586923599243,-0.07722307741641998,-0.2389262318611145,-0.13566018640995026,0.12266016006469727,-0.18957383930683136,-0.21396462619304657,0.20206156373023987,-0.23140539228916168,0.20898282527923584,-0.22665031254291534,-0.11222267895936966,0.013145457953214645,-0.004133002832531929,0.33572205901145935,0.46575650572776794,-0.15945161879062653,0.0850401446223259,-0.22466270625591278,0.06334996968507767,-0.41929128766059875
113,0.14071181416511536,-0.16075384616851807,0.12835757434368134,-0.22065353393554688,-0.14658492803573608,0.016575684770941734,-0.014856504276394844,-0.09956670552492142,-0.026413196697831154,0.08973358571529388,0.04647137224674225,0.17329742014408112,-0.0805029347538948,-0.03873521089553833,0.14047843217849731,-0.18898974359035492,-0.14589473605155945,-0.017405245453119278,-0.18182261288166046,0.044447943568229675,-0.1784098595380783,0.16141672432422638,0.03202442824840546,-0.014995582401752472,0.13272900879383087,0.23745191097259521,-0.09055298566818237,0.02077554166316986,0.00751844048500061,-0.023258836939930916,0.1037154346704483,-0.007580321282148361,0.20266564190387726,0.06623952090740204,0.05530581623315811,-0.2002979964017868,0.10679582506418228,-0.13939984142780304,-0.07778949290513992,-0.18483451008796692,-0.02448776550590992,0.09521597623825073,0.30696284770965576,0.05006617307662964,0.02899794653058052,0.07693207263946533,0.13869434595108032,-0.11058402061462402,-0.0918668732047081,0.3431837558746338,-0.016926109790802002,0.02738155797123909,0.03551875054836273,-0.08863560855388641,0.0383194200694561,-0.24936047196388245,-0.04728671535849571,-0.08576883375644684,0.17348745465278625,-0.11418604105710983,0.13103727996349335,0.2527649700641632,0.0372183620929718,-0.07731454819440842
114,-0.12194141745567322,0.051566652953624725,0.10269197821617126,0.11954107880592346,0.34607580304145813,-0.05865179002285004,-0.04902917891740799,0.1421816051006317,-0.07503160834312439,-0.06839047372341156,0.1666313260793686,-0.2540144622325897,0.02743890881538391,-0.06062287837266922,0.09405440092086792,0.11255457997322083,0.011071691289544106,0.23595809936523438,-0.15749935805797577,0.24527782201766968,-0.1666821837425232,-0.08186446130275726,-0.09307802468538284,-0.027352355420589447,0.0897318422794342,-0.1731330156326294,-0.393425315618515,-0.08728958666324615,-0.31970837712287903,-0.08097370713949203,-0.018071811646223068,-0.06903579831123352,0.13421101868152618,-0.010501604527235031,-0.048011429607868195,0.11835069954395294,0.037263423204422,-0.10415949672460556,0.10460960865020752,0.16712670028209686,0.16795605421066284,-0.030322443693876266,-0.03978744149208069,0.07549969851970673,0.29126524925231934,-0.20570659637451172,-0.18686547875404358,-0.002170328050851822,-0.09353611618280411,0.17666859924793243,-0.19542697072029114,-0.281096875667572,0.012182246893644333,0.01255725510418415,0.06084929034113884,0.016809310764074326,-0.15469403564929962,0.05139833688735962,0.3339295983314514,-0.2658880949020386,-0.14044149219989777,0.1450968235731125,-0.07909156382083893,-0.059012673795223236
115,-0.12912298738956451,0.054435260593891144,0.33884429931640625,0.32544469833374023,0.21003316342830658,0.3288830816745758,-0.2671218812465668,-0.11579840630292892,-0.17896465957164764,-0.40396037697792053,-0.1119723841547966,-0.06108618900179863,-0.20882771909236908,0.3039090037345886,0.09336662292480469,-0.19626358151435852,0.11955242604017258,0.14610205590724945,-0.16073355078697205,0.21503016352653503,-0.05140974000096321,0.07508737593889236,0.3431396186351776,-0.072186678647995,0.04890793189406395,-0.3703099489212036,-0.26779088377952576,0.22488830983638763,0.313638836145401,-0.1783750355243683,-0.16936223208904266,-0.014597572386264801,-0.12139318138360977,0.32197561860084534,-0.39725905656814575,-0.0119828125461936,0.18426942825317383,-0.055423106998205185,0.32874125242233276,-0.04031117260456085,-0.08300569653511047,-0.2906147837638855,0.08707842230796814,0.10242953896522522,-0.0247882679104805,0.27355995774269104,-0.32381579279899597,0.17904168367385864,-0.29114845395088196,-0.1549394428730011,0.17618383467197418,0.1438738852739334,-0.22068631649017334,-0.28625863790512085,0.08809377998113632,-0.18745285272598267,-0.06684987246990204,0.29174304008483887,0.04672197252511978,0.2741682529449463,0.19234108924865723,0.07854320853948593,0.392153799533844,-0.02728668786585331
116,-0.0934906005859375,0.10419218242168427,-0.09887029230594635,0.1390237808227539,0.4077662229537964,-0.0723881646990776,-0.011558454483747482,-0.09675640612840652,0.21037662029266357,0.08141335844993591,0.10798796266317368,0.27088841795921326,0.05793797969818115,-0.17738275229930878,-0.2654420733451843,-0.3696730434894562,0.043350256979465485,0.022655993700027466,-0.06770141422748566,-0.2300742268562317,-0.021285908296704292,-0.15951165556907654,-0.05446813255548477,0.15857796370983124,0.04803480952978134,0.16750159859657288,-0.26609671115875244,0.0012218905612826347,0.2671196162700653,0.03363820165395737,-0.5086874961853027,0.26565662026405334,0.00622169766575098,-0.047945018857717514,-0.300968199968338,-0.0885259211063385,0.509656548500061,0.17480328679084778,-0.32753846049308777,0.2890121340751648,-0.1342679113149643,-0.12462973594665527,0.03486957401037216,-0.18988282978534698,0.08379116654396057,-0.12202746421098709,0.03999762609601021,0.32168784737586975,-0.2238004207611084,-0.49279168248176575,0.2945680320262909,-0.31325438618659973,-0.06787180155515671,-0.10761721432209015,0.009370998479425907,-0.021726343780755997,0.2753070890903473,0.3016482889652252,0.2284097522497177,-0.044232532382011414,-0.14579898118972778,0.024101847782731056,0.13762955367565155,-0.019453035667538643
117,-0.24564263224601746,-0.3391725718975067,-0.4422512650489807,0.10107677429914474,0.08001503348350525,0.12786979973316193,-0.038939714431762695,-0.16619467735290527,-0.1334671527147293,-0.03723083436489105,0.26028579473495483,-0.09990288317203522,0.015026412904262543,-0.3036210238933563,0.1761903613805771,-0.11302430927753448,0.2634393572807312,-0.21862225234508514,0.20606829226016998,-0.13679315149784088,0.22935350239276886,-0.18473300337791443,0.21841181814670563,0.1700887233018875,-0.04985888674855232,0.46845418214797974,-0.40735334157943726,-0.2056829184293747,0.4104538857936859,-0.2337048053741455,-0.08087214827537537,0.2220272719860077,0.30874037742614746,0.008531543426215649,0.007829993963241577,-0.26136937737464905,0.010741501115262508,-0.18505792319774628,-0.2340286374092102,0.08754783868789673,0.1349612921476364,-0.007207016460597515,-0.06200302764773369,-0.0021183304488658905,0.10503870248794556,-0.12398916482925415,0.4247303009033203,0.08263889700174332,-0.5232865214347839,0.11971353739500046,0.24203571677207947,0.1643020659685135,-0.25614282488822937,-0.08592504262924194,-0.31389790773391724,0.3334009349346161,-0.2271616905927658,0.2628020942211151,0.1762031465768814,0.13395878672599792,0.008807491511106491,0.42776453495025635,0.03500879928469658,-0.13493409752845764
118,0.0017764251679182053,-0.15222199261188507,0.2641943097114563,0.26621100306510925,-0.02351585403084755,0.41425982117652893,-0.06250356137752533,-0.24386754631996155,-0.3033500611782074,-0.4667309820652008,0.03410264104604721,0.056382570415735245,-0.20434194803237915,0.33749452233314514,0.3675071597099304,-0.11351603269577026,0.1925439089536667,0.038149673491716385,0.19092300534248352,0.37175440788269043,0.09562118351459503,0.1074170246720314,0.5883032083511353,-0.14136722683906555,0.14742855727672577,-0.33335772156715393,-0.2273034155368805,0.20367003977298737,0.3537338972091675,-0.0041081965900957584,0.06848874688148499,-0.267767071723938,-0.12395454943180084,0.1185055673122406,-0.2945055067539215,-0.11111504584550858,0.03962057828903198,0.18866093456745148,0.5655170679092407,-0.281566858291626,0.05493609979748726,-0.36997953057289124,0.13186471164226532,0.04957067593932152,0.05719411000609398,0.4357792139053345,-0.23498806357383728,0.21437421441078186,-0.2256285846233368,-0.025997968390583992,0.19050663709640503,0.0769001841545105,-0.30243825912475586,-0.3762224614620209,0.36114177107810974,0.037674304097890854,0.11714929342269897,-0.039853572845458984,-0.029426464810967445,0.0633164495229721,0.015005853958427906,-0.11835673451423645,0.25372928380966187,0.059365540742874146
119,0.01005304604768753,-0.5210422873497009,-0.21645520627498627,-0.12185190618038177,-0.41373884677886963,-0.163724884390831,-0.2848333716392517,0.40186062455177307,0.09403721988201141,-0.29922571778297424,-0.1683052033185959,0.35178542137145996,-0.17584127187728882,-0.13808706402778625,-0.005820613354444504,0.24112671613693237,-0.10528548806905746,-0.14368875324726105,0.2981621026992798,-0.5394604802131653,0.24043263494968414,-0.0407380610704422,0.07482559978961945,0.39476120471954346,0.3397763669490814,0.31466996669769287,0.12301605939865112,-0.17259691655635834,-0.09598725289106369,0.5372114181518555,0.03575757145881653,-0.45127665996551514,0.3908977508544922,-0.44484788179397583,-0.02917543239891529,0.08031339943408966,0.17232443392276764,0.741538405418396,-0.11509156227111816,-0.0743112713098526,-0.2555494010448456,-0.022985998541116714,-0.07470452040433884,0.5203654766082764,-0.19775605201721191,0.04894716292619705,0.2157040685415268,0.4065139889717102,0.0017332648858428001,-0.01867947354912758,0.024446453899145126,-0.3613933026790619,-0.24303749203681946,0.3401624858379364,-0.409060001373291,0.40992558002471924,0.3236325979232788,0.21130996942520142,0.48892199993133545,-0.2033860832452774,-0.48006415367126465,-0.3698999285697937,-0.28272923827171326,0.03812515735626221
12,-0.531019926071167,0.018537040799856186,-0.08065345138311386,-0.016882121562957764,0.7376862168312073,-0.41887912154197693,-0.21893350780010223,-0.4236449897289276,0.31504106521606445,0.3138519823551178,0.2574356496334076,-0.43572109937667847,-0.04291987791657448,-0.1938166320323944,0.22663260996341705,0.4137611389160156,-0.38762491941452026,0.44458040595054626,-0.5176036357879639,0.04409104585647583,-0.05444112792611122,-0.28511282801628113,-0.25866782665252686,0.05686448514461517,0.3511919677257538,0.014534215442836285,-0.3952440321445465,-0.21639882028102875,-0.554654598236084,0.0007919524796307087,0.036423053592443466,-0.23663440346717834,-0.22898483276367188,-0.16367194056510925,0.19361352920532227,-0.06280433386564255,-0.148727148771286,-0.4169543385505676,0.5461561679840088,-0.08888602256774902,0.6578623056411743,0.123711958527565,-0.07285988330841064,-0.08601731061935425,0.3706532418727875,-0.0376802422106266,0.2589725852012634,-0.08119290322065353,-0.10970262438058853,0.8685792088508606,-0.6667418479919434,-0.4886696934700012,0.0006391163915395737,-0.23236395418643951,-0.10230641067028046,-0.16160719096660614,-0.3803146183490753,-0.41855674982070923,0.09992806613445282,0.06837999820709229,-0.21693706512451172,0.31960418820381165,-0.316781222820282,-0.4857887923717499
120,-0.45011106133461,-0.1377778798341751,-0.24890021979808807,0.09105870127677917,0.4468057155609131,0.014264559373259544,0.07266287505626678,0.10591582953929901,0.07987125217914581,0.07069766521453857,0.2519153356552124,-0.3581651449203491,-0.07529855519533157,-0.4754612147808075,0.19949199259281158,0.2538206875324249,-0.052668601274490356,-0.11820870637893677,-0.037108223885297775,-0.28008416295051575,0.28719615936279297,-0.010754553601145744,-0.12702453136444092,0.3233470916748047,-0.20510679483413696,0.4098130464553833,0.08440153300762177,0.0955619066953659,0.04939020425081253,-0.022262539714574814,-0.17060011625289917,0.007817469537258148,0.3251756727695465,-0.031109116971492767,0.15078873932361603,0.2773701548576355,0.10838624089956284,0.16709160804748535,-0.39790022373199463,0.029449783265590668,0.08144308626651764,0.3507266342639923,0.09560495615005493,-0.05902286246418953,-0.07252460718154907,-0.1980888545513153,0.24287249147891998,-0.006299734115600586,-0.030125997960567474,-0.21849440038204193,-0.12338138371706009,-0.18256822228431702,0.024931788444519043,-0.11531618237495422,-0.3144741356372833,0.1692352592945099,0.08400941640138626,0.18401166796684265,0.26299554109573364,-0.06914722919464111,0.0900050550699234,0.09589486569166183,-0.26485779881477356,-0.16222523152828217
121,-0.09143441915512085,-0.12725894153118134,-0.014466669410467148,-0.012079926207661629,0.09351558983325958,0.0006881300359964371,-0.009640482254326344,0.10024063289165497,-0.06364419311285019,0.2286645770072937,0.270913690328598,-0.04359855502843857,0.1468912959098816,-0.2735287547111511,0.0064238980412483215,0.24463456869125366,0.0482383593916893,-0.2945021390914917,0.003641907125711441,-0.10678961873054504,0.3500622510910034,0.16160130500793457,-0.1727406531572342,0.2164291888475418,-0.15853898227214813,0.4213021397590637,0.1219012588262558,0.12017890810966492,0.20091477036476135,5.00725582242012e-06,-0.220549076795578,0.011998102068901062,0.22545446455478668,0.02828356996178627,-0.009737301617860794,0.1721062809228897,-0.07042330503463745,0.2016925811767578,-0.4769135117530823,0.15041792392730713,0.024383392184972763,0.40013375878334045,-0.044253937900066376,-0.19409553706645966,-0.08284682035446167,-0.049011461436748505,0.27578720450401306,0.021883580833673477,-0.1259569525718689,-0.17429699003696442,0.24076154828071594,-0.10327958315610886,0.27607545256614685,-0.21957431733608246,-0.13222765922546387,0.12076680362224579,0.10120095312595367,0.20571115612983704,0.434444397687912,-0.27773505449295044,0.23818732798099518,-0.0632980689406395,-0.16407816112041473,-0.19446934759616852
122,-0.07636754214763641,-0.3104470372200012,-0.39160656929016113,0.145635187625885,-0.059879980981349945,0.28539159893989563,-0.13369177281856537,-0.12067083269357681,-0.049023523926734924,-0.39065828919410706,0.20904500782489777,-0.06147630885243416,-0.2523740828037262,-0.14260469377040863,0.18912161886692047,-0.06689094007015228,0.05294699966907501,-0.0962514728307724,0.16872413456439972,-0.11476926505565643,0.15387457609176636,-0.006441613659262657,0.4377365708351135,0.0577581524848938,0.018488463014364243,0.22093713283538818,-0.22458474338054657,0.08387946337461472,0.3424457311630249,-0.027630861848592758,0.15675824880599976,0.10519031435251236,0.07628311961889267,0.028143782168626785,0.14111296832561493,-0.25813937187194824,0.06739252805709839,-0.17153236269950867,0.029395071789622307,-0.2589126229286194,0.1920141875743866,-0.032870084047317505,0.06675541400909424,0.1859695017337799,-0.015505220741033554,0.3398266136646271,0.2583250403404236,0.13518564403057098,-0.3013806641101837,0.2666527032852173,0.0029244401957839727,0.3205772936344147,-0.25100770592689514,-0.039411138743162155,-0.2087320238351822,0.21299514174461365,-0.13581037521362305,-0.0362776517868042,-0.014049865305423737,0.36222952604293823,-0.0664692223072052,0.3510437309741974,0.20282992720603943,-0.03198222815990448
123,-0.01879946142435074,-0.03666440024971962,0.05103817209601402,-0.01101255789399147,-0.17276902496814728,0.08457861840724945,-0.0932251363992691,-0.07029294967651367,-0.16893167793750763,0.3940266966819763,0.002256067469716072,-0.32658711075782776,0.10284709930419922,-0.3141714334487915,0.08366928994655609,0.01588454656302929,0.1519823968410492,0.43285247683525085,-0.20135048031806946,-0.02049960382282734,-0.08199070394039154,0.1885295957326889,0.020205285400152206,-0.02483724243938923,-0.02468051388859749,0.07179155945777893,-0.1940755695104599,-0.25099968910217285,-0.12282904982566833,-0.0941554456949234,0.514397144317627,0.13412559032440186,0.06539037823677063,0.37835991382598877,0.07265316694974899,0.32254135608673096,0.09359051287174225,-0.0392548069357872,0.28399795293807983,-0.027545945718884468,0.1339651197195053,-0.03112603724002838,0.09718558192253113,0.10186104476451874,0.11968110501766205,-0.006756681948900223,0.039337966591119766,-0.3891499936580658,-0.08992340415716171,0.09651648253202438,-0.24295735359191895,0.012414184398949146,-0.2735416293144226,-0.1946837455034256,0.04315249249339104,-0.3384883999824524,-0.1580384075641632,0.18514356017112732,0.1435701698064804,-0.3313830494880676,0.18512289226055145,0.04566151648759842,-0.17649506032466888,-0.13770689070224762
124,0.31006452441215515,0.13913209736347198,-0.19499365985393524,-0.03220066428184509,-0.14748910069465637,-0.0613761842250824,-0.2704654037952423,0.05037502944469452,0.15442663431167603,0.10631756484508514,0.09981024265289307,0.08792654424905777,0.0008850656449794769,-0.17492660880088806,-0.17149697244167328,0.030251460149884224,-0.016523035243153572,0.051368553191423416,-0.07312273979187012,-0.17574699223041534,0.010739993304014206,-0.08156479150056839,-0.11609257012605667,0.12992696464061737,0.33856722712516785,-0.024541936814785004,0.09198363125324249,-0.17991459369659424,-0.07351986318826675,0.13627390563488007,-0.025772202759981155,-0.043193135410547256,-0.05987969785928726,0.15540483593940735,0.0942334309220314,0.0650193840265274,0.10853835195302963,0.14016680419445038,-0.008792240172624588,0.1329599767923355,0.021237660199403763,-0.05774572119116783,-0.1378290057182312,0.03982449695467949,0.1702689379453659,0.15188801288604736,0.009258158504962921,0.19994494318962097,-0.1586465835571289,0.019234539940953255,-0.017511628568172455,-0.017880868166685104,0.1484173685312271,0.18203400075435638,-0.05885648727416992,-0.16111621260643005,0.1262814998626709,0.038094837218523026,0.12215267866849899,-0.12384633719921112,-0.06211818754673004,-0.2414647936820984,-0.002635163487866521,-0.029970163479447365
125,-0.2640678584575653,0.17924168705940247,-0.15778523683547974,-0.11732093244791031,0.2976817488670349,-0.0006858855485916138,-0.0882449746131897,0.02928433194756508,-0.008493641391396523,0.010672151111066341,0.07256677001714706,-0.45699065923690796,-0.2873900532722473,-0.10938449949026108,0.07393861562013626,-0.18517731130123138,-0.1389905959367752,0.22379262745380402,-0.4070066213607788,-0.3764238655567169,0.018967121839523315,-0.004633637145161629,-0.09017205238342285,-0.0010974351316690445,0.250681608915329,0.15552492439746857,0.14995643496513367,0.08454518020153046,-0.2535085678100586,-0.1253247708082199,0.08991827070713043,0.07089811563491821,-0.28906840085983276,0.24456393718719482,0.15931765735149384,0.1298602968454361,-0.1902731955051422,-0.28258004784584045,0.20350460708141327,-0.3022105097770691,0.19148539006710052,-0.1496673822402954,-0.2151382565498352,0.11728255450725555,-0.11193922162055969,0.10004439949989319,-0.12514722347259521,-0.1150369793176651,-0.1529783308506012,0.2309766262769699,-0.3206305503845215,-0.0674995481967926,0.07428751140832901,-0.15822918713092804,-0.42847639322280884,-0.21504592895507812,-0.46941179037094116,0.11818200349807739,-0.1328146606683731,0.08463341742753983,0.17281989753246307,0.1469184011220932,-0.17476853728294373,-0.10365673899650574
126,-0.3574185073375702,-0.25714194774627686,-0.40439683198928833,-0.021497294306755066,0.0778585895895958,-0.0756511390209198,-0.01255018264055252,-0.003594912588596344,-0.05690436810255051,-0.19851888716220856,0.2635722756385803,-0.19263343513011932,-0.3437086343765259,-0.17203998565673828,0.5215795636177063,0.31452837586402893,-0.10478504747152328,-0.09243655204772949,0.19773896038532257,-0.07043667882680893,0.12449575960636139,0.11145298182964325,0.087002232670784,0.35064107179641724,0.045204855501651764,0.4665624499320984,0.20774677395820618,0.1602628082036972,0.09388450533151627,0.11974717676639557,0.3476664423942566,-0.2921812832355499,0.21010152995586395,-0.3375552296638489,0.23068302869796753,0.21081124246120453,-0.3418988585472107,0.21905507147312164,0.09151743352413177,-0.3783283531665802,0.15378426015377045,0.2072973996400833,0.05658013001084328,0.11131775379180908,-0.14308017492294312,0.07261307537555695,-0.10158633440732956,-0.05808233469724655,0.1982235312461853,0.029459582641720772,-0.22549223899841309,-0.16430048644542694,-0.08569779992103577,-0.11083941161632538,-0.1036694347858429,0.3172582983970642,0.009359367191791534,-0.2517780065536499,0.13986295461654663,-0.018124911934137344,-0.2988400161266327,-0.24902963638305664,-0.11154073476791382,-0.11844415962696075
127,-0.22632530331611633,-0.4024696946144104,-0.08655854314565659,-0.05599145218729973,0.11341121792793274,0.08092162013053894,-0.07418742775917053,-0.09779123216867447,-0.016369497403502464,-0.21276627480983734,0.03533502295613289,-0.1315230280160904,-0.22347289323806763,-0.17909911274909973,0.3414649963378906,0.013294154778122902,0.09468565881252289,0.15210407972335815,-0.06604628264904022,0.02080615609884262,-0.14760945737361908,-0.10209161043167114,0.1261589378118515,0.114209845662117,0.23719565570354462,0.18074332177639008,-0.3143567144870758,-0.12734021246433258,-0.03385409712791443,-0.08203954249620438,0.09282051771879196,-0.09974230825901031,0.4147336184978485,-0.03314094617962837,-0.011007469147443771,-0.0471135638654232,0.0654730498790741,-0.022615676745772362,0.15958790481090546,-0.16674061119556427,0.11289432644844055,0.039580006152391434,0.20675574243068695,0.20176295936107635,0.10208293795585632,-0.1374131441116333,0.1378696709871292,-0.01119263842701912,-0.26023516058921814,0.33455967903137207,-0.057004958391189575,-0.02194116823375225,-0.17666378617286682,0.13086989521980286,-0.25233206152915955,0.23015809059143066,-0.12814320623874664,0.09011388570070267,0.24405193328857422,-0.14987719058990479,-0.15676268935203552,0.30651095509529114,-0.10103591531515121,0.07677926868200302
128,-0.11926344037055969,-0.14764219522476196,-0.14460407197475433,0.26289790868759155,-0.1284034252166748,0.07942497730255127,-0.026341747492551804,0.24971354007720947,-0.2102937251329422,0.1946203112602234,0.15953713655471802,0.08633027225732803,0.4590824544429779,-0.27307572960853577,-0.36928796768188477,0.180171936750412,0.40055030584335327,-0.4485780596733093,0.20018301904201508,-0.04391613230109215,0.35701829195022583,0.1916707307100296,0.01867416501045227,-0.039317790418863297,-0.39460811018943787,0.6134141683578491,-0.11267648637294769,-0.01096365973353386,0.5149050951004028,-0.0987326055765152,-0.27522486448287964,0.4520980417728424,0.069788359105587,0.013220190070569515,0.028631506487727165,0.12624654173851013,0.1422143280506134,-0.11446160823106766,-0.9511247277259827,0.33228927850723267,0.09617199003696442,0.4832421839237213,-0.2021222710609436,-0.20200736820697784,0.00874585285782814,-0.022599924355745316,0.5785906910896301,-0.008984463289380074,-0.2911131978034973,-0.0519518181681633,0.4773447513580322,0.1997319757938385,0.21458852291107178,-0.17660103738307953,-0.12565837800502777,0.2523551285266876,-0.13305485248565674,0.39190593361854553,0.560227632522583,-0.21144738793373108,0.33769750595092773,0.07452133297920227,0.022706644609570503,-0.10379941761493683
129,-0.19828182458877563,0.10605798661708832,0.020503636449575424,0.08454157412052155,0.4900689721107483,-0.14637510478496552,0.016878273338079453,-0.15911146998405457,0.14349813759326935,0.18468168377876282,0.08162406086921692,0.15573953092098236,-0.009819354861974716,-0.17501823604106903,-0.07660090923309326,-0.33530566096305847,-0.047307975590229034,0.039168234914541245,-0.14295384287834167,-0.19162702560424805,-0.08321356773376465,-0.13916221261024475,0.024403002113103867,0.17065490782260895,-0.031209290027618408,0.17235444486141205,-0.3615577816963196,0.05795574188232422,0.17992866039276123,0.017013315111398697,-0.47227323055267334,0.27071407437324524,0.04613099619746208,-0.10985331237316132,-0.3075138032436371,-0.11608810722827911,0.45492541790008545,0.16002441942691803,-0.2186269760131836,0.2504645884037018,-0.03132735937833786,-0.15525344014167786,0.09704641997814178,-0.04528806731104851,-0.05323934182524681,-0.2321454882621765,-0.002371252980083227,0.2862915098667145,-0.17000682651996613,-0.3635285496711731,0.15978401899337769,-0.38287049531936646,-0.2013489007949829,-0.28752705454826355,-0.04467116668820381,-0.08924153447151184,0.1253470778465271,0.25345706939697266,0.24020522832870483,-0.010319732129573822,-0.1542084664106369,0.00770831573754549,0.04986845329403877,-0.11035464704036713
13,0.1884506493806839,0.047721512615680695,-0.5103781819343567,0.017278756946325302,-0.03602100908756256,-0.058149389922618866,-0.516150951385498,0.012520682066679,0.386741042137146,0.14780326187610626,0.14316768944263458,-0.007101971656084061,0.037985384464263916,-0.3696783781051636,-0.32169073820114136,0.12262950837612152,0.060329653322696686,0.20848670601844788,-0.1480124145746231,-0.4005623459815979,0.059361010789871216,-0.2976579964160919,-0.217341348528862,0.3364925980567932,0.6089547872543335,0.002455195179209113,-0.0020817574113607407,-0.33557069301605225,-0.09379749745130539,0.23419347405433655,-0.1772373467683792,-0.05801229551434517,-0.05292319878935814,0.18761083483695984,0.08912976086139679,0.10467492043972015,0.24193233251571655,0.23154449462890625,0.07265693694353104,0.2399040311574936,0.13278979063034058,-0.12249760329723358,-0.2633094787597656,0.02321833185851574,0.3707110583782196,0.26971137523651123,0.10898678004741669,0.2774586081504822,-0.4142768383026123,0.11323129385709763,-0.008121248334646225,-0.07076963037252426,0.06668812036514282,0.3542748987674713,-0.34355998039245605,-0.02539532631635666,0.1649768054485321,0.26037001609802246,0.2490038275718689,-0.08607695996761322,-0.16530311107635498,-0.25044554471969604,-0.0790882483124733,-0.003116670995950699
130,0.27899718284606934,-0.10106635093688965,0.16119326651096344,-0.4703856408596039,-0.20924322307109833,0.21294158697128296,0.046781595796346664,-0.0651075467467308,-0.4258285164833069,-0.10487602651119232,0.23193950951099396,0.19270378351211548,-0.3674471080303192,0.018390625715255737,0.18630431592464447,-0.30268001556396484,-0.009987561963498592,0.02663130685687065,0.0171087384223938,0.01623091846704483,0.040309324860572815,0.07701219618320465,0.2047368437051773,-0.11269021034240723,0.11786951124668121,0.12217763066291809,-0.02602376416325569,0.17686893045902252,0.012372509576380253,-0.22756963968276978,0.3360695242881775,0.13680016994476318,0.05433773621916771,0.3064539432525635,-0.0322083905339241,-0.032864831387996674,-0.4780670702457428,-0.10227004438638687,0.1864386796951294,-0.31241118907928467,0.0444522388279438,-0.04270750656723976,0.2199917733669281,0.043334800750017166,-0.3655780255794525,0.25266531109809875,0.039026107639074326,0.09195412695407867,0.114516980946064,-0.06800543516874313,0.06599600613117218,0.16565756499767303,0.15244978666305542,-0.4575240910053253,-0.047645535320043564,0.15677869319915771,-0.1922101527452469,-0.08872653543949127,-0.003750678151845932,-0.12930725514888763,0.03922197222709656,0.07586018741130829,-0.19048625230789185,-0.16653086245059967
131,-0.22637349367141724,0.10070158541202545,-0.04829883575439453,0.19550171494483948,0.41908204555511475,0.011210945434868336,-0.10295610129833221,0.09938201308250427,0.023030349984765053,-0.0829048752784729,0.17489944398403168,-0.21231545507907867,-0.016202636063098907,-0.11700300127267838,0.03418166935443878,0.08288432657718658,0.013581877574324608,0.17203712463378906,-0.13807053864002228,0.09155663847923279,-0.054772134870290756,-0.12043540924787521,-0.05656731128692627,0.07007298618555069,0.1056661605834961,-0.12958015501499176,-0.37395238876342773,-0.062128499150276184,-0.182498961687088,-0.009661069139838219,-0.14353933930397034,0.05200829356908798,0.0575607530772686,-0.0009783953428268433,-0.012499840930104256,0.11286233365535736,0.15608862042427063,-0.031182199716567993,0.035230204463005066,0.17484807968139648,0.1625610888004303,-0.03014327585697174,-0.07397256791591644,0.10965842008590698,0.18871097266674042,-0.20327457785606384,-0.12212584167718887,0.12335564196109772,-0.20438814163208008,0.03861813247203827,-0.15603011846542358,-0.20262092351913452,-0.0798664316534996,0.048565823584795,-0.07014330476522446,0.03201863542199135,-0.08643758296966553,0.16952329874038696,0.28153368830680847,-0.028390083461999893,-0.11144287884235382,0.15964342653751373,-0.017267689108848572,-0.05255447328090668
132,-0.12020792067050934,0.15202616155147552,0.10323973745107651,0.49166974425315857,0.29142630100250244,0.06086960434913635,-0.42241716384887695,0.09880639612674713,-0.07804598659276962,-0.08037735521793365,0.09105008095502853,-0.20146803557872772,0.4245491921901703,0.10987227410078049,-0.2921867370605469,0.03862494230270386,0.3090018033981323,0.03343220800161362,-0.1821179836988449,0.02034256048500538,-0.09380577504634857,-0.1303425133228302,-0.06807417422533035,0.17116041481494904,-0.003550982102751732,-0.28886449337005615,-0.47926604747772217,0.009493561461567879,0.318875253200531,0.37795180082321167,-0.2989579439163208,0.11455582827329636,-0.1775694489479065,0.08332444727420807,-0.473031222820282,0.35304969549179077,0.2166423350572586,0.41087427735328674,0.10823898017406464,0.42630672454833984,0.07631905376911163,-0.15449048578739166,-0.5804587006568909,0.01355685293674469,0.2248978465795517,0.00994855910539627,-0.5115849375724792,0.09744750708341599,-0.45254379510879517,-0.4394634962081909,0.24179571866989136,-0.04902413859963417,-0.14494790136814117,0.2434147298336029,0.04690566286444664,0.0722198635339737,-0.03716014325618744,0.6023988723754883,0.17473334074020386,0.050876520574092865,-0.20374079048633575,-0.10900959372520447,0.25199460983276367,0.16912959516048431
133,0.517361044883728,0.029682988300919533,-0.051119364798069,0.372580885887146,-0.24773907661437988,-0.05968134105205536,-0.12392643094062805,-0.06976647675037384,-0.09241405874490738,-0.12843455374240875,0.4331066310405731,0.08755049109458923,-0.0163818821310997,-0.16062819957733154,-0.14014504849910736,0.07281127572059631,-0.021946052089333534,-0.09139981865882874,0.27965685725212097,0.19205310940742493,0.1643150895833969,-0.022738447412848473,0.21396397054195404,0.010290753096342087,-0.3389778137207031,-0.29480886459350586,-0.19977635145187378,-0.16461952030658722,0.19688858091831207,-0.04028918966650963,0.25566965341567993,0.2916855812072754,0.09142004698514938,0.08717520534992218,-0.07690675556659698,-0.11855828016996384,0.17007698118686676,-0.039495132863521576,-0.09704207628965378,0.3722613453865051,0.320700466632843,-0.12926004827022552,0.014514129608869553,-0.04881596937775612,0.10550445318222046,0.37669602036476135,-0.1088891252875328,0.3687240183353424,-0.15532398223876953,-0.44994333386421204,0.17400717735290527,0.1357811987400055,0.08423259109258652,-0.16249702870845795,0.5128883719444275,-0.15105657279491425,0.35994797945022583,-0.19503164291381836,0.1446622610092163,0.10505570471286774,-0.34041309356689453,-0.24415217339992523,0.32797208428382874,-0.36431506276130676
134,-0.2640678584575653,0.17924168705940247,-0.15778520703315735,-0.1173209398984909,0.2976817488670349,-0.0006858855485916138,-0.0882449746131897,0.029284358024597168,-0.008493658155202866,0.010672131553292274,0.07256677001714706,-0.45699065923690796,-0.2873900532722473,-0.10938449949026108,0.07393862307071686,-0.18517737090587616,-0.1389905959367752,0.22379262745380402,-0.4070066213607788,-0.3764238655567169,0.018967129290103912,-0.004633594304323196,-0.09017204493284225,-0.001097455620765686,0.250681608915329,0.15552493929862976,0.14995643496513367,0.08454521745443344,-0.2535085678100586,-0.1253247857093811,0.08991825580596924,0.07089812308549881,-0.28906840085983276,0.24456393718719482,0.15931765735149384,0.1298602968454361,-0.1902731955051422,-0.28258004784584045,0.20350460708141327,-0.3022105395793915,0.19148536026477814,-0.1496673971414566,-0.2151382565498352,0.11728255450725555,-0.11193922162055969,0.10004439949989319,-0.1251472383737564,-0.1150369793176651,-0.1529783010482788,0.23097659647464752,-0.3206305503845215,-0.06749957799911499,0.07428750395774841,-0.15822924673557281,-0.42847639322280884,-0.2150459587574005,-0.46941179037094116,0.11818201094865799,-0.13281464576721191,0.08463340252637863,0.17281992733478546,0.146918386220932,-0.17476853728294373,-0.10365676134824753
135,0.2238512635231018,-0.31529465317726135,-0.5232557654380798,0.20815211534500122,-0.44017624855041504,0.19954648613929749,-0.44308972358703613,-0.14049893617630005,0.022053305059671402,-0.22262464463710785,0.19631314277648926,0.18440686166286469,-0.11577023565769196,-0.15449976921081543,-0.11413472890853882,0.13850530982017517,0.2482336014509201,-0.13415102660655975,0.3891330361366272,-0.12061907351016998,0.20116178691387177,-0.0751359686255455,0.47001680731773376,0.17326802015304565,0.011950165033340454,0.18518953025341034,-0.19219587743282318,-0.21014796197414398,0.622948408126831,-0.07701641321182251,0.12218502163887024,0.14275741577148438,0.06006884202361107,0.03816796839237213,-0.040499038994312286,-0.22731028497219086,0.03915409743785858,0.04188130050897598,-0.06166929751634598,0.1039537787437439,0.23368172347545624,-0.0630926564335823,-0.09862912446260452,0.21988354623317719,-0.14689944684505463,0.4662950336933136,0.2869420051574707,0.4196949601173401,-0.4405995011329651,0.05425437539815903,0.30802813172340393,0.46902379393577576,-0.07241836190223694,0.0552891343832016,-0.19907957315444946,0.27199071645736694,0.06696049869060516,0.16077496111392975,0.09359627217054367,0.40991461277008057,-0.14484597742557526,-0.17833060026168823,0.3600870668888092,-0.07694713771343231
136,-0.023272335529327393,0.3194710314273834,-0.01876230165362358,0.18131348490715027,0.012972710654139519,-0.11723236739635468,-0.2343284636735916,-0.04782044142484665,0.028720052912831306,0.11459679901599884,-0.0232378039509058,-0.1294921189546585,0.1304294615983963,0.07458900660276413,-0.30674654245376587,0.1016424298286438,0.15033505856990814,0.12707610428333282,-0.09612344205379486,-0.1382640302181244,-0.04150784760713577,-0.26324132084846497,-0.06966155767440796,0.03389878571033478,0.02146129682660103,-0.0126531682908535,0.012602725997567177,-0.10370907187461853,0.21466398239135742,0.020999908447265625,0.0392787903547287,-0.05634055286645889,-0.34559303522109985,0.173428475856781,-0.27515652775764465,0.19947658479213715,0.012402609921991825,0.03262931853532791,0.06338663399219513,0.14214499294757843,0.08369539678096771,-0.03604915365576744,-0.2625125050544739,-0.1406240165233612,0.03966483101248741,0.12125352025032043,-0.06347427517175674,-0.045830026268959045,-0.1146034374833107,-0.2619362771511078,0.0804569348692894,0.03462103381752968,0.13234584033489227,-0.037895236164331436,0.0030347155407071114,-0.053548939526081085,-0.1418459713459015,0.31211966276168823,-0.028124867007136345,0.04658319056034088,-0.027958588674664497,-0.27709275484085083,-0.09452608227729797,-0.027802860364317894
137,-0.056341223418712616,-0.11268477141857147,-0.0033820271492004395,0.04577162116765976,-0.012772581540048122,-0.0013988837599754333,0.0018401704728603363,0.1464071124792099,-0.17234982550144196,0.23581674695014954,0.30189070105552673,0.04826884716749191,0.32232627272605896,-0.21336773037910461,-0.15832963585853577,0.23239555954933167,0.1431448608636856,-0.37621939182281494,0.06917017698287964,-0.027767442166805267,0.39543384313583374,0.21219731867313385,-0.1113109216094017,0.1305028349161148,-0.22587598860263824,0.4701225459575653,0.03341095522046089,0.12092232704162598,0.3537670969963074,-0.002029214520007372,-0.203131765127182,0.10990647226572037,0.1263672411441803,0.034667931497097015,-0.03338390588760376,0.1581338495016098,-0.1303183138370514,0.08422920107841492,-0.6025473475456238,0.19245310127735138,0.06055190786719322,0.49364665150642395,-0.17390631139278412,-0.275470107793808,-0.02200428582727909,0.0009795725345611572,0.3864075243473053,-0.006015477702021599,-0.15706327557563782,-0.14773519337177277,0.33913654088974,-0.0168604739010334,0.3131592869758606,-0.26345816254615784,-0.061230678111314774,0.16630813479423523,0.009037969633936882,0.25711771845817566,0.4952183961868286,-0.28167444467544556,0.28703609108924866,0.014555112458765507,-0.11444178223609924,-0.18801863491535187
138,-0.13626275956630707,0.05569883808493614,-0.2676771283149719,0.1481039822101593,0.2193969190120697,0.3740798532962799,-0.15867452323436737,0.20823150873184204,0.2417123168706894,-0.30566850304603577,-0.09070341289043427,-0.12239072471857071,-0.32629603147506714,-0.25859278440475464,-0.03917941451072693,-0.26823189854621887,-0.15944722294807434,0.4802411198616028,-0.11736200749874115,-0.042171839624643326,0.11137685179710388,0.22184963524341583,0.20876355469226837,-0.1485881507396698,0.2106090486049652,-0.15332892537117004,-0.1661919355392456,0.2388833910226822,-0.19938257336616516,-0.1692660003900528,-0.19510796666145325,0.05916886776685715,-0.07478955388069153,0.08543400466442108,0.208735391497612,-0.16015398502349854,0.36067262291908264,-0.09019552171230316,-0.004903289023786783,-0.1688193529844284,0.0664445161819458,-0.21480609476566315,0.2421541064977646,0.35345906019210815,0.11094219982624054,0.37582242488861084,0.07631850987672806,0.2891105115413666,-0.12462159246206284,0.23987452685832977,-0.16445602476596832,0.025917407125234604,-0.26795724034309387,-0.06230619177222252,-0.39994800090789795,-0.11445766687393188,0.014976490288972855,0.13070443272590637,0.1249840036034584,0.19590692222118378,0.3312193751335144,0.3182563781738281,0.16154879331588745,0.034751683473587036
139,-0.028761453926563263,-0.1088130921125412,0.14118492603302002,0.12518638372421265,0.21031597256660461,0.08509685844182968,-0.23593778908252716,0.05585167557001114,-0.07786975800991058,0.13858646154403687,0.05267737805843353,-0.12404336780309677,0.3254164159297943,0.1480415016412735,-0.12195472419261932,0.10239933431148529,0.3073224425315857,0.0044130003079771996,-0.05407660827040672,-0.04571300745010376,-0.0013324543833732605,-0.10018406063318253,-0.07701661437749863,0.2126743346452713,-0.07025162875652313,-0.06366259604692459,-0.31893035769462585,-0.012180458754301071,0.2556351125240326,0.09300591051578522,-0.2930883467197418,0.028511710464954376,0.12336122244596481,0.06308148056268692,-0.5206242203712463,0.24010376632213593,0.011437796987593174,0.2967790365219116,0.022116979584097862,0.345247358083725,-0.08347538113594055,-0.008983406238257885,-0.27151551842689514,-0.057724710553884506,0.042893122881650925,-0.15553921461105347,-0.24336853623390198,0.02567231096327305,-0.3358137607574463,-0.2782183885574341,0.331199049949646,-0.12035778164863586,0.000346967950463295,0.02352742850780487,-0.16739146411418915,0.27462244033813477,0.011301733553409576,0.5313374996185303,0.28742656111717224,-0.1674957275390625,-0.12676715850830078,-0.15576064586639404,0.05422080308198929,0.03501662611961365
14,0.46370404958724976,0.01910477504134178,0.2265571802854538,-0.1409386247396469,-0.1003355160355568,-0.011907225474715233,-0.04339678958058357,0.2639191746711731,-0.34119951725006104,0.19514094293117523,0.08353698998689651,0.03900667652487755,0.000382494181394577,-0.2700118124485016,0.12682902812957764,-0.27685949206352234,-0.17465552687644958,0.4633682072162628,-0.011256804689764977,0.27028778195381165,-0.030900780111551285,0.14005383849143982,0.15512700378894806,-0.007295448333024979,0.03913196176290512,-0.43541884422302246,-0.23845697939395905,-0.4225298762321472,-0.39126232266426086,-0.5198869705200195,0.09863632172346115,-0.06278759986162186,0.5257293581962585,0.3868499994277954,-0.05294778198003769,0.13237494230270386,0.0376567468047142,-0.16633425652980804,-0.021299447864294052,0.31026506423950195,0.03779907897114754,-0.3367205262184143,0.4057987332344055,0.11274929344654083,0.3743439018726349,0.18394553661346436,-0.18699614703655243,0.29488059878349304,0.035967208445072174,-0.09493035823106766,-0.3185930550098419,-0.26140478253364563,0.014386002905666828,-0.4869827330112457,0.27144718170166016,-0.534358024597168,0.23047122359275818,0.057722121477127075,0.3417166769504547,-0.3431442379951477,0.24122463166713715,-0.150294229388237,-0.0028746325988322496,-0.507799506187439
140,0.01005304604768753,-0.5210422873497009,-0.21645520627498627,-0.12185190618038177,-0.41373884677886963,-0.163724884390831,-0.2848333716392517,0.40186062455177307,0.09403721988201141,-0.29922571778297424,-0.1683052033185959,0.35178542137145996,-0.17584127187728882,-0.13808706402778625,-0.005820613354444504,0.24112671613693237,-0.10528548806905746,-0.14368875324726105,0.2981621026992798,-0.5394604802131653,0.24043263494968414,-0.0407380610704422,0.07482559978961945,0.39476120471954346,0.3397763669490814,0.31466996669769287,0.12301605939865112,-0.17259691655635834,-0.09598725289106369,0.5372114181518555,0.03575757145881653,-0.45127665996551514,0.3908977508544922,-0.44484788179397583,-0.02917543239891529,0.08031339943408966,0.17232443392276764,0.741538405418396,-0.11509156227111816,-0.0743112713098526,-0.2555494010448456,-0.022985998541116714,-0.07470452040433884,0.5203654766082764,-0.19775605201721191,0.04894716292619705,0.2157040685415268,0.4065139889717102,0.0017332648858428001,-0.01867947354912758,0.024446453899145126,-0.3613933026790619,-0.24303749203681946,0.3401624858379364,-0.409060001373291,0.40992558002471924,0.3236325979232788,0.21130996942520142,0.48892199993133545,-0.2033860832452774,-0.48006415367126465,-0.3698999285697937,-0.28272923827171326,0.03812515735626221
141,-0.14611396193504333,0.02224115841090679,-0.06966063380241394,-0.14083807170391083,0.11197375506162643,-0.05673938989639282,-0.10154129564762115,-0.020961634814739227,0.023608805611729622,0.15764585137367249,0.03842888027429581,-0.24320544302463531,-0.17785485088825226,-0.11012206226587296,0.07065368443727493,-0.07005161792039871,-0.11217594891786575,0.12023675441741943,-0.2706945240497589,-0.1413034349679947,-0.016636554151773453,0.04597105085849762,-0.08491529524326324,0.04927524924278259,0.20409514009952545,0.0006206769030541182,0.10603190958499908,0.05041889473795891,-0.15737169981002808,-0.04823598265647888,0.03425077348947525,0.03731264919042587,-0.11838623136281967,0.1517280638217926,0.10620852559804916,0.14568933844566345,-0.23435813188552856,-0.046049587428569794,0.19824010133743286,-0.11465504765510559,0.08757549524307251,-0.08613920211791992,-0.16461215913295746,0.08976279199123383,-0.128986194729805,0.058118775486946106,-0.16009870171546936,-0.022144518792629242,-0.03582875058054924,0.06985080987215042,-0.15412138402462006,-0.05906715244054794,-0.02315646968781948,-0.045677345246076584,-0.3450597822666168,-0.148657888174057,-0.24866819381713867,0.04899278283119202,-0.11655955761671066,-0.018913453444838524,0.07196683436632156,-0.022132623940706253,-0.08969160914421082,-0.04213970899581909
142,-0.0873400866985321,0.18797136843204498,0.10659629106521606,0.4388602674007416,0.2569468915462494,0.06903038918972015,-0.39005136489868164,0.11011823266744614,-0.019348828122019768,-0.10505388677120209,0.06738699972629547,-0.14544863998889923,0.42646536231040955,0.15079747140407562,-0.334686279296875,-0.011602431535720825,0.2994074523448944,0.020927228033542633,-0.18470154702663422,0.05710094794631004,-0.08598265051841736,-0.08739720284938812,-0.14109061658382416,0.10947719216346741,0.06531737744808197,-0.30933162569999695,-0.4071146249771118,0.07986067980527878,0.26855817437171936,0.3921075165271759,-0.30531495809555054,0.06839604675769806,-0.23410482704639435,0.06679950654506683,-0.3987507224082947,0.253554105758667,0.22466084361076355,0.3996276557445526,0.13208061456680298,0.39462757110595703,-0.008998848497867584,-0.15954698622226715,-0.5608220100402832,-0.053608011454343796,0.3160092532634735,0.06534583121538162,-0.46353405714035034,0.06248679384589195,-0.3450138568878174,-0.3867664337158203,0.301744669675827,-0.07306568324565887,-0.14938166737556458,0.2584960162639618,0.10926426947116852,0.06485113501548767,0.023868944495916367,0.5200821161270142,0.1849035918712616,-0.02060522697865963,-0.16340431571006775,-0.08975093811750412,0.2289550006389618,0.22409294545650482
143,0.13934093713760376,-0.020022135227918625,0.05414619296789169,-0.016266070306301117,0.14331817626953125,0.0033347811549901962,0.010242685675621033,0.16983583569526672,-0.06310053169727325,0.11730611324310303,0.1802404820919037,-0.06637910008430481,-0.05251770466566086,-0.17771947383880615,0.025045471265912056,-0.15774653851985931,-0.16657164692878723,0.025464050471782684,0.03125063702464104,0.08960700780153275,0.1475399285554886,0.06310918927192688,0.12645843625068665,0.10137970745563507,-0.09033557772636414,-0.2746001183986664,-0.19311697781085968,-0.1820189207792282,-0.12219846248626709,-0.3840319812297821,-0.2423381805419922,0.06899850815534592,0.3635377585887909,0.18188224732875824,-0.023678800091147423,-0.06727194041013718,0.12113646417856216,-0.059788722544908524,-0.16812904179096222,0.3309217691421509,-0.05324712023139,-0.1775444746017456,0.16090577840805054,0.14094388484954834,0.06241614744067192,-0.05255737155675888,-0.05444880574941635,0.4246065616607666,-0.06921825557947159,-0.16415928304195404,-0.07533092796802521,-0.2180500626564026,-0.07206875830888748,-0.3358045816421509,-0.06374416500329971,-0.304590106010437,0.23817402124404907,0.17976835370063782,0.24431288242340088,0.03448963910341263,0.13557149469852448,-0.0533725842833519,0.06956528127193451,-0.36571165919303894
144,-0.11926344037055969,-0.14764219522476196,-0.14460405707359314,0.26289793848991394,-0.1284034252166748,0.07942497730255127,-0.026341747492551804,0.24971354007720947,-0.2102937251329422,0.1946203112602234,0.15953713655471802,0.08633027225732803,0.4590824544429779,-0.2730756998062134,-0.36928796768188477,0.18017195165157318,0.40055030584335327,-0.4485780596733093,0.20018301904201508,-0.04391613230109215,0.35701829195022583,0.1916707307100296,0.01867416687309742,-0.039317790418863297,-0.39460811018943787,0.6134141683578491,-0.11267648637294769,-0.01096365973353386,0.5149050951004028,-0.0987326055765152,-0.27522486448287964,0.4520980417728424,0.069788359105587,0.013220190070569515,0.028631506487727165,0.12624655663967133,0.1422143280506134,-0.11446160823106766,-0.9511247277259827,0.33228927850723267,0.09617199003696442,0.4832421839237213,-0.2021222710609436,-0.20200736820697784,0.00874585285782814,-0.022599924355745316,0.5785906910896301,-0.008984463289380074,-0.2911131680011749,-0.0519518181681633,0.4773447513580322,0.1997319757938385,0.21458852291107178,-0.17660103738307953,-0.12565837800502777,0.25235509872436523,-0.13305485248565674,0.39190593361854553,0.560227632522583,-0.21144738793373108,0.33769750595092773,0.07452133297920227,0.022706644609570503,-0.10379941761493683
145,0.09877585619688034,-0.03103102371096611,0.3196537494659424,-0.07682782411575317,-0.035380005836486816,-0.11063939332962036,-0.22566166520118713,0.2567730247974396,-0.28990665078163147,0.2703632712364197,0.08508054167032242,0.2889336943626404,0.12784749269485474,0.3796190321445465,-0.09564759582281113,0.23145335912704468,-0.10389247536659241,-0.22349655628204346,-0.01934444159269333,0.011131957173347473,0.19413259625434875,0.06550145149230957,-0.15268944203853607,0.03629358485341072,-0.16402782499790192,-0.09802865982055664,-0.023966550827026367,-0.014777079224586487,-0.056150272488594055,0.00813940167427063,-0.0490761399269104,0.05872691422700882,0.05422481521964073,-0.015583507716655731,-0.19447648525238037,0.08198101818561554,-0.29763370752334595,-0.2573913037776947,-0.2789241075515747,0.3121519088745117,-0.0763993188738823,0.06338251382112503,-0.06722478568553925,-0.08947579562664032,-0.18894656002521515,-0.20433607697486877,-0.05595148354768753,0.028202969580888748,-0.049022428691387177,-0.058935992419719696,0.1403636932373047,-0.13913697004318237,0.2602910101413727,-0.239846333861351,-6.843265146017075e-05,-0.001133698970079422,-0.13523061573505402,0.05723266303539276,0.3964328169822693,-0.08624158054590225,0.06952592730522156,-0.11694715172052383,0.04003942385315895,-0.4520542025566101
146,-0.4755891263484955,0.10216642916202545,-0.0967598557472229,0.009543529711663723,0.4722658693790436,-0.092495396733284,0.015960615128278732,0.13558128476142883,0.08318498730659485,-0.08810658752918243,0.02953171916306019,-0.3720800280570984,-0.013484258204698563,-0.3066255748271942,0.04300346225500107,-0.16346149146556854,-0.016323871910572052,0.031232725828886032,-0.32204705476760864,-0.4137987196445465,0.06232953071594238,0.045922473073005676,-0.21145038306713104,0.15792767703533173,-0.03242681920528412,0.411044180393219,0.11056293547153473,0.12707379460334778,0.0246665570884943,-0.05529959127306938,-0.11819514632225037,-0.006407175213098526,0.10552643239498138,0.022310111671686172,0.15335659682750702,0.028598707169294357,0.24086716771125793,-0.05639062449336052,-0.2628922462463379,-0.08301353454589844,0.036854978650808334,0.17432697117328644,-0.011866352520883083,-0.09147399663925171,0.1676415652036667,-0.10491911321878433,0.2671392261981964,-0.16595298051834106,0.05683206394314766,-0.02488398551940918,-0.09160687774419785,-0.20831714570522308,0.0364992655813694,-0.1363474279642105,-0.11878612637519836,-0.11479422450065613,-0.04572946950793266,0.2718749940395355,0.2544059455394745,-0.11588682234287262,0.2760799825191498,0.22241631150245667,-0.30333006381988525,0.0033531561493873596
147,0.45153459906578064,0.06615228950977325,0.2082982361316681,-0.1884620189666748,-0.16581924259662628,-0.0378904789686203,-0.08524544537067413,0.31728193163871765,-0.21582257747650146,0.10701297223567963,-0.001705879345536232,0.18557097017765045,-0.02020532265305519,-0.09360011667013168,-0.004078518599271774,-0.29037830233573914,-0.2105327993631363,0.20127660036087036,0.0016173943877220154,0.146038219332695,-0.022040093317627907,0.12917347252368927,0.0756317600607872,-0.04348209500312805,0.0354195311665535,-0.35699179768562317,-0.04925832524895668,-0.2845616340637207,-0.26714083552360535,-0.3879726529121399,-0.02425532042980194,-0.11123562604188919,0.37900903820991516,0.2556334137916565,-0.01080079935491085,-0.027478080242872238,0.05025043711066246,-0.09542440623044968,-0.16791827976703644,0.28348785638809204,-0.1381610631942749,-0.2858380377292633,0.3022795617580414,0.13310067355632782,0.19907094538211823,0.13640718162059784,-0.11730126291513443,0.3458377420902252,0.13755294680595398,-0.0998682975769043,-0.1568734496831894,-0.18384699523448944,0.09979017823934555,-0.30343061685562134,0.18479323387145996,-0.47464367747306824,0.25283175706863403,0.04267954081296921,0.23142215609550476,-0.19227196276187897,0.25275564193725586,-0.18413500487804413,0.038592513650655746,-0.35592758655548096
148,-0.22149819135665894,0.3485841751098633,-0.09177480638027191,0.37399592995643616,0.10166391730308533,-0.003742087632417679,-0.33669066429138184,0.1483668088912964,-0.02647172473371029,0.20053724944591522,0.25566065311431885,-0.8766230344772339,0.20234982669353485,-0.4800952672958374,-0.2637209892272949,0.09377384185791016,0.22278781235218048,0.5193536877632141,-0.2752370536327362,0.24517548084259033,-0.0018918290734291077,0.12648427486419678,-0.32511913776397705,-0.19585245847702026,-0.05865664407610893,0.14667999744415283,-0.507905125617981,-0.021488402038812637,-0.2280324548482895,-0.18127550184726715,0.4829605221748352,0.2484014928340912,-0.1809075027704239,0.2980455160140991,0.1625145673751831,0.40042203664779663,-0.011196593753993511,-0.22911502420902252,0.09363432973623276,0.137642040848732,0.3143157362937927,0.2179366797208786,-0.23512643575668335,-0.01135992631316185,0.5922957062721252,-0.16564494371414185,-0.0608116053044796,-0.5370131134986877,-0.07250009477138519,0.02360662631690502,-0.023790378123521805,-0.026488661766052246,-0.1722261756658554,-0.18693329393863678,-0.04154509678483009,-0.17551660537719727,-0.45467907190322876,0.3071632385253906,0.41780710220336914,-0.44647109508514404,0.08069336414337158,0.18679557740688324,-0.2767508029937744,-0.3148871660232544
149,-0.2833298146724701,-0.13891823589801788,-0.026665356010198593,-0.033174894750118256,0.3044029176235199,-0.037045687437057495,0.0441000871360302,0.020848171785473824,-0.07006744295358658,0.2901706397533417,0.10512569546699524,-0.17740590870380402,0.1787097454071045,-0.317035436630249,0.12445606291294098,0.15191783010959625,0.08244997262954712,-0.10439683496952057,-0.05425718426704407,-0.13787102699279785,0.11979052424430847,0.005155559629201889,0.02631547302007675,0.15857873857021332,-0.20472964644432068,0.3832321763038635,-0.26659348607063293,-0.02647513523697853,0.08512859046459198,-0.10985121130943298,-0.20030726492404938,0.2027776837348938,0.2701253890991211,-0.028377272188663483,0.06797068566083908,0.05437757819890976,0.019169621169567108,-0.13197064399719238,-0.3498907685279846,0.15594972670078278,0.17587275803089142,0.34943923354148865,0.02013523504137993,-0.025261033326387405,-0.02416076697409153,-0.30244624614715576,0.4439365267753601,-0.07272772490978241,-0.12420134991407394,0.160784050822258,-0.05467455834150314,-0.05837060883641243,-0.011862346902489662,-0.20307768881320953,-0.25215670466423035,0.1654985547065735,-0.23084402084350586,0.18528272211551666,0.2963462173938751,-0.11676155030727386,0.19518211483955383,0.241328626871109,-0.2222563624382019,-0.16922377049922943
15,0.5634564161300659,-0.012598872184753418,0.29867708683013916,-0.17204955220222473,-0.18757060170173645,0.013038207776844501,-0.05200156569480896,0.28780752420425415,-0.38740095496177673,0.16637374460697174,0.03956063464283943,0.18373273313045502,-0.023431459441781044,-0.21131522953510284,0.10931305587291718,-0.34172332286834717,-0.1915021389722824,0.358602374792099,0.02086060121655464,0.2473115622997284,-0.0006186552345752716,0.1917751133441925,0.19873905181884766,0.011097975075244904,0.03591075539588928,-0.4789281189441681,-0.16834986209869385,-0.38532400131225586,-0.32896891236305237,-0.50188148021698,0.016265368089079857,-0.0430297814309597,0.5460070371627808,0.42138388752937317,-0.10350865125656128,0.11268825829029083,0.037873659282922745,-0.0994911789894104,-0.06593157351016998,0.33995160460472107,-0.07917110621929169,-0.38916441798210144,0.40430840849876404,0.13154442608356476,0.2720538079738617,0.24884378910064697,-0.2341402769088745,0.3960203528404236,0.0373559445142746,-0.20034974813461304,-0.23425452411174774,-0.23085270822048187,0.019273221492767334,-0.49753883481025696,0.2834608256816864,-0.567152202129364,0.29613131284713745,0.06955242156982422,0.3154802620410919,-0.3096676468849182,0.2719821631908417,-0.2094395011663437,0.0923132672905922,-0.5031087398529053
150,0.009292500093579292,-0.12150029838085175,0.23384836316108704,0.22061969339847565,-0.01978769525885582,0.35352686047554016,-0.05929509550333023,-0.2011200189590454,-0.2621329128742218,-0.3937334418296814,0.029669353738427162,0.049592528492212296,-0.17648981511592865,0.28874480724334717,0.3180902600288391,-0.10146869719028473,0.16085058450698853,0.03352675959467888,0.15670597553253174,0.3136502504348755,0.07456856966018677,0.09728162735700607,0.5016387701034546,-0.11941945552825928,0.13055838644504547,-0.28405916690826416,-0.19557300209999084,0.170306995511055,0.3014460504055023,-0.005253291223198175,0.0620061457157135,-0.2330496609210968,-0.1042153388261795,0.10711535811424255,-0.2495434284210205,-0.09084267914295197,0.029696904122829437,0.16330350935459137,0.48151838779449463,-0.23846492171287537,0.041486624628305435,-0.3122868835926056,0.1091143786907196,0.05045256391167641,0.041361402720212936,0.36456289887428284,-0.2043895423412323,0.18650951981544495,-0.19204172492027283,-0.02717900276184082,0.15688945353031158,0.0656556636095047,-0.24786680936813354,-0.31438127160072327,0.3090757429599762,0.021831702440977097,0.0949312373995781,-0.02921425551176071,-0.02821633592247963,0.049715474247932434,0.022306783124804497,-0.10247721523046494,0.2177545726299286,0.05091307312250137
151,0.07710066437721252,-0.1323261708021164,-0.0039246417582035065,0.28303274512290955,-0.1343907117843628,0.2672131657600403,-0.1693902313709259,-0.039050616323947906,-0.18058635294437408,-0.46429452300071716,0.07643216103315353,-0.056780267506837845,-0.25262343883514404,-0.38906973600387573,0.16645966470241547,0.1187446117401123,0.13784196972846985,0.4272594153881073,0.10801394283771515,0.22369056940078735,0.06595146656036377,0.1915970891714096,0.29503756761550903,-0.13461966812610626,-0.11456876993179321,-0.2297728955745697,-0.32246720790863037,-0.19727754592895508,-0.12932544946670532,-0.14110426604747772,0.5546982884407043,0.18786242604255676,0.18297049403190613,0.25573021173477173,0.23138277232646942,0.11331695318222046,0.3728216588497162,0.0444338396191597,0.33530980348587036,-0.010784493759274483,0.2373708039522171,-0.06164142116904259,0.36781972646713257,0.331861674785614,0.1307695060968399,0.4176584780216217,0.1840735673904419,0.21271094679832458,0.09231490641832352,-0.01565605401992798,-0.26226261258125305,0.18730545043945312,-0.3510875701904297,-0.15236185491085052,0.44326186180114746,-0.07913367450237274,0.28778380155563354,-0.19489982724189758,0.26092854142189026,0.005099553614854813,-0.1088685542345047,0.10256435722112656,0.1117393970489502,-0.1741892397403717
152,-0.18615522980690002,0.32054173946380615,-0.08733749389648438,0.3170078694820404,0.09185850620269775,-0.010194508358836174,-0.2871585786342621,0.1628534197807312,-0.021898912265896797,0.14466950297355652,0.2274778038263321,-0.7489601373672485,0.15287739038467407,-0.39146074652671814,-0.23834823071956635,0.08333256840705872,0.17521075904369354,0.42840540409088135,-0.2257867306470871,0.1956649273633957,-0.0023196302354335785,0.11347564309835434,-0.262259840965271,-0.1638818085193634,-0.05925235524773598,0.1343175768852234,-0.4154747724533081,-0.004350664094090462,-0.18509520590305328,-0.17414136230945587,0.41119760274887085,0.19837245345115662,-0.1630694419145584,0.24649915099143982,0.1454669088125229,0.33189302682876587,-0.016713537275791168,-0.2171984612941742,0.05058908462524414,0.11359269917011261,0.2602470815181732,0.19792617857456207,-0.2077849954366684,0.00639241561293602,0.4819853901863098,-0.14004339277744293,-0.050592388957738876,-0.437590092420578,-0.03916138783097267,0.020717119798064232,-0.03290948271751404,-0.027369245886802673,-0.11532080918550491,-0.16899311542510986,-0.04301142320036888,-0.15340960025787354,-0.3953782618045807,0.2707124352455139,0.3686571717262268,-0.360073983669281,0.0760895237326622,0.14332188665866852,-0.2327541708946228,-0.2717747390270233
153,-0.13626275956630707,0.05569883808493614,-0.2676771283149719,0.1481039822101593,0.2193969190120697,0.3740798532962799,-0.15867452323436737,0.20823150873184204,0.2417123168706894,-0.30566850304603577,-0.09070341289043427,-0.12239072471857071,-0.32629603147506714,-0.25859278440475464,-0.03917941451072693,-0.26823189854621887,-0.15944722294807434,0.4802411198616028,-0.11736200749874115,-0.042171839624643326,0.11137685179710388,0.22184963524341583,0.20876355469226837,-0.1485881507396698,0.2106090486049652,-0.15332892537117004,-0.1661919355392456,0.2388833910226822,-0.19938257336616516,-0.1692660003900528,-0.19510796666145325,0.05916886776685715,-0.07478955388069153,0.08543400466442108,0.208735391497612,-0.16015398502349854,0.36067262291908264,-0.09019552171230316,-0.004903289023786783,-0.1688193529844284,0.0664445161819458,-0.21480609476566315,0.2421541064977646,0.35345906019210815,0.11094219982624054,0.37582242488861084,0.07631850987672806,0.2891105115413666,-0.12462159246206284,0.23987452685832977,-0.16445602476596832,0.025917407125234604,-0.26795724034309387,-0.06230619177222252,-0.39994800090789795,-0.11445766687393188,0.014976490288972855,0.13070443272590637,0.1249840036034584,0.19590692222118378,0.3312193751335144,0.3182563781738281,0.16154879331588745,0.034751683473587036
154,-0.26294630765914917,0.21057920157909393,-0.23123042285442352,0.09073083847761154,0.4179654121398926,-0.07122636586427689,-0.15808652341365814,-0.020749837160110474,0.18751277029514313,0.004043661057949066,0.08311071991920471,-0.3075219988822937,-0.06063063442707062,-0.16330575942993164,0.061211682856082916,0.06292545050382614,-0.07618498802185059,0.4095040559768677,-0.2748669981956482,-0.026477735489606857,-0.14522047340869904,-0.2461266964673996,-0.1841258555650711,-0.007006166502833366,0.232488214969635,-0.02232646942138672,-0.22823505103588104,-0.1254403442144394,-0.27680709958076477,-0.01519121415913105,0.062439754605293274,-0.06971806287765503,-0.07868580520153046,-0.024111349135637283,0.11942750960588455,0.0606594979763031,0.06504324823617935,-0.2203676849603653,0.12177984416484833,-0.03922406584024429,0.32083526253700256,0.015820279717445374,-0.0029422948136925697,0.03950759768486023,0.3275665044784546,-0.14839959144592285,0.02141086757183075,-0.07698779553174973,-0.1533336639404297,0.284537672996521,-0.3327382802963257,-0.10211270302534103,0.030509740114212036,0.17110465466976166,-0.17785274982452393,-0.011878956109285355,-0.2283567190170288,0.007853075861930847,0.06458321213722229,0.010654985904693604,-0.06508692353963852,0.257467657327652,-0.16545414924621582,-0.029794974252581596
155,-0.11191385984420776,-0.18651226162910461,-0.1520913988351822,0.06383190304040909,0.16268546879291534,0.011320101097226143,-0.03990807384252548,-0.09468046575784683,0.19596710801124573,0.0010763518512248993,0.14008969068527222,-0.018770013004541397,-0.21566170454025269,-0.31553545594215393,0.23444907367229462,0.11297561228275299,-0.07501307874917984,0.021451786160469055,-0.054590485990047455,-0.23547878861427307,0.0366705060005188,-0.06415369361639023,-0.03538750112056732,0.18312637507915497,0.18979844450950623,0.2750016450881958,-0.0023694541305303574,-0.03200022131204605,-0.10340848565101624,0.1928001046180725,0.0004923082888126373,-0.08342690765857697,0.2076452523469925,-0.07252322137355804,0.13952845335006714,-0.007628714200109243,0.3609158992767334,0.10680937021970749,-0.06968061625957489,-0.09152238070964813,0.06914022564888,0.040702637284994125,0.24260181188583374,-0.021161068230867386,0.1100120097398758,-0.08984541893005371,0.19069506227970123,-0.03048466518521309,-0.1943165361881256,0.0997595265507698,-0.07538975030183792,-0.20636175572872162,-0.04086241126060486,0.0817592591047287,-0.023483075201511383,-0.004974372684955597,0.13583239912986755,-0.1199050098657608,0.24016287922859192,-0.2526894509792328,-0.11877496540546417,0.06617169827222824,-0.11170731484889984,-0.05111996829509735
156,-0.359276682138443,-0.202962264418602,-0.5607141256332397,0.2537373900413513,0.2828866243362427,0.17903271317481995,0.12467360496520996,-0.04860707372426987,-0.06254485994577408,-0.1454043686389923,0.30212587118148804,-0.21201761066913605,0.01799933984875679,-0.3948463797569275,0.24853171408176422,-0.2547440826892853,0.10327178984880447,-0.14588603377342224,0.2075238972902298,-0.22095513343811035,0.22994236648082733,-0.1344994753599167,0.2029339075088501,0.11590711772441864,-0.04383013769984245,0.5241147875785828,-0.40391457080841064,-0.04130135476589203,0.23532775044441223,0.0012928512878715992,-0.07170751690864563,0.22584259510040283,0.1684616208076477,-0.16604050993919373,0.20600569248199463,-0.22513259947299957,0.1661565899848938,-0.21251052618026733,-0.32192015647888184,-0.10577039420604706,0.21562771499156952,-0.05395052209496498,-0.05965567007660866,-0.055776920169591904,0.29478710889816284,-0.0718909204006195,0.2950039803981781,-0.07760071009397507,-0.4823896884918213,0.09516844153404236,0.015331964008510113,0.04408513754606247,-0.32382434606552124,0.012284370139241219,-0.19472864270210266,0.29433444142341614,-0.2663840353488922,0.0943237841129303,0.010003866627812386,0.14622507989406586,0.006247414276003838,0.6177687048912048,0.0377202108502388,-0.07445569336414337
157,0.06076653301715851,-0.059515807777643204,0.1737653762102127,0.34203484654426575,-0.08349038660526276,-0.10005061328411102,0.35976314544677734,-0.2935151755809784,-0.04492275416851044,0.5532207489013672,0.16967017948627472,-0.4637901782989502,0.17078059911727905,-0.3467528820037842,0.21650736033916473,0.08006921410560608,0.02488025836646557,0.02973610907793045,0.015266474336385727,0.1917290985584259,0.01795228198170662,0.03465300798416138,0.0029279720038175583,-0.12634742259979248,-0.5122500658035278,0.04082038998603821,-0.15494059026241302,-0.035570260137319565,-0.10900922119617462,-0.03913214057683945,0.3334251046180725,0.2853163182735443,0.12724168598651886,0.1069294661283493,0.011355261318385601,-0.0334860235452652,0.30982547998428345,-0.24796909093856812,-0.04282120615243912,0.16050945222377777,0.2742968499660492,-0.08162502944469452,0.24238455295562744,-0.35568034648895264,0.3068569600582123,0.0036939382553100586,-0.0003025834448635578,-0.6144669055938721,-0.16824141144752502,-0.13765816390514374,0.06284843385219574,-0.07644225656986237,-0.2868959307670593,-0.31253063678741455,0.3970390558242798,-0.337815523147583,-0.10550005733966827,-0.2325764000415802,0.009154681116342545,-0.46870797872543335,0.025248374789953232,0.10210903733968735,-0.10743138194084167,-0.2739802598953247
158,0.31006452441215515,0.13913209736347198,-0.19499365985393524,-0.03220066428184509,-0.14748910069465637,-0.0613761842250824,-0.2704654037952423,0.05037502944469452,0.15442663431167603,0.10631756484508514,0.09981024265289307,0.08792654424905777,0.0008850656449794769,-0.17492660880088806,-0.17149697244167328,0.030251460149884224,-0.016523035243153572,0.051368553191423416,-0.07312273979187012,-0.17574699223041534,0.010739993304014206,-0.08156479150056839,-0.11609257012605667,0.12992696464061737,0.33856722712516785,-0.024541936814785004,0.09198363125324249,-0.17991459369659424,-0.07351986318826675,0.13627390563488007,-0.025772202759981155,-0.043193135410547256,-0.05987969785928726,0.15540483593940735,0.0942334309220314,0.0650193840265274,0.10853835195302963,0.14016680419445038,-0.008792240172624588,0.1329599767923355,0.021237660199403763,-0.05774572119116783,-0.1378290057182312,0.03982449695467949,0.1702689379453659,0.15188801288604736,0.009258158504962921,0.19994494318962097,-0.1586465835571289,0.019234539940953255,-0.017511628568172455,-0.017880868166685104,0.1484173685312271,0.18203400075435638,-0.05885648727416992,-0.16111621260643005,0.1262814998626709,0.038094837218523026,0.12215267866849899,-0.12384633719921112,-0.06211818754673004,-0.2414647936820984,-0.002635163487866521,-0.029970163479447365
159,0.45120763778686523,0.04683863744139671,0.4133818745613098,-0.26200762391090393,-0.16466176509857178,-0.11155731976032257,0.026113297790288925,0.18258899450302124,-0.3631027340888977,0.30361226201057434,-0.0037305280566215515,0.2254239171743393,-0.12188302725553513,0.02060086838901043,0.06504428386688232,-0.1544189602136612,-0.2683100998401642,0.15484337508678436,-0.15266329050064087,0.017931148409843445,-0.03688761219382286,0.166381374001503,-0.05206537991762161,-0.06338648498058319,-0.08184553682804108,-0.22693489491939545,0.11181320250034332,-0.11514599621295929,-0.39155974984169006,-0.2714737057685852,0.11800964176654816,0.10557284206151962,0.17441612482070923,0.33580148220062256,-0.12699246406555176,0.16687597334384918,-0.222605898976326,-0.27652981877326965,-0.07987408339977264,0.18015865981578827,-0.11388006806373596,-0.22594355046749115,0.1975698322057724,-0.01016964390873909,-0.1839795857667923,0.1245114654302597,-0.273916631937027,0.0399053618311882,0.08394288271665573,-0.17173291742801666,-0.18960148096084595,-0.16465991735458374,0.2528049051761627,-0.36412981152534485,0.14701758325099945,-0.42338690161705017,-0.11427783966064453,-0.13349445164203644,0.08583728969097137,-0.29649263620376587,0.18603940308094025,-0.09848421812057495,0.06263446807861328,-0.44298651814460754
16,0.20015260577201843,0.009753085672855377,-0.013506181538105011,0.29331761598587036,-0.07772563397884369,-0.045033589005470276,0.19039875268936157,-0.020238805562257767,-0.03402094542980194,0.09546476602554321,0.05556352809071541,-0.09761013835668564,0.035589441657066345,-0.533825695514679,0.08822774887084961,-0.16590261459350586,-0.020600100979208946,0.36954107880592346,0.06501272320747375,0.11533118784427643,-0.01616828143596649,0.0850495770573616,0.027787405997514725,-0.14901095628738403,-0.23016178607940674,-0.03673967719078064,-0.161820188164711,-0.35297149419784546,-0.27029216289520264,-0.17857123911380768,0.3327401876449585,0.2519737482070923,0.2913307249546051,0.13242357969284058,0.18836866319179535,0.04863458871841431,0.5631023049354553,-0.1858317255973816,-0.1867007613182068,0.15260635316371918,0.2060420662164688,-0.13617317378520966,0.4451928734779358,-0.10408619046211243,0.4965108633041382,0.1706468015909195,0.11699600517749786,-0.1074475347995758,-0.034200988709926605,-0.18085753917694092,-0.1929064691066742,-0.10581407696008682,-0.16231869161128998,-0.14997094869613647,0.5395283699035645,-0.4082944393157959,0.2833719551563263,-0.23653247952461243,0.1708466112613678,-0.37196600437164307,0.009009573608636856,0.1041022315621376,0.017214328050613403,-0.2848028838634491
160,-0.12912298738956451,0.054435260593891144,0.33884429931640625,0.32544469833374023,0.21003316342830658,0.3288830816745758,-0.2671218812465668,-0.11579840630292892,-0.17896465957164764,-0.40396037697792053,-0.1119723841547966,-0.06108618900179863,-0.20882771909236908,0.3039090037345886,0.09336662292480469,-0.19626358151435852,0.11955242604017258,0.14610205590724945,-0.16073355078697205,0.21503016352653503,-0.05140974000096321,0.07508737593889236,0.3431396186351776,-0.072186678647995,0.04890793189406395,-0.3703099489212036,-0.26779088377952576,0.22488830983638763,0.313638836145401,-0.1783750355243683,-0.16936223208904266,-0.014597572386264801,-0.12139318138360977,0.32197561860084534,-0.39725905656814575,-0.0119828125461936,0.18426942825317383,-0.055423106998205185,0.32874125242233276,-0.04031117260456085,-0.08300569653511047,-0.2906147837638855,0.08707842230796814,0.10242953896522522,-0.0247882679104805,0.27355995774269104,-0.32381579279899597,0.17904168367385864,-0.29114845395088196,-0.1549394428730011,0.17618383467197418,0.1438738852739334,-0.22068631649017334,-0.28625863790512085,0.08809377998113632,-0.18745285272598267,-0.06684987246990204,0.29174304008483887,0.04672197252511978,0.2741682529449463,0.19234108924865723,0.07854320853948593,0.392153799533844,-0.02728668786585331
161,-0.14867012202739716,-0.2697441279888153,-0.13866741955280304,-0.1338113695383072,0.010634348727762699,-0.03967120498418808,-0.08415912091732025,-0.13320478796958923,-0.12036829441785812,-0.15006498992443085,0.23400597274303436,-0.12982864677906036,-0.37598660588264465,-0.07007496058940887,0.5109862089157104,0.18198129534721375,-0.08720305562019348,-0.07960785925388336,0.14493104815483093,-0.19317978620529175,0.13634856045246124,0.06421784311532974,0.21302105486392975,0.2454008311033249,0.07194815576076508,0.3536519706249237,0.07909125089645386,0.15419749915599823,0.0660494863986969,0.1536639928817749,0.412886381149292,-0.21063804626464844,0.13782352209091187,-0.21958595514297485,0.12620502710342407,0.024396564811468124,-0.29382774233818054,0.1494113653898239,0.30181723833084106,-0.3807149827480316,0.19442321360111237,0.06056531146168709,0.09703341126441956,0.12507911026477814,-0.20951874554157257,0.05247858911752701,0.029307596385478973,-0.03159195929765701,0.1472397893667221,0.09344848245382309,-0.13463281095027924,-0.1448603719472885,-0.10305186361074448,-0.2923987805843353,-0.008145065046846867,0.24668532609939575,-0.0332125686109066,-0.2983360290527344,0.10057573765516281,-0.08467654138803482,-0.3117024004459381,-0.2523227334022522,-0.20682986080646515,-0.212563619017601
162,0.08325037360191345,-0.12503692507743835,0.09206834435462952,-0.20557326078414917,-0.041696470230817795,0.0007001087069511414,0.012596234679222107,-0.0918402150273323,0.005369912832975388,0.11767911911010742,0.09964179247617722,0.11469998955726624,-0.09831850975751877,-0.06718791276216507,0.16117295622825623,-0.10644982010126114,-0.13428840041160583,0.005337274633347988,-0.23234646022319794,0.018156100064516068,-0.18709023296833038,0.06187284737825394,-0.09061809629201889,0.01689869910478592,0.17006993293762207,0.2293526977300644,-0.02740129642188549,0.016194995492696762,-0.0752962976694107,0.02755231037735939,0.08497478067874908,-0.029800251126289368,0.20548880100250244,0.06831323355436325,0.05177000164985657,-0.10494998842477798,0.10551944375038147,-0.11679760366678238,-0.09723982959985733,-0.167119100689888,0.025314997881650925,0.10957836359739304,0.30034586787223816,-0.030734915286302567,0.05923379585146904,0.0028555989265441895,0.08457071334123611,-0.1638425588607788,-0.13541273772716522,0.29013192653656006,-0.036003582179546356,-0.023577792569994926,0.12526942789554596,-0.0035757310688495636,0.007897495292127132,-0.18989717960357666,-0.047782354056835175,-0.0792468935251236,0.20035725831985474,-0.20506954193115234,0.08331040292978287,0.24017180502414703,-0.050622545182704926,-0.03425733745098114
163,-0.12140373885631561,0.12105964124202728,-0.1141526848077774,0.3272128105163574,0.0927630364894867,0.03446350246667862,-0.06482256948947906,-0.01190873607993126,-0.047105640172958374,0.05379439517855644,0.3162100613117218,-0.6949136257171631,-0.17743706703186035,-0.45765596628189087,0.08875913172960281,0.13062897324562073,-0.022298961877822876,0.3015255033969879,-0.13370759785175323,0.09617619961500168,0.14229635894298553,0.3338690400123596,0.1508352905511856,0.09927940368652344,-0.27172350883483887,-0.12426866590976715,-0.1430077850818634,0.11194948107004166,-0.09162552654743195,-0.24155287444591522,0.3801976144313812,0.26284781098365784,-0.006966776214540005,0.3250248432159424,0.18427802622318268,0.1913781762123108,0.11387617141008377,-0.07233835756778717,0.303432434797287,0.08691099286079407,0.3160538077354431,-0.07873993366956711,-0.05191110819578171,0.18792137503623962,0.052971091121435165,0.2910027801990509,-0.20043085515499115,-0.0844775140285492,0.011175143532454967,-0.1260303407907486,-0.2365807592868805,-0.06221572682261467,-0.35936516523361206,-0.48191872239112854,0.07739602774381638,-0.4139646887779236,-0.030043259263038635,0.0893634706735611,0.2643428146839142,-0.025677666068077087,0.07496000081300735,-0.10566481202840805,0.049928683787584305,-0.3078221380710602
164,-0.11103592813014984,0.0947175920009613,-0.25427430868148804,0.14400318264961243,0.23903939127922058,0.31775274872779846,-0.15335629880428314,0.18572372198104858,0.23939350247383118,-0.40959683060646057,-0.06792599707841873,-0.12127011269330978,-0.4305582642555237,-0.25255194306373596,-0.047428809106349945,-0.20408755540847778,-0.1733887791633606,0.44517049193382263,-0.14147290587425232,-0.11463566869497299,0.12290598452091217,0.14106713235378265,0.1752067357301712,-0.13566431403160095,0.2209855169057846,-0.17072728276252747,-0.09566682577133179,0.24244023859500885,-0.26801496744155884,-0.16690008342266083,-0.13383150100708008,0.09455154091119766,-0.11146534979343414,0.13441455364227295,0.24225211143493652,-0.17471854388713837,0.3494794964790344,-0.1827847808599472,0.0445837676525116,-0.17263437807559967,0.07655240595340729,-0.19615747034549713,0.22291913628578186,0.33078011870384216,0.07532604038715363,0.3966292440891266,0.1261013299226761,0.3016039729118347,-0.08300579339265823,0.23468925058841705,-0.20385444164276123,0.04272842034697533,-0.2108193337917328,-0.05085797980427742,-0.35808199644088745,-0.08627835661172867,-0.01669188402593136,0.038936808705329895,0.1315029263496399,0.2105993926525116,0.23664478957653046,0.33531662821769714,0.12345291674137115,0.0038648154586553574
165,0.15166951715946198,0.16691632568836212,-0.24867720901966095,0.1830931305885315,0.15755252540111542,0.04472067952156067,-0.10203911364078522,0.1765112578868866,0.45565056800842285,-0.09894010424613953,0.060931287705898285,0.2846837043762207,0.04835810512304306,-0.31562384963035583,-0.5142847895622253,-0.32518434524536133,0.022432101890444756,-0.08535736799240112,-0.07943210750818253,-0.4058101773262024,0.11225961148738861,-0.037961773574352264,-0.3892357349395752,0.06837179511785507,0.20536857843399048,0.26455822587013245,0.13155542314052582,0.02757144533097744,0.025932393968105316,0.1451943963766098,-0.5019934773445129,0.2583675980567932,-0.028512604534626007,0.04438035190105438,0.09214871376752853,-0.15297989547252655,0.7529720067977905,0.07981376349925995,-0.6483146548271179,0.2655141055583954,-0.30622559785842896,0.02065492793917656,0.06073477491736412,-0.3022005259990692,0.3700626492500305,0.11904574930667877,0.2370128184556961,0.17962847650051117,-0.20788124203681946,-0.35665830969810486,0.40813255310058594,-0.15464633703231812,0.21913813054561615,0.2783781588077545,0.0604206882417202,-0.10647501051425934,0.45219695568084717,0.17807304859161377,0.32313594222068787,-0.20918551087379456,0.07132235914468765,0.09969232231378555,0.14569199085235596,0.05278109759092331
166,0.013327345252037048,-0.2747853696346283,-0.19335363805294037,0.15808477997779846,-0.07767963409423828,0.20906834304332733,-0.08798497915267944,-0.11530417948961258,-0.005993729457259178,-0.4124567210674286,0.06340350210666656,0.05481749400496483,-0.37562063336372375,-0.03095468319952488,0.1857582926750183,-0.01797429844737053,-0.028076115995645523,-0.04782332107424736,0.1461489349603653,-0.10216975212097168,0.11486677825450897,0.01812550239264965,0.4124550223350525,0.019425123929977417,-0.06051158532500267,0.08785375952720642,-0.16735832393169403,0.07766377925872803,0.20394687354564667,-0.07898898422718048,0.1241789162158966,0.1056152954697609,0.10436771810054779,0.008983107283711433,0.008407212793827057,-0.29716116189956665,0.17495712637901306,-0.16757647693157196,0.06015019118785858,-0.17837217450141907,0.050148140639066696,-0.09608875960111618,0.16767878830432892,0.29565688967704773,-0.19760094583034515,0.23261728882789612,0.18653017282485962,0.22864378988742828,-0.25800803303718567,0.1880699247121811,0.008980394341051579,0.23248285055160522,-0.24163952469825745,-0.036540646106004715,-0.17205707728862762,0.12270432710647583,-0.0625697672367096,-0.08562448620796204,0.03922586888074875,0.34381645917892456,-0.13427512347698212,0.2855089604854584,0.2852368652820587,-0.0745476633310318
167,-0.019690457731485367,-0.03640544041991234,0.05482625961303711,-0.011778334155678749,-0.16272321343421936,0.07673632353544235,-0.09462559223175049,-0.06443618983030319,-0.16274720430374146,0.3997611105442047,-0.00619918666779995,-0.32277992367744446,0.10944569110870361,-0.3068191409111023,0.09205514192581177,0.01763545162975788,0.1361391693353653,0.427976131439209,-0.20367339253425598,-0.024456873536109924,-0.08046557009220123,0.20324912667274475,0.020858801901340485,-0.007685717195272446,-0.02265574038028717,0.06655795872211456,-0.18735282123088837,-0.2417386919260025,-0.1235591322183609,-0.08041860163211823,0.4936707317829132,0.13153153657913208,0.06818472594022751,0.36129483580589294,0.07092441618442535,0.33050084114074707,0.07962162047624588,-0.029893245548009872,0.28209102153778076,-0.028469007462263107,0.134031280875206,-0.02318399026989937,0.08300593495368958,0.10898619890213013,0.11108878254890442,-0.006850432604551315,0.018838679417967796,-0.38032278418540955,-0.09187009930610657,0.0923444926738739,-0.252120703458786,0.006829368881881237,-0.2696033716201782,-0.1851782351732254,0.033650074154138565,-0.3409680724143982,-0.15656965970993042,0.18330620229244232,0.13283026218414307,-0.31607842445373535,0.18783050775527954,0.03726579621434212,-0.15940436720848083,-0.13881514966487885
168,-0.30523329973220825,0.17853976786136627,-0.15829555690288544,-0.0008562887087464333,0.35169917345046997,-0.1478520631790161,-0.28843969106674194,-0.11586413532495499,0.14259575307369232,0.052073705941438675,0.014507459476590157,-0.39932262897491455,-0.0714484229683876,-0.21667900681495667,0.018991276621818542,0.04617927968502045,-0.0005544144660234451,0.477766215801239,-0.41708025336265564,-0.1389217972755432,-0.13235020637512207,-0.26892343163490295,-0.3643840551376343,-0.08818114548921585,0.3407990038394928,0.1449197232723236,-0.21847419440746307,-0.22925786674022675,-0.37212398648262024,-0.06474272906780243,0.2369048297405243,-0.03163495287299156,-0.17192907631397247,0.10263632237911224,0.1452913135290146,0.12596990168094635,-0.08671123534440994,-0.3300671875476837,0.26535898447036743,-0.10255810618400574,0.28996458649635315,0.06568814069032669,-0.1175001859664917,-0.010348241776227951,0.353908509016037,-0.20807737112045288,0.15047815442085266,-0.2560122013092041,-0.1620967984199524,0.3829394280910492,-0.2913358211517334,-0.0729488804936409,0.07020476460456848,0.16913731396198273,-0.22774556279182434,-0.0127921923995018,-0.4456048607826233,-0.01925620436668396,0.025002578273415565,-0.13816294074058533,-0.06500297784805298,0.3560352921485901,-0.2949385643005371,-0.13863927125930786
169,-0.07390402257442474,0.12308406829833984,-0.19088499248027802,0.09953168779611588,0.20922645926475525,0.22152771055698395,-0.13737723231315613,0.13258659839630127,0.18482135236263275,-0.3473588824272156,-0.03415992110967636,-0.09857916086912155,-0.37451913952827454,-0.1831105798482895,-0.039345573633909225,-0.14223961532115936,-0.13696995377540588,0.3236607015132904,-0.14079643785953522,-0.1396791636943817,0.08997708559036255,0.07336486130952835,0.1170610636472702,-0.09232743829488754,0.19238100945949554,-0.14728008210659027,-0.04195856675505638,0.18460072576999664,-0.22617679834365845,-0.11846838891506195,-0.07545898854732513,0.0920741930603981,-0.12746767699718475,0.13969701528549194,0.2147166132926941,-0.14111021161079407,0.2610672116279602,-0.1770162135362625,0.07219679653644562,-0.12909598648548126,0.06819233298301697,-0.15083332359790802,0.13786280155181885,0.2525574564933777,0.034662771970033646,0.30714043974876404,0.11147274821996689,0.24762386083602905,-0.04704286903142929,0.17414994537830353,-0.18407785892486572,0.04497719928622246,-0.12893827259540558,-0.02727675810456276,-0.25355294346809387,-0.07822613418102264,-0.03316193073987961,0.0015345625579357147,0.08889055997133255,0.18226872384548187,0.15750014781951904,0.25059786438941956,0.07793643325567245,-0.0026645343750715256
17,-0.29200056195259094,0.08095528185367584,-0.31871724128723145,-0.1564875841140747,0.34308764338493347,0.019507162272930145,-0.25974908471107483,-0.09752800315618515,0.07874227315187454,0.17125560343265533,0.12379935383796692,-0.48833876848220825,-0.28783684968948364,-0.24704387784004211,0.14817173779010773,-0.10849159955978394,-0.100435271859169,0.2916426658630371,-0.44384971261024475,-0.4916100800037384,0.06377387791872025,-0.06384249031543732,-0.11071928590536118,0.22167082130908966,0.4876609742641449,0.20179204642772675,0.12504208087921143,0.007550962269306183,-0.24634623527526855,-0.02627067267894745,-0.004588872194290161,0.08500827103853226,-0.2505369484424591,0.28279444575309753,0.169992595911026,0.23683182895183563,-0.2526439130306244,-0.16777044534683228,0.3514772653579712,-0.2841399312019348,0.3054841458797455,-0.17742246389389038,-0.2829442620277405,0.0862310603260994,-0.05189310759305954,0.182542085647583,-0.15932324528694153,-0.08333153277635574,-0.3575612008571625,0.2774694859981537,-0.3244919180870056,-0.0840156301856041,0.024883214384317398,-0.12929019331932068,-0.5949016809463501,-0.14938226342201233,-0.4625839591026306,0.17681530117988586,-0.11016418039798737,0.07419086247682571,0.1338394284248352,0.018559126183390617,-0.18282318115234375,-0.15647538006305695
170,0.11798883974552155,-0.026440445333719254,0.006167672574520111,0.2606748938560486,-0.029331397265195847,0.016920993104577065,-0.24098442494869232,-0.13875308632850647,-0.0034914854913949966,-0.037095945328474045,-0.02203390561044216,0.011144592426717281,0.2025507092475891,0.11109281331300735,-0.1509426385164261,-0.04142075404524803,0.21239657700061798,0.03154383972287178,0.043190617114305496,-0.0714753195643425,-0.01767554134130478,-0.16987766325473785,0.22840659320354462,0.15970972180366516,0.08225683867931366,-0.18413853645324707,-0.23334629833698273,-0.19426290690898895,0.4159475266933441,0.09885193407535553,-0.138591930270195,-0.03256348893046379,-0.06820262968540192,0.12388020753860474,-0.41095981001853943,0.07386649399995804,0.12648248672485352,0.18791738152503967,0.18258512020111084,0.18307273089885712,0.03451330587267876,-0.1633320301771164,-0.29422223567962646,-0.012092996388673782,0.12174791097640991,0.15624801814556122,-0.14918725192546844,0.2120223045349121,-0.41321659088134766,-0.25143980979919434,0.1879163384437561,0.0750400573015213,-0.08492647856473923,0.09943540394306183,0.018884610384702682,-0.0035379230976104736,0.0691898763179779,0.352321594953537,-0.06265595555305481,0.1440620869398117,-0.15196816623210907,-0.1747892051935196,0.23721083998680115,0.06441313028335571
171,-0.22303995490074158,0.16367661952972412,-0.1350850760936737,-0.10715163499116898,0.25762003660202026,0.004246804863214493,-0.08032038807868958,0.029150784015655518,-0.0007183300331234932,0.0206521674990654,0.06116174906492233,-0.4005095660686493,-0.25369787216186523,-0.1000988557934761,0.06750784814357758,-0.17491808533668518,-0.12684668600559235,0.19861897826194763,-0.36089327931404114,-0.3288443088531494,0.013944096863269806,0.0021661799401044846,-0.07775916159152985,-0.0037793125957250595,0.2301301807165146,0.13305816054344177,0.12483634054660797,0.0757063627243042,-0.22528797388076782,-0.1064339131116867,0.07594338059425354,0.06304600834846497,-0.25103989243507385,0.21752102673053741,0.1454876810312271,0.11105737090110779,-0.16063657402992249,-0.24137616157531738,0.17590442299842834,-0.26624590158462524,0.1609833836555481,-0.13079190254211426,-0.18475279211997986,0.11317586898803711,-0.09560076892375946,0.07687360048294067,-0.11028803884983063,-0.09643328189849854,-0.13888274133205414,0.2008410394191742,-0.27914315462112427,-0.05853525549173355,0.05827454850077629,-0.1312280297279358,-0.3864303231239319,-0.19986169040203094,-0.411136656999588,0.10859549790620804,-0.11825473606586456,0.06750182807445526,0.15957783162593842,0.13161157071590424,-0.15424317121505737,-0.08874326199293137
172,0.11903457343578339,-0.04270968958735466,0.023290233686566353,0.3145930767059326,-0.02210168167948723,0.018744204193353653,-0.2718014419078827,-0.15167668461799622,-0.012184694409370422,-0.046121496707201004,-0.028819778934121132,-0.0009093927219510078,0.2663742005825043,0.12275692075490952,-0.18593734502792358,-0.03588462620973587,0.2605286240577698,0.02966206520795822,0.04717540368437767,-0.07861185073852539,-0.006404422223567963,-0.1885892003774643,0.2518996596336365,0.19622254371643066,0.08815133571624756,-0.21721187233924866,-0.28385013341903687,-0.22313813865184784,0.47679242491722107,0.13681569695472717,-0.1834135800600052,-0.02440650947391987,-0.07039083540439606,0.13617762923240662,-0.4895443916320801,0.11438615620136261,0.1476747989654541,0.24946877360343933,0.21109984815120697,0.22329603135585785,0.04498587176203728,-0.1723717302083969,-0.36833861470222473,-0.013006322085857391,0.14695924520492554,0.17122261226177216,-0.18241357803344727,0.2451334297657013,-0.4920915961265564,-0.30624163150787354,0.22661691904067993,0.07678184658288956,-0.10857493430376053,0.12204636633396149,0.01756247878074646,0.015594754368066788,0.08851805329322815,0.435960590839386,-0.05430707335472107,0.15957774221897125,-0.184736967086792,-0.19887368381023407,0.26673680543899536,0.08241508901119232
173,-0.30523329973220825,0.17853976786136627,-0.15829555690288544,-0.0008562887087464333,0.35169917345046997,-0.1478520631790161,-0.28843969106674194,-0.11586413532495499,0.14259575307369232,0.052073705941438675,0.014507459476590157,-0.39932262897491455,-0.0714484229683876,-0.21667900681495667,0.018991276621818542,0.04617927968502045,-0.0005544144660234451,0.477766215801239,-0.41708025336265564,-0.1389217972755432,-0.13235020637512207,-0.26892343163490295,-0.3643840551376343,-0.08818114548921585,0.3407990038394928,0.1449197232723236,-0.21847419440746307,-0.22925786674022675,-0.37212398648262024,-0.06474272906780243,0.2369048297405243,-0.03163495287299156,-0.17192907631397247,0.10263632237911224,0.1452913135290146,0.12596990168094635,-0.08671123534440994,-0.3300671875476837,0.26535898447036743,-0.10255810618400574,0.28996458649635315,0.06568814069032669,-0.1175001859664917,-0.010348241776227951,0.353908509016037,-0.20807737112045288,0.15047815442085266,-0.2560122013092041,-0.1620967984199524,0.3829394280910492,-0.2913358211517334,-0.0729488804936409,0.07020476460456848,0.16913731396198273,-0.22774556279182434,-0.0127921923995018,-0.4456048607826233,-0.01925620436668396,0.025002578273415565,-0.13816294074058533,-0.06500297784805298,0.3560352921485901,-0.2949385643005371,-0.13863927125930786
174,-0.03794592618942261,0.1313922107219696,-0.08607595413923264,0.19560524821281433,0.016542842611670494,-0.019630370661616325,0.02490176633000374,-0.02189713716506958,-0.008454065769910812,0.1159639060497284,0.30571186542510986,-0.5289511680603027,-0.1626759171485901,-0.2236657291650772,0.06377212703227997,0.1320415735244751,-0.041649334132671356,0.05450821295380592,-0.07020270824432373,0.07501650601625443,0.08954954147338867,0.164334237575531,0.04342419654130936,0.052256807684898376,-0.20341990888118744,-0.04955466091632843,0.0433526411652565,0.18254335224628448,-0.033479705452919006,-0.12957902252674103,0.27658611536026,0.09996763616800308,-0.08601707965135574,0.2010517418384552,0.099758081138134,0.09677553176879883,-0.02675265073776245,-0.04095606133341789,0.17524708807468414,0.03480545058846474,0.1764138787984848,-0.06855051219463348,-0.09024449437856674,0.023352835327386856,-0.02534976415336132,0.1678687334060669,-0.23310767114162445,-0.15111500024795532,0.033730704337358475,-0.14046399295330048,-0.06157270073890686,-0.06713397800922394,-0.14673766493797302,-0.32250335812568665,0.023917220532894135,-0.26384955644607544,-0.07931578159332275,0.011139579117298126,0.11401011794805527,-0.09856445342302322,0.004658740013837814,-0.17724983394145966,-0.025517549365758896,-0.17040207982063293
175,-0.3570184111595154,-0.20231036841869354,-0.12064342200756073,-0.10212665796279907,0.3094438910484314,0.0264132097363472,-0.002889629453420639,0.022950170561671257,-0.004278222098946571,0.2658596932888031,0.012180875986814499,-0.13454632461071014,0.22856196761131287,-0.27133670449256897,0.09809205681085587,0.06299853324890137,0.15652601420879364,-0.07602878659963608,-0.06762044131755829,-0.14444729685783386,-0.04005040228366852,-0.10657930374145508,0.01679554395377636,0.1279476433992386,-0.13260957598686218,0.36349043250083923,-0.23983806371688843,-0.11606130003929138,0.18022611737251282,-0.14218854904174805,-0.23383784294128418,0.12642356753349304,0.3151431977748871,-0.03311413899064064,0.11020418256521225,0.022889170795679092,0.0809803232550621,-0.15031985938549042,-0.39186909794807434,0.12911877036094666,0.1369008868932724,0.3160525858402252,0.11877375841140747,-0.08300738036632538,0.07524706423282623,-0.28135454654693604,0.4853667914867401,-0.11928504705429077,-0.06262562423944473,0.22975896298885345,-0.05182911455631256,0.04169245436787605,0.005824277177453041,-0.030872326344251633,-0.2813819944858551,0.2084607183933258,-0.1790389120578766,0.233573317527771,0.15900513529777527,-0.05263223499059677,0.2539311349391937,0.257078617811203,-0.23655372858047485,0.011585413478314877
176,0.12457837909460068,0.029812868684530258,-0.15841378271579742,0.38972797989845276,-0.13082146644592285,0.02993645891547203,0.29142245650291443,-0.018051736056804657,0.044399961829185486,-0.12940756976604462,0.10159400850534439,-0.18297642469406128,-0.09222441166639328,-0.5392577052116394,0.035674288868904114,-0.11141020059585571,0.0493340864777565,0.37703853845596313,0.1860133856534958,0.13132108747959137,0.004351090639829636,0.041044168174266815,0.06184444576501846,-0.2376440316438675,-0.19938676059246063,0.12301933765411377,-0.03292538970708847,-0.30419421195983887,-0.20221874117851257,-0.19622661173343658,0.45722877979278564,0.17215058207511902,0.16611172258853912,0.07786643505096436,0.23104682564735413,0.09528368711471558,0.6036311388015747,-0.15056945383548737,-0.22197814285755157,-0.06917285174131393,0.24050430953502655,-0.036170538514852524,0.48041918873786926,-0.12941725552082062,0.47251611948013306,0.25510966777801514,0.15449076890945435,-0.1452854573726654,-0.016009174287319183,-0.21055208146572113,-0.15236018598079681,-0.04601962864398956,-0.05516723543405533,-0.0833718478679657,0.5379049181938171,-0.2630186080932617,0.3176487386226654,-0.24805426597595215,0.12624908983707428,-0.3645634651184082,-0.0791189968585968,0.059746988117694855,-0.04736613482236862,-0.1618882566690445
177,0.10004124045372009,0.3258129358291626,-0.051467165350914,0.6447653770446777,0.1952347755432129,0.09454825520515442,-0.15390343964099884,0.23595422506332397,-0.005155619233846664,-0.27509650588035583,0.49282366037368774,-0.3992558717727661,0.09196686744689941,-0.2008155882358551,-0.30669450759887695,0.26261040568351746,0.06924363970756531,0.11552724242210388,0.13707946240901947,0.4235188961029053,0.12586356699466705,-0.05825246125459671,-0.06232275813817978,-0.14207129180431366,-0.3020654022693634,-0.378796249628067,-0.6103348135948181,0.13663813471794128,-0.20173750817775726,0.04958804324269295,0.15001919865608215,0.48822373151779175,-0.13894502818584442,-0.002395305782556534,0.11608699709177017,0.06084462255239487,0.13325603306293488,-0.2910889983177185,-0.11781226098537445,0.41962116956710815,0.4910919964313507,0.12883023917675018,-0.20152798295021057,-0.051875967532396317,0.40183186531066895,0.11665691435337067,-0.20784595608711243,0.010340499691665173,-0.17476104199886322,-0.2878981828689575,0.09618829190731049,0.11817038804292679,0.008298240602016449,0.0434357225894928,0.32046371698379517,0.18304979801177979,-0.11003883183002472,-0.013899702578783035,0.3524007201194763,0.041148751974105835,-0.2730230689048767,0.2065395563840866,0.14078289270401,-0.27396664023399353
178,-0.11157263815402985,0.3505397439002991,0.20918212831020355,0.15876539051532745,0.1768643707036972,-0.10226453840732574,-0.09881843626499176,-0.08383811265230179,-0.16030706465244293,-0.17460724711418152,0.025965357199311256,-0.15277153253555298,-0.2382187843322754,0.23355284333229065,0.02214471809566021,0.05140738934278488,-0.018785519525408745,0.06421314179897308,-0.18034853041172028,-0.002981598023325205,-0.17140886187553406,-0.16648583114147186,0.0879870131611824,0.014833122491836548,0.045400623232126236,-0.013154043816030025,0.08166410028934479,0.18164072930812836,0.09229682385921478,-0.11214548349380493,0.0364917553961277,-0.1764354705810547,-0.3687988519668579,0.1811213195323944,-0.30412372946739197,0.08927679061889648,-0.08197639137506485,-0.14543484151363373,0.2333616316318512,-0.07442425191402435,0.07888936996459961,-0.191070094704628,-0.10837550461292267,-0.10090966522693634,-0.15042541921138763,0.29292210936546326,-0.331565260887146,-0.07797853648662567,-0.02106481045484543,-0.12602205574512482,-0.06259307265281677,-0.08477945625782013,0.176821768283844,-0.3483138680458069,0.20047733187675476,-0.16993868350982666,-0.3440457582473755,0.08977679908275604,-0.00996609777212143,0.08287633955478668,0.02262294851243496,-0.24043548107147217,0.011746494099497795,-0.09251003712415695
179,0.028813639655709267,-0.008145492523908615,0.03909044712781906,0.0316193513572216,0.23115049302577972,-0.004392005503177643,0.01596146821975708,0.1430642008781433,-0.04747067391872406,0.06340484321117401,0.22425030171871185,-0.15842455625534058,-0.07697920501232147,-0.19765591621398926,0.0460641048848629,-0.11538712680339813,-0.14340229332447052,0.029376234859228134,0.003150714561343193,0.09381026029586792,0.1431887149810791,0.04230233281850815,0.12652286887168884,0.11128756403923035,-0.060847725719213486,-0.23341140151023865,-0.2901981770992279,-0.16411994397640228,-0.15428557991981506,-0.3431800305843353,-0.217412531375885,0.11270413547754288,0.3289754390716553,0.14681032299995422,0.009139955043792725,-0.05954650789499283,0.1424776166677475,-0.0759994313120842,-0.10249665379524231,0.2927374243736267,0.01164809986948967,-0.12877967953681946,0.108614481985569,0.1866551637649536,0.07148127257823944,-0.1404891312122345,-0.034708019345998764,0.3994995951652527,-0.11203069239854813,-0.10026787966489792,-0.10910740494728088,-0.24405109882354736,-0.13453030586242676,-0.32455509901046753,-0.08874702453613281,-0.25420501828193665,0.16869580745697021,0.19544517993927002,0.2984495162963867,0.05150400102138519,0.05908747762441635,0.020900331437587738,0.02649514749646187,-0.3572636842727661
18,-0.000132046639919281,-0.4156263470649719,-0.7007846236228943,0.17181754112243652,-0.25180885195732117,0.1832050234079361,-0.396711528301239,-0.14963775873184204,-0.0363006666302681,-0.09917673468589783,0.3025221526622772,0.02611297369003296,-0.01916109025478363,-0.3711477220058441,-0.0317380428314209,0.10552017390727997,0.2804972529411316,-0.11480513215065002,0.3046289086341858,-0.24290600419044495,0.27574867010116577,-0.15771086513996124,0.4330768883228302,0.29167962074279785,0.1012745052576065,0.4028686285018921,-0.3548109829425812,-0.27302831411361694,0.5796514749526978,-0.07865714281797409,0.07308648526668549,0.23218178749084473,0.17976514995098114,0.07554850727319717,0.06024405360221863,-0.16878357529640198,-0.008649497292935848,-0.12133931368589401,-0.1421034038066864,0.07110704481601715,0.35182708501815796,0.02485411986708641,-0.16260743141174316,0.13465158641338348,0.061907727271318436,0.34329381585121155,0.47423359751701355,0.2730264365673065,-0.6172866225242615,0.23538075387477875,0.18798813223838806,0.4035729169845581,-0.1929551064968109,0.008511502295732498,-0.41243836283683777,0.3649890124797821,-0.15416319668293,0.2645944058895111,0.21126613020896912,0.32965928316116333,-0.09891878068447113,0.1353132426738739,0.19246822595596313,-0.14874804019927979
180,0.2611147165298462,0.22417740523815155,-0.20100219547748566,0.23020270466804504,0.018869049847126007,0.056507714092731476,-0.11997458338737488,0.28221598267555237,0.45302248001098633,-0.23170118033885956,0.0278302188962698,0.21717147529125214,-0.006889503449201584,-0.30896320939064026,-0.5742372274398804,-0.31457075476646423,0.009513968601822853,-0.164682075381279,-0.02743666246533394,-0.4737628102302551,0.17555676400661469,-0.006140017881989479,-0.40873005986213684,0.008923046290874481,0.12980039417743683,0.26539215445518494,0.2412748485803604,0.07140171527862549,-0.0320671945810318,0.15898297727108002,-0.39056071639060974,0.29649990797042847,-0.05126476660370827,0.06698131561279297,0.18557026982307434,-0.19714127480983734,0.784643292427063,0.012375358492136002,-0.7172759771347046,0.24195151031017303,-0.3307611644268036,0.05670863389968872,0.05725773796439171,-0.2713484764099121,0.3659295439720154,0.1802520751953125,0.27936506271362305,0.12743845582008362,-0.14195960760116577,-0.3978919982910156,0.4557710886001587,-0.05177773907780647,0.2807055711746216,0.31359049677848816,0.12140599638223648,-0.12561547756195068,0.4470362663269043,0.13338102400302887,0.3135283291339874,-0.1998165398836136,0.09374098479747772,0.07517245411872864,0.11130271852016449,0.008118055760860443
181,-0.23416367173194885,0.13426627218723297,0.008367564529180527,0.17455360293388367,0.4778509736061096,-0.06909635663032532,-0.026337895542383194,-0.08623705804347992,0.07547484338283539,0.01719669997692108,0.04906909167766571,0.13210149109363556,-0.005107555538415909,-0.08076723664999008,-0.10061414539813995,-0.31434741616249084,0.015014389529824257,0.08682096004486084,-0.10358864068984985,-0.10832076519727707,-0.0858880877494812,-0.12146713584661484,0.10942443460226059,0.1163557916879654,-0.060030486434698105,0.018015624955296516,-0.3607614040374756,0.060527101159095764,0.25550758838653564,-0.01278635673224926,-0.38340508937835693,0.26041656732559204,0.004522024653851986,-0.06966006755828857,-0.287362277507782,-0.046156227588653564,0.40082862973213196,0.08633926510810852,-0.17291654646396637,0.21973054111003876,0.00010725855827331543,-0.14070431888103485,0.06319848448038101,-0.025348518043756485,-0.009142376482486725,-0.18123100697994232,-0.048942115157842636,0.303974986076355,-0.12498315423727036,-0.40258944034576416,0.12035132199525833,-0.25356554985046387,-0.20390650629997253,-0.22177083790302277,0.0008740080520510674,-0.053428664803504944,0.12524861097335815,0.27566075325012207,0.18368031084537506,0.09691841900348663,-0.13058243691921234,0.026397209614515305,0.1223846971988678,-0.040039241313934326
182,-0.03794592618942261,0.1313922107219696,-0.08607595413923264,0.19560524821281433,0.016542842611670494,-0.019630370661616325,0.02490176633000374,-0.02189713716506958,-0.008454065769910812,0.1159639060497284,0.30571186542510986,-0.5289511680603027,-0.1626759171485901,-0.2236657291650772,0.06377212703227997,0.1320415735244751,-0.041649334132671356,0.05450821295380592,-0.07020270824432373,0.07501650601625443,0.08954954147338867,0.164334237575531,0.04342419654130936,0.052256807684898376,-0.20341990888118744,-0.04955466091632843,0.0433526411652565,0.18254335224628448,-0.033479705452919006,-0.12957902252674103,0.27658611536026,0.09996763616800308,-0.08601707965135574,0.2010517418384552,0.099758081138134,0.09677553176879883,-0.02675265073776245,-0.04095606133341789,0.17524708807468414,0.03480545058846474,0.1764138787984848,-0.06855051219463348,-0.09024449437856674,0.023352835327386856,-0.02534976415336132,0.1678687334060669,-0.23310767114162445,-0.15111500024795532,0.033730704337358475,-0.14046399295330048,-0.06157270073890686,-0.06713397800922394,-0.14673766493797302,-0.32250335812568665,0.023917220532894135,-0.26384955644607544,-0.07931578159332275,0.011139579117298126,0.11401011794805527,-0.09856445342302322,0.004658740013837814,-0.17724983394145966,-0.025517549365758896,-0.17040207982063293
183,-0.11272920668125153,0.12986324727535248,-0.13330088555812836,0.43389394879341125,0.22600066661834717,0.159052312374115,-0.2179538905620575,0.0652773380279541,0.03941293805837631,-0.5090383887290955,0.19697080552577972,-0.36451664566993713,-0.2572200894355774,-0.390292227268219,0.019434770569205284,0.019970515742897987,-0.004903046414256096,0.268139123916626,0.0086139515042305,0.08828633278608322,0.17148227989673615,0.30587562918663025,0.29871562123298645,0.06096983700990677,-0.20128975808620453,-0.22470954060554504,-0.29662424325942993,0.10391073673963547,0.03805441036820412,-0.2092108428478241,0.15039823949337006,0.29430830478668213,0.024771660566329956,0.1446743905544281,0.23816274106502533,-0.019611328840255737,0.3282874822616577,-0.01049373671412468,0.1958763748407364,0.10193181037902832,0.2947593331336975,-0.011673594824969769,0.01650412008166313,0.3614848852157593,0.06214671954512596,0.390055388212204,0.006128455977886915,0.3819216787815094,0.04985965043306351,-0.15853047370910645,-0.18448002636432648,0.09881257265806198,-0.30074185132980347,-0.26691994071006775,0.2143958956003189,-0.1958637833595276,0.224079430103302,0.037022631615400314,0.2507689297199249,0.34831327199935913,0.022092578932642937,0.028926609084010124,0.27808278799057007,-0.210897758603096
184,0.29018157720565796,0.06454675644636154,-0.0361444354057312,0.20333272218704224,-0.3036516308784485,0.13229791820049286,0.3912855088710785,0.06837061047554016,-0.08050046116113663,-0.058871980756521225,0.20736554265022278,-0.3264104425907135,-0.18857933580875397,-0.34925350546836853,0.024884013459086418,-0.14005814492702484,0.033824771642684937,0.3059256672859192,0.2849920094013214,0.3078945279121399,0.03246065974235535,0.020068317651748657,0.15813226997852325,-0.2655699849128723,-0.12643273174762726,0.04004386439919472,0.07332947850227356,-0.1895560324192047,-0.1764657199382782,-0.44742780923843384,0.43174245953559875,-0.04337039589881897,0.16716831922531128,0.2387285828590393,0.04789717495441437,0.12511859834194183,0.2162727415561676,-0.14752846956253052,-0.15665511786937714,-0.16655941307544708,0.15838907659053802,-0.07199429720640182,0.46631717681884766,-0.16521452367305756,0.3182152211666107,0.3108959496021271,-0.0719921663403511,-0.1580960601568222,-0.029371075332164764,-0.2821933925151825,-0.009136068634688854,-0.02649381197988987,0.1511276513338089,-0.3031088411808014,0.34078723192214966,-0.22314681112766266,0.18771244585514069,-0.041834756731987,0.06868817657232285,-0.43033480644226074,0.06345566362142563,-0.14190413057804108,-0.18747341632843018,-0.19147692620754242
185,0.17781971395015717,-0.2571924030780792,-0.4419923424720764,0.1728467047214508,-0.3572652339935303,0.17353080213069916,-0.36921238899230957,-0.1169978603720665,0.01125913392752409,-0.18906041979789734,0.18480534851551056,0.1479109674692154,-0.1042579710483551,-0.13040371239185333,-0.09145008027553558,0.11316372454166412,0.2115638107061386,-0.1189349889755249,0.32162415981292725,-0.0980893224477768,0.17052151262760162,-0.06274347752332687,0.394076406955719,0.13846366107463837,0.008006233721971512,0.16786201298236847,-0.16859783232212067,-0.17336754500865936,0.532917320728302,-0.0769834890961647,0.11360323429107666,0.12030745297670364,0.04702206328511238,0.041475359350442886,-0.026542508974671364,-0.19402095675468445,0.028284739702939987,0.022122222930192947,-0.05921133607625961,0.08272847533226013,0.19632534682750702,-0.04214457422494888,-0.08208559453487396,0.1809680312871933,-0.12643280625343323,0.3766365945339203,0.25324204564094543,0.3502241373062134,-0.370267391204834,0.045458510518074036,0.2588113844394684,0.39481303095817566,-0.051958538591861725,0.039618633687496185,-0.166509747505188,0.22666558623313904,0.04619264602661133,0.1386885643005371,0.08542212843894958,0.33984172344207764,-0.11301685869693756,-0.13226298987865448,0.2957811951637268,-0.0665636882185936
186,-0.14351938664913177,0.4047439396381378,0.2423454374074936,0.19048456847667694,0.2068721354007721,-0.12800315022468567,-0.09945094585418701,-0.10463941842317581,-0.19552557170391083,-0.21852417290210724,0.02810117043554783,-0.17566075921058655,-0.28272244334220886,0.27921217679977417,0.0256358589977026,0.05941086262464523,-0.0214335136115551,0.07494297623634338,-0.20462386310100555,0.007279199082404375,-0.19730152189731598,-0.19788841903209686,0.10547596961259842,0.010242272168397903,0.04552444815635681,-0.01007063128054142,0.10430444777011871,0.22244064509868622,0.10818749666213989,-0.13818521797657013,0.04321812093257904,-0.21109378337860107,-0.43733739852905273,0.20154166221618652,-0.3643299341201782,0.09728379547595978,-0.09984081238508224,-0.1775217205286026,0.2750791609287262,-0.0962512195110321,0.09621278941631317,-0.2333746999502182,-0.12154477834701538,-0.13102194666862488,-0.171073317527771,0.35908204317092896,-0.3899768590927124,-0.09723076224327087,-0.014044775627553463,-0.14224624633789062,-0.06882423162460327,-0.10863755643367767,0.20036128163337708,-0.43013232946395874,0.24572455883026123,-0.19054871797561646,-0.40356308221817017,0.09362354129552841,-0.005424859002232552,0.09538319706916809,0.01705876737833023,-0.2821997106075287,0.01133708655834198,-0.10891072452068329
187,-0.3487193286418915,-0.12370142340660095,-0.2734256982803345,0.09547308832406998,0.4017234444618225,0.04727868735790253,0.03127913177013397,0.1493556797504425,0.1608581691980362,0.06847457587718964,0.15703395009040833,-0.20320862531661987,-0.0391622856259346,-0.4133293628692627,0.1424410045146942,0.12856245040893555,-0.08166130632162094,0.025071416050195694,-0.10345765948295593,-0.19897547364234924,0.16203027963638306,0.011311128735542297,-0.1992550492286682,0.20974811911582947,0.004762362688779831,0.30058398842811584,0.004398781806230545,0.0726337879896164,-0.11965394020080566,0.06741240620613098,-0.24442127346992493,-0.041870053857564926,0.2585526406764984,-0.07914289832115173,0.1540650874376297,0.1770811229944229,0.23381119966506958,0.14923374354839325,-0.3501650094985962,0.04008143022656441,0.0006334520876407623,0.16551552712917328,0.10055045038461685,-0.024080093950033188,0.11792506277561188,-0.15253302454948425,0.13638624548912048,-0.015702366828918457,-0.12529481947422028,-0.02317461185157299,-0.12199651449918747,-0.2547655999660492,-0.038399383425712585,0.0768236517906189,-0.3041805028915405,0.10075972974300385,0.06945198774337769,0.11936131119728088,0.2874981760978699,-0.1853286474943161,0.0820612832903862,0.2115427404642105,-0.13520455360412598,-0.036747515201568604
188,0.15615299344062805,-0.48952391743659973,0.044358864426612854,0.1226920485496521,-0.3683393597602844,0.29322394728660583,-0.13141421973705292,-0.14884856343269348,-0.15821659564971924,-0.4916040003299713,-0.04795030504465103,0.08380501717329025,-0.4418868124485016,-0.04740826040506363,0.4008413553237915,-0.11878378689289093,0.04751136153936386,-0.0982305109500885,0.1942475140094757,0.02692517638206482,0.09460274875164032,0.25456491112709045,0.5071283578872681,-0.05551031976938248,0.011223120614886284,0.21226398646831512,-0.20769061148166656,0.0778108611702919,0.1890842169523239,-0.07739266753196716,0.2724454402923584,0.025030046701431274,0.30785560607910156,0.03512771427631378,-0.004281487315893173,-0.3269413709640503,0.24784725904464722,-0.009874183684587479,0.16012579202651978,-0.3155822157859802,-0.09772707521915436,-0.14347583055496216,0.33890846371650696,0.44287651777267456,-0.1505672037601471,0.2391369342803955,0.1590033769607544,0.15080416202545166,-0.2873532176017761,0.3119870126247406,0.16432403028011322,0.22942200303077698,-0.39344486594200134,-0.14824005961418152,-0.02707742154598236,0.01704312115907669,-0.009733092039823532,-0.15538336336612701,0.1956847906112671,0.05613064020872116,-0.10625801980495453,0.21228227019309998,0.3136249780654907,-0.13131999969482422
189,-0.2915981411933899,-0.23066206276416779,-0.45730578899383545,0.014018024317920208,0.04969848319888115,0.1253385692834854,-0.07083158195018768,0.18544331192970276,0.13273516297340393,-0.2801674008369446,-0.011071382090449333,-0.021412048488855362,-0.3619450330734253,-0.2654418647289276,0.2561647891998291,0.03879900276660919,-0.15753963589668274,0.19525495171546936,0.10944895446300507,-0.05194137617945671,0.0863175317645073,0.12927952408790588,0.15862873196601868,0.16109243035316467,0.26187101006507874,0.17642420530319214,0.014203859493136406,0.1404535472393036,-0.12640322744846344,0.06563772261142731,0.016640201210975647,-0.19164001941680908,0.1859259158372879,-0.2409164309501648,0.26093170046806335,0.04226100444793701,0.053978584706783295,0.203196719288826,-0.0037438273429870605,-0.28872010111808777,0.015820536762475967,-0.03624269738793373,0.18477539718151093,0.3665142059326172,-0.007484154775738716,0.2221207320690155,0.0005269134417176247,0.20077303051948547,0.04351947084069252,0.20492859184741974,-0.2376936972141266,-0.1218247190117836,-0.33936408162117004,0.08340337872505188,-0.4215712547302246,0.2096731960773468,0.04983958601951599,-0.030369453132152557,0.1970454305410385,0.0678185448050499,-0.08319588005542755,0.04738562926650047,0.0012904736213386059,0.06443493068218231
19,-0.2626343071460724,-0.19705024361610413,-0.19555391371250153,-0.093650683760643,0.3539502024650574,-0.004803871735930443,0.027255918830633163,-0.12783387303352356,0.2059132605791092,0.14411108195781708,0.18011431396007538,-0.1181977167725563,-0.1674710363149643,-0.38674405217170715,0.30545246601104736,0.0070785414427518845,-0.09994075447320938,0.1524610072374344,-0.22948278486728668,-0.25015416741371155,-0.05135460942983627,-0.10495059192180634,-0.1699654459953308,0.2219078689813614,0.3333422839641571,0.4126252830028534,-0.05604676157236099,-0.07889486849308014,-0.21045289933681488,0.09437619894742966,-0.06881275773048401,-0.1180889680981636,0.28583434224128723,-0.03802630677819252,0.15593068301677704,0.01857471466064453,0.2883128225803375,-0.00706167658790946,-0.07752779126167297,-0.17264458537101746,0.13175402581691742,0.08615169674158096,0.29593148827552795,-0.11863251030445099,0.2433139830827713,-0.17524470388889313,0.215158149600029,-0.17503832280635834,-0.27480798959732056,0.27754512429237366,-0.17526079714298248,-0.30950674414634705,0.029111381620168686,0.04249931126832962,-0.1485569030046463,-0.026092182844877243,0.013684101402759552,-0.02830503135919571,0.28778454661369324,-0.3494340181350708,0.005349975079298019,0.25475847721099854,-0.2528601586818695,-0.05026371777057648
190,0.11230723559856415,-0.07806508243083954,-0.15116092562675476,0.13557879626750946,-0.22518685460090637,0.16841280460357666,0.19118206202983856,0.0018101893365383148,0.15063348412513733,-0.32043659687042236,0.2269912213087082,-0.1630520075559616,-0.4502616226673126,-0.13453438878059387,0.14121031761169434,-0.048147499561309814,-0.14568819105625153,0.049052298069000244,0.30633559823036194,0.05571151152253151,0.15442226827144623,-0.02158689685165882,0.23776382207870483,-0.1093301922082901,0.147726371884346,0.19017457962036133,0.1513161063194275,0.09256506711244583,-0.05770660936832428,-0.05646367371082306,0.31871095299720764,-0.2873243987560272,0.05006672069430351,-0.07848034799098969,0.121938057243824,-0.1349436342716217,0.2186298668384552,0.039837680757045746,-0.031246226280927658,-0.45886003971099854,0.09663064777851105,-0.023555506020784378,0.43020546436309814,-0.00900031253695488,0.11799384653568268,0.26201051473617554,0.0529714934527874,-0.0023645777255296707,-0.054153960198163986,-0.05449282377958298,0.062493763864040375,-0.08009502291679382,0.05931093543767929,-0.17244958877563477,0.09789266437292099,-0.004361551254987717,0.23396912217140198,-0.159480482339859,0.07572620362043381,-0.16338756680488586,-0.12880922853946686,-0.13490897417068481,-0.20065432786941528,-0.11964836716651917
191,-0.13626275956630707,0.05569883808493614,-0.2676771283149719,0.1481039822101593,0.2193969190120697,0.3740798532962799,-0.15867452323436737,0.20823150873184204,0.2417123168706894,-0.30566850304603577,-0.09070341289043427,-0.12239072471857071,-0.32629603147506714,-0.25859278440475464,-0.03917941451072693,-0.26823189854621887,-0.15944722294807434,0.4802411198616028,-0.11736200749874115,-0.042171839624643326,0.11137685179710388,0.22184963524341583,0.20876355469226837,-0.1485881507396698,0.2106090486049652,-0.15332892537117004,-0.1661919355392456,0.2388833910226822,-0.19938257336616516,-0.1692660003900528,-0.19510796666145325,0.05916886776685715,-0.07478955388069153,0.08543400466442108,0.208735391497612,-0.16015398502349854,0.36067262291908264,-0.09019552171230316,-0.004903289023786783,-0.1688193529844284,0.0664445161819458,-0.21480609476566315,0.2421541064977646,0.35345906019210815,0.11094219982624054,0.37582242488861084,0.07631850987672806,0.2891105115413666,-0.12462159246206284,0.23987452685832977,-0.16445602476596832,0.025917407125234604,-0.26795724034309387,-0.06230619177222252,-0.39994800090789795,-0.11445766687393188,0.014976490288972855,0.13070443272590637,0.1249840036034584,0.19590692222118378,0.3312193751335144,0.3182563781738281,0.16154879331588745,0.034751683473587036
192,-0.18135832250118256,0.13705095648765564,-0.1683160811662674,0.03063846006989479,0.3235554099082947,-0.04119095951318741,-0.25975534319877625,0.003204379230737686,0.1324593424797058,0.043327320367097855,0.10872884839773178,-0.3436410427093506,0.039350904524326324,-0.19181154668331146,0.010117918252944946,0.0924563929438591,0.009051268920302391,0.4093055725097656,-0.2908089756965637,0.09798797219991684,-0.13314282894134521,-0.19357183575630188,-0.3126828670501709,-0.0753464549779892,0.3005343973636627,-0.05539882928133011,-0.29166191816329956,-0.1358656883239746,-0.33991679549217224,-0.013732589781284332,0.09334918111562729,-0.08196437358856201,-0.07152976840734482,0.04268720746040344,0.13463294506072998,0.14327819645404816,-0.11118476837873459,-0.1427163928747177,0.2030612677335739,0.02247665449976921,0.2634687125682831,0.060106370598077774,-0.11915065348148346,0.003203369677066803,0.42126309871673584,-0.12853264808654785,-0.013537045568227768,-0.12859143316745758,-0.11357875913381577,0.3103139102458954,-0.22420437633991241,-0.07517822831869125,0.05610676109790802,0.23498986661434174,-0.18770188093185425,0.0770241916179657,-0.27400916814804077,-0.01376766711473465,0.07114725559949875,-0.16724561154842377,-0.07482615113258362,0.2642247974872589,-0.1889321208000183,-0.03243904560804367
193,0.5239132642745972,0.11549597978591919,0.21434520184993744,-0.22053015232086182,-0.5721628069877625,0.41277095675468445,0.5842887163162231,0.03141208738088608,-0.24153371155261993,0.27346453070640564,0.2083437293767929,-0.212020605802536,-0.2685360908508301,0.17434164881706238,0.10010484606027603,-0.4748501181602478,-0.08804066479206085,0.07245946675539017,0.31435853242874146,0.3280293345451355,0.2438478022813797,0.2055353820323944,0.2985667586326599,-0.39838719367980957,0.13592998683452606,-0.004679936915636063,0.3358366787433624,0.29525965452194214,-0.12905621528625488,-0.41667407751083374,0.2621464133262634,-0.3336419463157654,-0.17406421899795532,0.38992756605148315,-0.18349242210388184,-0.12406078726053238,-0.22347809374332428,-0.02690095081925392,0.114704430103302,-0.526276171207428,-0.2093467265367508,-0.41692012548446655,0.4162127375602722,-0.26637884974479675,0.03449268266558647,0.47138842940330505,-0.3270917534828186,-0.2909383773803711,-0.08545957505702972,-0.1756015419960022,0.3166714012622833,-0.13590434193611145,0.08081147819757462,-0.7938179969787598,0.043736185878515244,-0.3092814087867737,-0.004901433363556862,0.07422421872615814,-0.11661456525325775,-0.5570970773696899,0.4317471981048584,-0.2961874306201935,-0.3221556842327118,-0.17276416718959808
194,-0.3810982406139374,-0.13325275480747223,-0.1451103240251541,-0.07459942996501923,0.3711428642272949,0.02156933583319187,-0.004042519256472588,0.07999153435230255,-0.008703086525201797,0.30291691422462463,0.04140831157565117,-0.20778660476207733,0.2415752112865448,-0.35392212867736816,0.06332019716501236,0.06858329474925995,0.15486015379428864,-0.040618520230054855,-0.0653952807188034,-0.20465269684791565,0.04524923115968704,-0.08312734961509705,0.012842155992984772,0.15086722373962402,-0.1583443135023117,0.4026097357273102,-0.2689424157142639,-0.08840835094451904,0.14544644951820374,-0.17358048260211945,-0.2620246708393097,0.16261723637580872,0.29692715406417847,-0.006052222102880478,0.12884056568145752,0.05145668238401413,0.08858608454465866,-0.17322763800621033,-0.4348498582839966,0.17125742137432098,0.14613781869411469,0.3351691663265228,0.0774766355752945,-0.0839485228061676,0.10014085471630096,-0.3226870000362396,0.5385801792144775,-0.11760520935058594,-0.06039174273610115,0.19400955736637115,-0.07206083089113235,-0.016870763152837753,-0.012246465310454369,-0.1283101886510849,-0.3219667673110962,0.20209980010986328,-0.2166498601436615,0.2906835675239563,0.23736697435379028,-0.09517647325992584,0.30613046884536743,0.26431605219841003,-0.2930907607078552,-0.06349723041057587
195,-0.12912298738956451,0.054435260593891144,0.33884429931640625,0.32544469833374023,0.21003316342830658,0.3288830816745758,-0.2671218812465668,-0.11579840630292892,-0.17896465957164764,-0.40396037697792053,-0.1119723841547966,-0.06108618900179863,-0.20882771909236908,0.3039090037345886,0.09336662292480469,-0.19626358151435852,0.11955242604017258,0.14610205590724945,-0.16073355078697205,0.21503016352653503,-0.05140974000096321,0.07508737593889236,0.3431396186351776,-0.072186678647995,0.04890793189406395,-0.3703099489212036,-0.26779088377952576,0.22488830983638763,0.313638836145401,-0.1783750355243683,-0.16936223208904266,-0.014597572386264801,-0.12139318138360977,0.32197561860084534,-0.39725905656814575,-0.0119828125461936,0.18426942825317383,-0.055423106998205185,0.32874125242233276,-0.04031117260456085,-0.08300569653511047,-0.2906147837638855,0.08707842230796814,0.10242953896522522,-0.0247882679104805,0.27355995774269104,-0.32381579279899597,0.17904168367385864,-0.29114845395088196,-0.1549394428730011,0.17618383467197418,0.1438738852739334,-0.22068631649017334,-0.28625863790512085,0.08809377998113632,-0.18745285272598267,-0.06684987246990204,0.29174304008483887,0.04672197252511978,0.2741682529449463,0.19234108924865723,0.07854320853948593,0.392153799533844,-0.02728668786585331
196,-0.020897429436445236,-0.053945984691381454,-0.27301883697509766,-0.03158130869269371,-0.05622322857379913,0.006108717992901802,-0.18459294736385345,0.00882285088300705,0.25069496035575867,0.16125908493995667,0.03650933504104614,0.24972479045391083,-0.12888982892036438,-0.3193569779396057,-0.13941442966461182,0.13259580731391907,-0.14510124921798706,0.0724831372499466,-0.26924067735671997,-0.22666707634925842,0.029997199773788452,-0.036211490631103516,-0.29483121633529663,0.1243257075548172,0.29922986030578613,0.09227930009365082,0.22555974125862122,-0.09357274323701859,-0.14752550423145294,0.21999491751194,-0.04385311156511307,-0.01896953582763672,0.0157664455473423,0.2143024504184723,0.2151235044002533,0.1397695690393448,0.3520091772079468,0.13183408975601196,-0.17880184948444366,0.05174679681658745,-0.15342684090137482,0.033355362713336945,0.13947665691375732,-0.004258152097463608,0.04459591582417488,0.14037486910820007,0.19627636671066284,0.05612076446413994,-0.1301611065864563,0.06720627099275589,-0.13263529539108276,-0.0391853041946888,-0.03377274423837662,0.3127259612083435,-0.22638338804244995,-0.22898979485034943,0.1707121729850769,-0.00401858426630497,0.20141445100307465,-0.10952837765216827,0.05698211491107941,0.1650659143924713,0.011299856007099152,0.0527179092168808
197,-0.22303995490074158,0.16367661952972412,-0.1350850760936737,-0.10715163499116898,0.25762003660202026,0.004246804863214493,-0.08032038807868958,0.029150784015655518,-0.0007183300331234932,0.0206521674990654,0.06116174906492233,-0.4005095660686493,-0.25369787216186523,-0.1000988557934761,0.06750784814357758,-0.17491808533668518,-0.12684668600559235,0.19861897826194763,-0.36089327931404114,-0.3288443088531494,0.013944096863269806,0.0021661799401044846,-0.07775916159152985,-0.0037793125957250595,0.2301301807165146,0.13305816054344177,0.12483634054660797,0.0757063627243042,-0.22528797388076782,-0.1064339131116867,0.07594338059425354,0.06304600834846497,-0.25103989243507385,0.21752102673053741,0.1454876810312271,0.11105737090110779,-0.16063657402992249,-0.24137616157531738,0.17590442299842834,-0.26624590158462524,0.1609833836555481,-0.13079190254211426,-0.18475279211997986,0.11317586898803711,-0.09560076892375946,0.07687360048294067,-0.11028803884983063,-0.09643328189849854,-0.13888274133205414,0.2008410394191742,-0.27914315462112427,-0.05853525549173355,0.05827454850077629,-0.1312280297279358,-0.3864303231239319,-0.19986169040203094,-0.411136656999588,0.10859549790620804,-0.11825473606586456,0.06750182807445526,0.15957783162593842,0.13161157071590424,-0.15424317121505737,-0.08874326199293137
198,0.07710066437721252,-0.1323261708021164,-0.0039246417582035065,0.28303274512290955,-0.1343907117843628,0.2672131657600403,-0.1693902313709259,-0.039050616323947906,-0.18058635294437408,-0.46429452300071716,0.07643216103315353,-0.056780267506837845,-0.25262343883514404,-0.38906973600387573,0.16645966470241547,0.1187446117401123,0.13784196972846985,0.4272594153881073,0.10801394283771515,0.22369056940078735,0.06595146656036377,0.1915970891714096,0.29503756761550903,-0.13461966812610626,-0.11456876993179321,-0.2297728955745697,-0.32246720790863037,-0.19727754592895508,-0.12932544946670532,-0.14110426604747772,0.5546982884407043,0.18786242604255676,0.18297049403190613,0.25573021173477173,0.23138277232646942,0.11331695318222046,0.3728216588497162,0.0444338396191597,0.33530980348587036,-0.010784493759274483,0.2373708039522171,-0.06164142116904259,0.36781972646713257,0.331861674785614,0.1307695060968399,0.4176584780216217,0.1840735673904419,0.21271094679832458,0.09231490641832352,-0.01565605401992798,-0.26226261258125305,0.18730545043945312,-0.3510875701904297,-0.15236185491085052,0.44326186180114746,-0.07913367450237274,0.28778380155563354,-0.19489982724189758,0.26092854142189026,0.005099553614854813,-0.1088685542345047,0.10256435722112656,0.1117393970489502,-0.1741892397403717
199,-0.1680302917957306,0.15831013023853302,-0.1261092871427536,-0.10196118801832199,0.22239023447036743,-0.005539922043681145,-0.11204242706298828,0.018140846863389015,0.013452553190290928,0.04401164874434471,0.06054547429084778,-0.3343884348869324,-0.20475322008132935,-0.058893583714962006,0.057241953909397125,-0.09798891842365265,-0.10964972525835037,0.17806239426136017,-0.3087227940559387,-0.29545092582702637,0.000836540013551712,-0.02801237814128399,-0.09047087281942368,0.018088992685079575,0.20051418244838715,0.097862109541893,0.1262466162443161,0.04418270289897919,-0.18408450484275818,-0.0721697136759758,0.08505676686763763,0.028422534465789795,-0.23047329485416412,0.18190695345401764,0.11742635816335678,0.11806797981262207,-0.18084675073623657,-0.20631448924541473,0.16635189950466156,-0.210427388548851,0.157854825258255,-0.09169481694698334,-0.17468976974487305,0.07810358703136444,-0.09328562021255493,0.06534267961978912,-0.10663143545389175,-0.08888761699199677,-0.11369379609823227,0.16280169785022736,-0.2525150775909424,-0.02953963354229927,0.10819973796606064,-0.07311876118183136,-0.3244438171386719,-0.14984719455242157,-0.3524397015571594,0.07727921009063721,-0.13128583133220673,0.07628768682479858,0.1241074800491333,0.07033506035804749,-0.13045820593833923,-0.0828559622168541
2,-0.07426512986421585,-0.15405793488025665,0.5287768840789795,0.6109514832496643,0.5461714863777161,-0.24634167551994324,-0.08208203315734863,-0.5840758681297302,-0.07268790900707245,-1.1592212915420532,-0.17196610569953918,0.7907376885414124,-0.6248387098312378,-0.02201029472053051,-0.11698053777217865,0.4162485897541046,0.15333425998687744,0.07496845722198486,0.22450020909309387,-0.8104391694068909,-0.13600121438503265,-0.48851481080055237,0.7549740076065063,-0.09367352724075317,-0.5093750953674316,0.5922133326530457,-0.09869633615016937,0.371551513671875,0.4651373326778412,0.08444038033485413,0.022486675530672073,0.03405458480119705,-0.6413571834564209,-0.13000017404556274,-0.5879681706428528,-0.4684816598892212,0.9472938776016235,-0.5475074052810669,0.14100897312164307,-0.009459462016820908,0.2028263360261917,-0.1314060539007187,0.41889363527297974,-0.690822184085846,-0.43382588028907776,1.2345104217529297,0.995186984539032,0.11711867898702621,0.4751594066619873,-0.17069001495838165,-0.04461975395679474,-0.28978821635246277,0.42408543825149536,-0.8699883818626404,1.4916163682937622,0.5218712091445923,-0.14529366791248322,-0.9490146636962891,0.09991789609193802,-0.04323168098926544,-0.5579774975776672,-0.07074838876724243,0.24395188689231873,-0.2666324973106384
20,0.1667855679988861,-0.07942460477352142,0.061570700258016586,0.20584550499916077,-0.12817206978797913,0.20149508118629456,-0.17322227358818054,0.05741467326879501,-0.23341359198093414,-0.2845842242240906,0.06262355297803879,-0.08318720757961273,-0.17957299947738647,-0.4398394525051117,0.15271948277950287,0.0031545739620923996,0.042596787214279175,0.5150402784347534,0.03376062586903572,0.22629068791866302,0.05824567377567291,0.2754112184047699,0.27901655435562134,-0.07572409510612488,-0.10317519307136536,-0.3102737367153168,-0.34242555499076843,-0.2608550786972046,-0.22388042509555817,-0.24516600370407104,0.47500482201576233,0.19907787442207336,0.2873668074607849,0.33247828483581543,0.1937279850244522,0.1664821356534958,0.3199392855167389,0.0038614333607256413,0.28216493129730225,0.08953729271888733,0.222300186753273,-0.1277754008769989,0.36229491233825684,0.3558005094528198,0.18903182446956635,0.39964500069618225,0.07132790982723236,0.24736082553863525,0.07405196875333786,-0.05173973739147186,-0.3386954963207245,0.08355865627527237,-0.33557239174842834,-0.2740885615348816,0.39842984080314636,-0.2812150716781616,0.2818431556224823,-0.08988150954246521,0.31838810443878174,-0.05251123756170273,0.02495013177394867,0.05418791249394417,0.12009689211845398,-0.3007589876651764
200,-0.3867708146572113,-0.25990062952041626,-0.2574073076248169,0.12120845913887024,0.36424094438552856,0.0851743221282959,0.26408064365386963,-0.2968694269657135,0.03778071701526642,0.35426124930381775,0.5091252326965332,-0.33944645524024963,0.14213284850120544,-0.3299209475517273,0.2252889722585678,0.07038456201553345,0.17281615734100342,-0.25920727849006653,0.09482353925704956,-0.1895555853843689,0.29583364725112915,-0.26237913966178894,-0.1291407346725464,0.2085779905319214,-0.06683419644832611,0.5431375503540039,-0.2586146593093872,-0.09742626547813416,0.17003272473812103,0.08801779896020889,-0.1394140124320984,0.03637578338384628,0.15275780856609344,-0.07850781083106995,-0.08715203404426575,-0.044171541929244995,0.1400580257177353,0.17818427085876465,-0.14510318636894226,0.039835888892412186,0.16809920966625214,0.024039912968873978,-0.06156818941235542,-0.37082958221435547,0.11620926856994629,-0.3324863016605377,0.2216046154499054,-0.24891379475593567,-0.5546532273292542,-0.14200294017791748,0.25441595911979675,-0.2956324517726898,-0.10044173151254654,-0.14737437665462494,-0.10688900202512741,0.2742294669151306,-0.030519386753439903,0.23326265811920166,0.14650827646255493,-0.27092891931533813,-0.07635372877120972,0.261251300573349,-0.31984585523605347,-0.11873392760753632
201,0.45153459906578064,0.06615228950977325,0.2082982361316681,-0.1884620189666748,-0.16581924259662628,-0.0378904789686203,-0.08524544537067413,0.31728193163871765,-0.21582257747650146,0.10701297223567963,-0.001705879345536232,0.18557097017765045,-0.02020532265305519,-0.09360011667013168,-0.004078518599271774,-0.29037830233573914,-0.2105327993631363,0.20127660036087036,0.0016173943877220154,0.146038219332695,-0.022040093317627907,0.12917347252368927,0.0756317600607872,-0.04348209500312805,0.0354195311665535,-0.35699179768562317,-0.04925832524895668,-0.2845616340637207,-0.26714083552360535,-0.3879726529121399,-0.02425532042980194,-0.11123562604188919,0.37900903820991516,0.2556334137916565,-0.01080079935491085,-0.027478080242872238,0.05025043711066246,-0.09542440623044968,-0.16791827976703644,0.28348785638809204,-0.1381610631942749,-0.2858380377292633,0.3022795617580414,0.13310067355632782,0.19907094538211823,0.13640718162059784,-0.11730126291513443,0.3458377420902252,0.13755294680595398,-0.0998682975769043,-0.1568734496831894,-0.18384699523448944,0.09979017823934555,-0.30343061685562134,0.18479323387145996,-0.47464367747306824,0.25283175706863403,0.04267954081296921,0.23142215609550476,-0.19227196276187897,0.25275564193725586,-0.18413500487804413,0.038592513650655746,-0.35592758655548096
202,-0.4755891263484955,0.10216642916202545,-0.0967598557472229,0.009543529711663723,0.4722658693790436,-0.092495396733284,0.015960615128278732,0.13558128476142883,0.08318498730659485,-0.08810658752918243,0.02953171916306019,-0.3720800280570984,-0.013484258204698563,-0.3066255748271942,0.04300346225500107,-0.16346149146556854,-0.016323871910572052,0.031232725828886032,-0.32204705476760864,-0.4137987196445465,0.06232953071594238,0.045922473073005676,-0.21145038306713104,0.15792767703533173,-0.03242681920528412,0.411044180393219,0.11056293547153473,0.12707379460334778,0.0246665570884943,-0.05529959127306938,-0.11819514632225037,-0.006407175213098526,0.10552643239498138,0.022310111671686172,0.15335659682750702,0.028598707169294357,0.24086716771125793,-0.05639062449336052,-0.2628922462463379,-0.08301353454589844,0.036854978650808334,0.17432697117328644,-0.011866352520883083,-0.09147399663925171,0.1676415652036667,-0.10491911321878433,0.2671392261981964,-0.16595298051834106,0.05683206394314766,-0.02488398551940918,-0.09160687774419785,-0.20831714570522308,0.0364992655813694,-0.1363474279642105,-0.11878612637519836,-0.11479422450065613,-0.04572946950793266,0.2718749940395355,0.2544059455394745,-0.11588682234287262,0.2760799825191498,0.22241631150245667,-0.30333006381988525,0.0033531561493873596
203,0.028156979009509087,-0.4750019609928131,-0.18263673782348633,-0.10910027474164963,-0.3801370859146118,-0.14283610880374908,-0.2455902248620987,0.3727579116821289,0.08015543967485428,-0.28262630105018616,-0.15026725828647614,0.3182571530342102,-0.16530010104179382,-0.12250380963087082,-0.005198890343308449,0.19383379817008972,-0.09684491157531738,-0.1280079334974289,0.2875082194805145,-0.47534194588661194,0.22071059048175812,-0.02706199698150158,0.08605106174945831,0.3449745178222656,0.3010769486427307,0.28420060873031616,0.10393962264060974,-0.1497405767440796,-0.0768074095249176,0.4605996608734131,0.027730118483304977,-0.4153631925582886,0.36588338017463684,-0.4037395119667053,-0.04053261876106262,0.061511799693107605,0.14950934052467346,0.6637538075447083,-0.11734594404697418,-0.07091273367404938,-0.2411903291940689,-0.02156290039420128,-0.05753157660365105,0.46583425998687744,-0.17333661019802094,0.04672938585281372,0.1918695569038391,0.3784269690513611,0.004080631770193577,-0.036395113915205,0.04109685495495796,-0.33133581280708313,-0.20708246529102325,0.2924826145172119,-0.36446523666381836,0.3727164566516876,0.2973708212375641,0.19352899491786957,0.4394611120223999,-0.19949139654636383,-0.4276965260505676,-0.3361177146434784,-0.24929648637771606,0.027832873165607452
204,-0.19676180183887482,-0.21215121448040009,0.08949129283428192,0.04294857010245323,0.00882200337946415,0.041928015649318695,-0.169449582695961,-0.032744668424129486,-0.07939174026250839,0.14095649123191833,0.044289421290159225,-0.3742838203907013,-0.01840832456946373,-0.08149660378694534,0.10726279765367508,0.1557319462299347,0.10494529455900192,0.10473893582820892,-0.2328386753797531,-0.016947975382208824,-0.06525512039661407,0.10464081168174744,-0.05575841665267944,-0.02670387551188469,-0.050538670271635056,0.28658735752105713,-0.3626202642917633,0.04175552725791931,-0.0896112322807312,-0.061541393399238586,0.24763447046279907,0.16549769043922424,0.10320325940847397,0.09638457000255585,-0.024128930643200874,0.011852959170937538,-0.0692594051361084,-0.319276362657547,0.09291784465312958,-0.047141727060079575,0.10549424588680267,0.1707390993833542,-0.06172187998890877,0.1483595371246338,-0.010857421904802322,-0.2621528208255768,0.11893276125192642,-0.4387970566749573,-0.3095104694366455,0.4295841455459595,0.029788581654429436,0.05859914794564247,-0.14962098002433777,-0.01880824565887451,-0.31592416763305664,0.053384680300951004,-0.5555446147918701,0.16540169715881348,0.3050718903541565,-0.21209818124771118,0.044493816792964935,0.42476126551628113,-0.06789685040712357,-0.1362186223268509
205,-0.039296507835388184,-0.10544511675834656,0.08187376707792282,-0.16412369906902313,0.04131203144788742,0.23787999153137207,0.22886915504932404,-0.2014564573764801,-0.08367613703012466,0.2063719630241394,0.1481093466281891,-0.25855115056037903,-0.3373240828514099,-0.06262694299221039,0.36606496572494507,-0.2274315506219864,0.0035201888531446457,0.10350874066352844,-0.10229140520095825,-0.08339045941829681,-0.013593509793281555,0.07279456406831741,0.09675672650337219,-0.10415106266736984,0.35613563656806946,0.20932811498641968,0.00508711114525795,0.16345587372779846,-0.3068244755268097,-0.009288061410188675,0.1387510597705841,0.00687837228178978,-0.15127384662628174,0.18992555141448975,0.07064453512430191,-0.0047500161454081535,-0.03728640824556351,-0.07530485093593597,0.38556158542633057,-0.41425633430480957,0.02164652571082115,-0.3237954080104828,0.1352860927581787,-0.07063773274421692,-0.06031208485364914,0.028813429176807404,-0.19420087337493896,-0.34612807631492615,-0.26406586170196533,0.23070187866687775,-0.018662473186850548,-0.22811190783977509,-0.14328789710998535,-0.31454136967658997,-0.09914729744195938,-0.10326777398586273,-0.3204261064529419,-0.10816153883934021,-0.07523675262928009,-0.44774138927459717,0.0842367485165596,0.04845793545246124,-0.21329931914806366,-0.03466986119747162
206,-0.3161527216434479,0.1713961809873581,0.018406808376312256,0.23500123620033264,0.5740743279457092,-0.05536951869726181,-0.027777651324868202,-0.07347210496664047,0.0727875679731369,-0.029032431542873383,0.024963367730379105,0.12921133637428284,-0.004469454288482666,-0.08525621145963669,-0.12206049263477325,-0.36934664845466614,0.024831579998135567,0.13671323657035828,-0.11905059218406677,-0.11232665926218033,-0.09227528423070908,-0.12771689891815186,0.1483016163110733,0.12487979233264923,-0.08695262670516968,-0.0049131568521261215,-0.43350839614868164,0.0936819314956665,0.29224446415901184,-0.020491844043135643,-0.43811070919036865,0.311257541179657,-0.0018438342958688736,-0.07959459722042084,-0.32953640818595886,-0.03556368127465248,0.4810660481452942,0.07986800372600555,-0.1932123750448227,0.23506174981594086,0.010989215224981308,-0.15742768347263336,0.08870910108089447,-0.016927003860473633,0.00981069728732109,-0.19008460640907288,-0.058119893074035645,0.33703798055648804,-0.12752734124660492,-0.4719836413860321,0.1177765354514122,-0.27729228138923645,-0.27371183037757874,-0.2746914029121399,0.005942274816334248,-0.05295354500412941,0.13747861981391907,0.345904141664505,0.2235678881406784,0.14669479429721832,-0.12611983716487885,0.05828309431672096,0.13873639702796936,-0.041516706347465515
207,0.01005304604768753,-0.5210422873497009,-0.21645520627498627,-0.12185190618038177,-0.41373884677886963,-0.163724884390831,-0.2848334014415741,0.40186062455177307,0.09403721988201141,-0.29922571778297424,-0.16830521821975708,0.35178542137145996,-0.17584128677845,-0.13808706402778625,-0.005820613354444504,0.24112671613693237,-0.10528548806905746,-0.14368875324726105,0.2981621026992798,-0.5394605398178101,0.24043263494968414,-0.0407380610704422,0.07482559978961945,0.39476120471954346,0.3397763967514038,0.31466996669769287,0.12301605939865112,-0.17259691655635834,-0.09598725289106369,0.5372114181518555,0.03575757145881653,-0.45127665996551514,0.3908977508544922,-0.4448479115962982,-0.02917543239891529,0.08031339198350906,0.17232443392276764,0.741538405418396,-0.11509155482053757,-0.0743112713098526,-0.2555494010448456,-0.022985994815826416,-0.07470452040433884,0.5203655362129211,-0.19775605201721191,0.04894716292619705,0.2157040685415268,0.4065139889717102,0.0017332648858428001,-0.01867947354912758,0.024446452036499977,-0.3613933026790619,-0.24303749203681946,0.3401624858379364,-0.40905997157096863,0.40992558002471924,0.3236325979232788,0.21130996942520142,0.48892199993133545,-0.2033860832452774,-0.48006415367126465,-0.3698999583721161,-0.28272923827171326,0.03812515735626221
208,-0.11157263815402985,0.3505397439002991,0.20918212831020355,0.15876539051532745,0.1768643707036972,-0.10226453840732574,-0.09881843626499176,-0.08383811265230179,-0.16030706465244293,-0.17460724711418152,0.025965357199311256,-0.15277153253555298,-0.2382187843322754,0.23355284333229065,0.02214471809566021,0.05140738934278488,-0.018785519525408745,0.06421314179897308,-0.18034853041172028,-0.002981598023325205,-0.17140886187553406,-0.16648583114147186,0.0879870131611824,0.014833122491836548,0.045400623232126236,-0.013154043816030025,0.08166410028934479,0.18164072930812836,0.09229682385921478,-0.11214548349380493,0.0364917553961277,-0.1764354705810547,-0.3687988519668579,0.1811213195323944,-0.30412372946739197,0.08927679061889648,-0.08197639137506485,-0.14543484151363373,0.2333616316318512,-0.07442425191402435,0.07888936996459961,-0.191070094704628,-0.10837550461292267,-0.10090966522693634,-0.15042541921138763,0.29292210936546326,-0.331565260887146,-0.07797853648662567,-0.02106481045484543,-0.12602205574512482,-0.06259307265281677,-0.08477945625782013,0.176821768283844,-0.3483138680458069,0.20047733187675476,-0.16993868350982666,-0.3440457582473755,0.08977679908275604,-0.00996609777212143,0.08287633955478668,0.02262294851243496,-0.24043548107147217,0.011746494099497795,-0.09251003712415695
209,0.022764749825000763,-0.06419016420841217,-0.1768791526556015,0.3150680363178253,-0.16350612044334412,0.07684895396232605,-0.2603510618209839,0.16264700889587402,-0.09489476680755615,0.18733550608158112,0.23520372807979584,-0.20524059236049652,0.21876183152198792,-0.02474345825612545,-0.25076180696487427,0.37745019793510437,0.18447847664356232,-0.1665962189435959,0.08409219980239868,0.009866774082183838,0.20136527717113495,0.023245180025696754,0.024267392233014107,0.05375586450099945,-0.2681630849838257,0.11950160562992096,-0.28391844034194946,-0.0016924813389778137,0.1941467821598053,0.054443806409835815,0.04512178152799606,0.31609615683555603,-0.0670475885272026,0.049948595464229584,-0.09332867711782455,0.10241089016199112,-0.07690861076116562,-0.17210207879543304,-0.2792128622531891,0.30680587887763977,0.21342842280864716,0.1588447242975235,-0.3557053804397583,0.09656526148319244,-0.08963233232498169,-0.02332579717040062,0.02801024541258812,-0.09684089571237564,-0.4580053687095642,0.07842972874641418,0.21661284565925598,0.22067418694496155,0.004946812987327576,0.051559656858444214,-0.3199320435523987,0.1882743537425995,-0.3618190884590149,0.32576778531074524,0.34193217754364014,0.07277251780033112,-0.019156644120812416,0.07317837327718735,0.15016455948352814,-0.17418713867664337
21,0.07983860373497009,0.14098067581653595,-0.017856236547231674,0.023292962461709976,0.040387626737356186,-0.14489473402500153,-0.2954566478729248,-0.0025430768728256226,-0.014242369681596756,0.3796468675136566,0.009585671126842499,0.01416145171970129,0.20681914687156677,0.025599440559744835,-0.2505214810371399,0.10447746515274048,0.10264093428850174,0.07989735901355743,-0.1131073534488678,-0.23227310180664062,0.0375145822763443,-0.23280107975006104,-0.13746009767055511,0.25091278553009033,0.10778769850730896,-0.0324874110519886,-0.009337673895061016,-0.23935575783252716,0.1239326000213623,0.002564996015280485,-0.21081221103668213,0.0064303018152713776,-0.10061082988977432,0.20282337069511414,-0.36099973320961,0.26945632696151733,-0.07513287663459778,0.1031804159283638,-0.02141658589243889,0.3459973633289337,0.014796152710914612,-0.11291345208883286,-0.2843971848487854,-0.13217300176620483,-0.013330891728401184,0.05953672528266907,-0.1500515341758728,0.10004130005836487,-0.298277884721756,-0.2764984965324402,0.10381890833377838,-0.10994578897953033,0.16078685224056244,-0.07509022951126099,-0.17661216855049133,-0.05725068226456642,-0.07157266139984131,0.41650763154029846,0.1169433668255806,-0.032061412930488586,0.0005100909620523453,-0.36551153659820557,-0.026580743491649628,-0.1865362524986267
210,-0.028599731624126434,-0.061516862362623215,0.2647881507873535,0.18629002571105957,0.12874415516853333,0.18765448033809662,-0.039627641439437866,-0.2161368429660797,-0.14853747189044952,-0.19503241777420044,0.04839498549699783,-0.055271122604608536,-0.15154175460338593,0.19861522316932678,0.21822990477085114,-0.10985368490219116,0.07251385599374771,-0.023312244564294815,0.0014658328145742416,0.17560137808322906,0.025729015469551086,0.042384177446365356,0.31757014989852905,0.023330725729465485,0.07825179398059845,-0.22285416722297668,-0.17108623683452606,0.12181276082992554,0.24002067744731903,-0.08212888240814209,-0.1261315494775772,-0.07530932128429413,-0.052997272461652756,0.16097943484783173,-0.3041973114013672,-0.03290018066763878,0.004383299499750137,0.07128377258777618,0.34903645515441895,-0.0722358375787735,0.0019770339131355286,-0.22565366327762604,-0.010242843069136143,-0.007845785468816757,-0.06476427614688873,0.18978416919708252,-0.27773335576057434,0.15662187337875366,-0.282956600189209,-0.16350813210010529,0.15757246315479279,0.0028951670974493027,-0.12394178658723831,-0.2518697679042816,0.14563792943954468,-0.0839536041021347,-0.0024330001324415207,0.10255089402198792,-0.06965373456478119,0.10257849097251892,0.03903191536664963,-0.05536145344376564,0.2430633008480072,-0.03933531045913696
211,-0.2021956443786621,-0.12233021855354309,-0.3495842218399048,-0.21927398443222046,-0.13945598900318146,0.23985405266284943,0.23828373849391937,0.15929892659187317,-0.3503226339817047,-0.4295831620693207,0.5036342740058899,-0.18149881064891815,-0.4344712793827057,0.06298794597387314,0.22059622406959534,0.013511525467038155,0.052471987903118134,-0.16854557394981384,0.21079887449741364,0.362430214881897,0.0856122374534607,0.17398042976856232,0.1635494977235794,-0.04600756987929344,0.04888134077191353,0.37839657068252563,0.28409743309020996,0.4614294767379761,0.2627154290676117,-0.3362374007701874,0.39534425735473633,-0.23342370986938477,0.015933986753225327,0.045666199177503586,0.14178965985774994,0.11172866821289062,-0.6587278246879578,-0.030022114515304565,-0.04380138963460922,-0.556757926940918,0.07256972789764404,0.20275770127773285,0.11252801865339279,-0.047770481556653976,-0.22052916884422302,0.42473092675209045,-0.18365302681922913,-0.06013523042201996,0.2956658601760864,0.0206600409001112,0.08043481409549713,0.10902304947376251,0.20406050980091095,-0.4052760899066925,-0.178865447640419,0.3958364725112915,-0.15290319919586182,-0.013463268056511879,0.20035086572170258,-0.06923481822013855,-0.003300454467535019,-0.06671994924545288,-0.17799443006515503,0.10108621418476105
212,0.14440569281578064,0.09794820845127106,-0.05486416071653366,-0.09754517674446106,-0.11379861831665039,0.05843999236822128,-0.17648518085479736,-0.01284194365143776,0.11249413341283798,0.26525479555130005,0.12058105319738388,-0.1955830603837967,-0.07684111595153809,-0.024150336161255836,-0.08748368918895721,-0.02232479676604271,-0.04253320023417473,-0.06634947657585144,-0.15192481875419617,-0.3088439702987671,0.13342857360839844,0.035908572375774384,-0.1856556385755539,0.03642553836107254,0.21430371701717377,0.14777922630310059,0.2351405769586563,0.06316229701042175,-0.09484891593456268,0.133376345038414,0.0469915047287941,-0.012223532423377037,-0.2572820484638214,0.196711465716362,0.059852078557014465,0.06941752135753632,-0.05952280014753342,0.09655161947011948,0.09391123056411743,-0.08629189431667328,-0.052858464419841766,-0.1085720807313919,-0.19107995927333832,-0.03523093834519386,-0.09223354607820511,0.09401920437812805,-0.11052998155355453,-0.13050946593284607,-0.18418756127357483,0.006032858043909073,0.10688351839780807,-0.04716945439577103,0.1290827840566635,-0.03991376981139183,-0.21384459733963013,-0.18184587359428406,-0.10200479626655579,0.08365805447101593,-0.05873553454875946,-0.1436765491962433,0.09325289726257324,-0.21909163892269135,-0.11786618828773499,-0.11569233238697052
213,-0.09358417987823486,-0.20381878316402435,0.0028600189834833145,-0.06620525568723679,0.020853593945503235,-0.08696823567152023,-0.07372594624757767,-0.16995620727539062,-0.016861189156770706,-0.05669767037034035,0.1482662409543991,-0.10968288034200668,-0.2571415901184082,0.07521901279687881,0.3972156047821045,0.18211059272289276,-0.11186282336711884,-0.10426832735538483,0.07301574945449829,-0.1622227430343628,0.036124520003795624,-0.002936786040663719,0.1855280101299286,0.15713579952716827,0.06496388465166092,0.15500915050506592,0.06357738375663757,0.06252669543027878,0.026359399780631065,0.2012094110250473,0.32192522287368774,-0.24099060893058777,0.03182787075638771,-0.20641523599624634,0.07749579101800919,-0.0628436952829361,-0.12314147502183914,0.0845007374882698,0.33394795656204224,-0.27608197927474976,0.1610892415046692,-0.0264938585460186,0.06451791524887085,0.07052439451217651,-0.1378091424703598,-0.0024778321385383606,-0.0008244272321462631,-0.05914129316806793,0.09878630191087723,0.1543087512254715,-0.13737767934799194,-0.17003849148750305,-0.07834919542074203,-0.1782580465078354,0.10981892794370651,0.06172134354710579,0.006427407264709473,-0.30541858077049255,-0.009310193359851837,-0.0451231487095356,-0.2831435799598694,-0.25841519236564636,-0.145685613155365,-0.14947344362735748
214,0.5785754919052124,0.13692787289619446,0.20151859521865845,-0.08578211069107056,-0.2811001241207123,0.08922064304351807,0.13103243708610535,0.24100857973098755,-0.17321012914180756,-0.012359324842691422,0.25461533665657043,0.012931260280311108,-0.2440245896577835,-0.14708420634269714,-0.07279330492019653,-0.32203957438468933,-0.22901292145252228,0.04178301990032196,0.14652769267559052,0.3334318995475769,0.12468929588794708,0.1531226485967636,0.17313933372497559,-0.1186208426952362,0.10600247979164124,-0.2949739992618561,0.1225598156452179,0.022508352994918823,-0.15658779442310333,-0.5156539082527161,-0.03755641728639603,-0.056546054780483246,0.22091831266880035,0.39764028787612915,0.0004187989979982376,-0.02323690429329872,-0.16954508423805237,-0.237277090549469,-0.2360655665397644,0.058818574994802475,-0.044040754437446594,-0.12708526849746704,0.2901402711868286,-0.15466822683811188,0.1804105043411255,0.3793962597846985,-0.22045068442821503,0.25984662771224976,0.013711265288293362,-0.33485710620880127,0.11872521042823792,-0.025445550680160522,0.36247092485427856,-0.4394347667694092,0.15712597966194153,-0.3942450284957886,0.15254394710063934,-0.00224403478205204,0.10186957567930222,-0.27061885595321655,0.3192456364631653,-0.19692735373973846,0.030392836779356003,-0.3688064217567444
215,-0.035302892327308655,0.39376869797706604,-0.11856161057949066,0.6389338374137878,0.34505710005760193,0.13672706484794617,-0.13528548181056976,0.2737693190574646,0.07952476292848587,-0.4158973693847656,0.46896857023239136,-0.4588995575904846,-0.05053284391760826,-0.2525317966938019,-0.2558348774909973,0.22364866733551025,0.02598637156188488,0.1952197104692459,0.08546735346317291,0.3798249363899231,0.0890897884964943,-0.018895002081990242,-0.05436126887798309,-0.14130893349647522,-0.2521534264087677,-0.3466914892196655,-0.5990161299705505,0.24465961754322052,-0.28656575083732605,0.0004526549018919468,0.13379527628421783,0.4879192113876343,-0.15942755341529846,-0.02993408590555191,0.25609228014945984,-0.019234362989664078,0.2263561189174652,-0.3726678192615509,-0.0881684347987175,0.33596378564834595,0.48296812176704407,0.1342991590499878,-0.11316483467817307,0.004421520978212357,0.4152941107749939,0.11928984522819519,-0.14889982342720032,0.0002477690577507019,-0.06496980786323547,-0.18659083545207977,-0.006279791705310345,0.08643002808094025,-0.04756972938776016,0.02424633502960205,0.3053961992263794,0.17607934772968292,-0.12395109236240387,-0.05584269016981125,0.39164161682128906,0.09532928466796875,-0.20785728096961975,0.3012210428714752,0.12073777616024017,-0.22441868484020233
216,-0.13626275956630707,0.05569883808493614,-0.2676771283149719,0.1481039822101593,0.2193969190120697,0.3740798532962799,-0.15867452323436737,0.20823150873184204,0.2417123168706894,-0.30566850304603577,-0.09070341289043427,-0.12239072471857071,-0.32629603147506714,-0.25859278440475464,-0.03917941451072693,-0.26823189854621887,-0.15944722294807434,0.4802411198616028,-0.11736200749874115,-0.042171839624643326,0.11137685179710388,0.22184963524341583,0.20876355469226837,-0.1485881507396698,0.2106090486049652,-0.15332892537117004,-0.1661919355392456,0.2388833910226822,-0.19938257336616516,-0.1692660003900528,-0.19510796666145325,0.05916886776685715,-0.07478955388069153,0.08543400466442108,0.208735391497612,-0.16015398502349854,0.36067262291908264,-0.09019552171230316,-0.004903289023786783,-0.1688193529844284,0.0664445161819458,-0.21480609476566315,0.2421541064977646,0.35345906019210815,0.11094219982624054,0.37582242488861084,0.07631850987672806,0.2891105115413666,-0.12462159246206284,0.23987452685832977,-0.16445602476596832,0.025917407125234604,-0.26795724034309387,-0.06230619177222252,-0.39994800090789795,-0.11445766687393188,0.014976490288972855,0.13070443272590637,0.1249840036034584,0.19590692222118378,0.3312193751335144,0.3182563781738281,0.16154879331588745,0.034751683473587036
217,-0.1580861210823059,0.281578928232193,-0.06076452136039734,0.2984919846057892,0.06849441677331924,0.0014402549713850021,-0.265176385641098,0.11152332276105881,-0.02542598359286785,0.2035534381866455,0.22444190084934235,-0.7338051199913025,0.16413486003875732,-0.42193564772605896,-0.20979909598827362,0.08588594943284988,0.18754355609416962,0.4600546360015869,-0.23098592460155487,0.22503387928009033,-0.011890985071659088,0.09677309542894363,-0.2750052213668823,-0.17587041854858398,-0.05181660130620003,0.10230688750743866,-0.4330686330795288,-0.05020506680011749,-0.21302655339241028,-0.1742742359638214,0.4323815107345581,0.20255321264266968,-0.12601298093795776,0.279192715883255,0.1316533386707306,0.34575361013412476,-0.003358311951160431,-0.19002903997898102,0.09076505899429321,0.1278572529554367,0.262677937746048,0.17809365689754486,-0.16257768869400024,-0.015552118420600891,0.49648451805114746,-0.15018270909786224,-0.04364730790257454,-0.455039918422699,-0.06302448362112045,0.007948128506541252,-0.029124267399311066,-0.02640129253268242,-0.13831311464309692,-0.15527206659317017,-0.024034444242715836,-0.16364751756191254,-0.3663383722305298,0.2510882616043091,0.34806138277053833,-0.41395753622055054,0.06928558647632599,0.15831200778484344,-0.25008511543273926,-0.26930102705955505
218,-0.14260730147361755,-0.06108001992106438,-0.1701173633337021,0.037457775324583054,0.23958995938301086,0.09485509246587753,0.1001029759645462,0.0034323520958423615,0.24508173763751984,0.14069056510925293,0.004705457016825676,0.01850282773375511,-0.06875097751617432,-0.2558829188346863,0.10089969635009766,-0.10626176744699478,-0.08214879781007767,0.1646507978439331,-0.1357884705066681,-0.1218690574169159,0.018206246197223663,0.04061143845319748,-0.12054414302110672,0.03858330845832825,0.2588669955730438,0.23161651194095612,-0.0027092713862657547,0.03999751806259155,-0.1757219135761261,0.06277104467153549,-0.27965834736824036,-0.09324735403060913,0.08574938029050827,-0.04532700404524803,0.06387180089950562,-0.03496754541993141,0.38467511534690857,0.07433956861495972,-0.1891724169254303,-0.08002878725528717,-0.07990345358848572,-0.06000466272234917,0.20451241731643677,-0.05995767191052437,0.21312984824180603,-0.05110851675271988,0.0981040969491005,-0.04350705444812775,-0.26950064301490784,0.1683373898267746,-0.031115733087062836,-0.28291237354278564,-0.05845434218645096,0.0787377804517746,-0.1899695098400116,-0.0923004299402237,0.07020017504692078,0.04475518688559532,0.20992760360240936,-0.3024691343307495,0.15442198514938354,0.21527504920959473,-0.025712382048368454,0.07746665179729462
219,-0.06890713423490524,-0.024814564734697342,-0.1547248214483261,-0.2446584403514862,-0.09296650439500809,0.2809379994869232,0.1403394490480423,0.1404828578233719,-0.39947667717933655,-0.4378657937049866,0.5262344479560852,-0.1702299416065216,-0.38932180404663086,0.15835529565811157,0.08041737228631973,-0.07978334277868271,0.09128477424383163,-0.1708679050207138,0.10981787741184235,0.2898833155632019,0.14546583592891693,0.14965182542800903,0.16370666027069092,-0.15062670409679413,0.008839648216962814,0.24799734354019165,0.23467139899730682,0.4862091541290283,0.31237778067588806,-0.40413013100624084,0.3403654396533966,-0.16176342964172363,-0.09329808503389359,0.21169742941856384,0.02838304080069065,0.007554750889539719,-0.6622985005378723,-0.14103172719478607,-0.012068208307027817,-0.458776593208313,0.09823349118232727,0.15404275059700012,0.04375852271914482,-0.1253805011510849,-0.23912324011325836,0.42559024691581726,-0.09022775292396545,0.0038851238787174225,0.24028469622135162,-0.02630702592432499,0.209719717502594,0.16747885942459106,0.36330610513687134,-0.5258207321166992,-0.11108757555484772,0.32056963443756104,-0.17843680083751678,0.058052510023117065,0.19388172030448914,-0.07016324996948242,0.1183137446641922,-0.025556497275829315,-0.1940576136112213,0.038360267877578735
22,0.26773184537887573,-0.11647258698940277,0.31786638498306274,-0.1611001193523407,-0.2269531488418579,0.2986696660518646,0.3118678629398346,-0.07825128734111786,-0.2981618642807007,0.17068912088871002,0.03946429863572121,-0.13500888645648956,-0.18664640188217163,0.06717538833618164,0.381388783454895,-0.3408823311328888,-0.04285955801606178,0.17453588545322418,0.14030471444129944,0.24533149600028992,0.07195162773132324,0.184443861246109,0.38116389513015747,-0.12364061921834946,0.22176088392734528,-0.12478486448526382,-0.10935474932193756,0.05694268271327019,-0.20132075250148773,-0.22567568719387054,0.099554643034935,-0.17688840627670288,0.098479263484478,0.24600401520729065,-0.18229831755161285,-0.023440975695848465,-0.13801907002925873,0.054062794893980026,0.380929559469223,-0.3219372630119324,-0.050825122743844986,-0.39258700609207153,0.2758437395095825,0.048230014741420746,0.015843305736780167,0.2272419035434723,-0.3131786286830902,-0.08539649099111557,-0.24244266748428345,0.029101649299263954,0.0213626641780138,-0.17408856749534607,-0.20555076003074646,-0.536575436592102,0.037974752485752106,-0.20751838386058807,-0.09101042151451111,0.06365963071584702,-0.04984356462955475,-0.35342246294021606,0.23334665596485138,-0.09880342334508896,-0.12237522006034851,-0.1687648892402649
220,0.04414861276745796,-0.02750329300761223,-0.21433933079242706,0.04774756357073784,-0.4414494037628174,0.015951132401823997,-0.3513292670249939,0.07763014733791351,-0.2322656810283661,0.10862618684768677,0.08705078065395355,-0.14002341032028198,0.07531113922595978,-0.13103383779525757,-0.3057295083999634,0.39926114678382874,0.349295437335968,-0.15733665227890015,0.0917166918516159,-0.11254706233739853,0.3126303553581238,-0.027143945917487144,0.039569124579429626,-0.02235172502696514,-0.10356317460536957,0.3588007688522339,0.04852074012160301,-0.11026798188686371,0.31735217571258545,-0.27618932723999023,0.2464560866355896,0.11119992285966873,-0.16564227640628815,0.354740172624588,0.004763455130159855,0.09302403032779694,-0.337606281042099,-0.24477490782737732,-0.16825370490550995,0.17189057171344757,0.08012454211711884,0.24304305016994476,-0.34738701581954956,0.0201923456043005,-0.14930090308189392,0.21367496252059937,0.49872398376464844,-0.07099993526935577,-0.17272348701953888,0.20163452625274658,0.2571006715297699,0.3791523873806,0.13246245682239532,-0.20679254829883575,-0.3520841598510742,0.20258265733718872,-0.4659908711910248,0.30809512734413147,0.3312019109725952,-0.05496738851070404,0.21938292682170868,-0.07814228534698486,-0.14027296006679535,-0.2109689563512802
221,-0.03115786612033844,-0.047343458980321884,0.048762351274490356,-0.007598737254738808,-0.1952846199274063,0.09432296454906464,-0.10442808270454407,-0.08564122766256332,-0.18465594947338104,0.44177937507629395,-9.707920253276825e-05,-0.373427152633667,0.12191787362098694,-0.35513418912887573,0.09236568212509155,0.027160724624991417,0.17200538516044617,0.4822123050689697,-0.22373871505260468,-0.02828643098473549,-0.08080782741308212,0.2198689728975296,0.021785082295536995,-0.01687350496649742,-0.02735871821641922,0.08992162346839905,-0.20663724839687347,-0.27540135383605957,-0.13086619973182678,-0.09758895635604858,0.5706554055213928,0.15151047706604004,0.06622771918773651,0.41812026500701904,0.08200928568840027,0.3686758875846863,0.09577403962612152,-0.03569679334759712,0.32462021708488464,-0.038990989327430725,0.15815623104572296,-0.027478080242872238,0.0953335165977478,0.11017554998397827,0.13085927069187164,0.00714343786239624,0.04147361218929291,-0.44165050983428955,-0.10716579854488373,0.11096837371587753,-0.2706356346607208,0.01767095923423767,-0.3081122934818268,-0.2202155441045761,0.04267489165067673,-0.3734051585197449,-0.1763363480567932,0.2105717957019806,0.15591022372245789,-0.3594886064529419,0.21037469804286957,0.044898662716150284,-0.1932813972234726,-0.15362189710140228
222,0.2611147165298462,0.22417740523815155,-0.20100219547748566,0.23020270466804504,0.018869049847126007,0.056507714092731476,-0.11997458338737488,0.28221598267555237,0.45302248001098633,-0.23170118033885956,0.0278302188962698,0.21717147529125214,-0.006889503449201584,-0.30896320939064026,-0.5742372274398804,-0.31457075476646423,0.009513968601822853,-0.164682075381279,-0.02743666246533394,-0.4737628102302551,0.17555676400661469,-0.006140017881989479,-0.40873005986213684,0.008923046290874481,0.12980039417743683,0.26539215445518494,0.2412748485803604,0.07140171527862549,-0.0320671945810318,0.15898297727108002,-0.39056071639060974,0.29649990797042847,-0.05126476660370827,0.06698131561279297,0.18557026982307434,-0.19714127480983734,0.784643292427063,0.012375358492136002,-0.7172759771347046,0.24195151031017303,-0.3307611644268036,0.05670863389968872,0.05725773796439171,-0.2713484764099121,0.3659295439720154,0.1802520751953125,0.27936506271362305,0.12743845582008362,-0.14195960760116577,-0.3978919982910156,0.4557710886001587,-0.05177773907780647,0.2807055711746216,0.31359049677848816,0.12140599638223648,-0.12561547756195068,0.4470362663269043,0.13338102400302887,0.3135283291339874,-0.1998165398836136,0.09374098479747772,0.07517245411872864,0.11130271852016449,0.008118055760860443
223,0.24321967363357544,0.35588163137435913,0.021217385306954384,0.034051187336444855,-0.010876496322453022,0.023867463693022728,-0.13207082450389862,0.20586445927619934,0.4018293619155884,-0.09588593244552612,-0.06160229444503784,0.1166505441069603,0.33875271677970886,0.16266727447509766,-0.5059360861778259,-0.2339707314968109,0.1534513533115387,0.0234394371509552,-0.18220111727714539,0.09538473188877106,0.006431959569454193,0.06155702471733093,-0.6122571229934692,-0.17609357833862305,0.4949643611907959,-0.3032826781272888,0.11459419131278992,0.27802157402038574,-0.25963327288627625,0.3556026220321655,-0.2869981825351715,-0.2074640989303589,-0.3398863971233368,0.010507406666874886,0.13477613031864166,-0.35108786821365356,0.35983288288116455,0.20185963809490204,0.12213847041130066,0.23674046993255615,-0.4360043704509735,-0.16686353087425232,-0.2699141204357147,-0.4046500325202942,0.8890305161476135,0.27722328901290894,0.005477652419358492,-0.1504625529050827,0.1831015646457672,0.05600116401910782,0.5113670825958252,-0.2741440534591675,-0.0603962242603302,0.3493194282054901,0.3380427360534668,-0.050738539546728134,0.385358989238739,-0.0094368327409029,0.3541165292263031,-0.5874549150466919,0.07797618210315704,0.010651822201907635,-0.07971370965242386,0.38409730792045593
224,0.4862581789493561,0.41102272272109985,0.22174087166786194,-0.06621567159891129,-0.20979046821594238,-0.06345260143280029,0.09458200633525848,0.38550812005996704,0.1949281245470047,-0.15712717175483704,-0.09763913601636887,0.13784703612327576,0.31123530864715576,0.30726370215415955,-0.49532216787338257,-0.16532637178897858,0.15297535061836243,0.00966488104313612,0.004965163767337799,0.3044792711734772,0.03861009329557419,0.04716762155294418,-0.5656661987304688,-0.3348042964935303,0.26735401153564453,-0.5585272908210754,0.20541580021381378,0.2895258665084839,-0.4578125774860382,0.15976068377494812,-0.12902817130088806,-0.2880864143371582,-0.2320675104856491,-0.001391090452671051,0.05890282243490219,-0.4292997717857361,0.17199811339378357,0.14295561611652374,0.13502271473407745,0.3529525101184845,-0.4886436462402344,-0.25290217995643616,-0.19829529523849487,-0.36421000957489014,0.8276985287666321,0.30065688490867615,-0.03564927354454994,-0.09248576313257217,0.481350302696228,-0.030041906982660294,0.5315306186676025,-0.3278465270996094,-0.004257155582308769,0.18218526244163513,0.4846215546131134,0.04188591614365578,0.42142587900161743,-0.12269027531147003,0.4475567936897278,-0.7819679379463196,0.00857420451939106,-0.1568702608346939,-0.2429221272468567,0.3509267568588257
225,0.3613967001438141,0.31404009461402893,0.12671631574630737,-0.038414932787418365,-0.171769917011261,0.016507849097251892,-0.01452396996319294,0.14556100964546204,0.38773664832115173,-0.04585529491305351,-0.07948235422372818,0.18298621475696564,0.23384389281272888,0.2773352265357971,-0.45397067070007324,-0.3989972174167633,0.029884295538067818,-0.09169662743806839,-0.09477981925010681,0.05974159017205238,-0.05494921654462814,0.11551725119352341,-0.46277353167533875,-0.23441167175769806,0.3020209074020386,-0.23925727605819702,0.21304292976856232,0.35696160793304443,-0.11657276749610901,0.26673421263694763,-0.1382320523262024,-0.19648966193199158,-0.2941572368144989,-0.01093626394867897,0.11429163068532944,-0.537592887878418,0.3676576316356659,0.029046177864074707,0.026754135265946388,0.11824652552604675,-0.5196524262428284,-0.19490258395671844,-0.04607362300157547,-0.4767243266105652,0.743890106678009,0.2743127644062042,0.01361330971121788,-0.28370434045791626,0.31344810128211975,-0.03858913108706474,0.5728573799133301,-0.19711792469024658,-0.03304470330476761,0.20179040729999542,0.4599958658218384,-0.20179826021194458,0.3989972472190857,-0.12726417183876038,0.16685429215431213,-0.504199743270874,0.13737331330776215,-0.00012225541286170483,-0.026220913976430893,0.3013947904109955
226,0.28792804479599,0.3578837811946869,0.17719079554080963,-0.09935265779495239,-0.15905384719371796,-0.03211294114589691,0.13650384545326233,0.23469412326812744,0.24568241834640503,-0.2624885141849518,-0.13751038908958435,-0.05412238463759422,0.20539727807044983,0.22322280704975128,-0.3795485496520996,0.05893348157405853,0.31924960017204285,-0.06296221911907196,0.04442408308386803,0.15052451193332672,0.2432868629693985,0.00673249363899231,-0.572259783744812,-0.3605058193206787,0.39100733399391174,-0.36221811175346375,0.2940380871295929,0.22365936636924744,-0.5569000244140625,0.12759137153625488,-0.029626160860061646,-0.3004142940044403,-0.35941922664642334,0.028256181627511978,0.2857852876186371,-0.46790802478790283,0.11452966183423996,0.09822467714548111,0.3778630197048187,0.1886262744665146,-0.428999662399292,-0.08980917930603027,-0.3125329315662384,-0.33166074752807617,0.7737376093864441,0.20143812894821167,0.374220073223114,-0.1407293975353241,0.4807922840118408,0.2511836886405945,0.494428813457489,-0.28450727462768555,-0.044341959059238434,0.16001993417739868,0.4161365330219269,0.2367931306362152,0.31451207399368286,-0.22852638363838196,0.4422141909599304,-0.82172691822052,0.019113101065158844,-0.11173821985721588,-0.49635785818099976,0.3522648215293884
227,0.5760817527770996,0.32058581709861755,0.17557203769683838,-0.10147643834352493,-0.24354849755764008,-0.12294204533100128,0.09161832928657532,0.4034385681152344,0.2300862818956375,0.04556778818368912,-0.0946899950504303,0.20411069691181183,0.3736046850681305,0.2681022584438324,-0.5306926965713501,-0.2823176383972168,0.059353262186050415,0.05450615659356117,0.02470075711607933,0.2862389087677002,-0.09067759662866592,0.028153730556368828,-0.48660582304000854,-0.2490798681974411,0.1777636855840683,-0.5622304081916809,0.1676221787929535,0.1924116015434265,-0.3408070504665375,0.06547776609659195,-0.18734142184257507,-0.2621169090270996,-0.0553000271320343,-0.006657928228378296,-0.041374847292900085,-0.4054812788963318,0.19918034970760345,0.050709307193756104,-0.05873383581638336,0.44229209423065186,-0.5027549862861633,-0.2871801555156708,-0.06691364198923111,-0.4328243136405945,0.8453666567802429,0.27743273973464966,-0.13612011075019836,-0.10720989108085632,0.45707768201828003,-0.1386190503835678,0.5037813186645508,-0.34340429306030273,0.0436079241335392,0.17095743119716644,0.43277063965797424,-0.0861610621213913,0.46243366599082947,-0.06140076369047165,0.367574006319046,-0.7476050853729248,0.027605688199400902,-0.2049233317375183,-0.12162971496582031,0.28306615352630615
228,0.3385084569454193,0.36656680703163147,0.10632340610027313,-0.10973555594682693,-0.22456082701683044,-0.07778745889663696,0.20620642602443695,0.20445647835731506,0.24452899396419525,-0.3199593126773834,-0.09900311380624771,-0.10038184374570847,0.13237418234348297,0.18129919469356537,-0.26818472146987915,0.24008917808532715,0.3726527690887451,-0.11552335321903229,0.13431939482688904,0.12295430153608322,0.31368863582611084,-0.11450294405221939,-0.5334885716438293,-0.3530092239379883,0.4502207934856415,-0.3675561845302582,0.41481131315231323,0.11424234509468079,-0.6672340035438538,0.12301912903785706,0.08983029425144196,-0.4261583089828491,-0.3205261528491974,0.03133575990796089,0.41572898626327515,-0.5525553226470947,0.18195496499538422,0.07325141876935959,0.4568004012107849,0.16940124332904816,-0.34009668231010437,-0.11212009191513062,-0.2521657347679138,-0.32768726348876953,0.8732836842536926,0.20778459310531616,0.5714103579521179,-0.11516281962394714,0.512851357460022,0.44247767329216003,0.4125150144100189,-0.31630098819732666,-0.0354764461517334,0.12749846279621124,0.5150619745254517,0.2699699401855469,0.3859809637069702,-0.37344202399253845,0.5636329054832458,-0.9400425553321838,-0.054531462490558624,-0.23512384295463562,-0.6892438530921936,0.354261577129364
229,0.2731475234031677,0.08214680850505829,0.1300320029258728,-0.19408653676509857,-0.17403505742549896,0.02794703096151352,0.1319490522146225,0.16952389478683472,0.1633032113313675,-0.20483258366584778,-0.13660989701747894,-0.1369854360818863,0.1414794623851776,0.2573883831501007,-0.144713893532753,0.19719985127449036,0.35550656914711,-0.0979013442993164,0.1048574149608612,0.04165401682257652,0.1579263061285019,-0.06869770586490631,-0.3223300576210022,-0.15963292121887207,0.23953182995319366,-0.24686351418495178,0.262691855430603,0.15162594616413116,-0.344913512468338,0.03259909152984619,0.021700242534279823,-0.3371437191963196,-0.0537789948284626,0.034629277884960175,0.12315858900547028,-0.3962334394454956,0.017576221376657486,0.06723032891750336,0.3553277254104614,0.1150861382484436,-0.3412962853908539,0.0009178202599287033,-0.1666932851076126,-0.19694973528385162,0.5204811692237854,0.09878246486186981,0.3799959421157837,-0.16065961122512817,0.34046053886413574,0.3526786267757416,0.3950895667076111,-0.14693035185337067,-0.00929168425500393,0.13799923658370972,0.15786805748939514,0.3808368444442749,0.23001885414123535,-0.10354076325893402,0.41163942217826843,-0.676501452922821,-0.03702208399772644,-0.15458397567272186,-0.4780482053756714,0.34980079531669617
23,-0.3470267057418823,-0.402376264333725,-0.3689134120941162,-0.0029271217063069344,0.21830405294895172,0.06661012023687363,0.02439272776246071,-0.1544422209262848,-0.08059487491846085,-0.02359369397163391,0.2288685292005539,-0.11736268550157547,-0.061600033193826675,-0.34329652786254883,0.3245699405670166,-0.14001373946666718,0.14957325160503387,-0.10343951731920242,0.115083247423172,-0.10580332577228546,0.1103019267320633,-0.15879447758197784,0.16808652877807617,0.22878210246562958,0.06243264302611351,0.418265700340271,-0.39711353182792664,-0.1777886003255844,0.23683959245681763,-0.1745702475309372,-0.1044723391532898,0.10425607115030289,0.43475228548049927,-0.09195585548877716,0.03577854484319687,-0.1894339621067047,0.011074600741267204,-0.07453108578920364,-0.13491258025169373,0.004746397957205772,0.14333991706371307,-0.01294891070574522,0.056090373545885086,0.027987532317638397,0.1258932501077652,-0.20167364180088043,0.3052055835723877,0.06943200528621674,-0.4037071466445923,0.13327383995056152,0.10166974365711212,-0.02464662492275238,-0.2852955758571625,-0.05433611199259758,-0.3134821653366089,0.309297651052475,-0.14899104833602905,0.1962614357471466,0.18778951466083527,0.010614097118377686,-0.05133393406867981,0.39867281913757324,-0.06051057204604149,-0.07862614095211029
230,0.6942301988601685,0.44881394505500793,0.26046222448349,-0.0901414081454277,-0.3933536410331726,-0.16380903124809265,0.21106301248073578,0.3727695047855377,0.08900575339794159,0.10619629919528961,-0.028946315869688988,0.07606477290391922,0.2862040102481842,0.2264966070652008,-0.48110777139663696,-0.07813901454210281,0.06016506999731064,0.14125590026378632,0.08503864705562592,0.35018232464790344,0.06711600720882416,-0.09025799483060837,-0.5561302304267883,-0.3921794295310974,0.007707023993134499,-0.6882748007774353,0.21059873700141907,0.0819544643163681,-0.6265515089035034,-0.02235361933708191,0.16185198724269867,-0.22941544651985168,-0.0959768146276474,0.11821582913398743,-0.0009238161146640778,-0.4138323664665222,0.1419169008731842,-0.04682008922100067,0.08585382997989655,0.49177080392837524,-0.3677583932876587,-0.3540771007537842,0.018369227647781372,-0.39998504519462585,0.7955639958381653,0.2656640410423279,-0.02003227360546589,-0.1865454614162445,0.5072261095046997,-0.1522754579782486,0.4154950976371765,-0.32256874442100525,0.014620212838053703,0.002685215324163437,0.5545463562011719,-0.09511978924274445,0.4084736108779907,-0.18834684789180756,0.4530981183052063,-0.8590633273124695,-0.03651958703994751,-0.21508240699768066,-0.3919692933559418,0.0837818905711174
231,0.2557070851325989,-0.07983970642089844,0.12790437042713165,-0.11781755089759827,-0.30686092376708984,-0.031062910333275795,0.1023709774017334,0.10812123119831085,0.09491083025932312,-0.1648205816745758,-0.12857511639595032,0.00605361070483923,0.09388603270053864,0.3197488486766815,-0.09613961726427078,0.15777404606342316,0.22251342236995697,-0.3266433775424957,0.1567845493555069,-0.08860062807798386,0.046737559139728546,-0.04311441630125046,-0.08305036276578903,-0.04703032225370407,-0.0032796934247016907,-0.129245787858963,0.16337427496910095,0.09861087799072266,-0.1043335571885109,0.11236432194709778,0.09932076930999756,-0.11284997314214706,0.025446534156799316,-0.06590771675109863,0.10414675623178482,-0.5049483180046082,0.09540080279111862,-0.11170782148838043,0.1763116866350174,0.12316741049289703,-0.27230092883110046,-0.020415060222148895,-0.13061122596263885,-0.06989902257919312,0.19778528809547424,0.07742677628993988,0.3280883729457855,-0.19196178019046783,0.19761450588703156,0.3212139904499054,0.33365845680236816,0.02872786857187748,-0.09565386921167374,0.1828869730234146,0.16913869976997375,0.2444411814212799,0.08697259426116943,-0.1072835847735405,0.24584966897964478,-0.28127044439315796,-0.08805558830499649,-0.04717535525560379,-0.19748735427856445,0.2536027133464813
232,0.3202154040336609,0.014411073178052902,0.11131453514099121,-0.056385885924100876,-0.2969832420349121,-0.03442393243312836,0.08064064383506775,0.18439438939094543,0.046983666718006134,-0.21397051215171814,-0.07724958658218384,0.02204779163002968,0.07381542772054672,0.29748234152793884,-0.134771928191185,0.14756789803504944,0.1889929622411728,-0.3744524419307709,0.19363607466220856,-0.14486053586006165,0.14130733907222748,-0.009880566969513893,-0.06769265979528427,-0.039727333933115005,-0.05882811173796654,-0.15402862429618835,0.15481166541576385,0.16193576157093048,-0.13667498528957367,0.12207968533039093,0.09572543203830719,-0.0334896594285965,-0.03142828866839409,-0.0402827113866806,0.15322694182395935,-0.5488274097442627,0.09171716868877411,-0.19714558124542236,0.12678182125091553,0.1988288313150406,-0.2878325283527374,-0.06422696262598038,-0.20654696226119995,-0.07449175417423248,0.2051735371351242,0.11011531949043274,0.3340432643890381,-0.16025060415267944,0.21381312608718872,0.26034972071647644,0.3275247812271118,0.023416750133037567,-0.10798092931509018,0.11808612942695618,0.22940964996814728,0.22116953134536743,0.03959956392645836,-0.15188923478126526,0.28409868478775024,-0.25483980774879456,-0.06618164479732513,-0.01495675090700388,-0.14256364107131958,0.16065511107444763
233,0.34623825550079346,0.291370153427124,0.18695811927318573,-0.04002908989787102,-0.10879433900117874,-0.03008653037250042,-0.006069336086511612,0.32920143008232117,0.1731361299753189,-0.16279685497283936,-0.0788978710770607,0.1669224053621292,0.2595893144607544,0.3000708222389221,-0.40150099992752075,-0.2145099639892578,0.09834476560354233,-0.019695516675710678,-0.03798184543848038,0.2387039065361023,-0.06767430156469345,0.07993097603321075,-0.40664952993392944,-0.21729567646980286,0.25862905383110046,-0.42320647835731506,0.11349371075630188,0.27887749671936035,-0.23679187893867493,0.1761564165353775,-0.20110464096069336,-0.2592523992061615,-0.17468661069869995,-0.04536925628781319,-0.012673964723944664,-0.32046759128570557,0.15893663465976715,0.16701039671897888,0.06288249045610428,0.26461100578308105,-0.4292461574077606,-0.2059745043516159,-0.17901718616485596,-0.27407321333885193,0.6337003111839294,0.24078059196472168,-0.14791083335876465,-0.03753155469894409,0.3531818985939026,-0.05922634154558182,0.4464172124862671,-0.2726355791091919,0.02070840448141098,0.20054124295711517,0.3711007237434387,0.0022413544356822968,0.3420335352420807,-0.0296836756169796,0.32281091809272766,-0.5555899739265442,0.015602558851242065,-0.13552512228488922,-0.06506913155317307,0.3401240110397339
234,0.27898353338241577,0.28525498509407043,0.10256685316562653,-0.03656064718961716,-0.15553753077983856,0.06391895562410355,-0.03083641082048416,0.052827879786491394,0.411803275346756,-0.024400487542152405,-0.06928054988384247,0.14998412132263184,0.19425047934055328,0.24850589036941528,-0.4039999842643738,-0.3902551829814911,0.01936202682554722,-0.11885389685630798,-0.12102063000202179,-0.00557763921096921,-0.01440226286649704,0.15876519680023193,-0.43877580761909485,-0.22162367403507233,0.30482909083366394,-0.12557975947856903,0.21713051199913025,0.3734782338142395,-0.059076353907585144,0.2932197153568268,-0.0908719077706337,-0.15176698565483093,-0.3483216166496277,0.007283216342329979,0.17499573528766632,-0.5294786095619202,0.36667919158935547,0.0137061458081007,0.06469504535198212,0.013634895905852318,-0.5014460682868958,-0.12736846506595612,-0.03942001610994339,-0.46010494232177734,0.6580260396003723,0.24813616275787354,0.08607160300016403,-0.3368203043937683,0.2656843662261963,0.0033090393990278244,0.5446157455444336,-0.1338610202074051,-0.06709273904561996,0.18705438077449799,0.42109259963035583,-0.22611674666404724,0.35269251465797424,-0.14554926753044128,0.08671285957098007,-0.40722745656967163,0.18213394284248352,0.07579957693815231,-0.009849057532846928,0.26802414655685425
235,0.191150963306427,0.35244596004486084,0.11312870681285858,-0.06655303388834,-0.06691198796033859,-0.026881804689764977,0.14766718447208405,0.16582918167114258,0.17719848453998566,-0.2604128420352936,-0.08359255641698837,-0.0972505509853363,0.12465858459472656,0.09074308723211288,-0.26671403646469116,0.12569962441921234,0.3093942105770111,-0.05965754762291908,0.06151912733912468,0.11353284865617752,0.3044785261154175,-0.05256333947181702,-0.5069504976272583,-0.36311304569244385,0.35571736097335815,-0.2710754871368408,0.2651573717594147,0.1270003616809845,-0.5658056735992432,0.05128426104784012,0.007788419723510742,-0.2270796298980713,-0.36083322763442993,0.0637059211730957,0.3695988655090332,-0.379041850566864,0.059363603591918945,0.016422437503933907,0.34161731600761414,0.15293700993061066,-0.2917790114879608,-0.03815072029829025,-0.29213881492614746,-0.3006346821784973,0.6743097901344299,0.13179826736450195,0.47459399700164795,-0.0836811438202858,0.41902387142181396,0.2655915915966034,0.3501179814338684,-0.22606506943702698,-0.004025230184197426,0.11040107905864716,0.37776777148246765,0.25739189982414246,0.2054751217365265,-0.3004418909549713,0.3512776494026184,-0.7280004620552063,0.034176938235759735,-0.04548277705907822,-0.5187339186668396,0.24330689013004303
236,0.6556576490402222,0.424341082572937,0.2285541594028473,-0.0842617079615593,-0.4366527199745178,-0.15378302335739136,0.272036075592041,0.24749064445495605,0.03444632515311241,0.24302300810813904,0.02625354751944542,-0.01460449118167162,0.21884265542030334,0.14271169900894165,-0.382784366607666,0.028051914647221565,0.02483992464840412,0.17722830176353455,0.115513876080513,0.31750351190567017,0.14383526146411896,-0.13023225963115692,-0.48537981510162354,-0.4039143919944763,-0.13043633103370667,-0.6233580112457275,0.19966533780097961,-0.018932081758975983,-0.6377079486846924,-0.09660447388887405,0.3648741543292999,-0.14594589173793793,-0.09769320487976074,0.19254839420318604,0.04152924567461014,-0.35857707262039185,0.08900073915719986,-0.1509382575750351,0.1277794986963272,0.43009334802627563,-0.2432272881269455,-0.3082710802555084,0.10864001512527466,-0.36702755093574524,0.640936553478241,0.20165756344795227,0.0853714793920517,-0.2612067759037018,0.45319047570228577,-0.14747948944568634,0.2816707491874695,-0.23397359251976013,-0.02789939008653164,-0.10672947764396667,0.5123493075370789,-0.13847537338733673,0.31585490703582764,-0.24176374077796936,0.35174310207366943,-0.7551799416542053,-0.029855115339159966,-0.15239834785461426,-0.4599605202674866,-0.07484406977891922
237,0.3562140166759491,0.3409663438796997,0.010933173820376396,-0.06150436028838158,-0.19310109317302704,-0.0743740051984787,0.15058636665344238,0.17738443613052368,0.18558837473392487,-0.2791881263256073,0.01879444718360901,-0.01899738609790802,0.050353020429611206,0.1159762367606163,-0.13362741470336914,0.22962069511413574,0.24338211119174957,-0.12519250810146332,0.13026617467403412,0.146547332406044,0.1900676190853119,-0.16793762147426605,-0.36087748408317566,-0.24457870423793793,0.39832571148872375,-0.35953834652900696,0.37523752450942993,0.04120935872197151,-0.5210973620414734,0.1260899156332016,0.10205160081386566,-0.43271973729133606,-0.18475131690502167,0.03275241702795029,0.3943077325820923,-0.4696069359779358,0.25068584084510803,0.058825813233852386,0.29825305938720703,0.1580171138048172,-0.18990854918956757,-0.15245620906352997,-0.07664395123720169,-0.26505202054977417,0.7856926321983337,0.21178391575813293,0.42860811948776245,-0.011777268722653389,0.4083425998687744,0.3919735550880432,0.23334835469722748,-0.2583790421485901,0.024826498702168465,0.10659536719322205,0.5308050513267517,0.11026513576507568,0.41310936212539673,-0.3890979588031769,0.5092831254005432,-0.7543200850486755,-0.07379713654518127,-0.2873724400997162,-0.5433530211448669,0.28725501894950867
238,-0.006977248936891556,0.012645825743675232,-0.31424498558044434,-0.033530596643686295,0.12463131546974182,0.15446367859840393,-0.10202674567699432,0.251250296831131,0.009351896122097969,0.20020216703414917,0.34766867756843567,-0.35784611105918884,0.3991890847682953,-0.01516757346689701,-0.09333107620477676,0.0754653736948967,-0.009212462231516838,0.15522034466266632,-0.01120744924992323,0.5395675301551819,-0.21023757755756378,-0.17688557505607605,-0.34048226475715637,-0.1711394488811493,-0.05648636445403099,-0.18269434571266174,-0.33383387327194214,0.1019735187292099,-0.13051028549671173,-0.026409529149532318,-0.020898722112178802,-0.3555067479610443,0.037218838930130005,-0.07780137658119202,0.005124764516949654,0.09475935995578766,-0.3230063021183014,0.16219624876976013,-0.0776062086224556,0.1880296915769577,0.034301597625017166,-0.06041239574551582,-0.0885818675160408,-0.15277442336082458,0.5208764672279358,0.20087233185768127,-0.39402446150779724,-0.24524545669555664,0.17450611293315887,0.17863500118255615,-0.04579322412610054,-0.06314247101545334,0.014259058982133865,0.22098582983016968,-0.16605795919895172,0.28258413076400757,-0.13444089889526367,0.04444582760334015,-0.07326225936412811,-0.1497737467288971,-0.03879602253437042,0.17210929095745087,-0.0991128534078598,0.1388484239578247
239,-0.17268884181976318,-0.16184307634830475,-0.4566510319709778,-0.20172211527824402,-0.03900355473160744,0.1728522777557373,0.12143862247467041,0.28324365615844727,-0.06144782900810242,-0.08382268249988556,0.27384597063064575,-0.25336548686027527,0.2327481210231781,0.09665516018867493,0.05084855854511261,0.0035373661667108536,0.18723389506340027,-0.1313098520040512,0.33456259965896606,0.6628948450088501,-0.3338950276374817,-0.20042400062084198,-0.25093594193458557,-0.24886423349380493,-0.2807285487651825,0.26072829961776733,-0.10322403907775879,0.2239522784948349,0.2367764711380005,-0.266767680644989,-0.0004174932837486267,-0.4604354202747345,0.2210235893726349,-0.4466649889945984,-0.040010347962379456,-0.05652182549238205,-0.5179170370101929,0.3757307827472687,-0.39797139167785645,-0.010400626808404922,-0.04834350198507309,0.08211281895637512,0.10859403759241104,-0.0939149409532547,0.14377228915691376,0.17182227969169617,-0.3434299826622009,-0.1818225234746933,0.4836471676826477,0.04151251167058945,0.29986363649368286,0.0965396836400032,0.19295629858970642,0.22461020946502686,-0.23370574414730072,0.7659607529640198,-0.051525309681892395,0.06351388990879059,-0.14439675211906433,-0.10111043602228165,-0.1157560795545578,-0.10606200248003006,-0.1941547691822052,0.42409035563468933
24,0.12053301930427551,-0.09803979098796844,0.054136186838150024,0.22788681089878082,-0.005141954869031906,0.013004868291318417,-0.3288811445236206,-0.09271500259637833,-0.034262239933013916,0.1093851774930954,-0.02953639067709446,0.004839184693992138,0.3038577139377594,0.07265219837427139,-0.18369485437870026,0.017005829140543938,0.2614859342575073,0.04827543720602989,-0.007558858022093773,-0.03643093258142471,-0.003255929797887802,-0.157208651304245,0.1581294983625412,0.2741427421569824,0.14582404494285583,-0.2982170283794403,-0.2700226902961731,-0.2618827223777771,0.38028308749198914,0.09405491501092911,-0.3087320923805237,-0.01993340626358986,0.03171774372458458,0.199491485953331,-0.5035759806632996,0.22887414693832397,0.06316778063774109,0.33390408754348755,0.20757833123207092,0.3600304424762726,0.0037283487617969513,-0.2009316086769104,-0.386295348405838,-0.007728274911642075,0.12392164766788483,0.16259509325027466,-0.2784222960472107,0.2913922071456909,-0.4954422116279602,-0.3323434591293335,0.23503617942333221,0.005955277942121029,-0.10022202879190445,0.10849820077419281,-0.08983542770147324,0.003390323370695114,0.11266821622848511,0.5194861888885498,0.0318659171462059,0.06478739529848099,-0.1199895441532135,-0.3007693886756897,0.24945524334907532,0.048552583903074265
240,0.05227816849946976,0.047306135296821594,-0.1100192666053772,0.06918340176343918,0.1011299341917038,0.11618593335151672,-0.13345466554164886,0.21224838495254517,-0.09777667373418808,0.0405493900179863,0.2865988612174988,-0.21711112558841705,0.26642969250679016,0.07654882967472076,-0.04429937154054642,0.11290052533149719,0.049332551658153534,-0.018299341201782227,-0.046627163887023926,0.399406373500824,-0.11187618970870972,-0.10472147911787033,-0.23527823388576508,-0.13732369244098663,-0.01196679100394249,-0.3072546422481537,-0.26196691393852234,0.06047828122973442,-0.13074804842472076,0.09111177921295166,0.0004390217363834381,-0.17771664261817932,-0.020774301141500473,0.02983405813574791,0.029001927003264427,0.10744346678256989,-0.18845559656620026,0.12212841212749481,0.03557196259498596,0.23413117229938507,-0.02230983041226864,-0.10960903763771057,-0.21325567364692688,-0.04221217706799507,0.360029011964798,0.030136846005916595,-0.3565082848072052,-0.08068899810314178,0.061678625643253326,0.09562215954065323,-0.025373078882694244,-0.042977020144462585,-0.037446312606334686,0.23488040268421173,-0.00827034655958414,0.13869409263134003,-0.09342573583126068,-0.018612319603562355,0.016160795465111732,-0.1452486515045166,-0.11681471765041351,0.11876226961612701,0.02214336022734642,0.11644142121076584
241,0.07599986344575882,-0.07910196483135223,-0.22955013811588287,-0.08763261884450912,-0.09665387868881226,0.2553189992904663,-0.10483773052692413,0.24548748135566711,-0.07352613657712936,0.1651453673839569,0.38378220796585083,-0.30584007501602173,0.5131244659423828,0.2744569480419159,-0.23139305412769318,0.16087527573108673,0.12440364807844162,-0.14933106303215027,0.15971456468105316,0.6120849251747131,-0.20260080695152283,-0.1380731612443924,-0.23791088163852692,-0.21444280445575714,-0.27391162514686584,-0.16221070289611816,-0.2507045567035675,0.2679327726364136,0.22912625968456268,-0.044596899300813675,-0.037440232932567596,-0.4896058738231659,-0.10285881906747818,-0.08245894312858582,-0.1871931254863739,-0.015362463891506195,-0.5107434391975403,0.3454687297344208,-0.04482217878103256,0.2271786779165268,-0.16009800136089325,-0.06434347480535507,-0.25344011187553406,-0.20554499328136444,0.23176266252994537,0.39008787274360657,-0.4519903063774109,-0.2693437933921814,0.32172316312789917,0.07956114411354065,0.2377704232931137,0.07305966317653656,0.08255665749311447,0.1579233705997467,-0.1165309026837349,0.4529222548007965,-0.12442895025014877,0.15379709005355835,-0.22762775421142578,-0.012429531663656235,-0.0046751294285058975,-0.020439090207219124,-0.013582861050963402,0.2907288372516632
242,-0.12241595983505249,-0.057007189840078354,-0.420559823513031,-0.08046848326921463,-0.043750397861003876,0.2646910548210144,0.09115837514400482,0.13998499512672424,-0.10423401743173599,-0.3117150366306305,0.3553835153579712,-0.2633507549762726,-0.013013027608394623,0.007396034896373749,0.05557019263505936,-0.1282629817724228,0.2409544140100479,-0.15736037492752075,0.3585667014122009,0.5441599488258362,-0.1799422800540924,-0.17199908196926117,-0.17768318951129913,-0.42319363355636597,-0.40505722165107727,0.3986724019050598,-0.10014878213405609,0.24633829295635223,0.29640331864356995,-0.3872796893119812,0.1267441213130951,-0.21847230195999146,0.0679139718413353,-0.3684123754501343,-0.009370865300297737,-0.23761828243732452,-0.3449256122112274,0.3082127273082733,-0.4099644422531128,-0.07526075839996338,0.08425028622150421,-0.01738709583878517,0.18706633150577545,-0.019444987177848816,-0.06008584797382355,0.2286173701286316,-0.18872496485710144,-0.03379504755139351,0.3673105835914612,-0.07554944604635239,0.4587719142436981,0.2279481589794159,0.2685113549232483,0.017824672162532806,-0.07307607680559158,0.6991317272186279,-0.025400396436452866,-0.01920965500175953,-0.14762182533740997,0.004994772374629974,-0.10030125081539154,-0.08296442776918411,-0.14983758330345154,0.27197304368019104
243,-0.2591611444950104,-0.27962440252304077,-0.4002448320388794,-0.21857130527496338,-0.09602637588977814,-0.0009214635938405991,0.20302824676036835,0.21300601959228516,0.005830517038702965,0.05080367997288704,0.06416641920804977,-0.10467363148927689,0.10183988511562347,0.05106443911790848,0.21538935601711273,0.14832431077957153,0.036948539316654205,-0.10536620020866394,0.24429328739643097,0.40412527322769165,-0.3289891481399536,-0.09943943470716476,-0.07876170426607132,0.08097080886363983,-0.01934075355529785,0.2599039077758789,0.06383135914802551,0.09715496748685837,0.12529239058494568,-0.050082359462976456,0.04651349410414696,-0.44387006759643555,0.33657753467559814,-0.396484375,0.06820784509181976,0.136152982711792,-0.38066089153289795,0.25960788130760193,-0.2403801530599594,-0.1689700335264206,-0.1149597018957138,0.2041601985692978,0.14725618064403534,-0.0025571733713150024,0.08914177119731903,0.02840709686279297,-0.25137990713119507,-0.23637434840202332,0.3648358881473541,0.15903697907924652,-0.044568516314029694,-0.02723604440689087,-0.036316901445388794,0.297273188829422,-0.31698116660118103,0.5040714740753174,-0.054161760956048965,0.022787177935242653,-0.05001983791589737,-0.1120896190404892,-0.159469336271286,-0.10907918959856033,-0.16401827335357666,0.3820021450519562
244,-0.12241595983505249,-0.057007189840078354,-0.420559823513031,-0.08046848326921463,-0.043750397861003876,0.2646910548210144,0.09115837514400482,0.13998499512672424,-0.10423401743173599,-0.3117150366306305,0.3553835153579712,-0.2633507549762726,-0.013013025745749474,0.007396034896373749,0.05557019263505936,-0.1282629817724228,0.2409544140100479,-0.15736037492752075,0.3585667014122009,0.5441599488258362,-0.1799422800540924,-0.17199908196926117,-0.17768318951129913,-0.42319363355636597,-0.40505722165107727,0.3986724019050598,-0.10014878213405609,0.24633829295635223,0.29640331864356995,-0.3872796893119812,0.1267441213130951,-0.21847227215766907,0.0679139718413353,-0.36841240525245667,-0.009370865300297737,-0.23761828243732452,-0.3449256122112274,0.3082127273082733,-0.4099644422531128,-0.07526075839996338,0.08425028622150421,-0.01738709583878517,0.18706633150577545,-0.019444987177848816,-0.06008584797382355,0.2286173701286316,-0.18872496485710144,-0.03379504755139351,0.3673105835914612,-0.07554944604635239,0.4587719142436981,0.2279481589794159,0.2685113549232483,0.017824672162532806,-0.07307607680559158,0.6991317272186279,-0.025400396436452866,-0.01920965500175953,-0.14762182533740997,0.004994772374629974,-0.10030125081539154,-0.08296442776918411,-0.14983758330345154,0.2719730734825134
245,0.2603816092014313,-0.1012391746044159,-0.04131770879030228,-0.2641865909099579,-0.22521725296974182,0.22877737879753113,0.14085076749324799,0.07968637347221375,-0.14424173533916473,0.501907229423523,0.3134223520755768,-0.21975532174110413,0.46990540623664856,0.3446043133735657,-0.12712468206882477,0.10681803524494171,0.04166683554649353,-0.03869929164648056,0.15132027864456177,0.4770642817020416,-0.1503070592880249,-0.13171157240867615,-0.2230040431022644,-0.30249035358428955,-0.4752926528453827,-0.04403872415423393,-0.16347096860408783,0.3434317708015442,0.11725765466690063,-0.028310414403676987,0.19492597877979279,-0.4061245620250702,-0.09836894273757935,-0.03322324529290199,-0.363142192363739,-0.0697179064154625,-0.4789491593837738,0.24881088733673096,-0.001241486519575119,0.0889865905046463,-0.21634218096733093,-0.10851513594388962,0.043421920388936996,-0.2985331118106842,0.06619350612163544,0.30748069286346436,-0.3373149037361145,-0.5232483744621277,0.3657251298427582,0.05764537304639816,0.23536646366119385,-0.01883990876376629,0.011607570573687553,-0.16241087019443512,-0.10496290028095245,0.3951430022716522,-0.16124191880226135,0.007707384414970875,-0.2141566127538681,-0.24673734605312347,-0.05075784772634506,0.004914662800729275,-0.20541968941688538,0.1146930530667305
246,0.30182352662086487,0.074414923787117,-0.030270904302597046,-0.025218967348337173,-0.34429603815078735,0.124046191573143,0.3627040982246399,-0.01762440800666809,-0.1684092879295349,0.6855138540267944,0.3558541536331177,-0.19758394360542297,0.5438052415847778,0.07616858929395676,-0.04103761166334152,0.0743551179766655,-0.07565537095069885,0.00266962219029665,0.2419964224100113,0.7490441799163818,-0.1595102697610855,0.005407810211181641,-0.22538886964321136,-0.3930209279060364,-0.6693103313446045,0.009335865266621113,-0.20066289603710175,0.1924576461315155,0.04990720748901367,-0.029851282015442848,0.391326367855072,-0.23548850417137146,-0.06167410686612129,-0.07221604883670807,-0.1703179031610489,0.03993209823966026,-0.2412986159324646,0.22986063361167908,-0.20112167298793793,0.1057385802268982,-0.09562267363071442,-0.020573891699314117,0.2668299078941345,-0.3457076847553253,0.22638310492038727,0.2677314579486847,-0.372516393661499,-0.6178385019302368,0.3913109004497528,-0.1433296799659729,0.08060791343450546,-0.011583447456359863,-0.11751959472894669,-0.2335500568151474,0.2954852283000946,0.026838239282369614,-0.01758650131523609,-0.2136831283569336,-0.2598162591457367,-0.271600604057312,-0.012755243107676506,0.027275411412119865,-0.10987511277198792,-0.07555969059467316
247,0.026253128424286842,0.03456548973917961,-0.24084343016147614,0.00488568190485239,-0.003069215686991811,0.16131915152072906,-0.2163063883781433,0.24303382635116577,0.0015576090663671494,0.07745948433876038,0.2895999252796173,-0.2333918958902359,0.3572068512439728,0.13877646625041962,-0.20981137454509735,0.1288442760705948,0.07827799767255783,-0.09253496676683426,0.004086742177605629,0.3730360269546509,-0.1582067310810089,-0.10922005027532578,-0.23522554337978363,-0.08907651156187057,-0.03258967772126198,-0.23367518186569214,-0.17172658443450928,0.11769910156726837,0.101547971367836,0.07086482644081116,-0.04196552932262421,-0.2862486243247986,-0.10765846073627472,0.01330803707242012,0.01716296747326851,0.08188509196043015,-0.3032628893852234,0.20402905344963074,-0.01835997775197029,0.2211005538702011,-0.08046403527259827,-0.03622768074274063,-0.30231958627700806,-0.10108654201030731,0.282321035861969,0.2049155831336975,-0.3565531373023987,-0.12804308533668518,0.15935608744621277,0.06348680704832077,0.0696101263165474,0.08433021605014801,0.05098143219947815,0.3103893995285034,-0.11099398881196976,0.2107839286327362,-0.08384937047958374,0.1297014355659485,-0.1396244764328003,0.03231985121965408,-0.0062102060765028,0.015602889470756054,0.04507129266858101,0.2421693652868271
248,0.258401483297348,-0.008869383484125137,0.02286578342318535,-0.2287082076072693,-0.18643443286418915,0.17022739350795746,0.18916504085063934,-0.014959912747144699,-0.14840173721313477,0.431588351726532,0.2629362642765045,-0.08677852898836136,0.20014625787734985,0.22522872686386108,-0.06293120980262756,-0.02144039236009121,-0.03530845046043396,0.002936224453151226,0.12041135132312775,0.2899583876132965,-0.07881727814674377,-0.1431042104959488,-0.07760503888130188,-0.3183004856109619,-0.35984712839126587,-0.03560928627848625,-0.12453222274780273,0.2696341276168823,0.014465803280472755,-0.044075191020965576,0.2171856015920639,-0.21493402123451233,-0.16498425602912903,0.027912713587284088,-0.2679600119590759,-0.13371886312961578,-0.29257404804229736,0.11164218932390213,0.02532983385026455,0.018987247720360756,-0.12002237141132355,-0.21795329451560974,0.14198818802833557,-0.21898560225963593,-0.0705556869506836,0.22117909789085388,-0.194069504737854,-0.3493594527244568,0.264353483915329,-0.012872082181274891,0.15140455961227417,-0.05625517666339874,-0.027243828400969505,-0.2881476581096649,-0.03487391397356987,0.20604366064071655,-0.1664072871208191,-0.09001096338033676,-0.20394626259803772,-0.22501684725284576,-0.04900089651346207,0.010167527943849564,-0.22170230746269226,-0.0017438530921936035
249,0.05605223774909973,-0.07231944799423218,-0.162590891122818,-0.20199713110923767,-0.10284113883972168,0.12505562603473663,-0.02582506090402603,0.20754778385162354,-0.06014140695333481,0.21069252490997314,0.2505212724208832,-0.22762539982795715,0.39236608147621155,0.21819822490215302,-0.15504147112369537,0.10096509754657745,0.07758140563964844,-0.07908318191766739,0.12605337798595428,0.38198837637901306,-0.16204160451889038,-0.13693679869174957,-0.18226531147956848,-0.13834142684936523,-0.23544438183307648,-0.012322735041379929,-0.14064167439937592,0.24806271493434906,0.2075326144695282,-0.03400343284010887,0.03983905538916588,-0.44161808490753174,-0.008546719327569008,-0.12174367904663086,-0.2005119025707245,-0.01773756369948387,-0.4787898659706116,0.271869957447052,-0.0851890817284584,0.09842297434806824,-0.12631921470165253,0.042952507734298706,-0.12869924306869507,-0.17558588087558746,0.13820390403270721,0.20400670170783997,-0.23798330128192902,-0.2744462490081787,0.342843234539032,0.04377276450395584,0.19686968624591827,0.01893923245370388,0.09697342664003372,0.06238153204321861,-0.19948725402355194,0.4327337145805359,-0.12653383612632751,0.1572483479976654,-0.13072776794433594,-0.12019752711057663,-0.016487615182995796,-0.04298307001590729,-0.19489631056785583,0.2351134717464447
25,-0.07219494134187698,0.10275503993034363,-0.11991631984710693,0.4229629933834076,0.16744834184646606,0.14634238183498383,-0.22790221869945526,0.055957213044166565,-0.03501299023628235,-0.44325336813926697,0.23811516165733337,-0.39315885305404663,-0.24443572759628296,-0.45285117626190186,0.0547332726418972,0.06010046601295471,-0.0005385186523199081,0.3466932475566864,-0.003563161939382553,0.13483001291751862,0.17204950749874115,0.34746915102005005,0.3190889358520508,0.07861370593309402,-0.20961394906044006,-0.2589538097381592,-0.3202432096004486,0.052061527967453,-0.0007155314087867737,-0.22795267403125763,0.262873113155365,0.2916046380996704,0.06737076491117477,0.21267421543598175,0.23494797945022583,0.06367815285921097,0.28834226727485657,0.006994507275521755,0.272365927696228,0.11772087216377258,0.3467233180999756,-0.03400217369198799,0.03123781830072403,0.37527307868003845,0.08519124984741211,0.4397090971469879,-0.03081863932311535,0.35613203048706055,0.05714390426874161,-0.15853478014469147,-0.25185444951057434,0.07437455654144287,-0.33752983808517456,-0.3426375687122345,0.2623036205768585,-0.2554546594619751,0.22830450534820557,0.027751987800002098,0.3064521253108978,0.26807069778442383,0.012682352215051651,-0.013584204018115997,0.25660601258277893,-0.2666889429092407
250,0.3495383858680725,0.16557252407073975,0.013740736991167068,0.0467473603785038,-0.4508914649486542,0.04160613194108009,0.5097898244857788,-0.10053087025880814,-0.16903899610042572,0.8025679588317871,0.31266069412231445,-0.11484432965517044,0.5417994260787964,0.034130312502384186,-0.01704246923327446,0.0495113879442215,-0.17927733063697815,-0.04115600138902664,0.2674678564071655,0.7324894070625305,-0.16385211050510406,0.05814625322818756,-0.22062182426452637,-0.4280189871788025,-0.784735918045044,0.0990886390209198,-0.11931374669075012,0.1281822770833969,0.011136738583445549,0.02749728411436081,0.49846914410591125,-0.140779048204422,-0.13207970559597015,-0.09439851343631744,-0.11270800977945328,0.04626698046922684,-0.09013152867555618,0.20073451101779938,-0.28300294280052185,0.061043161898851395,-0.10913349688053131,-0.02274860069155693,0.35789382457733154,-0.3505837321281433,0.15218187868595123,0.27192509174346924,-0.3730776011943817,-0.6959735155105591,0.39379578828811646,-0.22201518714427948,-0.01680927537381649,-0.01743687316775322,-0.17317840456962585,-0.2760942578315735,0.48008865118026733,-0.19685932993888855,0.011759677901864052,-0.34423574805259705,-0.3571518361568451,-0.21338395774364471,-0.00916302390396595,0.02837369404733181,-0.0507386140525341,-0.17439736425876617
251,0.15364475548267365,-0.04580047354102135,-0.0488927885890007,0.1614491194486618,-0.15270133316516876,0.3685242831707001,0.02999904751777649,0.17756018042564392,-0.1894151121377945,0.012226513586938381,0.41330814361572266,-0.3649192154407501,0.39019331336021423,0.3844785690307617,-0.17748615145683289,0.27244898676872253,0.12670600414276123,-0.31220290064811707,0.36535513401031494,0.630040168762207,-0.045953817665576935,-0.05020160228013992,0.04863631725311279,-0.28768622875213623,-0.5263575911521912,-0.13114845752716064,-0.25578758120536804,0.32428044080734253,0.2935551404953003,-0.21781708300113678,-0.0973936915397644,-0.5189918875694275,-0.28762704133987427,-0.021553415805101395,-0.3403804302215576,-0.17431066930294037,-0.37050455808639526,0.2957007586956024,0.024097865447402,0.2552192509174347,-0.21848127245903015,-0.2629016637802124,-0.28372228145599365,-0.149612694978714,-0.05566141754388809,0.6325747966766357,-0.503437340259552,-0.20093803107738495,0.17956241965293884,0.04860152304172516,0.27689051628112793,0.04285229742527008,0.08496660739183426,-0.17737752199172974,0.15168753266334534,0.33501073718070984,-0.19885648787021637,0.12377507984638214,-0.29525548219680786,0.16888771951198578,0.11659921705722809,-0.11841519922018051,0.2066875398159027,0.10978446155786514
252,0.16760827600955963,-0.05426105484366417,0.044133495539426804,0.18889451026916504,-0.15138819813728333,0.3607427179813385,0.07330778241157532,0.14291048049926758,-0.21428829431533813,-0.01546839252114296,0.3663969039916992,-0.36492419242858887,0.3190213441848755,0.38076627254486084,-0.11466887593269348,0.28051188588142395,0.125365749001503,-0.30440375208854675,0.3903746008872986,0.5972559452056885,-0.004190022125840187,-0.018107378855347633,0.12966294586658478,-0.279937744140625,-0.5334920287132263,-0.11516830325126648,-0.24765558540821075,0.29931211471557617,0.2651810646057129,-0.27311062812805176,-0.10129180550575256,-0.5001966953277588,-0.26490819454193115,-0.002176143229007721,-0.36975938081741333,-0.1885877549648285,-0.32426074147224426,0.2519347667694092,0.057840876281261444,0.23119331896305084,-0.21450155973434448,-0.27120181918144226,-0.23869390785694122,-0.11924660205841064,-0.11255164444446564,0.60484778881073,-0.4620589017868042,-0.17071615159511566,0.1295357197523117,0.04684249311685562,0.26769542694091797,0.013195779174566269,0.08510194718837738,-0.2731865644454956,0.19708488881587982,0.2888415455818176,-0.2030963897705078,0.1102423220872879,-0.26163408160209656,0.14759424328804016,0.14041408896446228,-0.1480269879102707,0.21195442974567413,0.03764063119888306
253,0.16760827600955963,-0.05426105484366417,0.044133495539426804,0.18889451026916504,-0.15138819813728333,0.3607427179813385,0.07330778241157532,0.14291048049926758,-0.21428829431533813,-0.01546839252114296,0.3663969039916992,-0.36492419242858887,0.3190213739871979,0.38076627254486084,-0.11466887593269348,0.28051188588142395,0.12536576390266418,-0.30440375208854675,0.39037463068962097,0.5972559452056885,-0.004190022125840187,-0.018107378855347633,0.12966294586658478,-0.279937744140625,-0.5334920287132263,-0.11516830325126648,-0.24765558540821075,0.29931211471557617,0.2651810646057129,-0.27311059832572937,-0.10129180550575256,-0.5001966953277588,-0.26490819454193115,-0.002176143229007721,-0.36975938081741333,-0.18858776986598969,-0.32426074147224426,0.2519347667694092,0.05784086883068085,0.23119331896305084,-0.21450155973434448,-0.27120181918144226,-0.23869390785694122,-0.11924660205841064,-0.11255164444446564,0.60484778881073,-0.4620589017868042,-0.17071616649627686,0.1295357197523117,0.04684249311685562,0.26769542694091797,0.013195779174566269,0.08510194718837738,-0.2731865644454956,0.19708488881587982,0.2888415455818176,-0.2030963897705078,0.1102423220872879,-0.26163411140441895,0.14759424328804016,0.14041408896446228,-0.1480269879102707,0.21195441484451294,0.03764063119888306
254,-0.026773735880851746,-0.052463602274656296,-0.24689258635044098,-0.12565824389457703,-0.02053537778556347,0.1571200042963028,-0.00015664845705032349,0.15017229318618774,-0.011067230254411697,0.007846212014555931,0.25835129618644714,-0.11364079266786575,0.25107428431510925,0.14484143257141113,-0.07067960500717163,-0.04285223037004471,0.06358625739812851,-0.14812219142913818,0.1513490080833435,0.40474188327789307,-0.21612972021102905,-0.10095866024494171,-0.18781282007694244,-0.19180959463119507,-0.19061236083507538,0.08426372706890106,-0.12726664543151855,0.2118610143661499,0.21801504492759705,-0.03985859453678131,-0.018015846610069275,-0.3087921142578125,-0.01986563578248024,-0.23413750529289246,-0.042358845472335815,-0.09855746477842331,-0.31900620460510254,0.2901937663555145,-0.18680472671985626,0.036158643662929535,-0.09041327983140945,0.0014110878109931946,-0.04637109860777855,-0.11228884756565094,0.0885317325592041,0.19926667213439941,-0.2679668664932251,-0.12981320917606354,0.31205713748931885,0.0022597070783376694,0.2080097198486328,0.07184174656867981,0.11847566813230515,0.1765628606081009,-0.06205097213387489,0.39486318826675415,-0.02340202033519745,0.01907847262918949,-0.220840722322464,0.024369187653064728,-0.04588554799556732,0.0025057008024305105,-0.028774883598089218,0.28220832347869873
255,-0.12184527516365051,-0.12598136067390442,-0.2916889786720276,-0.22542604804039001,-0.023031288757920265,0.013495559804141521,0.03954325243830681,0.3355776071548462,-0.025235852226614952,0.12628544867038727,0.12715616822242737,-0.22349190711975098,0.32463929057121277,0.13925601541996002,-0.015016045421361923,0.13306914269924164,0.07994546741247177,-0.05507907643914223,0.15651120245456696,0.40534237027168274,-0.28738945722579956,-0.1733313798904419,-0.20919205248355865,-0.008095210418105125,-0.08201400935649872,0.06066825985908508,-0.06725011765956879,0.14183354377746582,0.10290677845478058,-0.06609026342630386,-0.047080621123313904,-0.5030266046524048,0.2106425017118454,-0.28316158056259155,-0.07776569575071335,0.1099419891834259,-0.4958966374397278,0.2575210928916931,-0.21150439977645874,0.06015341356396675,-0.13095250725746155,0.1338127851486206,-0.0805756226181984,-0.09323857724666595,0.22576819360256195,0.031182795763015747,-0.290603369474411,-0.2433420717716217,0.3852149546146393,0.10860580950975418,0.05980861932039261,-0.052530985325574875,0.09111557900905609,0.26866614818573,-0.32682177424430847,0.5262643694877625,-0.13659217953681946,0.17050082981586456,-0.047525301575660706,-0.18038050830364227,-0.07552245259284973,-0.09301238507032394,-0.23232848942279816,0.35116663575172424
256,-0.37721380591392517,0.2980639934539795,-1.1751431226730347,0.7897653579711914,0.2311033010482788,0.4929560720920563,0.29853373765945435,0.3854447603225708,-0.08486219495534897,-0.34368962049484253,0.7062858939170837,-0.41691750288009644,0.1908886730670929,-0.6038400530815125,-0.1491333395242691,-0.14837099611759186,-0.06234174221754074,-0.11757213622331619,0.4265839755535126,-0.3514131009578705,0.6565700173377991,0.0747246965765953,0.27554863691329956,-0.09486763924360275,-0.17464663088321686,0.6543800234794617,-0.19713327288627625,0.5772192478179932,0.16796785593032837,0.6258041262626648,0.23226666450500488,0.402618408203125,-0.7108045220375061,-0.21794703602790833,0.7387927770614624,0.06557308882474899,0.2064075469970703,-0.36006635427474976,-0.63874751329422,-0.4730686545372009,0.5629152655601501,0.02489588037133217,-0.449786901473999,-0.3437790274620056,0.6309830546379089,0.7583252191543579,0.20039333403110504,-0.4733164310455322,-0.3770616352558136,-0.016040939837694168,-0.3334946036338806,0.18163366615772247,-0.36528775095939636,0.0038485489785671234,-0.013156956061720848,0.3910485506057739,-0.5347757339477539,-0.1696932315826416,-0.18252962827682495,0.2950037121772766,0.13101524114608765,0.8682979941368103,0.06542249023914337,-0.0028940122574567795
257,-0.18089056015014648,1.0030930042266846,-1.383371114730835,0.8935200572013855,0.20064777135849,0.773134708404541,0.5731436014175415,0.545081615447998,-0.014353495091199875,-0.2099040448665619,0.8619404435157776,-0.5898277163505554,-0.02812609262764454,-0.560805082321167,-0.2696828246116638,-0.22508126497268677,-0.3369879722595215,0.2061886489391327,0.36905479431152344,-0.21783971786499023,0.6193379163742065,0.011294566094875336,0.055902786552906036,-0.44386476278305054,0.029750961810350418,0.21873903274536133,0.33281785249710083,1.0925966501235962,-0.3898949921131134,1.0216560363769531,0.4699004292488098,0.2552650570869446,-1.5890233516693115,0.0025887377560138702,1.0051597356796265,0.45813632011413574,0.15081886947155,-0.14410890638828278,-0.35207080841064453,-0.815542995929718,0.5700080394744873,-0.47481563687324524,-0.4524639844894409,-0.6000570058822632,0.7002151608467102,1.4145210981369019,-0.5818907618522644,-0.8106626272201538,-0.020732291042804718,-0.37296828627586365,-0.7044563293457031,0.08625622093677521,-0.37087368965148926,0.0036156736314296722,0.1694725751876831,0.16059571504592896,-0.6080636382102966,-0.5601251125335693,-0.7755176424980164,0.1546468883752823,0.17752127349376678,0.5700556039810181,-0.08590316772460938,0.23317356407642365
258,-0.05835913121700287,1.5117968320846558,-1.6895277500152588,1.1767691373825073,0.12629304826259613,1.0348771810531616,0.7885392904281616,0.6813359260559082,-0.06707996875047684,-0.13911493122577667,1.217242956161499,-0.7519170641899109,-0.06849797815084457,-0.5234627723693848,-0.5220592021942139,-0.2731344699859619,-0.4307013154029846,0.22181378304958344,0.4994537830352783,-0.01115192100405693,0.7936345338821411,-0.03390966355800629,-0.0015644878149032593,-0.7082679271697998,-0.03719114139676094,-0.009602599777281284,0.5816614627838135,1.5968570709228516,-0.4843696057796478,1.2695075273513794,0.6055760383605957,0.3313247561454773,-2.295348882675171,0.16006797552108765,1.1224085092544556,0.6622382998466492,0.06820706278085709,-0.08390224725008011,-0.37499329447746277,-0.9522610306739807,0.6533008813858032,-0.7947811484336853,-0.5926030874252319,-0.9201259016990662,0.8071240186691284,1.996890664100647,-1.1083462238311768,-1.0342776775360107,0.09613535553216934,-0.7766013145446777,-0.7075172662734985,0.11982955038547516,-0.43786686658859253,-0.18470682203769684,0.29075342416763306,0.12519575655460358,-0.7143940329551697,-0.7182528972625732,-1.056596040725708,0.15587085485458374,0.1820659190416336,0.4199221134185791,-0.09038770198822021,0.3036271631717682
259,-0.2862079441547394,0.4679345488548279,-0.9632601737976074,0.7922256588935852,0.14667361974716187,0.36977332830429077,0.24717633426189423,0.5248227119445801,0.028151802718639374,-0.32811373472213745,0.5449771881103516,-0.4639502763748169,0.160426065325737,-0.4913249611854553,-0.2390551120042801,-0.09407911449670792,-0.2334315925836563,0.020067930221557617,0.34803393483161926,-0.32663580775260925,0.5367089509963989,0.17948926985263824,0.20440663397312164,-0.180661141872406,-0.14476867020130157,0.4993172883987427,-0.05551306903362274,0.644863486289978,-0.03371981531381607,0.7367101907730103,0.34656742215156555,0.24557852745056152,-0.8416985273361206,-0.30198192596435547,0.7620376944541931,0.17225144803524017,0.19935598969459534,-0.3193594813346863,-0.5666332244873047,-0.5458389520645142,0.5350577235221863,0.07533455640077591,-0.4433526396751404,-0.26855650544166565,0.6079781651496887,0.7333364486694336,0.0278969407081604,-0.5580998659133911,-0.14201027154922485,-0.05081784725189209,-0.45826536417007446,0.08978461474180222,-0.24624007940292358,0.08430400490760803,0.08085884898900986,0.1982431411743164,-0.5137600302696228,-0.25880369544029236,-0.26106247305870056,0.21670888364315033,0.13022837042808533,0.6547533273696899,0.010574735701084137,0.0036223921924829483
26,-0.191106915473938,-0.21725024282932281,-0.05905134230852127,-0.21593156456947327,0.01653292402625084,0.20620687305927277,0.2847098708152771,-0.1434318721294403,-0.1109810620546341,0.18989825248718262,0.09282276034355164,-0.29367393255233765,-0.3309367895126343,-0.14413723349571228,0.48896324634552,-0.17909276485443115,-0.008549417369067669,0.1551402509212494,-0.08034496009349823,-0.030989624559879303,-0.05032133311033249,0.11747690290212631,0.06704015284776688,0.016120895743370056,0.4188191294670105,0.3420740067958832,0.044415924698114395,0.12297344207763672,-0.32983890175819397,-0.0012350422330200672,0.16811250150203705,-0.07816364616155624,0.010828732512891293,0.09007248282432556,0.1154269352555275,0.15307356417179108,-0.15054987370967865,0.03804542124271393,0.35597506165504456,-0.527712345123291,0.017290495336055756,-0.21476642787456512,0.15156033635139465,0.031054064631462097,-0.04955939203500748,0.04146268218755722,-0.26159557700157166,-0.3808336853981018,-0.24838373064994812,0.2836252748966217,-0.1388724148273468,-0.2423872947692871,-0.23004218935966492,-0.21273024380207062,-0.2651599645614624,0.0026786886155605316,-0.33946284651756287,-0.041691236197948456,-0.03149808570742607,-0.4348769187927246,0.052344486117362976,0.07181983441114426,-0.24673347175121307,0.02883339300751686
260,0.06411642581224442,1.4094067811965942,-1.4151647090911865,1.0792322158813477,0.0098172128200531,0.893460750579834,0.6555275917053223,0.5804417133331299,-0.07889286428689957,-0.05040644481778145,1.1383585929870605,-0.6620500087738037,-0.07916948944330215,-0.3539612591266632,-0.5593639612197876,-0.20526918768882751,-0.369650274515152,0.15367703139781952,0.4515663981437683,0.12861090898513794,0.6692975759506226,-0.047762349247932434,0.009297504089772701,-0.6697274446487427,-0.09612908959388733,-0.13626953959465027,0.541448175907135,1.470137357711792,-0.33971551060676575,1.0801215171813965,0.5583685040473938,0.29511141777038574,-2.101243495941162,0.21404588222503662,0.8533516526222229,0.6125728487968445,0.01629076898097992,-0.03644358739256859,-0.3170045018196106,-0.7574689984321594,0.554293155670166,-0.7543534636497498,-0.5292673707008362,-0.8470476269721985,0.6434656977653503,1.7985587120056152,-1.144532322883606,-0.8783835768699646,0.10649435967206955,-0.831432580947876,-0.48748981952667236,0.12346021831035614,-0.344976544380188,-0.26046252250671387,0.2844200134277344,0.03891907259821892,-0.5982950329780579,-0.5972810983657837,-0.9044876098632812,0.11324262619018555,0.09829167276620865,0.1708260476589203,-0.0335114449262619,0.23700161278247833
261,-0.6607424020767212,-0.500650942325592,-1.0744702816009521,-0.1311432123184204,-0.36204373836517334,0.09618212282657623,0.6809922456741333,0.19160881638526917,-0.012259654700756073,-0.17895428836345673,0.19312281906604767,-0.12219741195440292,-0.47995299100875854,-0.23764455318450928,0.8134374618530273,0.3450641334056854,-0.13472996652126312,-0.15457813441753387,0.705026388168335,0.526031494140625,-0.13604481518268585,0.2194206565618515,0.16324102878570557,0.3922930955886841,0.20900507271289825,0.7569006681442261,0.35251325368881226,0.3237774968147278,-0.12133122980594635,0.14885129034519196,0.5366565585136414,-0.3635520339012146,0.43400508165359497,-0.7726506590843201,0.6881477236747742,0.30822300910949707,-0.5103142261505127,0.3143564462661743,-0.08490428328514099,-0.8520879745483398,-0.07340841740369797,0.29301774501800537,0.4125533699989319,0.26226159930229187,-0.06416197866201401,0.29722267389297485,-0.45027053356170654,-0.462401419878006,0.4591723084449768,0.29353758692741394,-0.43233099579811096,-0.09503889083862305,-0.6999915242195129,0.2508542835712433,-0.440853476524353,0.7534765005111694,-0.08839225769042969,-0.3948569893836975,0.06997817009687424,0.005856558680534363,-0.46448200941085815,-0.10758938640356064,-0.11627399176359177,0.3517930209636688
262,-0.6849950551986694,-0.48569658398628235,-1.2920267581939697,-0.03381930664181709,-0.5947933197021484,0.07784850895404816,0.8572874069213867,0.15832850337028503,0.09984081238508224,-0.32790061831474304,0.0965251550078392,0.1494939923286438,-0.46933281421661377,-0.14375987648963928,0.818539023399353,0.4228006899356842,-0.23699943721294403,-0.2963683009147644,0.9000815153121948,0.7153365015983582,-0.21611563861370087,0.2437862902879715,0.04436802864074707,0.36066389083862305,0.05006888508796692,0.7620608806610107,0.5361627340316772,0.25207316875457764,-0.11366112530231476,0.30922606587409973,0.7079777717590332,-0.26858988404273987,0.4095047116279602,-1.040039300918579,0.9231863617897034,0.24302516877651215,-0.41232550144195557,0.3750913143157959,-0.23054203391075134,-0.9404486417770386,-0.12977637350559235,0.40240398049354553,0.5541003346443176,0.3273773789405823,-0.1473695933818817,0.5051429271697998,-0.5293065905570984,-0.4796222150325775,0.6158043146133423,0.21163110435009003,-0.5159471035003662,0.1554332673549652,-0.8067629933357239,0.6491032838821411,-0.23110787570476532,0.8057148456573486,0.14616766571998596,-0.6570465564727783,-0.1728050261735916,0.4329630136489868,-0.6140782833099365,-0.02183106355369091,0.13276790082454681,0.48232829570770264
263,-0.16101738810539246,-0.6530109643936157,-0.13775092363357544,-0.2520311772823334,-0.1172204315662384,-0.09259651601314545,0.1259167343378067,-0.2065657675266266,0.0760938972234726,0.06326325982809067,-0.3076854646205902,0.2906753718852997,0.26415663957595825,0.03500929847359657,0.28746354579925537,0.06925417482852936,0.16007870435714722,-0.10350076854228973,0.11662431061267853,0.15802264213562012,-0.49468564987182617,-0.3188146650791168,0.10208956152200699,0.18989117443561554,0.08326201140880585,0.1357937604188919,-0.09449973702430725,-0.45142948627471924,0.287308007478714,0.010638836771249771,-0.1167750209569931,-0.18602225184440613,0.6217782497406006,-0.29729655385017395,-0.0402648001909256,-0.025101087987422943,-0.02396944910287857,0.0433477908372879,-0.15153801441192627,-0.06255708634853363,0.04737735167145729,0.27044153213500977,0.3042946457862854,-0.06309765577316284,0.14556904137134552,0.03844042122364044,0.22348958253860474,-0.07398908585309982,-0.04049420356750488,0.3409099578857422,-0.07757606357336044,0.27594250440597534,-0.010708076879382133,0.6392876505851746,-0.1454077959060669,0.4166334271430969,0.09107636660337448,-0.027560710906982422,-0.282510370016098,0.12650911509990692,-0.1684165745973587,0.16558106243610382,0.0217038132250309,0.4388188123703003
264,0.248199462890625,-0.13830074667930603,0.027215786278247833,-0.15430596470832825,-0.2085450440645218,-0.1368400603532791,0.385042279958725,-0.03653919696807861,-0.08958014845848083,0.6198185086250305,-0.2532576024532318,0.30437833070755005,0.5208719968795776,-0.004843611270189285,-0.03605382889509201,-0.0493195578455925,-0.001984020695090294,0.10893504321575165,-0.11528579890727997,0.3237041234970093,-0.5709064602851868,-0.05862590670585632,-0.0753958523273468,0.06038858741521835,-0.1987655758857727,-0.24275466799736023,0.13850921392440796,-0.48727941513061523,0.0626470223069191,-0.16029836237430573,-0.07667730748653412,0.03492126613855362,0.35312482714653015,0.2698497474193573,-0.12555211782455444,0.40740424394607544,0.12120288610458374,-0.0948152244091034,-0.2987455129623413,0.25431588292121887,-0.25197869539260864,0.06366827338933945,0.2553769052028656,-0.2465682178735733,0.194317027926445,0.17392656207084656,-0.272929310798645,-0.23203547298908234,0.0896354466676712,-0.06108066439628601,-0.4017934501171112,0.1270289421081543,0.037223245948553085,0.3871203064918518,0.15500004589557648,-0.392942875623703,0.1469583809375763,0.00690597016364336,-0.3681762218475342,-0.0495639368891716,0.12766166031360626,0.06720388680696487,0.3110244870185852,0.2828788161277771
265,0.09977076947689056,-0.209324911236763,-0.15172556042671204,-0.008011060766875744,-0.02249440923333168,-0.18225885927677155,0.21805909276008606,-0.0669524297118187,0.21395210921764374,0.28926244378089905,-0.20265361666679382,0.3294919431209564,0.5489031076431274,0.12178371101617813,-0.37937700748443604,-0.21626193821430206,0.21051231026649475,0.025226783007383347,0.12773285806179047,0.19890905916690826,-0.46128153800964355,-0.26487457752227783,0.0391840860247612,0.14821791648864746,0.09724476933479309,-0.14088183641433716,-0.14680558443069458,-0.36583536863327026,0.41905853152275085,-0.04361428692936897,-0.5427740216255188,-0.04337545856833458,0.13528810441493988,-0.12511850893497467,-0.4702267348766327,0.16962884366512299,0.08066847175359726,0.24000035226345062,-0.2181098610162735,0.308499276638031,-0.23726388812065125,-0.004449440166354179,-0.2090260237455368,-0.27719125151634216,0.2320631593465805,0.13519823551177979,-0.2820632755756378,0.17409731447696686,-0.13417655229568481,-0.3027889132499695,0.17210653424263,-0.06576817482709885,0.05373973399400711,0.512892484664917,-0.10801000148057938,0.17221815884113312,0.22946223616600037,0.3593035042285919,-0.3293846547603607,0.013321813195943832,-0.24509672820568085,-0.15757353603839874,0.330637663602829,0.5065215229988098
266,-0.00744735449552536,-0.5300521850585938,0.030628914013504982,-0.37403810024261475,-0.39044737815856934,-0.07133486121892929,0.016310852020978928,-0.12342759221792221,-0.14211036264896393,0.07190296053886414,-0.08635631203651428,0.42481517791748047,0.21246209740638733,0.7039074301719666,0.17996735870838165,0.14369513094425201,-0.05481100082397461,-0.404418021440506,0.12827123701572418,0.3835477828979492,-0.2894577980041504,-0.15506502985954285,0.043554335832595825,-0.031031940132379532,-0.006084352731704712,-0.033351752907037735,0.10883192718029022,-0.19235001504421234,0.3667932450771332,0.14168410003185272,0.12507286667823792,-0.24568051099777222,0.22863967716693878,-0.4174574017524719,-0.15685799717903137,-0.09324033558368683,-0.5892049074172974,-0.008330177515745163,-0.09123650193214417,-0.27767202258110046,0.13364958763122559,0.26107898354530334,0.09735798835754395,0.04002736136317253,-0.27057257294654846,0.10401639342308044,-0.1381029188632965,0.016088195145130157,-0.03242442011833191,0.3856101930141449,0.10647934675216675,0.3931695222854614,0.25805237889289856,0.43506789207458496,-0.22150486707687378,0.37900710105895996,-0.0032889768481254578,-0.11581617593765259,-0.31853097677230835,0.45062190294265747,-0.24747620522975922,-0.04482312873005867,0.10891862213611603,0.22447898983955383
267,0.15302737057209015,-0.03850177302956581,0.33986538648605347,-0.34641411900520325,-0.05325450003147125,-0.06580086797475815,0.22215156257152557,0.10636702924966812,-0.3258381485939026,0.2663378119468689,-0.20645485818386078,0.10565062612295151,0.14085699617862701,0.41092774271965027,0.16964121162891388,0.0693611353635788,-0.06434705853462219,-0.016093119978904724,-0.09551845490932465,-0.05115882679820061,-0.27548444271087646,-0.200382262468338,0.11073782294988632,0.11092014610767365,0.23078866302967072,-0.2445126175880432,0.16100627183914185,-0.09283913671970367,-0.2423289716243744,0.11258725821971893,-0.15682294964790344,-0.36315274238586426,-0.07389292865991592,0.13659928739070892,-0.32850712537765503,0.2913365364074707,-0.39661428332328796,0.07765042781829834,0.30309703946113586,-0.07860185205936432,-0.12442556023597717,-0.255390465259552,-0.20755796134471893,-0.015831321477890015,-0.22586694359779358,0.22258418798446655,-0.4344884157180786,-0.11583451926708221,-0.03625283017754555,0.1546749323606491,-0.3607836663722992,-0.18565265834331512,0.15327925980091095,0.025755517184734344,-0.10594964027404785,0.023709576576948166,-0.3697209060192108,0.11531318724155426,-0.30355650186538696,-0.11881525814533234,0.0466652512550354,-0.21468712389469147,-0.15672259032726288,0.19322335720062256
268,0.1268131136894226,0.030387673527002335,0.009343281388282776,-0.11893998086452484,0.11296713352203369,-0.30674758553504944,0.079281747341156,-0.20357167720794678,0.15763501822948456,0.38218316435813904,-0.11095762997865677,0.41579583287239075,0.34905198216438293,0.08077796548604965,-0.3378757834434509,-0.15583308041095734,0.05588199198246002,0.027780376374721527,-0.012580767273902893,0.04486663639545441,-0.47082751989364624,-0.44234952330589294,0.09013807028532028,0.20528800785541534,0.12196943163871765,-0.10539314150810242,-0.2566854655742645,-0.16464324295520782,0.35846662521362305,0.06262650340795517,-0.4892358183860779,0.021698761731386185,-0.025389356538653374,-0.05068891867995262,-0.49445605278015137,0.06826058030128479,0.027621161192655563,0.11973323673009872,-0.10611303150653839,0.32672318816185,-0.09295953810214996,0.0005283122882246971,-0.12292905151844025,-0.3078472912311554,0.059260640293359756,0.08314596116542816,-0.11150841414928436,0.1771029680967331,-0.0017151208594441414,-0.30746012926101685,0.07610739022493362,-0.1124657690525055,0.05400940775871277,0.17590485513210297,-0.05816774442791939,0.1404816210269928,-0.0098094642162323,0.2198047935962677,-0.24567416310310364,0.033251240849494934,-0.2938365936279297,-0.1633397489786148,0.09957057237625122,0.27400004863739014
269,-0.097057044506073,0.06828057020902634,0.13324570655822754,-0.2809007465839386,0.189672589302063,-0.01699504815042019,-0.08856943249702454,0.10053791850805283,-0.20183400809764862,-0.02460986003279686,-0.16576892137527466,-0.07260233908891678,0.04384516179561615,0.3435717821121216,0.18033386766910553,0.04562121629714966,0.003903266042470932,0.12465620040893555,-0.26570799946784973,-0.24906854331493378,-0.07742030918598175,-0.2673959732055664,-0.27940288186073303,-0.04211065173149109,0.40820980072021484,-0.1002863273024559,0.19574716687202454,-0.0958520770072937,-0.40407177805900574,0.2337997853755951,0.033925704658031464,-0.31306734681129456,-0.25148481130599976,0.03084981068968773,-0.05474870651960373,0.24939663708209991,-0.46367722749710083,-0.020753685384988785,0.36920809745788574,-0.22967815399169922,0.0626877099275589,-0.16917161643505096,-0.3312451243400574,-0.039404284209012985,0.012009739875793457,0.053041212260723114,-0.22419427335262299,-0.17735479772090912,-0.08806172758340836,0.2758595943450928,-0.28294146060943604,-0.09121434390544891,0.27839577198028564,0.26932743191719055,-0.17907103896141052,0.22912806272506714,-0.4163687229156494,-0.029228731989860535,-0.28107744455337524,-0.11489055305719376,-0.002874968573451042,0.034799251705408096,-0.3114467263221741,0.13217538595199585
27,0.41105586290359497,0.07265080511569977,0.3265599012374878,-0.187576562166214,-0.16214066743850708,-0.07983015477657318,-0.02147180773317814,0.21972507238388062,-0.34061121940612793,0.36560726165771484,0.0233744028955698,0.007287734188139439,-0.00973617285490036,-0.20126383006572723,0.043392911553382874,-0.17227613925933838,-0.18773126602172852,0.3744940161705017,-0.1613749861717224,0.1213764175772667,-0.04312429577112198,0.2089964747428894,-0.04348987340927124,-0.05167115479707718,-0.06368611752986908,-0.2575033903121948,-0.08097627758979797,-0.2618364095687866,-0.4386398494243622,-0.3706805109977722,0.2091701477766037,0.12137237936258316,0.2966742515563965,0.41075989603996277,-0.05861472338438034,0.2591783404350281,-0.11973807960748672,-0.23148341476917267,-0.031892020255327225,0.24058374762535095,-0.01506601832807064,-0.19128179550170898,0.23244288563728333,0.06810621917247772,0.07192772626876831,0.08308626711368561,-0.22910544276237488,0.010755038820207119,0.04954859986901283,-0.13932308554649353,-0.26836830377578735,-0.17936930060386658,0.09985115379095078,-0.3941866457462311,0.13961200416088104,-0.5060503482818604,-0.05269652605056763,0.021959561854600906,0.2218482941389084,-0.38146018981933594,0.2388947457075119,-0.07347839325666428,-0.0234503336250782,-0.4814014136791229
270,0.24388587474822998,-0.04289952293038368,0.0899805799126625,-0.05194435268640518,-0.23781940340995789,-0.044968076050281525,0.47378629446029663,-0.17023268342018127,-0.10818130522966385,0.49583372473716736,-0.26489925384521484,0.282574862241745,0.40797844529151917,-0.058553196489810944,0.07485051453113556,-0.10998868942260742,0.006496826186776161,0.08288008719682693,-0.12934510409832,0.3094159960746765,-0.5071444511413574,0.07080940157175064,-0.0928611159324646,-0.06107216328382492,-0.29235655069351196,-0.1065705418586731,0.22027373313903809,-0.41404324769973755,0.04303009808063507,-0.1300315409898758,0.11529003828763962,0.1767628788948059,0.2439248412847519,0.32112836837768555,0.02458799257874489,0.35123711824417114,0.2981765866279602,-0.14574706554412842,-0.26547908782958984,0.08310548961162567,-0.24954067170619965,0.10651800781488419,0.3941538333892822,-0.2519127130508423,0.16436567902565002,0.22045019268989563,-0.18277566134929657,-0.3546237051486969,0.1024763360619545,-0.08043328672647476,-0.404007226228714,0.24160532653331757,-0.014471953734755516,0.3153925836086273,0.40800970792770386,-0.5249723196029663,0.19115899503231049,-0.186924010515213,-0.42771196365356445,-0.013102065771818161,0.19085709750652313,0.18948136270046234,0.3620380461215973,0.22255954146385193
271,-0.5663149356842041,-0.2567184865474701,-0.4103388786315918,-0.4509735703468323,0.39389118552207947,0.12328863143920898,0.15179552137851715,-0.033172763884067535,0.6609315276145935,0.14060331881046295,-0.4075266420841217,0.48437196016311646,0.38686761260032654,0.08305813372135162,-0.25717002153396606,-0.3289758861064911,-0.03697925806045532,0.14764092862606049,-0.2051783800125122,-0.00932480487972498,-0.28660041093826294,0.026381857693195343,-0.3896355926990509,0.08366982638835907,0.4892669916152954,-0.05255976691842079,0.28280752897262573,-0.15951007604599,0.12825730443000793,0.08442792296409607,-0.682375967502594,-0.17950639128684998,0.0258454792201519,-0.2981097102165222,0.35151827335357666,-0.03529737889766693,0.18961016833782196,0.30236226320266724,-0.1625683307647705,-0.17295382916927338,-0.321160227060318,0.2896057367324829,0.1854616403579712,-0.2560722529888153,0.2529471218585968,0.2704240679740906,0.2851964235305786,0.18608751893043518,0.36988580226898193,0.19196823239326477,-0.1146489828824997,-0.005217053461819887,-0.010504471138119698,0.7360857725143433,-0.31199225783348083,0.17141857743263245,0.6661058664321899,0.13891810178756714,-0.4636956751346588,0.4200565218925476,0.34393009543418884,0.2487749308347702,0.06690578162670135,0.7321621775627136
272,-0.057650126516819,-0.325427383184433,0.13872238993644714,-0.16034939885139465,-0.13792285323143005,-0.13730546832084656,-0.026078607887029648,0.06149827688932419,-0.05225276201963425,0.023247739300131798,-0.10301687568426132,0.1970100849866867,0.2653091549873352,0.511411726474762,0.028874779120087624,0.14151598513126373,-0.03320443630218506,-0.34834468364715576,0.028542160987854004,0.189972922205925,-0.11383640766143799,-0.15166613459587097,-0.12563279271125793,-0.038023754954338074,0.004029765725135803,-0.12724916636943817,-0.018379056826233864,-0.19944129884243011,0.07255923002958298,0.25565752387046814,-0.030827336013317108,-0.09380948543548584,0.17205549776554108,-0.3731480538845062,-0.09637922048568726,0.009207762777805328,-0.29795655608177185,0.05460725352168083,-0.13271360099315643,-0.059028226882219315,0.06626693904399872,0.23832614719867706,-0.11001687496900558,0.11089377105236053,-0.08441296219825745,-0.20722199976444244,-0.08928804099559784,0.08494062721729279,-0.09041710942983627,0.21857915818691254,0.09456455707550049,0.14240898191928864,0.14569033682346344,0.4666481614112854,-0.22237513959407806,0.2953774333000183,0.02379867061972618,0.0013076290488243103,-0.09867862612009048,0.23256124556064606,-0.30372968316078186,0.010099532082676888,-0.018989035859704018,0.12212251126766205
273,-0.021315783262252808,-0.024154212325811386,0.197930708527565,0.30708178877830505,-0.04553627222776413,-0.1561209112405777,-0.21621611714363098,0.21791958808898926,-0.07574402540922165,0.003180519677698612,-0.23540978133678436,-0.18777373433113098,0.6000208854675293,0.4365856647491455,-0.2922478914260864,0.20183658599853516,0.22302134335041046,-0.1305469572544098,-0.13194890320301056,0.058218058198690414,-0.253390371799469,-0.13907848298549652,-0.08218391984701157,0.13092422485351562,0.003999934531748295,-0.33877673745155334,-0.19352523982524872,-0.13362957537174225,0.18057496845722198,0.4282238185405731,-0.22945243120193481,-0.19185885787010193,-0.14498895406723022,-0.06162116304039955,-0.47964805364608765,0.3703867197036743,-0.023682937026023865,0.3367854058742523,0.15162302553653717,0.2845488488674164,-0.14591491222381592,-0.059005413204431534,-0.7396831512451172,0.11751800775527954,0.18472683429718018,0.027659133076667786,-0.5609856247901917,-0.08339567482471466,-0.28999990224838257,-0.05710048973560333,0.0492558479309082,-0.03409574553370476,-0.11495900899171829,0.5581255555152893,-0.11969468742609024,0.0794031172990799,-0.19479987025260925,0.49627599120140076,-0.0707271620631218,0.06550311297178268,-0.28336912393569946,-0.16000068187713623,0.21828502416610718,0.36278632283210754
274,0.18977835774421692,-0.19125284254550934,-0.015002727508544922,-0.21667909622192383,-0.18436117470264435,-0.28055182099342346,0.11758269369602203,0.1602461040019989,-0.017528723925352097,0.46061262488365173,-0.2289067655801773,0.18928389251232147,0.42521968483924866,0.23635312914848328,-0.19380910694599152,0.04028501361608505,0.029246533289551735,-0.0009107599034905434,0.06994906067848206,0.03939836472272873,-0.3834191560745239,-0.29337289929389954,0.10155029594898224,0.262672483921051,0.14637607336044312,-0.2526538670063019,-0.02001236565411091,-0.31790101528167725,0.10584406554698944,0.0024554631672799587,-0.35275769233703613,-0.2893214821815491,0.18782281875610352,-0.041122253984212875,-0.43550586700439453,0.21527008712291718,-0.2834060788154602,0.08684268593788147,-0.05637533962726593,0.2987954616546631,-0.19494527578353882,-0.12469008564949036,-0.3058549463748932,-0.09645333886146545,0.0563819520175457,0.07102027535438538,-0.33866745233535767,0.018516335636377335,-0.0788118913769722,-0.02636641636490822,-0.09854242205619812,-0.15581871569156647,0.05896863341331482,0.34802037477493286,-0.33793801069259644,0.11162117123603821,-0.163688063621521,0.36205431818962097,-0.2115166187286377,-0.10285227000713348,-0.1266823261976242,-0.27327531576156616,0.046514008194208145,0.31661155819892883
275,-0.02112540602684021,0.050509024411439896,0.08965257555246353,0.04761857911944389,0.005801776424050331,-0.25038138031959534,-0.34710267186164856,0.11895335465669632,-0.00238652341067791,0.1577562391757965,-0.21094949543476105,-0.058565009385347366,0.44284066557884216,0.47705936431884766,-0.19081450998783112,0.18252693116664886,-0.015948565676808357,-0.11887617409229279,-0.23372124135494232,-0.16158922016620636,-0.17830908298492432,-0.3218922019004822,-0.23500202596187592,0.13805034756660461,0.1274973750114441,-0.2383916676044464,-0.04559798538684845,-0.1414784938097,0.04701907932758331,0.4676835834980011,-0.11895531415939331,-0.24095165729522705,-0.20043949782848358,-0.11995235085487366,-0.3112194538116455,0.19878005981445312,-0.24404430389404297,0.07201500982046127,0.11850012838840485,0.1482459455728531,-0.022435849532485008,-0.030496910214424133,-0.5813616514205933,0.02063310518860817,0.14537671208381653,-0.04913255572319031,-0.33097201585769653,-0.13725395500659943,-0.22107554972171783,0.12368995696306229,-0.06800450384616852,0.024654170498251915,0.045425720512866974,0.5187869668006897,-0.2706305980682373,0.08790957927703857,-0.3259424567222595,0.24262866377830505,-0.20578938722610474,0.20404024422168732,-0.23815970122814178,-0.050654832273721695,0.01988414116203785,0.12803852558135986
276,-0.4911328852176666,-0.08910390734672546,-0.3401789665222168,-0.2975582182407379,0.3625760078430176,0.16661472618579865,0.04898597672581673,-0.00699189305305481,0.5469101667404175,0.13103367388248444,-0.238323375582695,0.28907084465026855,0.24506494402885437,0.06785599887371063,-0.18736903369426727,-0.31015831232070923,-0.09248574078083038,0.15755775570869446,-0.15614137053489685,0.04018484428524971,-0.16781482100486755,0.1214202493429184,-0.2733127176761627,-0.024945102632045746,0.26206105947494507,-0.041978806257247925,0.16019558906555176,-0.031640708446502686,0.1520456075668335,-0.01193620078265667,-0.4416141211986542,-0.12497568875551224,-0.04337013140320778,-0.25737062096595764,0.35085901618003845,-0.1252008080482483,0.17855137586593628,0.1729518175125122,-0.1653118133544922,-0.15070974826812744,-0.20976240932941437,0.21413256227970123,0.23758940398693085,-0.15637704730033875,0.17385834455490112,0.12549906969070435,0.24082013964653015,0.13438698649406433,0.3640536665916443,0.12507542967796326,-0.07326903194189072,0.011646080762147903,-0.038843996822834015,0.4281219244003296,-0.20531390607357025,0.01807793602347374,0.540448784828186,0.08793646097183228,-0.3551560938358307,0.41335529088974,0.385130912065506,0.20570389926433563,0.07467358559370041,0.45849940180778503
277,0.08205720037221909,-0.027454208582639694,0.11684821546077728,0.21945413947105408,-0.10721628367900848,-0.06626373529434204,-0.02436881512403488,0.17028337717056274,-0.055718325078487396,0.02667483128607273,-0.1353256106376648,-0.16180755198001862,0.49586108326911926,0.21279561519622803,-0.20358185470104218,0.24997678399085999,0.2294110357761383,-0.038350801914930344,-0.06535866111516953,0.25251519680023193,-0.273948609828949,-0.05133494734764099,-0.09650935232639313,0.07960841804742813,-0.023021187633275986,-0.3195674419403076,-0.1112387478351593,-0.23748885095119476,0.06234230101108551,0.19368617236614227,-0.12169638276100159,-0.11239941418170929,0.014611846767365932,0.058206845074892044,-0.273051381111145,0.4110078811645508,0.01568809151649475,0.30271807312965393,0.08863355219364166,0.2560998499393463,-0.0977959930896759,0.07921934127807617,-0.46336814761161804,0.11227424442768097,0.17404307425022125,0.08142052590847015,-0.44967737793922424,-0.03306196630001068,-0.19078053534030914,-0.03376546874642372,-0.06386864930391312,0.05476220324635506,-0.004065467044711113,0.5362039804458618,-0.006099300924688578,0.023515481501817703,-0.007770240306854248,0.35113874077796936,-0.04193771630525589,-0.004296969622373581,-0.18798531591892242,-0.13331083953380585,0.20517104864120483,0.36278194189071655
278,-0.13045655190944672,-0.3225993514060974,0.08342409878969193,-0.47679463028907776,0.2859664261341095,0.02463611401617527,-0.054130617529153824,-0.3859548270702362,0.22389614582061768,0.3688487112522125,0.007566148415207863,0.27096372842788696,0.19866137206554413,0.07188325375318527,0.24331076443195343,0.09300491213798523,-0.11162102222442627,-0.18690158426761627,-0.11991234123706818,0.08967026323080063,-0.1307850331068039,-0.10398328304290771,-0.18426059186458588,0.21419236063957214,0.03790520131587982,0.049826327711343765,0.0978037565946579,0.0011752583086490631,0.29032766819000244,0.09653400629758835,-0.3440874516963959,-0.0747302919626236,0.26610568165779114,-0.177418515086174,0.030789418146014214,0.04525705799460411,-0.34660518169403076,0.26746827363967896,-0.050307974219322205,-0.08060500025749207,0.1301860511302948,0.5052694082260132,0.2913683354854584,-0.2895098626613617,-0.1917610466480255,0.05638403445482254,0.19754989445209503,0.12279975414276123,0.201287642121315,-0.005727436393499374,0.038137953728437424,0.21291542053222656,0.3402789235115051,0.17514252662658691,-0.13665631413459778,0.2980012595653534,0.33557766675949097,-0.19149601459503174,-0.428766667842865,0.30526506900787354,0.08659520745277405,-0.054603468626737595,-0.07472290098667145,0.06839434057474136
279,-0.03346551954746246,-0.40744656324386597,0.0472259558737278,-0.09278911352157593,0.006064826622605324,0.042721811681985855,0.17004181444644928,-0.2591056823730469,-0.12091467529535294,-0.0495983324944973,0.10774697363376617,0.2886276841163635,0.1932048499584198,0.2953074276447296,0.2466532438993454,-0.060864806175231934,0.07058228552341461,-0.4556821584701538,0.2721886932849884,0.13934248685836792,0.08307015895843506,-0.24461324512958527,-0.029434720054268837,-0.050639692693948746,-0.1902163177728653,0.12584617733955383,-0.18700085580348969,-0.251528799533844,0.2472287118434906,0.1770269274711609,-0.09700646996498108,0.2575984299182892,0.24664737284183502,-0.46615275740623474,-0.11711662262678146,-0.17344018816947937,-0.2582264542579651,0.11008419841527939,-0.24071550369262695,-0.08528727293014526,0.31925055384635925,0.20498575270175934,0.039210326969623566,-0.0388970710337162,-0.24212266504764557,-0.14568960666656494,0.05117788910865784,0.22863468527793884,-0.37121158838272095,-0.10768447071313858,0.3242529332637787,0.3117278814315796,0.22266511619091034,0.3377034068107605,-0.01974170282483101,0.5683763027191162,0.14100727438926697,-0.12311074137687683,-0.32759329676628113,0.40916603803634644,-0.33775365352630615,0.16937270760536194,0.05796990543603897,-0.01968110166490078
28,0.22769437730312347,-0.09313760697841644,0.3545321226119995,-0.08895672857761383,-0.21519038081169128,0.32810285687446594,0.3017282783985138,-0.14760330319404602,-0.21433968842029572,0.12015733122825623,0.016487672924995422,-0.1666213572025299,-0.16760554909706116,0.22616012394428253,0.2908543348312378,-0.2657166123390198,-0.0006355810910463333,0.07169906795024872,0.14638656377792358,0.24234917759895325,0.06717944145202637,0.11648830771446228,0.38404449820518494,-0.1436113566160202,0.15406204760074615,-0.13729411363601685,-0.06914275884628296,0.1559920758008957,-0.03777840733528137,-0.18396946787834167,0.04119392856955528,-0.20669206976890564,-0.03246698155999184,0.2282993346452713,-0.2976003885269165,-0.06992124021053314,-0.14472272992134094,0.06264922022819519,0.3948294520378113,-0.3434215784072876,-0.08619855344295502,-0.3232133984565735,0.2000061422586441,-0.012347206473350525,-0.0822124183177948,0.23310184478759766,-0.31752920150756836,-0.12507717311382294,-0.2830566167831421,-0.020388484001159668,0.1542750597000122,-0.07170913368463516,-0.14359304308891296,-0.4592578113079071,-0.007009637542068958,-0.12337419390678406,-0.11906436085700989,0.1261453777551651,-0.15911680459976196,-0.21432270109653473,0.21291331946849823,-0.09762328118085861,-0.07453584671020508,-0.07519088685512543
280,-0.42006418108940125,-0.08932703733444214,-0.33764976263046265,-0.2554475665092468,0.26755180954933167,0.14548876881599426,0.20801180601119995,0.0635475441813469,0.5358485579490662,-0.06682103872299194,-0.3311949074268341,0.3073696494102478,0.15299123525619507,0.024457119405269623,-0.19677411019802094,-0.3327876627445221,-0.025132566690444946,0.10659347474575043,-0.08193866908550262,-0.025803053751587868,-0.1497996747493744,0.1042017862200737,-0.31652331352233887,-0.044920533895492554,0.3061184287071228,0.01469904463738203,0.30073118209838867,-0.07169345021247864,0.008566280826926231,-0.019469205290079117,-0.44951239228248596,-0.06612039357423782,-0.014157532714307308,-0.25777846574783325,0.3811391294002533,-0.12044298648834229,0.2742641866207123,0.1875089555978775,-0.21053804457187653,-0.18221256136894226,-0.29948267340660095,0.184674933552742,0.2012801468372345,-0.11765611171722412,0.164380744099617,0.18641750514507294,0.23316645622253418,0.15461665391921997,0.31980276107788086,0.06990770995616913,-0.029197219759225845,0.010204674676060677,-0.00816374458372593,0.5623672008514404,-0.16891160607337952,0.0952298641204834,0.5567378401756287,0.06915806233882904,-0.32013630867004395,0.3060489892959595,0.30536627769470215,0.2077605277299881,0.06412752717733383,0.5544440746307373
281,-0.1318594068288803,0.08258886635303497,-0.08748474717140198,0.3407617211341858,0.14960795640945435,-0.05055663734674454,0.4992678761482239,-0.11150211840867996,0.22708922624588013,-0.18607063591480255,-0.3610835075378418,0.14236997067928314,0.30640909075737,-0.09027741849422455,-0.11793684959411621,-0.20866350829601288,0.07609345763921738,-0.0371348075568676,0.06293688714504242,0.20835068821907043,-0.2774796783924103,0.2522590160369873,-0.014896029606461525,-0.042479660362005234,-0.5398902297019958,-0.19572222232818604,0.22227296233177185,-0.29144805669784546,0.21088840067386627,-0.17257101833820343,-0.1612038016319275,0.5832001566886902,0.07940412312746048,-0.07155920565128326,0.2722104787826538,0.14050839841365814,0.6218501329421997,-0.03606710955500603,-0.328682541847229,0.13014616072177887,-0.11826397478580475,0.2567426562309265,0.17994873225688934,-0.0228542722761631,0.04660401865839958,0.3599517345428467,-0.08296345919370651,0.17920146882534027,0.3000233769416809,-0.419526606798172,-0.2612439692020416,0.33205899596214294,-0.14930608868598938,0.42929142713546753,0.5469584465026855,-0.3192282021045685,0.6490520238876343,-0.17609551548957825,-0.5077855587005615,0.6522052884101868,0.023566147312521935,0.08820796757936478,0.6521104574203491,0.3096422553062439
282,-0.05148862302303314,-0.017293062061071396,0.032704323530197144,-0.07674000412225723,0.27563756704330444,-0.19901496171951294,0.16345898807048798,-0.2281455099582672,0.16122306883335114,0.23779088258743286,-0.08434154838323593,0.3939032256603241,0.2387681007385254,0.008522668853402138,-0.19071102142333984,-0.17721766233444214,0.016119441017508507,-0.0012408504262566566,0.0036873798817396164,0.06683943420648575,-0.26808804273605347,-0.2099597156047821,0.07907123863697052,0.11961372196674347,-0.0824325829744339,-0.11003390699625015,-0.19257010519504547,-0.08865436166524887,0.31994572281837463,-0.024351444095373154,-0.464984655380249,0.16582995653152466,0.020506802946329117,-0.12723058462142944,-0.29107365012168884,-0.022853262722492218,0.13393941521644592,0.15769243240356445,-0.1300506889820099,0.2779768705368042,-0.04869807884097099,0.044762980192899704,0.029008537530899048,-0.21569664776325226,-0.0816604346036911,0.06793303787708282,0.026423640549182892,0.3189955949783325,0.1349138617515564,-0.3583482503890991,0.062099941074848175,-0.1070740669965744,-0.0244241114705801,0.03376838564872742,0.06547743082046509,0.1024375706911087,0.23500284552574158,0.0714193731546402,-0.21640238165855408,0.17192576825618744,-0.1748540848493576,-0.08351441472768784,0.15368437767028809,0.18796171247959137
283,0.06286031007766724,-0.17610490322113037,-0.1338312327861786,0.07528269290924072,-0.01949712634086609,-0.1278805285692215,0.19510649144649506,-0.17384091019630432,0.19276414811611176,0.10558786988258362,-0.09877031296491623,0.2542484402656555,0.3093995749950409,0.06451507657766342,-0.27935242652893066,-0.25660842657089233,0.21072769165039062,0.02545659989118576,0.16275814175605774,0.16616341471672058,-0.35641050338745117,-0.21818594634532928,0.12168993055820465,0.03717584162950516,0.07401125133037567,0.014950207434594631,-0.1768731027841568,-0.32186615467071533,0.439091295003891,-0.11784689128398895,-0.3435136675834656,0.020496483892202377,0.0643605887889862,-0.12921473383903503,-0.39458608627319336,0.04498417675495148,0.13849887251853943,0.1432022750377655,-0.1675250232219696,0.14913824200630188,-0.1185910552740097,-0.003057565540075302,-0.10810911655426025,-0.22042982280254364,0.1430518478155136,0.06417788565158844,-0.15708273649215698,0.18774765729904175,-0.19375789165496826,-0.29041603207588196,0.2383473515510559,-0.024067919701337814,0.08470318466424942,0.3482030928134918,0.0009033149108290672,0.13760465383529663,0.19801829755306244,0.24425822496414185,-0.28339117765426636,0.022319786250591278,-0.26504239439964294,-0.10755465179681778,0.30253612995147705,0.36549457907676697
284,0.20865662395954132,-0.13209182024002075,-0.28117871284484863,-0.01104139257222414,-0.15802475810050964,-0.0631021037697792,0.3049720525741577,-0.053076162934303284,0.49296191334724426,-0.06294181942939758,-0.16478034853935242,0.3791857957839966,0.2147311270236969,0.0047015417367219925,-0.3153817653656006,-0.2868446409702301,0.0671505331993103,-0.20042775571346283,0.1883251816034317,-0.05260613188147545,-0.09889809787273407,0.03481527417898178,-0.3220708966255188,0.023895859718322754,0.08943657577037811,0.23082837462425232,0.3135083317756653,-0.25410521030426025,0.13005179166793823,0.01847938634455204,-0.384385883808136,0.1659606695175171,0.09794793277978897,-0.29385778307914734,0.04457256942987442,-0.19823476672172546,0.3658654987812042,0.21344323456287384,-0.4483308792114258,0.03991306945681572,-0.30803653597831726,0.1653176099061966,0.00796451885253191,-0.1800725758075714,0.13005578517913818,0.21587249636650085,0.02195451781153679,0.20498605072498322,-0.13324972987174988,-0.22081822156906128,0.37455976009368896,0.0655607059597969,0.26717039942741394,0.6542502045631409,0.06474223732948303,0.10034768283367157,0.6022372245788574,-0.006073528900742531,-0.21821847558021545,0.11402949690818787,-0.13883133232593536,-0.03257578983902931,0.3619191646575928,0.34375694394111633
285,0.31354135274887085,-0.12528912723064423,-0.11963991820812225,-0.19528961181640625,-0.23570699989795685,-0.061431534588336945,0.24625830352306366,0.20219558477401733,-0.041002027690410614,0.34435176849365234,-0.05940551310777664,0.1955050230026245,0.2569407820701599,-0.0011091697961091995,-0.195318803191185,-0.31186607480049133,0.04663317650556564,0.11117067188024521,0.3029983341693878,0.32082653045654297,-0.28367865085601807,-0.1435447335243225,0.203261598944664,0.04609671235084534,0.07675012946128845,-0.20871086418628693,-0.02186344377696514,-0.2622961401939392,0.1940995305776596,-0.4442473351955414,-0.3428809642791748,-0.17507997155189514,0.30762654542922974,0.03273148834705353,-0.29348433017730713,0.09149152040481567,-0.2903490662574768,-0.03634846583008766,-0.33230140805244446,0.25207340717315674,-0.13966257870197296,-0.1583976000547409,0.05730665102601051,-0.26862257719039917,0.2015959620475769,0.23769629001617432,-0.31042003631591797,0.1426354944705963,0.03090762346982956,-0.3218908905982971,0.13515958189964294,-0.047694142907857895,0.2229701280593872,0.06271994113922119,-0.1529616266489029,0.06659138202667236,0.05813661217689514,0.295920193195343,-0.24782446026802063,-0.19129733741283417,0.14550913870334625,-0.29939693212509155,0.10496766120195389,0.1820271611213684
286,0.05878030136227608,0.13134972751140594,0.10113305598497391,-0.08487033098936081,0.246629536151886,-0.2935742437839508,0.06505326926708221,-0.3719971776008606,0.185683473944664,0.24652627110481262,-0.032952673733234406,0.4952039122581482,0.18824248015880585,0.01797741837799549,-0.3019724488258362,-0.17108726501464844,0.034465692937374115,0.004179847426712513,-0.07901450991630554,0.030719418078660965,-0.4333164691925049,-0.4099678695201874,0.09401451796293259,0.14883093535900116,0.0977855920791626,0.011718087829649448,-0.3122355043888092,-0.029126543551683426,0.39496704936027527,0.1026444286108017,-0.44411832094192505,0.15336883068084717,-0.14044103026390076,-0.050729621201753616,-0.4362362027168274,-0.027737149968743324,0.17559146881103516,0.13061955571174622,-0.05968272686004639,0.2451605349779129,-0.025525175034999847,0.09572282433509827,0.004415971226990223,-0.31064167618751526,-0.05006173998117447,0.06654734909534454,0.06060994043946266,0.25150832533836365,0.07109241187572479,-0.34364715218544006,0.11137121170759201,-0.10698428750038147,0.0504249632358551,0.0018108859658241272,0.12751440703868866,0.1157805323600769,0.05453985184431076,0.06933923065662384,-0.16212838888168335,0.0827983021736145,-0.342356413602829,-0.09368941932916641,0.07764934748411179,0.19200922548770905
287,-0.1911686360836029,-0.10864198207855225,0.039437685161828995,-0.5004494786262512,0.4231685400009155,0.06631846725940704,-0.03653814643621445,-0.3144913911819458,0.2588141858577728,0.2582554519176483,-0.09620898962020874,0.11926411837339401,0.12980245053768158,0.03210422396659851,0.16512645781040192,-0.2267516553401947,-0.08954078704118729,-0.0864906907081604,-0.27704548835754395,-0.34539082646369934,-0.18024103343486786,-0.22889332473278046,-0.1665278971195221,0.23154301941394806,0.3022775650024414,0.019558610394597054,0.16998368501663208,-0.04191961511969566,0.1171574667096138,0.16765718162059784,-0.3648671507835388,-0.006697865203022957,0.034029923379421234,0.0073818424716591835,0.1831267923116684,-0.03611988574266434,-0.1601841300725937,0.06511563807725906,0.1202375739812851,-0.18384382128715515,0.11540438234806061,0.21324396133422852,0.11821165680885315,-0.3455256223678589,-0.03774978592991829,0.12790018320083618,0.21874485909938812,-0.021008364856243134,0.11537813395261765,0.02419251762330532,-0.1224968433380127,0.1670227199792862,0.27717167139053345,0.23626214265823364,-0.10321766138076782,0.11796382069587708,0.15009376406669617,-0.0609932616353035,-0.630160391330719,0.3297584652900696,0.2543122172355652,0.07603473216295242,-0.21501673758029938,0.19246220588684082
288,0.017880640923976898,-0.11931350827217102,-0.14701831340789795,0.08920589089393616,0.03671896830201149,-0.1400623470544815,0.15751098096370697,-0.2111276090145111,0.21392787992954254,0.10608835518360138,-0.05019925534725189,0.24838019907474518,0.2905505299568176,0.06370523571968079,-0.2988762855529785,-0.1910780668258667,0.2024160772562027,0.0020324494689702988,0.10486593842506409,0.12380165606737137,-0.3552456498146057,-0.24587677419185638,0.08802079409360886,0.06376415491104126,0.07622137665748596,0.02071918360888958,-0.18005430698394775,-0.2926216721534729,0.44058850407600403,-0.04679948464035988,-0.3041912317276001,0.06633436679840088,-0.005710083059966564,-0.10054300725460052,-0.3484058678150177,0.06370000541210175,0.1733483523130417,0.1271323412656784,-0.12994693219661713,0.1488027125597,-0.09226696938276291,0.044653844088315964,-0.1280249059200287,-0.22633405029773712,0.11681152880191803,0.03316504508256912,-0.11696413159370422,0.1697222888469696,-0.17090168595314026,-0.27632394433021545,0.1894705444574356,-0.013419906608760357,0.06862224638462067,0.34720608592033386,0.02459825947880745,0.12058044970035553,0.1878194510936737,0.21634350717067719,-0.2573317885398865,0.07337792962789536,-0.30725860595703125,-0.08276383578777313,0.28043994307518005,0.3536437451839447
289,0.038339585065841675,0.03770972788333893,0.08697643876075745,-0.07011839747428894,0.1297951191663742,-0.08488725125789642,0.2923028767108917,-0.21105697751045227,0.11982492357492447,0.12035885453224182,-0.11618005484342575,0.32967543601989746,0.18792426586151123,0.10254443436861038,-0.10757581889629364,-0.16216115653514862,0.05258489400148392,0.031198788434267044,0.056307341903448105,0.16002926230430603,-0.297674298286438,-0.1713707149028778,0.09258898347616196,-0.04764970391988754,-0.010450948029756546,-0.04462955892086029,-0.12176536023616791,-0.01478639617562294,0.18876443803310394,0.020561134442687035,-0.3009483814239502,0.011330321431159973,-0.09298642724752426,-0.13780345022678375,-0.25355130434036255,-0.07342751324176788,0.15536122024059296,0.16982099413871765,-0.024784807115793228,0.056457508355379105,-0.0679512470960617,0.009596156887710094,0.0868920087814331,-0.184886172413826,-0.02666960284113884,0.15297770500183105,-0.0038481256924569607,0.14163696765899658,0.11831340193748474,-0.16101796925067902,0.04783906042575836,-0.08433511108160019,0.011267831549048424,0.059882670640945435,0.17308101058006287,0.1247606873512268,0.15451255440711975,-0.027594227343797684,-0.23294873535633087,0.02631702646613121,-0.14167194068431854,-0.047921229153871536,0.07082094252109528,0.29620110988616943
29,0.1792026162147522,0.011615414172410965,0.15954387187957764,-0.13572709262371063,-0.08341212570667267,-0.13513651490211487,-0.1937311589717865,0.3232329487800598,-0.20031456649303436,0.5069331526756287,0.011492663994431496,0.36241352558135986,0.1772666871547699,0.20311513543128967,-0.21854636073112488,0.053432658314704895,-0.1528528332710266,-0.044964246451854706,-0.01304137334227562,-0.058063630014657974,0.19938711822032928,0.1392153650522232,-0.21349892020225525,0.05932784080505371,-0.2102450281381607,-0.06461728364229202,0.154696986079216,-0.11961089074611664,-0.02823122777044773,-0.2348770946264267,-0.20921126008033752,0.0024192295968532562,0.11102969199419022,0.06492823362350464,-0.25852712988853455,0.0967225432395935,-0.20749181509017944,-0.17821019887924194,-0.4799708127975464,0.4633062481880188,-0.20800256729125977,-0.1305873543024063,0.03311638906598091,-0.17033100128173828,-0.1694735884666443,-0.019073832780122757,-0.11399687081575394,0.11303090304136276,0.0003864988684654236,-0.242465540766716,0.1644079089164734,-0.2543405294418335,0.3170225918292999,-0.3516833484172821,-0.059908054769039154,-0.2146247923374176,0.04111294820904732,0.18838120996952057,0.3569371998310089,-0.1587102711200714,0.31353557109832764,-0.29703453183174133,0.12497934699058533,-0.47764578461647034
290,0.038355644792318344,-0.30600497126579285,0.08801301568746567,0.06862355768680573,-0.05035526305437088,0.13834039866924286,0.12673723697662354,-0.22518393397331238,-0.1855195015668869,-0.15837909281253815,0.15810100734233856,0.2882293462753296,0.10091981291770935,0.23434531688690186,0.18925808370113373,-0.11454625427722931,0.07147961854934692,-0.4386504292488098,0.3180442154407501,0.21052412688732147,0.2291346937417984,-0.1091269850730896,-0.009063754230737686,-0.21957634389400482,-0.3194238245487213,0.13448435068130493,-0.21955473721027374,-0.20750422775745392,0.23154112696647644,0.07898759841918945,-0.03418682515621185,0.4417363703250885,0.14728374779224396,-0.4114341139793396,-0.07695484906435013,-0.19730371236801147,-0.18235301971435547,0.04661029204726219,-0.3534662127494812,-0.0630665123462677,0.37552133202552795,0.172489732503891,0.07797219604253769,0.03195061534643173,-0.31700196862220764,-0.0927748829126358,0.053031548857688904,0.32364919781684875,-0.443401575088501,-0.21945449709892273,0.42692846059799194,0.40388864278793335,0.26276925206184387,0.20820800960063934,0.07524589449167252,0.47777897119522095,0.14802008867263794,-0.16469837725162506,-0.2701893746852875,0.4526052474975586,-0.25496554374694824,0.19819815456867218,0.1824016571044922,-0.18237809836864471
291,0.20898236334323883,0.06855721771717072,0.14094652235507965,0.12716203927993774,-0.21710094809532166,-0.012934861704707146,0.03437098488211632,0.2174258530139923,-0.16753540933132172,0.08979801833629608,-0.1269398033618927,-0.1256808340549469,0.3704201579093933,0.13126403093338013,-0.09299259632825851,0.14386342465877533,0.1260068267583847,0.038585416972637177,-0.020678825676441193,0.3772199749946594,-0.22927382588386536,0.03754553571343422,-0.12422621995210648,-0.046008046716451645,-0.09096479415893555,-0.3352057635784149,-0.018248040229082108,-0.21484343707561493,-0.09770946204662323,-0.005170068237930536,0.017129678279161453,-0.044939249753952026,0.07876493781805038,0.13537760078907013,-0.11894992738962173,0.37050503492355347,-0.1014799103140831,0.12243985384702682,-0.015872037038207054,0.2177872210741043,-0.0650009959936142,0.03623095527291298,-0.2153640240430832,0.08249404281377792,0.18007302284240723,0.16613410413265228,-0.4523269236087799,-0.08460589498281479,-0.06002940610051155,-0.06359490752220154,-0.10581272095441818,0.14296028017997742,0.061493657529354095,0.3550835847854614,0.08195362240076065,-0.09113100171089172,-0.0376536026597023,0.1755428910255432,-0.07563864439725876,-0.05107421800494194,0.009342342615127563,-0.11649642139673233,0.1739528924226761,0.1709582358598709
292,0.16562128067016602,0.08889440447092056,0.18936103582382202,0.33657386898994446,-0.1585458219051361,-0.005023285746574402,0.0707332193851471,0.2273760735988617,-0.14223286509513855,-0.2022954523563385,-0.14262349903583527,-0.22270680963993073,0.38906994462013245,0.1240975633263588,-0.07625648379325867,0.33489832282066345,0.22873052954673767,-0.010302447713911533,0.02609739452600479,0.413686066865921,-0.18636278808116913,0.06005445122718811,-0.1691768914461136,-0.07161273062229156,-0.22323299944400787,-0.41240495443344116,-0.041539937257766724,-0.24730749428272247,-0.18618126213550568,0.11984410881996155,0.07458431273698807,0.05639611929655075,0.057399120181798935,0.03195135295391083,-0.049482882022857666,0.39102703332901,0.08404955267906189,0.25607067346572876,0.06723560392856598,0.26456236839294434,0.04080498591065407,0.11730068176984787,-0.31010955572128296,0.2213798612356186,0.16440077126026154,0.20696040987968445,-0.4441964626312256,0.0032682744786143303,-0.06700564175844193,-0.07963082939386368,-0.13023783266544342,0.19703492522239685,0.03665495663881302,0.5301722288131714,0.2873334288597107,0.024144884198904037,0.10963797569274902,0.10310705006122589,-0.004801221191883087,0.03997776657342911,-0.16887573897838593,-0.12589634954929352,0.22085440158843994,0.25662925839424133
293,0.01290469616651535,-0.3358110189437866,0.22813008725643158,-0.31714439392089844,0.08410514891147614,-0.0006813518702983856,0.030745692551136017,-0.21582019329071045,0.12427657097578049,0.2561873495578766,-0.17973987758159637,0.2102597951889038,0.16474591195583344,0.06098252534866333,0.28704386949539185,0.054965049028396606,-0.09446370601654053,-0.11126954108476639,-0.14151090383529663,-0.04186452552676201,-0.2360272854566574,-0.0769282802939415,-0.1018509641289711,0.09825161099433899,0.03951367735862732,0.12449140846729279,0.11292622983455658,-0.03177228569984436,0.08309271186590195,0.22206495702266693,-0.1870342493057251,-0.21349382400512695,0.29915761947631836,-0.14478178322315216,-0.052533529698848724,0.04390311986207962,0.00197491142898798,0.22962462902069092,-0.08547013998031616,-0.14708983898162842,-0.018991881981492043,0.2843555808067322,0.33156120777130127,-0.15445175766944885,-0.05091731250286102,0.015119321644306183,0.1437601000070572,-0.1138351559638977,0.07507965713739395,0.16290763020515442,-0.05189044028520584,0.06547202169895172,0.21435263752937317,0.24789221584796906,-0.02492980659008026,0.11116883158683777,0.1709614098072052,-0.18871243298053741,-0.2661210894584656,-0.05895764380693436,0.05342354625463486,0.01895911991596222,-0.10460551083087921,0.15230776369571686
294,0.049742624163627625,-0.2522485852241516,0.02124871127307415,-0.21928876638412476,-0.24883395433425903,-0.2900756597518921,-0.039917971938848495,0.14064010977745056,-0.07984272390604019,0.17357048392295837,-0.24455757439136505,0.06612274050712585,0.229112446308136,0.35844650864601135,0.11147544533014297,0.17171914875507355,-0.040317922830581665,-0.21191279590129852,-0.01976161077618599,-0.042355358600616455,-0.22810478508472443,-0.15405534207820892,-0.02641182951629162,0.19320230185985565,0.08876197040081024,-0.09728929400444031,0.16112495958805084,-0.1938478946685791,0.035249702632427216,0.2497708946466446,0.012605812400579453,-0.3415432572364807,0.21796377003192902,-0.21895496547222137,-0.17380231618881226,0.1354854255914688,-0.3114916682243347,0.16695843636989594,0.03806937485933304,-3.1812116503715515e-05,-0.1361551135778427,0.016197409480810165,-0.2517867386341095,0.1903536021709442,-0.04106356203556061,-0.12022504955530167,-0.23246385157108307,-0.03440374881029129,0.02194918692111969,0.23147524893283844,-0.1265101432800293,-0.03504926711320877,-0.04445158690214157,0.4110836684703827,-0.3386077284812927,0.11937917768955231,-0.12511497735977173,0.08393530547618866,-0.093452088534832,-0.005461683496832848,-0.2810089886188507,-0.22831518948078156,-0.061212208122015,0.22043077647686005
295,-0.14943644404411316,0.12433141469955444,-0.04378963261842728,0.3835322856903076,0.1454002559185028,0.0005114022642374039,0.3475823998451233,-0.04591711610555649,0.22759756445884705,-0.4173080027103424,-0.288508802652359,-0.010561235249042511,0.13348791003227234,-0.059673525393009186,-0.10729794204235077,-0.13196417689323425,0.10581467300653458,-0.059260252863168716,0.07808150351047516,0.1269104778766632,-0.14464658498764038,0.28579357266426086,0.002181870862841606,-0.051936954259872437,-0.41949668526649475,-0.14953692257404327,0.1872539222240448,-0.1616429090499878,0.1429980844259262,-0.11317834258079529,-0.07822080701589584,0.5181286334991455,-0.01918422244489193,-0.1016930490732193,0.2970033288002014,0.07922685146331787,0.5402767062187195,0.010120688006281853,-0.1697927862405777,0.03879144787788391,-0.056767795234918594,0.2624841630458832,0.03853750601410866,0.1108531504869461,-0.018641749396920204,0.3111956715583801,-0.06385409832000732,0.21767078340053558,0.2385055124759674,-0.3600853979587555,-0.15552204847335815,0.31066760420799255,-0.10890624672174454,0.3868154287338257,0.4842061400413513,-0.1998906284570694,0.5485574007034302,-0.13121537864208221,-0.361223965883255,0.6021701693534851,-0.027236023917794228,0.03643374890089035,0.543380081653595,0.26202693581581116
296,0.011318117380142212,-0.015430238097906113,0.10341250896453857,-0.28218337893486023,0.08316586911678314,0.15109218657016754,0.020717937499284744,-0.0416010245680809,-0.036897800862789154,0.07204596698284149,0.004838820546865463,-0.037283383309841156,-0.0887327641248703,0.12411070615053177,0.14418932795524597,-0.1592780500650406,0.004013517871499062,-0.004491988103836775,-0.11545589566230774,-0.1795642077922821,-0.09660255163908005,-0.09554004669189453,-0.018062258139252663,-0.023840157315135002,0.29206255078315735,-0.0014094871003180742,0.12911202013492584,0.017759760841727257,-0.11304798722267151,0.09937259554862976,-0.006095185875892639,-0.0629357248544693,-0.11605235189199448,0.09722721576690674,0.06795504689216614,0.07677392661571503,-0.17973458766937256,0.029013441875576973,0.19492749869823456,-0.2533062994480133,0.05814163759350777,-0.07982379198074341,0.0020831627771258354,-0.0818275511264801,-0.10947518050670624,0.05932182818651199,-0.09804404526948929,-0.09423363208770752,-0.03843110799789429,0.05805898457765579,-0.0651598796248436,0.026754293590784073,0.20279984176158905,0.06238843500614166,-0.08238609880208969,0.06053852662444115,-0.11405664682388306,-0.008233193308115005,-0.30157142877578735,-0.0640576034784317,0.10400697588920593,-0.06842538714408875,-0.21435149013996124,0.12545371055603027
297,-0.5640658140182495,-0.10042238235473633,-0.39463716745376587,-0.3176971673965454,0.3524029850959778,0.19323432445526123,0.10406234860420227,0.0988573208451271,0.5608458518981934,0.060067739337682724,-0.3171985447406769,0.3097321391105652,0.2524551451206207,0.08980821818113327,-0.22585509717464447,-0.3542596399784088,-0.08042958378791809,0.19461198151111603,-0.13714666664600372,0.04549873620271683,-0.16941983997821808,0.1582469642162323,-0.27032050490379333,-0.04494146630167961,0.3534311056137085,-0.07497546821832657,0.1988227665424347,-0.03129353001713753,0.08615268021821976,-0.014581045135855675,-0.4869670867919922,-0.17943808436393738,-0.0628919005393982,-0.2878204882144928,0.41034266352653503,-0.11981523036956787,0.19191555678844452,0.19089165329933167,-0.15658579766750336,-0.193972647190094,-0.28538069128990173,0.174525648355484,0.20092733204364777,-0.11144649982452393,0.22094304859638214,0.16924436390399933,0.23714953660964966,0.15117809176445007,0.4121606647968292,0.18301111459732056,-0.11557946354150772,-0.0336051769554615,-0.11097990721464157,0.4974442422389984,-0.2652789354324341,0.046952467411756516,0.5497637391090393,0.14314298331737518,-0.3420577049255371,0.40395206212997437,0.43196919560432434,0.23796282708644867,0.05756372585892677,0.5711149573326111
298,-0.15793292224407196,-0.3760412335395813,0.2269132137298584,-0.2908281683921814,-0.11425986886024475,0.0826244130730629,0.19819483160972595,0.27363890409469604,-0.1444733887910843,-0.5345866680145264,-0.4950750470161438,0.09934241324663162,-0.19132518768310547,0.2905733585357666,0.28683048486709595,-0.028840353712439537,0.04102008044719696,-0.15352505445480347,0.07100017368793488,-0.051878973841667175,-0.01807212643325329,-0.052930593490600586,0.05859427899122238,0.0768268033862114,0.4082987606525421,-0.2480013519525528,0.3328053653240204,0.01894303224980831,-0.3005503714084625,0.14388889074325562,-0.1950562745332718,-0.3416382968425751,0.27019578218460083,-0.1092153936624527,0.03547129034996033,0.1402558982372284,-0.2512034773826599,0.3145250976085663,0.2685075104236603,-0.3397369086742401,-0.3152027726173401,-0.030394140630960464,-0.06202320381999016,0.2984098494052887,-0.13478319346904755,0.22456610202789307,-0.11611595004796982,0.20041689276695251,0.14573563635349274,0.10442312806844711,-0.0844738706946373,0.021537015214562416,-0.147218719124794,0.434546560049057,-0.3519205152988434,0.4445394277572632,0.026950091123580933,0.08785483241081238,-0.15753531455993652,-0.008149495348334312,-0.07100065052509308,-0.01625397987663746,-0.22847296297550201,0.4359057545661926
299,0.11406511068344116,-0.04020954295992851,0.24769634008407593,-0.2446349561214447,0.0938384085893631,-0.06898590177297592,0.24015556275844574,-0.079208604991436,-0.13153235614299774,0.18810074031352997,-0.06318975985050201,0.09189321845769882,0.07742732763290405,0.19947728514671326,0.14931148290634155,-0.05249931663274765,-0.044310614466667175,-0.13640394806861877,0.021067041903734207,-0.03671193867921829,-0.19380873441696167,-0.2576369345188141,0.13298706710338593,0.16979803144931793,0.12529461085796356,-0.14025549590587616,-0.04595688730478287,0.018090745434165,-0.06451746076345444,0.10383885353803635,-0.3087958097457886,-0.09806006401777267,0.010098186321556568,-0.0074068885296583176,-0.28478389978408813,0.05366867780685425,-0.25801029801368713,0.1387578248977661,0.19135251641273499,0.01717761904001236,-0.024262888357043266,-0.13761110603809357,-0.13843247294425964,-0.08385659754276276,-0.2087792158126831,0.1402563899755478,-0.2687729597091675,0.03966818377375603,-0.06688901036977768,-0.09573181718587875,-0.08582691103219986,-0.11290112137794495,0.06224247068166733,0.0011633038520812988,-0.07546307146549225,0.1901526153087616,-0.20863227546215057,0.07481938600540161,-0.3132290244102478,0.010196376591920853,-0.08831828087568283,-0.1275307685136795,-0.11666718125343323,0.1365959644317627
3,-0.23379111289978027,0.14036573469638824,0.5987221002578735,0.7948282957077026,0.7431089282035828,-0.2748880684375763,0.11577209830284119,-0.5995299816131592,0.04564746469259262,-0.5849919319152832,-0.28958648443222046,0.6325644850730896,-0.030295800417661667,0.3202575147151947,-0.2987658977508545,0.055242739617824554,0.16548596322536469,0.38959768414497375,0.16538602113723755,-0.5224071145057678,-0.31656306982040405,-0.5775110125541687,0.5225598812103271,-0.29945290088653564,-0.5826140642166138,0.3501305878162384,-0.2917384207248688,0.3445581793785095,0.575771689414978,0.27306851744651794,-0.16517837345600128,-0.09959887713193893,-0.9273900985717773,-0.42070943117141724,-1.0335112810134888,-0.288357138633728,0.8846986889839172,-0.3511393368244171,0.08679620176553726,0.028372343629598618,0.27642855048179626,-0.35706469416618347,0.23958007991313934,-1.0263139009475708,-0.07385404407978058,0.9194567203521729,0.37403833866119385,-0.24076002836227417,0.23453418910503387,-0.5838891863822937,0.15309590101242065,-0.5106273889541626,0.38959094882011414,-0.6920713782310486,1.4839580059051514,0.4123010039329529,-0.14963527023792267,-0.5855659246444702,-0.2942245602607727,-0.1440674364566803,-0.4685744345188141,-0.12876883149147034,0.2506900131702423,-0.04809705913066864
30,0.09532017260789871,-0.1661120355129242,0.3657186031341553,0.17482249438762665,-0.07283787429332733,0.4051782488822937,-0.015724696218967438,-0.18726947903633118,-0.378350168466568,-0.35395434498786926,-0.002683999016880989,0.041207801550626755,-0.18431225419044495,0.30307143926620483,0.3859655261039734,-0.19740882515907288,0.15416108071804047,0.10323192179203033,0.15350566804409027,0.3825712203979492,0.082554891705513,0.1570073664188385,0.5714205503463745,-0.11561009287834167,0.175728440284729,-0.3687160909175873,-0.2457307130098343,0.1407867670059204,0.23095451295375824,-0.09316539019346237,0.03261858597397804,-0.24775159358978271,-0.014370867982506752,0.208854079246521,-0.3537099063396454,-0.049287423491477966,-0.012297715060412884,0.1837996393442154,0.5640388131141663,-0.24489672482013702,0.004896216094493866,-0.4206707775592804,0.157739520072937,0.08810150623321533,0.048105333000421524,0.42641374468803406,-0.3262808322906494,0.2081756889820099,-0.2779233753681183,-0.053531743586063385,0.1584639698266983,0.01862035132944584,-0.29521042108535767,-0.4464896321296692,0.3067978620529175,-0.05609116703271866,0.08318664133548737,0.053992025554180145,0.006111379712820053,-0.027053311467170715,0.09609025716781616,-0.12128498405218124,0.22774258255958557,-0.018474562093615532
300,0.08938096463680267,-0.1687791794538498,0.3121798038482666,0.11363478004932404,-0.1836189478635788,-0.3075545132160187,-0.055043596774339676,0.2004585862159729,-0.19165341556072235,0.010040927678346634,-0.4115082323551178,0.0742441937327385,0.4260442554950714,0.553502082824707,-0.19109532237052917,0.03435385972261429,0.13047577440738678,-0.08387035131454468,-0.005442211404442787,0.05178261548280716,-0.3406106233596802,-0.23572523891925812,0.13803572952747345,0.14738629758358002,0.1026381105184555,-0.3557014763355255,-0.08540207147598267,-0.3051903247833252,0.16111397743225098,0.1274004727602005,-0.2864650785923004,-0.3294004201889038,0.0422833077609539,-0.08155888319015503,-0.655891478061676,0.24325059354305267,-0.17304082214832306,0.09365099668502808,0.11573860049247742,0.23122386634349823,-0.21888044476509094,-0.22718551754951477,-0.538974940776825,0.06236867606639862,0.09265364706516266,0.08930376172065735,-0.539784848690033,0.0364324226975441,-0.27080219984054565,-0.04700598493218422,0.03134901449084282,-0.13395094871520996,-0.005184920504689217,0.3748106062412262,-0.13034240901470184,0.04410551115870476,-0.25399452447891235,0.4521908760070801,-0.1277143806219101,0.004780467599630356,-0.25216221809387207,-0.27028390765190125,0.2158324271440506,0.26813817024230957
301,0.0558883398771286,-0.24977831542491913,0.024592069908976555,-0.1931031495332718,-0.3542972207069397,-0.30742618441581726,-0.0011970605701208115,0.258984237909317,-0.010887129232287407,-0.07898780703544617,-0.4215801954269409,0.01485306303948164,0.13114574551582336,0.3150638937950134,-0.023511767387390137,0.19987645745277405,0.03985726833343506,-0.13428397476673126,0.04499994218349457,-0.09485850483179092,-0.3029487729072571,-0.2828943133354187,0.0023064641281962395,0.2336365133523941,0.35739970207214355,-0.2013830542564392,0.24229736626148224,-0.3206081986427307,-0.15553900599479675,0.22400052845478058,-0.07646199315786362,-0.4539835453033447,0.1742056906223297,-0.15175683796405792,-0.17118847370147705,0.23386245965957642,-0.24496477842330933,0.2727700471878052,0.19786858558654785,-0.022228073328733444,-0.23185281455516815,-0.07113368809223175,-0.378511905670166,0.281432181596756,-0.0035546012222766876,0.1037236899137497,-0.29643896222114563,0.059871889650821686,0.01979723386466503,0.20601558685302734,-0.17933927476406097,-0.07014133781194687,-0.05752138793468475,0.6100260615348816,-0.3888719975948334,0.21295571327209473,-0.13734261691570282,0.23504668474197388,-0.1393350213766098,-0.03258334845304489,-0.3498818874359131,-0.3555951416492462,-0.15226967632770538,0.3987702429294586
302,-0.013239763677120209,0.0015756115317344666,-0.07048402726650238,-0.06799342483282089,0.1759774535894394,-0.10610409080982208,0.12307615578174591,-0.011014487594366074,0.10169690102338791,0.32006219029426575,-0.050107523798942566,0.2432316392660141,0.21993738412857056,-0.03571392595767975,-0.11617423593997955,-0.1793530434370041,-0.10066459327936172,0.01865009218454361,-0.003216531127691269,0.07588282227516174,-0.1692456603050232,-0.027399109676480293,0.04882023483514786,0.07350140064954758,-0.19457237422466278,-0.17202559113502502,-0.0628385990858078,-0.10978050529956818,0.19658268988132477,-0.1303463727235794,-0.28669339418411255,0.1471230387687683,0.13214117288589478,-0.032282594591379166,-0.0483904629945755,0.020280413329601288,0.10790745913982391,-0.03138592839241028,-0.28251558542251587,0.26342010498046875,-0.09569846093654633,0.017315538600087166,0.13618510961532593,-0.1335926204919815,0.01047508791089058,0.006457969546318054,-0.018229123204946518,0.19242610037326813,0.19734740257263184,-0.25650644302368164,-0.1000504195690155,-0.04487696290016174,-0.055594347417354584,0.012960273772478104,0.002793821506202221,-0.13951954245567322,0.22966879606246948,0.026848606765270233,-0.191545307636261,0.1870025396347046,0.05724794790148735,-0.019497085362672806,0.19761444628238678,0.040712855756282806
303,0.007655326277017593,-0.07714910805225372,0.05193953588604927,-0.4635675251483917,-0.02125435695052147,-0.12266023457050323,-0.13318680226802826,0.03106588125228882,-0.05960908532142639,0.07884785532951355,-0.23208637535572052,0.09638886153697968,-0.09730896353721619,0.25502046942710876,0.11389811336994171,0.1125691682100296,-0.14582780003547668,0.009615988470613956,-0.2847016751766205,-0.47605425119400024,-0.16235193610191345,-0.315748393535614,-0.15351171791553497,0.27587127685546875,0.49498113989830017,-0.15913525223731995,0.4568524658679962,-0.16518756747245789,-0.27847859263420105,0.2573845088481903,-0.031017906963825226,-0.3048166036605835,-0.12195093929767609,0.15811994671821594,-0.012988762930035591,0.2572253942489624,-0.4770790934562683,0.030963795259594917,0.39176076650619507,-0.20287881791591644,0.010927923023700714,-0.13547208905220032,-0.28473085165023804,-0.006660297513008118,-0.26925379037857056,0.3431701362133026,-0.19317738711833954,-0.047291308641433716,-0.029761429876089096,0.17043276131153107,-0.3850748836994171,0.043143950402736664,0.29423683881759644,0.3691837787628174,-0.3379139006137848,0.09588910639286041,-0.2928035855293274,0.04176925867795944,-0.4447523057460785,0.15572220087051392,0.021152067929506302,-0.1569983810186386,-0.24900196492671967,0.18517999351024628
304,0.35122936964035034,-0.1817104071378708,0.44057023525238037,-0.06515110284090042,-0.2462368607521057,-0.4701249301433563,0.029352817684412003,0.4104897677898407,-0.3733328580856323,0.32654252648353577,-0.17630484700202942,0.5226733088493347,0.28428390622138977,0.559025228023529,-0.20512008666992188,0.1940976232290268,-0.2319156676530838,-0.0550224594771862,0.06903040409088135,0.18518652021884918,-0.12607638537883759,-0.15110814571380615,0.027681434527039528,0.024437863379716873,-0.1528153121471405,-0.44833043217658997,0.0055853743106126785,-0.39181268215179443,-0.18930909037590027,-0.21543703973293304,-0.22837910056114197,-0.2763824164867401,0.2631798982620239,-0.11207130551338196,-0.6052373051643372,0.03008066862821579,-0.3450830578804016,-0.4543122351169586,-0.3640907108783722,0.5440701842308044,-0.10698893666267395,-0.2736464738845825,-0.13282012939453125,-0.13778482377529144,-0.045406267046928406,0.02261565625667572,-0.33103710412979126,0.14969128370285034,-0.15756192803382874,0.009102603420615196,-0.032706741243600845,-0.36618632078170776,0.4211082458496094,-0.053257036954164505,0.0548279695212841,-0.1393936276435852,-0.2263762652873993,0.11903893202543259,0.2957113981246948,-0.21894998848438263,-0.027047617360949516,-0.2105981856584549,0.20982389152050018,-0.29749712347984314
305,0.10749368369579315,0.1267499327659607,0.31934261322021484,-0.1640177071094513,0.0036537505220621824,-0.09322242438793182,0.1566750705242157,0.015563372522592545,-0.19716182351112366,0.1711401492357254,-0.14164526760578156,0.06578107923269272,-0.018763281404972076,0.3381463885307312,0.11601689457893372,0.08912535756826401,-0.1060434952378273,-0.02135210856795311,-0.07806777954101562,-0.10196826606988907,-0.21108414232730865,-0.20088419318199158,0.10491327196359634,0.0211719311773777,0.09634114801883698,-0.1138007789850235,0.11187241971492767,-0.015585552901029587,-0.21017718315124512,0.07792645692825317,-0.06292781233787537,-0.2541976571083069,-0.21453873813152313,0.07619023323059082,-0.2602768540382385,0.09687145054340363,-0.15496741235256195,-0.032971691340208054,0.23124191164970398,-0.0623137466609478,-0.06256081908941269,-0.24455814063549042,-0.09512312710285187,-0.0061319321393966675,-0.2678830623626709,0.15153905749320984,-0.27511805295944214,-0.1162886917591095,-0.014968483708798885,0.11197563260793686,-0.27455416321754456,-0.18237608671188354,0.1386496126651764,-0.11099214851856232,0.05437944456934929,-0.07594569027423859,-0.346055269241333,0.003546249121427536,-0.21298563480377197,-0.037682656198740005,0.02009894885122776,-0.19511352479457855,-0.1283973902463913,0.03378886729478836
306,0.04355224221944809,-0.004501171410083771,0.04665260389447212,-0.09770037233829498,0.4163922071456909,0.08219221234321594,0.5840831398963928,-0.49164941906929016,-0.008074184879660606,0.14612983167171478,0.35608717799186707,-0.051886122673749924,-0.00678599625825882,-0.03986744582653046,0.4446735382080078,-0.13944080471992493,-0.06969241797924042,-0.34515315294265747,0.3429092764854431,-0.13057607412338257,0.12786416709423065,-0.44637346267700195,0.16820883750915527,0.19730548560619354,-0.15982870757579803,0.17869576811790466,-0.283130943775177,0.12521447241306305,-0.01949121616780758,0.15902361273765564,-0.3367495536804199,0.21898144483566284,-0.026326578110456467,-0.3036145269870758,-0.1437963843345642,-0.4074808955192566,-0.15371569991111755,0.11379153281450272,0.1618642807006836,-0.05660666152834892,0.380154550075531,-0.1362733691930771,0.00409681536257267,-0.34525954723358154,-0.2500021755695343,0.1649959534406662,-0.017947519198060036,0.012794621288776398,-0.32303866744041443,-0.30984678864479065,0.1061779260635376,-0.059411048889160156,0.05413108319044113,-0.19996008276939392,0.23167890310287476,0.5427969694137573,-0.10373373329639435,-0.22357860207557678,-0.5617940425872803,0.2786409854888916,-0.2019621878862381,0.1527673304080963,-0.2050846517086029,-0.10056212544441223
307,0.16011859476566315,-0.03994866833090782,0.04835807532072067,-0.00914757326245308,-0.1845162957906723,-0.04787179082632065,0.3930593430995941,-0.14456766843795776,-0.07040316611528397,0.3485962450504303,-0.2277376800775528,0.2227998524904251,0.3494233787059784,-0.04438281059265137,0.0671897679567337,-0.07228688895702362,0.039125725626945496,0.02668202668428421,-0.11231870949268341,0.2636573314666748,-0.42846405506134033,0.05200411379337311,-0.09577513486146927,-0.06277891993522644,-0.2105991393327713,-0.0454595685005188,0.18667225539684296,-0.3560793995857239,0.06298117339611053,-0.09320318698883057,0.0919446051120758,0.10287678986787796,0.19050009548664093,0.24966466426849365,0.04941198229789734,0.27413052320480347,0.27770066261291504,-0.11679117381572723,-0.2260960191488266,0.052313387393951416,-0.24469512701034546,0.12366019189357758,0.2821589708328247,-0.20573772490024567,0.18638086318969727,0.14408528804779053,-0.10601036250591278,-0.30101102590560913,0.0745432898402214,-0.012224877253174782,-0.3268836438655853,0.20219630002975464,-0.019508520141243935,0.336590051651001,0.34798964858055115,-0.42161524295806885,0.1492762565612793,-0.16576990485191345,-0.34393027424812317,-0.02618671953678131,0.14345352351665497,0.20615838468074799,0.31242358684539795,0.24035683274269104
308,-0.6065671443939209,-0.06177505478262901,-0.46153855323791504,-0.31228289008140564,0.4154180884361267,0.20896118879318237,0.08336324989795685,0.06939797103404999,0.6595025658607483,0.1279987245798111,-0.3110356628894806,0.3286694586277008,0.30688223242759705,0.076695017516613,-0.2864878177642822,-0.40810659527778625,-0.0995413213968277,0.23392124474048615,-0.17411674559116364,0.04001690447330475,-0.19519759714603424,0.17518416047096252,-0.31675389409065247,-0.05599589645862579,0.33516907691955566,-0.05620267242193222,0.18881939351558685,-0.0395720973610878,0.14141544699668884,-0.03351891040802002,-0.5262438058853149,-0.14941734075546265,-0.09358050674200058,-0.3035145699977875,0.44978827238082886,-0.16387395560741425,0.27268463373184204,0.15563589334487915,-0.21957401931285858,-0.17707207798957825,-0.2881985604763031,0.2002311646938324,0.25260424613952637,-0.16796089708805084,0.2770000994205475,0.15844017267227173,0.28047242760658264,0.1322973370552063,0.4325582981109619,0.18870416283607483,-0.11287785321474075,-0.02294950932264328,-0.10358036309480667,0.5137443542480469,-0.250173956155777,-0.018879998475313187,0.6213281154632568,0.15131936967372894,-0.3748394548892975,0.47493839263916016,0.4979309141635895,0.27882763743400574,0.10456429421901703,0.5777946710586548
309,-0.502927303314209,-0.06647877395153046,-0.33345991373062134,-0.24017509818077087,0.2989850640296936,0.17922237515449524,0.13997706770896912,0.11407351493835449,0.5515627861022949,-0.04422874376177788,-0.33791232109069824,0.281875878572464,0.17324429750442505,0.0387398861348629,-0.22941307723522186,-0.3113848865032196,-0.059964485466480255,0.15640243887901306,-0.13465406000614166,-0.005994494538754225,-0.15855282545089722,0.1552698165178299,-0.30341240763664246,-0.07367073744535446,0.31130439043045044,-0.02503529004752636,0.26354557275772095,-0.022943545132875443,0.008562985807657242,0.006921341177076101,-0.4285109043121338,-0.1120397225022316,-0.06650803983211517,-0.2515283226966858,0.43181711435317993,-0.10841401666402817,0.30016028881073,0.1663002222776413,-0.19820858538150787,-0.19675962626934052,-0.2950969934463501,0.19363000988960266,0.21764597296714783,-0.09562171995639801,0.19059520959854126,0.18216699361801147,0.25582826137542725,0.11127737164497375,0.38201144337654114,0.13970892131328583,-0.09148285537958145,-0.004498813301324844,-0.06273879110813141,0.5348369479179382,-0.18249298632144928,0.030516136437654495,0.5329989790916443,0.0948503389954567,-0.29348355531692505,0.3334813714027405,0.39120039343833923,0.2444913685321808,0.05018230155110359,0.5584798455238342
31,0.3781486451625824,0.06477698683738708,0.17209142446517944,-0.1587313562631607,-0.12543588876724243,-0.025631899014115334,-0.07332824170589447,0.24651110172271729,-0.20187832415103912,0.1100536435842514,0.021137291565537453,0.14438478648662567,-0.019045710563659668,-0.10158059746026993,0.043732013553380966,-0.21465492248535156,-0.16021446883678436,0.16689889132976532,0.001528516411781311,0.11663950234651566,-0.0268824752420187,0.10154206305742264,0.06548739969730377,-0.00026791729032993317,0.03788367658853531,-0.2858278453350067,-0.05394550785422325,-0.24124746024608612,-0.21895742416381836,-0.28858569264411926,0.011800011619925499,-0.06866918504238129,0.33000993728637695,0.22439077496528625,0.00539751909673214,0.03058035671710968,0.01414039358496666,-0.061816293746232986,-0.11746969819068909,0.2299494594335556,-0.08679014444351196,-0.20426039397716522,0.24378570914268494,0.10980501770973206,0.15418244898319244,0.08315180242061615,-0.11437242478132248,0.2681746482849121,0.1003667414188385,-0.11380533874034882,-0.1565856635570526,-0.13358944654464722,0.08444346487522125,-0.2320207804441452,0.16431570053100586,-0.3733072280883789,0.19288840889930725,0.025469699874520302,0.18291115760803223,-0.1741083264350891,0.19076494872570038,-0.16018150746822357,0.021139107644557953,-0.29624518752098083
310,0.068174347281456,-0.008814692497253418,0.23932646214962006,-0.5378443598747253,-0.038309574127197266,0.01800977811217308,0.10863994061946869,0.11388436704874039,-0.32668256759643555,0.16658927500247955,-0.20523829758167267,0.15811467170715332,-0.04232700541615486,0.3429025709629059,0.17666669189929962,-0.13090364634990692,-0.06571751087903976,0.03401968255639076,-0.2664037346839905,-0.3062977194786072,-0.19136282801628113,-0.14211593568325043,-0.07678577303886414,0.05452340096235275,0.5316567420959473,-0.06662644445896149,0.3312065899372101,-0.06079094111919403,-0.37347611784935,0.20032116770744324,-0.04089678078889847,-0.2565969228744507,-0.2143656611442566,0.2211923748254776,-0.09707605093717575,0.3268435597419739,-0.5041188597679138,0.0476248636841774,0.3676820993423462,-0.3223753869533539,-0.12178528308868408,-0.26167604327201843,-0.26065555214881897,0.004025816917419434,-0.2829166650772095,0.19902831315994263,-0.33970677852630615,-0.14467614889144897,-0.063051737844944,0.2118261307477951,-0.3520320653915405,-0.12154311686754227,0.24085794389247894,0.12058210372924805,-0.2522967457771301,0.03911546245217323,-0.4465957283973694,0.07875083386898041,-0.35476329922676086,-0.16703686118125916,0.1303955614566803,-0.07867388427257538,-0.28277841210365295,0.2239798754453659
311,0.04643058404326439,0.11100229620933533,0.011831570416688919,-0.06129174306988716,0.17453894019126892,-0.22810769081115723,0.04981282725930214,-0.2678784132003784,0.16600751876831055,0.22382642328739166,-0.011792445555329323,0.36857372522354126,0.18364191055297852,0.01026348676532507,-0.2794223427772522,-0.12298981845378876,0.0522543266415596,0.01597830280661583,-0.03127371519804001,0.03698647767305374,-0.3455125689506531,-0.35366249084472656,0.08685320615768433,0.12469172477722168,0.08662000298500061,-0.006862306967377663,-0.2601031959056854,-0.06171189993619919,0.34915581345558167,0.05483550578355789,-0.33728718757629395,0.10724157840013504,-0.10872068256139755,-0.02870384231209755,-0.334516704082489,-0.005059828050434589,0.10972911864519119,0.07842539995908737,-0.06864536553621292,0.21304960548877716,-0.021504411473870277,0.09915857017040253,-0.028291985392570496,-0.25657734274864197,-5.1449984312057495e-05,0.03018762916326523,0.06476656347513199,0.19523942470550537,0.04881187155842781,-0.2785722017288208,0.08412963896989822,-0.05788080766797066,0.03978319466114044,0.051870930939912796,0.04787929356098175,0.11625367403030396,0.03211226686835289,0.10205863416194916,-0.14590561389923096,0.07523973286151886,-0.2681322395801544,-0.07010956853628159,0.053656045347452164,0.18081389367580414
312,-0.19398482143878937,-0.22613079845905304,0.23503433167934418,-0.5373889207839966,0.2188817262649536,0.11887764930725098,0.056673336774110794,-0.13266941905021667,0.2548346519470215,0.23525752127170563,-0.356521874666214,0.2769887447357178,0.23011812567710876,-0.011158330366015434,0.07459941506385803,-0.43793994188308716,-0.040666334331035614,-0.08354407548904419,-0.4232291281223297,-0.2788041830062866,-0.36862075328826904,0.14196659624576569,-0.23604591190814972,0.01320832222700119,0.4938632845878601,0.30099889636039734,0.2092607021331787,-0.039977192878723145,-0.01174904964864254,0.18039238452911377,-0.4322013258934021,-0.11008439213037491,0.05954921618103981,0.04710423946380615,0.30029237270355225,-0.028840677812695503,0.21677179634571075,0.10102341324090958,-0.07589452713727951,-0.3286878168582916,-0.285957932472229,0.24406757950782776,0.2266315519809723,-0.257222443819046,0.13728822767734528,0.07680635154247284,0.3160415291786194,-0.23483023047447205,0.16280561685562134,0.3903677761554718,-0.10498689860105515,-0.008268574252724648,0.19501349329948425,0.32277870178222656,0.013118847273290157,-0.204604834318161,0.13464942574501038,-0.030266277492046356,-0.3917769491672516,-0.10453467816114426,0.5201557278633118,0.2616066038608551,-0.125924214720726,0.3987671732902527
313,0.050444357097148895,-0.2999926805496216,0.6187952160835266,-0.09873128682374954,-0.15548187494277954,-0.042659737169742584,0.20488300919532776,0.2589895725250244,-0.4104010760784149,-0.2954291105270386,-0.513595700263977,0.006491689942777157,0.05637654662132263,0.4606627821922302,0.20750100910663605,0.04763861000537872,0.12230957299470901,-0.16792339086532593,0.07532261312007904,0.08239050209522247,-0.16239237785339355,-0.09403105080127716,0.29726195335388184,0.16252808272838593,0.2069854885339737,-0.4454154670238495,0.08758220076560974,-0.09997110068798065,-0.15361587703227997,0.0016941563226282597,-0.3380375802516937,-0.3692820966243744,0.2544151246547699,0.10120813548564911,-0.4720754027366638,0.3066525459289551,-0.29271969199180603,0.23574696481227875,0.351847380399704,-0.01595422253012657,-0.3418042063713074,-0.20352904498577118,-0.2895500361919403,0.2208789736032486,-0.1760314404964447,0.23136648535728455,-0.4665387272834778,0.13792835175991058,-0.09161491692066193,-0.07194940745830536,-0.0725819319486618,-0.10349790006875992,-0.09798283129930496,0.1532508134841919,-0.14183956384658813,0.20292720198631287,-0.22254392504692078,0.35974544286727905,-0.1365690976381302,-0.09282389283180237,-0.035097233951091766,-0.2351597547531128,-0.03263716772198677,0.27661392092704773
314,-0.031573086977005005,-0.14739160239696503,0.03960046544671059,-0.14554363489151,0.3132398724555969,0.11491496860980988,0.2922828793525696,-0.36114904284477234,-0.024565843865275383,0.062191519886255264,0.21654312312602997,0.08184404671192169,0.035377487540245056,0.010427175089716911,0.3400123119354248,-0.18251660466194153,-0.007597962394356728,-0.29132118821144104,0.17487400770187378,-0.14327825605869293,0.08184991776943207,-0.309443861246109,0.02018711343407631,0.09121455252170563,-0.07779791951179504,0.17395436763763428,-0.17288823425769806,-0.04201696068048477,0.07271848618984222,0.16257499158382416,-0.23144614696502686,0.23203501105308533,0.07193409651517868,-0.25480401515960693,-0.05210471898317337,-0.22173093259334564,-0.13501852750778198,0.12472699582576752,-0.003648099023848772,-0.09495760500431061,0.31579792499542236,-0.0020207641646265984,0.04984060302376747,-0.22498874366283417,-0.22508177161216736,0.018279775977134705,0.0461210198700428,0.08873600512742996,-0.297052264213562,-0.23879940807819366,0.1408509612083435,0.09673479199409485,0.17652541399002075,0.05545848608016968,0.10736392438411713,0.4410235583782196,0.030028603971004486,-0.1495206654071808,-0.4809759855270386,0.27624088525772095,-0.13289138674736023,0.17129020392894745,-0.11317002773284912,-0.03667478263378143
315,-0.0751693993806839,-0.5475305914878845,0.35857999324798584,-0.3482421636581421,-0.25057798624038696,0.03952321410179138,-0.17887449264526367,-0.4497784972190857,-0.1321578025817871,-0.026338394731283188,-0.459627628326416,0.16537778079509735,-0.08521616458892822,0.1315559297800064,0.48217934370040894,-0.07116221636533737,0.14577139914035797,-0.2040010690689087,-0.04042118787765503,-0.0005379291251301765,-0.277900367975235,-0.1452702134847641,0.15932847559452057,-0.09099077433347702,0.10815420746803284,0.28498709201812744,-0.10825887322425842,-0.33014482259750366,0.1534406840801239,-0.12245264649391174,0.009861547499895096,-0.07672584056854248,0.30145692825317383,-0.07692493498325348,-0.05357075482606888,-0.24427784979343414,-0.14167720079421997,0.05270003899931908,0.22730787098407745,-0.24477572739124298,0.030185233801603317,0.04556698724627495,0.2873692512512207,0.24054282903671265,-0.33445125818252563,0.0680408924818039,0.32772451639175415,-0.008757999166846275,-0.13523033261299133,0.49923476576805115,0.12213314324617386,0.41692912578582764,-0.03130549192428589,0.14644962549209595,-0.10738585144281387,0.18442615866661072,-0.23712998628616333,-0.14515940845012665,-0.41975271701812744,0.2222602516412735,0.08735634386539459,0.07203477621078491,-0.04838801920413971,0.019421879202127457
316,0.04774845018982887,-0.09130561351776123,0.1708890199661255,0.23618975281715393,-0.09067530184984207,-0.11020509898662567,-0.09811507165431976,0.1691274642944336,-0.051457665860652924,-0.009860342368483543,-0.1863747388124466,-0.10684891790151596,0.42551353573799133,0.3098611533641815,-0.22630102932453156,-0.007675711065530777,0.165365532040596,-0.08620068430900574,-0.007996545173227787,0.08065520972013474,-0.21013639867305756,-0.08569952100515366,0.04846329241991043,0.053670093417167664,-0.014064114540815353,-0.2257820963859558,-0.20564086735248566,-0.11599569022655487,0.21396633982658386,0.2255241721868515,-0.21947988867759705,-0.15180325508117676,-0.026583656668663025,-0.09611544013023376,-0.45229560136795044,0.1981952041387558,0.014118907041847706,0.26362720131874084,0.031116867437958717,0.20215003192424774,-0.13397549092769623,-0.10747602581977844,-0.4879573583602905,0.08572861552238464,0.14255355298519135,0.019421428442001343,-0.44448941946029663,0.0017903950065374374,-0.2636508643627167,-0.13724981248378754,0.15545654296875,-0.05870463699102402,-0.08069110661745071,0.37323230504989624,-0.10106229782104492,0.05892590060830116,-0.10585830360651016,0.4211956858634949,-0.08001183718442917,-0.011566311120986938,-0.21450622379779816,-0.14349453151226044,0.2031382918357849,0.27607396245002747
317,0.038460105657577515,0.16153837740421295,0.4394211769104004,-0.1984243392944336,0.47837573289871216,-0.3730047345161438,0.051114749163389206,-0.4858568608760834,0.05420840531587601,0.25399327278137207,-0.0692075565457344,0.5929550528526306,0.10470528900623322,0.04768197983503342,-0.1411895602941513,-0.1438835859298706,-0.04157090187072754,-0.01218957919627428,-0.16047066450119019,-0.00696572195738554,-0.48899757862091064,-0.4404713213443756,0.17761237919330597,0.21013273298740387,0.0006150230765342712,-0.030718395486474037,-0.39088791608810425,0.15008120238780975,0.3569625914096832,0.14151065051555634,-0.593623697757721,0.2006290853023529,-0.146606907248497,-0.08991865813732147,-0.590472400188446,-0.017469950020313263,0.08233261853456497,0.2196866124868393,0.06886806339025497,0.29547032713890076,0.07889494299888611,0.08518093824386597,0.08200197666883469,-0.3326977789402008,-0.30911558866500854,0.14129245281219482,0.03341709449887276,0.3606009781360626,0.25377950072288513,-0.45995160937309265,0.06279516220092773,-0.2165357768535614,0.1126350462436676,-0.3140548765659332,0.2853512167930603,0.19386477768421173,-0.008257433772087097,-0.0589124858379364,-0.1828245371580124,0.08445525914430618,-0.370193749666214,-0.23760655522346497,-0.009704288095235825,0.0679178461432457
318,0.023905150592327118,-0.4799788296222687,-0.008693389594554901,-0.11106062680482864,-0.5185828804969788,-0.04272543638944626,-0.04838019609451294,-0.17564094066619873,-0.09504314512014389,-0.17239408195018768,-0.1591435670852661,0.3345416486263275,0.018938198685646057,0.5852693319320679,0.20518867671489716,0.07034322619438171,0.0065375808626413345,-0.3658396899700165,0.23447664082050323,0.3738013505935669,-0.22616389393806458,-0.013550756499171257,0.2333630472421646,-0.11477893590927124,-0.01594160869717598,0.03063719905912876,0.01836121827363968,-0.21886105835437775,0.3805428147315979,0.05832692235708237,0.21906426548957825,-0.17121639847755432,0.1386175900697708,-0.4243389964103699,-0.10282139480113983,-0.2600827217102051,-0.3032304644584656,0.0182809941470623,0.028094066306948662,-0.2929224371910095,0.09186919033527374,0.07064294815063477,0.0685725212097168,0.2952286899089813,-0.2844960391521454,0.1527024805545807,-0.12246572971343994,0.13936316967010498,-0.1402149349451065,0.4181019961833954,0.17716985940933228,0.3967761695384979,0.007866676896810532,0.3548606336116791,-0.09943094104528427,0.2100302278995514,0.00899697095155716,-0.15164756774902344,-0.24648529291152954,0.49274706840515137,-0.2921923100948334,-0.1021750196814537,0.30472537875175476,0.16268427670001984
319,0.05596082657575607,0.16543367505073547,0.36537742614746094,-0.13374343514442444,0.3060799539089203,-0.2112647294998169,0.020436741411685944,-0.30447325110435486,0.011588103137910366,0.11857029795646667,-0.04201874881982803,0.39669162034988403,-0.01510915532708168,0.04885043948888779,-0.03945581614971161,-0.12914560735225677,-0.07483246177434921,-0.007582168094813824,-0.14887401461601257,0.005073654931038618,-0.3426032066345215,-0.22831901907920837,0.1251518726348877,0.07822266221046448,0.0011857785284519196,-0.015907807275652885,-0.2627941370010376,0.17055949568748474,0.18088412284851074,0.12029092013835907,-0.31648045778274536,0.1437397599220276,-0.12783586978912354,-0.0425373874604702,-0.3350045382976532,-0.048786379396915436,0.09969919919967651,0.12222819775342941,0.06202054023742676,0.13411471247673035,0.039120715111494064,0.05006961151957512,0.11881701648235321,-0.15451209247112274,-0.24407730996608734,0.07307295501232147,0.01378682255744934,0.21564139425754547,0.20084618031978607,-0.2711567282676697,0.014240686781704426,-0.1304319202899933,0.06707749515771866,-0.23521222174167633,0.2466222643852234,0.05014347657561302,-0.034652020782232285,-0.1052183136343956,-0.09976629167795181,0.037560127675533295,-0.21213530004024506,-0.11488723009824753,-0.004699040204286575,0.022547336295247078
32,0.1504894196987152,-0.019640248268842697,0.18898095190525055,-0.13424882292747498,-0.02193893864750862,-0.1608857810497284,-0.14833684265613556,0.29077911376953125,-0.2343493551015854,0.5076418519020081,0.04539545997977257,0.43291372060775757,0.1776999980211258,0.21184031665325165,-0.20277902483940125,0.03739975392818451,-0.14123652875423431,-0.08596861362457275,0.003692399710416794,-0.059258148074150085,0.21829871833324432,0.1118757501244545,-0.21643762290477753,0.07907931506633759,-0.23834089934825897,-0.014655581675469875,0.09242182970046997,-0.10915470123291016,-0.006243448704481125,-0.22420795261859894,-0.26613616943359375,0.04117991775274277,0.14348909258842468,0.023012379184365273,-0.335574746131897,0.07678164541721344,-0.1802123785018921,-0.14972694218158722,-0.5148199796676636,0.4980475902557373,-0.23117400705814362,-0.13857848942279816,0.04641401395201683,-0.1934659779071808,-0.2035498023033142,-0.08385920524597168,-0.10063320398330688,0.15572653710842133,-0.029955431818962097,-0.2959941327571869,0.2165284901857376,-0.3307599723339081,0.29230692982673645,-0.4120999574661255,-0.03970707207918167,-0.15598295629024506,0.05786518007516861,0.19497668743133545,0.4336169958114624,-0.19338516891002655,0.23908159136772156,-0.26868751645088196,0.12524835765361786,-0.5075172185897827
320,-0.2051636427640915,0.13556881248950958,-0.007775247097015381,0.4569517970085144,0.15012741088867188,0.024226343259215355,0.39624103903770447,-0.07352656871080399,0.24587060511112213,-0.5392301678657532,-0.36518290638923645,-0.014754092320799828,0.13916867971420288,-0.024684900417923927,-0.10425151884555817,-0.14134012162685394,0.1441599726676941,-0.10715004801750183,0.06915012001991272,0.12272670120000839,-0.15891195833683014,0.3335643708705902,-0.01452072523534298,-0.07808062434196472,-0.46786758303642273,-0.13165517151355743,0.23625655472278595,-0.1536317616701126,0.1646503359079361,-0.06855245679616928,-0.06838914006948471,0.59331214427948,-0.05977218970656395,-0.12452778220176697,0.338515043258667,0.08394282311201096,0.6448658108711243,0.03172456473112106,-0.16398920118808746,-0.016031838953495026,-0.0778227150440216,0.3113159239292145,0.032667893916368484,0.1421937644481659,-0.04755764827132225,0.3562237322330475,-0.06449726969003677,0.2015989124774933,0.24217906594276428,-0.38029855489730835,-0.1510971486568451,0.3862698972225189,-0.13957063853740692,0.46956080198287964,0.5720711350440979,-0.21133854985237122,0.6020867824554443,-0.15069913864135742,-0.41419509053230286,0.7035330533981323,-0.03383169323205948,0.07633298635482788,0.6122162342071533,0.3291785418987274
321,-0.003463059663772583,-0.29803815484046936,0.1565059870481491,-0.35396304726600647,-0.020947322249412537,-0.031477734446525574,0.0465993769466877,-0.3168124258518219,0.09269991517066956,0.26285576820373535,-0.11218789964914322,0.3246327042579651,0.20422792434692383,0.19417841732501984,0.21551217138767242,0.01902698166668415,-0.0830758735537529,-0.10743413865566254,-0.12655071914196014,0.22966007888317108,-0.43906235694885254,-0.15203194320201874,-0.06610297411680222,0.04430164396762848,0.05237855389714241,0.017936302348971367,0.00839485228061676,-0.16316638886928558,0.22756226360797882,0.09709909558296204,-0.054434552788734436,-0.16871866583824158,0.2605202794075012,-0.13261541724205017,-0.03555899113416672,-0.024920469149947166,-0.14085210859775543,0.05464191734790802,-0.039270445704460144,-0.14426417648792267,0.07165974378585815,0.3213200271129608,0.34973135590553284,-0.18926356732845306,-0.05187099054455757,0.05307275056838989,0.07165049761533737,-0.12246575951576233,0.09090574830770493,0.20684878528118134,-0.07781390100717545,0.2589612305164337,0.24841180443763733,0.35642439126968384,0.06965769827365875,0.06850020587444305,0.12440727651119232,-0.18585549294948578,-0.4034345746040344,0.19267451763153076,0.030346732586622238,0.11326784640550613,0.02383989468216896,0.23131811618804932
322,-0.02764536812901497,-0.24317897856235504,0.02734553813934326,-0.29626139998435974,-0.017530329525470734,0.0007471460849046707,-0.01784052886068821,-0.17166972160339355,0.05113809555768967,0.20408090949058533,0.04164285957813263,0.20453070104122162,0.19105467200279236,0.21686069667339325,0.13244745135307312,0.10774126648902893,-0.02664569579064846,-0.17371492087841034,0.05589214339852333,0.23173588514328003,-0.1290620118379593,-0.06335927546024323,-0.05056265741586685,0.06596654653549194,-0.02838914841413498,0.05541122332215309,0.0273059643805027,-0.031852442771196365,0.31079399585723877,0.044644545763731,-0.04166979342699051,-0.13417984545230865,0.19536978006362915,-0.22077342867851257,-0.03892787545919418,0.020541764795780182,-0.38151949644088745,0.1193109005689621,-0.10300114750862122,-0.11439129710197449,0.12266869843006134,0.40660756826400757,0.16717149317264557,-0.15280914306640625,-0.1097182035446167,-0.0060066357254981995,0.07665357738733292,0.025159431621432304,0.12619562447071075,0.044357575476169586,0.09862587600946426,0.22472012042999268,0.2810300588607788,0.1712106168270111,-0.08954685926437378,0.2900455594062805,0.15767470002174377,-0.09055718779563904,-0.23025423288345337,0.19296492636203766,-0.02372237853705883,-0.07457197457551956,-0.04154229536652565,0.08227499574422836
323,-0.03644181787967682,-0.28801360726356506,0.11469575762748718,-0.22516781091690063,-0.03569088876247406,0.0009352099150419235,0.08828803896903992,-0.34236249327659607,0.12326515465974808,0.18823029100894928,-0.057990118861198425,0.317446768283844,0.17443518340587616,0.20220211148262024,0.14556384086608887,0.07248090952634811,-0.03569308668375015,-0.20044635236263275,0.02121955156326294,0.29833269119262695,-0.2762777805328369,-0.09292612224817276,-0.03698223829269409,-0.027840374037623405,-0.10414533317089081,0.07495064288377762,-0.01805993542075157,-0.12482930719852448,0.2986578643321991,0.04404506832361221,-0.08325245976448059,0.05103939026594162,0.18120597302913666,-0.25860387086868286,-0.018881062045693398,-0.07671955972909927,-0.159135103225708,0.04433223232626915,-0.1565367877483368,-0.12567900121212006,0.19911006093025208,0.4190421998500824,0.31003570556640625,-0.14260196685791016,-0.20763276517391205,0.06440480053424835,0.11944109946489334,0.01391222421079874,0.019193410873413086,0.09791802614927292,0.09410842508077621,0.3600710928440094,0.29124900698661804,0.3022918999195099,0.047566305845975876,0.2114427387714386,0.17268982529640198,-0.1950228363275528,-0.378673791885376,0.34860527515411377,-0.02742432989180088,0.05992867797613144,0.10049772262573242,0.14387638866901398
324,-0.035396233201026917,-0.4044376313686371,-0.008987750858068466,-0.18642042577266693,-0.3803483843803406,0.00872703269124031,-0.04208574444055557,-0.15169543027877808,-0.059823743999004364,-0.1471938192844391,-0.07242366671562195,0.3064383566379547,-0.02638740837574005,0.5404348969459534,0.1916247010231018,0.024961790069937706,-0.03413603454828262,-0.30861228704452515,0.13531458377838135,0.3433557152748108,-0.22789673507213593,-0.008670138195157051,0.1374022662639618,-0.11180521547794342,0.027170497924089432,0.005481170490384102,0.05443340167403221,-0.116623654961586,0.33310994505882263,0.0548279695212841,0.22697682678699493,-0.20326605439186096,0.12135898321866989,-0.33556264638900757,-0.03466422110795975,-0.23563064634799957,-0.28938448429107666,0.007354321423918009,0.04230943322181702,-0.3125395178794861,0.03986595943570137,0.09351944923400879,0.14698579907417297,0.18678012490272522,-0.23397564888000488,0.1003035306930542,-0.09782842546701431,0.0726756602525711,-0.013911792077124119,0.3534083664417267,0.13948018848896027,0.3280019164085388,0.03793299198150635,0.3010176122188568,-0.07360736280679703,0.16627779603004456,0.062491193413734436,-0.15469864010810852,-0.21858543157577515,0.4118998050689697,-0.21057377755641937,-0.03054189123213291,0.20462846755981445,0.1798207312822342
325,0.06569133698940277,-0.028287161141633987,0.24535013735294342,-0.4885185956954956,-0.04727132245898247,0.05184469372034073,0.13093766570091248,0.11338606476783752,-0.35402414202690125,-0.0006181448698043823,-0.20250627398490906,0.19238778948783875,-0.12435020506381989,0.3055034875869751,0.24077078700065613,-0.1700233370065689,-0.034932851791381836,0.003238069824874401,-0.18069182336330414,-0.3051297664642334,-0.11783456057310104,-0.08208578824996948,-0.029234031215310097,0.008658129721879959,0.4943961799144745,0.010081729851663113,0.3125566244125366,-0.030154403299093246,-0.36439478397369385,0.19214606285095215,0.009491626173257828,-0.21592271327972412,-0.1801380217075348,0.15126894414424896,-0.04600731283426285,0.2525450587272644,-0.42911168932914734,0.0780102089047432,0.3434390723705292,-0.37301814556121826,-0.12218804657459259,-0.2512793242931366,-0.19527395069599152,0.061960045248270035,-0.29039621353149414,0.1856476068496704,-0.2557588219642639,-0.0745735913515091,-0.032549675554037094,0.18628911674022675,-0.2913447618484497,-0.11833164095878601,0.2020310014486313,0.06915070116519928,-0.15387795865535736,0.09733261168003082,-0.36975371837615967,-0.0010814312845468521,-0.28203070163726807,-0.18692493438720703,0.08616095781326294,-0.06624362617731094,-0.27254942059516907,0.19148150086402893
326,-0.20952120423316956,0.23644942045211792,-0.008417095988988876,-0.11501510441303253,0.3007560670375824,-0.17480646073818207,-0.4378516972064972,0.0055847130715847015,-0.034259095788002014,-0.04277101531624794,-0.25397682189941406,-0.11091025918722153,0.17016522586345673,0.4387930631637573,0.07624203711748123,0.1552535742521286,-0.05862640589475632,0.259718656539917,-0.43661755323410034,-0.3736799657344818,-0.10251228511333466,-0.4186374247074127,-0.44430649280548096,0.051526814699172974,0.3554666340351105,-0.13586677610874176,0.2269023209810257,-0.20034952461719513,-0.20027299225330353,0.2972409427165985,0.10663174092769623,-0.44047603011131287,-0.35281601548194885,-0.022093605250120163,-0.12969492375850677,0.19571952521800995,-0.45114168524742126,-0.17781516909599304,0.3631457984447479,-0.1475364714860916,0.1976694017648697,-0.08869431167840958,-0.4208630919456482,-0.1282152533531189,0.21067117154598236,0.0792192667722702,-0.14942623674869537,-0.24160316586494446,-0.16138671338558197,0.3015233874320984,-0.3294513523578644,0.06184379383921623,0.37992870807647705,0.45038601756095886,-0.1616535186767578,0.12126702070236206,-0.4280841052532196,0.007200982421636581,-0.3524327874183655,0.2138875275850296,0.026044655591249466,0.10225607454776764,-0.18996480107307434,0.04077702760696411
327,0.12399307638406754,0.07194112986326218,0.1191796362400055,0.31443721055984497,-0.1750740110874176,0.027862753719091415,0.24630193412303925,0.010197527706623077,-0.05645240098237991,-0.4456837475299835,-0.2870520353317261,-0.07564684748649597,0.15843026340007782,0.024917785078287125,0.061772845685482025,0.07531740516424179,0.18192549049854279,-0.03487684577703476,0.10718432068824768,0.25564301013946533,-0.2119191288948059,0.24683791399002075,0.021798692643642426,0.01687784120440483,-0.3314881920814514,-0.32624655961990356,0.21600742638111115,-0.3330676555633545,-0.015542993322014809,-0.0492926761507988,0.1711806058883667,0.3133309781551361,0.10533971339464188,0.059108540415763855,0.18571677803993225,0.270113468170166,0.31460535526275635,0.1995459944009781,0.1240319013595581,0.06232872232794762,0.0073114484548568726,0.13283184170722961,-0.05036981776356697,0.27493584156036377,-0.04645424708724022,0.49848219752311707,-0.3403526842594147,0.16966263949871063,0.12769973278045654,-0.28402745723724365,-0.25612524151802063,0.3976009786128998,-0.05063749849796295,0.45013850927352905,0.5957551002502441,-0.20072494447231293,0.4679808020591736,-0.08654510229825974,-0.3142932057380676,0.4793604016304016,-0.08903427422046661,-0.1875009685754776,0.47391417622566223,0.24863216280937195
328,-0.02624358981847763,-0.19799412786960602,0.1358267217874527,-0.20889592170715332,0.24235665798187256,-0.0036772210150957108,-0.11314657330513,-0.30634358525276184,0.07803389430046082,0.20096835494041443,0.09360010176897049,0.053350623697042465,-0.017218083143234253,-0.05734473466873169,0.2870040535926819,0.13391512632369995,-0.07433938980102539,-0.1607958823442459,-0.09246669709682465,-0.019788865000009537,0.02921116352081299,-0.06433015316724777,-0.09027143567800522,0.176010861992836,-0.06304046511650085,0.026668643578886986,0.02261953428387642,0.025058507919311523,0.14673259854316711,0.05716323107481003,-0.17352041602134705,0.023208726197481155,0.20931100845336914,-0.04160022363066673,-0.029163578525185585,0.056557945907115936,-0.20706236362457275,0.22829359769821167,0.044922128319740295,0.03005216270685196,0.1246015876531601,0.257949560880661,0.14245834946632385,-0.09567634761333466,-0.24033062160015106,-0.0570652075111866,0.08544612675905228,0.1686505377292633,0.035116054117679596,-0.12951400876045227,0.05549309402704239,0.09793528914451599,0.19160893559455872,0.00023877620697021484,-0.07408040761947632,0.1587766408920288,0.17976422607898712,-0.17947626113891602,-0.21122795343399048,0.12513749301433563,-0.041301243007183075,-0.10002997517585754,-0.03235991299152374,-0.12272302806377411
329,0.2008926123380661,-0.19375815987586975,-0.12995071709156036,0.03995794057846069,-0.14397892355918884,-0.07967126369476318,0.21607013046741486,-0.017691679298877716,0.23900358378887177,-0.06629619002342224,-0.08199315518140793,0.24683959782123566,0.04581308364868164,-0.042732007801532745,-0.11505749821662903,-0.09268772602081299,0.07240120321512222,-0.19533106684684753,0.20620985329151154,-0.06555017083883286,-0.0023855306208133698,0.01527879573404789,-0.13995374739170074,0.02691761404275894,-0.020299173891544342,0.2526257038116455,0.18682584166526794,-0.19752322137355804,0.07474496960639954,0.0008991886861622334,-0.22718754410743713,0.14233610033988953,0.17935757339000702,-0.22983264923095703,-0.07281462103128433,-0.04214770346879959,0.2464543730020523,0.21017900109291077,-0.37684670090675354,0.04533438757061958,-0.20055323839187622,0.1322215497493744,0.027341097593307495,-0.009877320379018784,-0.05615697428584099,0.012145861983299255,0.007221520412713289,0.23280206322669983,-0.17198607325553894,-0.20451371371746063,0.2909626364707947,-0.01886877417564392,0.20431271195411682,0.37081149220466614,-0.03020717203617096,0.15714147686958313,0.37147828936576843,-0.029729824513196945,-0.015064602717757225,-0.06739723682403564,-0.26111704111099243,-0.12735803425312042,0.22652289271354675,0.12697374820709229
33,-0.1966315060853958,0.038308411836624146,-0.3141297698020935,0.05631064251065254,0.34045329689979553,-0.009770499542355537,-0.12285827100276947,0.027584336698055267,0.37055423855781555,0.0913345068693161,0.06848347187042236,0.03890882059931755,-0.03513075411319733,-0.4168126583099365,-0.13625459372997284,-0.0838988795876503,-0.05739973485469818,0.17877323925495148,-0.30598360300064087,-0.2912217974662781,0.034451067447662354,-0.09063135832548141,-0.3647494316101074,0.17467667162418365,0.4293085038661957,0.18343287706375122,0.03376985713839531,-0.05686411261558533,-0.20459794998168945,0.1740686446428299,-0.35722866654396057,0.02289225533604622,0.030037112534046173,0.07264325022697449,0.16144143044948578,0.06937259435653687,0.4687967300415039,0.13218030333518982,-0.20589692890644073,0.09077858924865723,-0.05960754305124283,-0.011562966741621494,0.02995811030268669,-0.12608717381954193,0.34870705008506775,0.013951323926448822,0.15915116667747498,0.0759698897600174,-0.2736636996269226,0.034779369831085205,-0.027104990556836128,-0.27540597319602966,-0.01585589535534382,0.2603951692581177,-0.22874824702739716,-0.11465582251548767,0.17394745349884033,0.14746195077896118,0.3026137948036194,-0.24591057002544403,0.06398101896047592,0.21288524568080902,-0.06580621749162674,0.08454184979200363
330,-0.2642485797405243,-0.5667536854743958,0.20145423710346222,-0.15830488502979279,-0.19031237065792084,-0.19897088408470154,0.01355188712477684,0.3098337948322296,-0.22890450060367584,-0.648468017578125,-0.4576699137687683,0.09009290486574173,-0.2996615171432495,0.20774151384830475,0.3921671509742737,0.3465483784675598,-0.0037071481347084045,-0.2731535732746124,0.15185438096523285,-0.243515744805336,0.00659618154168129,-0.14626993238925934,0.10146646201610565,0.1873982548713684,0.3053540289402008,0.0066285403445363045,0.31326088309288025,-0.14838305115699768,-0.33709150552749634,0.3742303252220154,0.08775391429662704,-0.4313415288925171,0.34666019678115845,-0.35175180435180664,0.043846823275089264,0.3283809423446655,-0.23543085157871246,0.4193277657032013,0.23327524960041046,-0.3402412235736847,-0.19156326353549957,0.07337324321269989,-0.15563973784446716,0.5089619159698486,-0.3074433207511902,0.024549543857574463,-0.035995617508888245,0.23994910717010498,0.20417118072509766,0.1751238852739334,-0.26260602474212646,-0.13886654376983643,-0.16209080815315247,0.47516462206840515,-0.3158247470855713,0.5590924024581909,-0.06300492584705353,-0.10020460933446884,0.028109537437558174,-0.08543550968170166,-0.5287743806838989,-0.2294882833957672,-0.32062840461730957,0.23635433614253998
331,-0.15854372084140778,-0.15959440171718597,0.27503108978271484,-0.4957003891468048,0.21308469772338867,0.0923416018486023,0.08089673519134521,-0.12418574839830399,0.2308191955089569,0.24327702820301056,-0.32410722970962524,0.2932370901107788,0.20325906574726105,-0.03535161167383194,0.012002620846033096,-0.4753771722316742,-0.0463818684220314,-0.07433316111564636,-0.412712037563324,-0.2734817862510681,-0.38407468795776367,0.15841393172740936,-0.17297600209712982,-0.01659010350704193,0.487892746925354,0.3316589891910553,0.12813644111156464,0.0004951320588588715,-0.020020199939608574,0.1610042303800583,-0.4345398247241974,-0.05836464464664459,-0.012876804918050766,0.07390116155147552,0.2662102282047272,-0.05262601748108864,0.27560609579086304,0.055073563009500504,-0.08299524337053299,-0.30096757411956787,-0.30729836225509644,0.20475637912750244,0.20587679743766785,-0.25238293409347534,0.12366828322410583,0.06347838044166565,0.3148474395275116,-0.23244094848632812,0.16596737504005432,0.37177574634552,-0.09857956320047379,-0.07844758033752441,0.1568712741136551,0.20871375501155853,0.06649681180715561,-0.26073044538497925,0.06473908573389053,-0.023401089012622833,-0.3260340094566345,-0.1635691076517105,0.4968465566635132,0.2613711655139923,-0.11288368701934814,0.35567721724510193
332,0.12145647406578064,0.07289637625217438,0.316927969455719,-0.2342156618833542,0.20688211917877197,-0.14724691212177277,0.14183932542800903,-0.23664194345474243,0.02325396239757538,0.27724382281303406,-0.11523226648569107,0.4392663836479187,0.13833339512348175,0.007053341716527939,-0.04490864276885986,-0.1945948600769043,-0.07873780280351639,0.049687910825014114,-0.15743188560009003,0.03717327117919922,-0.4039768576622009,-0.14703410863876343,0.08231079578399658,0.04833494871854782,0.042273469269275665,-0.005627446807920933,-0.19214117527008057,0.052651070058345795,0.11014923453330994,0.0809202492237091,-0.3428003191947937,0.09462704509496689,-0.030119631439447403,0.007205061614513397,-0.25606805086135864,0.0010466761887073517,0.12082156538963318,0.094736747443676,-0.03500192612409592,0.10610714554786682,-0.04237450659275055,0.06451946496963501,0.18271245062351227,-0.20371560752391815,-0.1281668096780777,0.12352725863456726,0.029438551515340805,0.09741443395614624,0.17797961831092834,-0.14045511186122894,-0.08039364963769913,-0.11201845109462738,0.09887281060218811,-0.09921090304851532,0.21379156410694122,-0.03565167635679245,0.0025724172592163086,-0.08318564295768738,-0.18343359231948853,-0.04991908371448517,-0.03455130010843277,-0.010775969363749027,0.01887647807598114,0.1285949945449829
333,0.001172579824924469,-0.27385053038597107,0.0019635632634162903,-0.010181068442761898,-0.14885491132736206,-0.0220037754625082,-0.012245623394846916,0.020105130970478058,-0.01631760038435459,-0.08525130152702332,-0.1160738542675972,0.12133941799402237,0.05415824055671692,0.07709231227636337,0.0655103325843811,0.11792974174022675,0.07207365334033966,-0.04435693100094795,0.03947487100958824,0.11005281656980515,-0.23324379324913025,-0.09076235443353653,0.05815766751766205,-0.018763398751616478,-0.01654934510588646,-0.025089634582400322,-0.022286023944616318,-0.1950608342885971,0.08736252784729004,0.07222776114940643,0.07623091340065002,-0.060417547821998596,0.2093350738286972,-0.12015631794929504,-0.03842727839946747,0.09214767068624496,0.032446976751089096,0.07264037430286407,-0.08915603160858154,-0.027417084202170372,0.05112599954009056,0.11052299290895462,0.08579644560813904,0.1200205534696579,-0.05116107687354088,0.02850288152694702,-0.01612902246415615,0.0365409292280674,-0.0384770929813385,0.10986440628767014,-0.042289361357688904,0.15762832760810852,0.06123912334442139,0.3758000135421753,-0.055455807596445084,0.15291567146778107,0.0384381078183651,-0.01458064466714859,-0.06612183898687363,0.029000967741012573,-0.17620912194252014,-0.002988939406350255,0.06590290367603302,0.221293106675148
334,-0.22361019253730774,0.2628880441188812,-0.040752872824668884,-0.10030445456504822,0.34758180379867554,-0.17118477821350098,-0.4651995599269867,-0.041802920401096344,0.008053918369114399,-0.08276528120040894,-0.24347056448459625,-0.07566597312688828,0.1343214064836502,0.3763792812824249,0.08423131704330444,0.127454936504364,-0.07510563731193542,0.34007003903388977,-0.4463046193122864,-0.36602383852005005,-0.102694571018219,-0.3926439583301544,-0.45079246163368225,0.053230591118335724,0.33271628618240356,-0.10557674616575241,0.21842849254608154,-0.20904310047626495,-0.1538948267698288,0.22163215279579163,0.13241812586784363,-0.4286096394062042,-0.3276452124118805,-0.019792642444372177,-0.10654210299253464,0.14921149611473083,-0.4240150451660156,-0.23384851217269897,0.3410083055496216,-0.1479370892047882,0.2354404479265213,-0.043758805841207504,-0.3371647894382477,-0.17033271491527557,0.23914532363414764,0.10728119313716888,-0.07360399514436722,-0.22297607362270355,-0.13554134964942932,0.267219603061676,-0.33069515228271484,0.0968189537525177,0.4310455322265625,0.4283785820007324,-0.08827804774045944,0.09467221796512604,-0.3702497184276581,-0.03023643046617508,-0.3513464033603668,0.2551679015159607,0.0843861997127533,0.1562167853116989,-0.1433674395084381,0.005803566426038742
335,-0.08437476307153702,-0.03683589771389961,0.024990255013108253,-0.205508291721344,0.06191308796405792,0.10839991271495819,0.20769786834716797,0.03460446000099182,-0.027113301679491997,-0.313458651304245,-0.15660293400287628,0.030270565301179886,-0.1874723583459854,0.08934193104505539,0.20632226765155792,-0.18846964836120605,0.02074066363275051,-0.051579494029283524,0.04323410242795944,-0.022520016878843307,0.020384587347507477,-0.004966447129845619,-0.007717570289969444,-0.014256861992180347,0.2039584517478943,-0.10488814115524292,0.1873045712709427,0.04909082129597664,-0.15450191497802734,-0.0459151566028595,-0.08393967151641846,-0.03018680214881897,0.04913727566599846,-0.04472154751420021,0.15324819087982178,-0.0815594494342804,-0.17716223001480103,0.0961972028017044,0.18497902154922485,-0.2216521054506302,-0.0784301906824112,-0.03792078047990799,-0.013662301935255527,0.10579058527946472,-0.11343906819820404,0.15144173800945282,-0.025675423443317413,0.16254764795303345,0.09997864067554474,-0.040066368877887726,-0.015554363839328289,0.09545466303825378,-0.014552010223269463,0.19313271343708038,-0.09387395530939102,0.23021113872528076,0.05569542944431305,-0.037263885140419006,-0.24002650380134583,0.11777263879776001,0.05717501789331436,0.08047932386398315,-0.09708945453166962,0.2422908991575241
336,-0.09705674648284912,-0.3742425739765167,-0.06631498038768768,0.011820887215435505,-0.14476977288722992,-0.00899977795779705,0.16753792762756348,-0.20006385445594788,0.09231512248516083,-0.01817207783460617,-0.14937753975391388,0.2988240420818329,0.16302581131458282,0.10410501062870026,0.05421505868434906,0.016588503494858742,0.15215344727039337,-0.2452833354473114,0.20838861167430878,0.1885852962732315,-0.25513604283332825,-0.10226229578256607,0.09900250285863876,-0.053853753954172134,-0.15020528435707092,0.1926586925983429,-0.05340652912855148,-0.2780137062072754,0.34784170985221863,-0.005284957122057676,-0.0882384330034256,0.17549476027488708,0.2104865163564682,-0.327267050743103,-0.0025817304849624634,-0.09085226058959961,0.08714278042316437,-0.0002578827552497387,-0.31691962480545044,-0.04769759252667427,0.1284492462873459,0.2685573995113373,0.17648938298225403,-0.031682033091783524,-0.1538286656141281,0.03142635524272919,0.15023618936538696,0.060832247138023376,-0.12820547819137573,0.05570841580629349,0.16780796647071838,0.3383989632129669,0.13345004618167877,0.4425387382507324,0.03806976228952408,0.28436917066574097,0.13344544172286987,-0.07114569842815399,-0.2819926142692566,0.283791720867157,-0.13410593569278717,0.06013791263103485,0.22027692198753357,0.26748520135879517
337,0.027238944545388222,-0.005319360643625259,0.1487068235874176,-0.332185834646225,0.007893700152635574,-0.0035629700869321823,0.03453422710299492,0.0956139862537384,-0.24063153564929962,0.04163075238466263,-0.11926176398992538,0.1238366886973381,-0.055459730327129364,0.24207308888435364,0.174871563911438,-0.07319989800453186,-0.03863079845905304,0.004997496493160725,-0.13344290852546692,-0.22255966067314148,-0.11920095235109329,-0.09834210574626923,-0.017511649057269096,0.03203493356704712,0.2946026623249054,-0.007441352121531963,0.17986087501049042,-0.04246708005666733,-0.20593920350074768,0.1421758085489273,0.021669838577508926,-0.19344806671142578,-0.10944678634405136,0.06410065293312073,-0.06135067343711853,0.17338572442531586,-0.3194749355316162,0.04607177525758743,0.21503029763698578,-0.20404067635536194,-0.058612383902072906,-0.16961540281772614,-0.15321901440620422,0.054193295538425446,-0.21087263524532318,0.06455890089273453,-0.18815022706985474,-0.04724299907684326,-0.0026751412078738213,0.1280350536108017,-0.23251387476921082,-0.09519343078136444,0.1615329533815384,0.07186204195022583,-0.11964453011751175,0.07362008094787598,-0.2764285206794739,0.01174943707883358,-0.19634516537189484,-0.10082296282052994,0.03457242622971535,-0.07298059016466141,-0.18557746708393097,0.12536972761154175
338,0.1851225346326828,-0.1782420128583908,-0.06350430846214294,0.023568250238895416,-0.17598862946033478,-0.03988427668809891,0.18154844641685486,0.04001383110880852,0.038633108139038086,0.13199391961097717,-0.12476705759763718,0.11436247080564499,0.2882339060306549,0.07309114187955856,-0.19654150307178497,-0.29414650797843933,0.16324317455291748,0.07662327587604523,0.24226190149784088,0.25395667552948,-0.29227375984191895,-0.1314074844121933,0.1934925615787506,-0.001332063227891922,0.05658278614282608,-0.12199404835700989,-0.1237279623746872,-0.28433769941329956,0.31315046548843384,-0.2496347427368164,-0.2965679168701172,-0.11420788615942001,0.17636631429195404,-0.0613754503428936,-0.381898432970047,0.07584589719772339,-0.06757507473230362,0.10864713788032532,-0.1813380867242813,0.15276020765304565,-0.10898016393184662,-0.13110223412513733,-0.0826239138841629,-0.1625741720199585,0.17869769036769867,0.1723598837852478,-0.3147207200527191,0.1320369988679886,-0.1703868806362152,-0.29826727509498596,0.22959579527378082,0.0019025355577468872,0.11963551491498947,0.24173220992088318,-0.07099976390600204,0.0970323234796524,0.09515820443630219,0.3226041793823242,-0.29173997044563293,-0.07715587317943573,-0.042545899748802185,-0.20561644434928894,0.22905409336090088,0.2871813178062439
339,0.26204970479011536,-0.1380768120288849,0.23123207688331604,-0.13823436200618744,-0.48433810472488403,0.07259996980428696,0.2943057119846344,-0.05112653225660324,-0.30448034405708313,0.34578001499176025,-0.16154713928699493,0.02377612143754959,0.20215393602848053,0.15184715390205383,0.17629405856132507,0.02885584719479084,0.08086651563644409,0.07053583860397339,-0.04994399845600128,0.23762652277946472,-0.3615323305130005,0.14950625598430634,0.016528703272342682,-0.0283356886357069,-0.1262105405330658,-0.16228078305721283,0.19760143756866455,-0.35022449493408203,-0.10126331448554993,0.036753587424755096,0.440862238407135,0.022979483008384705,0.1448075771331787,0.29935869574546814,-0.07248550653457642,0.4615882635116577,0.013580039143562317,0.1818273961544037,0.20839717984199524,-0.12003977596759796,-0.14521178603172302,-0.082877516746521,0.16597504913806915,0.11468921601772308,-0.15649856626987457,0.21824133396148682,-0.47640863060951233,-0.33265814185142517,-0.00011521577835083008,-0.05043996497988701,-0.31690919399261475,0.15721145272254944,-0.10622110217809677,0.16794031858444214,0.25036880373954773,-0.3685723841190338,0.08583290129899979,0.03309472277760506,-0.26437297463417053,-0.08908570557832718,-0.002102075144648552,-0.18832142651081085,0.1043703556060791,0.16527685523033142
34,0.3791128098964691,-0.09420792758464813,0.13513529300689697,-0.031278569251298904,-0.03697279468178749,-0.11136636137962341,-0.1755283623933792,0.24521565437316895,-0.20406736433506012,0.3801237940788269,0.1817188560962677,0.2675361931324005,0.19811075925827026,-0.01568838395178318,-0.17423297464847565,0.019681038334965706,-0.06530371308326721,-0.031783539801836014,0.09290686249732971,0.048756539821624756,0.14501164853572845,-0.022529585286974907,0.018236199393868446,0.23260445892810822,-0.12851496040821075,-0.3046584129333496,-0.16824136674404144,-0.3425883650779724,0.005676101893186569,-0.2884518504142761,-0.3141922652721405,0.11121874302625656,0.4105672538280487,0.19902843236923218,-0.32338154315948486,0.11745093762874603,-0.04485755041241646,-0.08190847188234329,-0.3606811463832855,0.6445280909538269,-0.06982257962226868,-0.16889913380146027,0.028144586831331253,-0.0840618759393692,0.03951774165034294,-0.017015688121318817,-0.16161061823368073,0.4065348505973816,-0.22380676865577698,-0.3536071181297302,0.12013363093137741,-0.22737690806388855,0.2076401263475418,-0.2841038107872009,0.005981559865176678,-0.1910734623670578,0.2270992547273636,0.2889719605445862,0.4132986068725586,-0.13106878101825714,0.06680119037628174,-0.30151018500328064,0.18779848515987396,-0.4788167178630829
340,0.2986634373664856,-0.1868371218442917,0.3077813386917114,-0.17250806093215942,-0.5562269687652588,0.10025835037231445,0.2982594668865204,-0.0275726318359375,-0.4236312508583069,0.3054722249507904,-0.16337063908576965,0.004517062567174435,0.17011234164237976,0.2045365422964096,0.2771984338760376,0.056465357542037964,0.10104115307331085,0.02782071754336357,-0.017223848029971123,0.2377651482820511,-0.3314586281776428,0.16488111019134521,0.06569632887840271,-0.0022171158343553543,-0.09161750972270966,-0.17109839618206024,0.2063770443201065,-0.3529723286628723,-0.14271004498004913,0.06831042468547821,0.4745942950248718,-0.04684901237487793,0.17695115506649017,0.30658963322639465,-0.12647496163845062,0.4879014492034912,-0.07338105142116547,0.2752207815647125,0.30783382058143616,-0.15745751559734344,-0.1427208036184311,-0.15854410827159882,0.1173279732465744,0.1964489221572876,-0.23641952872276306,0.24865874648094177,-0.5648744106292725,-0.3202964663505554,-0.06037609651684761,-0.03183320164680481,-0.31314289569854736,0.137357696890831,-0.12033704668283463,0.12805286049842834,0.2486509382724762,-0.3319213390350342,0.03757564723491669,0.06864427775144577,-0.23981574177742004,-0.12954750657081604,-0.011857656762003899,-0.2586837112903595,0.06501616537570953,0.15843528509140015
341,0.2148449867963791,-0.16955415904521942,0.412990927696228,-0.19427351653575897,-0.2533895969390869,0.04829583317041397,0.26226407289505005,0.23163825273513794,-0.4264459013938904,0.08556064963340759,-0.2012442648410797,0.02171151712536812,0.05422472208738327,0.29129186272621155,0.24868278205394745,-0.08074241876602173,-0.017362847924232483,-0.07137110084295273,0.06840714812278748,0.20273983478546143,-0.16039232909679413,0.06547441333532333,0.20706473290920258,0.016238242387771606,-0.005734698846936226,-0.3102085590362549,0.07005694508552551,-0.09072862565517426,-0.17334836721420288,-0.10395585000514984,-0.05116201937198639,-0.23873808979988098,0.2635796070098877,0.14433424174785614,-0.2913302183151245,0.22487781941890717,-0.2516501545906067,0.16457384824752808,0.13376031816005707,-0.006581051275134087,-0.24196895956993103,-0.2736096680164337,-0.002337961457669735,0.18981428444385529,-0.19581758975982666,0.12115195393562317,-0.4984927177429199,0.004293970763683319,-0.025254003703594208,-0.07130333036184311,-0.13023388385772705,-0.10095582902431488,-0.059645019471645355,-0.05973941460251808,-0.04192957282066345,-0.08684375882148743,-0.12640498578548431,0.20092374086380005,-0.10004858672618866,-0.17402906715869904,0.09994827210903168,-0.19693021476268768,-0.011394096538424492,0.0946473628282547
342,-0.0308540016412735,-0.2512921988964081,0.07782435417175293,-0.2712212800979614,-0.01614651083946228,-0.007490750402212143,0.03460065647959709,-0.2672712504863739,0.09179592877626419,0.21163566410541534,-0.09029272943735123,0.27346599102020264,0.1570861041545868,0.1326054185628891,0.16462598741054535,-0.02840755321085453,-0.041714806109666824,-0.06377492845058441,-0.10957451164722443,0.1866803765296936,-0.419105589389801,-0.1615639179944992,-0.03726908564567566,0.02979356050491333,0.0678439661860466,0.0036649552639573812,-0.010287766344845295,-0.19356004893779755,0.22168725728988647,0.04231453686952591,-0.028635483235120773,-0.14028829336166382,0.22631409764289856,-0.0701121985912323,-0.006920142099261284,-0.032732486724853516,-0.0520777627825737,0.005119019187986851,-0.04384326934814453,-0.1012829840183258,0.042072031646966934,0.2162104696035385,0.31511545181274414,-0.1790652722120285,-0.0007220320403575897,0.03824017941951752,0.0642600730061531,-0.11956654489040375,0.05651006102561951,0.15740573406219482,-0.07614567875862122,0.23206207156181335,0.182317316532135,0.34799453616142273,0.07832305878400803,0.013898611068725586,0.1060371845960617,-0.12349671125411987,-0.36671340465545654,0.16504882276058197,0.05041243135929108,0.13013561069965363,0.04613805189728737,0.24080787599086761
343,0.3656143248081207,0.11284098029136658,0.26155561208724976,-0.27377423644065857,-0.047121427953243256,-0.18512049317359924,0.10655508935451508,0.0713348314166069,-0.11040356010198593,0.6251445412635803,-0.16825544834136963,0.5663138031959534,0.2826705276966095,0.11033112555742264,-0.05284551531076431,-0.1645793467760086,-0.37744206190109253,0.24341237545013428,-0.13444162905216217,0.16594932973384857,-0.3462955355644226,-0.004088453948497772,-0.008279718458652496,-0.06948599219322205,-0.2780895531177521,-0.2582574784755707,-0.0319250114262104,-0.1367969661951065,-0.09407180547714233,-0.12258799374103546,-0.11541342735290527,0.044518567621707916,0.1741388589143753,0.007858743891119957,-0.1791517734527588,-0.013125505298376083,-0.021285761147737503,-0.3229568898677826,-0.41888946294784546,0.27789270877838135,0.03476870432496071,-0.052612852305173874,0.4588708281517029,-0.2126336544752121,-0.026398366317152977,0.190429225564003,-0.07904361933469772,-0.03797058016061783,0.2242375910282135,-0.05372059345245361,-0.31066811084747314,-0.026135092601180077,0.2661707401275635,-0.13465170562267303,0.21988153457641602,-0.3810667097568512,0.007435467094182968,-0.18737073242664337,-0.1598690003156662,0.03150534629821777,0.3057493567466736,0.048433057963848114,0.16530032455921173,-0.19484911859035492
344,0.3024716079235077,0.22058743238449097,0.23823989927768707,0.5570741295814514,-0.2816563546657562,0.008234718814492226,0.16440710425376892,0.37104231119155884,-0.2914108335971832,-0.3453763425350189,-0.06361149996519089,-0.31278854608535767,0.42234769463539124,0.06190206855535507,-0.06595838814973831,0.4936140477657318,0.24772165715694427,-0.003712482750415802,0.2318815439939499,0.704904317855835,-0.012628436088562012,0.022368114441633224,-0.34313902258872986,-0.3372494578361511,-0.4865668714046478,-0.5981631875038147,-0.1480783373117447,-0.26792532205581665,-0.5612108707427979,0.14114323258399963,0.2917903661727905,0.24447613954544067,0.03196892514824867,-0.10127930343151093,0.10120854526758194,0.35051029920578003,0.0380682609975338,0.19182825088500977,-0.01305663213133812,0.4326779842376709,0.2503552734851837,0.06135193631052971,-0.30117204785346985,0.25417640805244446,0.29725927114486694,0.29940178990364075,-0.5021927952766418,-0.0271451398730278,-0.016829829663038254,-0.17740236222743988,-0.07144145667552948,0.2830975651741028,0.020082984119653702,0.5762884020805359,0.550550103187561,0.2175205945968628,0.08040643483400345,-0.15722525119781494,0.07794607430696487,-0.04493675380945206,-0.30227920413017273,-0.058928679674863815,0.14565597474575043,0.07835801690816879
345,0.038171567022800446,-0.2670969069004059,0.25897467136383057,-0.13997483253479004,-0.16810183227062225,-0.1694711148738861,-0.01173568144440651,0.12277769297361374,-0.10254380851984024,-0.03415495529770851,-0.020937977358698845,0.06991816312074661,0.1311303675174713,0.46673253178596497,0.03765621781349182,0.25605201721191406,-0.04051511734724045,-0.3612731099128723,0.010842656716704369,0.25203070044517517,-0.11886948347091675,-0.12279627472162247,-0.05860983580350876,-0.04142019525170326,0.014607854187488556,-0.19985094666481018,-0.02184111624956131,-0.1544715017080307,-0.04602290689945221,0.14434677362442017,0.05857992544770241,-0.10966965556144714,0.21418218314647675,-0.21979230642318726,-0.05383198708295822,0.029758255928754807,-0.2836269736289978,-0.07658156752586365,-0.06885980814695358,-0.022215018048882484,0.0472722090780735,0.27881020307540894,-0.07891897112131119,0.143077552318573,-0.06285827606916428,-0.2741107642650604,-0.0698811262845993,0.0669475719332695,-0.020240917801856995,0.28239431977272034,0.03796433284878731,0.08328930288553238,0.17552918195724487,0.3189198672771454,-0.15810362994670868,0.18943729996681213,-0.03949479013681412,-0.03982017934322357,0.09044928848743439,0.062249742448329926,-0.32126420736312866,-0.04513859003782272,-0.09175601601600647,0.034753911197185516
346,0.12507736682891846,-0.13148623704910278,0.36372917890548706,-0.15888617932796478,-0.13880771398544312,0.03799763321876526,0.21222393214702606,0.17645609378814697,-0.32452288269996643,-0.013585923239588737,-0.1879434585571289,0.03590558096766472,0.07754164189100266,0.306344598531723,0.1796744018793106,-0.005474332720041275,0.03859145939350128,-0.11029486358165741,0.0393759161233902,0.12861424684524536,-0.1170249953866005,0.030721059069037437,0.19981063902378082,0.03972572088241577,0.12083643674850464,-0.2184048891067505,0.02501177042722702,0.013414480723440647,-0.10684995353221893,0.027286827564239502,-0.14850884675979614,-0.27535688877105713,0.10462415963411331,0.08055710792541504,-0.2802427411079407,0.17444054782390594,-0.2381182610988617,0.20180484652519226,0.2048865705728531,-0.05804154649376869,-0.22743169963359833,-0.1590741127729416,-0.161737322807312,0.15741944313049316,-0.15523704886436462,0.10384243726730347,-0.34287986159324646,0.03292490541934967,-0.05170237645506859,0.04532056301832199,-0.08893458545207977,-0.1256156861782074,-0.05214826017618179,0.0016376636922359467,-0.08646317571401596,0.05924265459179878,-0.18130043148994446,0.1923646330833435,-0.05428965389728546,-0.17119143903255463,0.03954584524035454,-0.12702295184135437,-0.042976632714271545,0.19608286023139954
347,-0.5448141098022461,-0.03615867719054222,-0.393854558467865,-0.26460516452789307,0.359313040971756,0.1789993792772293,0.11210852861404419,0.0613606721162796,0.5770966410636902,0.02476700209081173,-0.3072124719619751,0.27245697379112244,0.21156692504882812,0.07283125072717667,-0.22727127373218536,-0.3917025029659271,-0.08994089812040329,0.20725557208061218,-0.1495828777551651,0.005197405349463224,-0.16332697868347168,0.14431893825531006,-0.28178995847702026,-0.061265312135219574,0.2888559103012085,-0.05998896434903145,0.20628000795841217,-0.027654968202114105,0.0942433774471283,-0.029304087162017822,-0.42814695835113525,-0.10841672122478485,-0.08487357944250107,-0.27885517477989197,0.4101249873638153,-0.17129197716712952,0.24867862462997437,0.13237063586711884,-0.16735444962978363,-0.19565823674201965,-0.24216480553150177,0.15907630324363708,0.22163325548171997,-0.11708812415599823,0.21201957762241364,0.16398802399635315,0.24133121967315674,0.1270533949136734,0.38029274344444275,0.12273477762937546,-0.09462181478738785,0.009739079512655735,-0.09797979146242142,0.4874822795391083,-0.20921453833580017,0.0007866881787776947,0.5483559966087341,0.12626421451568604,-0.3627193570137024,0.450084924697876,0.4226030111312866,0.26836755871772766,0.0766436979174614,0.5343207120895386
348,0.204957515001297,-0.10949097573757172,0.19996750354766846,-0.10599656403064728,-0.37171071767807007,0.09152235090732574,0.32479751110076904,-0.1077246442437172,-0.2444903701543808,0.3104194104671478,-0.09519796818494797,0.02562687173485756,0.09099341928958893,0.10478789359331131,0.20076493918895721,-0.05522496998310089,0.041062913835048676,0.017746344208717346,-0.03523600101470947,0.20053116977214813,-0.30787569284439087,0.078086718916893,0.02493124082684517,-0.10231587290763855,-0.12462788820266724,-0.04559754580259323,0.16751347482204437,-0.2781376838684082,-0.07669465988874435,-0.02175176702439785,0.35986438393592834,0.032934606075286865,0.11158265918493271,0.25547611713409424,-0.0538625568151474,0.31042128801345825,0.08616358786821365,0.08370665460824966,0.08713546395301819,-0.15703217685222626,-0.12965819239616394,-0.10469706356525421,0.25825953483581543,0.03537629544734955,-0.147180438041687,0.117824986577034,-0.35516074299812317,-0.3158513903617859,-0.05010778829455376,-0.04712428152561188,-0.2241898775100708,0.1228494942188263,-0.05852761119604111,0.08743835985660553,0.22841434180736542,-0.34871697425842285,0.04148801043629646,-0.031314242631196976,-0.2709430158138275,-0.10851558297872543,0.027518797665834427,-0.08283882588148117,0.06886342912912369,0.10716911405324936
349,-0.05820142477750778,-0.5190424919128418,0.3839747905731201,-0.34596189856529236,-0.26076656579971313,0.03701389580965042,-0.19435466825962067,-0.447045236825943,-0.14504839479923248,-0.030981961637735367,-0.47635596990585327,0.14128191769123077,-0.10904645919799805,0.11399168521165848,0.48603659868240356,-0.08058040589094162,0.13863345980644226,-0.18733128905296326,-0.035195935517549515,-0.027498772367835045,-0.236479714512825,-0.12823885679244995,0.167909175157547,-0.09683673083782196,0.1136825680732727,0.2956237196922302,-0.11171163618564606,-0.32386314868927,0.12190952897071838,-0.13904157280921936,0.01727384515106678,-0.07214759290218353,0.277807354927063,-0.059692930430173874,-0.05619943141937256,-0.24660278856754303,-0.15619012713432312,0.057385366410017014,0.25769537687301636,-0.24897831678390503,0.02296452596783638,0.028458330780267715,0.26837480068206787,0.26945772767066956,-0.3529154062271118,0.07339462637901306,0.33832424879074097,0.005253089591860771,-0.13725289702415466,0.48816272616386414,0.12321814149618149,0.4043402671813965,-0.04635082185268402,0.09369240701198578,-0.11422426998615265,0.17060008645057678,-0.26368728280067444,-0.14162679016590118,-0.415841281414032,0.21483998000621796,0.10429158061742783,0.05472613126039505,-0.06649017333984375,-0.03279593586921692
35,-0.22634205222129822,0.12490871548652649,-0.020910412073135376,0.18690143525600433,0.6372556686401367,-0.051227815449237823,0.05197940394282341,-0.18925786018371582,0.15269194543361664,0.15060383081436157,0.1011565625667572,0.23191365599632263,0.0322364866733551,-0.20959676802158356,-0.12988947331905365,-0.468548059463501,0.02443433366715908,0.20556887984275818,-0.1282011717557907,-0.0970221757888794,-0.11855333298444748,-0.19112083315849304,0.1028626412153244,0.18428906798362732,0.043139390647411346,0.06359175592660904,-0.4977804720401764,0.02523917891085148,0.2656020224094391,-0.0690467581152916,-0.6394761800765991,0.3141253888607025,0.07293311506509781,-0.04269585385918617,-0.4434430003166199,-0.0705241784453392,0.5861101150512695,0.1409795582294464,-0.24272890388965607,0.3095010817050934,-0.0050254687666893005,-0.2431502789258957,0.18104900419712067,-0.17147444188594818,0.1182359904050827,-0.14665549993515015,-0.07294145226478577,0.37795495986938477,-0.30618029832839966,-0.5043084621429443,0.2030884176492691,-0.42416974902153015,-0.22268891334533691,-0.33374491333961487,0.011773490346968174,-0.07946774363517761,0.22847534716129303,0.37986624240875244,0.28557366132736206,-0.023745998740196228,-0.11796177923679352,0.05870279297232628,0.15721337497234344,-0.06392247974872589
350,-0.053874023258686066,-0.13493691384792328,0.06381489336490631,-0.1451897919178009,-0.021990012377500534,0.1496490091085434,0.4173954725265503,0.21962979435920715,0.24825789034366608,-0.4653262197971344,-0.45450642704963684,0.24611066281795502,-0.17246097326278687,-0.03442567586898804,0.02675173431634903,-0.12698768079280853,0.01616697944700718,-0.06092452630400658,0.028610896319150925,-0.13031935691833496,-0.06117728725075722,0.025864681228995323,-0.26671677827835083,-0.09499061107635498,0.290813148021698,0.009273489005863667,0.5407810211181641,0.022879714146256447,-0.42902252078056335,0.12072023749351501,-0.2747545838356018,-0.0492720827460289,0.14850129187107086,-0.0966014713048935,0.3257203996181488,0.026332929730415344,0.37854868173599243,0.19572500884532928,-0.19438216090202332,-0.28366154432296753,-0.3631442189216614,0.1435137838125229,0.2914540469646454,-0.013878975063562393,0.0572221539914608,0.32497361302375793,0.1616145819425583,0.05277148261666298,0.21529461443424225,-0.013900093734264374,-0.01902187615633011,0.037606194615364075,0.11625076830387115,0.5876665115356445,0.01220762450248003,0.23054379224777222,0.387870192527771,-0.1407429277896881,-0.12656676769256592,-0.142656609416008,0.10135205835103989,0.1391005516052246,-0.1335357129573822,0.4961073696613312
351,0.1662186086177826,0.04634806886315346,-0.014433950185775757,0.2549588978290558,-0.22185182571411133,-0.03452649712562561,0.5349311828613281,-0.20726123452186584,0.006181118544191122,-0.008944794535636902,-0.23514868319034576,0.16502755880355835,0.23610055446624756,-0.08457640558481216,0.08116033673286438,-0.0476650670170784,0.10157801955938339,-0.03932148963212967,0.07253782451152802,0.3171587884426117,-0.34617066383361816,0.04755038768053055,-0.08619067072868347,-0.1663094013929367,-0.40635713934898376,-0.07378017902374268,0.27829161286354065,-0.3970027565956116,0.03768664598464966,-0.09484516084194183,0.21130485832691193,0.3028850853443146,0.12509191036224365,0.09597073495388031,0.18300087749958038,0.14432068169116974,0.500304639339447,-0.09752847254276276,-0.24984464049339294,0.023122001439332962,-0.07518021762371063,0.11946463584899902,0.3250333070755005,-0.1459129899740219,0.1587376594543457,0.33051028847694397,-0.09818720817565918,-0.18155397474765778,0.07274866104125977,-0.18674415349960327,-0.24642875790596008,0.36280450224876404,-0.009515615180134773,0.44784125685691833,0.6482723355293274,-0.3484329879283905,0.3730963468551636,-0.3386373519897461,-0.42767900228500366,0.19197405874729156,-0.012586718425154686,0.14491191506385803,0.4184161424636841,0.2647043764591217
352,0.12506727874279022,0.05380869284272194,0.06383581459522247,-0.03600811958312988,-0.0854334682226181,0.10866613686084747,0.2906242609024048,0.12272576987743378,0.1355547308921814,-0.36861881613731384,-0.21890000998973846,0.12135320156812668,-0.20537248253822327,-0.1032831221818924,0.03433949500322342,-0.03369147330522537,0.05161723494529724,-0.03701987862586975,0.019584868103265762,-0.06717076152563095,-0.06860490143299103,0.03520061820745468,-0.22116392850875854,-0.11912581324577332,0.18333862721920013,0.05001833289861679,0.40885525941848755,0.010498736053705215,-0.3716871738433838,0.05825822055339813,-0.0445537343621254,0.05231966823339462,0.02094682678580284,0.029420681297779083,0.2896569073200226,0.02747606486082077,0.2877216637134552,0.08333569020032883,-0.1091209203004837,-0.1749046891927719,-0.17680659890174866,0.10167647898197174,0.18001508712768555,-0.011480264365673065,0.016327571123838425,0.2715074121952057,0.07373780757188797,-0.0069856904447078705,0.11006655544042587,-0.03672182559967041,-0.013308807276189327,0.09483982622623444,0.21813347935676575,0.40975221991539,0.18776071071624756,0.09170056879520416,0.21137849986553192,-0.2075934112071991,-0.06574077159166336,-0.19323553144931793,0.05464232712984085,0.0475865975022316,-0.06330379843711853,0.3082906901836395
353,0.17623355984687805,0.10226982831954956,0.06197521090507507,0.24745699763298035,-0.19482040405273438,0.010033885948359966,0.060418982058763504,-0.030057840049266815,-0.04408722370862961,-0.527982771396637,-0.1715783178806305,-0.05308208242058754,-0.03011145628988743,-0.03071274794638157,0.12133492529392242,0.13833172619342804,0.1670360118150711,-0.022433560341596603,0.1340101659297943,0.13035701215267181,-0.13712012767791748,0.14449048042297363,0.03304506465792656,0.046557724475860596,-0.20462320744991302,-0.21033528447151184,0.18109124898910522,-0.2810976505279541,-0.027351228520274162,-0.007433074060827494,0.295244425535202,0.22032955288887024,0.08355014771223068,0.022529222071170807,0.21682216227054596,0.13277144730091095,0.2235877513885498,0.18751274049282074,0.20493893325328827,0.02341047301888466,0.11515824496746063,0.11446856707334518,-0.031391989439725876,0.2953801155090332,-0.07904255390167236,0.4360048770904541,-0.1821230947971344,0.20947951078414917,0.11867202073335648,-0.21652667224407196,-0.18316373229026794,0.38664981722831726,0.03571486473083496,0.37393444776535034,0.5710445046424866,-0.07587505877017975,0.3883499503135681,-0.16757015883922577,-0.19299890100955963,0.3920224905014038,-0.1621655970811844,-0.23803912103176117,0.3174612522125244,0.14635945856571198
354,0.23546075820922852,-0.12965576350688934,0.23969146609306335,-0.15997600555419922,-0.4977935552597046,0.07791760563850403,0.2097432017326355,-0.06040191650390625,-0.310700386762619,0.3405826687812805,-0.12788629531860352,-0.014121091924607754,0.13064289093017578,0.15459436178207397,0.1886943131685257,0.045115403831005096,0.06910140067338943,0.05807661637663841,-0.08171853423118591,0.1707727313041687,-0.30063605308532715,0.12736783921718597,-0.0007868614047765732,-0.03629123419523239,-0.051402512937784195,-0.09867096692323685,0.17504315078258514,-0.3111516833305359,-0.12848107516765594,0.08717858791351318,0.4771517515182495,-0.016453305259346962,0.08935801684856415,0.2959330677986145,-0.08161226660013199,0.4303533434867859,-0.029560796916484833,0.21539399027824402,0.2646607458591461,-0.16699627041816711,-0.12149721384048462,-0.11050722002983093,0.11987495422363281,0.16858285665512085,-0.2103474885225296,0.15610046684741974,-0.44341155886650085,-0.3363517224788666,-0.0642906054854393,-0.001191863790154457,-0.27011337876319885,0.13071684539318085,-0.11560115963220596,0.12794718146324158,0.15966911613941193,-0.34400075674057007,-0.0008248668164014816,0.06612227857112885,-0.20843183994293213,-0.12387807667255402,-0.014668932184576988,-0.18682369589805603,0.01553015224635601,0.11848704516887665
355,0.04574708268046379,0.042723413556814194,0.010523868724703789,-0.16242490708827972,0.19020631909370422,-0.19435730576515198,0.03524988144636154,-0.28354334831237793,0.21995598077774048,0.3010872006416321,-0.0117847491055727,0.36802011728286743,0.1854023039340973,0.005766646936535835,-0.2179730087518692,-0.12215137481689453,0.008510136976838112,-0.02722170017659664,-0.0694819837808609,-0.00700315972790122,-0.34237366914749146,-0.32821550965309143,0.028466608375310898,0.17039406299591064,0.14822785556316376,0.01615535281598568,-0.1969316452741623,-0.06797429174184799,0.30740848183631897,0.07409876585006714,-0.3914896845817566,0.04796251654624939,-0.049390193074941635,-0.022187162190675735,-0.27102652192115784,-0.023868845775723457,0.09626071900129318,0.11930511146783829,-0.05762556940317154,0.1863509565591812,-0.07632141560316086,0.11193244904279709,0.017691899091005325,-0.27129656076431274,-0.00577133521437645,0.014247916638851166,0.07997407019138336,0.16845233738422394,0.05670056864619255,-0.20062096416950226,0.0660247653722763,-0.0766792893409729,0.063526451587677,0.0872180163860321,-0.0010413890704512596,0.08608008921146393,0.08309881389141083,0.0762208104133606,-0.18732497096061707,0.06998812407255173,-0.19915448129177094,-0.0697798803448677,0.03237411007285118,0.17969636619091034
356,-0.04532233625650406,-0.3303207457065582,0.23864318430423737,-0.2615893483161926,-0.18117959797382355,0.013611046597361565,-0.19185075163841248,-0.3107434809207916,-0.07994641363620758,-0.02019491046667099,-0.31576624512672424,0.12084967643022537,-0.09950760006904602,0.1040683463215828,0.31064993143081665,-0.03638248145580292,0.09113714843988419,-0.12261952459812164,-0.04534070938825607,-0.051179636269807816,-0.18605013191699982,-0.11675318330526352,0.09294871985912323,-0.07237108051776886,0.10473033785820007,0.20685842633247375,-0.04705696925520897,-0.23998455703258514,0.1056523472070694,-0.09563523530960083,0.04891891032457352,-0.10166441649198532,0.14034923911094666,-0.027461592108011246,-0.02938617579638958,-0.1788417249917984,-0.11869952827692032,0.04512766748666763,0.20235730707645416,-0.166131392121315,-0.004699967801570892,0.0025396994315087795,0.17051416635513306,0.18319100141525269,-0.2706596553325653,0.0600065141916275,0.24734267592430115,0.01504516415297985,-0.052544619888067245,0.34069445729255676,0.07187927514314651,0.2748628854751587,0.0030746404081583023,0.08545100688934326,-0.0704696998000145,0.10184580087661743,-0.18105341494083405,-0.10682088136672974,-0.30755579471588135,0.16247445344924927,0.06891130656003952,0.002148207975551486,-0.05344058573246002,-0.01126818172633648
357,0.06802693009376526,0.0013302043080329895,0.24255476891994476,-0.494548499584198,-0.03257232904434204,0.07614005357027054,0.13092203438282013,0.08305978029966354,-0.29440316557884216,0.10826481878757477,-0.17164191603660583,0.15300725400447845,-0.09122207760810852,0.2736421227455139,0.15576186776161194,-0.20889347791671753,-0.03637286275625229,0.03241024538874626,-0.2307177186012268,-0.28895851969718933,-0.13184739649295807,-0.07383901625871658,-0.05776846408843994,-0.007502477616071701,0.5120742321014404,-0.0001406299415975809,0.28323331475257874,-0.013073105365037918,-0.3435473144054413,0.1540888249874115,-0.032068416476249695,-0.16842365264892578,-0.2269139140844345,0.22752514481544495,-0.05197197198867798,0.2587737441062927,-0.4183981418609619,0.03639606386423111,0.33222436904907227,-0.3490943908691406,-0.13669703900814056,-0.2309664636850357,-0.2030448615550995,-0.004765208810567856,-0.26722708344459534,0.17147362232208252,-0.2528948485851288,-0.12519913911819458,-0.06636200845241547,0.16443665325641632,-0.25377321243286133,-0.10701462626457214,0.21160167455673218,0.056061819195747375,-0.20312193036079407,0.0344671793282032,-0.39331892132759094,0.06022091209888458,-0.31378015875816345,-0.1989298313856125,0.15569669008255005,-0.021966468542814255,-0.2663531005382538,0.1928376406431198
358,0.41342422366142273,-0.16295242309570312,0.4580507278442383,-0.10231465101242065,-0.26865723729133606,-0.4758233428001404,0.046384554356336594,0.4454137980937958,-0.42204350233078003,0.36056825518608093,-0.12164296954870224,0.6150638461112976,0.21628955006599426,0.5445604920387268,-0.16524827480316162,0.1915786862373352,-0.3175082206726074,-0.06782730668783188,0.09141504764556885,0.2179470956325531,-0.06859050691127777,-0.10980869084596634,0.0015572747215628624,-0.02677227556705475,-0.2084326446056366,-0.44416090846061707,0.036055538803339005,-0.37578582763671875,-0.276387482881546,-0.26872748136520386,-0.18654865026474,-0.23366135358810425,0.2989957630634308,-0.12819065153598785,-0.5405907034873962,-0.033676814287900925,-0.3718143105506897,-0.5580344200134277,-0.4680814743041992,0.5684252977371216,-0.07806728780269623,-0.2912306785583496,-0.01589694619178772,-0.15416018664836884,-0.08111296594142914,0.014604300260543823,-0.292663037776947,0.17271535098552704,-0.11655677109956741,0.020061103627085686,-0.0419478639960289,-0.3823862373828888,0.4864419102668762,-0.15163730084896088,0.1135052889585495,-0.18373757600784302,-0.2162807583808899,-0.0032374709844589233,0.3636963367462158,-0.2495887279510498,0.02216237783432007,-0.18800145387649536,0.2124330848455429,-0.4284363389015198
359,0.14330890774726868,-0.05618905648589134,0.06916965544223785,-0.06969897449016571,-0.16269129514694214,-0.04654138535261154,0.31770581007003784,-0.09224161505699158,-0.07440967857837677,0.401839017868042,-0.19749948382377625,0.2056872695684433,0.3163492679595947,-0.030389102175831795,0.04207742586731911,-0.07142270356416702,0.001842498779296875,0.03709976002573967,-0.1518133133649826,0.21343697607517242,-0.398374080657959,0.04443278908729553,-0.09313938766717911,-0.04042411595582962,-0.14523035287857056,-0.04168306291103363,0.14954973757266998,-0.304937481880188,0.0427679680287838,-0.08798633515834808,0.06160064786672592,0.05342569202184677,0.19190669059753418,0.26954641938209534,0.016505319625139236,0.278326153755188,0.20667943358421326,-0.1300060749053955,-0.22054968774318695,0.05494553968310356,-0.2671279013156891,0.11407029628753662,0.2572759985923767,-0.19067995250225067,0.15878157317638397,0.06347388029098511,-0.09576725959777832,-0.3009641766548157,0.06306756287813187,0.017730699852108955,-0.3087628185749054,0.1378907561302185,-0.013591034337878227,0.27766916155815125,0.21471360325813293,-0.40906184911727905,0.07188527286052704,-0.0952674075961113,-0.2745864987373352,-0.08411592990159988,0.16721293330192566,0.20886185765266418,0.2410762459039688,0.1950245052576065
36,0.09384553134441376,-0.05163554474711418,0.03342899680137634,-0.002186165191233158,-0.2102912962436676,0.028908733278512955,-0.10798026621341705,0.013233618810772896,-0.2585747539997101,0.5311479568481445,0.05542948096990585,-0.4106758236885071,0.1851242184638977,-0.4981093406677246,0.0609474815428257,0.035979799926280975,0.1525077521800995,0.6445209383964539,-0.1989932656288147,0.10859072953462601,-0.11243178695440292,0.2555825710296631,0.03990507125854492,0.0281832218170166,-0.09494660794734955,-0.07318024337291718,-0.28642043471336365,-0.3789900541305542,-0.22010178864002228,-0.25726577639579773,0.5943871140480042,0.1994818150997162,0.23972903192043304,0.5050925612449646,0.059317879378795624,0.499697208404541,0.03395507112145424,-0.08663876354694366,0.28835442662239075,0.14183729887008667,0.21430246531963348,-0.052175894379615784,0.13702814280986786,0.09806366264820099,0.27108997106552124,0.081875741481781,-0.06595484912395477,-0.37037384510040283,-0.028837483376264572,0.0105662290006876,-0.36910226941108704,-0.045292045921087265,-0.30542293190956116,-0.3157823979854584,0.08886231482028961,-0.44159916043281555,-0.11256790161132812,0.22014859318733215,0.2640911638736725,-0.4741670489311218,0.19010327756404877,-0.04174846038222313,-0.15816056728363037,-0.26964765787124634
360,0.1951991766691208,0.25648608803749084,0.2427891343832016,0.3384009599685669,-0.30135414004325867,-0.08660255372524261,-0.1375027894973755,0.21311470866203308,-0.22580040991306305,0.019109070301055908,-0.11939527839422226,-0.3171512484550476,0.351470023393631,0.08962748944759369,-0.1387709379196167,0.31235358119010925,0.14343175292015076,0.06636467576026917,-0.05296991392970085,0.41435298323631287,-0.055535897612571716,0.04082729294896126,-0.41330987215042114,-0.27338433265686035,-0.2909657657146454,-0.32196295261383057,-0.09502099454402924,-0.24405108392238617,-0.3910069465637207,0.10372030735015869,0.3625297248363495,0.20961949229240417,-0.12407051771879196,0.06621091067790985,0.04045708477497101,0.3647392988204956,-0.10826242715120316,0.024576891213655472,0.03969135880470276,0.29217463731765747,0.14075036346912384,0.06521203368902206,-0.30657678842544556,0.1780819445848465,0.19827435910701752,0.10939502716064453,-0.40656518936157227,-0.23360849916934967,-0.05365272983908653,-0.08080868422985077,-0.03299536928534508,0.25528866052627563,0.018908729776740074,0.35728639364242554,0.25966599583625793,-0.06794118881225586,-0.18489313125610352,-0.024727273732423782,0.011270595714449883,-0.046097055077552795,-0.12185220420360565,-0.0624602846801281,0.06764436513185501,-0.13101831078529358
361,-0.09972339868545532,0.12667769193649292,0.059153154492378235,-0.07833006232976913,0.17306751012802124,-0.0028277505189180374,-0.10196754336357117,0.10417211800813675,-0.11079811304807663,-0.16182982921600342,-0.0892949029803276,-0.0971762016415596,0.04592171311378479,0.16810697317123413,0.07807750254869461,0.10779616236686707,0.0723041296005249,0.10149949789047241,-0.18925218284130096,-0.08002833276987076,-0.01991518959403038,-0.181709423661232,-0.23610635101795197,-0.06337550282478333,0.29105207324028015,-0.14762970805168152,0.07776834070682526,-0.06465467810630798,-0.29239699244499207,0.17839010059833527,0.018383119255304337,-0.19804048538208008,-0.19953998923301697,0.02684250846505165,0.02664417400956154,0.17720676958560944,-0.2528482973575592,0.05467434599995613,0.2731471061706543,-0.08351922035217285,0.08619995415210724,-0.05696834251284599,-0.31068795919418335,0.033227093517780304,0.09547349810600281,0.045237794518470764,-0.10149266570806503,-0.022021036595106125,-0.05631810054183006,0.17432786524295807,-0.17543604969978333,-0.020482446998357773,0.1634780466556549,0.2910573184490204,-0.07767046242952347,0.20363959670066833,-0.23219317197799683,-0.004745267331600189,-0.09948128461837769,-0.07992736995220184,-0.02945430390536785,0.0663103386759758,-0.20806452631950378,0.16634470224380493
362,-0.05562813580036163,-0.48352381587028503,0.3656308054924011,-0.3126271069049835,-0.22659766674041748,0.053326450288295746,-0.1530928760766983,-0.40272822976112366,-0.13173019886016846,-0.024757329374551773,-0.43645179271698,0.11873333901166916,-0.0927373468875885,0.08598960191011429,0.4551948308944702,-0.10308147221803665,0.13013143837451935,-0.17531633377075195,-0.030785851180553436,-0.005176110193133354,-0.21648013591766357,-0.10636477917432785,0.1623777598142624,-0.10354967415332794,0.09138825535774231,0.26679691672325134,-0.12109611928462982,-0.28563034534454346,0.11647007614374161,-0.13801908493041992,-0.005514930933713913,-0.04642350226640701,0.2844352126121521,-0.05403454229235649,-0.04576670378446579,-0.23075391352176666,-0.12300693243741989,0.05306752398610115,0.2023719996213913,-0.22951985895633698,0.02349778637290001,0.04090036079287529,0.2722863554954529,0.24441853165626526,-0.3084169030189514,0.046076878905296326,0.31910568475723267,0.0062131332233548164,-0.13590563833713531,0.4319641590118408,0.12997418642044067,0.38003942370414734,-0.04828304797410965,0.08977851271629333,-0.11452757567167282,0.15622669458389282,-0.23131224513053894,-0.11743418872356415,-0.38076508045196533,0.18078115582466125,0.11806456744670868,0.07930787652730942,-0.06592892855405807,-0.017998574301600456
363,0.0684448629617691,0.08713512122631073,0.05105232074856758,-0.012975015677511692,0.3892785310745239,0.0907554104924202,0.63735431432724,-0.5215060710906982,0.00036434363573789597,0.09794390201568604,0.40506216883659363,-0.08984213322401047,-0.08924351632595062,0.003905944526195526,0.47827333211898804,-0.16716596484184265,-0.14882440865039825,-0.3415597677230835,0.39790207147598267,-0.04033827409148216,0.18474960327148438,-0.40431758761405945,0.21746227145195007,0.11678104102611542,-0.23533551394939423,0.14378365874290466,-0.28599652647972107,0.24882115423679352,-0.03759866952896118,0.13784588873386383,-0.25336065888404846,0.21405166387557983,-0.11533188074827194,-0.35593295097351074,-0.12166357785463333,-0.5490114092826843,-0.1469469964504242,0.026398921385407448,0.19164709746837616,-0.11184458434581757,0.4275914132595062,-0.20119453966617584,0.06377529352903366,-0.3606168031692505,-0.22769825160503387,0.240721195936203,-0.05333160609006882,-0.024506375193595886,-0.29403674602508545,-0.31529924273490906,0.13914504647254944,-0.059674233198165894,-0.003856780007481575,-0.32945218682289124,0.33035004138946533,0.48476701974868774,-0.12132720649242401,-0.336957722902298,-0.5670216083526611,0.324329674243927,-0.1929761916399002,0.1747787892818451,-0.17200671136379242,-0.182255819439888
364,-0.3846305310726166,-0.01758400723338127,-0.2826695442199707,-0.2069241851568222,0.24894443154335022,0.1393347829580307,0.06661836802959442,0.06290476024150848,0.43557485938072205,0.04367779567837715,-0.22444717586040497,0.22538821399211884,0.17095524072647095,0.06731927394866943,-0.189504012465477,-0.2874779999256134,-0.06243010610342026,0.13996611535549164,-0.11670348048210144,0.007223930675536394,-0.1399948000907898,0.11467599123716354,-0.21797840297222137,-0.06043344363570213,0.22574706375598907,-0.03229397535324097,0.15222451090812683,-0.023701906204223633,0.08341549336910248,-0.011913648806512356,-0.3192776143550873,-0.10438922792673111,-0.07595280557870865,-0.1991000920534134,0.3040207326412201,-0.124026358127594,0.2031693309545517,0.11795594543218613,-0.14755763113498688,-0.13438674807548523,-0.21599142253398895,0.12643583118915558,0.16500423848628998,-0.08330598473548889,0.152327761054039,0.10262559354305267,0.1867760419845581,0.09331560879945755,0.2927597165107727,0.09919632971286774,-0.06005202606320381,-0.0022216197103261948,-0.05494793504476547,0.3791787624359131,-0.15222187340259552,-0.018299980089068413,0.4114283323287964,0.1032177060842514,-0.2578408420085907,0.30377745628356934,0.32644420862197876,0.18450385332107544,0.0575912669301033,0.41234904527664185
365,0.21502064168453217,0.0987168699502945,-0.07291488349437714,0.3328875005245209,-0.2415972352027893,-0.01942349039018154,0.46106064319610596,-0.18764114379882812,0.03144007921218872,-0.20891474187374115,-0.13141490519046783,0.1206735298037529,0.1018264889717102,-0.06996505707502365,0.1043027862906456,0.020193753764033318,0.11209390312433243,-0.062029968947172165,0.21574774384498596,0.3051109313964844,-0.2217247039079666,-0.023637669160962105,-0.04190777987241745,-0.1821310967206955,-0.38687703013420105,-0.09391561150550842,0.24312414228916168,-0.30548977851867676,0.014140186831355095,-0.03825583681464195,0.28199446201324463,0.2557942569255829,0.06498562544584274,-0.04044751450419426,0.1945090889930725,-0.00993466004729271,0.4409644603729248,-0.05721958354115486,-0.17522995173931122,0.013155261054635048,0.07043297588825226,0.05839471146464348,0.27320557832717896,-0.10764643549919128,0.15340305864810944,0.37973061203956604,-0.07730837911367416,-0.0858159139752388,0.05103328078985214,-0.22828833758831024,-0.11608558148145676,0.3684210777282715,0.03189419209957123,0.42289915680885315,0.6920455098152161,-0.15407809615135193,0.38169413805007935,-0.4064306318759918,-0.3556404709815979,0.19724710285663605,-0.13785062730312347,0.045858800411224365,0.34428685903549194,0.22269685566425323
366,-0.2638077735900879,0.018825355917215347,-0.17986300587654114,-0.24141588807106018,0.2135833203792572,0.14149422943592072,0.2047014832496643,-0.013527076691389084,0.25962531566619873,-0.17421728372573853,-0.2206655591726303,0.13301393389701843,-0.030654331669211388,0.06136655807495117,0.04169633239507675,-0.3363857567310333,-0.010816562920808792,0.04131930693984032,-0.048117220401763916,-0.06206449866294861,-0.05899880826473236,0.02529922127723694,-0.18032127618789673,-0.04211418330669403,0.21435712277889252,-0.03030448779463768,0.22926999628543854,-0.012907519936561584,-0.04955388605594635,-0.06868959963321686,-0.2274254560470581,0.004107166081666946,-0.011629786342382431,-0.1391749083995819,0.29392632842063904,-0.1961974948644638,0.05481187254190445,0.07329074293375015,0.007100820541381836,-0.21079473197460175,-0.1354828029870987,0.03631463646888733,0.11987494677305222,-0.022857341915369034,0.026806510984897614,0.14200925827026367,0.13081249594688416,0.12873810529708862,0.1870126873254776,0.006005501374602318,-0.017237456515431404,0.10752297937870026,-0.011708198115229607,0.3391599655151367,-0.09220176190137863,0.1173320859670639,0.2899287939071655,0.00784040242433548,-0.3395201861858368,0.3028237223625183,0.2379864752292633,0.20174787938594818,-0.022027691826224327,0.3622748553752899
367,-0.17649652063846588,0.125038743019104,-0.014818519353866577,0.3554095923900604,0.1398097276687622,0.018066484481096268,0.33586958050727844,-0.05843105912208557,0.22540421783924103,-0.39689236879348755,-0.2871786057949066,-0.007505243178457022,0.09085777401924133,-0.023426594212651253,-0.10329268872737885,-0.14926870167255402,0.09056403487920761,-0.09278183430433273,0.03744351118803024,0.07556284219026566,-0.1350068747997284,0.24508114159107208,-0.017578108236193657,-0.08180417120456696,-0.3664800822734833,-0.08878030627965927,0.1938277631998062,-0.10763782262802124,0.13465002179145813,-0.06828134506940842,-0.07461391389369965,0.47736942768096924,-0.06536867469549179,-0.08671051263809204,0.27563923597335815,0.044694896787405014,0.5400477051734924,-0.012733586132526398,-0.17384104430675507,-0.020524559542536736,-0.09222909063100815,0.24468757212162018,0.048857226967811584,0.08977792412042618,-0.04205607250332832,0.24690687656402588,-0.027753585949540138,0.14665710926055908,0.192191481590271,-0.3133385181427002,-0.11463591456413269,0.2952996492385864,-0.10960573703050613,0.37565508484840393,0.41772544384002686,-0.1948779672384262,0.4578898847103119,-0.11377401649951935,-0.3517262637615204,0.5525115728378296,-0.006605600938200951,0.10015124827623367,0.4748508930206299,0.26551300287246704
368,-0.40990757942199707,-0.011272143572568893,-0.27706462144851685,-0.17864808440208435,0.2512360215187073,0.12836891412734985,0.09096413850784302,0.07256808876991272,0.4578585624694824,-0.016120359301567078,-0.27555617690086365,0.21796800196170807,0.1422463357448578,0.05757410079240799,-0.1824459284543991,-0.3135662078857422,-0.07292339950799942,0.14254780113697052,-0.1215592473745346,-0.026392338797450066,-0.1459205448627472,0.11829597502946854,-0.2277708500623703,-0.07486152648925781,0.20222826302051544,-0.013781356625258923,0.18036866188049316,-0.01579010859131813,0.06137554347515106,-0.0003844890743494034,-0.307148814201355,-0.08034119009971619,-0.06706085801124573,-0.22843685746192932,0.32772037386894226,-0.1491941213607788,0.2682678997516632,0.10123802721500397,-0.174627423286438,-0.16150255501270294,-0.22201909124851227,0.1286849081516266,0.1952930986881256,-0.0627584159374237,0.1542009711265564,0.10727749764919281,0.20658518373966217,0.07835124433040619,0.30426865816116333,0.08885268121957779,-0.06319476664066315,0.011844378896057606,-0.07576975971460342,0.4130626618862152,-0.13819286227226257,-0.025959022343158722,0.4225237965583801,0.08852288126945496,-0.2659185230731964,0.3243984580039978,0.32216793298721313,0.21701498329639435,0.05770618095993996,0.42796725034713745
369,-0.024530641734600067,-0.3712930679321289,0.23183460533618927,-0.2716419994831085,-0.28372639417648315,-0.020241929218173027,-0.21032214164733887,-0.309461385011673,-0.08178568631410599,0.030457571148872375,-0.38451412320137024,0.14333754777908325,-0.03184836357831955,0.19036957621574402,0.293701708316803,0.0198513176292181,0.07955941557884216,-0.144563227891922,0.004572197794914246,0.024957289919257164,-0.21277658641338348,-0.1428917646408081,0.12460261583328247,-0.09717543423175812,0.06648387014865875,0.19328856468200684,-0.04082638770341873,-0.28914350271224976,0.14546985924243927,-0.12062942981719971,0.03814225643873215,-0.12747597694396973,0.14364776015281677,-0.10968036949634552,-0.06539081037044525,-0.2046308070421219,-0.22161859273910522,0.0003183470107614994,0.1531945914030075,-0.16925148665905,0.07309342920780182,0.03923686966300011,0.16053511202335358,0.2115287482738495,-0.301408976316452,0.13038495182991028,0.23998866975307465,0.017300665378570557,-0.08518721908330917,0.4344698190689087,0.08837917447090149,0.370311975479126,0.05349138751626015,0.12835213541984558,-0.14296087622642517,0.15161201357841492,-0.24243660271167755,-0.09907993674278259,-0.3686199188232422,0.2692393660545349,0.08447346836328506,-0.047210004180669785,-0.028559032827615738,-0.018099317327141762
37,0.45213428139686584,0.07144631445407867,0.1315101683139801,0.0013062180951237679,-0.17949114739894867,0.08416639268398285,0.2205170840024948,0.2805652916431427,-0.2278674691915512,0.09936250746250153,0.2988162636756897,-0.13620418310165405,-0.08850342035293579,-0.23037558794021606,-0.05786368250846863,-0.27727195620536804,-0.1204664334654808,0.17692086100578308,0.19777242839336395,0.3923531770706177,0.11247886717319489,0.07780130952596664,0.15580345690250397,-0.08908173441886902,-0.01576937735080719,-0.26897212862968445,-0.06564586609601974,-0.14774155616760254,-0.20027191936969757,-0.5780792236328125,-0.026486635208129883,-0.055333301424980164,0.3615921139717102,0.35417309403419495,-0.1214730367064476,0.10207430273294449,-0.038888487964868546,-0.1381523311138153,-0.266666978597641,0.17472867667675018,0.0019417330622673035,-0.19380778074264526,0.3280988037586212,-0.12792499363422394,0.3034757077693939,0.25874489545822144,-0.2740200161933899,0.21829238533973694,-0.06574761122465134,-0.3718344271183014,0.062333494424819946,-0.19771966338157654,0.2126469761133194,-0.511894702911377,0.14526864886283875,-0.33119386434555054,0.21232596039772034,0.1790030151605606,0.27275192737579346,-0.38220661878585815,0.21475687623023987,-0.21600152552127838,-0.06577359139919281,-0.3997688889503479
370,0.13056322932243347,0.12629523873329163,0.052760981023311615,0.26206696033477783,-0.13456055521965027,0.0013545025140047073,0.03211478143930435,-0.025426242500543594,0.023219486698508263,-0.5275587439537048,-0.16877232491970062,-0.07436253875494003,-0.06815212965011597,-0.05302882939577103,0.061574459075927734,0.1128627359867096,0.14267294108867645,-0.007905134931206703,0.11017662286758423,0.08679616451263428,-0.11269140243530273,0.11666608601808548,0.009730172343552113,0.016421128064393997,-0.20832984149456024,-0.18700885772705078,0.15639053285121918,-0.23536176979541779,-0.03021763451397419,-0.02994057908654213,0.2557997405529022,0.24807405471801758,0.049886349588632584,0.010441534221172333,0.22242219746112823,0.08345472812652588,0.2570915222167969,0.1266980618238449,0.15364323556423187,0.03313961252570152,0.11028324067592621,0.13230691850185394,-0.013581798411905766,0.2685038447380066,-0.07481735199689865,0.3761918544769287,-0.11139967292547226,0.2085682898759842,0.12958477437496185,-0.22997349500656128,-0.13818511366844177,0.3681793510913849,0.04298296943306923,0.3530062139034271,0.5072123408317566,-0.0640721321105957,0.3596721291542053,-0.15568716824054718,-0.17856407165527344,0.391201913356781,-0.15099148452281952,-0.187185600399971,0.2851991653442383,0.1160975769162178
371,-0.01054912805557251,0.035680919885635376,0.2626718282699585,0.3286760449409485,-0.06157948076725006,-0.26836836338043213,-0.2798088490962982,0.23547890782356262,-0.1060645803809166,0.042817555367946625,-0.2584685683250427,-0.14643384516239166,0.5487596988677979,0.5508098006248474,-0.3223498463630676,0.17848987877368927,0.10001618415117264,-0.1691279411315918,-0.14867596328258514,-0.05277031287550926,-0.21923114359378815,-0.21817876398563385,-0.03711728751659393,0.11033503711223602,-0.03632647916674614,-0.33294951915740967,-0.20424510538578033,-0.0718943178653717,0.17138627171516418,0.48966872692108154,-0.20308642089366913,-0.21720477938652039,-0.2407674342393875,-0.13238805532455444,-0.5641187429428101,0.258867084980011,-0.051971808075904846,0.19049713015556335,0.11216823756694794,0.28221017122268677,-0.10884037613868713,-0.1585027575492859,-0.7581220865249634,0.10645079612731934,0.1377583146095276,-6.0986727476119995e-05,-0.5533613562583923,-0.1162203848361969,-0.30705708265304565,-0.040393516421318054,0.058291248977184296,-0.0969262570142746,-0.12423203140497208,0.4306778013706207,-0.1473115235567093,0.024769987910985947,-0.351426362991333,0.460194855928421,-0.058968961238861084,0.10866059362888336,-0.32175230979919434,-0.16893234848976135,0.17834624648094177,0.21420782804489136
372,0.09418840706348419,-0.010375890880823135,0.26663529872894287,-0.5310406684875488,-0.0753883644938469,0.09633225947618484,0.17209741473197937,0.10350120067596436,-0.33334219455718994,0.051615674048662186,-0.2095121443271637,0.18554314970970154,-0.1296433061361313,0.2841160297393799,0.19018714129924774,-0.2347620278596878,-0.034323349595069885,0.022140327841043472,-0.2260284274816513,-0.29860883951187134,-0.12481950223445892,-0.05787789821624756,-0.056814298033714294,-0.016595352441072464,0.5748216509819031,-0.001954864477738738,0.34148308634757996,-0.008882977068424225,-0.40580591559410095,0.17498378455638885,-0.024483375251293182,-0.17696762084960938,-0.22468404471874237,0.24621504545211792,-0.026477107778191566,0.27972906827926636,-0.432138055562973,0.06168777868151665,0.362848162651062,-0.4091939330101013,-0.16685888171195984,-0.2522124946117401,-0.19816645979881287,0.02177831158041954,-0.2801836431026459,0.22555014491081238,-0.27199676632881165,-0.11446043848991394,-0.06442119181156158,0.18141162395477295,-0.27279728651046753,-0.10216999053955078,0.20800960063934326,0.07432126998901367,-0.19969801604747772,0.046861160546541214,-0.3938773274421692,0.03764776512980461,-0.32131633162498474,-0.22800219058990479,0.15726062655448914,-0.023020267486572266,-0.28591403365135193,0.22292958199977875
373,0.10749368369579315,0.1267499327659607,0.31934261322021484,-0.1640177071094513,0.0036537505220621824,-0.09322242438793182,0.1566750705242157,0.015563372522592545,-0.19716182351112366,0.1711401492357254,-0.14164526760578156,0.06578107923269272,-0.018763281404972076,0.3381463885307312,0.11601689457893372,0.08912535756826401,-0.1060434952378273,-0.02135210856795311,-0.07806777954101562,-0.10196826606988907,-0.21108414232730865,-0.20088419318199158,0.10491327196359634,0.0211719311773777,0.09634114801883698,-0.1138007789850235,0.11187241971492767,-0.015585552901029587,-0.21017718315124512,0.07792645692825317,-0.06292781233787537,-0.2541976571083069,-0.21453873813152313,0.07619023323059082,-0.2602768540382385,0.09687145054340363,-0.15496741235256195,-0.032971691340208054,0.23124191164970398,-0.0623137466609478,-0.06256081908941269,-0.24455814063549042,-0.09512312710285187,-0.0061319321393966675,-0.2678830623626709,0.15153905749320984,-0.27511805295944214,-0.1162886917591095,-0.014968483708798885,0.11197563260793686,-0.27455416321754456,-0.18237608671188354,0.1386496126651764,-0.11099214851856232,0.05437944456934929,-0.07594569027423859,-0.346055269241333,0.003546249121427536,-0.21298563480377197,-0.037682656198740005,0.02009894885122776,-0.19511352479457855,-0.1283973902463913,0.03378886729478836
374,-0.08808537572622299,-0.29460060596466064,0.13189701735973358,-0.19923363626003265,-0.19258664548397064,-0.017873546108603477,0.10094447433948517,0.25964120030403137,-0.24516074359416962,-0.414408802986145,-0.26498425006866455,0.1647733896970749,-0.2031162977218628,0.1514168381690979,0.28791940212249756,0.08124081790447235,0.011889101937413216,-0.11768804490566254,0.12377257645130157,-0.015612006187438965,0.005185559391975403,0.016394907608628273,0.10662855952978134,0.013536002486944199,0.2918037176132202,-0.03332443907856941,0.18100707232952118,-0.00883033499121666,-0.25745946168899536,0.20987547934055328,0.06276873499155045,-0.32653579115867615,0.1788690984249115,-0.19439031183719635,0.05275341868400574,0.1613261103630066,-0.20939786732196808,0.3572973310947418,0.18461167812347412,-0.28082275390625,-0.17422907054424286,-0.0510685108602047,-0.06949494034051895,0.37521326541900635,-0.1879623979330063,0.0877428948879242,-0.07165244221687317,0.2079465091228485,0.1676313877105713,0.14404144883155823,-0.1453392207622528,-0.11627867817878723,-0.1464838683605194,0.2346903681755066,-0.18007779121398926,0.34708285331726074,-0.03289717063307762,-0.0569661483168602,0.06414232403039932,-0.17730824649333954,-0.22107267379760742,-0.11700122803449631,-0.22254790365695953,0.2558371424674988
375,-0.08364352583885193,0.08441749215126038,0.08345253765583038,-0.17435696721076965,0.15387390553951263,0.029417041689157486,-0.06609691679477692,0.030158506706357002,-0.137187659740448,-0.03351806476712227,-0.01658889465034008,-0.09285009652376175,-0.031925901770591736,0.21638163924217224,0.11417846381664276,-0.025355510413646698,0.0097959004342556,0.05466705188155174,-0.15820060670375824,-0.18290305137634277,0.00898873433470726,-0.16678495705127716,-0.1728207916021347,-0.10099773108959198,0.2915618121623993,-0.02338056080043316,0.08702561259269714,-0.03400259464979172,-0.26756158471107483,0.14877846837043762,0.0865057185292244,-0.16368865966796875,-0.27670249342918396,0.03617353364825249,0.024289075285196304,0.122205451130867,-0.3167126774787903,-0.03392065688967705,0.29333269596099854,-0.2008780688047409,0.05900505557656288,-0.14074330031871796,-0.2476312816143036,-0.041087616235017776,-0.01456853374838829,-0.0006237328052520752,-0.11484289914369583,-0.11204300820827484,-0.05238255485892296,0.1554507166147232,-0.14707863330841064,-0.08121292293071747,0.1737510710954666,0.10031154751777649,-0.07796306908130646,0.14382386207580566,-0.3019814193248749,-0.06643631309270859,-0.22359150648117065,-0.09049266576766968,-0.017150020226836205,0.03659537434577942,-0.24212953448295593,0.031048530712723732
376,0.35370001196861267,-0.07533758878707886,0.0938207358121872,-0.13382406532764435,-0.3313436806201935,0.07582191377878189,0.22731153666973114,0.28178703784942627,-0.24159730970859528,0.12196622788906097,-0.05244152992963791,0.05921625718474388,0.06579005718231201,0.033409085124731064,-0.007089726626873016,-0.3111326992511749,0.002245234325528145,0.08744492381811142,0.28011056780815125,0.39744246006011963,-0.13670864701271057,0.03883799910545349,0.2171393483877182,-0.09118249267339706,0.013353262096643448,-0.2529289126396179,0.05976606532931328,-0.17775489389896393,0.023074202239513397,-0.4940767288208008,-0.15117542445659637,-0.19178929924964905,0.31498172879219055,0.12681424617767334,-0.21388673782348633,0.09738080203533173,-0.3093331754207611,-0.02173612266778946,-0.2482077032327652,0.11189314723014832,-0.09700198471546173,-0.22972069680690765,0.1469496488571167,-0.08459919691085815,0.08988825976848602,0.30593347549438477,-0.4050876498222351,0.1387297809123993,-0.0066471947357058525,-0.3045880198478699,0.12770681083202362,0.023064270615577698,0.24049422144889832,-0.09928962588310242,-0.023978043347597122,-0.07180657237768173,0.032202403992414474,0.2393416315317154,-0.16315683722496033,-0.2005343735218048,0.29372531175613403,-0.29106563329696655,0.07785218209028244,0.02631331793963909
377,-0.45420771837234497,-0.030730094760656357,-0.3097683787345886,-0.19733025133609772,0.2860308587551117,0.1431073546409607,0.07264648377895355,0.0729515478014946,0.5011719465255737,0.025335386395454407,-0.26209568977355957,0.24746958911418915,0.17770686745643616,0.06458745896816254,-0.2247343808412552,-0.32287657260894775,-0.09361740201711655,0.1658410131931305,-0.13474024832248688,0.005609599407762289,-0.14806395769119263,0.1445503979921341,-0.23404769599437714,-0.07643234729766846,0.218830406665802,-0.039656009525060654,0.16839119791984558,-0.005230363458395004,0.09644481539726257,-0.004311312455683947,-0.35080111026763916,-0.10093624889850616,-0.08584155887365341,-0.24305051565170288,0.3394273817539215,-0.14096586406230927,0.26073622703552246,0.1224607452750206,-0.18252865970134735,-0.15730251371860504,-0.23247961699962616,0.1461300253868103,0.20391619205474854,-0.08706241846084595,0.16776080429553986,0.12603405117988586,0.21219761669635773,0.10542486608028412,0.3441527783870697,0.0944245383143425,-0.0706201121211052,-0.009384259581565857,-0.08551222831010818,0.4093489944934845,-0.1639397144317627,-0.03641756623983383,0.47370919585227966,0.10170049965381622,-0.28106945753097534,0.35871976613998413,0.3505118489265442,0.21865160763263702,0.07993831485509872,0.4442852735519409
378,-0.15388223528862,-0.056690867990255356,0.12941265106201172,-0.20803314447402954,0.16993901133537292,-0.09285653382539749,-0.09969238936901093,0.08169524371623993,-0.13815604150295258,-0.0265665166079998,-0.19991053640842438,-0.04257148504257202,0.05272848159074783,0.3679211735725403,0.2104358822107315,0.13143961131572723,-0.004933508113026619,0.06716149300336838,-0.2130364328622818,-0.18583142757415771,-0.09532290697097778,-0.2133844643831253,-0.1924068182706833,0.005698096007108688,0.23769055306911469,-0.03376685827970505,0.1626889854669571,-0.11141659319400787,-0.20597904920578003,0.15074799954891205,0.031054409220814705,-0.3876585066318512,-0.05808446183800697,-0.07770399749279022,-0.1432275027036667,0.16865842044353485,-0.34436118602752686,-0.029975026845932007,0.22349098324775696,-0.17552317678928375,-0.00817098468542099,-0.04976661503314972,-0.19860923290252686,0.01684279553592205,-0.003191053867340088,-0.12065435945987701,-0.11316775530576706,-0.13546672463417053,-0.055341895669698715,0.3039546310901642,-0.21709135174751282,-0.11369940638542175,0.21938461065292358,0.2415083795785904,-0.2058013379573822,0.19410410523414612,-0.29411613941192627,-0.002823140472173691,-0.12286273390054703,-0.094110406935215,-0.05087605118751526,0.020396040752530098,-0.21864481270313263,0.10863727331161499
379,-0.04856599122285843,-0.49745169281959534,-0.15991654992103577,0.15070046484470367,-0.37373337149620056,-0.04252282530069351,0.28059130907058716,-0.30306029319763184,0.2086838036775589,-0.003619076684117317,-0.22144952416419983,0.5310017466545105,0.29222023487091064,0.14858287572860718,-0.07031677663326263,0.08633866161108017,0.20869626104831696,-0.4206579327583313,0.44883161783218384,0.3490304946899414,-0.25885751843452454,-0.055525049567222595,0.1449705958366394,-0.10702352970838547,-0.32636818289756775,0.35341647267341614,-0.04366113245487213,-0.3908059000968933,0.5499835014343262,0.01735839433968067,-0.1572524458169937,0.456504225730896,0.21155785024166107,-0.6103430390357971,0.016033539548516273,-0.17938800156116486,0.15212155878543854,-0.03904999420046806,-0.6358233094215393,-0.03935294598340988,0.3027351200580597,0.4973783791065216,0.22957086563110352,-0.05071359500288963,-0.28274428844451904,0.18314601480960846,0.23430699110031128,0.140901118516922,-0.2830231785774231,0.026473449543118477,0.3846466541290283,0.6039538979530334,0.2577429413795471,0.6366389989852905,0.09550726413726807,0.4464704692363739,0.25154703855514526,-0.14028812944889069,-0.3674495220184326,0.5508072972297668,-0.21808551251888275,0.0009966481011360884,0.46047741174697876,0.2929965555667877
38,-0.5153815746307373,-0.24670813977718353,-0.2739153504371643,-0.005994101986289024,0.5149425864219666,0.007492193020880222,0.06241936609148979,0.031861089169979095,0.08997094631195068,0.18079650402069092,0.27804651856422424,-0.3319034278392792,-0.03878520056605339,-0.583568811416626,0.2994581460952759,0.18483243882656097,-0.017240623012185097,-0.09347832202911377,-0.13367095589637756,-0.349639892578125,0.27397072315216064,-0.015263566747307777,-0.20883837342262268,0.3919299244880676,-0.03883962705731392,0.6229284405708313,0.007378680631518364,0.029351014643907547,0.00978571642190218,-0.009487932547926903,-0.25934985280036926,-0.0015034601092338562,0.4544709324836731,-0.05184547230601311,0.15195240080356598,0.21479599177837372,0.16028104722499847,0.160089910030365,-0.4369516670703888,-0.0009712567552924156,0.130095973610878,0.3609285056591034,0.14936542510986328,-0.11330007016658783,0.045966390520334244,-0.28463903069496155,0.36286088824272156,-0.08144962787628174,-0.2275821417570114,-0.02807575836777687,-0.07101096957921982,-0.2775699198246002,0.04258890077471733,-0.13326944410800934,-0.37714648246765137,0.1779913604259491,0.037694528698921204,0.2427898794412613,0.4350142776966095,-0.24927116930484772,0.16364134848117828,0.2179524302482605,-0.35093435645103455,-0.17590388655662537
380,-0.18615083396434784,-0.19061997532844543,0.25431251525878906,-0.49068984389305115,0.19559171795845032,0.12662646174430847,0.05907440558075905,-0.09734933823347092,0.24115540087223053,0.22545549273490906,-0.34140852093696594,0.2528011202812195,0.20943081378936768,-0.04395865648984909,0.025966616347432137,-0.4876307547092438,-0.031464070081710815,-0.08112607896327972,-0.4344419836997986,-0.2997390925884247,-0.35255420207977295,0.20598340034484863,-0.21229012310504913,-0.031213657930493355,0.514281153678894,0.35851019620895386,0.17734727263450623,-0.01823342964053154,-0.032734520733356476,0.16028143465518951,-0.41368481516838074,-0.07845209538936615,0.003168228082358837,0.08934873342514038,0.3230624794960022,-0.0463692732155323,0.291922003030777,0.04710506647825241,-0.09709079563617706,-0.33567896485328674,-0.3311476409435272,0.21170955896377563,0.20061351358890533,-0.24712519347667694,0.16684921085834503,0.04956328868865967,0.33459389209747314,-0.2725571393966675,0.13823188841342926,0.4181000292301178,-0.08832350373268127,-0.061088692396879196,0.16135787963867188,0.2548157274723053,0.04668614640831947,-0.2930566072463989,0.08032132685184479,-0.011025138199329376,-0.31987571716308594,-0.18536755442619324,0.5579701662063599,0.29256513714790344,-0.11058902740478516,0.3675066828727722
381,0.06599606573581696,-0.19970308244228363,0.11417755484580994,-0.30318984389305115,-0.21413467824459076,-0.007182478904724121,0.12710046768188477,0.028843574225902557,-0.16369831562042236,0.1147567629814148,0.04072254151105881,0.31623634696006775,0.1098049134016037,0.4431799352169037,0.09531942754983902,0.023047426715493202,-0.1480044424533844,-0.1936693787574768,0.015570256859064102,0.24821791052818298,-0.19017881155014038,0.03339499980211258,0.038694776594638824,-0.02898586355149746,-0.0033262576907873154,-0.061290036886930466,0.11183829605579376,0.03656164929270744,0.1541132926940918,0.12862418591976166,0.14578214287757874,-0.14965537190437317,0.08331266790628433,-0.1664973497390747,-0.06310613453388214,0.021923094987869263,-0.4037593901157379,-0.05814485624432564,-0.08392223715782166,-0.2387770414352417,0.049653131514787674,0.20109765231609344,0.10929000377655029,-0.04713227227330208,-0.1981119066476822,0.09336461126804352,-0.15969574451446533,-0.0782511979341507,0.08958816528320312,0.14147426187992096,-0.050462231040000916,0.1589101105928421,0.22854702174663544,0.15103237330913544,-0.03864307329058647,0.10352294147014618,-0.021537277847528458,-0.08751024305820465,-0.1564076840877533,0.16428633034229279,-0.032158344984054565,0.034768812358379364,0.028777971863746643,0.13524137437343597
382,-0.00578312948346138,0.030215147882699966,0.5030324459075928,0.08607640117406845,0.027117900550365448,0.013213736936450005,-0.07530569285154343,-0.017619427293539047,-0.21497444808483124,-0.3120420575141907,-0.3703201413154602,0.022472575306892395,-0.04119827598333359,0.45055103302001953,0.12769421935081482,-0.1036834865808487,0.09937865287065506,-0.018241383135318756,-0.060974959284067154,0.03368383273482323,-0.145539328455925,-0.031205618754029274,0.1665443778038025,0.0017162896692752838,0.0849619209766388,-0.27419722080230713,0.012558408081531525,-0.010822957381606102,0.0806720033288002,-0.06709492206573486,-0.14783723652362823,-0.17433035373687744,-0.06825550645589828,0.09148594737052917,-0.38129734992980957,0.03563466668128967,-0.08987106382846832,-0.0070785838179290295,0.3280559778213501,-0.03945232182741165,-0.1628921777009964,-0.19762937724590302,-0.1403982788324356,0.06325514614582062,-0.11431612074375153,0.18306100368499756,-0.32472628355026245,0.055321477353572845,-0.11853959411382675,-0.132085919380188,0.08605925738811493,0.054638516157865524,0.03447198122739792,-0.004395030438899994,0.17674404382705688,-0.04108131304383278,-0.15339025855064392,0.17882917821407318,-0.18840034306049347,0.1463022530078888,0.09261584281921387,-0.13731570541858673,0.17870387434959412,0.06093423813581467
383,0.016398029401898384,0.20269666612148285,0.4236348271369934,-0.09304030239582062,0.36305472254753113,-0.2568688988685608,-0.03276883810758591,-0.34150776267051697,-0.01716415397822857,0.06388378888368607,-0.060090914368629456,0.4247119426727295,-0.02886378765106201,0.07215332239866257,-0.04123509302735329,-0.11791865527629852,-0.059096865355968475,0.003350827842950821,-0.18412548303604126,-0.001760887447744608,-0.34573811292648315,-0.2558819055557251,0.10568568110466003,0.07722429931163788,-0.04034224525094032,-0.011732440441846848,-0.2653506100177765,0.19907580316066742,0.2333526611328125,0.12744887173175812,-0.3207709491252899,0.14706751704216003,-0.1557377427816391,-0.05634311959147453,-0.40991541743278503,-0.040950704365968704,0.10802813619375229,0.13888268172740936,0.0692867785692215,0.16140566766262054,0.06895411014556885,0.049717869609594345,0.11878527700901031,-0.18390779197216034,-0.26399052143096924,0.0917074978351593,0.013557832688093185,0.2438698709011078,0.2263118326663971,-0.3464811146259308,0.05587959662079811,-0.13929912447929382,0.09429563581943512,-0.29288622736930847,0.316622257232666,0.06428378820419312,-0.027896221727132797,-0.11204512417316437,-0.0635431557893753,0.04593765735626221,-0.243246391415596,-0.15296873450279236,-0.001390501856803894,-0.0075867436826229095
384,-0.09701232612133026,0.002195071429014206,0.06458605080842972,-0.26624855399131775,0.2315349578857422,0.00482158362865448,-0.1017812043428421,-0.14268353581428528,0.17202313244342804,0.09078468382358551,-0.10538541525602341,0.008637023158371449,0.056130990386009216,0.02796035259962082,0.08494968712329865,-0.12839457392692566,-0.07377655059099197,-0.040088899433612823,-0.22500236332416534,-0.24651390314102173,-0.1348704993724823,-0.11985888332128525,-0.09556856751441956,0.13802669942378998,0.16013410687446594,-0.039395783096551895,0.13964873552322388,-0.029235586524009705,0.09112654626369476,0.08869772404432297,-0.14471930265426636,-0.03628292679786682,0.027385760098695755,0.050491802394390106,0.1494714915752411,-0.038444582372903824,-0.0648169219493866,-0.022963747382164,0.07465853542089462,-0.10251748561859131,0.07008381187915802,0.1671523153781891,0.057525232434272766,-0.1611141711473465,0.010089393705129623,0.0682227686047554,0.16570690274238586,-0.026405397802591324,0.11310053616762161,0.01655741222202778,-0.10813487321138382,0.16486486792564392,0.19042915105819702,0.1915367692708969,-0.03703201934695244,-0.0297841876745224,0.07663309574127197,-0.019804492592811584,-0.3775044083595276,0.23271925747394562,0.20608417689800262,0.04960303008556366,-0.12851010262966156,0.11654496937990189
385,-0.06624527275562286,0.011999893933534622,-0.05778767168521881,-0.039453547447919846,0.21486052870750427,-0.09499697387218475,0.08561776578426361,-0.04076174646615982,0.12251933664083481,0.2442784607410431,-0.03028244711458683,0.2035038322210312,0.156415194272995,-0.051562950015068054,-0.10979785025119781,-0.17889036238193512,-0.0868859514594078,-0.008232751861214638,0.001606496050953865,0.028204429894685745,-0.10614630579948425,-0.02691141702234745,0.05039680749177933,0.06007459759712219,-0.18811260163784027,-0.12975311279296875,-0.08360916376113892,-0.08476349711418152,0.19664990901947021,-0.11304809898138046,-0.28551962971687317,0.18545269966125488,0.08597654104232788,-0.06675562262535095,-0.028416311368346214,-0.021623028442263603,0.13110555708408356,0.008153530769050121,-0.24629627168178558,0.23731008172035217,-0.048977531492710114,0.018923845142126083,0.10991010069847107,-0.08717416226863861,-0.05028202384710312,-0.016339145600795746,0.02772313356399536,0.2473549246788025,0.1736946552991867,-0.27435562014579773,-0.046491093933582306,-0.04643237218260765,-0.06335273385047913,-0.02319161966443062,-0.0006996979936957359,-0.10151464492082596,0.23769089579582214,0.03130723163485527,-0.17173981666564941,0.22569872438907623,0.02942596562206745,-0.03743673861026764,0.1620737612247467,0.0069342199712991714
386,-0.2062375545501709,0.1190224140882492,-0.01379401609301567,0.3889187276363373,0.15107855200767517,0.03873930126428604,0.3248845934867859,-0.07636988908052444,0.23562578856945038,-0.46798965334892273,-0.29815757274627686,-0.018071580678224564,0.08631405234336853,-0.009610706940293312,-0.08692267537117004,-0.14133697748184204,0.11554186791181564,-0.1091078519821167,0.054193165153265,0.07179683446884155,-0.11623868346214294,0.28509509563446045,-0.0059221405535936356,-0.07565509527921677,-0.37175485491752625,-0.0704282820224762,0.18900400400161743,-0.08225059509277344,0.16130194067955017,-0.03423828259110451,-0.06697767972946167,0.49988001585006714,-0.09145034849643707,-0.12497186660766602,0.2937103807926178,0.03580188378691673,0.5506106019020081,0.024899624288082123,-0.1336272805929184,-0.05189969018101692,-0.07749028503894806,0.268620103597641,0.01790151745080948,0.11793553829193115,-0.06079588830471039,0.27365365624427795,-0.02941286191344261,0.16054372489452362,0.19046196341514587,-0.3168182075023651,-0.09462194889783859,0.31989410519599915,-0.1299619972705841,0.3934153616428375,0.4520205855369568,-0.16016143560409546,0.4827907681465149,-0.12541800737380981,-0.3604544997215271,0.5999679565429688,-0.024377672001719475,0.0935126468539238,0.5084894299507141,0.28443312644958496
387,-0.0013084188103675842,0.16479268670082092,0.24223457276821136,0.29727497696876526,-0.011654605157673359,-0.23828616738319397,-0.2588270306587219,0.19117096066474915,-0.1255079060792923,0.019004851579666138,-0.13843239843845367,-0.038216445595026016,0.3249143064022064,0.4699966311454773,-0.23906253278255463,0.11408877372741699,-0.041009530425071716,-0.16592521965503693,-0.1385975033044815,-0.09430379420518875,-0.1074223518371582,-0.15056152641773224,-0.04011697322130203,0.002578204497694969,-0.10624371469020844,-0.21434780955314636,-0.16048775613307953,0.06712571531534195,0.08515762537717819,0.4390687048435211,-0.07100517302751541,-0.1040692999958992,-0.33296993374824524,-0.15309607982635498,-0.38231974840164185,0.08731205761432648,-0.020870432257652283,0.01180298998951912,0.02365393377840519,0.20076626539230347,-0.030969124287366867,-0.17909583449363708,-0.5439692735671997,0.06762871146202087,0.03741269186139107,-0.002391502261161804,-0.3939135670661926,-0.11437594890594482,-0.18588319420814514,-0.03950941562652588,0.030971398577094078,-0.10270918905735016,-0.0787479504942894,0.18906861543655396,-0.001560022123157978,-0.05670299008488655,-0.36624783277511597,0.20147815346717834,-0.012855970300734043,0.12397658824920654,-0.2349545806646347,-0.07934470474720001,0.1446944773197174,0.009996870532631874
388,0.007289400324225426,0.0884128287434578,0.06565805524587631,-0.2202155888080597,0.14153672754764557,-0.033437371253967285,-0.1596183180809021,-0.08857890963554382,0.004512134939432144,0.04442176595330238,-0.0059023890644311905,-0.05904305726289749,-0.13263797760009766,0.16548305749893188,0.10711901634931564,0.023622678592801094,-0.12859009206295013,0.00490355771034956,-0.2503148019313812,-0.33197757601737976,-0.03739868104457855,-0.1459634155035019,-0.10268639773130417,0.15523771941661835,0.28582853078842163,-0.11456475406885147,0.28339099884033203,-0.022921554744243622,-0.1058364287018776,0.12427692115306854,0.015203520655632019,-0.10423695296049118,-0.2137792855501175,0.16778355836868286,0.03699031472206116,0.12556293606758118,-0.3425390124320984,-0.09533347189426422,0.3149317800998688,-0.15934160351753235,0.1236724853515625,-0.056659016758203506,-0.220181405544281,-0.09611143171787262,-0.18428127467632294,0.19056841731071472,-0.1575585901737213,-0.034397512674331665,-0.07607990503311157,0.015083765611052513,-0.21074077486991882,0.07769861817359924,0.31559550762176514,0.1312747597694397,-0.10439944267272949,-0.055810268968343735,-0.19623516499996185,-0.04909805208444595,-0.3846992552280426,0.18828266859054565,0.0871199369430542,-0.09312304854393005,-0.07798150926828384,-0.007592799142003059
389,0.4007242023944855,0.16657519340515137,0.30625033378601074,-0.2782028019428253,-0.03337356075644493,-0.18919384479522705,-0.06127868592739105,0.1723579466342926,-0.12892761826515198,0.6002532839775085,-0.1369664967060089,0.5912726521492004,0.21516382694244385,0.15469692647457123,-0.06361133605241776,-0.13893947005271912,-0.4837697744369507,0.3034419119358063,-0.13509464263916016,0.1086469516158104,-0.19607822597026825,0.039941757917404175,-0.026977451518177986,-0.10797026753425598,-0.3121495842933655,-0.31126949191093445,-0.05627608671784401,-0.07148325443267822,-0.17392249405384064,-0.12529845535755157,-0.0899258553981781,0.01971288025379181,0.14997439086437225,-0.07850167155265808,-0.1819397211074829,-0.1302643120288849,-0.11471032351255417,-0.39353153109550476,-0.45842158794403076,0.3225257694721222,0.16678260266780853,-0.1038544774055481,0.46931684017181396,-0.15270750224590302,-0.07955333590507507,0.19335095584392548,-0.03044099546968937,0.048371873795986176,0.20910173654556274,-0.034863345324993134,-0.25767242908477783,-0.051085200160741806,0.36838746070861816,-0.2563689053058624,0.18653294444084167,-0.36740922927856445,-0.02203867770731449,-0.20177988708019257,-0.03530559688806534,0.06243415176868439,0.3909450173377991,0.015139461494982243,0.12064659595489502,-0.38150331377983093
39,-0.21209166944026947,0.05919220298528671,-0.43095946311950684,0.13128399848937988,0.3034522831439972,0.39093855023384094,-0.23371522128582,0.2259557843208313,0.310212105512619,-0.37939172983169556,-0.11663619428873062,-0.14100205898284912,-0.4506075382232666,-0.3559917211532593,-0.004049867391586304,-0.28147709369659424,-0.2073812186717987,0.5816243886947632,-0.18232665956020355,-0.16464456915855408,0.15319201350212097,0.20819397270679474,0.2110457867383957,-0.06287485361099243,0.3970990777015686,-0.1513749659061432,-0.13566164672374725,0.26052725315093994,-0.31863564252853394,-0.13865678012371063,-0.2609860897064209,0.07655560970306396,-0.10502669960260391,0.10191012918949127,0.31184741854667664,-0.15546703338623047,0.38198399543762207,-0.10651533305644989,0.08015801757574081,-0.22807002067565918,0.10699336230754852,-0.29132622480392456,0.21256962418556213,0.44631144404411316,0.14460356533527374,0.49569812417030334,0.08664197474718094,0.3782481551170349,-0.18078655004501343,0.3653320074081421,-0.2834196090698242,-0.005715374369174242,-0.3646235466003418,-0.04087595269083977,-0.5717700123786926,-0.095998615026474,-0.027861956506967545,0.125153049826622,0.16992036998271942,0.2614421248435974,0.3230462372303009,0.35310879349708557,0.16286668181419373,0.03310830518603325
390,-0.23873916268348694,-0.48410943150520325,0.08261898159980774,-0.057119451463222504,-0.12516167759895325,-0.23050794005393982,-0.10143780708312988,0.18565326929092407,-0.13484813272953033,-0.5643407702445984,-0.274239182472229,0.12186975032091141,-0.3019542098045349,0.13129723072052002,0.36609548330307007,0.3134467601776123,-0.06639563292264938,-0.20045112073421478,0.18130804598331451,-0.27553313970565796,0.028655894100666046,-0.07513721287250519,0.07839034497737885,0.11975270509719849,0.0702984482049942,0.2192736566066742,0.1935497671365738,-0.16064968705177307,-0.17364244163036346,0.3318091928958893,0.2672247886657715,-0.33448272943496704,0.2844892740249634,-0.4877470135688782,0.05651771277189255,0.17433421313762665,-0.10028388351202011,0.3450399339199066,0.09196975827217102,-0.3013574182987213,-0.050833843648433685,0.106727734208107,-0.017193354666233063,0.4664932191371918,-0.3306756019592285,-0.08285489678382874,0.06589239090681076,0.22345376014709473,0.22651903331279755,0.12464620918035507,-0.21063625812530518,-0.15698347985744476,-0.07005709409713745,0.3176878094673157,-0.10579860955476761,0.446479856967926,0.04777833819389343,-0.24829193949699402,0.0715252235531807,-0.006524708122014999,-0.5761724710464478,-0.23452216386795044,-0.19659796357154846,0.02091270312666893
391,0.20112361013889313,-0.11225350201129913,0.32978397607803345,-0.0907948911190033,-0.2108783721923828,0.07304991036653519,0.21142061054706573,0.2572903037071228,-0.3427199721336365,-0.08678437769412994,-0.17612504959106445,-0.003651505336165428,0.02667151391506195,0.1921275407075882,0.17795197665691376,-0.13697722554206848,0.015154967084527016,-0.0627921000123024,0.15554076433181763,0.2676326334476471,-0.08825990557670593,0.12257494777441025,0.2277403026819229,-0.007409332320094109,-0.047739189118146896,-0.318053275346756,0.05715465918183327,-0.07185207307338715,-0.07503935694694519,-0.23320536315441132,-0.10011550784111023,-0.15786170959472656,0.2857859432697296,0.10536298155784607,-0.18812572956085205,0.14628688991069794,-0.22088105976581573,0.10826283693313599,0.025178885087370872,0.0377306304872036,-0.17799991369247437,-0.17704881727695465,0.019626004621386528,0.1555321216583252,-0.09453456103801727,0.19500017166137695,-0.4025595486164093,0.1342555433511734,0.03653186187148094,-0.1830933690071106,-0.02411995641887188,0.0006205905810929835,0.006140789017081261,-0.061470601707696915,0.03716902807354927,-0.05073770880699158,0.002417471259832382,0.18341676890850067,-0.09151412546634674,-0.07261190563440323,0.16254159808158875,-0.2076210081577301,0.0711275264620781,0.061856552958488464
392,-0.13252806663513184,-0.14183160662651062,0.2119792252779007,-0.40275466442108154,0.16138790547847748,0.10679784417152405,0.04158244654536247,-0.08143328875303268,0.1898890882730484,0.1850491762161255,-0.25843706727027893,0.21031248569488525,0.1591772437095642,-0.024406934157013893,0.03036445751786232,-0.38192018866539,-0.02925630286335945,-0.06949292123317719,-0.3448554277420044,-0.23175731301307678,-0.29145610332489014,0.15349584817886353,-0.1597704440355301,-0.022915370762348175,0.41328710317611694,0.2734958529472351,0.13509726524353027,-0.006693519651889801,-0.014677269384264946,0.12984924018383026,-0.3257564306259155,-0.07434790581464767,0.000266500748693943,0.07815292477607727,0.25256970524787903,-0.03672889992594719,0.21591340005397797,0.04174632951617241,-0.07015474885702133,-0.26607978343963623,-0.2632506191730499,0.1779385507106781,0.16416776180267334,-0.19922004640102386,0.11874791979789734,0.036143094301223755,0.264363169670105,-0.20734933018684387,0.11880373954772949,0.3218337595462799,-0.07373493909835815,-0.04057513549923897,0.1462830752134323,0.2077687829732895,0.03993484005331993,-0.22582346200942993,0.06053073704242706,-0.01561131700873375,-0.2686886191368103,-0.1465328484773636,0.44291743636131287,0.22685232758522034,-0.09116336703300476,0.29740360379219055
393,-0.10212534666061401,-0.03750896826386452,0.011678507551550865,-0.3812260925769806,0.2588236927986145,-0.024185223504900932,-0.17711488902568817,-0.22615450620651245,0.2604498267173767,0.21640974283218384,-0.12282071262598038,0.15302152931690216,0.06888259947299957,-0.037221625447273254,0.057549186050891876,-0.13557709753513336,-0.14910192787647247,-0.05869312211871147,-0.3242991268634796,-0.3832751214504242,-0.1379343420267105,-0.14684419333934784,-0.16163861751556396,0.24499623477458954,0.2258443385362625,-0.002482833107933402,0.19966371357440948,-0.029029235243797302,0.11818975955247879,0.19232778251171112,-0.21924063563346863,0.010072357952594757,0.039449576288461685,0.08545182645320892,0.20218145847320557,-0.04521147161722183,-0.014368393458425999,0.0213360246270895,0.05450502038002014,-0.08805933594703674,0.044240374118089676,0.20929403603076935,0.11785444617271423,-0.20716054737567902,-0.025210214778780937,0.14365820586681366,0.2783547639846802,0.00767257995903492,0.14859044551849365,0.033424071967601776,-0.15466177463531494,0.18109211325645447,0.1628175526857376,0.21300172805786133,-0.10059463977813721,-0.07391848415136337,0.15627825260162354,-0.056865572929382324,-0.40494564175605774,0.31368350982666016,0.22403770685195923,0.0743892639875412,-0.1349443644285202,0.09694498032331467
394,0.10356813669204712,-0.33239418268203735,-0.03538132831454277,0.018986131995916367,-0.5354706645011902,-0.08699904382228851,-0.09302839636802673,-0.13692805171012878,-0.0866556242108345,-0.11518263816833496,-0.2066664844751358,0.23542526364326477,0.037141188979148865,0.46885234117507935,0.11721262335777283,0.15678298473358154,0.03946235775947571,-0.29061660170555115,0.26002269983291626,0.294765830039978,-0.16329829394817352,-0.043835192918777466,0.2485211193561554,-0.12286277115345001,-0.07712426781654358,0.05945224314928055,0.010859832167625427,-0.25815051794052124,0.31015950441360474,-0.015962323173880577,0.1683598756790161,-0.10668480396270752,0.02780134603381157,-0.3575878143310547,-0.13611090183258057,-0.2243715077638626,-0.2623935341835022,-0.04989900439977646,-0.01883856952190399,-0.16047413647174835,0.14861993491649628,0.020624283701181412,-0.047937024384737015,0.3189142346382141,-0.288335382938385,0.22304469347000122,-0.09585652500391006,0.14688187837600708,-0.22928711771965027,0.4036291539669037,0.1527097523212433,0.4017234742641449,0.05103899538516998,0.2906496524810791,-0.12247317284345627,0.1725493222475052,-0.13940967619419098,-0.10876897722482681,-0.22573313117027283,0.46633100509643555,-0.22558115422725677,-0.18169383704662323,0.32191532850265503,0.0631452426314354
395,-0.04666617512702942,0.1721915304660797,-0.03771263360977173,-0.27016279101371765,0.16914936900138855,-0.05571216344833374,-0.26998692750930786,-0.07989063113927841,0.05108856409788132,0.009522952139377594,-0.09746546298265457,-0.049843546003103256,-0.12368796765804291,0.2748814523220062,0.014450641348958015,0.03504834324121475,-0.10478559881448746,0.13852161169052124,-0.3062189221382141,-0.4815470576286316,-0.0867171436548233,-0.3208993375301361,-0.1923425942659378,0.13907185196876526,0.34816330671310425,-0.13419458270072937,0.37172365188598633,-0.14793731272220612,-0.11702853441238403,0.05776051804423332,0.07125459611415863,-0.21210536360740662,-0.33311736583709717,0.1928735375404358,0.009280986152589321,0.06965869665145874,-0.4045984148979187,-0.25063416361808777,0.371909499168396,-0.16049279272556305,0.16185089945793152,-0.1400711089372635,-0.26436418294906616,-0.16368140280246735,-0.1531471163034439,0.2764630615711212,-0.08976763486862183,-0.09780506044626236,-0.0807894691824913,0.096925288438797,-0.2713555097579956,0.1461024135351181,0.45319533348083496,0.23521867394447327,-0.14020904898643494,-0.0128270722925663,-0.2861461639404297,0.012577949091792107,-0.5000442266464233,0.3244476914405823,0.1612045019865036,-0.06839524954557419,-0.13251101970672607,0.02806377038359642
396,0.2584613859653473,0.17211024463176727,0.16837166249752045,0.4435003697872162,-0.20308849215507507,0.031950101256370544,0.20315833389759064,0.30193841457366943,-0.22401989996433258,-0.3241526782512665,0.012353271245956421,-0.20353005826473236,0.24428990483283997,0.022808190435171127,-0.018631212413311005,0.3656444251537323,0.16598142683506012,-0.022926542907953262,0.26384449005126953,0.5704836845397949,0.025303184986114502,-0.004725659266114235,-0.210540771484375,-0.3035329580307007,-0.42463448643684387,-0.47127312421798706,-0.11665970087051392,-0.17776544392108917,-0.44585105776786804,0.06632037460803986,0.2399137169122696,0.19584479928016663,0.05553780123591423,-0.12029623985290527,0.11029282212257385,0.18863792717456818,0.06801252067089081,0.11682737618684769,-0.07513637840747833,0.3317483067512512,0.22409100830554962,0.02670004591345787,-0.1340349316596985,0.17645464837551117,0.20748817920684814,0.2316644787788391,-0.33577752113342285,0.035607412457466125,0.02402782067656517,-0.19071100652217865,-0.03235821798443794,0.20283757150173187,0.04387679696083069,0.39968767762184143,0.4823448657989502,0.21136510372161865,0.11665911972522736,-0.19163662195205688,0.0761953592300415,-0.056041497737169266,-0.2480940967798233,-0.03805304691195488,0.08712500333786011,0.04649394005537033
397,0.08567821979522705,-0.12353913486003876,0.199307382106781,-0.369798868894577,-0.20755958557128906,0.0947764664888382,0.24633635580539703,0.22666636109352112,-0.37138354778289795,-0.3777889311313629,-0.27702006697654724,0.24239693582057953,-0.26795029640197754,0.2664640545845032,0.34642088413238525,-0.1090090274810791,0.013123717159032822,-0.08566603064537048,0.053036581724882126,-0.11657685041427612,-0.01877395622432232,0.0015842905268073082,0.06179332733154297,-0.04629881680011749,0.46712708473205566,-0.06240680813789368,0.3835407495498657,0.01826944388449192,-0.4306297302246094,0.18143218755722046,0.054580092430114746,-0.28160256147384644,-0.015520783141255379,0.0034210961312055588,0.07678604871034622,0.15725798904895782,-0.312547504901886,0.23851191997528076,0.31880709528923035,-0.41710948944091797,-0.20058368146419525,-0.25418514013290405,-0.08372277021408081,0.24496899545192719,-0.23025590181350708,0.30314576625823975,-0.21630482375621796,0.11505039781332016,0.09659488499164581,0.17302058637142181,-0.21271668374538422,-0.08831186592578888,0.024043627083301544,0.14915625751018524,-0.06374210864305496,0.2530563771724701,-0.14337295293807983,-0.12653568387031555,-0.11956696957349777,-0.2217566817998886,-0.04584936797618866,-0.12481175363063812,-0.24507316946983337,0.28987589478492737
398,-0.019140489399433136,-0.15803037583827972,0.01959153078496456,-0.275205135345459,0.06120157614350319,0.04002338647842407,-0.026837170124053955,-0.17531663179397583,0.06874898821115494,0.22433152794837952,0.09587936848402023,0.13931657373905182,0.1545567512512207,0.11431602388620377,0.11145775020122528,0.11699393391609192,-0.015436733141541481,-0.1396428942680359,0.033663202077150345,0.19151687622070312,-0.07691000401973724,-0.06274683028459549,-0.07256657630205154,0.0785188376903534,-0.0337044931948185,0.06594834476709366,0.028470013290643692,0.010072801262140274,0.2793141305446625,-0.010463254526257515,-0.08106260746717453,-0.09928964823484421,0.15722312033176422,-0.11887437105178833,-0.01201457716524601,0.04629874974489212,-0.34487301111221313,0.11330186575651169,-0.10098192095756531,-0.06571076065301895,0.11042238771915436,0.4052330553531647,0.17107784748077393,-0.19871467351913452,-0.10195374488830566,0.0035714171826839447,0.11266043037176132,0.028575129806995392,0.13972674310207367,-0.021424924954771996,0.09156303852796555,0.20106905698776245,0.30253881216049194,0.08254177868366241,-0.0723026692867279,0.2592795491218567,0.15423977375030518,-0.07642150670289993,-0.20670026540756226,0.14980024099349976,0.047049324959516525,-0.07620996981859207,-0.07164932787418365,0.031195590272545815
399,-0.4040689766407013,-0.022667627781629562,-0.28252118825912476,-0.18941263854503632,0.26068314909935,0.1350661814212799,0.04982272908091545,0.06872980296611786,0.4493334889411926,0.04461533576250076,-0.22985567152500153,0.2247953712940216,0.16954919695854187,0.06698518246412277,-0.2037755697965622,-0.2869856059551239,-0.08149334788322449,0.15270374715328217,-0.12131969630718231,0.012219104915857315,-0.13926449418067932,0.12175781279802322,-0.20646363496780396,-0.06834922730922699,0.2041020542383194,-0.04636669158935547,0.13941684365272522,-0.00844474509358406,0.09744913876056671,-0.0066249677911400795,-0.31733575463294983,-0.0999968945980072,-0.07932290434837341,-0.2120501697063446,0.30291011929512024,-0.11896141618490219,0.21641023457050323,0.11050740629434586,-0.16233433783054352,-0.1341356337070465,-0.21068121492862701,0.1356641799211502,0.18157681822776794,-0.07914596796035767,0.1527167409658432,0.099741131067276,0.19053980708122253,0.09897846728563309,0.3146103024482727,0.08772096782922745,-0.06692709028720856,-0.003909693565219641,-0.07303354144096375,0.3696363866329193,-0.1627124696969986,-0.027836807072162628,0.41932323575019836,0.09877753257751465,-0.2597230076789856,0.32330095767974854,0.3202313482761383,0.1886739730834961,0.0670321136713028,0.3995223343372345
4,-0.04129883646965027,-0.18875719606876373,0.38778799772262573,0.49869152903556824,0.40203964710235596,-0.16213367879390717,-0.09057581424713135,-0.4209690988063812,-0.1525711864233017,-1.157535433769226,-0.26578694581985474,0.7642120122909546,-0.6391756534576416,-0.14766038954257965,-0.04950711131095886,0.2940138280391693,0.2329876869916916,0.1781361997127533,0.18110434710979462,-0.8282759785652161,-0.18636702001094818,-0.43328535556793213,0.6644325852394104,-0.03441686928272247,-0.38070306181907654,0.6457390189170837,-0.016398126259446144,0.2594652473926544,0.4189915359020233,0.03248034417629242,0.07090616226196289,0.024810418486595154,-0.407010018825531,-0.023303233087062836,-0.5553422570228577,-0.2750856876373291,0.8807002305984497,-0.4020310342311859,0.04094213247299194,-0.05332445353269577,0.08552707731723785,-0.13075847923755646,0.42725011706352234,-0.5010659098625183,-0.4203052818775177,1.091729998588562,0.8768652677536011,0.1165761798620224,0.3608667552471161,-0.223073810338974,-0.0640435665845871,-0.18066483736038208,0.3915208876132965,-0.6203010082244873,1.202675223350525,0.5320873260498047,-0.15527968108654022,-0.7096682786941528,0.15292838215827942,-0.15219983458518982,-0.46683764457702637,-0.009160978719592094,0.21760092675685883,-0.10311523079872131
40,-0.0008315257728099823,-0.03341666981577873,0.42032843828201294,0.2792201042175293,0.11702292412519455,0.3249223232269287,-0.16050322353839874,-0.19774070382118225,-0.28143197298049927,-0.2842060327529907,-0.058829501271247864,-0.10103169828653336,-0.15158654749393463,0.2953007221221924,0.21306028962135315,-0.18335267901420593,0.12719371914863586,0.14760693907737732,-0.04592189937829971,0.2735895812511444,-0.001100141555070877,0.06722050905227661,0.49052220582962036,0.026189565658569336,0.1187685877084732,-0.4371892511844635,-0.2950645387172699,0.11522305011749268,0.29792359471321106,-0.1999041587114334,-0.18322023749351501,-0.11407191306352615,-0.05173927918076515,0.3614557981491089,-0.5105797648429871,0.04683154821395874,0.049393992871046066,0.061267491430044174,0.509023904800415,-0.05563240870833397,-0.0020430274307727814,-0.38482627272605896,0.03807069733738899,0.06688831001520157,-0.016730645671486855,0.40730446577072144,-0.44317448139190674,0.21827450394630432,-0.41707518696784973,-0.1992557942867279,0.14853140711784363,0.0629972517490387,-0.22506290674209595,-0.42813029885292053,0.1612628996372223,-0.20099352300167084,-0.03652223199605942,0.325469046831131,-0.021058473736047745,0.20353125035762787,0.18216164410114288,-0.09780942648649216,0.3476647734642029,-0.09865482151508331
400,-0.17131167650222778,-0.16821520030498505,0.23164746165275574,-0.4458135962486267,0.1825259029865265,0.11617928743362427,0.04762779548764229,-0.08574214577674866,0.22374387085437775,0.2080017477273941,-0.3109695613384247,0.23057284951210022,0.19002842903137207,-0.03587234020233154,0.023939721286296844,-0.44632917642593384,-0.030115291476249695,-0.07504605501890182,-0.39759179949760437,-0.269545316696167,-0.3283882141113281,0.186469167470932,-0.1901693195104599,-0.029905177652835846,0.4681064188480377,0.3206733167171478,0.15768252313137054,-0.014234337955713272,-0.022282278165221214,0.1450141817331314,-0.37770870327949524,-0.07526375353336334,0.0024074623361229897,0.08111004531383514,0.2966909408569336,-0.04476756229996681,0.26927560567855835,0.04103017970919609,-0.0919571965932846,-0.3022308349609375,-0.305519163608551,0.194011390209198,0.1860242635011673,-0.2234911173582077,0.15375016629695892,0.038291409611701965,0.3041702210903168,-0.24590232968330383,0.13248799741268158,0.3785187304019928,-0.08093281835317612,-0.05395212396979332,0.14535193145275116,0.23628616333007812,0.04163682460784912,-0.2719235420227051,0.07367198169231415,-0.009112659841775894,-0.29411181807518005,-0.16635292768478394,0.511264979839325,0.2644018828868866,-0.09806171804666519,0.3383597731590271
401,-0.009140558540821075,-0.0629759281873703,0.2164439707994461,0.24383655190467834,-0.06376361101865768,-0.2079750895500183,-0.11062881350517273,-0.01717201992869377,-0.03596092015504837,-0.15298134088516235,-0.3446488082408905,-0.01754550263285637,0.28498145937919617,0.39791977405548096,-0.17714545130729675,-0.05465000867843628,0.17815841734409332,0.014321447350084782,-0.04933416098356247,0.008260734379291534,-0.3162972927093506,-0.18625272810459137,0.13294553756713867,0.06070336699485779,0.09129522740840912,-0.19146236777305603,-0.10267935693264008,-0.2623645067214966,0.2906789183616638,0.0853094533085823,-0.15984763205051422,-0.20516136288642883,-0.10535971075296402,-0.04772071912884712,-0.5249050259590149,0.17161987721920013,0.020855002105236053,0.0800006091594696,0.1814514547586441,0.0762653648853302,-0.11150175333023071,-0.13411164283752441,-0.42647695541381836,0.027465999126434326,0.10961213707923889,0.1133982390165329,-0.3859291672706604,0.03044550120830536,-0.27907055616378784,-0.10821861028671265,0.07556512951850891,-0.0034502148628234863,0.013424515724182129,0.3470219075679779,0.027519822120666504,-0.023863105103373528,-0.1437022089958191,0.34262028336524963,-0.23340925574302673,0.12960059940814972,-0.23137150704860687,-0.17783212661743164,0.27970731258392334,0.25257691740989685
402,0.12506727874279022,0.05380869284272194,0.06383581459522247,-0.03600811958312988,-0.0854334682226181,0.10866613686084747,0.2906242609024048,0.12272576987743378,0.1355547308921814,-0.36861881613731384,-0.21890000998973846,0.12135320156812668,-0.20537248253822327,-0.1032831221818924,0.03433949500322342,-0.03369147330522537,0.05161723494529724,-0.03701987862586975,0.019584868103265762,-0.06717076152563095,-0.06860490143299103,0.03520061820745468,-0.22116392850875854,-0.11912581324577332,0.18333862721920013,0.05001833289861679,0.40885525941848755,0.010498736053705215,-0.3716871738433838,0.05825822055339813,-0.0445537343621254,0.05231966823339462,0.02094682678580284,0.029420681297779083,0.2896569073200226,0.02747606486082077,0.2877216637134552,0.08333569020032883,-0.1091209203004837,-0.1749046891927719,-0.17680659890174866,0.10167647898197174,0.18001508712768555,-0.011480264365673065,0.016327571123838425,0.2715074121952057,0.07373780757188797,-0.0069856904447078705,0.11006655544042587,-0.03672182559967041,-0.013308807276189327,0.09483982622623444,0.21813347935676575,0.40975221991539,0.18776071071624756,0.09170056879520416,0.21137849986553192,-0.2075934112071991,-0.06574077159166336,-0.19323553144931793,0.05464232712984085,0.0475865975022316,-0.06330379843711853,0.3082906901836395
403,-0.04329337179660797,-0.07205559313297272,0.06639224290847778,-0.28964072465896606,0.22992964088916779,-0.05650363862514496,-0.07234472036361694,-0.2968400716781616,0.21969445049762726,0.23792575299739838,-0.037336647510528564,0.18443085253238678,0.11327241361141205,0.014656107872724533,0.04291731119155884,-0.08034662157297134,-0.053908564150333405,-0.09435345232486725,-0.18897561728954315,-0.12352439761161804,-0.2234862893819809,-0.20999661087989807,-0.10596064478158951,0.1902584284543991,0.17146289348602295,0.02304775081574917,0.0364258848130703,-0.05903388559818268,0.2095424085855484,0.10973157733678818,-0.2801506817340851,-0.028306443244218826,0.06450164318084717,0.009662037715315819,-0.02083154208958149,-0.018361881375312805,-0.04018089175224304,0.11727465689182281,0.029151329770684242,-0.005559895187616348,0.023005682975053787,0.20941580832004547,0.1057395413517952,-0.2450569123029709,-0.040345948189496994,0.04419662058353424,0.1357261836528778,0.05589607357978821,0.0655447468161583,-0.05559566617012024,-0.001626880606636405,0.09805932641029358,0.20091429352760315,0.17934677004814148,-0.02994842454791069,0.04274400696158409,0.14996826648712158,-0.03198763728141785,-0.3438359797000885,0.18264885246753693,0.04046361893415451,-0.01861647330224514,-0.06034262105822563,0.12544776499271393
404,-0.2391510307788849,-0.41375938057899475,0.08295417577028275,-0.05342009663581848,-0.09220167994499207,-0.16232386231422424,-0.09360790252685547,0.17377981543540955,-0.10000503063201904,-0.5370393395423889,-0.2369026392698288,0.12436766177415848,-0.327802836894989,0.09766840189695358,0.3186113238334656,0.2675130069255829,-0.09002957493066788,-0.12176813185214996,0.14604932069778442,-0.218042254447937,0.026690877974033356,-0.05796682834625244,0.05986293405294418,0.06034782528877258,0.08221176266670227,0.17233338952064514,0.17420849204063416,-0.11178107559680939,-0.18991850316524506,0.2751820981502533,0.2628963887691498,-0.30749428272247314,0.2311151623725891,-0.4179908037185669,0.08665315061807632,0.1511351764202118,-0.07582126557826996,0.2852405607700348,0.08256708085536957,-0.3049025535583496,-0.03200112283229828,0.1039578914642334,0.05759572610259056,0.40250641107559204,-0.30259543657302856,-0.041601479053497314,0.08232443779706955,0.19635383784770966,0.23648643493652344,0.09429104626178741,-0.20128481090068817,-0.1272304356098175,-0.04119967669248581,0.27882787585258484,-0.08102299273014069,0.39159658551216125,0.054256439208984375,-0.24208852648735046,0.05327211320400238,-0.0022351164370775223,-0.46553319692611694,-0.16070599853992462,-0.1947285234928131,0.018609238788485527
405,0.09338188171386719,-0.25011610984802246,-0.050875529646873474,-0.0010081222280859947,-0.5778378844261169,-0.19972273707389832,-0.2394750714302063,-0.11742737144231796,-0.07427413761615753,0.06526575982570648,-0.31192469596862793,0.1855962723493576,0.1899617314338684,0.4545922577381134,0.009160247631371021,0.3731386661529541,0.07199399918317795,-0.19703903794288635,0.2192126214504242,0.2203681766986847,-0.19945383071899414,-0.1508963406085968,0.14234834909439087,-0.11165623366832733,-0.1230885237455368,0.14272040128707886,0.08504094183444977,-0.38263607025146484,0.29218369722366333,-0.05347738415002823,0.1868377923965454,-0.14669261872768402,-0.07740485668182373,-0.36809197068214417,-0.15387006103992462,-0.11109019815921783,-0.4367058277130127,-0.17223653197288513,-0.09512871503829956,-0.07275962829589844,0.33733996748924255,0.14971278607845306,-0.14811795949935913,0.22596096992492676,-0.30379530787467957,0.33749857544898987,0.010391097515821457,0.015468225814402103,-0.22263610363006592,0.5107520818710327,0.08105260133743286,0.510987401008606,0.3075884282588959,0.3319556713104248,-0.17030976712703705,0.23938781023025513,-0.3449682891368866,-0.07393047213554382,-0.29639604687690735,0.5038796067237854,-0.0925280824303627,-0.3072977066040039,0.2180924415588379,-0.008265124633908272
406,0.0738070011138916,-0.002992197871208191,0.2693793773651123,-0.5070931911468506,-0.03968982398509979,0.10093634575605392,0.14622022211551666,0.07041490077972412,-0.30244505405426025,0.10822205245494843,-0.17298999428749084,0.15085814893245697,-0.10773786902427673,0.26937437057495117,0.15580792725086212,-0.24161812663078308,-0.03205810487270355,0.03234732896089554,-0.2444978803396225,-0.30452364683151245,-0.11618311703205109,-0.05193483084440231,-0.058479346334934235,-0.025243278592824936,0.5422648191452026,0.019096244126558304,0.29470551013946533,-0.0015240125358104706,-0.35954850912094116,0.15187843143939972,-0.03393027186393738,-0.15414153039455414,-0.2502315938472748,0.25949227809906006,-0.04755955934524536,0.2622551918029785,-0.41353464126586914,0.033641085028648376,0.3506885766983032,-0.3833077549934387,-0.15161556005477905,-0.2399500161409378,-0.2017492949962616,-0.01651807501912117,-0.2763915956020355,0.1854778528213501,-0.24873986840248108,-0.1404830813407898,-0.08885934203863144,0.16596463322639465,-0.23880045115947723,-0.1114712581038475,0.21611768007278442,0.03247072547674179,-0.20031702518463135,0.015796292573213577,-0.40404796600341797,0.0635591670870781,-0.32313475012779236,-0.2249893695116043,0.18293555080890656,-0.00544140487909317,-0.27471989393234253,0.18775218725204468
407,0.1867370307445526,-0.01960427686572075,0.029132675379514694,-0.07396406680345535,-0.14826706051826477,-0.04483388364315033,0.24171064794063568,-0.05956951528787613,-0.05862535536289215,0.3973202407360077,-0.13017618656158447,0.19357407093048096,0.25790682435035706,-0.023415135219693184,0.025936178863048553,-0.06889645010232925,-0.0336461216211319,0.05711172893643379,-0.12028563022613525,0.18828335404396057,-0.3567126393318176,0.007945569232106209,-0.0626101866364479,-0.013663507997989655,-0.1176634281873703,-0.07592270523309708,0.11763785779476166,-0.24524842202663422,0.04766523092985153,-0.08445300906896591,0.052399612963199615,0.029328517615795135,0.17510057985782623,0.2451404333114624,-0.013259952887892723,0.23673634231090546,0.13750678300857544,-0.1394948661327362,-0.21215036511421204,0.08007572591304779,-0.21758587658405304,0.06936749815940857,0.23689387738704681,-0.18528349697589874,0.14859119057655334,0.058146342635154724,-0.12755876779556274,-0.24745392799377441,0.050633881241083145,-0.020016029477119446,-0.2668105959892273,0.11558245122432709,0.017278769984841347,0.2251943200826645,0.15270227193832397,-0.35935235023498535,0.04575686156749725,-0.08185224235057831,-0.23874077200889587,-0.0832514837384224,0.1368533968925476,0.14723069965839386,0.21814778447151184,0.14060820639133453
408,0.06047835201025009,0.17140987515449524,0.04555786773562431,0.038769934326410294,-0.07309942692518234,-0.14333856105804443,-0.3345860242843628,0.15026450157165527,-0.010330500081181526,0.14934754371643066,-0.12399833649396896,-0.12067803740501404,0.2147514522075653,0.32851237058639526,-0.08858048915863037,0.13543455302715302,-0.1362726241350174,-0.10816038399934769,-0.1875104159116745,-0.21633967757225037,-0.009671887382864952,-0.16496004164218903,-0.2324429452419281,0.03260742127895355,0.04859107360243797,-0.1261400580406189,0.06872598826885223,-0.03865872323513031,-0.09837024658918381,0.35887619853019714,0.05953306332230568,-0.15519756078720093,-0.24568136036396027,-0.06051689758896828,-0.06263923645019531,0.07324438542127609,-0.21712860465049744,-0.057499948889017105,0.044640399515628815,0.05133529752492905,0.013091523200273514,-0.06573837995529175,-0.3991820216178894,0.08158083260059357,0.04804910346865654,-0.021832719445228577,-0.22336965799331665,-0.18125589191913605,-0.15484821796417236,0.1414574831724167,-0.09921129047870636,0.08526503294706345,0.07168617099523544,0.32240936160087585,-0.2066987007856369,-0.06608656793832779,-0.34300413727760315,0.06368829309940338,-0.1956881880760193,0.20320448279380798,-0.03965293616056442,-0.014904853887856007,-0.013227982446551323,-0.0836363434791565
409,-0.0950215607881546,0.09798149764537811,0.18366436660289764,0.18332189321517944,0.10564644634723663,-0.04020277410745621,-0.23921971023082733,0.15586984157562256,-0.10823873430490494,-0.14200620353221893,-0.1698937863111496,-0.12436904013156891,0.2981739938259125,0.28909850120544434,-0.0869576632976532,0.1420830637216568,0.15862587094306946,0.006220345385372639,-0.19268351793289185,0.016426358371973038,-0.11612847447395325,-0.06362977623939514,-0.1547790914773941,0.01698721945285797,0.08285970985889435,-0.24806097149848938,-0.10117118060588837,-0.01436837762594223,-0.002597011625766754,0.308441698551178,-0.09703332185745239,-0.15309014916419983,-0.1833769977092743,-0.018586020916700363,-0.222376748919487,0.23857541382312775,-0.06515142321586609,0.2206571400165558,0.2119978368282318,0.1329827457666397,-0.02859223634004593,-0.05745557323098183,-0.4842313528060913,0.10476513206958771,0.1245047003030777,0.04039718210697174,-0.322281152009964,-0.03745948523283005,-0.14249694347381592,0.009716754779219627,-0.01068016979843378,-0.0060386648401618,-0.018297461792826653,0.3572205603122711,-0.002148631028831005,0.09207206964492798,-0.17268134653568268,0.2407403588294983,-0.005713347345590591,0.012368038296699524,-0.08890421688556671,-0.03419056162238121,0.07503697276115417,0.23503686487674713
41,0.06219702214002609,0.10868366062641144,-0.09582991898059845,0.441008061170578,0.10824553668498993,0.11932729184627533,-0.2701874375343323,0.06687885522842407,-0.0232060719281435,-0.4831620752811432,0.2508903741836548,-0.22000516951084137,-0.21198739111423492,-0.37656956911087036,-0.04146397113800049,0.045435287058353424,-0.0029832106083631516,0.23926395177841187,0.04587455466389656,0.11234820634126663,0.1672237068414688,0.2719922363758087,0.29459047317504883,0.06858684122562408,-0.21809430420398712,-0.27071622014045715,-0.29637473821640015,0.038855113089084625,0.07926199585199356,-0.1649560183286667,0.19343364238739014,0.31680431962013245,0.05815509334206581,0.17486046254634857,0.16377447545528412,0.00875038467347622,0.30391526222229004,-0.009091174229979515,0.13424457609653473,0.18990574777126312,0.32548314332962036,-0.020652350038290024,0.014993468299508095,0.29417937994003296,0.07969069480895996,0.4557219445705414,-0.021973134949803352,0.42673084139823914,0.007057026028633118,-0.25050976872444153,-0.12599235773086548,0.13076291978359222,-0.1886831820011139,-0.2452964037656784,0.3238469958305359,-0.20218265056610107,0.2760772705078125,-0.004311918281018734,0.2875894010066986,0.2899411916732788,-0.04960586875677109,-0.03675477206707001,0.33251291513442993,-0.2624669373035431
410,0.3136654198169708,0.03305670619010925,-0.0038836300373077393,-0.17437933385372162,-0.3013758957386017,0.13693903386592865,0.18049965798854828,0.25921210646629333,-0.20707668364048004,0.09822829067707062,0.05883362144231796,0.09046543389558792,-0.07835066318511963,-0.018794836476445198,-0.011627871543169022,-0.3711183965206146,-0.04152167588472366,0.0815727561712265,0.2967011630535126,0.3364756107330322,-0.05523766204714775,0.05498955398797989,0.2074267417192459,-0.12766766548156738,0.0574491061270237,-0.13200511038303375,0.10447876155376434,-0.03432346507906914,0.05382682383060455,-0.5043713450431824,-0.07617585361003876,-0.14808781445026398,0.1947254091501236,0.123866006731987,-0.07406669855117798,-0.007674708962440491,-0.34995710849761963,-0.114900603890419,-0.2888689637184143,0.01756003312766552,-0.040688008069992065,-0.21052736043930054,0.22878193855285645,-0.16519232094287872,0.058418769389390945,0.32743892073631287,-0.28735828399658203,0.1036963164806366,0.07354016602039337,-0.32859060168266296,0.1822642982006073,0.06015736237168312,0.2890106439590454,-0.23115791380405426,-0.001213868148624897,-0.053085751831531525,4.9091875553131104e-05,0.1536349654197693,-0.1529824435710907,-0.17958298325538635,0.3813837766647339,-0.2661367952823639,0.005656014662235975,-0.04612034559249878
411,-0.22469431161880493,0.20421141386032104,0.014307469129562378,-0.011610766872763634,0.28497615456581116,-0.07189840823411942,-0.3193655014038086,0.07415878772735596,-0.01045885682106018,-0.18581514060497284,-0.2421940118074417,-0.04975716397166252,0.19287362694740295,0.290804922580719,0.0013270583003759384,0.11816462874412537,0.046830788254737854,0.21332494914531708,-0.3327535390853882,-0.16034437716007233,-0.08141286671161652,-0.23428042232990265,-0.40082570910453796,-0.014720402657985687,0.294986754655838,-0.19257532060146332,0.11548548936843872,-0.123027503490448,-0.19105643033981323,0.25900906324386597,-0.022122494876384735,-0.28908124566078186,-0.2875692546367645,-0.04230944439768791,-0.03672529011964798,0.18020795285701752,-0.2536858916282654,0.01539357379078865,0.288408100605011,-0.03952353820204735,0.10133920609951019,-0.03569745644927025,-0.39278391003608704,-0.040501344949007034,0.21804486215114594,0.12547123432159424,-0.12193913757801056,-0.07938956469297409,-0.06703545898199081,0.18137085437774658,-0.20633342862129211,0.05560360476374626,0.22262603044509888,0.47708660364151,-0.04592312499880791,0.16619637608528137,-0.21905353665351868,0.039937131106853485,-0.21051175892353058,0.14558735489845276,0.04294053465127945,0.1299404799938202,-0.083978570997715,0.1865691989660263
412,-0.2055102288722992,0.07462308555841446,0.04289311170578003,-0.16925153136253357,0.28097718954086304,-0.1778535544872284,-0.3348020911216736,0.006302505731582642,-0.04757259041070938,-0.03452211618423462,-0.2698245346546173,-0.03291943669319153,0.11279290914535522,0.40593066811561584,0.1759382039308548,0.1564261019229889,-0.07045122981071472,0.22538569569587708,-0.363197922706604,-0.3046899139881134,-0.12000053375959396,-0.32940104603767395,-0.35721030831336975,0.05805587023496628,0.2778722047805786,-0.05542823299765587,0.2037658989429474,-0.19249406456947327,-0.16608938574790955,0.1901392787694931,0.07984021306037903,-0.4608754813671112,-0.14870624244213104,-0.08396691083908081,-0.15913593769073486,0.15528611838817596,-0.4121641516685486,-0.16960132122039795,0.2643805742263794,-0.1560574620962143,0.10605266690254211,-0.020542055368423462,-0.2496982216835022,-0.08644632995128632,0.13791941106319427,-0.04470659792423248,-0.07551650702953339,-0.19991345703601837,-0.10148242861032486,0.3277166485786438,-0.29820626974105835,-0.005497133359313011,0.35487520694732666,0.37902626395225525,-0.17840641736984253,0.14782705903053284,-0.34798309206962585,-0.03690134361386299,-0.2467363029718399,0.10567298531532288,0.011004239320755005,0.11530732363462448,-0.1599799394607544,0.030030980706214905
413,-0.15910261869430542,0.12101653218269348,-0.06605885177850723,0.32751885056495667,0.16685467958450317,-0.01295139454305172,0.3434644341468811,-0.04046949744224548,0.245649054646492,-0.3109424412250519,-0.24902091920375824,-0.0076860287226736546,0.09970647096633911,-0.07158530503511429,-0.1291031390428543,-0.15902163088321686,0.062045611441135406,-0.05922257527709007,0.05117826536297798,0.07845015823841095,-0.13190414011478424,0.20869258046150208,-0.008376220241189003,-0.05917034298181534,-0.3628154695034027,-0.10986986756324768,0.16742175817489624,-0.13140209019184113,0.12264397740364075,-0.1271081119775772,-0.11813876032829285,0.47237348556518555,-0.02689235657453537,-0.07806383073329926,0.2648204565048218,0.04275834187865257,0.5090036988258362,-0.05473031848669052,-0.21912483870983124,0.039219390600919724,-0.08408040553331375,0.22565056383609772,0.06196904554963112,0.0529400035738945,-0.008176114410161972,0.2178979516029358,-0.01753831095993519,0.17400507628917694,0.20195481181144714,-0.32769879698753357,-0.1310419887304306,0.24515888094902039,-0.10081755369901657,0.33695510029792786,0.3568039834499359,-0.1968923807144165,0.4507697820663452,-0.10151463001966476,-0.3378825783729553,0.5167957544326782,-0.005829283967614174,0.0885361060500145,0.4552766680717468,0.2282789796590805
414,0.07361043244600296,0.014028195291757584,0.22952459752559662,-0.4557785093784332,-0.02969500795006752,0.0802207961678505,0.11471402645111084,0.071284219622612,-0.24941705167293549,0.12191183865070343,-0.15599368512630463,0.1244596615433693,-0.0827137902379036,0.23972083628177643,0.12409868836402893,-0.20080944895744324,-0.03493991494178772,0.03558514267206192,-0.22841382026672363,-0.2729356586933136,-0.12626005709171295,-0.06564945727586746,-0.06283193081617355,-0.007744567468762398,0.48012176156044006,-0.0037619268987327814,0.2614438533782959,-0.01081344485282898,-0.31664207577705383,0.13202902674674988,-0.03537645936012268,-0.14018476009368896,-0.21679002046585083,0.24024826288223267,-0.038996338844299316,0.24140502512454987,-0.37449538707733154,0.014681689441204071,0.30216702818870544,-0.3172833323478699,-0.13405944406986237,-0.19822603464126587,-0.1836695522069931,-0.020775381475687027,-0.23736868798732758,0.1558404117822647,-0.22582440078258514,-0.13320708274841309,-0.07107650488615036,0.1431637853384018,-0.22708606719970703,-0.08413615822792053,0.20645566284656525,0.05990428850054741,-0.19571524858474731,0.00792081281542778,-0.3675238788127899,0.06854673475027084,-0.30294716358184814,-0.1856197565793991,0.1690979152917862,-0.007783271372318268,-0.24400807917118073,0.17448948323726654
415,0.42529478669166565,-0.20680473744869232,0.490897536277771,-0.1320667862892151,-0.29064977169036865,-0.508476734161377,0.11026303470134735,0.49461692571640015,-0.4983815550804138,0.4260023832321167,-0.17513500154018402,0.6605255007743835,0.260006844997406,0.5969838500022888,-0.12527745962142944,0.2026364654302597,-0.335997611284256,-0.0931670144200325,0.10797502100467682,0.19640524685382843,-0.07298470288515091,-0.09194344282150269,0.015269480645656586,-0.0015063472092151642,-0.2610683739185333,-0.4391234517097473,0.0739278495311737,-0.36837053298950195,-0.3004786968231201,-0.2519828975200653,-0.23192796111106873,-0.26127853989601135,0.32898008823394775,-0.16410419344902039,-0.6179118156433105,0.002822278067469597,-0.43136245012283325,-0.537244975566864,-0.5026770830154419,0.5930877923965454,-0.12672574818134308,-0.3485787808895111,-0.0545363612473011,-0.14091362059116364,-0.15107764303684235,0.024147674441337585,-0.3708514869213104,0.15106989443302155,-0.12513262033462524,0.01603049598634243,-0.07039232552051544,-0.43909895420074463,0.473111629486084,-0.1655893325805664,0.07239154726266861,-0.1625985950231552,-0.2760644555091858,0.011826174333691597,0.35510390996932983,-0.285885751247406,0.02938980609178543,-0.2105289250612259,0.23493316769599915,-0.4166642129421234
416,-0.02624358981847763,-0.19799412786960602,0.1358267217874527,-0.20889592170715332,0.24235665798187256,-0.0036772210150957108,-0.11314657330513,-0.30634358525276184,0.07803389430046082,0.20096835494041443,0.09360010176897049,0.053350623697042465,-0.017218083143234253,-0.05734473466873169,0.2870040535926819,0.13391512632369995,-0.07433938980102539,-0.1607958823442459,-0.09246669709682465,-0.019788865000009537,0.02921116352081299,-0.06433015316724777,-0.09027143567800522,0.176010861992836,-0.06304046511650085,0.026668643578886986,0.02261953428387642,0.025058507919311523,0.14673259854316711,0.05716323107481003,-0.17352041602134705,0.023208726197481155,0.20931100845336914,-0.04160022363066673,-0.029163578525185585,0.056557945907115936,-0.20706236362457275,0.22829359769821167,0.044922128319740295,0.03005216270685196,0.1246015876531601,0.257949560880661,0.14245834946632385,-0.09567634761333466,-0.24033062160015106,-0.0570652075111866,0.08544612675905228,0.1686505377292633,0.035116054117679596,-0.12951400876045227,0.05549309402704239,0.09793528914451599,0.19160893559455872,0.00023877620697021484,-0.07408040761947632,0.1587766408920288,0.17976422607898712,-0.17947626113891602,-0.21122795343399048,0.12513749301433563,-0.041301243007183075,-0.10002997517585754,-0.03235991299152374,-0.12272302806377411
417,0.057988569140434265,-0.18671654164791107,0.25001001358032227,-0.12137215584516525,0.030542945489287376,-0.031734831631183624,0.045619454234838486,-0.11793415993452072,0.0070319995284080505,0.15657691657543182,-0.1301412433385849,0.019925009459257126,0.07768294215202332,0.022561755031347275,0.2812499403953552,0.14503109455108643,-0.041738372296094894,-0.12940490245819092,-0.08094616234302521,-0.01622648909687996,-0.1391049325466156,-0.04431484639644623,-0.032839447259902954,0.05383393168449402,-0.08950111269950867,0.06611232459545135,0.07734093070030212,-0.003773180767893791,-0.005873335525393486,0.15353254973888397,-0.08123605698347092,-0.14273685216903687,0.22292712330818176,-0.07635487616062164,-0.0705535039305687,0.061849310994148254,0.0412975512444973,0.19400763511657715,-0.04129457473754883,-0.04103311151266098,-0.0006395876407623291,0.1586761623620987,0.18496523797512054,-0.004714444279670715,-0.0981537252664566,-0.034979529678821564,0.04249657317996025,-0.08583785593509674,0.02401876449584961,0.09895823150873184,-0.05408613756299019,0.02606242150068283,0.11025223135948181,0.12150956690311432,0.017474990338087082,0.04277661070227623,0.0435948483645916,-0.14708778262138367,-0.11789434403181076,-0.118556447327137,-0.004183245822787285,-0.06440284848213196,-0.08990658819675446,0.06179426610469818
418,-0.009140558540821075,-0.0629759281873703,0.2164439707994461,0.24383655190467834,-0.06376361101865768,-0.2079750895500183,-0.11062881350517273,-0.01717201992869377,-0.03596092015504837,-0.15298134088516235,-0.3446488082408905,-0.01754550263285637,0.28498145937919617,0.39791977405548096,-0.17714545130729675,-0.05465000867843628,0.17815841734409332,0.014321447350084782,-0.04933416098356247,0.008260734379291534,-0.3162972927093506,-0.18625272810459137,0.13294553756713867,0.06070336699485779,0.09129522740840912,-0.19146236777305603,-0.10267935693264008,-0.2623645067214966,0.2906789183616638,0.0853094533085823,-0.15984763205051422,-0.20516136288642883,-0.10535971075296402,-0.04772071912884712,-0.5249050259590149,0.17161987721920013,0.020855002105236053,0.0800006091594696,0.1814514547586441,0.0762653648853302,-0.11150175333023071,-0.13411164283752441,-0.42647695541381836,0.027465999126434326,0.10961213707923889,0.1133982390165329,-0.3859291672706604,0.03044550120830536,-0.27907055616378784,-0.10821861028671265,0.07556512951850891,-0.0034502148628234863,0.013424515724182129,0.3470219075679779,0.027519822120666504,-0.023863105103373528,-0.1437022089958191,0.34262028336524963,-0.23340925574302673,0.12960059940814972,-0.23137150704860687,-0.17783212661743164,0.27970731258392334,0.25257691740989685
419,0.2237619012594223,0.05192958563566208,0.13178804516792297,-0.2116490602493286,-0.20764991641044617,0.12066885083913803,0.2794165313243866,0.17059117555618286,-0.261649489402771,-0.4070241153240204,-0.1706738919019699,0.19118888676166534,-0.3315013647079468,0.1728433221578598,0.2935616970062256,-0.14250749349594116,-0.0038338135927915573,-0.08801084756851196,0.12299033999443054,-0.07178197056055069,0.016673285514116287,0.006065980531275272,0.04731184244155884,-0.11151131987571716,0.28521814942359924,-0.05822107940912247,0.38092246651649475,0.034965939819812775,-0.401279479265213,0.06029132008552551,0.1159452497959137,-0.12642699480056763,-0.03178786486387253,0.03732525557279587,0.15190401673316956,-0.008681457489728928,-0.09303105622529984,0.09337083995342255,0.17856557667255402,-0.32147595286369324,-0.15485933423042297,-0.25339093804359436,0.07089149951934814,0.17783702909946442,-0.14896897971630096,0.3114261329174042,-0.1590476930141449,0.1161131039261818,0.09198623150587082,0.060810014605522156,-0.12949305772781372,-0.0024306494742631912,0.07578285783529282,0.07456397265195847,0.13923463225364685,0.11788040399551392,-0.011762285605072975,-0.23515847325325012,-0.08800050616264343,-0.15687833726406097,-0.025967774912714958,-0.11970014125108719,-0.13814450800418854,0.16575004160404205
42,0.05946557596325874,-0.03932596370577812,0.03119078278541565,0.29658377170562744,0.03034384734928608,0.018180569633841515,-0.2735103666782379,-0.07711847871541977,-0.02226760797202587,-0.001347697339951992,-0.020918922498822212,-0.044864472001791,0.31893086433410645,0.09597618877887726,-0.19477109611034393,0.03156702220439911,0.27567800879478455,0.03383493795990944,0.007696263492107391,-0.05856791138648987,-0.025697778910398483,-0.17526252567768097,0.16729862987995148,0.2152901440858841,0.07714332640171051,-0.22874736785888672,-0.3010004460811615,-0.2197146862745285,0.4019167721271515,0.16539712250232697,-0.21974772214889526,-0.016805347055196762,-0.04264751076698303,0.12355934083461761,-0.46187350153923035,0.19830796122550964,0.12262292951345444,0.3047165870666504,0.18364527821540833,0.281846284866333,0.04313071444630623,-0.1311316341161728,-0.4134349822998047,0.011860568076372147,0.13231810927391052,0.10521142184734344,-0.22022250294685364,0.21582826972007751,-0.4648061990737915,-0.30027884244918823,0.1913665384054184,0.04057567939162254,-0.09934762865304947,0.182169109582901,-0.029198918491601944,0.05651082471013069,0.06534473598003387,0.4889157712459564,-0.0024513360112905502,0.11212223768234253,-0.16674992442131042,-0.19174395501613617,0.21989163756370544,0.1227126196026802
420,0.17152881622314453,0.07240070402622223,-0.19498948752880096,-0.16791808605194092,-0.333717405796051,-0.27018600702285767,-0.12789006531238556,0.10941048711538315,0.23399512469768524,0.15270346403121948,-0.24654336273670197,-0.038140617311000824,0.151409313082695,0.18673501908779144,-0.20363624393939972,0.13638979196548462,-0.033411137759685516,0.0023375730961561203,-0.10753507912158966,-0.12395879626274109,-0.356967568397522,-0.3020598590373993,-0.17949379980564117,0.17456738650798798,0.3718448281288147,-0.16454732418060303,0.28188198804855347,-0.3365057110786438,-0.11720837652683258,0.17071221768856049,0.04634350538253784,-0.3146907687187195,-0.0566672757267952,0.007858152501285076,0.02649187296628952,0.09698176383972168,-0.10974723845720291,0.05163709446787834,0.13927802443504333,0.022473759949207306,-0.09676715731620789,-0.034290559589862823,-0.2932978868484497,0.1036931723356247,0.1478991061449051,0.15374787151813507,-0.20329268276691437,-0.0884501188993454,-0.018499769270420074,0.2475898116827011,-0.2009856253862381,0.09522630274295807,0.09969086199998856,0.6320309042930603,-0.275213360786438,-0.09067961573600769,-0.0997290387749672,0.15629148483276367,-0.24255463480949402,0.10512132942676544,-0.16031508147716522,-0.2724515497684479,-0.0826268196105957,0.3200940787792206
421,-0.1781868189573288,0.3131240904331207,-0.08349529653787613,-0.06475404649972916,0.3024016320705414,-0.14996932446956635,-0.4391745924949646,-0.07084328681230545,0.05253712087869644,-0.06738036870956421,-0.17127829790115356,-0.06225265935063362,0.07264493405818939,0.3049474060535431,0.029921453446149826,0.046954259276390076,-0.11094529181718826,0.31288379430770874,-0.3932800889015198,-0.36683785915374756,-0.08376899361610413,-0.35825780034065247,-0.39312052726745605,0.031583305448293686,0.27207329869270325,-0.06295912712812424,0.20742906630039215,-0.17313365638256073,-0.087077796459198,0.17396309971809387,0.16810254752635956,-0.3368047773838043,-0.3570563793182373,0.0027223583310842514,-0.05603638291358948,0.07565940171480179,-0.33611559867858887,-0.2695533335208893,0.26782962679862976,-0.14698690176010132,0.2347557097673416,-0.053659092634916306,-0.25893980264663696,-0.1918967068195343,0.207417294383049,0.13375990092754364,-0.04225314408540726,-0.20554715394973755,-0.10531343519687653,0.16496486961841583,-0.2822149991989136,0.12519800662994385,0.407131552696228,0.33787184953689575,-0.025594279170036316,0.005930017679929733,-0.3133071959018707,-0.0506911501288414,-0.37212783098220825,0.3054799437522888,0.10503658652305603,0.1425594836473465,-0.10384127497673035,-0.05311618000268936
422,-0.1942548006772995,0.13094517588615417,-0.061207398772239685,0.38923829793930054,0.1815936416387558,-0.00388430617749691,0.37261220812797546,-0.05710495263338089,0.26867419481277466,-0.3941625654697418,-0.2919594645500183,-0.014112142845988274,0.11026600003242493,-0.06419079750776291,-0.1300460547208786,-0.1747140884399414,0.08108984678983688,-0.08298659324645996,0.06383846700191498,0.08640304952859879,-0.1341172754764557,0.25797542929649353,-0.007620757445693016,-0.06849633157253265,-0.4183255136013031,-0.11265450716018677,0.18869058787822723,-0.12752889096736908,0.14767833054065704,-0.11190253496170044,-0.11976511776447296,0.54458087682724,-0.04652458056807518,-0.11379939317703247,0.30420249700546265,0.037688277661800385,0.5755821466445923,-0.038949597626924515,-0.22112691402435303,0.022567741572856903,-0.07946090400218964,0.25606435537338257,0.05452895909547806,0.07796370983123779,-0.02204476296901703,0.265787273645401,-0.02827765978872776,0.1916281282901764,0.22265347838401794,-0.36490267515182495,-0.1291581094264984,0.29554516077041626,-0.12951815128326416,0.3806802034378052,0.42955726385116577,-0.20515120029449463,0.5134658813476562,-0.12600839138031006,-0.3824046850204468,0.6109664440155029,-0.015776393935084343,0.09497019648551941,0.5276485681533813,0.2584060728549957
423,-0.40990757942199707,-0.011272143572568893,-0.27706462144851685,-0.17864808440208435,0.2512360215187073,0.12836891412734985,0.09096413850784302,0.07256808876991272,0.4578585624694824,-0.016120359301567078,-0.27555617690086365,0.21796800196170807,0.1422463357448578,0.05757410079240799,-0.1824459284543991,-0.3135662078857422,-0.07292339950799942,0.14254780113697052,-0.1215592473745346,-0.026392338797450066,-0.1459205448627472,0.11829597502946854,-0.2277708500623703,-0.07486152648925781,0.20222826302051544,-0.013781356625258923,0.18036866188049316,-0.01579010859131813,0.06137554347515106,-0.0003844890743494034,-0.307148814201355,-0.08034119009971619,-0.06706085801124573,-0.22843685746192932,0.32772037386894226,-0.1491941213607788,0.2682678997516632,0.10123802721500397,-0.174627423286438,-0.16150255501270294,-0.22201909124851227,0.1286849081516266,0.1952930986881256,-0.0627584159374237,0.1542009711265564,0.10727749764919281,0.20658518373966217,0.07835124433040619,0.30426865816116333,0.08885268121957779,-0.06319476664066315,0.011844378896057606,-0.07576975971460342,0.4130626618862152,-0.13819286227226257,-0.025959022343158722,0.4225237965583801,0.08852288126945496,-0.2659185230731964,0.3243984580039978,0.32216793298721313,0.21701498329639435,0.05770618095993996,0.42796725034713745
424,-0.09701232612133026,0.002195071429014206,0.06458605080842972,-0.26624855399131775,0.2315349578857422,0.00482158362865448,-0.1017812043428421,-0.14268353581428528,0.17202313244342804,0.09078468382358551,-0.10538541525602341,0.008637023158371449,0.056130990386009216,0.02796035259962082,0.08494968712329865,-0.12839457392692566,-0.07377655059099197,-0.040088899433612823,-0.22500236332416534,-0.24651390314102173,-0.1348704993724823,-0.11985888332128525,-0.09556856751441956,0.13802669942378998,0.16013410687446594,-0.039395783096551895,0.13964873552322388,-0.029235586524009705,0.09112654626369476,0.08869772404432297,-0.14471930265426636,-0.03628292679786682,0.027385760098695755,0.050491802394390106,0.1494714915752411,-0.038444582372903824,-0.0648169219493866,-0.022963747382164,0.07465853542089462,-0.10251748561859131,0.07008381187915802,0.1671523153781891,0.057525232434272766,-0.1611141711473465,0.010089393705129623,0.0682227686047554,0.16570690274238586,-0.026405397802591324,0.11310053616762161,0.01655741222202778,-0.10813487321138382,0.16486486792564392,0.19042915105819702,0.1915367692708969,-0.03703201934695244,-0.0297841876745224,0.07663309574127197,-0.019804492592811584,-0.3775044083595276,0.23271925747394562,0.20608417689800262,0.04960303008556366,-0.12851010262966156,0.11654496937990189
425,0.023524954915046692,0.05821913108229637,0.10693417489528656,0.04515873268246651,0.19189883768558502,-0.15030437707901,0.0988169014453888,-0.24124029278755188,0.09463910758495331,-0.0069451890885829926,-0.04583505541086197,0.21475344896316528,0.032144658267498016,-0.021119730547070503,-0.06489427387714386,-0.12868936359882355,0.07580189406871796,-0.06963077187538147,0.038820069283246994,-0.0016015926375985146,-0.15354971587657928,-0.16658838093280792,0.0836193710565567,0.07935009896755219,-0.10799895226955414,-0.02928890474140644,-0.14717690646648407,-0.013814730569720268,0.24626308679580688,-0.011275844648480415,-0.25881439447402954,0.2284654676914215,-0.0059948815032839775,-0.08407814800739288,-0.22150954604148865,-0.08649671077728271,0.15025711059570312,0.11778097599744797,-0.027724001556634903,0.1916169971227646,0.011224672198295593,0.03439035639166832,-0.002898234874010086,-0.10894900560379028,-0.12824012339115143,0.02855726331472397,0.027849994599819183,0.26126769185066223,0.0412181131541729,-0.3750130534172058,0.1638459861278534,-0.0038665123283863068,-0.00016765855252742767,0.0003222748637199402,0.16677142679691315,0.11585485935211182,0.1492680311203003,-0.008072644472122192,-0.13553789258003235,0.11671854555606842,-0.22107256948947906,-0.10192584991455078,0.12257063388824463,0.08659384399652481
426,-0.00578312948346138,0.030215147882699966,0.5030324459075928,0.08607640117406845,0.027117900550365448,0.013213736936450005,-0.07530569285154343,-0.017619427293539047,-0.21497444808483124,-0.3120420575141907,-0.3703201413154602,0.022472575306892395,-0.04119827598333359,0.45055103302001953,0.12769421935081482,-0.1036834865808487,0.09937865287065506,-0.018241383135318756,-0.060974959284067154,0.03368383273482323,-0.145539328455925,-0.031205618754029274,0.1665443778038025,0.0017162896692752838,0.0849619209766388,-0.27419722080230713,0.012558408081531525,-0.010822957381606102,0.0806720033288002,-0.06709492206573486,-0.14783723652362823,-0.17433035373687744,-0.06825550645589828,0.09148594737052917,-0.38129734992980957,0.03563466668128967,-0.08987106382846832,-0.0070785838179290295,0.3280559778213501,-0.03945232182741165,-0.1628921777009964,-0.19762937724590302,-0.1403982788324356,0.06325514614582062,-0.11431612074375153,0.18306100368499756,-0.32472628355026245,0.055321477353572845,-0.11853959411382675,-0.132085919380188,0.08605925738811493,0.054638516157865524,0.03447198122739792,-0.004395030438899994,0.17674404382705688,-0.04108131304383278,-0.15339025855064392,0.17882917821407318,-0.18840034306049347,0.1463022530078888,0.09261584281921387,-0.13731570541858673,0.17870387434959412,0.06093423813581467
427,0.06207038462162018,0.10733041167259216,0.33231860399246216,-0.06287316977977753,0.30076664686203003,-0.18497198820114136,0.01385381817817688,-0.307322233915329,0.0002781283110380173,0.09902134537696838,0.01177020650357008,0.2931544780731201,-0.06350762397050858,-0.011555420234799385,0.025443870574235916,-0.07777046412229538,-0.06217002123594284,-0.04092248156666756,-0.11111502349376678,-0.02880624681711197,-0.21249793469905853,-0.177275151014328,0.13330067694187164,0.0886126309633255,-0.04526223614811897,-0.021890917792916298,-0.21845999360084534,0.1583097130060196,0.15468865633010864,0.0976661741733551,-0.294553279876709,0.17630890011787415,-0.09834302216768265,-0.03188269957900047,-0.3039376735687256,-0.04000899940729141,0.07791271805763245,0.13527235388755798,0.07815105468034744,0.15162642300128937,0.0885000228881836,0.010763063095510006,0.06462834775447845,-0.1266660839319229,-0.27224403619766235,0.06934577226638794,-0.005491422489285469,0.2492101490497589,0.106196828186512,-0.3009909689426422,0.051699548959732056,-0.12949496507644653,0.06616714596748352,-0.25233566761016846,0.21538645029067993,0.051033783704042435,-0.015071000903844833,-0.12991584837436676,-0.08930256962776184,0.013332102447748184,-0.21299143135547638,-0.14742183685302734,0.026809941977262497,-0.04314601421356201
428,0.07811571657657623,-0.3831692636013031,0.15617337822914124,-0.1082756519317627,-0.1046610102057457,0.06567323207855225,0.12230001389980316,0.11046683043241501,0.06445260345935822,-0.2331579029560089,-0.27659326791763306,0.08137577027082443,-0.07203599065542221,0.0342925563454628,0.2133462131023407,0.17340999841690063,0.06654361635446548,-0.05811615660786629,0.06453952193260193,-0.13995051383972168,-0.04874168336391449,-0.008996205404400826,-0.1064695492386818,-0.006120065227150917,0.001355338841676712,0.17962110042572021,0.2572697699069977,0.01886589452624321,-0.17690271139144897,0.19561612606048584,-0.019166648387908936,-0.19971883296966553,0.33713629841804504,-0.19486340880393982,-0.05958264321088791,0.10727772116661072,0.17166191339492798,0.29827484488487244,-0.12933988869190216,-0.20000432431697845,-0.1697714924812317,0.1934032291173935,0.26400226354599,0.1045837551355362,-0.07339908182621002,0.06589717417955399,0.11245181411504745,-0.04818548262119293,0.05455541983246803,0.11337686330080032,0.06035256385803223,-0.01899813488125801,0.14493073523044586,0.34063294529914856,-0.10812144726514816,0.3711439371109009,0.20144346356391907,-0.12809431552886963,0.09810828417539597,-0.32791274785995483,-0.18770506978034973,-0.06062495708465576,-0.1606564074754715,0.22245800495147705
429,0.2934567928314209,-0.00679687038064003,-0.16180641949176788,0.016747061163187027,-0.16088634729385376,-0.05285501480102539,0.21081750094890594,-0.07064060866832733,0.3520320653915405,-0.07940065860748291,-0.06591028720140457,0.2546761929988861,0.07751548290252686,-0.014147115871310234,-0.2088220864534378,-0.24426323175430298,0.03263074904680252,-0.1737557351589203,0.13401494920253754,-0.054207563400268555,-0.07081766426563263,0.0268015768378973,-0.24994035065174103,-0.0035694409161806107,0.05306452140212059,0.18912042677402496,0.25516098737716675,-0.14581313729286194,0.0790451169013977,-0.00015999702736735344,-0.20844011008739471,0.15555346012115479,0.04832656309008598,-0.15298280119895935,0.032979682087898254,-0.19790901243686676,0.283610999584198,0.10819954425096512,-0.320781946182251,0.02960306406021118,-0.23249773681163788,0.10264019668102264,0.021093502640724182,-0.15274880826473236,0.10056851804256439,0.16630104184150696,-0.013872003182768822,0.1269066035747528,-0.12194710224866867,-0.22085383534431458,0.32607680559158325,0.0811121016740799,0.2634648084640503,0.4468149244785309,0.14137554168701172,0.006491795182228088,0.4191439151763916,-0.07952170073986053,-0.16000217199325562,0.02841963991522789,-0.12110154330730438,-0.03945505991578102,0.2898538112640381,0.1861218363046646
43,-0.3482173681259155,0.15917091071605682,-0.2259330004453659,0.13514810800552368,0.5454681515693665,-0.013678332790732384,-0.14299173653125763,0.06035581976175308,0.22326058149337769,-0.12841103971004486,0.10839281231164932,-0.2552107572555542,-0.0447813905775547,-0.18072333931922913,-0.000587858259677887,0.08386021852493286,-0.00028669461607933044,0.4332965016365051,-0.31800374388694763,0.07425115257501602,-0.16132797300815582,-0.22483982145786285,-0.27886903285980225,-0.011536206118762493,0.3543325662612915,-0.09755591303110123,-0.28872472047805786,-0.0495096892118454,-0.3592383861541748,0.028508871793746948,-0.10463005304336548,-0.09531806409358978,-0.046553730964660645,-0.0274825356900692,0.10945073515176773,0.08952535688877106,0.18661969900131226,-0.11861737817525864,0.12759946286678314,0.03441508859395981,0.2216312736272812,0.0005975579842925072,-0.019626900553703308,-0.0017758086323738098,0.46655088663101196,-0.12292756140232086,-0.011470322497189045,-0.018202178180217743,-0.14580437541007996,0.3010948896408081,-0.2595638036727905,-0.23790407180786133,-0.020135557278990746,0.24741248786449432,-0.15710443258285522,0.0914536714553833,-0.12401366978883743,0.055711761116981506,0.27871713042259216,-0.1574179083108902,-0.10902446508407593,0.327345073223114,-0.14833617210388184,0.11262350529432297
430,0.10280301421880722,0.2697839140892029,0.20746035873889923,0.23655763268470764,-0.2550620138645172,-0.09363265335559845,-0.26294171810150146,0.12167862802743912,-0.16809667646884918,0.10868075489997864,-0.11325231939554214,-0.28336626291275024,0.25776010751724243,0.08515632897615433,-0.14641810953617096,0.1712321937084198,0.08226744830608368,0.06940494477748871,-0.132239431142807,0.22692933678627014,-0.001947592943906784,0.0738561674952507,-0.4022647440433502,-0.2550846338272095,-0.19048826396465302,-0.13872475922107697,-0.09005190432071686,-0.14821089804172516,-0.28349581360816956,0.11129311472177505,0.3766046464443207,0.20942360162734985,-0.23593993484973907,0.07422727346420288,0.06563453376293182,0.26572656631469727,-0.16205960512161255,-0.04932577908039093,0.07066259533166885,0.17622010409832,0.09372164309024811,0.05488394573330879,-0.2976488471031189,0.13008014857769012,0.13458262383937836,0.025589659810066223,-0.27654311060905457,-0.2885781526565552,-0.03424091264605522,-0.05103324353694916,0.029612800106406212,0.22033247351646423,-0.01903572492301464,0.20347626507282257,0.14929398894309998,-0.13075578212738037,-0.2827901542186737,-0.021937012672424316,-0.029530417174100876,-0.021562613546848297,-0.036141104996204376,-0.019840868189930916,0.022329969331622124,-0.23301558196544647
431,-0.011933434754610062,-0.404278963804245,-0.16305993497371674,0.2911260426044464,-0.42505890130996704,-0.010578194633126259,0.2679767906665802,-0.21119892597198486,0.16421590745449066,-0.07967698574066162,-0.21272236108779907,0.4673311412334442,0.23683837056159973,0.11939451843500137,-0.12328635156154633,0.0897255539894104,0.25655168294906616,-0.4513809084892273,0.4776749610900879,0.332346647977829,-0.16691891849040985,0.01819268800318241,0.15750831365585327,-0.17600561678409576,-0.4046662151813507,0.3648717403411865,-0.03501196950674057,-0.3445085883140564,0.5040549635887146,-0.02069462090730667,-0.14124330878257751,0.5753734111785889,0.1445321887731552,-0.573958158493042,0.0412755012512207,-0.21491079032421112,0.2605109214782715,-0.09122201055288315,-0.7151667475700378,0.027558472007513046,0.3014739155769348,0.41590628027915955,0.17392955720424652,0.03250732272863388,-0.3079288601875305,0.18277624249458313,0.21547985076904297,0.16279420256614685,-0.3608490824699402,0.0038152579218149185,0.4634266495704651,0.6149670481681824,0.2227657586336136,0.5695680975914001,0.11349616199731827,0.3874586224555969,0.20112904906272888,-0.10101529955863953,-0.22593742609024048,0.5105082392692566,-0.179504856467247,-0.024144910275936127,0.513882040977478,0.24158579111099243
432,0.4007242023944855,0.16657519340515137,0.30625033378601074,-0.2782028019428253,-0.03337356075644493,-0.18919384479522705,-0.06127868592739105,0.1723579466342926,-0.12892761826515198,0.6002532839775085,-0.1369664967060089,0.5912726521492004,0.21516382694244385,0.15469692647457123,-0.06361133605241776,-0.13893947005271912,-0.4837697744369507,0.3034419119358063,-0.13509464263916016,0.1086469516158104,-0.19607822597026825,0.039941757917404175,-0.026977451518177986,-0.10797026753425598,-0.3121495842933655,-0.31126949191093445,-0.05627608671784401,-0.07148325443267822,-0.17392249405384064,-0.12529845535755157,-0.0899258553981781,0.01971288025379181,0.14997439086437225,-0.07850167155265808,-0.1819397211074829,-0.1302643120288849,-0.11471032351255417,-0.39353153109550476,-0.45842158794403076,0.3225257694721222,0.16678260266780853,-0.1038544774055481,0.46931684017181396,-0.15270750224590302,-0.07955333590507507,0.19335095584392548,-0.03044099546968937,0.048371873795986176,0.20910173654556274,-0.034863345324993134,-0.25767242908477783,-0.051085200160741806,0.36838746070861816,-0.2563689053058624,0.18653294444084167,-0.36740922927856445,-0.02203867770731449,-0.20177988708019257,-0.03530559688806534,0.06243415176868439,0.3909450173377991,0.015139461494982243,0.12064659595489502,-0.38150331377983093
433,-0.010214313864707947,-0.3023100197315216,0.0799572765827179,-0.12820418179035187,-0.1555337756872177,-0.3073103129863739,-0.05898362398147583,0.1701127588748932,-0.16665677726268768,-0.06494602560997009,-0.24472947418689728,0.0033988691866397858,0.08797132968902588,0.2706480920314789,0.23564179241657257,0.23315128684043884,0.011849699541926384,-0.2872992157936096,0.04588909074664116,-0.2272360622882843,-0.07374761998653412,-0.10899608582258224,0.017158949747681618,0.2269190102815628,0.03162432461977005,0.06406067311763763,0.1698080152273178,-0.1790103167295456,-0.029569553211331367,0.27822569012641907,0.039364151656627655,-0.31343525648117065,0.2450636476278305,-0.2720085382461548,-0.1583539843559265,0.16586212813854218,-0.22703999280929565,0.2624765634536743,0.07142780721187592,-0.022370755672454834,-0.1672176569700241,-0.0013358872383832932,-0.3119615316390991,0.3122892677783966,-0.15041396021842957,-0.19190429151058197,-0.1512448787689209,0.07132546603679657,0.03289249911904335,0.17814256250858307,-0.1327299177646637,-0.15660080313682556,-0.0789094865322113,0.29660117626190186,-0.2547178566455841,0.21759575605392456,-0.11478405445814133,0.008567754179239273,0.03260548412799835,-0.08627022057771683,-0.4093254804611206,-0.29015886783599854,-0.09591829776763916,0.10226432234048843
434,-0.17131167650222778,-0.16821520030498505,0.23164746165275574,-0.4458135962486267,0.1825259029865265,0.11617928743362427,0.04762779548764229,-0.08574214577674866,0.22374387085437775,0.2080017477273941,-0.3109695613384247,0.23057284951210022,0.19002842903137207,-0.03587234020233154,0.023939721286296844,-0.44632917642593384,-0.030115291476249695,-0.07504605501890182,-0.39759179949760437,-0.269545316696167,-0.3283882141113281,0.186469167470932,-0.1901693195104599,-0.029905177652835846,0.4681064188480377,0.3206733167171478,0.15768252313137054,-0.014234337955713272,-0.022282278165221214,0.1450141817331314,-0.37770870327949524,-0.07526375353336334,0.0024074623361229897,0.08111004531383514,0.2966909408569336,-0.04476756229996681,0.26927560567855835,0.04103017970919609,-0.0919571965932846,-0.3022308349609375,-0.305519163608551,0.194011390209198,0.1860242635011673,-0.2234911173582077,0.15375016629695892,0.038291409611701965,0.3041702210903168,-0.24590232968330383,0.13248799741268158,0.3785187304019928,-0.08093281835317612,-0.05395212396979332,0.14535193145275116,0.23628616333007812,0.04163682460784912,-0.2719235420227051,0.07367198169231415,-0.009112659841775894,-0.29411181807518005,-0.16635292768478394,0.511264979839325,0.2644018828868866,-0.09806171804666519,0.3383597731590271
435,-0.011933434754610062,-0.404278963804245,-0.16305993497371674,0.2911260426044464,-0.42505890130996704,-0.010578194633126259,0.2679767906665802,-0.21119892597198486,0.16421590745449066,-0.07967698574066162,-0.21272236108779907,0.4673311412334442,0.23683837056159973,0.11939451843500137,-0.12328635156154633,0.0897255539894104,0.25655168294906616,-0.4513809084892273,0.4776749610900879,0.332346647977829,-0.16691891849040985,0.01819268800318241,0.15750831365585327,-0.17600561678409576,-0.4046662151813507,0.3648717403411865,-0.03501196950674057,-0.3445085883140564,0.5040549635887146,-0.02069462090730667,-0.14124330878257751,0.5753734111785889,0.1445321887731552,-0.573958158493042,0.0412755012512207,-0.21491079032421112,0.2605109214782715,-0.09122201055288315,-0.7151667475700378,0.027558472007513046,0.3014739155769348,0.41590628027915955,0.17392955720424652,0.03250732272863388,-0.3079288601875305,0.18277624249458313,0.21547985076904297,0.16279420256614685,-0.3608490824699402,0.0038152579218149185,0.4634266495704651,0.6149670481681824,0.2227657586336136,0.5695680975914001,0.11349616199731827,0.3874586224555969,0.20112904906272888,-0.10101529955863953,-0.22593742609024048,0.5105082392692566,-0.179504856467247,-0.024144910275936127,0.513882040977478,0.24158579111099243
436,-0.024411361664533615,0.22038386762142181,0.43220359086990356,-0.07927580922842026,0.3862164616584778,-0.27562767267227173,-0.06085863336920738,-0.3316073715686798,-0.03601086884737015,0.032958198338747025,-0.07136393338441849,0.4263405501842499,-0.027094338089227676,0.09608318656682968,-0.05003735423088074,-0.11203987896442413,-0.05141523480415344,0.01831274852156639,-0.1948571503162384,-0.006381721701472998,-0.33961373567581177,-0.26447445154190063,0.08642846345901489,0.0666506364941597,-0.06066831573843956,-0.001996951876208186,-0.24787409603595734,0.20123769342899323,0.25814586877822876,0.11197157204151154,-0.3079579472541809,0.11534985154867172,-0.17344477772712708,-0.07069718837738037,-0.4361157715320587,-0.03355700522661209,0.09263737499713898,0.13649819791316986,0.061109550297260284,0.1644143909215927,0.07746477425098419,0.04583783820271492,0.11390162259340286,-0.20183484256267548,-0.26265138387680054,0.10218501091003418,0.01623554900288582,0.24428430199623108,0.25429120659828186,-0.37053555250167847,0.06709926575422287,-0.15074169635772705,0.1210264042019844,-0.31960466504096985,0.3427462577819824,0.07184366881847382,-0.027106259018182755,-0.1005384624004364,-0.04698312282562256,0.05174887180328369,-0.23350362479686737,-0.17336639761924744,-0.012727407738566399,-0.01972177065908909
437,-0.12858018279075623,-0.5509873628616333,0.05942028388381004,-0.06725328415632248,-0.25385719537734985,-0.386458158493042,-0.060244206339120865,0.23814347386360168,-0.2067665457725525,-0.43948376178741455,-0.336393803358078,0.0970030352473259,-0.08289775252342224,0.21937337517738342,0.34451520442962646,0.3824111521244049,0.038865722715854645,-0.37237879633903503,0.23895369470119476,-0.2966960668563843,-0.019092045724391937,-0.11698251217603683,0.11563625186681747,0.2535068988800049,0.07524053752422333,0.2246883660554886,0.19221748411655426,-0.2910856008529663,-0.10912807285785675,0.40100347995758057,0.1597791612148285,-0.37481796741485596,0.36630314588546753,-0.5305968523025513,-0.07541762292385101,0.23142088949680328,-0.16404198110103607,0.4495358169078827,0.08509888499975204,-0.16226090490818024,-0.14446304738521576,0.07202093303203583,-0.2928704023361206,0.5475232005119324,-0.2799868881702423,-0.16719672083854675,-0.0452655591070652,0.25606033205986023,0.12132011353969574,0.2164980173110962,-0.19121259450912476,-0.22578400373458862,-0.1512928307056427,0.41311684250831604,-0.21313689649105072,0.47600632905960083,-0.014009703882038593,-0.12690988183021545,0.13679353892803192,-0.084694504737854,-0.735336184501648,-0.4059847891330719,-0.15623845160007477,0.10543794184923172
438,0.15494079887866974,0.07356362789869308,0.13652053475379944,0.06283733248710632,0.005736970342695713,-0.06709440797567368,0.36625638604164124,-0.2159913182258606,0.028069833293557167,0.024659208953380585,-0.11469949036836624,0.23112310469150543,0.16540279984474182,0.14387860894203186,-0.04032060131430626,-0.1195036768913269,0.1110854372382164,0.03543543443083763,0.12151002883911133,0.23372240364551544,-0.27558010816574097,-0.1539282500743866,0.13882161676883698,-0.14204388856887817,-0.09181222319602966,-0.046766702085733414,-0.09532538056373596,-0.01299005001783371,0.15471351146697998,0.018658798187971115,-0.14848139882087708,-0.0078117623925209045,-0.12291894108057022,-0.12408345937728882,-0.3154470920562744,-0.07360993325710297,0.17776437103748322,0.14479981362819672,0.01774200052022934,0.004490800201892853,-0.020669814199209213,-0.05101930722594261,0.0652792826294899,-0.1513623148202896,0.012397151440382004,0.19267240166664124,-0.09356507658958435,0.05979284644126892,0.013024871237576008,-0.14429056644439697,0.08250812441110611,-0.04026567190885544,0.02530643530189991,0.05218327045440674,0.2842940390110016,0.11053416132926941,0.09400022774934769,-0.08679982274770737,-0.210036963224411,-0.07257653772830963,-0.20263415575027466,-0.0699068233370781,0.10207155346870422,0.29327234625816345
439,-0.019407883286476135,-0.39468151330947876,0.05296915024518967,0.020400594919919968,-0.1903700828552246,-0.31033453345298767,-0.01800284907221794,0.15019483864307404,-0.16840454936027527,-0.37325671315193176,-0.18582120537757874,0.08427515625953674,-0.09696243703365326,0.12010160833597183,0.2710009813308716,0.2516292333602905,0.04072155803442001,-0.3376809358596802,0.2363366335630417,-0.2573363184928894,0.010045260190963745,-0.05793200433254242,0.12902146577835083,0.17463506758213043,-0.03320370241999626,0.2623140215873718,0.10938958823680878,-0.24641458690166473,-0.040743909776210785,0.27625420689582825,0.15719974040985107,-0.17113438248634338,0.2877720594406128,-0.42157649993896484,-0.05586709827184677,0.13436058163642883,-0.02903900295495987,0.3075796067714691,-0.018664730712771416,-0.09974487125873566,-0.08498194813728333,0.06828560680150986,-0.201334148645401,0.4263836741447449,-0.24396397173404694,-0.17219026386737823,-0.01135669182986021,0.2451554536819458,0.04824504628777504,0.09370123594999313,-0.1029353067278862,-0.17681950330734253,-0.06816808134317398,0.25517159700393677,-0.04586469382047653,0.32278305292129517,0.03115285187959671,-0.1591077744960785,0.13695944845676422,-0.07430770993232727,-0.6281886696815491,-0.33117756247520447,-0.046736836433410645,-0.0071984268724918365
44,-0.4563825726509094,-0.4235462248325348,-0.2513675093650818,-0.02707085758447647,0.2991138994693756,0.03544296696782112,-0.13828985393047333,-0.06090845167636871,-0.07129833847284317,0.3292638063430786,0.14280261099338531,-0.27901509404182434,0.2866600453853607,-0.5366737246513367,0.15820248425006866,0.13536956906318665,0.26700854301452637,-0.11045399308204651,-0.01857985183596611,-0.2764469087123871,0.19422480463981628,4.242453724145889e-05,0.14520882070064545,0.3447756767272949,-0.14718405902385712,0.663959801197052,-0.4921388626098633,-0.17098557949066162,0.354043185710907,-0.18094788491725922,-0.22388160228729248,0.28213030099868774,0.4952710270881653,0.007583772763609886,0.09496118873357773,0.028422843664884567,0.04747466742992401,-0.16779009997844696,-0.3965637981891632,0.17206434905529022,0.2554589807987213,0.4588378667831421,-0.006823274306952953,-0.012609641999006271,0.12259246408939362,-0.3183005452156067,0.7334697842597961,-0.1126566231250763,-0.34972119331359863,0.3258901834487915,0.039247024804353714,0.0482528880238533,-0.18767952919006348,-0.23342393338680267,-0.4669365882873535,0.30762994289398193,-0.29457032680511475,0.4209144115447998,0.44908010959625244,-0.07599879801273346,0.25891631841659546,0.3874458372592926,-0.23406821489334106,-0.22282861173152924
440,0.2934567928314209,-0.00679687038064003,-0.16180641949176788,0.016747061163187027,-0.16088634729385376,-0.05285501480102539,0.21081750094890594,-0.07064060866832733,0.3520320653915405,-0.07940065860748291,-0.06591028720140457,0.2546761929988861,0.07751548290252686,-0.014147115871310234,-0.2088220864534378,-0.24426323175430298,0.03263074904680252,-0.1737557351589203,0.13401494920253754,-0.054207563400268555,-0.07081766426563263,0.0268015768378973,-0.24994035065174103,-0.0035694409161806107,0.05306452140212059,0.18912042677402496,0.25516098737716675,-0.14581313729286194,0.0790451169013977,-0.00015999702736735344,-0.20844011008739471,0.15555346012115479,0.04832656309008598,-0.15298280119895935,0.032979682087898254,-0.19790901243686676,0.283610999584198,0.10819954425096512,-0.320781946182251,0.02960306406021118,-0.23249773681163788,0.10264019668102264,0.021093502640724182,-0.15274880826473236,0.10056851804256439,0.16630104184150696,-0.013872003182768822,0.1269066035747528,-0.12194710224866867,-0.22085383534431458,0.32607680559158325,0.0811121016740799,0.2634648084640503,0.4468149244785309,0.14137554168701172,0.006491795182228088,0.4191439151763916,-0.07952170073986053,-0.16000217199325562,0.02841963991522789,-0.12110154330730438,-0.03945505991578102,0.2898538112640381,0.1861218363046646
441,0.08847507834434509,-0.3131283223628998,0.19153432548046112,-0.23651044070720673,-0.025645386427640915,0.266819030046463,-0.03337104246020317,0.09082742035388947,-0.0234373789280653,-0.15469865500926971,-0.15169577300548553,-0.08599700033664703,-0.026814090088009834,0.2805536985397339,0.18806880712509155,0.03264991194009781,0.12212922424077988,0.033606044948101044,0.0340135358273983,0.03572676703333855,0.009475111961364746,0.03483494371175766,0.041946813464164734,0.02688707411289215,0.08690294623374939,-0.14737284183502197,0.056736212223768234,0.17864032089710236,0.026468170806765556,-0.06270511448383331,-0.07978533208370209,-0.2889007329940796,0.27218830585479736,0.02984752133488655,-0.2076455056667328,-0.03525456786155701,-0.2510581314563751,0.1203395426273346,0.19968700408935547,-0.15076294541358948,-0.18678085505962372,0.0739506185054779,0.11072733998298645,0.02913265861570835,-0.016554471105337143,0.08456660807132721,-0.032962292432785034,-0.051009900867938995,0.006238357163965702,0.12016942352056503,0.2046782672405243,0.0975627601146698,0.08575094491243362,0.10891090333461761,-0.2861804664134979,0.38698339462280273,0.04601547122001648,0.14129599928855896,0.011531608179211617,-0.15295033156871796,0.08656904101371765,0.012398938648402691,-0.10026328265666962,0.19333088397979736
442,-0.11177745461463928,-0.5716378092765808,0.3421115279197693,-0.24649173021316528,-0.1556287705898285,0.07217546552419662,-0.04511856660246849,-0.48196426033973694,-0.14288024604320526,-0.10727089643478394,-0.4546271562576294,0.10102691501379013,-0.07972273230552673,-0.02016816847026348,0.5557265877723694,-0.17392170429229736,0.22750224173069,-0.21317601203918457,0.006389975547790527,-0.018627595156431198,-0.22787047922611237,-0.15807153284549713,0.17694757878780365,-0.08391290158033371,0.06243596225976944,0.36844402551651,-0.17915698885917664,-0.3641185760498047,0.1634969413280487,-0.17225518822669983,-0.06949607282876968,0.05076391249895096,0.4237898588180542,-0.08216691017150879,-0.05202928185462952,-0.2611936330795288,-0.011068989522755146,0.041761353611946106,0.12472830712795258,-0.22915662825107574,0.0610777772963047,0.06622015684843063,0.3178809881210327,0.20152977108955383,-0.23706436157226562,-0.01617174968123436,0.390632688999176,0.00033760443329811096,-0.2769414186477661,0.3914530575275421,0.19195374846458435,0.4256063401699066,-0.06647052615880966,0.1755683869123459,-0.07262364029884338,0.24102038145065308,-0.20775479078292847,-0.10773393511772156,-0.3948827385902405,0.14989744126796722,0.09340544790029526,0.21180157363414764,-0.04064058139920235,0.04126289486885071
443,0.10613709688186646,-0.08986715972423553,-0.10318680107593536,-0.28220775723457336,-0.26094335317611694,-0.29348886013031006,-0.08018629252910614,0.13644561171531677,0.0754009559750557,0.35734501481056213,-0.2268441766500473,-0.007531668990850449,0.22253060340881348,0.21690362691879272,-0.09882664680480957,0.14759887754917145,-0.0686047300696373,-0.013921072706580162,-0.15064501762390137,-0.07276204973459244,-0.3400934934616089,-0.2592869997024536,-0.1262725442647934,0.24609191715717316,0.313905268907547,-0.2544366419315338,0.24455057084560394,-0.26249372959136963,-0.08509203046560287,0.1727156937122345,-0.05101613700389862,-0.351273775100708,0.06839270144701004,0.03029024414718151,-0.1131843701004982,0.2409597784280777,-0.33029621839523315,0.11431405693292618,0.15301606059074402,0.08170720934867859,-0.13352172076702118,-0.07383661717176437,-0.3269311189651489,0.0618724450469017,0.05398809537291527,0.07999645173549652,-0.3240848481655121,-0.09023238718509674,0.017296720296144485,0.17856961488723755,-0.23149096965789795,-0.02344954013824463,0.01944819651544094,0.5022599697113037,-0.4342217445373535,-0.0402146652340889,-0.1774597018957138,0.207916259765625,-0.23492342233657837,-0.01765795797109604,-0.1419098675251007,-0.2789900004863739,-0.10690050572156906,0.30901920795440674
444,0.21778972446918488,0.012928757816553116,0.12779995799064636,0.11891432106494904,-0.2789158225059509,0.04774261265993118,0.16283832490444183,-0.01802515983581543,-0.17554065585136414,-0.3010486960411072,-0.13522805273532867,-0.010064412839710712,0.004734620451927185,0.035716962069272995,0.19593803584575653,0.07140545547008514,0.13394103944301605,-0.01593676581978798,0.12828074395656586,0.20036640763282776,-0.17414985597133636,0.1475454717874527,0.0654975175857544,0.002472463995218277,-0.17994342744350433,-0.18562369048595428,0.16345912218093872,-0.2805366516113281,-0.05521782487630844,-0.01962754875421524,0.3213281035423279,0.12239963561296463,0.1380777508020401,0.06825517117977142,0.10077784955501556,0.19589827954769135,0.12521736323833466,0.21561990678310394,0.18782120943069458,-0.034558944404125214,0.042836252599954605,0.009094987995922565,0.05253569409251213,0.25852495431900024,-0.11816133558750153,0.35018882155418396,-0.29385846853256226,0.09615899622440338,0.06667783111333847,-0.1794637143611908,-0.18883666396141052,0.2795109152793884,0.0031401049345731735,0.25536486506462097,0.479875773191452,-0.12435108423233032,0.2990027666091919,-0.11746451258659363,-0.1856079399585724,0.20759157836437225,-0.11978955566883087,-0.23451749980449677,0.23731017112731934,0.13442273437976837
445,-0.01667378842830658,0.1998046487569809,0.37518393993377686,-0.0685514360666275,0.3322910666465759,-0.237242192029953,-0.050595760345458984,-0.28139546513557434,-0.027660926803946495,0.026417963206768036,-0.06109272688627243,0.3712451457977295,-0.027770070359110832,0.0876777246594429,-0.04756426811218262,-0.10671764612197876,-0.04526538401842117,0.017330877482891083,-0.1692209541797638,-0.0056510381400585175,-0.304038941860199,-0.2290327101945877,0.07953926920890808,0.0511278361082077,-0.04720107838511467,-0.0022251219488680363,-0.2187260538339615,0.17357493937015533,0.22657588124275208,0.09515917301177979,-0.2615821957588196,0.095704086124897,-0.1563999503850937,-0.059326063841581345,-0.37630799412727356,-0.03418169170618057,0.08726686984300613,0.11544998735189438,0.05093080550432205,0.1399126648902893,0.0590314157307148,0.03769123554229736,0.09776560962200165,-0.1699146181344986,-0.22843720018863678,0.08277587592601776,0.01299937441945076,0.21269077062606812,0.2216375768184662,-0.3239021599292755,0.057358384132385254,-0.13178251683712006,0.10663110762834549,-0.26784613728523254,0.2983623743057251,0.05476483330130577,-0.027040664106607437,-0.08264904469251633,-0.04470166936516762,0.04110373556613922,-0.20037345588207245,-0.14688529074192047,-0.009475398808717728,-0.007830953225493431
446,0.08075648546218872,0.009809914976358414,-0.1462220698595047,0.0890100747346878,-0.44497209787368774,-0.16362842917442322,-0.25876888632774353,-0.017271660268306732,-0.033440589904785156,0.10159331560134888,-0.17626188695430756,0.058742474764585495,0.14283165335655212,0.31404909491539,-0.1426575481891632,0.43560197949409485,0.0676252469420433,-0.07942146062850952,0.14850489795207977,0.15751497447490692,-0.12225939333438873,-0.15666502714157104,0.0272771418094635,-0.15090666711330414,-0.16837604343891144,0.14995010197162628,0.15941892564296722,-0.280381977558136,0.2068762183189392,-0.14459769427776337,0.20254629850387573,-0.09850935637950897,-0.25181567668914795,-0.20490579307079315,-0.07403435558080673,-0.03761592507362366,-0.3838167190551758,-0.30031052231788635,-0.1899089813232422,0.021016767248511314,0.3693254888057709,0.153748020529747,-0.1766519844532013,0.08921737968921661,-0.24582745134830475,0.3724488914012909,0.044258225709199905,-0.062288641929626465,-0.16141092777252197,0.4047066867351532,0.03136696293950081,0.46325865387916565,0.4436653256416321,0.21446765959262848,-0.12727302312850952,0.15477406978607178,-0.4044918119907379,-0.042679160833358765,-0.19949182868003845,0.4079194664955139,0.05843310058116913,-0.2960711419582367,0.1528254747390747,-0.06940296292304993
447,0.2183830440044403,-0.10861682891845703,0.2169957011938095,-0.13893266022205353,-0.4472689628601074,0.07638166844844818,0.20223338901996613,-0.05397063493728638,-0.27999013662338257,0.29736173152923584,-0.10860625654459,-0.013088120147585869,0.10126063227653503,0.14263638854026794,0.18054446578025818,0.02765837125480175,0.05665571242570877,0.04728551208972931,-0.0645497664809227,0.16310454905033112,-0.2751266360282898,0.10940758138895035,0.00647948682308197,-0.044774141162633896,-0.05420292541384697,-0.0915050283074379,0.16028253734111786,-0.2796465754508972,-0.11498996615409851,0.0650094524025917,0.4323193430900574,-0.01747298613190651,0.08375906199216843,0.2637774646282196,-0.07255714386701584,0.3732965588569641,-0.01653575524687767,0.18898233771324158,0.2265799194574356,-0.1543307602405548,-0.10958355665206909,-0.11066283285617828,0.12637925148010254,0.15339699387550354,-0.19487130641937256,0.13861170411109924,-0.40691202878952026,-0.2955056428909302,-0.05974651500582695,-0.01312350295484066,-0.23858481645584106,0.12010860443115234,-0.09629953652620316,0.11370113492012024,0.15381485223770142,-0.31677377223968506,0.004982275888323784,0.05288016051054001,-0.19716238975524902,-0.10825466364622116,-0.01055850274860859,-0.16875262558460236,0.01753855124115944,0.10677504539489746
448,-0.40299391746520996,-0.02118341252207756,-0.2811480760574341,-0.1880989968776703,0.25283437967300415,0.1313420534133911,0.09052835404872894,0.06487634778022766,0.4498898386955261,0.006291779689490795,-0.2472826987504959,0.2173420637845993,0.14866936206817627,0.052540555596351624,-0.17802049219608307,-0.2985118627548218,-0.07251336425542831,0.13869835436344147,-0.1206054836511612,-0.01149640791118145,-0.13815073668956757,0.12295045703649521,-0.22599194943904877,-0.06526946276426315,0.21322408318519592,-0.013586948625743389,0.17183010280132294,-0.017794150859117508,0.06474287807941437,-0.006501750089228153,-0.3133013844490051,-0.09318840503692627,-0.06587366759777069,-0.21677933633327484,0.32042965292930603,-0.14004352688789368,0.2430422008037567,0.1107388436794281,-0.16210117936134338,-0.15367908775806427,-0.2197854071855545,0.1293000727891922,0.18164974451065063,-0.07201951742172241,0.15183022618293762,0.1077650785446167,0.19893142580986023,0.08369651436805725,0.29238367080688477,0.09665051102638245,-0.06400476396083832,-0.0020900359377264977,-0.06718511879444122,0.3980996608734131,-0.14278340339660645,-0.025334307923913002,0.419177383184433,0.09040548652410507,-0.2572152614593506,0.309201180934906,0.32387223839759827,0.21173179149627686,0.059835728257894516,0.42053815722465515
449,-0.09546768665313721,-0.4610545337200165,0.18746529519557953,-0.10441204160451889,-0.0633106455206871,0.06614615768194199,0.07455024123191833,-0.3590869605541229,-0.08663498610258102,-0.11700809001922607,-0.272091805934906,0.07067330181598663,-0.015160458162426949,-0.04018346220254898,0.4518779516220093,-0.13645219802856445,0.21617929637432098,-0.20738470554351807,0.032338809221982956,0.037793923169374466,-0.2334979921579361,-0.14201140403747559,0.13876867294311523,-0.01942361146211624,0.01974685862660408,0.28771549463272095,-0.1681726723909378,-0.2889145612716675,0.1841183602809906,-0.09071888029575348,-0.07845604419708252,0.08777851611375809,0.4150660037994385,-0.10084302723407745,-0.03701600432395935,-0.18167100846767426,0.08407550305128098,0.014583131298422813,-0.006176033988595009,-0.15454576909542084,0.0707634687423706,0.10342760384082794,0.24956083297729492,0.09540878236293793,-0.08509258925914764,-0.07982005178928375,0.24583852291107178,-0.03164898231625557,-0.30385351181030273,0.24904145300388336,0.1576271951198578,0.3342633545398712,-0.036163054406642914,0.2762414515018463,-0.010712065733969212,0.21963554620742798,-0.102635458111763,-0.0671597421169281,-0.26611578464508057,0.07811705768108368,0.0026524942368268967,0.24640589952468872,0.04045882076025009,0.14699643850326538
45,-0.00033161789178848267,-0.25951504707336426,-0.3732975125312805,0.05441020801663399,-0.4572789967060089,0.05074210464954376,-0.4819818437099457,-0.06126726418733597,-0.24851618707180023,0.19171786308288574,0.12180694192647934,-0.15965892374515533,0.16004343330860138,-0.28529608249664307,-0.2327824980020523,0.3949918746948242,0.4808889627456665,-0.1954176127910614,0.18576200306415558,-0.2140490561723709,0.4161420464515686,-0.08947677910327911,0.1857670396566391,0.15979331731796265,-0.07486514747142792,0.5066210627555847,-0.18964315950870514,-0.2884777784347534,0.5209640860557556,-0.3217393755912781,0.17061790823936462,0.23805400729179382,0.03405975177884102,0.3566267490386963,-0.041102372109889984,0.038757093250751495,-0.3555590510368347,-0.23605531454086304,-0.15943042933940887,0.253281831741333,0.1824485957622528,0.2718679904937744,-0.39911210536956787,0.07736095041036606,-0.10676676034927368,0.16959530115127563,0.6920387148857117,0.024827567860484123,-0.44923707842826843,0.2758629024028778,0.3503764867782593,0.47863832116127014,-0.0339188426733017,-0.23467253148555756,-0.542647659778595,0.3534093499183655,-0.5007161498069763,0.4639810621738434,0.39218127727508545,0.0541575625538826,0.18228651583194733,-0.00844579841941595,-0.09874404221773148,-0.32052019238471985
450,-0.09701232612133026,0.002195071429014206,0.06458605080842972,-0.26624855399131775,0.2315349578857422,0.00482158362865448,-0.1017812043428421,-0.14268353581428528,0.17202313244342804,0.09078468382358551,-0.10538541525602341,0.008637023158371449,0.056130990386009216,0.02796035259962082,0.08494968712329865,-0.12839457392692566,-0.07377655059099197,-0.040088899433612823,-0.22500236332416534,-0.24651390314102173,-0.1348704993724823,-0.11985888332128525,-0.09556856751441956,0.13802669942378998,0.16013410687446594,-0.039395783096551895,0.13964873552322388,-0.029235586524009705,0.09112654626369476,0.08869772404432297,-0.14471930265426636,-0.03628292679786682,0.027385760098695755,0.050491802394390106,0.1494714915752411,-0.038444582372903824,-0.0648169219493866,-0.022963747382164,0.07465853542089462,-0.10251748561859131,0.07008381187915802,0.1671523153781891,0.057525232434272766,-0.1611141711473465,0.010089393705129623,0.0682227686047554,0.16570690274238586,-0.026405397802591324,0.11310053616762161,0.01655741222202778,-0.10813487321138382,0.16486486792564392,0.19042915105819702,0.1915367692708969,-0.03703201934695244,-0.0297841876745224,0.07663309574127197,-0.019804492592811584,-0.3775044083595276,0.23271925747394562,0.20608417689800262,0.04960303008556366,-0.12851010262966156,0.11654496937990189
451,0.10280301421880722,0.2697839140892029,0.20746035873889923,0.23655763268470764,-0.2550620138645172,-0.09363265335559845,-0.26294171810150146,0.12167862802743912,-0.16809667646884918,0.10868075489997864,-0.11325231939554214,-0.28336626291275024,0.25776010751724243,0.08515632897615433,-0.14641810953617096,0.1712321937084198,0.08226744830608368,0.06940494477748871,-0.132239431142807,0.22692933678627014,-0.001947592943906784,0.0738561674952507,-0.4022647440433502,-0.2550846338272095,-0.19048826396465302,-0.13872475922107697,-0.09005190432071686,-0.14821089804172516,-0.28349581360816956,0.11129311472177505,0.3766046464443207,0.20942360162734985,-0.23593993484973907,0.07422727346420288,0.06563453376293182,0.26572656631469727,-0.16205960512161255,-0.04932577908039093,0.07066259533166885,0.17622010409832,0.09372164309024811,0.05488394573330879,-0.2976488471031189,0.13008014857769012,0.13458262383937836,0.025589659810066223,-0.27654311060905457,-0.2885781526565552,-0.03424091264605522,-0.05103324353694916,0.029612800106406212,0.22033247351646423,-0.01903572492301464,0.20347626507282257,0.14929398894309998,-0.13075578212738037,-0.2827901542186737,-0.021937012672424316,-0.029530417174100876,-0.021562613546848297,-0.036141104996204376,-0.019840868189930916,0.022329969331622124,-0.23301558196544647
452,-0.403480589389801,-0.020608175545930862,-0.2848920226097107,-0.1942756175994873,0.2633148729801178,0.1276126652956009,0.06895805895328522,0.0589483305811882,0.4403863251209259,0.030018523335456848,-0.235764279961586,0.20987223088741302,0.15389268100261688,0.05475834757089615,-0.1738523691892624,-0.2900257110595703,-0.07380876690149307,0.1425253301858902,-0.1162908524274826,-0.008703179657459259,-0.13440263271331787,0.10246067494153976,-0.2129807323217392,-0.05863681435585022,0.20238594710826874,-0.03026367910206318,0.14970919489860535,-0.023456085473299026,0.07860724627971649,-0.012565940618515015,-0.3103451430797577,-0.0888395830988884,-0.060812707990407944,-0.21425700187683105,0.31035545468330383,-0.13140662014484406,0.21447128057479858,0.10362740606069565,-0.1573527753353119,-0.1384158730506897,-0.2000400722026825,0.1292364001274109,0.18082648515701294,-0.07223398983478546,0.14695142209529877,0.08846728503704071,0.19928300380706787,0.09453709423542023,0.29690247774124146,0.08746854215860367,-0.06892358511686325,0.004929122515022755,-0.07109349220991135,0.37959668040275574,-0.16220057010650635,-0.013030555099248886,0.40697747468948364,0.09331519901752472,-0.2662126123905182,0.32332509756088257,0.3132833242416382,0.19807474315166473,0.04932660236954689,0.39804086089134216
453,-0.11330142617225647,0.07288547605276108,-0.12434534728527069,0.29523614048957825,0.17545461654663086,-0.043429113924503326,0.3600689172744751,-0.00968635082244873,0.25306662917137146,-0.2137877643108368,-0.2531011700630188,0.04318308085203171,0.20321732759475708,-0.09726332873106003,-0.16522078216075897,-0.18257424235343933,0.08035476505756378,-0.00866822898387909,0.09244674444198608,0.14228054881095886,-0.1865655928850174,0.20351825654506683,0.015355868265032768,-0.015978306531906128,-0.3705545961856842,-0.17578914761543274,0.1439819633960724,-0.19940495491027832,0.1716921180486679,-0.2021813690662384,-0.20254454016685486,0.4518938362598419,0.06210988387465477,-0.08195804059505463,0.22220665216445923,0.08762817084789276,0.4625411629676819,-0.05777322128415108,-0.27574479579925537,0.14042457938194275,-0.10405586659908295,0.21555303037166595,0.06298978626728058,-0.01425456628203392,0.08008146286010742,0.24477145075798035,-0.060905322432518005,0.21833188831806183,0.24404366314411163,-0.36523815989494324,-0.14503562450408936,0.21074318885803223,-0.08076559752225876,0.35268449783325195,0.344774454832077,-0.1832430064678192,0.5124459266662598,-0.07861843705177307,-0.35560694336891174,0.4746069312095642,-0.0007935706526041031,0.027120670303702354,0.5148947238922119,0.25838586688041687
454,0.2584613859653473,0.17211024463176727,0.16837166249752045,0.4435003697872162,-0.20308849215507507,0.031950101256370544,0.20315833389759064,0.30193841457366943,-0.22401989996433258,-0.3241526782512665,0.012353271245956421,-0.20353005826473236,0.24428990483283997,0.022808190435171127,-0.018631212413311005,0.3656444251537323,0.16598142683506012,-0.022926542907953262,0.26384449005126953,0.5704836845397949,0.025303184986114502,-0.004725659266114235,-0.210540771484375,-0.3035329580307007,-0.42463448643684387,-0.47127312421798706,-0.11665970087051392,-0.17776544392108917,-0.44585105776786804,0.06632037460803986,0.2399137169122696,0.19584479928016663,0.05553780123591423,-0.12029623985290527,0.11029282212257385,0.18863792717456818,0.06801252067089081,0.11682737618684769,-0.07513637840747833,0.3317483067512512,0.22409100830554962,0.02670004591345787,-0.1340349316596985,0.17645464837551117,0.20748817920684814,0.2316644787788391,-0.33577752113342285,0.035607412457466125,0.02402782067656517,-0.19071100652217865,-0.03235821798443794,0.20283757150173187,0.04387679696083069,0.39968767762184143,0.4823448657989502,0.21136510372161865,0.11665911972522736,-0.19163662195205688,0.0761953592300415,-0.056041497737169266,-0.2480940967798233,-0.03805304691195488,0.08712500333786011,0.04649394005537033
455,0.28899019956588745,-0.14845010638237,0.2697346806526184,-0.15112055838108063,-0.205048069357872,-0.32574209570884705,0.1320013552904129,0.34742096066474915,-0.3145589530467987,0.39665576815605164,-0.14308573305606842,0.3913850784301758,0.233592689037323,0.3836025297641754,-0.062008485198020935,0.13318750262260437,-0.20560139417648315,-0.07560732215642929,0.06418134272098541,0.08510131388902664,-0.12274148315191269,-0.07502902299165726,0.028249483555555344,0.07122132182121277,-0.15328188240528107,-0.27930012345314026,0.07933427393436432,-0.22299398481845856,-0.1744169145822525,-0.10671275854110718,-0.19472339749336243,-0.20684367418289185,0.22431957721710205,-0.09135878086090088,-0.4242321848869324,0.08457167446613312,-0.3271569609642029,-0.2517481744289398,-0.30808165669441223,0.3815561830997467,-0.14853328466415405,-0.2338789850473404,-0.10813667625188828,-0.06886836886405945,-0.1427953690290451,0.015416577458381653,-0.3292091488838196,0.044323697686195374,-0.06910882890224457,-0.0008326470851898193,-0.10849872976541519,-0.29335838556289673,0.25712281465530396,-0.01829170435667038,-0.0756736621260643,-0.07803337275981903,-0.23277190327644348,0.07931765913963318,0.13150791823863983,-0.20804361999034882,0.017722485587000847,-0.17464783787727356,0.13571712374687195,-0.14361976087093353
456,0.0876021608710289,-0.299897164106369,0.024326004087924957,0.06520070135593414,-0.1842176914215088,-0.04382592439651489,0.1141136884689331,0.14088726043701172,0.0867580845952034,-0.24668970704078674,-0.20608879625797272,0.16758009791374207,-0.12698104977607727,-0.07463916391134262,0.1254832148551941,0.10034038126468658,-0.05764513462781906,-0.014727268368005753,0.14911209046840668,-0.17586688697338104,-0.004681995138525963,-0.0009690187871456146,-0.010135622695088387,-0.0431533008813858,-0.05368718132376671,0.22717106342315674,0.19866397976875305,-0.055272117257118225,-0.14280346035957336,0.2691289186477661,0.09974946826696396,-0.1491866111755371,0.24819369614124298,-0.30983811616897583,-0.030049437656998634,0.08782525360584259,0.32560235261917114,0.30424821376800537,-0.2590796649456024,-0.19286520779132843,-0.07824110239744186,0.08774898946285248,0.259437620639801,0.1842852085828781,-0.07811455428600311,0.058559708297252655,0.08755149692296982,0.06139623001217842,0.015627097338438034,-0.028615230694413185,-0.006493487395346165,-0.10123006999492645,0.054943397641181946,0.3071538507938385,-0.02041538804769516,0.2094990313053131,0.2445540428161621,-0.17438137531280518,0.10838191956281662,-0.2544007897377014,-0.3104841113090515,-0.09385614842176437,-0.07912243902683258,0.11321550607681274
457,-0.04666617512702942,0.1721915304660797,-0.03771263360977173,-0.27016279101371765,0.16914936900138855,-0.05571216344833374,-0.26998692750930786,-0.07989063113927841,0.05108856409788132,0.009522952139377594,-0.09746546298265457,-0.049843546003103256,-0.12368796765804291,0.2748814523220062,0.014450641348958015,0.03504834324121475,-0.10478559881448746,0.13852161169052124,-0.3062189221382141,-0.4815470576286316,-0.0867171436548233,-0.3208993375301361,-0.1923425942659378,0.13907185196876526,0.34816330671310425,-0.13419458270072937,0.37172365188598633,-0.14793731272220612,-0.11702853441238403,0.05776051804423332,0.07125459611415863,-0.21210536360740662,-0.33311736583709717,0.1928735375404358,0.009280986152589321,0.06965869665145874,-0.4045984148979187,-0.25063416361808777,0.371909499168396,-0.16049279272556305,0.16185089945793152,-0.1400711089372635,-0.26436418294906616,-0.16368140280246735,-0.1531471163034439,0.2764630615711212,-0.08976763486862183,-0.09780506044626236,-0.0807894691824913,0.096925288438797,-0.2713555097579956,0.1461024135351181,0.45319533348083496,0.23521867394447327,-0.14020904898643494,-0.0128270722925663,-0.2861461639404297,0.012577949091792107,-0.5000442266464233,0.3244476914405823,0.1612045019865036,-0.06839524954557419,-0.13251101970672607,0.02806377038359642
458,0.08075648546218872,0.009809914976358414,-0.1462220698595047,0.0890100747346878,-0.44497209787368774,-0.16362842917442322,-0.25876888632774353,-0.017271660268306732,-0.033440589904785156,0.10159331560134888,-0.17626188695430756,0.058742474764585495,0.14283165335655212,0.31404909491539,-0.1426575481891632,0.43560197949409485,0.0676252469420433,-0.07942146062850952,0.14850489795207977,0.15751497447490692,-0.12225939333438873,-0.15666502714157104,0.0272771418094635,-0.15090666711330414,-0.16837604343891144,0.14995010197162628,0.15941892564296722,-0.280381977558136,0.2068762183189392,-0.14459769427776337,0.20254629850387573,-0.09850935637950897,-0.25181567668914795,-0.20490579307079315,-0.07403435558080673,-0.03761592507362366,-0.3838167190551758,-0.30031052231788635,-0.1899089813232422,0.021016767248511314,0.3693254888057709,0.153748020529747,-0.1766519844532013,0.08921737968921661,-0.24582745134830475,0.3724488914012909,0.044258225709199905,-0.062288641929626465,-0.16141092777252197,0.4047066867351532,0.03136696293950081,0.46325865387916565,0.4436653256416321,0.21446765959262848,-0.12727302312850952,0.15477406978607178,-0.4044918119907379,-0.042679160833358765,-0.19949182868003845,0.4079194664955139,0.05843310058116913,-0.2960711419582367,0.1528254747390747,-0.06940296292304993
459,0.2183830440044403,-0.10861682891845703,0.2169957011938095,-0.13893266022205353,-0.4472689628601074,0.07638166844844818,0.20223338901996613,-0.05397063493728638,-0.27999013662338257,0.29736173152923584,-0.10860625654459,-0.013088120147585869,0.10126063227653503,0.14263638854026794,0.18054446578025818,0.02765837125480175,0.05665571242570877,0.04728551208972931,-0.0645497664809227,0.16310454905033112,-0.2751266360282898,0.10940758138895035,0.00647948682308197,-0.044774141162633896,-0.05420292541384697,-0.0915050283074379,0.16028253734111786,-0.2796465754508972,-0.11498996615409851,0.0650094524025917,0.4323193430900574,-0.01747298613190651,0.08375906199216843,0.2637774646282196,-0.07255714386701584,0.3732965588569641,-0.01653575524687767,0.18898233771324158,0.2265799194574356,-0.1543307602405548,-0.10958355665206909,-0.11066283285617828,0.12637925148010254,0.15339699387550354,-0.19487130641937256,0.13861170411109924,-0.40691202878952026,-0.2955056428909302,-0.05974651500582695,-0.01312350295484066,-0.23858481645584106,0.12010860443115234,-0.09629953652620316,0.11370113492012024,0.15381485223770142,-0.31677377223968506,0.004982275888323784,0.05288016051054001,-0.19716238975524902,-0.10825466364622116,-0.01055850274860859,-0.16875262558460236,0.01753855124115944,0.10677504539489746
46,0.09801118075847626,-0.045081306248903275,0.10055495798587799,0.317231684923172,-0.05057791620492935,-0.10867363214492798,0.2856748402118683,-0.2433968484401703,-0.05592219531536102,0.5207085013389587,0.17659695446491241,-0.34552091360092163,0.16929572820663452,-0.44472038745880127,0.17761220037937164,0.0256436076015234,0.01255481131374836,0.15564905107021332,-0.005849645473062992,0.1636534333229065,0.01314162090420723,0.05710052698850632,0.0006410926580429077,-0.10740949213504791,-0.4387461245059967,0.028065556660294533,-0.18955163657665253,-0.13208001852035522,-0.13445846736431122,-0.07655391097068787,0.3323677182197571,0.2987969219684601,0.17668165266513824,0.14471903443336487,0.04865879565477371,0.02256922423839569,0.36002790927886963,-0.24537473917007446,-0.08449676632881165,0.20525871217250824,0.274941086769104,-0.0941494032740593,0.2845355272293091,-0.32528209686279297,0.38158467411994934,0.024843506515026093,0.04978383705019951,-0.48426294326782227,-0.13697931170463562,-0.1489126980304718,-0.02840499021112919,-0.11742514371871948,-0.2639039158821106,-0.3123554289340973,0.42925500869750977,-0.3830278515815735,-0.014517131261527538,-0.2413998544216156,0.08821741491556168,-0.492239773273468,0.025153737515211105,0.111268050968647,-0.06605906039476395,-0.3097163736820221
460,0.15415184199810028,0.09503616392612457,-0.17019471526145935,-0.1232387125492096,-0.2826700210571289,-0.21966055035591125,-0.13080593943595886,0.07054728269577026,0.2417363077402115,0.03688482195138931,-0.21505534648895264,-0.036494359374046326,0.08516547083854675,0.15452530980110168,-0.19085778295993805,0.10534729063510895,-0.008868608623743057,0.008842886425554752,-0.08789466321468353,-0.1452789604663849,-0.30106157064437866,-0.2615170478820801,-0.1760774701833725,0.12512335181236267,0.36046189069747925,-0.09642920643091202,0.26302289962768555,-0.31686902046203613,-0.11546662449836731,0.14099280536174774,0.06559935957193375,-0.2593434154987335,-0.10106723755598068,-0.0009492505341768265,0.06138245016336441,0.048654139041900635,-0.04977671056985855,0.040604207664728165,0.14670947194099426,-0.01968545839190483,-0.06381639838218689,-0.014638138003647327,-0.26049041748046875,0.09833472222089767,0.12227927148342133,0.1680161952972412,-0.1354709416627884,-0.05227375775575638,-0.0328977145254612,0.21975670754909515,-0.15446949005126953,0.1062823235988617,0.1491939127445221,0.578877866268158,-0.1714707612991333,-0.07327694445848465,-0.05855685472488403,0.10858684778213501,-0.22805580496788025,0.1197354644536972,-0.14462827146053314,-0.240924671292305,-0.06468208879232407,0.27561429142951965
461,0.2879655957221985,-0.6270647644996643,0.2815587520599365,-0.4703002870082855,0.01598026417195797,0.690141499042511,-0.2206852287054062,-0.06175581365823746,-0.030263306573033333,0.13203546404838562,0.0448794960975647,-0.33787840604782104,0.26082202792167664,0.4807852506637573,0.1189737394452095,0.25719186663627625,0.5586979389190674,0.21689894795417786,0.12453605234622955,0.17809468507766724,0.1933896243572235,0.08496364951133728,-0.10556396842002869,-0.02151494473218918,-0.28669315576553345,0.09191548079252243,-0.12361285090446472,0.5394808650016785,0.4243462085723877,-0.3858163058757782,-0.0535908043384552,-0.3272527754306793,0.4944121241569519,0.1761903613805771,-0.7340225577354431,-0.08968358486890793,-0.5967774987220764,0.12360108643770218,0.21219585835933685,-0.08368295431137085,-0.20907962322235107,0.4339540898799896,0.4001178443431854,-0.3921087980270386,0.07047438621520996,0.15981358289718628,0.21760426461696625,-0.43671584129333496,0.0011087050661444664,0.19529308378696442,0.8917011618614197,0.27028781175613403,0.40323406457901,-0.36902517080307007,-0.5330659747123718,1.0791964530944824,0.1250925213098526,0.38693881034851074,0.41493725776672363,-0.5708435773849487,0.20569364726543427,-0.06057184189558029,-0.30062136054039,0.04860949516296387
462,0.2397109568119049,-0.6779747605323792,0.2915397882461548,-0.6023589372634888,0.19588565826416016,0.902557909488678,-0.3987951874732971,-0.20640230178833008,-0.12340789288282394,0.15266819298267365,0.16907885670661926,-0.40760648250579834,0.17488251626491547,0.5389734506607056,0.2160537987947464,0.36105993390083313,0.7153433561325073,0.2934940755367279,0.043685417622327805,0.23873937129974365,0.2553222179412842,0.11665384471416473,-0.11714828759431839,-0.04564935714006424,-0.3503366708755493,0.19982662796974182,-0.17836302518844604,0.6681185364723206,0.5922393798828125,-0.6592502593994141,-0.035539016127586365,-0.20203426480293274,0.5087465047836304,0.3637956380844116,-0.798672616481781,-0.04440220817923546,-0.8789935111999512,-0.08624941110610962,0.2644985616207123,-0.12698841094970703,-0.09771387279033661,0.6354846358299255,0.5284144878387451,-0.4989875555038452,-0.06552013009786606,0.13474862277507782,0.35227537155151367,-0.4707421660423279,-0.025326386094093323,0.3176945745944977,1.0129213333129883,0.48686012625694275,0.6398387551307678,-0.6221715211868286,-0.6755570769309998,1.2996926307678223,-0.0027379486709833145,0.386389821767807,0.49885356426239014,-0.5299615263938904,0.3543270230293274,-0.004576180130243301,-0.2844833731651306,-0.09531717002391815
463,0.2397109568119049,-0.6779747605323792,0.2915397882461548,-0.6023589372634888,0.19588565826416016,0.902557909488678,-0.3987951874732971,-0.20640230178833008,-0.12340789288282394,0.15266819298267365,0.16907885670661926,-0.40760648250579834,0.17488253116607666,0.5389734506607056,0.2160537987947464,0.36105993390083313,0.7153433561325073,0.2934940755367279,0.043685417622327805,0.23873937129974365,0.2553222179412842,0.11665384471416473,-0.11714828759431839,-0.04564935714006424,-0.3503367006778717,0.19982662796974182,-0.17836302518844604,0.6681185364723206,0.5922393798828125,-0.6592502593994141,-0.03553900867700577,-0.20203426480293274,0.5087465047836304,0.3637956380844116,-0.798672616481781,-0.04440220817923546,-0.8789935111999512,-0.08624941110610962,0.26449859142303467,-0.12698839604854584,-0.09771387279033661,0.6354846358299255,0.5284144878387451,-0.4989875555038452,-0.06552013009786606,0.13474862277507782,0.35227537155151367,-0.4707421660423279,-0.025326382368803024,0.3176945745944977,1.0129213333129883,0.48686009645462036,0.639838695526123,-0.6221715211868286,-0.6755570769309998,1.2996926307678223,-0.0027379468083381653,0.386389821767807,0.49885356426239014,-0.5299615263938904,0.3543270230293274,-0.004576180130243301,-0.2844833731651306,-0.09531717002391815
464,-0.08703093975782394,-0.30375149846076965,0.003730425611138344,-0.26056545972824097,-0.2121729701757431,-0.29962560534477234,-0.021142883226275444,-0.042282603681087494,0.04547269642353058,0.2897941470146179,-0.1765841841697693,-0.04643578454852104,-0.11442626267671585,-0.34691035747528076,0.007529889233410358,0.014511404559016228,-0.0818973034620285,0.11094141751527786,-0.13195140659809113,-0.12001007050275803,0.09129482507705688,0.21661803126335144,-0.13430005311965942,0.27753520011901855,0.12675878405570984,-0.13401278853416443,0.2007674127817154,-0.058203697204589844,-0.1801110804080963,-0.030132172629237175,0.03984104469418526,0.15238440036773682,0.20310311019420624,0.10103897750377655,0.06689774990081787,0.2445511370897293,-0.38803571462631226,0.29033687710762024,0.32579877972602844,0.13418428599834442,-0.10908359289169312,-0.013316282071173191,-0.2707916498184204,0.1476116180419922,-0.2725578844547272,0.20229196548461914,-0.0998247042298317,0.12786439061164856,0.20192313194274902,-0.32145920395851135,0.007744436152279377,-0.11440464854240417,-0.3434930145740509,0.06222476810216904,-0.40888890624046326,-0.019668597728013992,0.021255578845739365,0.08774163573980331,-0.061869338154792786,-0.18157905340194702,-0.07920648157596588,-0.1948980987071991,-0.08442825824022293,-0.0024536345154047012
465,-0.09990765154361725,-0.08715184032917023,0.4206198453903198,-0.5134654641151428,-0.17913323640823364,-0.3765721023082733,0.3677826523780823,-0.16583681106567383,-0.04519276320934296,0.2643388509750366,-0.17563386261463165,-0.22425834834575653,-0.291201114654541,-0.520700991153717,-0.16413673758506775,-0.2511785328388214,-0.05841700732707977,0.06946931779384613,-0.23378251492977142,-0.10318519920110703,0.383298397064209,0.7815155386924744,-0.28883594274520874,0.12221841514110565,-0.0917322039604187,-0.1645352691411972,0.4387287497520447,0.30076295137405396,-0.41056862473487854,-0.4126514494419098,0.1464478075504303,0.7664358019828796,-0.10672347247600555,0.3982633650302887,0.33873918652534485,0.20826812088489532,-0.7646569609642029,0.17692747712135315,0.697106659412384,0.09668128192424774,-0.257750004529953,0.19544677436351776,-0.5238948464393616,0.03813662752509117,-0.7008510231971741,0.4394400417804718,0.02044733241200447,0.13849365711212158,0.7818301320075989,-0.7722134590148926,0.18686579167842865,-0.12912526726722717,-0.3930034935474396,-0.5043075680732727,-0.14686985313892365,-0.15022751688957214,0.04948780685663223,-0.06911569833755493,-0.20200376212596893,-0.2612018287181854,0.17439937591552734,-0.1875237375497818,-0.17682848870754242,-0.1712600588798523
466,-0.02864178642630577,-0.24552114307880402,0.1299845278263092,-0.11622017621994019,-0.18393081426620483,-0.19284087419509888,-0.013917098753154278,-0.025189757347106934,-0.0328030064702034,0.2535887062549591,-0.07494796067476273,0.07743866741657257,-0.13519643247127533,-0.2319432497024536,0.05378127843141556,0.05214831978082657,-0.17048829793930054,0.07809188961982727,-0.14136946201324463,0.09903892129659653,0.04959305375814438,0.2848077416419983,-0.12758246064186096,0.046257272362709045,-0.10123547911643982,-0.12548542022705078,0.16938963532447815,0.06464426964521408,-0.10895243287086487,-0.03755727410316467,0.1272309422492981,0.07826592773199081,0.17430688440799713,0.0838019996881485,0.015811270102858543,0.2131788432598114,-0.21073536574840546,0.20134583115577698,0.08339902758598328,0.10815787315368652,-0.13766445219516754,0.009752781130373478,0.020764730870723724,0.07505382597446442,-0.262675940990448,0.12390987575054169,-0.12899751961231232,0.05564926937222481,0.24955818057060242,-0.3010205924510956,0.015986548736691475,-0.10386918485164642,-0.21124446392059326,-0.046451594680547714,-0.15699806809425354,-0.1703532338142395,0.08122742176055908,-0.10930948704481125,0.013390297070145607,-0.23024506866931915,-0.019865727052092552,-0.08670343458652496,0.05728401243686676,-0.0902465432882309
467,-0.23154664039611816,-0.15708298981189728,0.22202032804489136,-0.24832656979560852,-0.03058144450187683,-0.2995556890964508,0.21038956940174103,-0.10511446744203568,0.014351507648825645,0.042929403483867645,-0.09440687298774719,-0.2707460820674896,-0.42492595314979553,-0.5215514302253723,0.034156445413827896,-0.09954811632633209,-0.10735345631837845,-0.00375299621373415,-0.16265453398227692,-0.13857117295265198,0.44042354822158813,0.6659213900566101,-0.18303124606609344,0.12307524681091309,-0.06277228891849518,-0.08687269687652588,0.38226255774497986,0.34887516498565674,-0.3682684600353241,-0.231276273727417,0.07851681113243103,0.5893998742103577,-0.06245165690779686,0.1647757589817047,0.37401479482650757,0.149435892701149,-0.5535602569580078,0.21539048850536346,0.5268648266792297,0.0289250947535038,-0.10305696725845337,0.1057940274477005,-0.44310683012008667,0.1634756624698639,-0.6052356362342834,0.3202041983604431,-0.0006047268398106098,0.2362663596868515,0.5503756999969482,-0.5765289068222046,0.14533421397209167,-0.1654110997915268,-0.4005935490131378,-0.37209978699684143,-0.23297767341136932,-0.05194750428199768,0.03414532169699669,-0.17808747291564941,-0.08184158056974411,-0.20646187663078308,0.042652230709791183,-0.17707200348377228,-0.09366163611412048,-0.17143142223358154
468,-0.2491370439529419,0.12376514077186584,0.24136312305927277,-0.4160141050815582,-0.17185653746128082,-0.48240408301353455,0.33173733949661255,-0.09211723506450653,0.26372504234313965,0.0728367269039154,-0.279636025428772,-0.26692983508110046,-0.11651448905467987,-0.33485227823257446,-0.44752347469329834,-0.227012038230896,-0.012497982010245323,-0.02207808569073677,-0.08145077526569366,-0.05114893615245819,0.26706570386886597,0.6002703309059143,-0.2850010097026825,0.06867184489965439,-0.17853598296642303,-0.0509471669793129,0.40607982873916626,0.335186243057251,-0.1165395975112915,-0.4303623139858246,0.10986519604921341,0.5531569123268127,-0.2138654589653015,0.08968475461006165,0.39647048711776733,-0.11324863880872726,-0.5706029534339905,0.09302351623773575,0.47362220287323,0.07365615665912628,-0.2790847420692444,0.4518253803253174,-0.4774664044380188,-0.02203131839632988,-0.43914955854415894,0.38193759322166443,0.3384796977043152,0.09852846711874008,1.0541799068450928,-0.6411132216453552,0.3085862398147583,-0.02978423237800598,-0.35939645767211914,-0.3708752989768982,-0.07869559526443481,-0.016332414001226425,0.18138206005096436,0.03601681813597679,-0.17836788296699524,0.02571815997362137,0.15238690376281738,-0.2279900163412094,-0.29963937401771545,-0.0031751450151205063
469,-0.2752314805984497,0.15491031110286713,0.1779097020626068,-0.3479769229888916,-0.14504113793373108,-0.46200862526893616,0.280356764793396,-0.05840980261564255,0.3129409849643707,0.03812624514102936,-0.2722471058368683,-0.2556130588054657,-0.05002443492412567,-0.26220303773880005,-0.47190314531326294,-0.19486892223358154,-0.008444851264357567,-0.03616713359951973,-0.04289524257183075,-0.01226448081433773,0.2048388570547104,0.5153653025627136,-0.2502521276473999,0.03887235373258591,-0.19293445348739624,-0.01281475555151701,0.3423680067062378,0.31173133850097656,-0.022027870640158653,-0.39605364203453064,0.08511586487293243,0.43283703923225403,-0.21707642078399658,-0.00459396094083786,0.36873859167099,-0.16503281891345978,-0.46478772163391113,0.08329184353351593,0.35850757360458374,0.06289498507976532,-0.2546936571598053,0.47861379384994507,-0.41332876682281494,-0.021379504352808,-0.336839497089386,0.3235659599304199,0.37639516592025757,0.08872931450605392,1.0291149616241455,-0.5389841198921204,0.29850542545318604,-0.017872903496026993,-0.31921660900115967,-0.314378947019577,-0.06125297397375107,0.0028531216084957123,0.20010459423065186,0.06178195774555206,-0.14923322200775146,0.08769761025905609,0.13848841190338135,-0.22600966691970825,-0.29491499066352844,0.033401601016521454
47,-0.5074204206466675,-0.03522764518857002,-0.21443943679332733,-0.016060572117567062,0.5602177977561951,-0.059028081595897675,0.07986132800579071,-0.0024608783423900604,0.17248566448688507,0.1064656674861908,0.1573093682527542,-0.32302427291870117,-0.04365834593772888,-0.4524306356906891,0.15583835542201996,-0.15236875414848328,-0.030607713386416435,0.01088170800358057,-0.2897048592567444,-0.4251668453216553,0.09634886682033539,-0.03755422681570053,-0.24370764195919037,0.274850070476532,0.1047159880399704,0.5442374348640442,0.018712222576141357,0.05766182765364647,-0.021785220131278038,-0.011431587859988213,-0.2824517786502838,-0.0043249111622571945,0.2212865799665451,-0.01592271402478218,0.11754825711250305,0.02614426612854004,0.3405606746673584,0.07039906084537506,-0.2900313436985016,-0.05632338300347328,0.03325521573424339,0.1102299764752388,0.08546047657728195,-0.1531090885400772,0.1941474974155426,-0.2058306336402893,0.258749783039093,-0.13368181884288788,-0.17263802886009216,-0.002953082323074341,-0.04663442075252533,-0.3693849444389343,-0.034598127007484436,-0.15023158490657806,-0.22605688869953156,-0.06596346199512482,0.020249340683221817,0.27713829278945923,0.33163776993751526,-0.23685123026371002,0.1929781287908554,0.23850229382514954,-0.31803226470947266,-0.04786578565835953
470,-0.08843082189559937,-0.07463899254798889,0.2975764274597168,-0.3482377231121063,-0.06862357258796692,-0.226129412651062,0.24482972919940948,-0.11387231200933456,-0.055255189538002014,0.13064783811569214,-0.12669877707958221,-0.15742787718772888,-0.35499271750450134,-0.43445777893066406,-0.020444020628929138,-0.21948105096817017,-0.05817665159702301,0.07969421148300171,-0.19220156967639923,-0.1679460108280182,0.337110698223114,0.5647460222244263,-0.1927749663591385,0.07483267784118652,0.007089380174875259,-0.12253998219966888,0.3136415481567383,0.2546098232269287,-0.40427377820014954,-0.2554132640361786,0.09500306844711304,0.6215652227401733,-0.09009965509176254,0.2948317229747772,0.28591179847717285,0.14466987550258636,-0.5339010953903198,0.11254023015499115,0.5392889380455017,0.03848933055996895,-0.15085053443908691,0.03932603821158409,-0.38263219594955444,0.08831954747438431,-0.5654743313789368,0.2819007337093353,-0.0024596289731562138,0.14851945638656616,0.46372032165527344,-0.5703064203262329,0.12879934906959534,-0.1152096688747406,-0.31634193658828735,-0.34488967061042786,-0.17376023530960083,-0.07729421555995941,-0.03661678731441498,-0.1020079180598259,-0.1404004991054535,-0.24599860608577728,0.11404721438884735,-0.08150015026330948,-0.1250240057706833,-0.14136813580989838
471,-0.28902748227119446,0.12445726990699768,0.11801140010356903,-0.3394838571548462,-0.08227827399969101,-0.3974999785423279,0.32567933201789856,-0.06403251737356186,0.30426734685897827,-0.004762297496199608,-0.30436116456985474,-0.29042381048202515,-0.13010984659194946,-0.3147454857826233,-0.32599788904190063,-0.22148765623569489,0.007958635687828064,-0.011431409046053886,-0.04531348496675491,-0.07848947495222092,0.24697907269001007,0.5314079523086548,-0.25979018211364746,0.05048690736293793,-0.11499495804309845,-0.03475647419691086,0.37136131525039673,0.2656185030937195,-0.17631596326828003,-0.39319321513175964,0.04251863807439804,0.5030063390731812,-0.1894168108701706,-0.0030369479209184647,0.46304944157600403,-0.17588897049427032,-0.44995665550231934,0.057989779859781265,0.42615729570388794,0.04050212725996971,-0.22929811477661133,0.3640729784965515,-0.4423138499259949,0.051950328052043915,-0.34765496850013733,0.2975391447544098,0.32776933908462524,0.11614734679460526,0.8956456780433655,-0.46268847584724426,0.23472946882247925,-0.014800628647208214,-0.3627931773662567,-0.21909044682979584,-0.11524847894906998,0.026600565761327744,0.15860028564929962,-0.0011415369808673859,-0.20218771696090698,0.0817566066980362,0.15982092916965485,-0.15861167013645172,-0.24348172545433044,0.06120603531599045
472,-0.20872396230697632,0.025142833590507507,0.18576470017433167,-0.3344764709472656,-0.04012840613722801,-0.3284132182598114,0.3657328188419342,-0.10203567892313004,0.14576862752437592,-0.0060006361454725266,-0.26322758197784424,-0.31636977195739746,-0.34113290905952454,-0.46918269991874695,-0.075869619846344,-0.22644925117492676,-0.021528244018554688,0.0484066940844059,-0.10847482085227966,-0.20469380915164948,0.3609902262687683,0.5978504419326782,-0.25103598833084106,0.10666534304618835,-0.05395670607686043,-0.07906006276607513,0.4016380310058594,0.26714831590652466,-0.43982771039009094,-0.35009732842445374,0.06541600823402405,0.6814815402030945,-0.1105256900191307,0.12861581146717072,0.47000253200531006,-0.04899128898978233,-0.5078736543655396,0.06642131507396698,0.5708491802215576,0.03233827278017998,-0.15677087008953094,0.16616082191467285,-0.47286689281463623,0.14398235082626343,-0.5129311084747314,0.3097623884677887,0.15418419241905212,0.15106138586997986,0.648991584777832,-0.531538188457489,0.15600034594535828,-0.060448843985795975,-0.4009961187839508,-0.24548618495464325,-0.1766577661037445,0.014515157788991928,0.0349746011197567,-0.10554908215999603,-0.20007789134979248,-0.07453817874193192,0.1294894516468048,-0.09275259077548981,-0.18092641234397888,-0.043633781373500824
473,0.057292692363262177,0.07784572243690491,0.439811646938324,-0.3353656232357025,-0.3723840117454529,-0.41761502623558044,0.5184935927391052,-0.06447618454694748,-0.1691034585237503,0.2232242226600647,-0.2509217858314514,-0.271820068359375,-0.22120524942874908,-0.4957733154296875,-0.13446293771266937,-0.17095927894115448,-0.10024788975715637,0.0397573783993721,-0.22433185577392578,-0.06804361194372177,0.44584113359451294,0.8692514300346375,-0.38548505306243896,0.03555864095687866,-0.42340049147605896,-0.12297038733959198,0.5847098231315613,0.21894299983978271,-0.5098101496696472,-0.43056032061576843,0.3991546928882599,0.9108232855796814,-0.037398967891931534,0.4386600852012634,0.38297656178474426,0.23496653139591217,-0.6001829504966736,-0.0009144130162894726,0.44903743267059326,0.10466933250427246,-0.24727888405323029,0.2842220366001129,-0.4266265034675598,0.14796903729438782,-0.6692410707473755,0.4316128194332123,0.01524919643998146,-0.009319454431533813,0.6944664120674133,-0.7632023692131042,0.07462092489004135,0.0482555590569973,-0.37154483795166016,-0.44363322854042053,-0.001223655417561531,-0.34794557094573975,0.045640729367733,-0.12989811599254608,-0.09230288863182068,-0.17558492720127106,0.21605877578258514,-0.03864724561572075,-0.07809888571500778,-0.2935504615306854
474,0.07976345717906952,-0.08015362918376923,0.36966681480407715,-0.34157535433769226,-0.14591434597969055,-0.17441484332084656,0.19825388491153717,-0.13923010230064392,-0.08006811887025833,0.19226929545402527,0.0025451388210058212,-0.1460084766149521,-0.22981122136116028,-0.30389344692230225,-0.06323651969432831,-0.11862188577651978,-0.03709537908434868,0.0017324741929769516,-0.13675744831562042,-0.09749964624643326,0.21396520733833313,0.4478099048137665,-0.12076891213655472,0.13233818113803864,-0.04090150073170662,-0.1139071136713028,0.23459990322589874,0.18932375311851501,-0.22343310713768005,-0.2303607314825058,0.13178908824920654,0.46075016260147095,-0.0354357548058033,0.35194242000579834,0.11873803287744522,0.17072820663452148,-0.5122228860855103,0.12640762329101562,0.48759984970092773,0.06538316607475281,-0.13958872854709625,0.12232673913240433,-0.3122522234916687,-0.01817311719059944,-0.524429440498352,0.2823018729686737,-0.06134257838129997,0.05901515856385231,0.37891924381256104,-0.5672959685325623,0.14516779780387878,-0.056987497955560684,-0.11474842578172684,-0.3357970416545868,-0.03217620775103569,-0.09901492297649384,0.0009218193590641022,-0.014977086335420609,-0.15104807913303375,-0.2126973271369934,0.09213512390851974,-0.16068360209465027,-0.10861501097679138,-0.15385384857654572
475,-0.15782979130744934,-0.12200604379177094,0.17168007791042328,-0.060088615864515305,-0.03307177498936653,-0.23991596698760986,0.1254422962665558,-0.07302461564540863,0.03284803777933121,-0.07737278938293457,0.010833827778697014,-0.29201260209083557,-0.4200110137462616,-0.4606383740901947,0.05607617646455765,0.04774156212806702,-0.1332685351371765,-0.06556171923875809,-0.09530650079250336,-0.1460101157426834,0.4369422197341919,0.5512051582336426,-0.11324486881494522,0.13509441912174225,-0.15684325993061066,-0.025136584416031837,0.34353238344192505,0.350760817527771,-0.24273720383644104,-0.12407611310482025,0.14016851782798767,0.44712209701538086,-0.03316590562462807,0.11363840103149414,0.2963000237941742,0.13667704164981842,-0.3747711777687073,0.19992774724960327,0.362212598323822,0.0036492422223091125,-0.0290820375084877,0.16473615169525146,-0.3362197279930115,0.15915051102638245,-0.5229945182800293,0.28593358397483826,0.009494585916399956,0.2044259011745453,0.40515440702438354,-0.5323464870452881,0.12322138994932175,-0.10578335076570511,-0.2713169455528259,-0.30980798602104187,-0.14196552336215973,-0.04854010045528412,0.06985022127628326,-0.18966352939605713,0.0008285809308290482,-0.13357013463974,-0.033624790608882904,-0.1675068438053131,-0.042919598519802094,-0.21749471127986908
476,0.05254986137151718,0.12700064480304718,0.5369259119033813,-0.26349183917045593,-0.5501148700714111,-0.577155590057373,0.6978599429130554,-0.034843623638153076,-0.22386635839939117,0.2732817828655243,-0.39840251207351685,-0.3763618767261505,-0.1434638649225235,-0.5879826545715332,-0.14683003723621368,-0.09815073758363724,-0.14553840458393097,-0.011519878171384335,-0.2597045302391052,-0.004612327087670565,0.5299887657165527,1.0943742990493774,-0.5153188705444336,-0.007653361186385155,-0.7514805793762207,-0.07237400859594345,0.746864378452301,0.18286481499671936,-0.6193287968635559,-0.5177956223487854,0.5765195488929749,1.1452003717422485,0.03814222291111946,0.4433225691318512,0.5080368518829346,0.271417498588562,-0.5730578899383545,-0.09337347000837326,0.32437893748283386,0.14424531161785126,-0.2500702440738678,0.47164323925971985,-0.42914044857025146,0.2547556161880493,-0.7489750981330872,0.48602554202079773,0.08489955961704254,-0.12204349040985107,0.8098310232162476,-0.8081421852111816,0.02032109536230564,0.16546423733234406,-0.47009408473968506,-0.47020962834358215,0.0765412375330925,-0.5293114185333252,0.062028586864471436,-0.18616509437561035,-0.032144010066986084,-0.10676650702953339,0.2943415641784668,0.03830606862902641,-0.04275757074356079,-0.40815457701683044
477,0.026033729314804077,0.12826742231845856,0.47520554065704346,-0.1743142008781433,-0.5498868823051453,-0.5618104338645935,0.6582643985748291,-0.005469784140586853,-0.1853921264410019,0.21986868977546692,-0.3975399434566498,-0.3785651922225952,-0.11069097369909286,-0.5092353820800781,-0.1131468266248703,-0.035457152873277664,-0.1425269991159439,-0.08444108068943024,-0.20302952826023102,0.022561341524124146,0.4763658046722412,0.9912243485450745,-0.47548413276672363,-0.02149590104818344,-0.7733125686645508,-0.029404839500784874,0.7060918807983398,0.1446893811225891,-0.5495905876159668,-0.4655030071735382,0.5582926869392395,1.046774983406067,0.07344291359186172,0.32393884658813477,0.5067300200462341,0.1879127472639084,-0.4646528363227844,-0.13624079525470734,0.19280122220516205,0.13357070088386536,-0.19274722039699554,0.48413345217704773,-0.362199068069458,0.27381783723831177,-0.667898416519165,0.40945324301719666,0.11496426910161972,-0.14969326555728912,0.7217518091201782,-0.67856764793396,0.024465424939990044,0.21256482601165771,-0.4280506670475006,-0.36795273423194885,0.086521677672863,-0.49705082178115845,0.04932764917612076,-0.18367350101470947,-0.004087978042662144,-0.030294276773929596,0.27348023653030396,0.04829248785972595,-0.03073442354798317,-0.37497976422309875
478,-0.22405436635017395,0.12464475631713867,0.20379774272441864,-0.3132523000240326,-0.1583462953567505,-0.40960898995399475,0.1744851917028427,-0.05843948572874069,0.25478965044021606,0.07760845124721527,-0.1947244554758072,-0.16231079399585724,-0.007688477635383606,-0.17718714475631714,-0.48151957988739014,-0.15736360847949982,-0.015490502119064331,-0.04869874194264412,-0.05831886827945709,0.04157574474811554,0.142181858420372,0.42885634303092957,-0.20301148295402527,0.01895757019519806,-0.1743631213903427,-0.029228735715150833,0.26738327741622925,0.29478490352630615,0.09407246857881546,-0.32446175813674927,0.09254289418458939,0.3118327558040619,-0.2081059068441391,0.02934858202934265,0.24247492849826813,-0.10863697528839111,-0.42039579153060913,0.10419519245624542,0.2850074768066406,0.07109588384628296,-0.24980676174163818,0.45052435994148254,-0.33274543285369873,-0.07545045018196106,-0.29236525297164917,0.2833773195743561,0.32483527064323425,0.07561147212982178,0.9409688711166382,-0.5203210115432739,0.30556291341781616,-0.02063184790313244,-0.24410927295684814,-0.3187717795372009,-0.029378950595855713,-0.0270143523812294,0.19714432954788208,0.08850675821304321,-0.10591021925210953,0.05375427007675171,0.10851411521434784,-0.23609916865825653,-0.2632046341896057,0.019039295613765717
479,-0.2932431995868683,-0.6002773642539978,0.9031552076339722,0.10234178602695465,-0.2247379869222641,0.03324044495820999,0.6758418679237366,0.7398556470870972,-0.504906177520752,-1.507258653640747,-0.8122197985649109,-0.3169684410095215,-0.7605448961257935,0.009749127551913261,0.43970799446105957,0.3651478588581085,0.22265702486038208,-0.7198322415351868,0.276825875043869,-0.18042178452014923,0.2583320140838623,-0.18576815724372864,0.2004214972257614,0.11767299473285675,0.287863552570343,-0.28563612699508667,0.6688027381896973,0.1504058986902237,-0.8676170110702515,0.08807891607284546,-0.2905827462673187,-0.15006577968597412,0.7328887581825256,0.2087486833333969,0.16862982511520386,0.5947457551956177,0.13015605509281158,0.27448907494544983,0.03217103332281113,-0.3912145495414734,-0.6792710423469543,0.28420716524124146,0.00839800015091896,0.5104082226753235,-0.30220696330070496,0.1466396003961563,0.05595739558339119,0.23432105779647827,0.2476339489221573,-0.3033614158630371,-0.06502171605825424,0.0009645186946727335,-0.27337944507598877,0.47021958231925964,-0.3200623393058777,0.7385653853416443,-0.12993192672729492,0.15469186007976532,0.28664320707321167,-0.4739893078804016,-0.32975053787231445,0.028965095058083534,-0.6822373270988464,0.3973337709903717
48,-0.0316748321056366,-0.028688888996839523,0.026928523555397987,0.041217029094696045,-0.17481032013893127,0.08828094601631165,-0.1100725531578064,-0.09473579376935959,-0.17739920318126678,0.42647629976272583,0.06202693283557892,-0.4495626986026764,0.08742120862007141,-0.38967934250831604,0.11077004671096802,0.0538589209318161,0.14970657229423523,0.47748005390167236,-0.2191672921180725,-0.0047873216681182384,-0.05199460685253143,0.251348614692688,0.04623307287693024,0.012792430818080902,-0.06610006093978882,0.05425277352333069,-0.20569252967834473,-0.22917278110980988,-0.12761177122592926,-0.10945697873830795,0.5870733261108398,0.1754530668258667,0.06049031391739845,0.42664316296577454,0.09995672851800919,0.36592769622802734,0.0885685533285141,-0.032710932195186615,0.35993993282318115,-0.022005725651979446,0.2086895853281021,-0.04378893971443176,0.07519721984863281,0.11982636153697968,0.1282225102186203,0.061297476291656494,-0.014328652061522007,-0.42301249504089355,-0.10091139376163483,0.07748185843229294,-0.278251588344574,0.009646563790738583,-0.33483871817588806,-0.279699444770813,0.0630609467625618,-0.40563642978668213,-0.15925151109695435,0.1920197606086731,0.17388412356376648,-0.33181697130203247,0.1919751614332199,0.0007586067076772451,-0.1650068163871765,-0.19289708137512207
480,-0.3445778787136078,-0.6085748076438904,1.2304342985153198,0.33074116706848145,-0.19065871834754944,0.057237185537815094,0.8959630131721497,0.9063646793365479,-0.6392151713371277,-1.9878301620483398,-0.9275224208831787,-0.6170450448989868,-1.0542811155319214,-0.14172887802124023,0.4731237292289734,0.4884519875049591,0.29497355222702026,-1.0062223672866821,0.3055157959461212,-0.3387218713760376,0.431684672832489,-0.321923166513443,0.26182910799980164,0.18351192772388458,0.19332663714885712,-0.36592206358909607,0.8740235567092896,0.23350249230861664,-1.0732797384262085,0.0015712198801338673,-0.34293919801712036,0.04394444078207016,0.9407747983932495,0.5389690399169922,0.25966161489486694,0.7945349812507629,0.36508262157440186,0.07147148996591568,-0.09923554211854935,-0.4159294366836548,-0.8360150456428528,0.4821217358112335,0.08443222939968109,0.47782787680625916,-0.30385059118270874,0.13948914408683777,0.1963375359773636,0.18791590631008148,0.24471735954284668,-0.6055299043655396,-0.06079977750778198,0.12110871821641922,-0.28863632678985596,0.45253393054008484,-0.2849777936935425,0.7807526588439941,-0.2012448012828827,0.23117762804031372,0.4074361026287079,-0.5587891936302185,-0.35315653681755066,0.16236372292041779,-0.8955633044242859,0.306632936000824
481,0.12821367383003235,-0.45611515641212463,-0.3005051612854004,-0.2202366590499878,-0.738335371017456,-0.06718605756759644,-0.7587236762046814,-0.09836295992136002,0.2731834053993225,0.45961982011795044,-0.08988777548074722,0.7476969957351685,-0.18558813631534576,-0.23103559017181396,-0.3395361304283142,0.4760730564594269,-0.303835928440094,-0.17942090332508087,-0.5522319078445435,-0.7762908935546875,0.24219198524951935,0.1414131224155426,-0.47615912556648254,0.34228479862213135,0.4120594263076782,0.3278026282787323,0.49080222845077515,-0.19598543643951416,-0.10642804205417633,0.7819897532463074,0.34212619066238403,0.16313764452934265,-0.04962451383471489,0.38292837142944336,0.3345489501953125,0.07050156593322754,0.5063506364822388,0.15538406372070312,-0.12997519969940186,0.03224823251366615,-0.29152509570121765,0.06601621955633163,0.11253587156534195,0.2570544183254242,-0.37760964035987854,0.41036269068717957,0.5786361694335938,-0.08228418976068497,-0.38258835673332214,0.484281450510025,-0.07755891233682632,0.20247909426689148,-0.2805689573287964,0.4594058692455292,-0.5094454288482666,-0.5028679966926575,0.14072372019290924,-0.02018360048532486,0.5522094964981079,0.08510629087686539,0.015002459287643433,0.23811833560466766,0.11403076350688934,-0.2073969542980194
482,0.547572135925293,-0.37883803248405457,0.0223150122910738,-0.1379503458738327,-0.8953548669815063,-0.02062406949698925,-0.6725002527236938,-0.03178050369024277,-0.10338713228702545,0.5492367148399353,0.15936310589313507,0.9146108031272888,-0.2510818541049957,-0.07014363259077072,-0.30263441801071167,0.34771761298179626,-0.3856242895126343,-0.09813372790813446,-0.4092428386211395,-0.2912197411060333,0.2366666942834854,0.4465945065021515,-0.2469741255044937,0.08667489886283875,-0.08132420480251312,0.07051338255405426,0.21802394092082977,0.00041191838681697845,-0.06695947796106339,0.4312646985054016,0.5426167845726013,0.4341488480567932,0.053102556616067886,0.43633294105529785,0.059668682515621185,-0.09697019308805466,0.35580092668533325,-0.13728395104408264,-0.25825849175453186,0.27909529209136963,-0.18430647253990173,-0.13589909672737122,0.3597705066204071,0.2611599266529083,-0.5426221489906311,0.45190486311912537,0.254332035779953,-0.0027055982500314713,-0.31785082817077637,0.26490214467048645,0.12072191387414932,0.18453451991081238,-0.19077371060848236,-0.11980530619621277,-0.12771464884281158,-0.6945579648017883,0.11911025643348694,-0.1937834620475769,0.8278102874755859,-0.07226716727018356,0.041925445199012756,0.1660669893026352,0.4485510587692261,-0.5674436092376709
483,0.16744102537631989,-0.46760961413383484,-0.03274889290332794,-0.1342894285917282,-0.8307254910469055,-0.10458008944988251,-0.6684763431549072,-0.18823304772377014,0.08414057642221451,0.4525238573551178,-0.18698419630527496,0.5755535960197449,-0.19098597764968872,-0.21872040629386902,-0.058325961232185364,0.23506730794906616,-0.23341725766658783,-0.07302050292491913,-0.3598112165927887,-0.7934840321540833,0.30157196521759033,0.3271721303462982,-0.2730066776275635,0.1603102684020996,0.20900081098079681,0.5784128904342651,0.36364006996154785,-0.19791992008686066,-0.05307333171367645,0.6998531818389893,0.6578637361526489,0.07247243821620941,-0.023089945316314697,0.17857512831687927,0.2158580720424652,-0.0570957288146019,0.5038541555404663,0.16498076915740967,-0.010266206227242947,-0.15404632687568665,-0.21970979869365692,-0.08034281432628632,0.22878172993659973,0.25263941287994385,-0.31045302748680115,0.22773310542106628,0.5801240801811218,-0.3113555908203125,-0.32004237174987793,0.38238129019737244,0.06312695890665054,0.038243021816015244,-0.36738452315330505,0.06595294177532196,-0.12780407071113586,-0.5763872265815735,0.0820135548710823,-0.15985248982906342,0.5018405914306641,-0.23171626031398773,0.03917539492249489,0.06818895787000656,0.002439588773995638,-0.4285259544849396
484,0.14857205748558044,-0.5254884958267212,0.07730713486671448,-0.1298912763595581,-0.8584805727005005,-0.11016935110092163,-0.6862989664077759,-0.19789054989814758,0.03394760936498642,0.4619729220867157,-0.22656242549419403,0.535892903804779,-0.17176592350006104,-0.15948081016540527,-0.0100098866969347,0.23495963215827942,-0.21172407269477844,-0.07494819164276123,-0.3199480175971985,-0.8029252290725708,0.3324521780014038,0.3727796673774719,-0.21720413863658905,0.12120343744754791,0.153216153383255,0.6063597202301025,0.3168463110923767,-0.20309944450855255,-0.03983573615550995,0.6908591389656067,0.727230966091156,0.0649920180439949,-0.012621273286640644,0.11822859942913055,0.1869821399450302,-0.09136370569467545,0.457256555557251,0.11886541545391083,0.03114345110952854,-0.18770024180412292,-0.17401207983493805,-0.0738135576248169,0.23798668384552002,0.251184344291687,-0.32723477482795715,0.17650106549263,0.6180903315544128,-0.37824690341949463,-0.3130185604095459,0.408931165933609,0.11075222492218018,0.02598242461681366,-0.36922603845596313,-0.02121579647064209,-0.07146115601062775,-0.5541907548904419,0.03797788918018341,-0.17605316638946533,0.503477156162262,-0.2734031677246094,0.05857854336500168,0.03435860574245453,-0.038479093462228775,-0.5006178021430969
485,0.24410107731819153,-0.22453613579273224,-0.3256317377090454,-0.02355141192674637,-0.7533681392669678,0.010401175357401371,-0.865738034248352,-0.16933318972587585,0.3312389850616455,0.34703975915908813,0.004307640716433525,0.686652421951294,-0.37982797622680664,-0.011653060093522072,-0.5304826498031616,0.5585132241249084,-0.25797224044799805,-0.16356325149536133,-0.6243786811828613,-0.691713273525238,0.26975083351135254,0.2129354327917099,-0.46776261925697327,0.13260246813297272,0.31475844979286194,0.26605087518692017,0.5030058026313782,0.1117582768201828,-0.07634476572275162,0.6771230101585388,0.36287787556648254,0.28808706998825073,-0.49170881509780884,0.493805855512619,0.18915235996246338,-0.14130355417728424,0.5581631660461426,-0.0371844582259655,0.009519468992948532,0.08352328836917877,-0.33869874477386475,-0.1397358924150467,-0.0335833914577961,0.310316264629364,-0.5534054636955261,0.5803462266921997,0.42159879207611084,-0.07307977974414825,-0.47113484144210815,0.6259608268737793,0.12369043380022049,0.243308424949646,-0.2693834900856018,0.2624000906944275,-0.5310121774673462,-0.5698897838592529,-0.0641360878944397,-0.09752663969993591,0.6809637546539307,0.14593447744846344,-0.0438995286822319,0.19809485971927643,0.3869642913341522,-0.23282770812511444
486,0.15474358201026917,-0.19347019493579865,-0.16624940931797028,0.08273062109947205,-0.6171084642410278,0.06861584633588791,-0.9383168816566467,-0.29545506834983826,0.22752819955348969,0.354557067155838,0.1542389839887619,0.6294651627540588,-0.3329440653324127,0.34101444482803345,-0.5116481184959412,0.5877488255500793,-0.1935632973909378,-0.214328795671463,-0.5354431867599487,-0.43712717294692993,0.2280460149049759,0.14098010957241058,-0.24656666815280914,0.0993291437625885,0.17294007539749146,0.01713458076119423,0.23704896867275238,0.17763002216815948,0.18952715396881104,0.6169615387916565,0.3617403507232666,0.3041752576828003,-0.6053458452224731,0.41391414403915405,-0.06287356466054916,-0.20663602650165558,0.41321784257888794,-0.0914795845746994,0.20326115190982819,0.13851891458034515,-0.15405234694480896,-0.22467689216136932,-0.05748201534152031,0.26420074701309204,-0.6501224040985107,0.4979781210422516,0.19445256888866425,0.005010487511754036,-0.5153918862342834,0.5156907439231873,0.2634598910808563,0.25756123661994934,-0.29294466972351074,0.001280076801776886,-0.3945051431655884,-0.506514310836792,-0.06457457691431046,-0.006999114528298378,0.6462149620056152,0.38485872745513916,-0.15609051287174225,0.009848743677139282,0.4781443774700165,-0.32246190309524536
487,0.23958390951156616,-0.1872832328081131,-0.28307992219924927,-0.040357690304517746,-0.660389244556427,0.01428939774632454,-0.6960310935974121,-0.07274403423070908,0.3098418712615967,0.24701452255249023,-0.05410180985927582,0.5406268239021301,-0.352986216545105,-0.07440360635519028,-0.46185314655303955,0.4825020730495453,-0.22178129851818085,-0.12805907428264618,-0.5372442007064819,-0.637722909450531,0.2505963444709778,0.21903492510318756,-0.43768298625946045,0.07452084124088287,0.28373828530311584,0.2774549722671509,0.49224787950515747,0.11789873242378235,-0.1674845814704895,0.5338056683540344,0.2911607623100281,0.2417767345905304,-0.4119705557823181,0.4393846392631531,0.2342996597290039,-0.1306341141462326,0.46792852878570557,-0.08186445385217667,-0.03916995972394943,0.05027659609913826,-0.3399515450000763,-0.07243119180202484,-0.05450402945280075,0.28856518864631653,-0.46203893423080444,0.5101889371871948,0.4323912262916565,-0.09232190251350403,-0.3745136260986328,0.602149486541748,0.08332010358572006,0.22109535336494446,-0.1785770058631897,0.29135188460350037,-0.5149367451667786,-0.4556359350681305,-0.12159185111522675,-0.11430296301841736,0.5717573165893555,0.0485943928360939,0.026219382882118225,0.24132892489433289,0.303193598985672,-0.16432152688503265
488,0.6141357421875,-0.416765958070755,0.14474636316299438,-0.1343749612569809,-0.9376351237297058,-0.0073446426540613174,-0.6912273168563843,-0.0062761008739471436,-0.19572597742080688,0.580421507358551,0.19762463867664337,0.951151430606842,-0.24536803364753723,0.022487809881567955,-0.3092253804206848,0.3729275166988373,-0.3981388211250305,-0.10570548474788666,-0.3804891109466553,-0.18777967989444733,0.2529597878456116,0.5190415382385254,-0.18532085418701172,0.031018905341625214,-0.20235790312290192,-0.015687521547079086,0.13850374519824982,0.039806440472602844,-0.05684272199869156,0.3619067668914795,0.5860828161239624,0.5079533457756042,0.08069509267807007,0.4339161515235901,-0.004310013726353645,-0.14019975066184998,0.2759290933609009,-0.25133174657821655,-0.27258381247520447,0.3427877426147461,-0.1306520402431488,-0.14185583591461182,0.3984144926071167,0.26161977648735046,-0.6115826964378357,0.45105430483818054,0.2190781533718109,-0.00022941455245018005,-0.3103345036506653,0.26504918932914734,0.1812913417816162,0.20515218377113342,-0.1529228240251541,-0.24872227013111115,-0.07135163247585297,-0.6989197731018066,0.08341188728809357,-0.2176099419593811,0.9027068018913269,-0.07811874896287918,0.061946652829647064,0.15423421561717987,0.5078936219215393,-0.670756459236145
489,0.1975867748260498,-0.5577145218849182,-0.04749077558517456,-0.17684119939804077,-0.9254462122917175,0.08883699774742126,-0.8396120071411133,-0.09946545213460922,0.0762639120221138,0.6534479260444641,0.051154736429452896,0.7340220212936401,-0.06678231060504913,0.0440027117729187,-0.42166221141815186,0.5802534222602844,-0.12495426088571548,-0.7111374139785767,-0.5656142234802246,-0.6921511292457581,0.39622288942337036,0.3404735028743744,-0.3614669442176819,0.2422875612974167,0.24233610928058624,0.49409323930740356,0.24863485991954803,0.024379825219511986,0.11136442422866821,0.7920286655426025,0.284570574760437,0.5532320737838745,-0.10345550626516342,0.5235294103622437,0.34105807542800903,-0.175486758351326,0.49419477581977844,-0.23589575290679932,-0.33483806252479553,0.1418505311012268,-0.38508573174476624,0.2534554898738861,-0.017242196947336197,0.28165364265441895,-0.5294126272201538,0.04516822099685669,0.8046354055404663,-0.3019501268863678,-0.7008332014083862,0.8608375787734985,0.32521432638168335,0.4188636243343353,-0.3725144863128662,0.22368310391902924,-0.6483350992202759,-0.532105565071106,-0.23773899674415588,0.10644348710775375,0.9346973896026611,0.045806124806404114,0.18174181878566742,0.47433945536613464,0.22890689969062805,-0.37844905257225037
49,0.009292500093579292,-0.12150029838085175,0.23384836316108704,0.22061969339847565,-0.01978769525885582,0.35352686047554016,-0.05929509550333023,-0.2011200189590454,-0.2621329128742218,-0.3937334418296814,0.029669353738427162,0.049592528492212296,-0.17648981511592865,0.28874480724334717,0.3180902600288391,-0.10146869719028473,0.16085058450698853,0.03352675959467888,0.15670597553253174,0.3136502504348755,0.07456856966018677,0.09728162735700607,0.5016387701034546,-0.11941945552825928,0.13055838644504547,-0.28405916690826416,-0.19557300209999084,0.170306995511055,0.3014460504055023,-0.005253291223198175,0.0620061457157135,-0.2330496609210968,-0.1042153388261795,0.10711535811424255,-0.2495434284210205,-0.09084267914295197,0.029696904122829437,0.16330350935459137,0.48151838779449463,-0.23846492171287537,0.041486624628305435,-0.3122868835926056,0.1091143786907196,0.05045256391167641,0.041361402720212936,0.36456289887428284,-0.2043895423412323,0.18650951981544495,-0.19204172492027283,-0.02717900276184082,0.15688945353031158,0.0656556636095047,-0.24786680936813354,-0.31438127160072327,0.3090757429599762,0.021831702440977097,0.0949312373995781,-0.02921425551176071,-0.02821633592247963,0.049715474247932434,0.022306783124804497,-0.10247721523046494,0.2177545726299286,0.05091307312250137
490,0.10876298695802689,-0.1339270919561386,-0.03523571416735649,0.11660338938236237,-0.4681771397590637,0.07823656499385834,-0.8335655927658081,-0.3002965748310089,0.15668107569217682,0.2989799678325653,0.18301597237586975,0.5227369666099548,-0.28182661533355713,0.4847422242164612,-0.43352919816970825,0.4916239082813263,-0.14078576862812042,-0.22596445679664612,-0.42707380652427673,-0.27147072553634644,0.16994087398052216,0.094011589884758,-0.11674395948648453,0.05303768813610077,0.07463417202234268,-0.10927749425172806,0.10039204359054565,0.21743912994861603,0.28002431988716125,0.4998990595340729,0.303993821144104,0.27467817068099976,-0.575171947479248,0.31372344493865967,-0.171690434217453,-0.25510549545288086,0.31040751934051514,-0.13685128092765808,0.2486724704504013,0.15029825270175934,-0.07289596647024155,-0.24591116607189178,-0.04369699954986572,0.18970708549022675,-0.5959051847457886,0.3777075707912445,0.070250004529953,0.023453805595636368,-0.443594753742218,0.3865150511264801,0.32883137464523315,0.2213658094406128,-0.2566884756088257,-0.12852583825588226,-0.2577953040599823,-0.42024219036102295,-0.057233698666095734,0.022047780454158783,0.5551168918609619,0.41122114658355713,-0.1722002476453781,-0.0802399143576622,0.44894498586654663,-0.3138481378555298
491,0.18549290299415588,-0.6358440518379211,0.05925208702683449,-0.1820063292980194,-0.9744892716407776,0.1267172396183014,-0.8958964347839355,-0.08917289227247238,0.02430071495473385,0.7080536484718323,0.06509698927402496,0.729976236820221,-0.019648119807243347,0.16228795051574707,-0.45500409603118896,0.6577245593070984,-0.07888457924127579,-0.8564785718917847,-0.5720041990280151,-0.6788182854652405,0.448375403881073,0.38907042145729065,-0.32554537057876587,0.22160471975803375,0.19404339790344238,0.5030897855758667,0.17599429190158844,0.06916101276874542,0.16155856847763062,0.8037505745887756,0.2700420320034027,0.6537999510765076,-0.11104857176542282,0.5407095551490784,0.3403201699256897,-0.2363625019788742,0.44542625546455383,-0.37210604548454285,-0.36637425422668457,0.1746979057788849,-0.3765554130077362,0.33500418066978455,-0.06332986056804657,0.2867193818092346,-0.5954043865203857,-0.04709431156516075,0.8930593132972717,-0.3667276203632355,-0.7793901562690735,0.9949179887771606,0.4317423701286316,0.4921455681324005,-0.3755089342594147,0.1719633936882019,-0.7089788913726807,-0.49995702505111694,-0.3536373972892761,0.15009143948554993,1.033616304397583,0.06649091094732285,0.2331860214471817,0.5317893028259277,0.23888558149337769,-0.43928632140159607
492,0.10618506371974945,-0.1191210150718689,-0.3450658321380615,-0.0886022225022316,0.3041416108608246,-0.18178711831569672,0.13142184913158417,0.17110729217529297,0.2938845753669739,0.4283372461795807,-0.05506657809019089,-0.010693048126995564,0.37665194272994995,-0.22672075033187866,-0.14089886844158173,-0.4505482614040375,-0.06646743416786194,0.3392490744590759,0.1434440314769745,0.17485202848911285,-0.28457045555114746,-0.07820649445056915,0.09663980454206467,0.14203576743602753,-0.03825115039944649,-0.3597325086593628,-0.20020605623722076,-0.21130886673927307,0.11082348972558975,-0.41179656982421875,-0.5020493268966675,0.06004820019006729,0.44161170721054077,-0.1808655709028244,-0.038066014647483826,-0.04697740077972412,-0.0700099989771843,-0.2590610086917877,-0.3667139410972595,0.4234611690044403,0.03224228695034981,-0.12149178981781006,0.1071782037615776,-0.3636048138141632,0.6352776288986206,0.04189062863588333,-0.19030500948429108,0.16921144723892212,0.2139205038547516,-0.25221508741378784,-0.02809753455221653,-0.20389321446418762,0.012652315199375153,0.1126352846622467,-0.1648738831281662,0.006900079548358917,0.26257169246673584,0.05553899705410004,-0.25434061884880066,-0.13056358695030212,0.06173812597990036,-0.1336112916469574,0.21730011701583862,0.09311087429523468
493,-0.020334109663963318,-0.3810366690158844,-0.646767795085907,-0.15322978794574738,0.6296230554580688,-0.24282577633857727,0.04163734242320061,0.042644813656806946,0.4975738823413849,0.45803579688072205,0.08310701698064804,-0.23375752568244934,0.3858311176300049,-0.2967202067375183,0.06751087307929993,-0.6880695819854736,-0.15930356085300446,0.30186834931373596,0.32183337211608887,0.10571916401386261,-0.2162775844335556,-0.23384109139442444,0.3493676781654358,0.34416425228118896,0.12009350955486298,-0.3475790321826935,-0.42404705286026,-0.17456309497356415,0.3459642231464386,-0.4980715811252594,-0.8052392601966858,-0.00953228771686554,0.6467787623405457,-0.5077922344207764,-0.01660476066172123,-0.2590733766555786,-0.42992180585861206,-0.40390992164611816,-0.3427053689956665,0.33800411224365234,0.3068455755710602,-0.122386634349823,0.0033399045933037996,-0.513612687587738,0.9145513772964478,-0.053794510662555695,-0.1970146745443344,0.34343117475509644,0.11508870869874954,-0.19642405211925507,0.05822775885462761,-0.252703994512558,-0.0018684808164834976,0.0846707820892334,-0.5150405764579773,0.32166093587875366,0.21169182658195496,-0.03364812582731247,-0.5778080821037292,0.04370211809873581,-0.0883120745420456,-0.16460420191287994,0.24241067469120026,-0.007854433730244637
494,0.07520528137683868,-0.5876354575157166,-0.3700937032699585,-0.39827048778533936,0.415452778339386,-0.1990736573934555,-0.0677429586648941,-0.17353487014770508,0.24827387928962708,0.19216084480285645,0.17944858968257904,0.08047395199537277,0.13516037166118622,-0.08758964389562607,0.2901571989059448,-0.6563094258308411,-0.20431889593601227,0.1335798054933548,0.2556874752044678,0.23968955874443054,-0.3132437467575073,-0.2604542374610901,0.42391490936279297,0.35043245553970337,0.353315144777298,-0.3367074131965637,-0.377340704202652,-0.28952932357788086,0.4363674223423004,-0.4292651116847992,-0.4679837226867676,-0.0936652272939682,0.776400089263916,-0.3657146096229553,0.0009852945804595947,-0.196381077170372,-0.6434913277626038,-0.4032939672470093,-0.10261230170726776,0.022153066471219063,0.3435710370540619,0.060080163180828094,0.23336544632911682,-0.4608638286590576,0.7028084993362427,-0.02791741117835045,-0.1523013859987259,0.43500974774360657,0.1237628236413002,-0.11227728426456451,0.014659014530479908,-0.03637377545237541,0.1829850971698761,0.08374817669391632,-0.28492626547813416,0.30055469274520874,0.29295140504837036,-0.23146399855613708,-0.5955551862716675,0.1643330156803131,-0.24727196991443634,-0.1139596477150917,0.21640229225158691,-0.09721297025680542
495,-0.17092947661876678,-0.15336039662361145,-0.8327929377555847,-0.0988323986530304,0.934786319732666,-0.19216357171535492,0.052563171833753586,0.06732792407274246,0.7259231805801392,0.5292623043060303,0.16522449254989624,-0.46782010793685913,0.3183329403400421,-0.44620877504348755,0.0776258111000061,-0.7340330481529236,-0.2650107145309448,0.4529980421066284,0.20829211175441742,-0.04302234575152397,-0.14986905455589294,-0.1845054030418396,0.20806819200515747,0.33731985092163086,0.053449373692274094,-0.32665082812309265,-0.38791894912719727,0.002454548142850399,0.1711704283952713,-0.4914983808994293,-0.8470349907875061,0.1380111575126648,0.5133057832717896,-0.5837371349334717,0.22467070817947388,-0.39024531841278076,-0.2871708869934082,-0.5421416759490967,-0.3834443688392639,0.3345978856086731,0.479546457529068,-0.14804600179195404,0.06060230731964111,-0.5580792427062988,0.9953898787498474,-0.07379572838544846,-0.1522015631198883,0.23768365383148193,0.17577143013477325,-0.14845149219036102,-0.038573864847421646,-0.30687418580055237,-0.012652082368731499,0.02913340926170349,-0.553226113319397,0.2534051537513733,0.21972672641277313,-0.10839413106441498,-0.5823904275894165,0.12286163866519928,0.06250816583633423,-0.07986877113580704,0.17675018310546875,-0.04828663170337677
496,-0.21905580163002014,-0.03610190376639366,-0.6288665533065796,-0.03277401626110077,0.8209593892097473,-0.03413906693458557,0.0431436263024807,-0.023097097873687744,0.5702731609344482,0.33732181787490845,0.21801166236400604,-0.5386644005775452,0.08034007996320724,-0.3118138313293457,0.24267451465129852,-0.5334608554840088,-0.2489449381828308,0.34785938262939453,0.10820268094539642,-0.09077661484479904,-0.07502872496843338,-0.10026047378778458,0.19524891674518585,0.23195187747478485,0.044691212475299835,-0.19499439001083374,-0.28406423330307007,0.17198902368545532,0.0668320581316948,-0.2754490375518799,-0.5057762265205383,0.12469152361154556,0.26930609345436096,-0.46920764446258545,0.2868236303329468,-0.3561040163040161,-0.19667497277259827,-0.4541145861148834,-0.14130470156669617,0.057348620146512985,0.5089542865753174,-0.1300394982099533,0.10218118876218796,-0.37704700231552124,0.6877831816673279,-0.07087095081806183,-0.154510959982872,0.0527922548353672,0.09007669240236282,-0.016198091208934784,-0.09428077191114426,-0.20366868376731873,-0.04267125576734543,-0.06139640137553215,-0.3882427215576172,0.173823282122612,0.07992909848690033,-0.188176691532135,-0.48349180817604065,0.1537608951330185,0.06976687163114548,-0.021234938874840736,0.07060852646827698,-0.06956121325492859
497,0.15655136108398438,-0.5383427739143372,-0.2009745091199875,-0.42208537459373474,0.23441845178604126,-0.13392704725265503,-0.057735126465559006,-0.2199830710887909,0.08243764191865921,0.038869209587574005,0.1869838386774063,0.15948620438575745,-0.008190948516130447,0.029535865411162376,0.39199209213256836,-0.5757482647895813,-0.21266071498394012,0.05006421357393265,0.22701860964298248,0.27532991766929626,-0.29993927478790283,-0.22133959829807281,0.4429444670677185,0.29617631435394287,0.3904702961444855,-0.3334861099720001,-0.28906136751174927,-0.2546282410621643,0.372826486825943,-0.33194294571876526,-0.22947999835014343,-0.1260010153055191,0.6992186307907104,-0.25240740180015564,0.026473989710211754,-0.1818084865808487,-0.6531982421875,-0.37017789483070374,0.05597233772277832,-0.13499587774276733,0.32391321659088135,0.06043144315481186,0.2898062765598297,-0.35780805349349976,0.5411091446876526,0.050905823707580566,-0.1703394651412964,0.38194960355758667,0.10712897032499313,-0.059678710997104645,-0.030327674001455307,0.07095970958471298,0.18939492106437683,0.04678530991077423,-0.11451135575771332,0.22596964240074158,0.2507442533969879,-0.31176379323005676,-0.5533891320228577,0.19458402693271637,-0.25527745485305786,-0.0881422832608223,0.1804024875164032,-0.11875574290752411
498,-0.09055949002504349,-0.13539239764213562,-0.6997115015983582,-0.020297758281230927,0.6961403489112854,-0.2054709941148758,0.022872526198625565,0.07722803205251694,0.6335351467132568,0.3961721360683441,0.06967973709106445,-0.404194176197052,0.33424922823905945,-0.363487184047699,-0.014447733759880066,-0.6813998222351074,-0.20078212022781372,0.3056695759296417,0.2429179698228836,-0.07104921340942383,-0.03832077980041504,-0.16548840701580048,0.1890556663274765,0.2800344228744507,0.06752702593803406,-0.26526570320129395,-0.3563539981842041,-0.01620250940322876,0.19492632150650024,-0.3873285949230194,-0.8045558333396912,0.08310723304748535,0.39967069029808044,-0.534559428691864,0.11440179497003555,-0.4045335650444031,-0.2529429495334625,-0.3735555112361908,-0.3308376669883728,0.3251537084579468,0.322271466255188,-0.1706223338842392,-0.11956587433815002,-0.42519411444664,0.8806134462356567,-0.02726837992668152,-0.11582329124212265,0.27877604961395264,0.057407546788454056,-0.1783810555934906,0.10056934505701065,-0.2583884000778198,-0.08058301359415054,0.0834089070558548,-0.5364518761634827,0.24913814663887024,0.1612403243780136,-0.006811194121837616,-0.5287960767745972,0.12545721232891083,0.02730700932443142,-0.0648573711514473,0.18430154025554657,-0.03795168548822403
499,-0.13151206076145172,-0.04874429479241371,-0.730705201625824,0.019015714526176453,0.7667750716209412,-0.17129403352737427,0.051016081124544144,0.07466357946395874,0.6547073125839233,0.36896952986717224,0.08090696483850479,-0.524731457233429,0.26439788937568665,-0.39191898703575134,0.0708005428314209,-0.6899372935295105,-0.2375953048467636,0.35112208127975464,0.22917133569717407,-0.10762142390012741,-0.0001181289553642273,-0.13751021027565002,0.20554114878177643,0.27281397581100464,0.042251382023096085,-0.2785598039627075,-0.3407931923866272,0.07233303785324097,0.1106010228395462,-0.3716655671596527,-0.7643763422966003,0.12435025721788406,0.345589280128479,-0.5606611371040344,0.20117633044719696,-0.46152573823928833,-0.23445066809654236,-0.4288691282272339,-0.2705855667591095,0.26879987120628357,0.4189598262310028,-0.21767659485340118,-0.10325873643159866,-0.3924139738082886,0.8864116072654724,0.0029026493430137634,-0.1365334689617157,0.2254592478275299,0.05648499354720116,-0.13761156797409058,0.04216962307691574,-0.24946483969688416,-0.13111671805381775,0.028001895174384117,-0.5276821851730347,0.22901606559753418,0.11115103960037231,-0.060645751655101776,-0.5483102798461914,0.1680487096309662,0.07559990137815475,-0.0449858196079731,0.15247701108455658,-0.06118694692850113
5,-0.4482426345348358,-0.3273564875125885,0.3713070750236511,0.2749544084072113,0.7873204946517944,-0.7293303608894348,0.2092818021774292,-1.0118485689163208,0.3669968545436859,-0.08150002360343933,0.4239911735057831,0.2748456299304962,-0.45619213581085205,0.43091750144958496,0.42538392543792725,0.9124625325202942,-0.792475700378418,-0.4494663178920746,0.13926728069782257,-0.2066422551870346,0.1707482784986496,-0.44356217980384827,0.7795020937919617,0.14490866661071777,-0.44217339158058167,0.10574791580438614,-0.19413554668426514,0.23831580579280853,0.12147039920091629,0.1817421019077301,-0.061777323484420776,-0.41305020451545715,-0.5823850631713867,-0.7615054845809937,-0.10468496382236481,-1.0330545902252197,0.25488242506980896,-0.7996088266372681,0.571601152420044,-0.19064472615718842,0.8131358027458191,0.035014525055885315,0.3262287676334381,-0.4858933091163635,-0.43998226523399353,0.6421340703964233,0.8649266958236694,0.26070624589920044,0.35138458013534546,0.8989822268486023,-0.6195438504219055,-0.7286945581436157,0.07727520912885666,-1.2019855976104736,0.9613861441612244,-0.07639651000499725,-0.07065751403570175,-1.419097900390625,-0.12506327033042908,0.7480024695396423,-0.6768277287483215,-0.13237211108207703,0.02558262273669243,-0.8910205960273743
50,-0.044570162892341614,0.0321212038397789,0.04228384047746658,0.43397435545921326,0.2279788851737976,0.03275590389966965,-0.4384031891822815,0.08855944871902466,-0.0450301319360733,0.027065590023994446,0.09855721890926361,-0.1909225732088089,0.511611819267273,0.04795987159013748,-0.31711751222610474,0.10009278357028961,0.3691830635070801,0.044580504298210144,-0.10250921547412872,-0.015508769080042839,-0.0429048128426075,-0.1559203714132309,-0.018057597801089287,0.3171427845954895,0.08377672731876373,-0.27174198627471924,-0.5110211372375488,-0.1746612787246704,0.35757917165756226,0.30422070622444153,-0.3853950798511505,0.0722547248005867,-0.026218852028250694,0.11364194750785828,-0.5343899130821228,0.3945024609565735,0.18428704142570496,0.4690110683441162,0.11835125088691711,0.5106489658355713,0.07042934000492096,-0.11022446304559708,-0.6237825155258179,0.022314339876174927,0.2749817967414856,-0.002664763480424881,-0.4412042200565338,0.20041769742965698,-0.5745456218719482,-0.4088701009750366,0.25914520025253296,-0.0909595787525177,-0.1215127483010292,0.2475837618112564,-0.05178295820951462,0.11382487416267395,0.05410046875476837,0.735507607460022,0.2605416774749756,0.012126073241233826,-0.22007690370082855,-0.21985696256160736,0.23576730489730835,0.12612824141979218
51,0.006823563948273659,0.0007010623812675476,0.04910574480891228,0.010254067368805408,0.13770952820777893,0.09501886367797852,0.2583417594432831,-0.11182082444429398,0.15070486068725586,0.2442803680896759,0.030088238418102264,-0.016065411269664764,-0.12483453750610352,-0.12385717779397964,0.10360457748174667,-0.34271854162216187,-0.12022484838962555,0.12423264980316162,-0.04605243727564812,-0.05919159576296806,0.012772809714078903,0.04651380330324173,0.09132453054189682,-0.03709792718291283,0.16006749868392944,0.1872231364250183,-0.0862666666507721,0.1427723616361618,-0.09599561244249344,-0.04303225129842758,-0.271634578704834,-0.03947551175951958,0.006950845010578632,-0.00498754158616066,-0.163184255361557,-0.18344776332378387,0.3797098398208618,0.06733449548482895,-0.08165040612220764,-0.13452808558940887,-0.09887932240962982,-0.26349109411239624,0.2830389142036438,-0.09054544568061829,0.09399347007274628,0.017424963414669037,-0.054858360439538956,-0.04756264388561249,-0.2872244715690613,-0.0053434427827596664,0.12775951623916626,-0.360644668340683,-0.15761569142341614,-0.3118990361690521,-0.08774363994598389,-0.22200629115104675,0.0405602753162384,0.10224255919456482,0.13059481978416443,-0.3126540780067444,0.13587231934070587,0.05491526797413826,-0.057683397084474564,-0.0549575537443161
52,-0.24634191393852234,-0.010064341127872467,-0.4062720537185669,0.12919113039970398,0.3018516004085541,0.40424832701683044,-0.17166906595230103,0.24561136960983276,0.24688898026943207,-0.3618279993534088,-0.06403575092554092,-0.15311580896377563,-0.3751210868358612,-0.3283172845840454,0.06992335617542267,-0.2812294363975525,-0.1814451664686203,0.5367933511734009,-0.11295607686042786,-0.029115892946720123,0.11450543999671936,0.2141777127981186,0.21577589213848114,-0.07174232602119446,0.3376328945159912,-0.12428639084100723,-0.2123836725950241,0.26692086458206177,-0.26426440477371216,-0.14115369319915771,-0.24196895956993103,-0.00901472382247448,0.0022534383460879326,0.019368786364793777,0.2704837918281555,-0.14773553609848022,0.3288373351097107,-0.04432259872555733,0.03520473837852478,-0.22469429671764374,0.09095443785190582,-0.2631182372570038,0.25477156043052673,0.40241485834121704,0.2036367654800415,0.4126676917076111,0.030503936111927032,0.3112401068210602,-0.14897462725639343,0.33617350459098816,-0.2386661320924759,-0.04543877765536308,-0.37884068489074707,-0.03892166540026665,-0.5082988142967224,-0.025547204539179802,-0.006312624551355839,0.13330769538879395,0.1898886263370514,0.18292701244354248,0.303494393825531,0.37083566188812256,0.14086087048053741,0.06449105590581894
53,-0.12714146077632904,-0.4792838394641876,0.08988957107067108,-0.24720853567123413,-0.1491585373878479,0.15221916139125824,-0.2638866603374481,-0.23654788732528687,-0.24474497139453888,-0.09510883688926697,-0.09692758321762085,-0.15615761280059814,-0.21222062408924103,-0.27948105335235596,0.38452810049057007,-0.1705222725868225,0.2006588578224182,0.05618840828537941,-0.07314565032720566,-0.21414025127887726,0.06678517907857895,0.21187569200992584,0.31671223044395447,0.06299011409282684,0.12188549339771271,0.5661510229110718,-0.4127146899700165,-0.05627010762691498,0.15366590023040771,-0.24101801216602325,0.26918572187423706,0.13062554597854614,0.34115421772003174,0.17622174322605133,0.05445972830057144,-0.19638267159461975,-0.08104228228330612,-0.11468174308538437,0.28224465250968933,-0.2754826247692108,-0.002960037440061569,0.10724952071905136,0.15224799513816833,0.36600348353385925,-0.1191728413105011,-0.044987231492996216,0.5388156175613403,-0.09086968004703522,-0.18223516643047333,0.5246164798736572,0.072418712079525,0.16088473796844482,-0.3938042223453522,-0.3809364438056946,-0.2941429615020752,0.11995486915111542,-0.3857955038547516,0.1047813817858696,0.26291704177856445,-0.11957158148288727,0.12399597465991974,0.349795937538147,-0.1344182789325714,-0.25885024666786194
54,0.11956687271595001,0.04176482558250427,0.14499814808368683,-0.12066614627838135,-0.07665824890136719,-0.12715372443199158,-0.14847007393836975,0.284284383058548,-0.19084931910037994,0.39292117953300476,0.015588528476655483,0.3557429313659668,0.09602759778499603,0.21700388193130493,-0.16649849712848663,0.02522093988955021,-0.17396540939807892,-0.05286632850766182,-0.02230650931596756,-0.04122183099389076,0.17657731473445892,0.16731049120426178,-0.19487179815769196,-0.009070448577404022,-0.19471114873886108,0.0007309454958885908,0.1738520860671997,-0.03535450994968414,-0.02906421385705471,-0.1901438981294632,-0.11141195893287659,-0.015123840421438217,0.03210579231381416,0.01143293920904398,-0.18166054785251617,0.036454156041145325,-0.19263187050819397,-0.20294903218746185,-0.43242019414901733,0.32557132840156555,-0.19006574153900146,-0.1070268452167511,0.057483624666929245,-0.1495218127965927,-0.17981594800949097,-0.015758004039525986,-0.078825943171978,0.0618383027613163,0.06226975843310356,-0.177371084690094,0.13529400527477264,-0.2326149046421051,0.28352755308151245,-0.3391939699649811,-0.003308327868580818,-0.20767122507095337,0.0022358503192663193,0.08047443628311157,0.3160131573677063,-0.1415637582540512,0.28404760360717773,-0.21452397108078003,0.1127941906452179,-0.4211118221282959
55,0.03828858584165573,0.01324344053864479,-0.18842081725597382,-0.10274288058280945,0.004300531931221485,0.010599691420793533,-0.20582465827465057,-0.07452031224966049,0.1302122175693512,0.3563000559806824,0.17307054996490479,-0.2414216250181198,0.0038839951157569885,-0.14529146254062653,-0.03502775728702545,0.05226760357618332,0.03979697823524475,-0.06300035864114761,-0.14677585661411285,-0.3685925602912903,0.16052167117595673,-0.08563899248838425,-0.21328677237033844,0.21981115639209747,0.28027668595314026,0.21005567908287048,0.1557016372680664,-0.08088722825050354,-0.039749592542648315,0.13420100510120392,-0.07112018764019012,-0.015164824202656746,-0.12058066576719284,0.18634605407714844,0.008958941325545311,0.15521270036697388,-0.07443995028734207,0.19835948944091797,0.09968534111976624,0.016589965671300888,0.009627051651477814,-0.08225426822900772,-0.2648591101169586,-0.05628196522593498,-0.0277693010866642,0.007768750190734863,-0.07159201055765152,-0.05994727462530136,-0.3256644606590271,-0.013733221217989922,0.09318951517343521,-0.10720419883728027,0.08352452516555786,0.0026816874742507935,-0.33561673760414124,-0.0676283985376358,-0.07066857814788818,0.216501846909523,0.01761508919298649,-0.15057572722434998,0.019081484526395798,-0.24719657003879547,-0.17196720838546753,-0.11741448938846588
56,-0.07231682538986206,-0.187632218003273,-0.2932465076446533,0.21006177365779877,-0.15629258751869202,0.08279771357774734,-0.2777210772037506,0.06482431292533875,-0.14212898910045624,0.19947072863578796,0.24972207844257355,-0.1863711178302765,0.21553835272789001,-0.18437662720680237,-0.2012374997138977,0.3523169457912445,0.30065488815307617,-0.1869594156742096,0.1192881315946579,-0.07917339354753494,0.2684122920036316,-0.0378904789686203,0.10368869453668594,0.12809817492961884,-0.21700309216976166,0.3181447982788086,-0.3271333873271942,-0.10575754940509796,0.3436397612094879,-0.0926230400800705,0.030209403485059738,0.3247189521789551,0.0536668561398983,0.12478168308734894,-0.055558979511260986,0.05248471349477768,-0.1178567185997963,-0.20808656513690948,-0.3025655448436737,0.2937203645706177,0.2361796647310257,0.23397786915302277,-0.314907431602478,0.058244816958904266,-0.06466235220432281,-0.024707868695259094,0.33794254064559937,-0.0474744513630867,-0.4762100577354431,0.1648608297109604,0.246566042304039,0.27340734004974365,-0.03845742344856262,-0.06772114336490631,-0.41297009587287903,0.29366356134414673,-0.3874939978122711,0.3976590931415558,0.4068335294723511,0.0577910840511322,0.05472943186759949,0.14206546545028687,0.03433322533965111,-0.2017812728881836
57,0.003262743353843689,-0.5357206463813782,0.035080600529909134,0.011328739114105701,-0.2349628508090973,0.2308349758386612,-0.16735631227493286,-0.19012653827667236,-0.1317453533411026,-0.40504032373428345,-0.06834765523672104,0.01049445103853941,-0.37908974289894104,-0.14945536851882935,0.44765591621398926,-0.15515854954719543,0.060074515640735626,-0.018050281330943108,0.09565164148807526,-0.023153064772486687,0.03692840039730072,0.22001980245113373,0.46941328048706055,0.01978210359811783,0.11072193086147308,0.3054555058479309,-0.3359507918357849,0.006975973956286907,0.16005459427833557,-0.11091320216655731,0.22708860039710999,-0.006327975541353226,0.39521145820617676,0.016444914042949677,0.033190298825502396,-0.3308912515640259,0.21032759547233582,-0.021974846720695496,0.2218521237373352,-0.31849634647369385,-0.0491025447845459,-0.07403621077537537,0.3276568651199341,0.442788302898407,-0.06194058805704117,0.12339310348033905,0.2888038754463196,0.10458303242921829,-0.2690582871437073,0.44256913661956787,0.08674151450395584,0.15172991156578064,-0.4500172436237335,-0.171378955245018,-0.10974463075399399,0.04016181454062462,-0.08216700702905655,-0.07627024501562119,0.23907127976417542,0.013845730572938919,-0.058834582567214966,0.30885598063468933,0.17265261709690094,-0.13443265855312347
58,-0.4670795500278473,-0.15383069217205048,-0.27177703380584717,0.08324702084064484,0.48540788888931274,0.025255609303712845,0.06757989525794983,0.10154815763235092,0.12130782753229141,0.08691364526748657,0.21487997472286224,-0.31352469325065613,-0.08730180561542511,-0.4954398274421692,0.22388359904289246,0.2207438051700592,-0.07649020105600357,-0.06585391610860825,-0.07735425233840942,-0.3086332678794861,0.2659698724746704,-0.011620854958891869,-0.15890836715698242,0.32177942991256714,-0.14289222657680511,0.42771244049072266,0.06732232868671417,0.08850327134132385,-0.011180216446518898,0.013354647904634476,-0.21552985906600952,0.0095200315117836,0.3405250906944275,-0.05858146771788597,0.1621057391166687,0.2570546865463257,0.17500346899032593,0.16104796528816223,-0.4114718437194824,0.014409497380256653,0.07017241418361664,0.31831321120262146,0.13791361451148987,-0.04561785236001015,-0.035445597022771835,-0.22201743721961975,0.2508830428123474,-0.013321507722139359,-0.08328095078468323,-0.1545533686876297,-0.145808145403862,-0.21779285371303558,-0.0006186347454786301,-0.06363247334957123,-0.3519917130470276,0.1594661921262741,0.08131346106529236,0.16726958751678467,0.2856348752975464,-0.09872036427259445,0.09827767312526703,0.16189658641815186,-0.2474122941493988,-0.1429685354232788
59,-0.28866931796073914,-0.2238740772008896,-0.30736392736434937,-0.1204150915145874,0.13862234354019165,-0.03247014433145523,-0.12332113087177277,-0.022627662867307663,-0.11218992620706558,-0.19209085404872894,0.28329095244407654,-0.18431584537029266,-0.3737168312072754,-0.11213793605566025,0.4607440233230591,0.22136946022510529,-0.09793116897344589,-0.10819306969642639,0.06844022870063782,-0.19881656765937805,0.22554682195186615,0.0668867826461792,0.07804366201162338,0.31581056118011475,0.12518718838691711,0.3653015196323395,0.20242516696453094,0.20085619390010834,0.07900640368461609,0.08792486041784286,0.24376395344734192,-0.23968061804771423,0.12806613743305206,-0.17703436315059662,0.15870240330696106,0.13065142929553986,-0.41421929001808167,0.16435487568378448,0.17263206839561462,-0.3363983631134033,0.17136871814727783,0.10142246633768082,-0.04014519974589348,0.10919210314750671,-0.2012423723936081,0.09806975722312927,-0.03483830392360687,0.059649962931871414,0.09727861732244492,0.06430193781852722,-0.14373627305030823,-0.14086195826530457,-0.019402900710701942,-0.22568421065807343,-0.22445213794708252,0.29129260778427124,-0.06295697391033173,-0.17117621004581451,0.15375272929668427,-0.0053952038288116455,-0.2094157636165619,-0.20645999908447266,-0.16818653047084808,-0.17475970089435577
6,-0.5445150136947632,-0.17452110350131989,0.3024698495864868,-0.02639591321349144,0.8150529265403748,-0.7464823722839355,0.29873043298721313,-0.8700858354568481,0.45079052448272705,0.4994715750217438,0.49429914355278015,-0.09854327887296677,-0.2521055340766907,0.46665751934051514,0.46532702445983887,0.7469838261604309,-1.1093735694885254,-0.3217727243900299,-0.1023155003786087,0.18332988023757935,0.18661053478717804,-0.147487074136734,0.5121419429779053,0.08512578904628754,-0.39800116419792175,-0.14662910997867584,-0.16702882945537567,0.15959574282169342,-0.1315905898809433,-0.09636765718460083,-0.1321137398481369,-0.5126181244850159,-0.49003976583480835,-0.7124242186546326,0.09211653470993042,-0.8993120789527893,-0.1974695324897766,-0.7511985898017883,0.5759813189506531,-0.2271101325750351,0.7891125679016113,0.11699546873569489,0.25151875615119934,-0.23693953454494476,-0.42588719725608826,0.30692729353904724,0.4961692690849304,0.2682705223560333,0.3939906656742096,1.0747919082641602,-0.8558432459831238,-0.781890869140625,0.009636348113417625,-1.208757758140564,0.435274600982666,-0.5251451730728149,-0.0814196765422821,-1.1859335899353027,-0.3083873987197876,0.9513934254646301,-0.29633086919784546,-0.06819731742143631,-0.024285484105348587,-1.00723397731781
60,-0.29467570781707764,-0.3349650502204895,0.026915686205029488,-0.027270721271634102,0.08516640216112137,0.05743966996669769,-0.15208490192890167,-0.06340320408344269,-0.10470008105039597,0.06478740274906158,0.02719067595899105,-0.3497808873653412,-0.05059494450688362,-0.21893265843391418,0.22657735645771027,0.1064886748790741,0.1497809737920761,0.10113170742988586,-0.1684480607509613,-0.06261282414197922,-0.03289474919438362,0.05926136672496796,0.0575324147939682,0.05180776119232178,-0.004512477666139603,0.3840254545211792,-0.4407624900341034,-0.025848794728517532,-0.028436211869120598,-0.13603779673576355,0.17086264491081238,0.13172069191932678,0.2845069169998169,0.06027941405773163,0.017703605815768242,-0.03345511108636856,-0.03242708370089531,-0.25317537784576416,0.07188166677951813,-0.07109273970127106,0.1312543898820877,0.20126904547214508,0.03935473784804344,0.19783151149749756,0.02226312831044197,-0.28146204352378845,0.3133332133293152,-0.3075028657913208,-0.28084516525268555,0.47532787919044495,-0.002294364618137479,0.03676178678870201,-0.23762989044189453,-0.09350505471229553,-0.3654690980911255,0.16497208178043365,-0.48701608180999756,0.1964920610189438,0.3609788417816162,-0.2030920833349228,0.05375581979751587,0.45304951071739197,-0.16515445709228516,-0.13632385432720184
61,0.004640674218535423,0.2543117105960846,0.06953708827495575,0.2391699254512787,-0.002363099018111825,0.0006271954625844955,-0.15296198427677155,0.2561018168926239,-0.23350203037261963,0.29165026545524597,0.23788486421108246,-0.7447630763053894,0.17733922600746155,-0.5080722570419312,-0.14360833168029785,0.014597250148653984,0.14061035215854645,0.6280775666236877,-0.20368926227092743,0.355554461479187,-0.020808612927794456,0.19462624192237854,-0.21269692480564117,-0.1842663437128067,-0.10150568187236786,-0.0369788222014904,-0.4944325089454651,-0.15205779671669006,-0.4220673739910126,-0.34277695417404175,0.4979135990142822,0.23974481225013733,0.08299493789672852,0.40478581190109253,0.07560830563306808,0.5024049282073975,-0.057600706815719604,-0.23864006996154785,0.07094437628984451,0.2005137950181961,0.27281951904296875,0.08334498107433319,-0.032201942056417465,0.03283470869064331,0.5595443248748779,-0.09610527753829956,-0.2018439620733261,-0.42852479219436646,-0.037173256278038025,-0.06818950921297073,-0.16659259796142578,-0.14377455413341522,-0.14907832443714142,-0.35624927282333374,0.04748571291565895,-0.2871170938014984,-0.3449192941188812,0.28375229239463806,0.48964083194732666,-0.6129533648490906,0.11801701784133911,0.10609535127878189,-0.2790229618549347,-0.4273448884487152
62,-0.033343613147735596,-0.14883027970790863,-0.139382466673851,-0.3319617211818695,-0.09177828580141068,0.29140958189964294,0.04962976649403572,0.012359324842691422,-0.44316989183425903,-0.4869944155216217,0.5304399728775024,-0.1076301708817482,-0.49487122893333435,0.12872786819934845,0.24934785068035126,-0.13294100761413574,0.06330526620149612,-0.17775572836399078,0.1090083122253418,0.20024150609970093,0.1887820065021515,0.14813575148582458,0.24044440686702728,-0.07657655328512192,0.06155393645167351,0.2816862463951111,0.1764666885137558,0.45949262380599976,0.33434048295021057,-0.37803786993026733,0.39315301179885864,-0.14169941842556,0.008591129444539547,0.20829808712005615,0.027797698974609375,-0.06902651488780975,-0.7092003226280212,-0.10352561622858047,0.1329984962940216,-0.5186542868614197,0.12560266256332397,0.10424309223890305,0.10488273948431015,-0.04246457293629646,-0.3021163046360016,0.43168726563453674,-0.03011111356317997,0.09824496507644653,0.2035406231880188,0.016676323488354683,0.1993270069360733,0.19254615902900696,0.2750358581542969,-0.5941144824028015,-0.12352488189935684,0.354963481426239,-0.15243427455425262,-0.039556242525577545,0.16936460137367249,-0.010295480489730835,0.036356039345264435,-0.003919666633009911,-0.17641007900238037,-0.06675676256418228
63,0.30719345808029175,0.20775185525417328,-0.3560905456542969,0.004362310282886028,-0.16915592551231384,-0.047961264848709106,-0.48326432704925537,0.03743094950914383,0.3789479732513428,-0.0023148059844970703,0.11011578142642975,0.05728011950850487,-0.13318952918052673,-0.24521884322166443,-0.36470651626586914,0.1195627748966217,-0.030299797654151917,0.15485742688179016,-0.1298285573720932,-0.2635427713394165,-0.025197066366672516,-0.21436910331249237,-0.20159627497196198,0.09990085661411285,0.4457966983318329,-0.04216770827770233,0.10727068781852722,-0.205306276679039,-0.11584143340587616,0.10543277859687805,0.02880605310201645,-0.04421789199113846,-0.1784232258796692,0.2116829752922058,0.20578765869140625,-0.04322575032711029,0.22352266311645508,0.02727341465651989,0.017980406060814857,0.1624203473329544,0.06682655215263367,-0.040583137422800064,-0.10058318078517914,0.051182154566049576,0.21297185122966766,0.2648061215877533,0.16526952385902405,0.22100254893302917,-0.13465139269828796,0.1255880743265152,-0.005762630142271519,0.09412023425102234,0.21540963649749756,0.3189201056957245,-0.14044201374053955,-0.14603467285633087,0.12318843603134155,0.027644362300634384,0.13415151834487915,-0.0015593022108078003,-0.08623693883419037,-0.21236415207386017,-0.024443889036774635,-0.02420937828719616
64,0.02418350987136364,-0.17626594007015228,-0.13096986711025238,-0.10979904234409332,-0.023012422025203705,0.26637640595436096,-0.05349822714924812,-0.06537199020385742,-0.19060064852237701,-0.4264356195926666,0.3334813117980957,-0.0101084653288126,-0.38090184330940247,0.06945056468248367,0.16163553297519684,-0.11935754865407944,0.023765703663229942,-0.11093427985906601,0.05558885261416435,0.07110591977834702,0.12038139998912811,0.02769462950527668,0.2946886718273163,-0.056346189230680466,0.058332186192274094,0.05921027064323425,-0.023993007838726044,0.2504434287548065,0.2826162278652191,-0.2052036076784134,0.18778015673160553,-0.043419431895017624,0.0405595637857914,0.16977953910827637,0.006283700466156006,-0.2061992585659027,-0.22486995160579681,-0.11351346969604492,0.1161343902349472,-0.29209983348846436,0.09661731123924255,-0.023267023265361786,0.12232770770788193,0.07270482182502747,-0.16825000941753387,0.29864701628685,0.08670158684253693,0.21686586737632751,-0.03951239958405495,0.09622237831354141,0.1231638565659523,0.2093736231327057,0.061661966145038605,-0.26735392212867737,-0.12485383450984955,0.18639467656612396,-0.03956899419426918,-0.03670249879360199,0.08203615993261337,0.14871256053447723,-0.026870122179389,0.16059090197086334,0.03366294130682945,-0.008608616888523102
65,0.07710066437721252,-0.1323261708021164,-0.0039246417582035065,0.28303274512290955,-0.1343907117843628,0.2672131657600403,-0.1693902313709259,-0.039050616323947906,-0.18058635294437408,-0.46429452300071716,0.07643216103315353,-0.056780267506837845,-0.25262343883514404,-0.38906973600387573,0.16645966470241547,0.1187446117401123,0.13784196972846985,0.4272594153881073,0.10801394283771515,0.22369056940078735,0.06595146656036377,0.1915970891714096,0.29503756761550903,-0.13461966812610626,-0.11456876993179321,-0.2297728955745697,-0.32246720790863037,-0.19727754592895508,-0.12932544946670532,-0.14110426604747772,0.5546982884407043,0.18786242604255676,0.18297049403190613,0.25573021173477173,0.23138277232646942,0.11331695318222046,0.3728216588497162,0.0444338396191597,0.33530980348587036,-0.010784493759274483,0.2373708039522171,-0.06164142116904259,0.36781972646713257,0.331861674785614,0.1307695060968399,0.4176584780216217,0.1840735673904419,0.21271094679832458,0.09231490641832352,-0.01565605401992798,-0.26226261258125305,0.18730545043945312,-0.3510875701904297,-0.15236185491085052,0.44326186180114746,-0.07913367450237274,0.28778380155563354,-0.19489982724189758,0.26092854142189026,0.005099553614854813,-0.1088685542345047,0.10256435722112656,0.1117393970489502,-0.1741892397403717
66,-0.018800530582666397,-0.27437058091163635,0.14362512528896332,-0.30171123147010803,-0.1901765614748001,0.11324116587638855,-0.19259048998355865,-0.20424005389213562,-0.2853473424911499,-0.1404254138469696,-0.05378743261098862,-0.06046946719288826,-0.28047382831573486,-0.14666830003261566,0.28508442640304565,-0.17832747101783752,0.15028563141822815,0.024407774209976196,-0.053367529064416885,-0.1753806471824646,0.0695769339799881,0.15861298143863678,0.22841288149356842,-0.05162729322910309,0.11889475584030151,0.4629388153553009,-0.21347342431545258,0.026338092982769012,0.09733296930789948,-0.22848299145698547,0.34151491522789,0.08227305859327316,0.11682692915201187,0.20842808485031128,0.04682853817939758,-0.15479128062725067,-0.2245335429906845,-0.09584970027208328,0.309802770614624,-0.3062196969985962,-0.044955361634492874,0.062315139919519424,0.09982288628816605,0.26365232467651367,-0.22779951989650726,0.03986373543739319,0.4206858277320862,-0.05483277142047882,0.010400104336440563,0.3374073803424835,0.07918872684240341,0.15404319763183594,-0.20728641748428345,-0.4060928523540497,-0.15751665830612183,0.11646366119384766,-0.3607846796512604,-0.019465258345007896,0.1217074915766716,-0.12729144096374512,0.08061902225017548,0.2047203928232193,-0.1837022304534912,-0.22923870384693146
67,0.4527338445186615,-0.05648798868060112,0.10684901475906372,0.03702489286661148,-0.09116756916046143,-0.0737273246049881,-0.1304190307855606,0.13864988088607788,-0.1626463383436203,0.11887551844120026,0.25263482332229614,0.2753978967666626,0.049575790762901306,-0.07466936111450195,-0.12259580194950104,-0.013230131939053535,-0.07104037702083588,-0.048692092299461365,0.10911588370800018,0.098490871489048,0.0819295197725296,-0.006174983456730843,0.10078179836273193,0.11344870924949646,-0.12738686800003052,-0.27855005860328674,-0.15488867461681366,-0.23123668134212494,0.04721040278673172,-0.2004932165145874,-0.1170295923948288,0.12803149223327637,0.3192558288574219,0.18175721168518066,-0.19332559406757355,0.00035400688648223877,0.05729778856039047,-0.08123835921287537,-0.26915961503982544,0.4741186201572418,0.014066815376281738,-0.12599949538707733,0.09118315577507019,-0.05713895335793495,0.057834308594465256,0.08748029172420502,-0.0870506763458252,0.4062312841415405,-0.13566482067108154,-0.3095402419567108,0.09977922588586807,-0.09974592924118042,0.21139058470726013,-0.1996142715215683,0.20048636198043823,-0.18775200843811035,0.26888546347618103,0.045664455741643906,0.31565770506858826,-0.11493200063705444,-0.05870628356933594,-0.20001114904880524,0.22486448287963867,-0.3518690764904022
68,0.30719345808029175,0.20775185525417328,-0.3560905456542969,0.004362310282886028,-0.16915592551231384,-0.047961264848709106,-0.48326432704925537,0.03743094950914383,0.3789479732513428,-0.0023148059844970703,0.11011578142642975,0.05728011950850487,-0.13318952918052673,-0.24521884322166443,-0.36470651626586914,0.1195627748966217,-0.030299797654151917,0.15485742688179016,-0.1298285573720932,-0.2635427713394165,-0.025197066366672516,-0.21436910331249237,-0.20159627497196198,0.09990085661411285,0.4457966983318329,-0.04216770827770233,0.10727068781852722,-0.205306276679039,-0.11584143340587616,0.10543277859687805,0.02880605310201645,-0.04421789199113846,-0.1784232258796692,0.2116829752922058,0.20578765869140625,-0.04322575032711029,0.22352266311645508,0.02727341465651989,0.017980406060814857,0.1624203473329544,0.06682655215263367,-0.040583137422800064,-0.10058318078517914,0.051182154566049576,0.21297185122966766,0.2648061215877533,0.16526952385902405,0.22100254893302917,-0.13465139269828796,0.1255880743265152,-0.005762630142271519,0.09412023425102234,0.21540963649749756,0.3189201056957245,-0.14044201374053955,-0.14603467285633087,0.12318843603134155,0.027644362300634384,0.13415151834487915,-0.0015593022108078003,-0.08623693883419037,-0.21236415207386017,-0.024443889036774635,-0.02420937828719616
69,-0.2016991376876831,0.15740329027175903,-0.14975367486476898,0.034502726048231125,0.3380366563796997,-0.06935995817184448,-0.25723373889923096,-0.06426125764846802,0.17202496528625488,0.038536496460437775,0.06688466668128967,-0.33194953203201294,-0.037379004061222076,-0.22711016237735748,0.019150566309690475,0.07567068934440613,-0.011860660277307034,0.4563412368297577,-0.3284682631492615,0.011478131636977196,-0.1154831200838089,-0.1993042379617691,-0.30085015296936035,-0.0840529203414917,0.3304762840270996,0.000605001812800765,-0.2760598063468933,-0.16569103300571442,-0.3739841878414154,-0.022257031872868538,0.12550383806228638,-0.029630549252033234,-0.10994499176740646,0.05535045266151428,0.14905960857868195,0.11674414575099945,-0.0454581156373024,-0.19712123274803162,0.23440539836883545,-0.030026333406567574,0.2958087921142578,0.0673147663474083,-0.08100151270627975,0.02763986587524414,0.3730311393737793,-0.15724365413188934,0.07293876260519028,-0.12097245454788208,-0.15601994097232819,0.3346455991268158,-0.25009384751319885,-0.07847988605499268,0.053209152072668076,0.20299547910690308,-0.1931760609149933,0.026913810521364212,-0.2929494380950928,-0.04027080163359642,0.07132983952760696,-0.15163852274417877,-0.07801362872123718,0.2912525236606598,-0.21020331978797913,-0.07974166423082352
7,-0.22635039687156677,-0.2769266664981842,0.3012149930000305,-0.01514646876603365,0.3094731271266937,-0.45773518085479736,0.042688433080911636,-0.5539989471435547,0.10182448476552963,0.3130872845649719,0.45252496004104614,0.18777869641780853,-0.20803332328796387,0.5125361084938049,0.3667609691619873,0.8371298909187317,-0.6629028916358948,-0.5479385852813721,0.0771033763885498,0.14410308003425598,0.22202129662036896,-0.09740626066923141,0.4956488013267517,0.1231791079044342,-0.31591829657554626,-0.10770625621080399,-0.17293855547904968,0.13902753591537476,0.010994665324687958,0.12276658415794373,0.03671271726489067,-0.24663713574409485,-0.2941713035106659,-0.5014032125473022,0.08704517781734467,-0.6752514839172363,-0.22185875475406647,-0.5994974970817566,0.35872167348861694,-0.04975635185837746,0.5930957794189453,0.1600513756275177,0.1373165249824524,-0.08817723393440247,-0.49967873096466064,0.17185597121715546,0.4701153635978699,0.2176957130432129,0.17169615626335144,0.8973366022109985,-0.4602474868297577,-0.3815787434577942,0.02712511084973812,-0.8412412405014038,0.36633461713790894,-0.1781732141971588,-0.1523018181324005,-0.905058741569519,0.07152431458234787,0.6458650231361389,-0.3211902379989624,-0.13623015582561493,0.03385628014802933,-0.7756239771842957
70,-0.03516171872615814,-0.061980005353689194,0.05242757499217987,-0.01212614867836237,-0.22344309091567993,0.10197283327579498,-0.11497749388217926,-0.10796640068292618,-0.20343132317066193,0.4911472201347351,-0.007021723315119743,-0.4011152684688568,0.14080935716629028,-0.3877514898777008,0.10409408807754517,0.03699331730604172,0.19325418770313263,0.5329137444496155,-0.2464144378900528,-0.03356626629829407,-0.09069286286830902,0.23643848299980164,0.022102368995547295,-0.011206544004380703,-0.02179039642214775,0.0999869704246521,-0.2232470065355301,-0.3118446469306946,-0.14307823777198792,-0.09590806066989899,0.6316097378730774,0.16488125920295715,0.07269371300935745,0.45947927236557007,0.0864577442407608,0.40978747606277466,0.10291904956102371,-0.035187989473342896,0.3706434369087219,-0.04824290797114372,0.178203284740448,-0.030597589910030365,0.10500771552324295,0.11434490978717804,0.14648981392383575,0.015460684895515442,0.04754149913787842,-0.4946103096008301,-0.1253160834312439,0.12968884408473969,-0.3001025915145874,0.023982694372534752,-0.3432832658290863,-0.23604054749011993,0.05144105106592178,-0.40634769201278687,-0.19144386053085327,0.2283812314271927,0.1663876324892044,-0.392076313495636,0.22592084109783173,0.049055490642786026,-0.21296490728855133,-0.16521263122558594
71,0.5179793834686279,0.0007777176797389984,-0.016468260437250137,0.3245772421360016,-0.1662055402994156,-0.04538663476705551,-0.16573266685009003,0.04882437735795975,-0.1265471875667572,-0.10601845383644104,0.38592225313186646,0.13339632749557495,0.008204691112041473,-0.20415282249450684,-0.1566857099533081,0.05133636295795441,-0.0241364985704422,-0.01760057732462883,0.25685569643974304,0.17414847016334534,0.18243823945522308,0.02509968727827072,0.21291150152683258,0.08295556902885437,-0.32076653838157654,-0.35450732707977295,-0.2277003526687622,-0.22998379170894623,0.13953502476215363,-0.17214152216911316,0.10040502995252609,0.29209837317466736,0.23728711903095245,0.14810140430927277,-0.11246257275342941,-0.0624757744371891,0.19424065947532654,-0.0538601279258728,-0.17676281929016113,0.49962812662124634,0.25248268246650696,-0.1487930417060852,0.06266340613365173,-0.015780705958604813,0.12743280827999115,0.36507174372673035,-0.10483110696077347,0.4851459562778473,-0.14967979490756989,-0.46657636761665344,0.1336020976305008,0.05240122601389885,0.11238378286361694,-0.2348814457654953,0.4607357978820801,-0.1845576912164688,0.4231962561607361,-0.07525250315666199,0.28588393330574036,0.07183746993541718,-0.22454135119915009,-0.27259156107902527,0.35502371191978455,-0.4307747483253479
72,-0.31615275144577026,0.1713961809873581,0.018406808376312256,0.23500126600265503,0.5740743279457092,-0.05536951869726181,-0.027777651324868202,-0.07347210496664047,0.0727875679731369,-0.029032431542873383,0.024963367730379105,0.12921133637428284,-0.004469454288482666,-0.08525621145963669,-0.12206050753593445,-0.36934664845466614,0.024831583723425865,0.13671323657035828,-0.11905059218406677,-0.11232665926218033,-0.09227528423070908,-0.12771689891815186,0.1483016163110733,0.12487980723381042,-0.08695262670516968,-0.004913157783448696,-0.43350839614868164,0.0936819314956665,0.29224446415901184,-0.020491844043135643,-0.43811070919036865,0.311257541179657,-0.0018438342958688736,-0.07959461212158203,-0.32953640818595886,-0.03556368127465248,0.4810660481452942,0.07986800372600555,-0.1932123750448227,0.23506174981594086,0.010989215224981308,-0.15742766857147217,0.08870910108089447,-0.016927003860473633,0.009810693562030792,-0.19008460640907288,-0.058119893074035645,0.33703798055648804,-0.12752734124660492,-0.4719836413860321,0.1177765354514122,-0.27729228138923645,-0.27371183037757874,-0.2746914029121399,0.005942274816334248,-0.05295354127883911,0.13747861981391907,0.345904141664505,0.2235678881406784,0.14669479429721832,-0.12611982226371765,0.05828309431672096,0.13873639702796936,-0.041516706347465515
73,-0.07108955085277557,0.06392227858304977,-0.01964009553194046,-0.11707781255245209,0.2064993530511856,-0.008734917268157005,-0.10693354904651642,-0.09047400206327438,0.022645333781838417,0.10503825545310974,0.08910229057073593,-0.24337801337242126,-0.2153448462486267,-0.033982716500759125,0.17991918325424194,-0.03701355680823326,-0.13951146602630615,0.09026540070772171,-0.2639720141887665,-0.23999972641468048,-0.0189520251005888,-0.029239671304821968,-0.05658326297998428,0.11113783717155457,0.22569310665130615,0.017449097707867622,0.10709400475025177,0.04638310521841049,-0.171403169631958,0.029717400670051575,0.033044517040252686,0.03383820503950119,-0.1365409642457962,0.14564105868339539,0.07655075192451477,0.12642571330070496,-0.21937943994998932,-0.11846121400594711,0.244607076048851,-0.17509520053863525,0.1707027554512024,-0.07581277191638947,-0.13713759183883667,0.0308058001101017,-0.14104697108268738,0.04421891272068024,-0.19603374600410461,-0.05993027985095978,-0.16753405332565308,0.0841352641582489,-0.20749157667160034,-0.02490352839231491,0.12407572567462921,-0.021657142788171768,-0.2334442436695099,-0.12415413558483124,-0.2696197032928467,-0.030825018882751465,-0.1968550682067871,0.05802542716264725,0.04401320219039917,-0.0057997433468699455,-0.05509507283568382,-0.10261953622102737
74,-0.26167234778404236,-0.14503471553325653,-0.26934611797332764,0.03572693094611168,0.14169739186763763,-0.0606459379196167,-0.10384903848171234,0.02367628738284111,-0.03761352598667145,-0.16752323508262634,0.23559235036373138,-0.18623460829257965,-0.2625739574432373,-0.15315476059913635,0.35177338123321533,0.27960994839668274,-0.08061610162258148,-0.060451146215200424,0.11057747900485992,-0.1610112190246582,0.19007571041584015,0.07667116820812225,0.039665207266807556,0.279217004776001,-0.02811950072646141,0.3401569724082947,0.1560942530632019,0.1361914724111557,0.09942706674337387,0.08131234347820282,0.24628031253814697,-0.21128612756729126,0.13669101893901825,-0.20786327123641968,0.13659420609474182,0.16099342703819275,-0.23992076516151428,0.14039117097854614,0.0341041162610054,-0.20804463326931,0.14273765683174133,0.17817223072052002,-0.006218195892870426,0.05859120190143585,-0.1254766881465912,0.018004000186920166,-0.0032887826673686504,-0.00013298727571964264,0.11909136921167374,-0.0588921383023262,-0.13868066668510437,-0.1342439353466034,0.021324673667550087,-0.1286224126815796,-0.07366219907999039,0.22757291793823242,0.013345398008823395,-0.1509447991847992,0.15678778290748596,-0.01856308802962303,-0.18166956305503845,-0.18612658977508545,-0.09717569500207901,-0.17339859902858734
75,0.13663971424102783,-0.054606299847364426,-0.24001900851726532,-0.06975230574607849,-0.19889628887176514,-0.0918479710817337,-0.33273983001708984,0.133016437292099,0.1917884200811386,0.05061431974172592,-0.029564933851361275,0.13766084611415863,0.02619285136461258,-0.1429269015789032,-0.14832107722759247,0.14150895178318024,-0.0025003133341670036,0.051360707730054855,0.011564191430807114,-0.22538088262081146,-0.0019119791686534882,-0.09960760921239853,-0.07689205557107925,0.21989484131336212,0.35903146862983704,0.029846293851733208,0.05822334811091423,-0.21783392131328583,-0.02918446622788906,0.2393927425146103,-0.01901540532708168,-0.19620370864868164,0.061749670654535294,-0.039574578404426575,0.07524483650922775,0.09559793770313263,0.08035636693239212,0.30347949266433716,0.0010918434709310532,0.1002298891544342,-0.030105799436569214,0.005917440168559551,-0.1383066475391388,0.16380509734153748,0.10262160003185272,0.09351354837417603,0.08383738249540329,0.21070551872253418,-0.07427527755498886,0.06148121505975723,-0.030935652554035187,-0.06007269397377968,0.01795012876391411,0.3198939263820648,-0.2054923176765442,0.03864919766783714,0.15699850022792816,0.1366523653268814,0.1658245325088501,-0.08471204340457916,-0.13935886323451996,-0.27693161368370056,-0.08554314076900482,0.06622994691133499
76,0.27187293767929077,0.12698784470558167,0.018130239099264145,0.09208322316408157,-0.25531354546546936,0.11134323477745056,0.2806394100189209,0.11496315151453018,-0.13608063757419586,0.09480559825897217,0.24770303070545197,-0.41071757674217224,-0.126475989818573,-0.2988973557949066,-0.027284912765026093,-0.11377155035734177,0.0329267680644989,0.3248739540576935,0.17049157619476318,0.3392525315284729,0.02903725951910019,0.0421425886452198,0.09781435132026672,-0.20853309333324432,-0.0692116916179657,-0.019249415025115013,-0.0036996789276599884,-0.13506664335727692,-0.1834571659564972,-0.4988878071308136,0.3738117218017578,-0.056008029729127884,0.1396484225988388,0.3417105972766876,-0.016782419756054878,0.20142816007137299,-0.014685898087918758,-0.163144052028656,-0.07451546937227249,-0.0858287364244461,0.12496006488800049,-0.03521261364221573,0.3108193874359131,-0.14035065472126007,0.27553892135620117,0.19911551475524902,-0.14891132712364197,-0.17767751216888428,-0.02587132900953293,-0.25109192728996277,-0.005271621979773045,-0.05074888467788696,0.1596633493900299,-0.3775891959667206,0.1562308669090271,-0.23243343830108643,0.024428747594356537,0.11384423822164536,0.12510384619235992,-0.4481443166732788,0.14216341078281403,-0.14442715048789978,-0.23790812492370605,-0.23716114461421967
77,-0.2797147333621979,-0.2903587222099304,-0.3082929849624634,0.047000233083963394,0.2100887894630432,0.1367601901292801,0.12379686534404755,-0.08975899964570999,0.1679617464542389,-0.11848719418048859,0.2513970136642456,-0.2775798439979553,-0.31618595123291016,-0.41731125116348267,0.3281171917915344,-0.05729439854621887,-0.044930607080459595,0.09533839672803879,0.0833117663860321,-0.16264593601226807,0.14681552350521088,-0.1159321740269661,0.08193334937095642,0.17304830253124237,0.2345079779624939,0.42124035954475403,-0.0760008916258812,-0.04819522053003311,-0.05132000893354416,-0.07083173096179962,-0.0021285302937030792,-0.19727936387062073,0.3380206823348999,-0.08560797572135925,0.1014118641614914,-0.05670269578695297,0.26060184836387634,0.11461663246154785,-0.07765823602676392,-0.29066652059555054,0.14295519888401031,0.004106532782316208,0.339126318693161,-0.018630966544151306,0.18489699065685272,-0.03165711462497711,0.19636382162570953,-0.0160282701253891,-0.31350162625312805,0.06892619282007217,-0.0106453662738204,-0.23928537964820862,-0.09011848270893097,-0.09881958365440369,-0.21682068705558777,0.1322418451309204,0.11961682140827179,0.09340673685073853,0.22887413203716278,-0.21759925782680511,-0.047359153628349304,0.15235044062137604,-0.27656424045562744,-0.08972617238759995
78,0.11956687271595001,0.04176482558250427,0.14499814808368683,-0.12066614627838135,-0.07665824890136719,-0.12715372443199158,-0.14847007393836975,0.284284383058548,-0.19084931910037994,0.39292117953300476,0.015588528476655483,0.3557429313659668,0.09602759778499603,0.21700388193130493,-0.16649849712848663,0.02522093988955021,-0.17396540939807892,-0.05286632850766182,-0.02230650931596756,-0.04122183099389076,0.17657731473445892,0.16731049120426178,-0.19487179815769196,-0.009070448577404022,-0.19471114873886108,0.0007309454958885908,0.1738520860671997,-0.03535450994968414,-0.02906421385705471,-0.1901438981294632,-0.11141195893287659,-0.015123840421438217,0.03210579231381416,0.01143293920904398,-0.18166054785251617,0.036454156041145325,-0.19263187050819397,-0.20294903218746185,-0.43242019414901733,0.32557132840156555,-0.19006574153900146,-0.1070268452167511,0.057483624666929245,-0.1495218127965927,-0.17981594800949097,-0.015758004039525986,-0.078825943171978,0.0618383027613163,0.06226975843310356,-0.177371084690094,0.13529400527477264,-0.2326149046421051,0.28352755308151245,-0.3391939699649811,-0.003308327868580818,-0.20767122507095337,0.0022358503192663193,0.08047443628311157,0.3160131573677063,-0.1415637582540512,0.28404760360717773,-0.21452397108078003,0.1127941906452179,-0.4211118221282959
79,-0.26245251297950745,0.17689938843250275,-0.17787666618824005,-0.14009295403957367,0.28512415289878845,-0.02463383786380291,-0.1398181915283203,0.014415858313441277,0.02748269960284233,0.08033303916454315,0.058391883969306946,-0.46943366527557373,-0.2651204764842987,-0.12198526412248611,0.06021778658032417,-0.1507205218076706,-0.14360365271568298,0.24768459796905518,-0.4273342192173004,-0.3715953826904297,0.006384521722793579,-0.013801204040646553,-0.12359613925218582,0.026417076587677002,0.28292280435562134,0.12090574204921722,0.16474086046218872,0.06940604746341705,-0.26124417781829834,-0.10456612706184387,0.08530598878860474,0.07056748121976852,-0.2961251437664032,0.2441003918647766,0.17283354699611664,0.168679341673851,-0.24765446782112122,-0.26202449202537537,0.23622550070285797,-0.2784808278083801,0.21693332493305206,-0.1323132961988449,-0.24518084526062012,0.10867543518543243,-0.10551488399505615,0.10628610849380493,-0.14754024147987366,-0.12096437811851501,-0.14065983891487122,0.22886337339878082,-0.3241071403026581,-0.04948396608233452,0.07805706560611725,-0.1179751455783844,-0.4773673713207245,-0.20936493575572968,-0.4733522832393646,0.11710833013057709,-0.16618148982524872,0.08844111859798431,0.16787852346897125,0.09436953812837601,-0.18306182324886322,-0.10178517550230026
8,-0.4403850734233856,-0.17903821170330048,0.37583476305007935,-0.02234959602355957,0.6160994172096252,-0.6947853565216064,0.2797509431838989,-0.7781558036804199,0.35831376910209656,0.4627513885498047,0.4350477457046509,-0.0473567470908165,-0.2608315646648407,0.5214338898658752,0.4250480532646179,0.6547756791114807,-1.1038137674331665,-0.3725550174713135,-0.0587436743080616,0.26107504963874817,0.28084564208984375,-0.01000715047121048,0.518386960029602,0.03329969197511673,-0.41623470187187195,-0.22899559140205383,-0.09986467659473419,0.2233903855085373,-0.09288740158081055,-0.10292257368564606,-0.11320415139198303,-0.48842692375183105,-0.471194863319397,-0.6654784083366394,0.04337352514266968,-0.8704522848129272,-0.2934322953224182,-0.6487971544265747,0.5441061854362488,-0.22804348170757294,0.6794701218605042,0.07396811991930008,0.19842994213104248,-0.1503671556711197,-0.4951174259185791,0.3494320809841156,0.37871217727661133,0.3320298194885254,0.3716917932033539,0.9180716276168823,-0.6996227502822876,-0.6992502212524414,-0.04069547355175018,-1.2030103206634521,0.36813437938690186,-0.5622274875640869,-0.049059540033340454,-1.0949122905731201,-0.29794466495513916,0.9349842071533203,-0.22681955993175507,-0.11041168123483658,0.0463249608874321,-1.0038686990737915
80,-0.35188978910446167,0.16226109862327576,0.0039541348814964294,0.255930095911026,0.7223197817802429,-0.10435760021209717,-0.01773924008011818,-0.1714734435081482,0.1300431340932846,0.04272884875535965,0.06708632409572601,0.23359303176403046,0.0331089049577713,-0.14130109548568726,-0.16433265805244446,-0.43057042360305786,0.035728827118873596,0.14715853333473206,-0.1523974984884262,-0.16034764051437378,-0.12567171454429626,-0.19428400695323944,0.13591168820858002,0.20464442670345306,-0.0771060585975647,0.041321106255054474,-0.547326385974884,0.0762115865945816,0.36034026741981506,0.011311182752251625,-0.613238513469696,0.40398576855659485,0.011518348939716816,-0.11587534844875336,-0.45133262872695923,-0.05579978600144386,0.6071090698242188,0.15246985852718353,-0.23513276875019073,0.34037208557128906,0.016216512769460678,-0.19591787457466125,0.09173139184713364,-0.07973721623420715,-0.00030344724655151367,-0.22659559547901154,-0.06037043407559395,0.4354708194732666,-0.21587595343589783,-0.5766168236732483,0.17666631937026978,-0.3886316120624542,-0.30153384804725647,-0.31703969836235046,0.02137770876288414,-0.034351132810115814,0.20787116885185242,0.39973941445350647,0.2810554504394531,0.14545214176177979,-0.21526449918746948,0.06141247600317001,0.19348742067813873,-0.048863865435123444
81,0.09560345858335495,-0.2691323161125183,0.13330480456352234,-0.4642304480075836,-0.1671791672706604,0.21155241131782532,-0.06901546567678452,-0.17423081398010254,-0.45762568712234497,-0.25846192240715027,0.2449861615896225,0.03472811356186867,-0.4512859582901001,-0.021652406081557274,0.3535807728767395,-0.23957133293151855,0.06552871316671371,-0.04194081574678421,0.009012501686811447,-0.052688006311655045,0.11957566440105438,0.14280211925506592,0.29092952609062195,-0.06049325317144394,0.13286375999450684,0.34005311131477356,-0.0717964768409729,0.2241605669260025,0.13562656939029694,-0.2632945775985718,0.42412257194519043,0.06302230805158615,0.10406708717346191,0.2548328638076782,0.0160231776535511,-0.11955823749303818,-0.5358004570007324,-0.1005294993519783,0.3316110670566559,-0.4485522210597992,0.09689418971538544,0.02889503911137581,0.18293020129203796,0.12156704068183899,-0.37044408917427063,0.2562923729419708,0.21251289546489716,0.06199138984084129,0.11481893807649612,0.14865253865718842,0.1048068180680275,0.1731930375099182,0.04389738291501999,-0.5984653234481812,-0.08980491757392883,0.2477077841758728,-0.27073752880096436,-0.1250094175338745,0.0915435254573822,-0.11402805149555206,0.013054009526968002,0.09914315491914749,-0.23807799816131592,-0.2333814650774002
82,-0.05556812882423401,-0.2675446569919586,-0.11808361113071442,-0.009567211382091045,-0.15443739295005798,0.12407012283802032,-0.23836615681648254,-0.11089351028203964,-0.0943642258644104,-0.07131747901439667,0.012631893157958984,-0.13530492782592773,-0.08677837997674942,-0.18942107260227203,0.0908956527709961,0.011811060830950737,0.18360863626003265,-0.022823389619588852,0.02950996160507202,-0.12711019814014435,0.1110050231218338,0.0288204625248909,0.2645368278026581,0.06667551398277283,0.033133938908576965,0.269195556640625,-0.25977030396461487,-0.08679276704788208,0.2554520070552826,-0.1744956225156784,0.131031334400177,0.08359356969594955,0.15868565440177917,0.1731330156326294,0.017339376732707024,-0.13082048296928406,-0.01474436093121767,-0.10344400256872177,0.08120851963758469,-0.05017564445734024,0.048627544194459915,0.0731559470295906,-0.016671352088451385,0.21940721571445465,-0.04449639469385147,0.05278114974498749,0.38873618841171265,0.03855092450976372,-0.23645593225955963,0.28135785460472107,0.09937772154808044,0.22802969813346863,-0.23155540227890015,-0.13611948490142822,-0.2923122048377991,0.1071755588054657,-0.2363138645887375,0.19033695757389069,0.16599106788635254,0.06146436929702759,0.0792916938662529,0.19455558061599731,-0.015085717663168907,-0.11703954637050629
83,-0.23469844460487366,-0.06472638249397278,-0.12638750672340393,0.0770120769739151,0.30955904722213745,0.010742132551968098,-0.04591662436723709,0.07794294506311417,0.06368301063776016,-0.2556430399417877,0.10702628642320633,-0.19028590619564056,-0.20620006322860718,-0.1971386969089508,0.1382031887769699,0.18510611355304718,0.01830287091434002,0.2909337878227234,-0.13417479395866394,0.09992090612649918,-0.12750431895256042,-0.2118585705757141,-0.05727735906839371,0.03805668652057648,0.25150325894355774,-0.07564202696084976,-0.25368624925613403,-0.0651889517903328,-0.2921488285064697,-0.005732168909162283,0.025476252660155296,-0.10839366167783737,0.17553173005580902,-0.020111609250307083,0.04324178025126457,0.1395987570285797,0.07899694889783859,-0.012062253430485725,0.12473811209201813,-0.031333960592746735,0.19733716547489166,0.06275174766778946,0.06888298690319061,0.15919966995716095,0.180775448679924,-0.13251158595085144,0.00935422070324421,0.08458647131919861,-0.1312672644853592,0.19686569273471832,-0.23141616582870483,-0.13528457283973694,-0.03132132440805435,0.23397596180438995,-0.21447645127773285,0.2378476858139038,-0.11487415432929993,0.049078118056058884,0.2817786931991577,-0.17443180084228516,-0.2326422482728958,0.2477848380804062,-0.1805417835712433,0.12067154049873352
84,-0.2456544041633606,0.009997610002756119,-0.39479881525039673,0.15682485699653625,0.2956358790397644,0.42989957332611084,-0.17486600577831268,0.2486923336982727,0.2777533531188965,-0.39374426007270813,-0.1307571679353714,-0.11490730941295624,-0.42779573798179626,-0.3359319269657135,0.03802639991044998,-0.30863553285598755,-0.20671170949935913,0.5703413486480713,-0.11667212843894958,-0.07683853060007095,0.1498204469680786,0.26796820759773254,0.27561116218566895,-0.10450640320777893,0.3126923739910126,-0.14371269941329956,-0.1944795697927475,0.2994464635848999,-0.26812344789505005,-0.15672899782657623,-0.26363542675971985,0.053871698677539825,-0.049459848552942276,0.031843703240156174,0.28832367062568665,-0.18146374821662903,0.40614986419677734,-0.07182761281728745,0.02788916416466236,-0.24217994511127472,0.07814601063728333,-0.28267213702201843,0.2855033874511719,0.4656566381454468,0.13138417899608612,0.45726045966148376,0.08330491185188293,0.37130242586135864,-0.14026959240436554,0.33944419026374817,-0.25462883710861206,-0.01956247165799141,-0.4238000214099884,-0.07611536979675293,-0.5346938967704773,-0.07207775115966797,0.0059626754373312,0.12563349306583405,0.17906855046749115,0.25192791223526,0.34798166155815125,0.3837173283100128,0.1901494413614273,0.05243271589279175
85,0.02088538184762001,0.0437442846596241,0.14538505673408508,0.2638416588306427,0.356227844953537,0.0159292109310627,-0.14711977541446686,0.27854716777801514,-0.14109709858894348,0.04222576320171356,0.2796022593975067,-0.1888103187084198,0.1576346755027771,-0.09943985939025879,-0.1056552603840828,0.09739524126052856,0.027055026963353157,0.13223087787628174,-0.03573182225227356,0.2645185589790344,0.030762426555156708,-0.0721522718667984,-0.021868018433451653,0.11477503180503845,-0.0822887271642685,-0.41388753056526184,-0.5494416356086731,-0.15242448449134827,-0.21243268251419067,-0.16974961757659912,-0.29178693890571594,0.18919619917869568,0.27654168009757996,0.12185508012771606,-0.19844788312911987,0.18602032959461212,0.11075055599212646,-0.08818529546260834,-0.12119653075933456,0.5511733293533325,0.14435437321662903,-0.10155440866947174,-0.08903941512107849,0.04489407688379288,0.26803529262542725,-0.155502051115036,-0.2977650761604309,0.25975731015205383,-0.2784177362918854,-0.20659931004047394,-0.017240010201931,-0.2614619731903076,-0.01449473388493061,-0.13017429411411285,0.028060972690582275,-0.02254389598965645,0.01864614710211754,0.32701078057289124,0.48568493127822876,-0.11574050784111023,-0.07802900671958923,0.03107314743101597,0.10104930400848389,-0.29820889234542847
86,-0.01783733442425728,0.17520643770694733,0.12015533447265625,0.37562069296836853,0.2747723162174225,0.019870566204190254,-0.14293280243873596,0.2815627455711365,-0.137071430683136,-0.05299298092722893,0.3382411599159241,-0.43725135922431946,0.12488698959350586,-0.28957775235176086,-0.1225648820400238,0.18575264513492584,0.05672529339790344,0.37099406123161316,-0.09668919444084167,0.4569856524467468,-0.03189585730433464,0.06775540858507156,-0.13043339550495148,-0.11985290050506592,-0.12211139500141144,-0.3237346410751343,-0.6522626280784607,-0.026750817894935608,-0.4094608426094055,-0.11905562877655029,0.13806815445423126,0.26956459879875183,0.10225556045770645,0.1132180392742157,0.041174180805683136,0.2763291597366333,0.0504797026515007,-0.1952911913394928,0.019036030396819115,0.3787890076637268,0.3344886302947998,0.08419212698936462,-0.09975168108940125,0.07030701637268066,0.43825846910476685,-0.11609247326850891,-0.24657900631427765,-0.053255148231983185,-0.09530145674943924,-0.06673329323530197,-0.12754195928573608,-0.16837787628173828,-0.06418033689260483,-0.07899436354637146,0.17507682740688324,0.0009354390203952789,-0.1817583292722702,0.10218271613121033,0.5079596042633057,-0.32234251499176025,-0.13250873982906342,0.22189630568027496,-0.017117327079176903,-0.2725735306739807
87,-0.22337225079536438,-0.13814570009708405,-0.2919403910636902,0.30851539969444275,-0.010874073952436447,0.1099461019039154,0.015403591096401215,0.28706094622612,-0.20099349319934845,0.20030349493026733,0.2718642055988312,-0.035029087215662,0.4853094518184662,-0.44284042716026306,-0.308668851852417,0.19561010599136353,0.3305147886276245,-0.4014213979244232,0.20152020454406738,-0.16786564886569977,0.47588592767715454,0.21575401723384857,0.017525047063827515,0.031055018305778503,-0.3686538338661194,0.7729352116584778,-0.14418764412403107,0.08455520868301392,0.4579855799674988,0.03055468574166298,-0.24301645159721375,0.44320225715637207,0.032638173550367355,-0.041018206626176834,0.1522333323955536,0.17802080512046814,0.11840836703777313,-0.1370934396982193,-0.9888386130332947,0.2150937169790268,0.2265351265668869,0.554099440574646,-0.25395989418029785,-0.26866859197616577,0.1258063018321991,0.04986327886581421,0.6534668207168579,-0.13172100484371185,-0.33610114455223083,-0.0056516919285058975,0.34147533774375916,0.13894858956336975,0.18134447932243347,-0.2130509465932846,-0.1646745353937149,0.32061001658439636,-0.23071332275867462,0.354110985994339,0.563782811164856,-0.237695574760437,0.37786516547203064,0.23379649221897125,-0.07396581768989563,-0.15586422383785248
88,-0.010794531553983688,-0.06692858040332794,-0.10280503332614899,-0.1109079122543335,0.005014860071241856,-0.060178712010383606,-0.18386255204677582,-0.039893701672554016,0.01757204346358776,0.12238986790180206,0.12711210548877716,-0.11291181296110153,-0.08133173733949661,-0.03393770009279251,0.15817193686962128,0.1208762675523758,-0.02854294516146183,-0.14947763085365295,-0.04652504622936249,-0.2325758934020996,0.13237561285495758,0.0028157755732536316,-0.08232712000608444,0.23207519948482513,0.11141501367092133,0.16087880730628967,0.14804774522781372,-0.0008861683309078217,0.05466613173484802,0.13097186386585236,0.06062759459018707,-0.09022340923547745,0.05586421862244606,0.0012261532247066498,0.044987112283706665,0.09116557240486145,-0.17026062309741974,0.18352830410003662,0.08718504011631012,-0.03964165598154068,0.000505451112985611,0.04690185561776161,-0.13606297969818115,0.06326831877231598,-0.11326703429222107,-0.07506387680768967,-0.03156151995062828,0.04060967639088631,-0.0631316676735878,-0.01857445389032364,0.017714103683829308,-0.06308726966381073,0.02775372937321663,-0.019441109150648117,-0.18945710361003876,0.022527556866407394,0.017023932188749313,0.01589934527873993,0.059675827622413635,-0.03834189474582672,-0.09493499249219894,-0.2328438013792038,-0.09988181293010712,-0.12903891503810883
89,-0.13670194149017334,0.005362264811992645,0.04916984215378761,-0.017585186287760735,0.31955286860466003,-0.04804261028766632,0.11673064529895782,-0.1393851339817047,0.15456682443618774,0.25419747829437256,0.06094448268413544,-0.06271736323833466,-0.04281652718782425,-0.18844623863697052,0.12260663509368896,-0.2285894751548767,-0.09076617658138275,0.0424303263425827,-0.17026472091674805,-0.1603611707687378,-0.07374931871891022,-0.02316887117922306,-0.010320276021957397,0.10979385673999786,0.09269823133945465,0.25787675380706787,-0.1734316498041153,0.0666426345705986,-0.03308627009391785,0.015543721616268158,-0.30959534645080566,0.03713170439004898,0.08825010806322098,-0.05699053034186363,-0.12348296493291855,-0.1284862458705902,0.35459452867507935,0.09613543003797531,-0.10427414625883102,0.008605677634477615,-0.012488439679145813,-0.11184701323509216,0.1595631241798401,-0.04473486915230751,0.03812352195382118,-0.1613699048757553,0.019227825105190277,-0.012093190103769302,-0.22608435153961182,0.00840090773999691,0.0457729697227478,-0.34885653853416443,-0.11317931860685349,-0.21779485046863556,-0.08405525237321854,-0.17620612680912018,0.0041428543627262115,0.13598951697349548,0.17309355735778809,-0.20435559749603271,0.05364637076854706,0.06472492218017578,-0.08683481812477112,-0.0613526850938797
9,-0.5382146835327148,-0.23624972999095917,0.3022546172142029,-0.012322964146733284,0.6965047717094421,-0.7749810218811035,0.3072192966938019,-0.8971610069274902,0.4242803752422333,0.4361460208892822,0.5589529871940613,-0.14324429631233215,-0.34422215819358826,0.5431722402572632,0.5281425714492798,0.730204701423645,-1.1742790937423706,-0.4196256399154663,-0.05752323567867279,0.29038864374160767,0.27536147832870483,-0.11626497656106949,0.5706202983856201,0.09117626398801804,-0.3626200556755066,-0.24365809559822083,-0.13813430070877075,0.18432365357875824,-0.10428037494421005,-0.09470044821500778,-0.051466844975948334,-0.593689501285553,-0.44764894247055054,-0.7351557612419128,0.08560965955257416,-0.9808787703514099,-0.27333152294158936,-0.696340799331665,0.6800791025161743,-0.292677640914917,0.7788046598434448,0.045301053673028946,0.23534069955348969,-0.15180213749408722,-0.4281945824623108,0.31435152888298035,0.40889427065849304,0.35378560423851013,0.36186522245407104,1.0679080486297607,-0.7853052020072937,-0.7975822687149048,-0.12279825657606125,-1.2691164016723633,0.3877631425857544,-0.5892809629440308,-0.013300608843564987,-1.1929185390472412,-0.2671632766723633,1.003108263015747,-0.386417031288147,-0.118000827729702,-0.020544953644275665,-1.0604171752929688
90,0.4493313729763031,-0.026034925132989883,0.3298855423927307,-0.19790033996105194,-0.4618772268295288,0.44291558861732483,0.5985122919082642,-0.0986839309334755,-0.2307465523481369,0.3058869540691376,0.1304488629102707,-0.2529662549495697,-0.2291944921016693,0.19583538174629211,0.25980424880981445,-0.44458460807800293,-0.04978400468826294,0.11514170467853546,0.28025418519973755,0.3324231207370758,0.17473778128623962,0.19150248169898987,0.3976823687553406,-0.31852811574935913,0.20699116587638855,-0.02048814296722412,0.14528442919254303,0.25903087854385376,-0.15504154562950134,-0.342877596616745,0.14319533109664917,-0.3433580994606018,-0.10074465721845627,0.3337550759315491,-0.2938690185546875,-0.13588429987430573,-0.17222438752651215,0.03352603688836098,0.3031139373779297,-0.5457875728607178,-0.1579304039478302,-0.45089855790138245,0.3978515565395355,-0.2015276700258255,0.02441161498427391,0.41126617789268494,-0.366159051656723,-0.3157212734222412,-0.2777685821056366,-0.038888417184352875,0.2805003225803375,-0.18917076289653778,-0.04393065720796585,-0.7555913329124451,0.012120560742914677,-0.24967989325523376,-0.08054149150848389,0.11345584690570831,-0.14257599413394928,-0.5537576079368591,0.39283978939056396,-0.21967622637748718,-0.2785542905330658,-0.12993521988391876
91,-0.0146101713180542,0.3601948022842407,-0.04358053207397461,0.7333903908729553,0.39108312129974365,0.09865084290504456,-0.15468928217887878,0.34189778566360474,-0.015257537364959717,-0.3401144742965698,0.5688827633857727,-0.5533446073532104,0.09056305885314941,-0.3037876486778259,-0.2947821021080017,0.30020007491111755,0.06171952188014984,0.2335878163576126,0.09792003035545349,0.5220813155174255,0.12565097212791443,-0.025787802413105965,-0.0872148871421814,-0.12899485230445862,-0.31068095564842224,-0.4492698013782501,-0.8187620043754578,0.13533571362495422,-0.37982338666915894,-0.02441699430346489,0.1019250899553299,0.5635300278663635,-0.05832960829138756,-0.01902368664741516,0.17100733518600464,0.10211466997861862,0.1979379802942276,-0.3644114136695862,-0.10923926532268524,0.5139143466949463,0.5752972364425659,0.14549042284488678,-0.1997784972190857,0.020185282453894615,0.5291207432746887,0.030329681932926178,-0.24780018627643585,0.03702612221240997,-0.18444347381591797,-0.23117448389530182,-0.00560336047783494,-0.008485344238579273,-0.06851471960544586,-0.019792374223470688,0.3277091085910797,0.19429636001586914,-0.14409488439559937,0.03913388401269913,0.5588831901550293,-0.0040392763912677765,-0.29258379340171814,0.3098675608634949,0.116611048579216,-0.3556792438030243
92,-0.2936975955963135,-0.1323171854019165,-0.05305076390504837,-0.12293782830238342,0.3287038803100586,0.06999433785676956,0.11110307276248932,-0.19963791966438293,0.06486951559782028,0.15881478786468506,0.08206091821193695,-0.2775566875934601,-0.18560750782489777,-0.1946014165878296,0.39999181032180786,-0.13135233521461487,0.0053456611931324005,0.21192704141139984,-0.20406268537044525,-0.15719550848007202,-0.11952044814825058,-0.08622504025697708,-0.035655416548252106,0.05250775068998337,0.35319995880126953,0.3150468170642853,-0.1840316355228424,-0.039696402847766876,-0.26986098289489746,0.02461271360516548,0.04755915701389313,-0.05058317631483078,0.08973217755556107,-0.01095680519938469,0.10816153138875961,-0.010652381926774979,0.0974070355296135,-0.10787993669509888,0.23660089075565338,-0.300340473651886,0.14435088634490967,-0.08500392735004425,0.16769278049468994,-0.03621510788798332,0.16430386900901794,-0.2623334527015686,0.05117376521229744,-0.30775368213653564,-0.2819956839084625,0.3571931719779968,-0.17030498385429382,-0.26327094435691833,-0.13153545558452606,-0.05752032622694969,-0.1598239690065384,0.007971961051225662,-0.26489171385765076,-0.03012656792998314,0.06060139089822769,-0.3405778408050537,0.007737485691905022,0.26116275787353516,-0.27850234508514404,-0.0014242175966501236
93,0.11430759727954865,-0.07076278328895569,-0.08713899552822113,0.03449349105358124,-0.33507055044174194,0.01426943950355053,-0.23456315696239471,-0.004692595452070236,-0.18898670375347137,0.11933261156082153,0.060824595391750336,-0.01544214878231287,0.06713209301233292,-0.11185114830732346,-0.18050207197666168,0.2477683126926422,0.2328585833311081,-0.16191712021827698,0.0801197737455368,-0.10785006731748581,0.2813897728919983,0.01646122708916664,0.08858667314052582,0.00033073872327804565,-0.07681454718112946,0.29365283250808716,-0.04910064861178398,-0.08426262438297272,0.2501471936702728,-0.15734049677848816,0.12910901010036469,0.16983848810195923,-0.07607948780059814,0.25557413697242737,-0.037098512053489685,0.023825813084840775,-0.21272563934326172,-0.18224769830703735,-0.14355139434337616,0.12912105023860931,0.05062628164887428,0.20721043646335602,-0.2446209192276001,0.04354379326105118,-0.1385347843170166,0.11155714094638824,0.4264708459377289,0.009792396798729897,-0.24110543727874756,0.14896762371063232,0.22412025928497314,0.2817913889884949,0.058039698749780655,-0.17641977965831757,-0.26823824644088745,0.14126081764698029,-0.3450361490249634,0.19415591657161713,0.26150834560394287,-0.048326145857572556,0.13438357412815094,0.024013889953494072,-0.04483681917190552,-0.22315804660320282
94,0.2036934494972229,-0.17297038435935974,-0.16873639822006226,-0.06104826182126999,-0.22149452567100525,0.045800529420375824,-0.16077430546283722,-0.080636166036129,-0.09979870915412903,-0.1148451566696167,0.25430700182914734,0.23095910251140594,-0.08018404245376587,0.04649030417203903,-0.001967344433069229,-0.0006791688501834869,0.03805799037218094,-0.15064679086208344,0.14490081369876862,0.09612084180116653,0.013799063861370087,-0.037446893751621246,0.2652321457862854,0.08921170979738235,0.06774519383907318,-0.026287326589226723,-0.14847396314144135,-0.09245023131370544,0.33404970169067383,-0.07597095519304276,0.15921825170516968,0.0020507052540779114,0.133771151304245,0.08770032227039337,-0.002280956134200096,-0.18847928941249847,-0.09449516981840134,-0.09129147231578827,0.020837580785155296,0.031032316386699677,0.057055164128541946,0.012154854834079742,0.03633028641343117,0.050448328256607056,-0.0020752213895320892,0.16251274943351746,0.14040176570415497,0.25367534160614014,-0.08409237861633301,0.08154299855232239,0.09143009036779404,0.1791630983352661,-0.013324243947863579,-0.05577601119875908,0.028910163789987564,0.04416757449507713,0.09108854830265045,-0.026874132454395294,0.13211429119110107,0.15241850912570953,-0.14316050708293915,0.004837744869291782,0.16171428561210632,-0.06251411885023117
95,-0.12070341408252716,0.3023850619792938,0.21886733174324036,0.15619751811027527,0.2096027135848999,-0.04769399017095566,-0.16000984609127045,-0.12770313024520874,-0.16991451382637024,-0.12628167867660522,0.0035959258675575256,-0.2083505392074585,-0.22033800184726715,0.23052409291267395,0.0488530695438385,0.02668897621333599,0.023881277069449425,0.1043538972735405,-0.2208266258239746,-0.032628875225782394,-0.14805226027965546,-0.18032784759998322,0.11484461277723312,0.07518386840820312,0.11980308592319489,-0.07511547952890396,0.036482952535152435,0.1493460088968277,0.10655442625284195,-0.11576677858829498,-0.040285103023052216,-0.14044204354286194,-0.34804654121398926,0.2590077817440033,-0.36693501472473145,0.148597851395607,-0.11531085520982742,-0.1130707785487175,0.32894518971443176,-0.06075865030288696,0.10076029598712921,-0.24324189126491547,-0.1596541404724121,-0.08331374824047089,-0.14407506585121155,0.3142034709453583,-0.3966393768787384,-0.04886685311794281,-0.16133522987365723,-0.13464930653572083,-0.04111161082983017,-0.05837761610746384,0.12795253098011017,-0.350997656583786,0.08977603167295456,-0.1639683097600937,-0.36924946308135986,0.19402681291103363,-0.037977442145347595,0.11205294728279114,0.048196956515312195,-0.2545207738876343,0.037141501903533936,-0.10432177037000656
96,0.17781971395015717,-0.2571924030780792,-0.4419923424720764,0.1728467047214508,-0.3572652339935303,0.17353080213069916,-0.36921238899230957,-0.1169978603720665,0.01125913392752409,-0.18906041979789734,0.18480534851551056,0.1479109674692154,-0.1042579710483551,-0.13040371239185333,-0.09145008027553558,0.11316372454166412,0.2115638107061386,-0.1189349889755249,0.32162415981292725,-0.0980893224477768,0.17052151262760162,-0.06274347752332687,0.394076406955719,0.13846366107463837,0.008006233721971512,0.16786201298236847,-0.16859783232212067,-0.17336754500865936,0.532917320728302,-0.0769834890961647,0.11360323429107666,0.12030745297670364,0.04702206328511238,0.041475359350442886,-0.026542508974671364,-0.19402095675468445,0.028284739702939987,0.022122222930192947,-0.05921133607625961,0.08272847533226013,0.19632534682750702,-0.04214457422494888,-0.08208559453487396,0.1809680312871933,-0.12643280625343323,0.3766365945339203,0.25324204564094543,0.3502241373062134,-0.370267391204834,0.045458510518074036,0.2588113844394684,0.39481303095817566,-0.051958538591861725,0.039618633687496185,-0.166509747505188,0.22666558623313904,0.04619264602661133,0.1386885643005371,0.08542212843894958,0.33984172344207764,-0.11301685869693756,-0.13226298987865448,0.2957811951637268,-0.0665636882185936
97,-0.10111218690872192,-0.027321841567754745,-0.03564693033695221,0.08980614691972733,0.3718299865722656,-0.06314201653003693,0.0028661414980888367,-0.126461923122406,0.05936138331890106,0.3768351376056671,0.19153165817260742,0.12245846539735794,0.21162629127502441,-0.16593210399150848,-0.15099874138832092,-0.185200035572052,0.126011922955513,-0.02399473637342453,0.015041422098875046,-0.1741151660680771,0.0620393380522728,-0.16247756779193878,-0.05329718440771103,0.23788677155971527,-0.06690599024295807,0.243800550699234,-0.3852699100971222,-0.07122526317834854,0.2565372586250305,-0.009923962876200676,-0.4954424500465393,0.2410731315612793,0.09480691701173782,-0.051133256405591965,-0.4373427629470825,0.032420407980680466,0.2612042725086212,0.23626571893692017,-0.26602643728256226,0.39140528440475464,-0.07285653054714203,-0.11340393126010895,-0.06853117793798447,-0.21443437039852142,-0.010012589395046234,-0.2323308289051056,-0.0337514728307724,0.184431791305542,-0.35269540548324585,-0.46292611956596375,0.33396974205970764,-0.3780533969402313,-0.07631420344114304,-0.25645554065704346,-0.08810011297464371,0.11103899776935577,0.11162889003753662,0.40647080540657043,0.27111703157424927,-0.1655893474817276,-0.12838703393936157,-0.07659720629453659,0.043743062764406204,-0.16762246191501617
98,0.04414861276745796,-0.02750329300761223,-0.21433933079242706,0.04774756357073784,-0.4414494037628174,0.015951132401823997,-0.3513292670249939,0.07763014733791351,-0.2322656810283661,0.10862618684768677,0.08705078065395355,-0.14002341032028198,0.07531113922595978,-0.13103383779525757,-0.3057295083999634,0.39926114678382874,0.349295437335968,-0.15733665227890015,0.0917166918516159,-0.11254706233739853,0.3126303553581238,-0.027143945917487144,0.039569124579429626,-0.02235172502696514,-0.10356317460536957,0.3588007688522339,0.04852074012160301,-0.11026798188686371,0.31735217571258545,-0.27618932723999023,0.2464560866355896,0.11119992285966873,-0.16564227640628815,0.354740172624588,0.004763455130159855,0.09302403032779694,-0.337606281042099,-0.24477490782737732,-0.16825370490550995,0.17189057171344757,0.08012454211711884,0.24304305016994476,-0.34738701581954956,0.0201923456043005,-0.14930090308189392,0.21367496252059937,0.49872398376464844,-0.07099993526935577,-0.17272348701953888,0.20163452625274658,0.2571006715297699,0.3791523873806,0.13246245682239532,-0.20679254829883575,-0.3520841598510742,0.20258265733718872,-0.4659908711910248,0.30809512734413147,0.3312019109725952,-0.05496738851070404,0.21938292682170868,-0.07814228534698486,-0.14027296006679535,-0.2109689563512802
99,-0.06594564765691757,0.020856039598584175,0.2143014520406723,0.2014368772506714,0.31318098306655884,-0.02791510336101055,-0.07862378656864166,0.2763481140136719,-0.19669081270694733,-0.046910107135772705,0.22490189969539642,-0.26858213543891907,0.12709970772266388,-0.13480734825134277,0.0184494499117136,0.1525639295578003,0.05725061148405075,0.2227037400007248,-0.12180997431278229,0.38154080510139465,-0.07700160145759583,0.047234006226062775,-0.09879384934902191,-0.01913788542151451,0.014785274863243103,-0.28497591614723206,-0.5601362586021423,-0.09145389497280121,-0.381197452545166,-0.08743632584810257,-0.07354256510734558,0.07582295686006546,0.22685815393924713,0.04657962918281555,-0.08473391085863113,0.25798678398132324,0.020324140787124634,-0.01817588321864605,0.049805648624897,0.34789931774139404,0.14730487763881683,0.004096335265785456,-0.13048776984214783,0.15171365439891815,0.3029318153858185,-0.2441294938325882,-0.2793441414833069,0.08732449263334274,-0.1364731639623642,0.03664908558130264,-0.13288436830043793,-0.3221547305583954,-0.06422950327396393,-0.04197191819548607,0.07350316643714905,0.02528126910328865,-0.12764166295528412,0.16887684166431427,0.5254179239273071,-0.36209696531295776,-0.14713923633098602,0.14214685559272766,-0.023344136774539948,-0.1531357318162918
