node_id,candidate_group,ml_score,ris_score,fair_ris_score,candidate_group_shortfall_ratio,dynamic_shortfall_bonus,shortfall_weighted_fair_ris_score,fairness_bonus,weak_group_bonus,community_diversity_bonus,cluster_diversity_bonus,cluster_coverage_bonus,protected_group_coverage_bonus,spread_proxy_score,under_served_group_bonus,over_served_group_penalty,parity_adjusted_score,base_combined_score,target_deficit_adjusted_score,combined_score,score_normalization
0,northwest_antelope_valley,0.0,1.0,1.0,0.0,0.0,1.0,0.0,0.0,0.0,0.0,0.0,0.39425837320574164,0.5971446637935213,0.0,0.0,3.3136873059644456,3.3136873059644456,3.3136873059644456,3.3136873059644456,per_group
1,northwest_antelope_valley,0.7717896661976688,0.0,0.0,0.0,0.0,0.0,0.0,0.0,0.0,0.0,0.0,0.39425837320574164,1.0,0.0,0.0,1.1345111395441096,1.1345111395441096,1.1345111395441096,1.1345111395441096,per_group
10,northeast_antelope_valley,0.8035749322298835,1.0,1.0,0.0,0.0,1.0,0.0,0.0,0.0,0.0,0.0,0.278879015721121,0.25363742181536736,0.0,0.0,3.692108952645113,3.692108952645113,3.692108952645113,3.692108952645113,per_group
100,lancaster,0.7103213250874326,0.2,0.19999999999999998,0.0,0.0,0.19999999999999998,0.0,0.0,0.16666666666666666,0.0,0.0,0.0,0.15924334124376696,0.0,0.0,1.1557402624766226,1.1557402624766226,1.1557402624766226,1.1557402624766226,per_group
101,lancaster,0.7025437031554826,0.0,0.0,0.0,0.0,0.0,0.0,0.0,0.0,0.0,0.0,0.0,0.14686333107417737,0.0,0.0,0.5211532584236733,0.5211532584236733,0.5211532584236733,0.5211532584236733,per_group
102,lancaster,0.467145471171949,0.2,0.19999999999999998,0.0,0.0,0.19999999999999998,0.0,0.0,0.3333333333333333,0.0,0.0,0.0,0.22519104744883667,0.0,0.0,1.065373372643465,1.065373372643465,1.065373372643465,1.065373372643465,per_group
103,lancaster,0.5978379013227961,0.0,0.0,0.0,0.0,0.0,0.0,0.0,0.0,0.0,0.0,0.0,0.04539724958702774,0.0,0.0,0.42756598084336284,0.42756598084336284,0.42756598084336284,0.42756598084336284,per_group
104,lancaster,0.19612537164494154,0.0,0.0,0.0,0.0,0.0,0.2222222222222222,0.2222222222222222,0.16666666666666666,0.0,0.0,0.0,0.3106924487803334,0.0,0.0,0.5327595832408591,0.5327595832408591,0.5327595832408591,0.5327595832408591,per_group
105,lancaster,0.6967769316621353,0.2,0.19999999999999998,0.0,0.0,0.19999999999999998,0.0,0.0,0.0,0.0,0.0,0.0,0.023422643589314326,0.0,0.0,1.0524283808813575,1.0524283808813575,1.0524283808813575,1.0524283808813575,per_group
106,lancaster,0.780779827813879,0.2,0.19999999999999998,0.0,0.0,0.19999999999999998,0.0,0.0,0.0,0.0,0.0,0.0,0.04503878829105072,0.0,0.0,1.1155536371279253,1.1155536371279253,1.1155536371279253,1.1155536371279253,per_group
107,lancaster,0.42059693966929806,0.2,0.19999999999999998,0.0,0.0,0.19999999999999998,0.0,0.0,0.0,0.0,0.0,0.0,0.07741916468913608,0.0,0.0,0.8699016907063358,0.8699016907063358,0.8699016907063358,0.8699016907063358,per_group
108,lancaster,0.7577656177766592,0.6,0.5999999999999999,0.0,0.0,0.5999999999999999,0.0,0.0,0.0,0.0,0.0,0.0,0.09286100949301793,0.0,0.0,2.2290081343422647,2.2290081343422647,2.2290081343422647,2.2290081343422647,per_group
109,lancaster,0.8713178437588565,0.0,0.0,0.0,0.0,0.0,0.0,0.0,0.0,0.0,0.0,0.0,0.03371830896417026,0.0,0.0,0.6166661524240336,0.6166661524240336,0.6166661524240336,0.6166661524240336,per_group
11,northeast_antelope_valley,0.7735700437894326,0.25,0.25,0.0,0.0,0.25,0.0,0.0,0.0,0.0,0.0,0.278879015721121,0.18506886863055466,0.0,0.0,1.5573918200998347,1.5573918200998347,1.5573918200998347,1.5573918200998347,per_group
110,lancaster,0.190114440162848,0.0,0.0,0.0,0.0,0.0,0.4,0.4,0.16666666666666666,0.0,0.0,0.0,0.1864452558755023,0.0,0.0,0.7170358259557608,0.7170358259557608,0.7170358259557608,0.7170358259557608,per_group
111,lancaster,0.71036003488494,0.0,0.0,0.0,0.0,0.0,0.0,0.0,0.0,0.0,0.0,0.0,0.11270091557529854,0.0,0.0,0.5197922075345177,0.5197922075345177,0.5197922075345177,0.5197922075345177,per_group
112,lancaster,0.33739648938375566,0.2,0.19999999999999998,0.0,0.0,0.19999999999999998,0.0,0.0,0.0,0.0,0.0,0.0,0.14809084211097243,0.0,0.0,0.8257957109908234,0.8257957109908234,0.8257957109908234,0.8257957109908234,per_group
113,lancaster,0.8442139847956152,0.2,0.19999999999999998,0.0,0.0,0.19999999999999998,0.0,0.0,0.16666666666666666,0.0,0.0,0.0,0.11830590432059261,0.0,0.0,1.2412776368877156,1.2412776368877156,1.2412776368877156,1.2412776368877156,per_group
114,lancaster,0.5708384764515536,0.6,0.5999999999999999,0.0,0.0,0.5999999999999999,0.0,0.0,0.16666666666666666,0.0,0.0,0.0,0.09805013358484423,0.0,0.0,2.165863626899723,2.165863626899723,2.165863626899723,2.165863626899723,per_group
115,lancaster,0.08862595785128997,0.0,0.0,0.0,0.0,0.0,0.0,0.0,0.0,0.0,0.0,0.0,0.10092223581210799,0.0,0.0,0.08222261765832457,0.08222261765832457,0.08222261765832457,0.08222261765832457,per_group
116,lancaster,0.5814283239917807,0.4,0.39999999999999997,0.0,0.0,0.39999999999999997,0.0,0.0,0.0,0.0,0.0,0.0,0.11324451873182707,0.0,0.0,1.549648730540612,1.549648730540612,1.549648730540612,1.549648730540612,per_group
117,lancaster,0.7325984017465861,0.6,0.5999999999999999,0.0,0.0,0.5999999999999999,0.0,0.0,0.0,0.0,0.0,0.0,0.10792480024137646,0.0,0.0,2.2144038412708853,2.2144038412708853,2.2144038412708853,2.2144038412708853,per_group
118,lancaster,0.09887590042489357,0.0,0.0,0.0,0.0,0.0,0.0,0.0,0.0,0.0,0.0,0.0,0.0838246710667794,0.0,0.0,0.08597806451078138,0.08597806451078138,0.08597806451078138,0.08597806451078138,per_group
119,lancaster,0.24247010018177956,0.2,0.19999999999999998,0.0,0.0,0.19999999999999998,0.0,0.0,0.0,0.0,0.0,0.0,0.1160167115679969,0.0,0.0,0.752932412440845,0.752932412440845,0.752932412440845,0.752932412440845,per_group
12,lancaster,0.4418960585931262,0.4,0.39999999999999997,0.0,0.0,0.39999999999999997,0.125,0.125,0.6666666666666666,0.0,0.0,0.0,0.6990807415927546,0.0,0.0,1.985810056000406,1.985810056000406,1.985810056000406,1.985810056000406,per_group
120,lancaster,0.6074516030756664,0.6,0.5999999999999999,0.0,0.0,0.5999999999999999,0.0,0.0,0.0,0.0,0.0,0.0,0.06404359307226644,0.0,0.0,2.11802484076742,2.11802484076742,2.11802484076742,2.11802484076742,per_group
121,lancaster,0.6756071199342362,0.0,0.0,0.0,0.0,0.0,0.0,0.0,0.0,0.0,0.0,0.0,0.06361942649860304,0.0,0.0,0.4856488692536859,0.4856488692536859,0.4856488692536859,0.4856488692536859,per_group
122,lancaster,0.6825788368265906,0.6,0.5999999999999999,0.0,0.0,0.5999999999999999,0.3333333333333333,0.3333333333333333,0.3333333333333333,0.0,0.0,0.0,0.24802914373755763,0.0,0.0,2.740744347859458,2.740744347859458,2.740744347859458,2.740744347859458,per_group
123,lancaster,0.809835978351834,0.4,0.39999999999999997,0.0,0.0,0.39999999999999997,0.0,0.0,0.0,0.0,0.0,0.0,0.062624883301829,0.0,0.0,1.6994101615066497,1.6994101615066497,1.6994101615066497,1.6994101615066497,per_group
124,lancaster,0.30671963374930994,0.0,0.0,0.0,0.0,0.0,0.0,0.0,0.0,0.0,0.0,0.0,0.02854618929243258,0.0,0.0,0.22041298148300345,0.22041298148300345,0.22041298148300345,0.22041298148300345,per_group
125,lancaster,0.6086253335528535,0.2,0.19999999999999998,0.0,0.0,0.19999999999999998,0.0,0.0,0.0,0.0,0.0,0.0,0.08869896380281576,0.0,0.0,1.0037775262475606,1.0037775262475606,1.0037775262475606,1.0037775262475606,per_group
126,lancaster,0.5302024135311662,0.2,0.19999999999999998,0.0,0.0,0.19999999999999998,0.0,0.0,0.0,0.0,0.0,0.0,0.10935235014672076,0.0,0.0,0.9530121595011605,0.9530121595011605,0.9530121595011605,0.9530121595011605,per_group
127,lancaster,0.5942311365303617,0.0,0.0,0.0,0.0,0.0,0.3333333333333333,0.3333333333333333,0.5,0.0,0.0,0.0,0.32758026383036126,0.0,0.0,1.0814778483373255,1.0814778483373255,1.0814778483373255,1.0814778483373255,per_group
128,lancaster,0.7417012165336299,0.4,0.39999999999999997,0.0,0.0,0.39999999999999997,0.0,0.0,0.0,0.0,0.0,0.0,0.06362327243417479,0.0,0.0,1.6519155060603756,1.6519155060603756,1.6519155060603756,1.6519155060603756,per_group
129,lancaster,0.5691204203323953,0.0,0.0,0.0,0.0,0.0,0.0,0.0,0.0,0.0,0.0,0.0,0.07549771331911745,0.0,0.0,0.41348383689650015,0.41348383689650015,0.41348383689650015,0.41348383689650015,per_group
13,lancaster,0.48365314077707366,0.6,0.5999999999999999,0.0,0.0,0.5999999999999999,0.11764705882352941,0.11764705882352941,1.0,0.0,0.0,0.0,1.0,0.0,0.0,2.7597336691321868,2.7597336691321868,2.7597336691321868,2.7597336691321868,per_group
130,lancaster,0.645767137177392,0.0,0.0,0.0,0.0,0.0,0.0,0.0,0.0,0.0,0.0,0.0,0.016571082068534776,0.0,0.0,0.4553512124378813,0.4553512124378813,0.4553512124378813,0.4553512124378813,per_group
131,lancaster,0.5000262320649066,0.0,0.0,0.0,0.0,0.0,0.0,0.0,0.16666666666666666,0.0,0.0,0.0,0.11501899219409116,0.0,0.0,0.4396888275509195,0.4396888275509195,0.4396888275509195,0.4396888275509195,per_group
132,lancaster,0.4879304910403703,0.0,0.0,0.0,0.0,0.0,0.0,0.0,0.0,0.0,0.0,0.0,0.047877106249313905,0.0,0.0,0.35112676497812195,0.35112676497812195,0.35112676497812195,0.35112676497812195,per_group
133,lancaster,0.5605464472683196,0.0,0.0,0.0,0.0,0.0,0.0,0.0,0.0,0.0,0.0,0.0,0.012974513283576648,0.0,0.0,0.394977415744539,0.394977415744539,0.394977415744539,0.394977415744539,per_group
134,lancaster,0.6102809598283723,0.4,0.39999999999999997,0.0,0.0,0.39999999999999997,0.0,0.0,0.0,0.0,0.0,0.0,0.11923224925521056,0.0,0.0,1.5710431217309027,1.5710431217309027,1.5710431217309027,1.5710431217309027,per_group
135,lancaster,0.8774798669931357,0.0,0.0,0.0,0.0,0.0,0.0,0.0,0.0,0.0,0.0,0.0,0.08656384576858527,0.0,0.0,0.6315486760489121,0.6315486760489121,0.6315486760489121,0.6315486760489121,per_group
136,lancaster,0.6001151081127581,0.2,0.19999999999999998,0.0,0.0,0.19999999999999998,0.0,0.0,0.0,0.0,0.0,0.0,0.03407987351579669,0.0,0.0,0.9868965503820899,0.9868965503820899,0.9868965503820899,0.9868965503820899,per_group
137,lancaster,0.8270874525979999,0.4,0.39999999999999997,0.0,0.0,0.39999999999999997,0.0,0.0,0.16666666666666666,0.0,0.0,0.0,0.12488541578767351,0.0,0.0,1.7906049666428012,1.7906049666428012,1.7906049666428012,1.7906049666428012,per_group
138,lancaster,0.35051383961740223,0.4,0.39999999999999997,0.0,0.0,0.39999999999999997,0.0,0.0,0.0,0.0,0.0,0.0,0.09138944493581469,0.0,0.0,1.3836375767193445,1.3836375767193445,1.3836375767193445,1.3836375767193445,per_group
139,lancaster,0.42543113448780223,0.2,0.19999999999999998,0.0,0.0,0.19999999999999998,0.4,0.4,0.3333333333333333,0.0,0.0,0.0,0.21770861046913925,0.0,0.0,1.5146768495686227,1.5146768495686227,1.5146768495686227,1.5146768495686227,per_group
14,lancaster,0.4502539156813307,0.0,0.0,0.0,0.0,0.0,0.0,0.0,0.3333333333333333,0.0,0.0,0.0,0.5360583228663651,0.0,0.0,0.5557227388835378,0.5557227388835378,0.5557227388835378,0.5557227388835378,per_group
140,lancaster,0.2518830463358747,1.0,1.0,0.0,0.0,1.0,0.0,0.0,0.0,0.0,0.0,0.0,0.1160167115679969,0.0,0.0,2.9995214747487116,2.9995214747487116,2.9995214747487116,2.9995214747487116,per_group
141,lancaster,0.42048229277965915,0.0,0.0,0.0,0.0,0.0,0.6666666666666666,0.6666666666666666,0.16666666666666666,0.0,0.0,0.0,0.1524433175011953,0.0,0.0,1.191492935112667,1.191492935112667,1.191492935112667,1.191492935112667,per_group
142,lancaster,0.38991563652620254,0.0,0.0,0.0,0.0,0.0,0.5,0.5,0.16666666666666666,0.0,0.0,0.0,0.13373116865480567,0.0,0.0,0.9663538459659695,0.9663538459659695,0.9663538459659695,0.9663538459659695,per_group
143,lancaster,0.6468417046839432,0.0,0.0,0.0,0.0,0.0,0.0,0.0,0.16666666666666666,0.0,0.0,0.0,0.16212953387732554,0.0,0.0,0.551881766720892,0.551881766720892,0.551881766720892,0.551881766720892,per_group
144,lancaster,0.7184794560927533,0.6,0.5999999999999999,0.0,0.0,0.5999999999999999,0.0,0.0,0.0,0.0,0.0,0.0,0.06362327243417479,0.0,0.0,2.195660273751762,2.195660273751762,2.195660273751762,2.195660273751762,per_group
145,lancaster,0.5870765776157384,0.2,0.19999999999999998,0.0,0.0,0.19999999999999998,0.0,0.0,0.0,0.0,0.0,0.0,0.01697439864145268,0.0,0.0,0.9743484840593073,0.9743484840593073,0.9743484840593073,0.9743484840593073,per_group
146,lancaster,0.6484175228875796,0.0,0.0,0.0,0.0,0.0,0.0,0.0,0.0,0.0,0.0,0.0,0.057181635088201795,0.0,0.0,0.465328593038946,0.465328593038946,0.465328593038946,0.465328593038946,per_group
147,lancaster,0.8446016592995882,0.2,0.19999999999999998,0.0,0.0,0.19999999999999998,0.0,0.0,0.0,0.0,0.0,0.0,0.058898318359210694,0.0,0.0,1.1630008251815538,1.1630008251815538,1.1630008251815538,1.1630008251815538,per_group
148,lancaster,0.787929197968411,0.0,0.0,0.0,0.0,0.0,0.0,0.0,0.0,0.0,0.0,0.0,0.08134082309781045,0.0,0.0,0.5678186031974497,0.5678186031974497,0.5678186031974497,0.5678186031974497,per_group
149,lancaster,0.8620453647529503,0.6,0.5999999999999999,0.0,0.0,0.5999999999999999,0.0,0.0,0.0,0.0,0.0,0.0,0.016148080384713454,0.0,0.0,2.2866613714040076,2.2866613714040076,2.2866613714040076,2.2866613714040076,per_group
15,lancaster,0.4850099603603437,0.2,0.19999999999999998,0.0,0.0,0.19999999999999998,0.0,0.0,0.16666666666666666,0.0,0.0,0.0,0.4192909089956676,0.0,0.0,1.0500318207180408,1.0500318207180408,1.0500318207180408,1.0500318207180408,per_group
150,lancaster,0.11993930139028297,0.2,0.19999999999999998,0.0,0.0,0.19999999999999998,0.0,0.0,0.0,0.0,0.0,0.0,0.05730673084405463,0.0,0.0,0.655418857142009,0.655418857142009,0.655418857142009,0.655418857142009,per_group
151,lancaster,0.8701984717207222,0.4,0.39999999999999997,0.0,0.0,0.39999999999999997,0.0,0.0,0.0,0.0,0.0,0.0,0.07122994634961609,0.0,0.0,1.7433849194744286,1.7433849194744286,1.7433849194744286,1.7433849194744286,per_group
152,lancaster,0.800920453095709,0.2,0.19999999999999998,0.0,0.0,0.19999999999999998,0.0,0.0,0.0,0.0,0.0,0.0,0.04794958384375813,0.0,0.0,1.1302342339357478,1.1302342339357478,1.1302342339357478,1.1302342339357478,per_group
153,lancaster,0.3483987609899792,0.2,0.19999999999999998,0.0,0.0,0.19999999999999998,0.0,0.0,0.0,0.0,0.0,0.0,0.06341007424761176,0.0,0.0,0.8165611475425079,0.8165611475425079,0.8165611475425079,0.8165611475425079,per_group
154,lancaster,0.44348884321864884,0.2,0.19999999999999998,0.0,0.0,0.19999999999999998,0.0,0.0,0.0,0.0,0.0,0.0,0.05823951642264551,0.0,0.0,0.8820900935375833,0.8820900935375833,0.8820900935375833,0.8820900935375833,per_group
155,lancaster,0.7751169138836312,0.4,0.39999999999999997,0.0,0.0,0.39999999999999997,0.0,0.0,0.0,0.0,0.0,0.0,0.03487252796308952,0.0,0.0,1.6695563453111595,1.6695563453111595,1.6695563453111595,1.6695563453111595,per_group
156,lancaster,0.8216979780884427,0.4,0.39999999999999997,0.0,0.0,0.39999999999999997,0.0,0.0,0.0,0.0,0.0,0.0,0.08338783993431825,0.0,0.0,1.7118661526487735,1.7118661526487735,1.7118661526487735,1.7118661526487735,per_group
157,lancaster,0.7914885226685809,0.2,0.19999999999999998,0.0,0.0,0.19999999999999998,0.0,0.0,0.0,0.0,0.0,0.0,0.022891128711955505,0.0,0.0,1.1186201916103977,1.1186201916103977,1.1186201916103977,1.1186201916103977,per_group
158,lancaster,0.3052401782330855,0.2,0.19999999999999998,0.0,0.0,0.19999999999999998,0.0,0.0,0.0,0.0,0.0,0.0,0.02854618929243258,0.0,0.0,0.7793773626216464,0.7793773626216464,0.7793773626216464,0.7793773626216464,per_group
159,lancaster,1.0,0.0,0.0,0.0,0.0,0.0,0.0,0.0,0.0,0.0,0.0,0.0,0.019137987266654572,0.0,0.0,0.7038275974533309,0.7038275974533309,0.7038275974533309,0.7038275974533309,per_group
16,lancaster,0.7113212732821931,0.0,0.0,0.0,0.0,0.0,0.0,0.0,0.0,0.0,0.0,0.0,0.13321270152611644,0.0,0.0,0.5245674316027584,0.5245674316027584,0.5245674316027584,0.5245674316027584,per_group
160,lancaster,0.08584799453187048,0.2,0.19999999999999998,0.0,0.0,0.19999999999999998,0.0,0.0,0.0,0.0,0.0,0.0,0.10092223581210799,0.0,0.0,0.6402780433347309,0.6402780433347309,0.6402780433347309,0.6402780433347309,per_group
161,lancaster,0.5621305839603565,0.0,0.0,0.0,0.0,0.0,0.0,0.0,0.0,0.0,0.0,0.0,0.0727953220817705,0.0,0.0,0.40805047318860366,0.40805047318860366,0.40805047318860366,0.40805047318860366,per_group
162,lancaster,0.757614567205109,0.0,0.0,0.0,0.0,0.0,0.0,0.0,0.0,0.0,0.0,0.0,0.07085819291524292,0.0,0.0,0.5445018356266249,0.5445018356266249,0.5445018356266249,0.5445018356266249,per_group
163,lancaster,0.6944530260313505,0.0,0.0,0.0,0.0,0.0,0.0,0.0,0.0,0.0,0.0,0.0,0.17416445924097643,0.0,0.0,0.5209500100701406,0.5209500100701406,0.5209500100701406,0.5209500100701406,per_group
164,lancaster,0.351738716444062,0.2,0.19999999999999998,0.0,0.0,0.19999999999999998,0.0,0.0,0.0,0.0,0.0,0.0,0.1007139485835007,0.0,0.0,0.8263598912275436,0.8263598912275436,0.8263598912275436,0.8263598912275436,per_group
165,lancaster,0.5623724790141422,0.2,0.19999999999999998,0.0,0.0,0.19999999999999998,0.0,0.0,0.0,0.0,0.0,0.0,0.11305686719841122,0.0,0.0,0.9762721087495818,0.9762721087495818,0.9762721087495818,0.9762721087495818,per_group
166,lancaster,0.9135836715155767,0.0,0.0,0.0,0.0,0.0,0.0,0.0,0.0,0.0,0.0,0.0,0.012187547300244087,0.0,0.0,0.6419460795209525,0.6419460795209525,0.6419460795209525,0.6419460795209525,per_group
167,lancaster,0.7942679684908838,0.2,0.19999999999999998,0.0,0.0,0.19999999999999998,0.0,0.0,0.0,0.0,0.0,0.0,0.051836789513991365,0.0,0.0,1.1263549358464169,1.1263549358464169,1.1263549358464169,1.1263549358464169,per_group
168,lancaster,0.4789456999550884,0.4,0.39999999999999997,0.0,0.0,0.39999999999999997,0.0,0.0,0.0,0.0,0.0,0.0,0.0430302126286878,0.0,0.0,1.4638680324942994,1.4638680324942994,1.4638680324942994,1.4638680324942994,per_group
169,lancaster,0.4117162532309297,0.2,0.19999999999999998,0.0,0.0,0.19999999999999998,0.0,0.0,0.0,0.0,0.0,0.0,0.03672233354116453,0.0,0.0,0.8555458439698836,0.8555458439698836,0.8555458439698836,0.8555458439698836,per_group
17,lancaster,0.4258101610582896,0.2,0.19999999999999998,0.0,0.0,0.19999999999999998,0.0,0.0,0.6666666666666666,0.0,0.0,0.0,0.8429936804178715,0.0,0.0,1.2933325154910438,1.2933325154910438,1.2933325154910438,1.2933325154910438,per_group
170,lancaster,0.6197149492872827,0.4,0.39999999999999997,0.0,0.0,0.39999999999999997,0.0,0.0,0.0,0.0,0.0,0.0,0.062127809466520356,0.0,0.0,1.566226026394402,1.566226026394402,1.566226026394402,1.566226026394402,per_group
171,lancaster,0.631519131411444,0.0,0.0,0.0,0.0,0.0,0.0,0.0,0.0,0.0,0.0,0.0,0.06807867592711975,0.0,0.0,0.45567912717343473,0.45567912717343473,0.45567912717343473,0.45567912717343473,per_group
172,lancaster,0.6082648382684069,0.0,0.0,0.0,0.0,0.0,0.0,0.0,0.0,0.0,0.0,0.0,0.08421396774391983,0.0,0.0,0.44262818033666884,0.44262818033666884,0.44262818033666884,0.44262818033666884,per_group
173,lancaster,0.4764732145908922,0.2,0.19999999999999998,0.0,0.0,0.19999999999999998,0.0,0.0,0.0,0.0,0.0,0.0,0.02150447907378081,0.0,0.0,0.8978321460283807,0.8978321460283807,0.8978321460283807,0.8978321460283807,per_group
174,lancaster,0.8916125669792744,0.2,0.19999999999999998,0.0,0.0,0.19999999999999998,0.0,0.0,0.0,0.0,0.0,0.0,0.012448410437240584,0.0,0.0,1.1866184789729401,1.1866184789729401,1.1866184789729401,1.1866184789729401,per_group
175,lancaster,0.8194759533502465,0.0,0.0,0.0,0.0,0.0,0.6666666666666666,0.6666666666666666,0.16666666666666666,0.0,0.0,0.0,0.12635776454302142,0.0,0.0,1.4655713869204432,1.4655713869204432,1.4655713869204432,1.4655713869204432,per_group
176,lancaster,0.783004323390214,0.2,0.19999999999999998,0.0,0.0,0.19999999999999998,0.0,0.0,0.0,0.0,0.0,0.0,0.07440930971534962,0.0,0.0,1.1229848883162197,1.1229848883162197,1.1229848883162197,1.1229848883162197,per_group
177,lancaster,0.45427215738514165,0.4,0.39999999999999997,0.0,0.0,0.39999999999999997,0.0,0.0,0.0,0.0,0.0,0.0,0.014040767037633793,0.0,0.0,1.440798663577126,1.440798663577126,1.440798663577126,1.440798663577126,per_group
178,lancaster,0.6193182974047386,1.0,1.0,0.0,0.0,1.0,0.0,0.0,0.0,0.0,0.0,0.0,0.05351871260584569,0.0,0.0,3.2442265507044863,3.2442265507044863,3.2442265507044863,3.2442265507044863,per_group
179,lancaster,0.6271635379404197,0.6,0.5999999999999999,0.0,0.0,0.5999999999999999,0.0,0.0,0.16666666666666666,0.0,0.0,0.0,0.14452731301124586,0.0,0.0,2.2145866058272095,2.2145866058272095,2.2145866058272095,2.2145866058272095,per_group
18,lancaster,0.4951205476629207,0.0,0.0,0.0,0.0,0.0,0.0,0.0,0.3333333333333333,0.0,0.0,0.0,0.5293893634670317,0.0,0.0,0.5857955893907841,0.5857955893907841,0.5857955893907841,0.5857955893907841,per_group
180,lancaster,0.6051907038174202,0.0,0.0,0.0,0.0,0.0,0.0,0.0,0.0,0.0,0.0,0.0,0.043002191271439734,0.0,0.0,0.4322339309264821,0.4322339309264821,0.4322339309264821,0.4322339309264821,per_group
181,lancaster,0.6449782809209539,0.2,0.19999999999999998,0.0,0.0,0.19999999999999998,0.0,0.0,0.0,0.0,0.0,0.0,0.04853031632726273,0.0,0.0,1.0211908599101203,1.0211908599101203,1.0211908599101203,1.0211908599101203,per_group
182,lancaster,0.9006398564805431,0.0,0.0,0.0,0.0,0.0,0.0,0.0,0.0,0.0,0.0,0.0,0.012448410437240584,0.0,0.0,0.6329375816238283,0.6329375816238283,0.6329375816238283,0.6329375816238283,per_group
183,lancaster,0.7465560840312284,0.6,0.5999999999999999,0.0,0.0,0.5999999999999999,0.0,0.0,0.0,0.0,0.0,0.0,0.09789678270786219,0.0,0.0,2.222168615363432,2.222168615363432,2.222168615363432,2.222168615363432,per_group
184,lancaster,0.7666869083217747,0.2,0.19999999999999998,0.0,0.0,0.19999999999999998,0.0,0.0,0.0,0.0,0.0,0.0,0.06723906047794656,0.0,0.0,1.1101286479208314,1.1101286479208314,1.1101286479208314,1.1101286479208314,per_group
185,lancaster,0.8880532422791044,0.0,0.0,0.0,0.0,0.0,0.0,0.0,0.0,0.0,0.0,0.0,0.05166379944121707,0.0,0.0,0.6319700294836165,0.6319700294836165,0.6319700294836165,0.6319700294836165,per_group
186,lancaster,0.5818567673250434,0.0,0.0,0.0,0.0,0.0,0.0,0.0,0.0,0.0,0.0,0.0,0.07411351107031763,0.0,0.0,0.4221224393415939,0.4221224393415939,0.4221224393415939,0.4221224393415939,per_group
187,lancaster,0.42668047261203584,0.2,0.19999999999999998,0.0,0.0,0.19999999999999998,0.5,0.5,0.16666666666666666,0.0,0.0,0.0,0.16945249606683996,0.0,0.0,1.5592334967084598,1.5592334967084598,1.5592334967084598,1.5592334967084598,per_group
188,lancaster,0.9714899046907133,0.2,0.19999999999999998,0.0,0.0,0.19999999999999998,0.0,0.0,0.0,0.0,0.0,0.0,0.0,0.0,0.0,1.2400429332834992,1.2400429332834992,1.2400429332834992,1.2400429332834992,per_group
189,lancaster,0.3925381017654221,0.4,0.39999999999999997,0.0,0.0,0.39999999999999997,0.3333333333333333,0.3333333333333333,0.16666666666666666,0.0,0.0,0.0,0.1929719547010819,0.0,0.0,1.9000377288426786,1.9000377288426786,1.9000377288426786,1.9000377288426786,per_group
19,lancaster,0.45608179923797704,0.0,0.0,0.0,0.0,0.0,0.0,0.0,0.16666666666666666,0.0,0.0,0.0,0.3125318571308954,0.0,0.0,0.44843029755942965,0.44843029755942965,0.44843029755942965,0.44843029755942965,per_group
190,lancaster,0.7097463610525409,0.0,0.0,0.0,0.0,0.0,0.0,0.0,0.0,0.0,0.0,0.0,0.021495344034512726,0.0,0.0,0.5011215215436811,0.5011215215436811,0.5011215215436811,0.5011215215436811,per_group
191,lancaster,0.3520654436072787,0.4,0.39999999999999997,0.0,0.0,0.39999999999999997,0.0,0.0,0.0,0.0,0.0,0.0,0.10189568734184584,0.0,0.0,1.3868249479934645,1.3868249479934645,1.3868249479934645,1.3868249479934645,per_group
192,lancaster,0.4123805792451738,0.4,0.39999999999999997,0.0,0.0,0.39999999999999997,0.6666666666666666,0.6666666666666666,0.16666666666666666,0.0,0.0,0.0,0.14568455920933843,0.0,0.0,2.304469983980156,2.304469983980156,2.304469983980156,2.304469983980156,per_group
193,lancaster,0.0,0.2,0.19999999999999998,0.0,0.0,0.19999999999999998,0.0,0.0,0.0,0.0,0.0,0.0,0.038018627805240235,0.0,0.0,0.5676037255610481,0.5676037255610481,0.5676037255610481,0.5676037255610481,per_group
194,lancaster,0.8473158749950275,0.0,0.0,0.0,0.0,0.0,0.0,0.0,0.0,0.0,0.0,0.0,0.02949195073793706,0.0,0.0,0.5990195026441066,0.5990195026441066,0.5990195026441066,0.5990195026441066,per_group
195,lancaster,0.08983543312021805,0.0,0.0,0.0,0.0,0.0,0.0,0.0,0.0,0.0,0.0,0.0,0.06710267031976559,0.0,0.0,0.07630533724810575,0.07630533724810575,0.07630533724810575,0.07630533724810575,per_group
196,lancaster,0.6095007515054199,0.2,0.19999999999999998,0.0,0.0,0.19999999999999998,1.0,1.0,0.16666666666666666,0.0,0.0,0.0,0.13260458380771192,0.0,0.0,2.279838109482003,2.279838109482003,2.279838109482003,2.279838109482003,per_group
197,lancaster,0.6317014792660853,0.0,0.0,0.0,0.0,0.0,0.0,0.0,0.0,0.0,0.0,0.0,0.05217701583537904,0.0,0.0,0.4526264386533355,0.4526264386533355,0.4526264386533355,0.4526264386533355,per_group
198,lancaster,0.8645089550998469,0.0,0.0,0.0,0.0,0.0,0.0,0.0,0.0,0.0,0.0,0.0,0.09474505323611189,0.0,0.0,0.6241052792171152,0.6241052792171152,0.6241052792171152,0.6241052792171152,per_group
199,lancaster,0.6297375747521193,0.0,0.0,0.0,0.0,0.0,0.0,0.0,0.0,0.0,0.0,0.0,0.06936643093455021,0.0,0.0,0.45468958851339353,0.45468958851339353,0.45468958851339353,0.45468958851339353,per_group
2,northwest_antelope_valley,0.14499424995663376,0.0,0.0,0.0,0.0,0.0,0.0,0.0,0.0,0.0,0.0,0.39425837320574164,0.8217661313630155,0.0,0.0,0.6601075744479884,0.6601075744479884,0.6601075744479884,0.6601075744479884,per_group
20,lancaster,0.6967874739048607,0.0,0.0,0.0,0.0,0.0,0.0,0.0,0.0,0.0,0.0,0.0,0.20160286458085133,0.0,0.0,0.5280718046495727,0.5280718046495727,0.5280718046495727,0.5280718046495727,per_group
200,lancaster,0.7540837395048061,0.2,0.19999999999999998,0.0,0.0,0.19999999999999998,0.0,0.0,0.0,0.0,0.0,0.0,0.0021328863701456325,0.0,0.0,1.0882851949273933,1.0882851949273933,1.0882851949273933,1.0882851949273933,per_group
201,lancaster,0.8447657229520026,0.2,0.19999999999999998,0.0,0.0,0.19999999999999998,0.0,0.0,0.0,0.0,0.0,0.0,0.05188985065216134,0.0,0.0,1.161713976196834,1.161713976196834,1.161713976196834,1.161713976196834,per_group
202,lancaster,0.6448504562279082,0.2,0.19999999999999998,0.0,0.0,0.19999999999999998,0.0,0.0,0.0,0.0,0.0,0.0,0.041615251776505574,0.0,0.0,1.0197183697148369,1.0197183697148369,1.0197183697148369,1.0197183697148369,per_group
203,lancaster,0.2677229719339967,0.0,0.0,0.0,0.0,0.0,0.0,0.0,0.0,0.0,0.0,0.0,0.09701515544837061,0.0,0.0,0.20680911144347178,0.20680911144347178,0.20680911144347178,0.20680911144347178,per_group
204,lancaster,0.9412670243836309,0.4,0.39999999999999997,0.0,0.0,0.39999999999999997,0.0,0.0,0.0,0.0,0.0,0.0,0.026662467549077955,0.0,0.0,1.784219410578357,1.784219410578357,1.784219410578357,1.784219410578357,per_group
205,lancaster,0.6899828680319585,0.2,0.19999999999999998,0.0,0.0,0.19999999999999998,0.0,0.0,0.0,0.0,0.0,0.0,0.0030273225898841227,0.0,0.0,1.0435934721403477,1.0435934721403477,1.0435934721403477,1.0435934721403477,per_group
206,lancaster,0.600433681510117,0.6,0.5999999999999999,0.0,0.0,0.5999999999999999,0.0,0.0,0.0,0.0,0.0,0.0,0.06187418668048634,0.0,0.0,2.1126784143931787,2.1126784143931787,2.1126784143931787,2.1126784143931787,per_group
207,lancaster,0.24789573128943407,0.0,0.0,0.0,0.0,0.0,0.0,0.0,0.0,0.0,0.0,0.0,0.1018724971519902,0.0,0.0,0.19390151133300187,0.19390151133300187,0.19390151133300187,0.19390151133300187,per_group
208,lancaster,0.6154494590470521,0.6,0.5999999999999999,0.0,0.0,0.5999999999999999,0.0,0.0,0.0,0.0,0.0,0.0,0.030185118932362063,0.0,0.0,2.1168516451194086,2.1168516451194086,2.1168516451194086,2.1168516451194086,per_group
209,lancaster,0.8868998550359264,0.0,0.0,0.0,0.0,0.0,0.0,0.0,0.0,0.0,0.0,0.0,0.015241360166824149,0.0,0.0,0.6238781705585134,0.6238781705585134,0.6238781705585134,0.6238781705585134,per_group
21,lancaster,0.4207764048794441,1.0,1.0,0.0,0.0,1.0,0.0,0.0,0.5,0.0,0.0,0.0,0.5697748303040923,0.0,0.0,3.4084984494764297,3.4084984494764297,3.4084984494764297,3.4084984494764297,per_group
210,lancaster,0.17075822362880633,0.0,0.0,0.0,0.0,0.0,0.0,0.0,0.0,0.0,0.0,0.0,0.04041492961331838,0.0,0.0,0.12761374246282808,0.12761374246282808,0.12761374246282808,0.12761374246282808,per_group
211,lancaster,0.5758154857144787,0.0,0.0,0.0,0.0,0.0,0.0,0.0,0.0,0.0,0.0,0.0,0.07178020268136963,0.0,0.0,0.41742688053640903,0.41742688053640903,0.41742688053640903,0.41742688053640903,per_group
212,lancaster,0.7387182560099638,0.0,0.0,0.0,0.0,0.0,0.0,0.0,0.0,0.0,0.0,0.0,0.019608476936013756,0.0,0.0,0.5210244745941773,0.5210244745941773,0.5210244745941773,0.5210244745941773,per_group
213,lancaster,0.702652255311046,0.0,0.0,0.0,0.0,0.0,0.0,0.0,0.0,0.0,0.0,0.0,0.011577521910818178,0.0,0.0,0.49417208309989585,0.49417208309989585,0.49417208309989585,0.49417208309989585,per_group
214,lancaster,0.8798209037683493,0.0,0.0,0.0,0.0,0.0,0.0,0.0,0.0,0.0,0.0,0.0,0.013082292734511163,0.0,0.0,0.6184910911847467,0.6184910911847467,0.6184910911847467,0.6184910911847467,per_group
215,lancaster,0.45191225987880207,0.2,0.19999999999999998,0.0,0.0,0.19999999999999998,0.0,0.0,0.0,0.0,0.0,0.0,0.014040767037633793,0.0,0.0,0.8791467353226882,0.8791467353226882,0.8791467353226882,0.8791467353226882,per_group
216,lancaster,0.346370985310126,0.0,0.0,0.0,0.0,0.0,0.0,0.0,0.0,0.0,0.0,0.0,0.11288062963204733,0.0,0.0,0.26503581564349765,0.26503581564349765,0.26503581564349765,0.26503581564349765,per_group
217,lancaster,0.7943371519587693,0.2,0.19999999999999998,0.0,0.0,0.19999999999999998,0.0,0.0,0.0,0.0,0.0,0.0,0.04794958384375813,0.0,0.0,1.1256259231398902,1.1256259231398902,1.1256259231398902,1.1256259231398902,per_group
218,lancaster,0.6714503465721116,0.4,0.39999999999999997,0.0,0.0,0.39999999999999997,0.0,0.0,0.0,0.0,0.0,0.0,0.04560064162662086,0.0,0.0,1.5991353709258023,1.5991353709258023,1.5991353709258023,1.5991353709258023,per_group
219,lancaster,0.6137679713323476,0.4,0.39999999999999997,0.0,0.0,0.39999999999999997,0.0,0.0,0.0,0.0,0.0,0.0,0.03616850928967392,0.0,0.0,1.556871281790578,1.556871281790578,1.556871281790578,1.556871281790578,per_group
22,lancaster,0.5764563387664045,0.2,0.19999999999999998,0.0,0.0,0.19999999999999998,0.0,0.0,0.3333333333333333,0.0,0.0,0.0,0.35012352109220213,0.0,0.0,1.1668774746882566,1.1668774746882566,1.1668774746882566,1.1668774746882566,per_group
220,lancaster,0.7680968509250282,0.0,0.0,0.0,0.0,0.0,0.0,0.0,0.0,0.0,0.0,0.0,0.056033751404728695,0.0,0.0,0.5488745459284655,0.5488745459284655,0.5488745459284655,0.5488745459284655,per_group
221,lancaster,0.7888275123543966,0.0,0.0,0.0,0.0,0.0,0.0,0.0,0.0,0.0,0.0,0.0,0.07998824586161891,0.0,0.0,0.5681769078204014,0.5681769078204014,0.5681769078204014,0.5681769078204014,per_group
222,lancaster,0.6152629931288462,0.4,0.39999999999999997,0.0,0.0,0.39999999999999997,0.0,0.0,0.0,0.0,0.0,0.0,0.01547675672336924,0.0,0.0,1.5537794465348662,1.5537794465348662,1.5537794465348662,1.5537794465348662,per_group
223,quartz_hill,0.12718035563082133,0.33333333333333337,0.3333333333333333,0.0,0.0,0.3333333333333333,1.0,1.0,1.0,0.0,0.0,0.12503987240829345,1.0,0.0,0.0,2.9473994546832016,2.9473994546832016,2.9473994546832016,2.9473994546832016,per_group
224,quartz_hill,0.10084705560610284,0.6666666666666667,0.6666666666666666,0.0,0.0,0.6666666666666666,0.0,0.0,0.0,0.0,0.0,0.12503987240829345,0.25817616596163984,0.0,0.0,2.11393471119156,2.11393471119156,2.11393471119156,2.11393471119156,per_group
225,quartz_hill,0.4030583619524458,0.33333333333333337,0.3333333333333333,0.0,0.0,0.3333333333333333,0.0,0.0,0.0,0.0,0.0,0.12503987240829345,0.16351155999827474,0.0,0.0,1.373216371107994,1.373216371107994,1.373216371107994,1.373216371107994,per_group
226,quartz_hill,0.0607340868092626,0.0,0.0,0.0,0.0,0.0,0.0,0.0,0.0,0.0,0.0,0.12503987240829345,0.3174228546740608,0.0,0.0,0.23103830410958945,0.23103830410958945,0.23103830410958945,0.23103830410958945,per_group
227,quartz_hill,0.41261442824009553,0.33333333333333337,0.3333333333333333,0.0,0.0,0.3333333333333333,0.45000000000000007,0.45000000000000007,0.25,0.0,0.0,0.12503987240829345,0.40025190085049855,0.0,0.0,2.0672536856797934,2.0672536856797934,2.0672536856797934,2.0672536856797934,per_group
228,quartz_hill,0.08891990680600186,0.6666666666666667,0.6666666666666666,0.0,0.0,0.6666666666666666,0.0,0.0,0.0,0.0,0.0,0.12503987240829345,0.2218139608440172,0.0,0.0,2.0983132660079646,2.0983132660079646,2.0983132660079646,2.0983132660079646,per_group
229,quartz_hill,0.0,0.33333333333333337,0.3333333333333333,0.0,0.0,0.3333333333333333,0.0,0.0,0.0,0.0,0.0,0.12503987240829345,0.2929682057967992,0.0,0.0,1.1169668469009868,1.1169668469009868,1.1169668469009868,1.1169668469009868,per_group
23,lancaster,0.4801335142096666,0.0,0.0,0.0,0.0,0.0,0.2857142857142857,0.2857142857142857,0.3333333333333333,0.0,0.0,0.0,0.3244434318661894,0.0,0.0,0.8771726225104806,0.8771726225104806,0.8771726225104806,0.8771726225104806,per_group
230,quartz_hill,0.2804224233595069,0.6666666666666667,0.6666666666666666,0.0,0.0,0.6666666666666666,0.0,0.0,0.0,0.0,0.0,0.12503987240829345,0.17752253350240477,0.0,0.0,2.2235067421270958,2.2235067421270958,2.2235067421270958,2.2235067421270958,per_group
231,quartz_hill,1.0,0.0,0.0,0.0,0.0,0.0,0.75,0.75,0.25,0.0,0.0,0.12503987240829345,0.35793352092235914,0.0,0.0,1.8966265765927652,1.8966265765927652,1.8966265765927652,1.8966265765927652,per_group
232,quartz_hill,0.5340106552505772,0.0,0.0,0.0,0.0,0.0,0.0,0.0,0.0,0.0,0.0,0.12503987240829345,0.07937931805912256,0.0,0.0,0.514723194695522,0.514723194695522,0.514723194695522,0.514723194695522,per_group
233,quartz_hill,0.32909451407113666,1.0,1.0,0.0,0.0,1.0,0.0,0.0,0.0,0.0,0.0,0.12503987240829345,0.123430119618217,0.0,0.0,3.1800920561817323,3.1800920561817323,3.1800920561817323,3.1800920561817323,per_group
234,quartz_hill,0.5251563839466501,0.0,0.0,0.0,0.0,0.0,0.0,0.0,0.0,0.0,0.0,0.12503987240829345,0.09567484101038881,0.0,0.0,0.5117843093730262,0.5117843093730262,0.5117843093730262,0.5117843093730262,per_group
235,quartz_hill,0.386370325179735,0.33333333333333337,0.3333333333333333,0.0,0.0,0.3333333333333333,0.0,0.0,0.0,0.0,0.0,0.12503987240829345,0.06759307685264467,0.0,0.0,1.3423510487379704,1.3423510487379704,1.3423510487379704,1.3423510487379704,per_group
236,quartz_hill,0.5568459196070285,0.0,0.0,0.0,0.0,0.0,0.0,0.0,0.0,0.0,0.0,0.12503987240829345,0.040018065668421365,0.0,0.0,0.5228356292668976,0.5228356292668976,0.5228356292668976,0.5228356292668976,per_group
237,quartz_hill,0.500771532704677,1.0,1.0,0.0,0.0,1.0,0.0,0.0,0.0,0.0,0.0,0.12503987240829345,0.0,0.0,0.0,3.2755799453015673,3.2755799453015673,3.2755799453015673,3.2755799453015673,per_group
238,lake_los_angeles,0.4324570216097607,0.6,0.6000000000000002,0.0,0.0,0.6000000000000002,0.9090909090909091,0.9090909090909091,1.0,0.0,0.0,0.10260499734183944,1.0,0.0,0.0,3.776234003377763,3.776234003377763,3.776234003377763,3.776234003377763,per_group
239,lake_los_angeles,0.0,0.0,0.0,0.0,0.0,0.0,0.0,0.0,0.0,0.0,0.0,0.10260499734183944,0.2899106663305852,0.0,0.0,0.16058713060795649,0.16058713060795649,0.16058713060795649,0.16058713060795649,per_group
24,lancaster,0.2761556130565347,0.0,0.0,0.0,0.0,0.0,0.2222222222222222,0.2222222222222222,0.5,0.0,0.0,0.0,0.4659101725502624,0.0,0.0,0.7531576303162935,0.7531576303162935,0.7531576303162935,0.7531576303162935,per_group
240,lake_los_angeles,0.5293775708600467,0.2,0.2,0.0,0.0,0.2,0.0,0.0,0.0,0.0,0.0,0.10260499734183944,0.0,0.0,0.0,1.0331692969438722,1.0331692969438722,1.0331692969438722,1.0331692969438722,per_group
241,lake_los_angeles,0.08592001226332696,0.4,0.4,0.0,0.0,0.4,0.0,0.0,0.0,0.0,0.0,0.10260499734183944,0.3393700650885665,0.0,0.0,1.350623018943882,1.350623018943882,1.350623018943882,1.350623018943882,per_group
242,lake_los_angeles,0.11383594939574197,0.0,0.0,0.0,0.0,0.0,0.0,0.0,0.0,0.0,0.0,0.10260499734183944,0.06955383122407767,0.0,0.0,0.19620092816367435,0.19620092816367435,0.19620092816367435,0.19620092816367435,per_group
243,lake_los_angeles,1.0,0.0,0.0,0.0,0.0,0.0,1.0,1.0,0.5,0.0,0.0,0.10260499734183944,0.3783905736881353,0.0,0.0,2.278283112079466,2.278283112079466,2.278283112079466,2.278283112079466,per_group
244,lake_los_angeles,0.23495363784567175,0.6,0.6000000000000002,0.0,0.0,0.6000000000000002,0.0,0.0,0.0,0.0,0.0,0.10260499734183944,0.06955383122407767,0.0,0.0,1.9609833100786256,1.9609833100786256,1.9609833100786256,1.9609833100786256,per_group
245,lake_los_angeles,0.23869062555094023,0.2,0.2,0.0,0.0,0.2,0.4,0.4,0.25,0.0,0.0,0.10260499734183944,0.3998360496563383,0.0,0.0,1.4896556451587655,1.4896556451587655,1.4896556451587655,1.4896556451587655,per_group
246,lake_los_angeles,0.28687136845856137,0.2,0.2,0.0,0.0,0.2,0.0,0.0,0.0,0.0,0.0,0.10260499734183944,0.14944716118184992,0.0,0.0,0.8933043874992025,0.8933043874992025,0.8933043874992025,0.8933043874992025,per_group
247,lake_los_angeles,0.41715126086217036,0.0,0.0,0.0,0.0,0.0,0.0,0.0,0.0,0.0,0.0,0.10260499734183944,0.06140864772473212,0.0,0.0,0.4068926094903051,0.4068926094903051,0.4068926094903051,0.4068926094903051,per_group
248,lake_los_angeles,0.44914994684544257,0.0,0.0,0.0,0.0,0.0,0.0,0.0,0.0,0.0,0.0,0.10260499734183944,0.026403401837317125,0.0,0.0,0.42229064050111265,0.42229064050111265,0.42229064050111265,0.42229064050111265,per_group
249,lake_los_angeles,0.2977058654709301,0.2,0.2,0.0,0.0,0.2,0.0,0.0,0.0,0.0,0.0,0.10260499734183944,0.13506431738089797,0.0,0.0,0.8980119666476701,0.8980119666476701,0.8980119666476701,0.8980119666476701,per_group
25,lancaster,0.688157989343934,0.4,0.39999999999999997,0.0,0.0,0.39999999999999997,0.0,0.0,0.0,0.0,0.0,0.0,0.13796900746610535,0.0,0.0,1.6293043940339749,1.6293043940339749,1.6293043940339749,1.6293043940339749,per_group
250,lake_los_angeles,0.6202479219350933,1.0,1.0,0.0,0.0,1.0,0.0,0.0,0.0,0.0,0.0,0.10260499734183944,0.01847649072187924,0.0,0.0,3.3404738408407804,3.3404738408407804,3.3404738408407804,3.3404738408407804,per_group
251,lake_los_angeles,0.22669757995182352,0.0,0.0,0.0,0.0,0.0,0.0,0.0,0.0,0.0,0.0,0.10260499734183944,0.1577916951936341,0.0,0.0,0.2928516423468427,0.2928516423468427,0.2928516423468427,0.2928516423468427,per_group
252,lake_los_angeles,0.2397794466764487,0.6,0.6000000000000002,0.0,0.0,0.6000000000000002,0.0,0.0,0.0,0.0,0.0,0.10260499734183944,0.09236581311248546,0.0,0.0,1.968923772637851,1.968923772637851,1.968923772637851,1.968923772637851,per_group
253,lake_los_angeles,0.20362735157223377,0.0,0.0,0.0,0.0,0.0,0.0,0.0,0.0,0.0,0.0,0.10260499734183944,0.09236581311248546,0.0,0.0,0.26361730606490014,0.26361730606490014,0.26361730606490014,0.26361730606490014,per_group
254,lake_los_angeles,0.40297279960498655,0.6,0.6000000000000002,0.0,0.0,0.6000000000000002,0.0,0.0,0.0,0.0,0.0,0.10260499734183944,0.06913832683197704,0.0,0.0,2.0785136224317258,2.0785136224317258,2.0785136224317258,2.0785136224317258,per_group
255,lake_los_angeles,0.24055297841200488,0.2,0.2,0.0,0.0,0.2,0.0,0.0,0.0,0.0,0.0,0.10260499734183944,0.1373953186130998,0.0,0.0,0.8584711459528629,0.8584711459528629,0.8584711459528629,0.8584711459528629,per_group
256,northwest_palmdale,0.0,0.0,0.0,0.0,0.0,0.0,0.0,0.0,0.0,0.0,0.0,0.39425837320574164,1.0,0.0,0.0,0.5942583732057416,0.5942583732057416,0.5942583732057416,0.5942583732057416,per_group
257,northwest_palmdale,0.6080406444871,0.0,0.0,0.0,0.0,0.0,0.0,0.0,0.0,0.0,0.0,0.39425837320574164,0.32043790193181065,0.0,0.0,0.8839744047330738,0.8839744047330738,0.8839744047330738,0.8839744047330738,per_group
258,northwest_palmdale,0.6163624949104133,0.0,0.0,0.0,0.0,0.0,0.0,0.0,0.0,0.0,0.0,0.39425837320574164,0.43279693275365416,0.0,0.0,0.9122715061937617,0.9122715061937617,0.9122715061937617,0.9122715061937617,per_group
259,northwest_palmdale,0.6358227680532406,1.0,1.0,0.0,0.0,1.0,0.0,0.0,0.0,0.0,0.0,0.39425837320574164,0.0,0.0,0.0,3.63933431084301,3.63933431084301,3.63933431084301,3.63933431084301,per_group
26,lancaster,0.32937203072174254,0.2,0.19999999999999998,0.0,0.0,0.19999999999999998,0.0,0.0,0.3333333333333333,0.0,0.0,0.0,0.23776389592496772,0.0,0.0,0.9714465340235466,0.9714465340235466,0.9714465340235466,0.9714465340235466,per_group
260,northwest_palmdale,1.0,0.0,0.0,0.0,0.0,0.0,0.0,0.0,0.0,0.0,0.0,0.39425837320574164,0.12274424369784155,0.0,0.0,1.11880722194531,1.11880722194531,1.11880722194531,1.11880722194531,per_group
261,leona_valley,0.0,0.4,0.5310081606383025,0.0,0.0,0.5310081606383025,1.0,1.0,1.0,0.0,0.0,1.0,1.0,0.0,0.0,4.182016321276604,4.182016321276604,4.182016321276604,4.182016321276604,per_group
262,leona_valley,1.0,0.4,0.5310081606383025,0.0,0.0,0.5310081606383025,0.0,0.0,0.0,0.0,0.0,1.0,0.0,0.0,0.0,3.0820163212766047,3.0820163212766047,3.0820163212766047,3.0820163212766047,per_group
263,palmdale,0.3808651813541402,0.25,0.25,0.0,0.0,0.25,0.38461538461538464,0.38461538461538464,0.6666666666666666,0.0,0.0,0.0006282924943212033,0.5057130688702458,0.0,0.0,1.7965816614213967,1.7965816614213967,1.7965816614213967,1.7965816614213967,per_group
264,palmdale,0.3796192797456655,0.25,0.25,0.0,0.0,0.25,0.0,0.0,0.5,0.0,0.0,0.0006282924943212033,0.4572320819869907,0.0,0.0,1.2578082047136854,1.2578082047136854,1.2578082047136854,1.2578082047136854,per_group
265,palmdale,0.38045266054736143,0.25,0.25,0.0,0.0,0.25,0.0,0.0,0.5,0.0,0.0,0.0006282924943212033,0.4805162457533532,0.0,0.0,1.2630484040281449,1.2630484040281449,1.2630484040281449,1.2630484040281449,per_group
266,palmdale,0.5839638219117952,0.5,0.5,0.0,0.0,0.5,0.0,0.0,0.16666666666666666,0.0,0.0,0.0006282924943212033,0.27846992904520934,0.0,0.0,1.9317636203082864,1.9317636203082864,1.9317636203082864,1.9317636203082864,per_group
267,palmdale,0.5284218025921829,0.0,0.0,0.0,0.0,0.0,0.0,0.0,0.3333333333333333,0.0,0.0,0.0006282924943212033,0.33205738706750837,0.0,0.0,0.5702683650556841,0.5702683650556841,0.5702683650556841,0.5702683650556841,per_group
268,palmdale,0.5176292118532413,0.5,0.5,0.0,0.0,0.5,0.0,0.0,0.16666666666666666,0.0,0.0,0.0006282924943212033,0.2376119465687834,0.0,0.0,1.8771577967720134,1.8771577967720134,1.8771577967720134,1.8771577967720134,per_group
269,palmdale,0.2760896712900516,0.0,0.0,0.0,0.0,0.0,0.0,0.0,0.16666666666666666,0.0,0.0,0.0006282924943212033,0.2494744730778607,0.0,0.0,0.31045262367959614,0.31045262367959614,0.31045262367959614,0.31045262367959614,per_group
27,lancaster,0.7428048575689473,0.4,0.39999999999999997,0.0,0.0,0.39999999999999997,0.0,0.0,0.0,0.0,0.0,0.0,0.1568702649672794,0.0,0.0,1.671337453291719,1.671337453291719,1.671337453291719,1.671337453291719,per_group
270,palmdale,0.4272009387235783,0.5,0.5,0.0,0.0,0.5,0.0,0.0,0.0,0.0,0.0,0.0006282924943212033,0.16397540468337657,0.0,0.0,1.7324640305375014,1.7324640305375014,1.7324640305375014,1.7324640305375014,per_group
271,palmdale,0.4484195994324779,0.0,0.0,0.0,0.0,0.0,0.038461538461538464,0.038461538461538464,1.0,0.0,0.0,0.0006282924943212033,1.0,0.0,0.0,0.9606758582509018,0.9606758582509018,0.9606758582509018,0.9606758582509018,per_group
272,palmdale,0.4937765782199371,0.25,0.25,0.0,0.0,0.25,0.0,0.0,0.3333333333333333,0.0,0.0,0.0006282924943212033,0.2172621022595261,0.0,0.0,1.2230576510335158,1.2230576510335158,1.2230576510335158,1.2230576510335158,per_group
273,palmdale,0.5116634642615013,0.25,0.25,0.0,0.0,0.25,0.0,0.0,0.0,0.0,0.0,0.0006282924943212033,0.15862203014979032,0.0,0.0,1.09051712350733,1.09051712350733,1.09051712350733,1.09051712350733,per_group
274,palmdale,0.6625862256921913,0.0,0.0,0.0,0.0,0.0,0.0,0.0,0.16666666666666666,0.0,0.0,0.0006282924943212033,0.2951310445992021,0.0,0.0,0.5901315260653621,0.5901315260653621,0.5901315260653621,0.5901315260653621,per_group
275,palmdale,0.39525216393525753,0.5,0.5,0.0,0.0,0.5,0.0,0.0,0.3333333333333333,0.0,0.0,0.0006282924943212033,0.2486853430718785,0.0,0.0,1.8603752091967105,1.8603752091967105,1.8603752091967105,1.8603752091967105,per_group
276,palmdale,0.35354842206756315,0.7499999999999999,0.75,0.0,0.0,0.75,0.0,0.0,0.16666666666666666,0.0,0.0,0.0006282924943212033,0.22450877854292275,0.0,0.0,2.4596806103168665,2.4596806103168665,2.4596806103168665,2.4596806103168665,per_group
277,palmdale,0.5547724938335402,0.0,0.0,0.0,0.0,0.0,0.0,0.0,0.0,0.0,0.0,0.0006282924943212033,0.0742819420166606,0.0,0.0,0.4038254265811315,0.4038254265811315,0.4038254265811315,0.4038254265811315,per_group
278,palmdale,0.37151923800264874,0.25,0.25,0.0,0.0,0.25,0.0,0.0,0.16666666666666666,0.0,0.0,0.0006282924943212033,0.34185623760047595,0.0,0.0,1.0957296732829374,1.0957296732829374,1.0957296732829374,1.0957296732829374,per_group
279,palmdale,0.6739709660404721,0.0,0.0,0.0,0.0,0.0,0.0,0.0,0.0,0.0,0.0,0.0006282924943212033,0.08894168895160297,0.0,0.0,0.49019630651297225,0.49019630651297225,0.49019630651297225,0.49019630651297225,per_group
28,lancaster,0.09357673504930845,0.8,0.7999999999999999,0.0,0.0,0.7999999999999999,0.0,0.0,0.0,0.0,0.0,0.0,0.09917634319521487,0.0,0.0,2.325338983173559,2.325338983173559,2.325338983173559,2.325338983173559,per_group
280,palmdale,0.2719050801325366,0.0,0.0,0.0,0.0,0.0,0.0,0.0,0.0,0.0,0.0,0.0006282924943212033,0.2062275064355779,0.0,0.0,0.23220734987421238,0.23220734987421238,0.23220734987421238,0.23220734987421238,per_group
281,palmdale,0.3039681825001733,0.25,0.25,0.0,0.0,0.25,0.0,0.0,0.0,0.0,0.0,0.0006282924943212033,0.2291301650789658,0.0,0.0,0.9592320532602356,0.9592320532602356,0.9592320532602356,0.9592320532602356,per_group
282,palmdale,0.45286707677090227,0.5,0.5,0.0,0.0,0.5,0.0,0.0,0.3333333333333333,0.0,0.0,0.0006282924943212033,0.29299834428259697,0.0,0.0,1.9095682484238055,1.9095682484238055,1.9095682484238055,1.9095682484238055,per_group
283,palmdale,0.6799829826760764,0.0,0.0,0.0,0.0,0.0,0.0,0.0,0.0,0.0,0.0,0.0006282924943212033,0.04816491896482681,0.0,0.0,0.48624936416054,0.48624936416054,0.48624936416054,0.48624936416054,per_group
284,palmdale,0.31357828981140184,0.0,0.0,0.0,0.0,0.0,0.0,0.0,0.16666666666666666,0.0,0.0,0.0006282924943212033,0.22613287821914504,0.0,0.0,0.3320263376727982,0.3320263376727982,0.3320263376727982,0.3320263376727982,per_group
285,palmdale,0.5507217331953422,0.0,0.0,0.0,0.0,0.0,0.14285714285714285,0.14285714285714285,0.3333333333333333,0.0,0.0,0.0006282924943212033,0.24240792465528013,0.0,0.0,0.7393769954240215,0.7393769954240215,0.7393769954240215,0.7393769954240215,per_group
286,palmdale,0.5813063109563549,0.7499999999999999,0.75,0.0,0.0,0.75,0.0,0.0,0.0,0.0,0.0,0.0006282924943212033,0.07725840241953585,0.0,0.0,2.5229943906476766,2.5229943906476766,2.5229943906476766,2.5229943906476766,per_group
287,palmdale,0.29875686242888405,0.0,0.0,0.0,0.0,0.0,0.0,0.0,0.6666666666666666,0.0,0.0,0.0006282924943212033,0.4802660357268415,0.0,0.0,0.572477970006575,0.572477970006575,0.572477970006575,0.572477970006575,per_group
288,palmdale,0.6839654157727539,0.25,0.25,0.0,0.0,0.25,0.0,0.0,0.0,0.0,0.0,0.0006282924943212033,0.026110509127799712,0.0,0.0,1.184626185360809,1.184626185360809,1.184626185360809,1.184626185360809,per_group
289,palmdale,0.4721920692572265,0.25,0.25,0.0,0.0,0.25,0.0,0.0,0.16666666666666666,0.0,0.0,0.0006282924943212033,0.14574967413704001,0.0,0.0,1.1269793424684544,1.1269793424684544,1.1269793424684544,1.1269793424684544,per_group
29,lancaster,0.4400497659745657,0.0,0.0,0.0,0.0,0.0,0.0,0.0,0.0,0.0,0.0,0.0,0.1308010841232046,0.0,0.0,0.3341950530068369,0.3341950530068369,0.3341950530068369,0.3341950530068369,per_group
290,palmdale,0.8321568913335862,0.0,0.0,0.0,0.0,0.0,0.0,0.0,0.0,0.0,0.0,0.0006282924943212033,0.009951165610014225,0.0,0.0,0.5851283495498343,0.5851283495498343,0.5851283495498343,0.5851283495498343,per_group
291,palmdale,0.5330285987749598,0.0,0.0,0.0,0.0,0.0,0.0,0.0,0.16666666666666666,0.0,0.0,0.0006282924943212033,0.15604284147961964,0.0,0.0,0.47162354659938366,0.47162354659938366,0.47162354659938366,0.47162354659938366,per_group
292,palmdale,0.5331635053185526,0.5,0.5,0.0,0.0,0.5,0.0,0.0,0.16666666666666666,0.0,0.0,0.0006282924943212033,0.12956791973462092,0.0,0.0,1.866422996830899,1.866422996830899,1.866422996830899,1.866422996830899,per_group
293,palmdale,0.295976550202955,0.25,0.25,0.0,0.0,0.25,0.0,0.0,0.3333333333333333,0.0,0.0,0.0006282924943212033,0.22634949094239706,0.0,0.0,1.0864151091582024,1.0864151091582024,1.0864151091582024,1.0864151091582024,per_group
294,palmdale,0.8358765727523887,0.5,0.5,0.0,0.0,0.5,0.0,0.0,0.16666666666666666,0.0,0.0,0.0006282924943212033,0.1171163807275342,0.0,0.0,2.0758318362331667,2.0758318362331667,2.0758318362331667,2.0758318362331667,per_group
295,palmdale,0.4368137360954966,0.5,0.5,0.0,0.0,0.5,0.0,0.0,0.0,0.0,0.0,0.0006282924943212033,0.0926648389742985,0.0,0.0,1.7249308755560286,1.7249308755560286,1.7249308755560286,1.7249308755560286,per_group
296,palmdale,0.5584835670581355,0.0,0.0,0.0,0.0,0.0,0.0,0.0,0.16666666666666666,0.0,0.0,0.0006282924943212033,0.10073482982563789,0.0,0.0,0.4783804220668103,0.4783804220668103,0.4783804220668103,0.4783804220668103,per_group
297,palmdale,0.3564953163017073,0.25,0.25,0.0,0.0,0.25,0.0,0.0,0.16666666666666666,0.0,0.0,0.0006282924943212033,0.25127621845968506,0.0,0.0,1.0670969242641202,1.0670969242641202,1.0670969242641202,1.0670969242641202,per_group
298,palmdale,0.42969173316776904,0.0,0.0,0.0,0.0,0.0,0.0,0.0,0.3333333333333333,0.0,0.0,0.0006282924943212033,0.3912085728693995,0.0,0.0,0.5129875536189727,0.5129875536189727,0.5129875536189727,0.5129875536189727,per_group
299,palmdale,0.7217648035552918,0.0,0.0,0.0,0.0,0.0,0.0,0.0,0.16666666666666666,0.0,0.0,0.0006282924943212033,0.17010260846493047,0.0,0.0,0.6065508433426782,0.6065508433426782,0.6065508433426782,0.6065508433426782,per_group
3,northwest_antelope_valley,0.7640997416585109,0.0,0.0,0.0,0.0,0.0,0.0,0.0,0.0,0.0,0.0,0.39425837320574164,0.21231825466069815,0.0,0.0,0.9715918432988389,0.9715918432988389,0.9715918432988389,0.9715918432988389,per_group
30,lancaster,0.21204106961265248,0.4,0.39999999999999997,0.0,0.0,0.39999999999999997,0.0,0.0,0.16666666666666666,0.0,0.0,0.0,0.28444485728458074,0.0,0.0,1.3919843868524395,1.3919843868524395,1.3919843868524395,1.3919843868524395,per_group
300,palmdale,0.7660150241234555,0.5,0.5,0.0,0.0,0.5,0.0,0.0,0.16666666666666666,0.0,0.0,0.0006282924943212033,0.231808874916615,0.0,0.0,2.0498672510307294,2.0498672510307294,2.0498672510307294,2.0498672510307294,per_group
301,palmdale,0.7377096002818646,0.0,0.0,0.0,0.0,0.0,0.0,0.0,0.0,0.0,0.0,0.0006282924943212033,0.20884447207515147,0.0,0.0,0.5587939071066567,0.5587939071066567,0.5587939071066567,0.5587939071066567,per_group
302,palmdale,0.4874429648288688,0.7499999999999999,0.75,0.0,0.0,0.75,0.0,0.0,0.16666666666666666,0.0,0.0,0.0006282924943212033,0.10240529720778797,0.0,0.0,2.5289860939827538,2.5289860939827538,2.5289860939827538,2.5289860939827538,per_group
303,palmdale,0.503369200136682,0.5,0.5,0.0,0.0,0.5,0.09090909090909091,0.09090909090909091,0.3333333333333333,0.0,0.0,0.0006282924943212033,0.35432732144382356,0.0,0.0,2.0662764393030058,2.0662764393030058,2.0662764393030058,2.0662764393030058,per_group
304,palmdale,0.8391860199159988,0.0,0.0,0.0,0.0,0.0,0.0,0.0,0.0,0.0,0.0,0.0006282924943212033,0.044865107295161695,0.0,0.0,0.5970315278945526,0.5970315278945526,0.5970315278945526,0.5970315278945526,per_group
305,palmdale,0.9147888305721094,0.25,0.25,0.0,0.0,0.25,0.0,0.0,0.0,0.0,0.0,0.0006282924943212033,0.04506811831668497,0.0,0.0,1.3499940975581348,1.3499940975581348,1.3499940975581348,1.3499940975581348,per_group
306,palmdale,0.8044321843434029,0.0,0.0,0.0,0.0,0.0,0.0,0.0,0.16666666666666666,0.0,0.0,0.0006282924943212033,0.11582030527162206,0.0,0.0,0.6535615492556943,0.6535615492556943,0.6535615492556943,0.6535615492556943,per_group
307,palmdale,0.501779912281156,0.25,0.25,0.0,0.0,0.25,0.0,0.0,0.0,0.0,0.0,0.0006282924943212033,0.06689050118278891,0.0,0.0,1.0652523313276883,1.0652523313276883,1.0652523313276883,1.0652523313276883,per_group
308,palmdale,0.3054032626266573,0.25,0.25,0.0,0.0,0.25,0.0,0.0,0.0,0.0,0.0,0.0006282924943212033,0.1956612299736153,0.0,0.0,0.9535428223277044,0.9535428223277044,0.9535428223277044,0.9535428223277044,per_group
309,palmdale,0.2984463621737654,0.7499999999999999,0.75,0.0,0.0,0.75,0.0,0.0,0.0,0.0,0.0,0.0006282924943212033,0.15861278108112953,0.0,0.0,2.3412633022321825,2.3412633022321825,2.3412633022321825,2.3412633022321825,per_group
31,lancaster,0.8445284401294093,0.2,0.19999999999999998,0.0,0.0,0.19999999999999998,0.0,0.0,0.0,0.0,0.0,0.0,0.060851131958118934,0.0,0.0,1.16334013448221,1.16334013448221,1.16334013448221,1.16334013448221,per_group
310,palmdale,0.7611226107469404,0.5,0.5,0.0,0.0,0.5,0.0,0.0,0.0,0.0,0.0,0.0006282924943212033,0.17597921027915164,0.0,0.0,1.9686099620730098,1.9686099620730098,1.9686099620730098,1.9686099620730098,per_group
311,palmdale,0.65273455093102,0.5,0.5,0.0,0.0,0.5,0.0,0.0,0.0,0.0,0.0,0.0006282924943212033,0.020317857497246284,0.0,0.0,1.8616060496454845,1.8616060496454845,1.8616060496454845,1.8616060496454845,per_group
312,palmdale,0.3942777567018995,0.7499999999999999,0.75,0.0,0.0,0.75,0.0,0.0,0.3333333333333333,0.0,0.0,0.0006282924943212033,0.34223922795563955,0.0,0.0,2.5784039011101116,2.5784039011101116,2.5784039011101116,2.5784039011101116,per_group
313,palmdale,0.6931413472886508,0.25,0.25,0.0,0.0,0.25,0.0,0.0,0.0,0.0,0.0,0.0006282924943212033,0.21175353500549612,0.0,0.0,1.2281779425974761,1.2281779425974761,1.2281779425974761,1.2281779425974761,per_group
314,palmdale,0.810512595772045,0.0,0.0,0.0,0.0,0.0,0.0,0.0,0.16666666666666666,0.0,0.0,0.0006282924943212033,0.09853069588654961,0.0,0.0,0.6543599153787292,0.6543599153787292,0.6543599153787292,0.6543599153787292,per_group
315,palmdale,0.4988322782803222,0.5,0.5,0.0,0.0,0.5,0.0,0.0,0.0,0.0,0.0,0.0006282924943212033,0.1352320357088262,0.0,0.0,1.7768572944323122,1.7768572944323122,1.7768572944323122,1.7768572944323122,per_group
316,palmdale,0.6578639586543052,0.0,0.0,0.0,0.0,0.0,0.0,0.0,0.0,0.0,0.0,0.0006282924943212033,0.06934232756275145,0.0,0.0,0.47500152906488513,0.47500152906488513,0.47500152906488513,0.47500152906488513,per_group
317,palmdale,0.42757149458359645,0.5,0.5,0.0,0.0,0.5,0.0,0.0,0.16666666666666666,0.0,0.0,0.0006282924943212033,0.24809133604010944,0.0,0.0,1.8162132725775273,1.8162132725775273,1.8162132725775273,1.8162132725775273,per_group
318,palmdale,0.6810009016410917,0.0,0.0,0.0,0.0,0.0,0.0,0.0,0.0,0.0,0.0,0.0006282924943212033,0.06153515734744596,0.0,0.0,0.4896359551125746,0.4896359551125746,0.4896359551125746,0.4896359551125746,per_group
319,palmdale,0.5412702722132938,0.5,0.5,0.0,0.0,0.5,0.0,0.0,0.0,0.0,0.0,0.0006282924943212033,0.049173593403629326,0.0,0.0,1.7893522017243528,1.7893522017243528,1.7893522017243528,1.7893522017243528,per_group
32,lancaster,0.46502483315871374,0.6,0.5999999999999999,0.0,0.0,0.5999999999999999,0.0,0.0,0.16666666666666666,0.0,0.0,0.0,0.23192773597006516,0.0,0.0,2.1185695970717795,2.1185695970717795,2.1185695970717795,2.1185695970717795,per_group
320,palmdale,0.4010369376940921,0.25,0.25,0.0,0.0,0.25,0.0,0.0,0.0,0.0,0.0,0.0006282924943212033,0.11264072343775552,0.0,0.0,1.0038822935677367,1.0038822935677367,1.0038822935677367,1.0038822935677367,per_group
321,palmdale,0.6194766581080144,0.5,0.5,0.0,0.0,0.5,0.0,0.0,0.0,0.0,0.0,0.0006282924943212033,0.08845248993520542,0.0,0.0,1.8519524511569725,1.8519524511569725,1.8519524511569725,1.8519524511569725,per_group
322,palmdale,0.7068398760877345,0.0,0.0,0.0,0.0,0.0,0.0,0.0,0.0,0.0,0.0,0.0006282924943212033,0.05783579401757685,0.0,0.0,0.5069833645592506,0.5069833645592506,0.5069833645592506,0.5069833645592506,per_group
323,palmdale,0.6504771865031854,0.0,0.0,0.0,0.0,0.0,0.0,0.0,0.0,0.0,0.0,0.0006282924943212033,0.054304868249434576,0.0,0.0,0.4668232966964379,0.4668232966964379,0.4668232966964379,0.4668232966964379,per_group
324,palmdale,0.6669157438693685,0.25,0.25,0.0,0.0,0.25,0.0,0.0,0.0,0.0,0.0,0.0006282924943212033,0.02082044455398496,0.0,0.0,1.171633402113676,1.171633402113676,1.171633402113676,1.171633402113676,per_group
325,palmdale,0.8296564799224294,0.7499999999999999,0.75,0.0,0.0,0.75,0.0,0.0,0.0,0.0,0.0,0.0006282924943212033,0.10065417331899511,0.0,0.0,2.7015186631038204,2.7015186631038204,2.7015186631038204,2.7015186631038204,per_group
326,palmdale,0.15984105238402257,0.25,0.25,0.0,0.0,0.25,0.0,0.0,0.16666666666666666,0.0,0.0,0.0006282924943212033,0.2179678039782528,0.0,0.0,0.9227772566254542,0.9227772566254542,0.9227772566254542,0.9227772566254542,per_group
327,palmdale,0.4271014064780562,0.5,0.5,0.0,0.0,0.5,0.0,0.0,0.3333333333333333,0.0,0.0,0.0006282924943212033,0.2886788331292737,0.0,0.0,1.8906683769881485,1.8906683769881485,1.8906683769881485,1.8906683769881485,per_group
328,palmdale,0.7179219846084143,0.0,0.0,0.0,0.0,0.0,0.0,0.0,0.0,0.0,0.0,0.0006282924943212033,0.010848170684470602,0.0,0.0,0.5053433158571052,0.5053433158571052,0.5053433158571052,0.5053433158571052,per_group
329,palmdale,0.3540275218764142,0.5,0.5,0.0,0.0,0.5,0.0,0.0,0.0,0.0,0.0,0.0006282924943212033,0.020690763205607216,0.0,0.0,1.6525857104489328,1.6525857104489328,1.6525857104489328,1.6525857104489328,per_group
33,lancaster,0.3434570023511672,0.2,0.19999999999999998,0.0,0.0,0.19999999999999998,0.2,0.2,0.8333333333333334,0.0,0.0,0.0,0.6094048135587334,0.0,0.0,1.4956341976908973,1.4956341976908973,1.4956341976908973,1.4956341976908973,per_group
330,palmdale,0.7309396590469128,0.0,0.0,0.0,0.0,0.0,0.0,0.0,0.0,0.0,0.0,0.0006282924943212033,0.1580605278940421,0.0,0.0,0.5438981594059685,0.5438981594059685,0.5438981594059685,0.5438981594059685,per_group
331,palmdale,0.19243661863944397,0.0,0.0,0.0,0.0,0.0,0.0,0.0,0.16666666666666666,0.0,0.0,0.0006282924943212033,0.21757612162936885,0.0,0.0,0.2455158165344724,0.2455158165344724,0.2455158165344724,0.2455158165344724,per_group
332,palmdale,0.3441361014685512,0.7499999999999999,0.75,0.0,0.0,0.75,0.0,0.0,0.3333333333333333,0.0,0.0,0.0006282924943212033,0.16550363391712147,0.0,0.0,2.507957623639064,2.507957623639064,2.507957623639064,2.507957623639064,per_group
333,palmdale,0.639408662788989,0.25,0.25,0.0,0.0,0.25,0.0,0.0,0.0,0.0,0.0,0.0006282924943212033,0.0053393052488905374,0.0,0.0,1.1492822174963917,1.1492822174963917,1.1492822174963917,1.1492822174963917,per_group
334,palmdale,0.029784284705801176,0.5,0.5,0.0,0.0,0.5,0.0,0.0,0.0,0.0,0.0,0.0006282924943212033,0.1085778082730409,0.0,0.0,1.44319285344299,1.44319285344299,1.44319285344299,1.44319285344299,per_group
335,palmdale,0.8242045339224386,0.0,0.0,0.0,0.0,0.0,0.0,0.0,0.16666666666666666,0.0,0.0,0.0006282924943212033,0.08011502549994372,0.0,0.0,0.6602611380066836,0.6602611380066836,0.6602611380066836,0.6602611380066836,per_group
336,palmdale,0.6301581493404678,0.0,0.0,0.0,0.0,0.0,0.0,0.0,0.0,0.0,0.0,0.0006282924943212033,0.023120385572156593,0.0,0.0,0.44636307414707993,0.44636307414707993,0.44636307414707993,0.44636307414707993,per_group
337,palmdale,0.8735469721248513,0.7499999999999999,0.75,0.0,0.0,0.75,0.0,0.0,0.0,0.0,0.0,0.0006282924943212033,0.020265201593828313,0.0,0.0,2.7161642133004826,2.7161642133004826,2.7161642133004826,2.7161642133004826,per_group
338,palmdale,0.5961790512465304,0.0,0.0,0.0,0.0,0.0,0.0,0.0,0.0,0.0,0.0,0.0006282924943212033,0.11694867329050757,0.0,0.0,0.441343363024994,0.441343363024994,0.441343363024994,0.441343363024994,per_group
339,palmdale,0.442118535775756,0.25,0.25,0.0,0.0,0.25,0.0,0.0,0.0,0.0,0.0,0.0006282924943212033,0.1290219675454942,0.0,0.0,1.0359156610464493,1.0359156610464493,1.0359156610464493,1.0359156610464493,per_group
34,lancaster,0.3669379125321652,0.2,0.19999999999999998,0.0,0.0,0.19999999999999998,0.0,0.0,0.16666666666666666,0.0,0.0,0.0,0.33677611617215814,0.0,0.0,0.9508784286736139,0.9508784286736139,0.9508784286736139,0.9508784286736139,per_group
340,palmdale,0.5673741503863633,0.5,0.5,0.0,0.0,0.5,0.0,0.0,0.16666666666666666,0.0,0.0,0.0006282924943212033,0.18440718659305214,0.0,0.0,1.9013383017500527,1.9013383017500527,1.9013383017500527,1.9013383017500527,per_group
341,palmdale,0.7588809831741411,0.0,0.0,0.0,0.0,0.0,0.0,0.0,0.16666666666666666,0.0,0.0,0.0006282924943212033,0.09590626800253838,0.0,0.0,0.6176929009833942,0.6176929009833942,0.6176929009833942,0.6176929009833942,per_group
342,palmdale,0.6451084306300263,0.5,0.5,0.0,0.0,0.5,0.0,0.0,0.0,0.0,0.0,0.0006282924943212033,0.031014922490588456,0.0,0.0,1.8584071784334575,1.8584071784334575,1.8584071784334575,1.8584071784334575,per_group
343,palmdale,0.482921981582096,0.7499999999999999,0.75,0.0,0.0,0.75,0.0,0.0,0.16666666666666666,0.0,0.0,0.0006282924943212033,0.1313659393319392,0.0,0.0,2.531613534134843,2.531613534134843,2.531613534134843,2.531613534134843,per_group
344,palmdale,0.5425914955210825,0.5,0.5,0.0,0.0,0.5,0.0,0.0,0.0,0.0,0.0,0.0006282924943212033,0.1107952243187422,0.0,0.0,1.8026013842228277,1.8026013842228277,1.8026013842228277,1.8026013842228277,per_group
345,palmdale,0.8141287771058081,0.5,0.5,0.0,0.0,0.5,0.0,0.0,0.0,0.0,0.0,0.0006282924943212033,0.00998072306747589,0.0,0.0,1.9725145810818823,1.9725145810818823,1.9725145810818823,1.9725145810818823,per_group
346,palmdale,0.9389095287531508,0.25,0.25,0.0,0.0,0.25,0.0,0.0,0.0,0.0,0.0,0.0006282924943212033,0.03787263380202008,0.0,0.0,1.3654394893819308,1.3654394893819308,1.3654394893819308,1.3654394893819308,per_group
347,palmdale,0.2982493824797558,0.0,0.0,0.0,0.0,0.0,0.0,0.0,0.0,0.0,0.0,0.0006282924943212033,0.14958071044495808,0.0,0.0,0.23931900231914188,0.23931900231914188,0.23931900231914188,0.23931900231914188,per_group
348,palmdale,0.5463298728616791,0.25,0.25,0.0,0.0,0.25,0.0,0.0,0.0,0.0,0.0,0.0006282924943212033,0.05081116480113899,0.0,0.0,1.0932214364577244,1.0932214364577244,1.0932214364577244,1.0932214364577244,per_group
349,palmdale,0.528762969539165,0.25,0.25,0.0,0.0,0.25,0.0,0.0,0.0,0.0,0.0,0.0006282924943212033,0.10598650538629133,0.0,0.0,1.0919596722489953,1.0919596722489953,1.0919596722489953,1.0919596722489953,per_group
35,lancaster,0.42671382892690923,0.0,0.0,0.0,0.0,0.0,0.0,0.0,0.16666666666666666,0.0,0.0,0.0,0.3662696487845254,0.0,0.0,0.43862027667240816,0.43862027667240816,0.43862027667240816,0.43862027667240816,per_group
350,palmdale,0.3184485101872262,0.0,0.0,0.0,0.0,0.0,0.14285714285714285,0.14285714285714285,0.3333333333333333,0.0,0.0,0.0006282924943212033,0.27974184383800105,0.0,0.0,0.5842525231548844,0.5842525231548844,0.5842525231548844,0.5842525231548844,per_group
351,palmdale,0.4972504553432104,0.25,0.25,0.0,0.0,0.25,0.0,0.0,0.0,0.0,0.0,0.0006282924943212033,0.07805784350171513,0.0,0.0,1.0643151799349118,1.0643151799349118,1.0643151799349118,1.0643151799349118,per_group
352,palmdale,0.33747900827953603,0.25,0.25,0.0,0.0,0.25,0.0,0.0,0.0,0.0,0.0,0.0006282924943212033,0.019651252398195658,0.0,0.0,0.9407938487696355,0.9407938487696355,0.9407938487696355,0.9407938487696355,per_group
353,palmdale,0.5407553945972686,0.5,0.5,0.0,0.0,0.5,0.0,0.0,0.0,0.0,0.0,0.0006282924943212033,0.04970066859280457,0.0,0.0,1.7890972024309704,1.7890972024309704,1.7890972024309704,1.7890972024309704,per_group
354,palmdale,0.5371881051165425,0.0,0.0,0.0,0.0,0.0,0.0,0.0,0.0,0.0,0.0,0.0006282924943212033,0.07187496979492089,0.0,0.0,0.3910349600348851,0.3910349600348851,0.3910349600348851,0.3910349600348851,per_group
355,palmdale,0.6680809436571497,0.25,0.25,0.0,0.0,0.25,0.0,0.0,0.16666666666666666,0.0,0.0,0.0006282924943212033,0.11261174846388089,0.0,0.0,1.2574739694137689,1.2574739694137689,1.2574739694137689,1.2574739694137689,per_group
356,palmdale,0.608118414857528,0.25,0.25,0.0,0.0,0.25,0.0,0.0,0.0,0.0,0.0,0.0006282924943212033,0.04084558742341469,0.0,0.0,1.1344803003792738,1.1344803003792738,1.1344803003792738,1.1344803003792738,per_group
357,palmdale,0.8299335561734774,0.0,0.0,0.0,0.0,0.0,0.0,0.0,0.0,0.0,0.0,0.0006282924943212033,0.09605061014265792,0.0,0.0,0.6007919038442869,0.6007919038442869,0.6007919038442869,0.6007919038442869,per_group
358,palmdale,0.8306204631706144,0.25,0.25,0.0,0.0,0.25,0.0,0.0,0.0,0.0,0.0,0.0006282924943212033,0.03007532580543915,0.0,0.0,1.2880776818748392,1.2880776818748392,1.2880776818748392,1.2880776818748392,per_group
359,palmdale,0.5100365155563183,0.25,0.25,0.0,0.0,0.25,0.0,0.0,0.0,0.0,0.0,0.0006282924943212033,0.043765531109713526,0.0,0.0,1.0664069596056869,1.0664069596056869,1.0664069596056869,1.0664069596056869,per_group
36,lancaster,0.5917862421920486,0.0,0.0,0.0,0.0,0.0,0.2,0.2,0.16666666666666666,0.0,0.0,0.0,0.3028871777754889,0.0,0.0,0.7814944717561984,0.7814944717561984,0.7814944717561984,0.7814944717561984,per_group
360,palmdale,0.5492109278604407,0.25,0.25,0.0,0.0,0.25,0.0,0.0,0.0,0.0,0.0,0.0006282924943212033,0.07070004003813694,0.0,0.0,1.0992159500042573,1.0992159500042573,1.0992159500042573,1.0992159500042573,per_group
361,palmdale,0.08891148240972678,0.0,0.0,0.0,0.0,0.0,0.0,0.0,0.0,0.0,0.0,0.0006282924943212033,0.061538093085424676,0.0,0.0,0.07517394879821487,0.07517394879821487,0.07517394879821487,0.07517394879821487,per_group
362,palmdale,0.549172527244094,0.25,0.25,0.0,0.0,0.25,0.0,0.0,0.0,0.0,0.0,0.0006282924943212033,0.0805842719284916,0.0,0.0,1.1011659159508853,1.1011659159508853,1.1011659159508853,1.1011659159508853,per_group
363,palmdale,0.9226522814774594,0.0,0.0,0.0,0.0,0.0,0.0,0.0,0.0,0.0,0.0,0.0006282924943212033,0.010671205901289909,0.0,0.0,0.6486191307088006,0.6486191307088006,0.6486191307088006,0.6486191307088006,per_group
364,palmdale,0.28708226804127873,0.0,0.0,0.0,0.0,0.0,0.0,0.0,0.0,0.0,0.0,0.0006282924943212033,0.07075786848000226,0.0,0.0,0.21573745381921675,0.21573745381921675,0.21573745381921675,0.21573745381921675,per_group
365,palmdale,0.6150666398646953,0.0,0.0,0.0,0.0,0.0,0.0,0.0,0.0,0.0,0.0,0.0006282924943212033,0.008387031561316077,0.0,0.0,0.43285234671187117,0.43285234671187117,0.43285234671187117,0.43285234671187117,per_group
366,palmdale,0.3044431799664724,0.5,0.5,0.0,0.0,0.5,0.0,0.0,0.0,0.0,0.0,0.0006282924943212033,0.049767012290826244,0.0,0.0,1.6236919209290173,1.6236919209290173,1.6236919209290173,1.6236919209290173,per_group
367,palmdale,0.48419404403077887,0.25,0.25,0.0,0.0,0.25,0.0,0.0,0.0,0.0,0.0,0.0006282924943212033,0.045762576045377944,0.0,0.0,1.0487166385249422,1.0487166385249422,1.0487166385249422,1.0487166385249422,per_group
368,palmdale,0.2838433677192583,0.0,0.0,0.0,0.0,0.0,0.0,0.0,0.0,0.0,0.0,0.0006282924943212033,0.06707780409051296,0.0,0.0,0.2127342107159046,0.2127342107159046,0.2127342107159046,0.2127342107159046,per_group
369,palmdale,0.5634258810604461,0.0,0.0,0.0,0.0,0.0,0.0,0.0,0.0,0.0,0.0,0.0006282924943212033,0.07427321471401638,0.0,0.0,0.4098810521794367,0.4098810521794367,0.4098810521794367,0.4098810521794367,per_group
37,lancaster,0.46314880812121667,0.0,0.0,0.0,0.0,0.0,0.2222222222222222,0.2222222222222222,0.5,0.0,0.0,0.0,0.4443907659652368,0.0,0.0,0.8797489855445657,0.8797489855445657,0.8797489855445657,0.8797489855445657,per_group
370,palmdale,0.5334842950558096,0.25,0.25,0.0,0.0,0.25,0.0,0.0,0.0,0.0,0.0,0.0006282924943212033,0.01927926433358855,0.0,0.0,1.0779231519001056,1.0779231519001056,1.0779231519001056,1.0779231519001056,per_group
371,palmdale,0.6826433181952409,0.25,0.25,0.0,0.0,0.25,0.0,0.0,0.16666666666666666,0.0,0.0,0.0006282924943212033,0.15940494642604278,0.0,0.0,1.277026271182865,1.277026271182865,1.277026271182865,1.277026271182865,per_group
372,palmdale,0.827088816994028,0.5,0.5,0.0,0.0,0.5,0.0,0.0,0.0,0.0,0.0,0.0006282924943212033,0.10393703922687415,0.0,0.0,2.0003778722355157,2.0003778722355157,2.0003778722355157,2.0003778722355157,per_group
373,palmdale,0.9265236823191659,0.7499999999999999,0.75,0.0,0.0,0.75,0.0,0.0,0.0,0.0,0.0,0.0006282924943212033,0.04506811831668497,0.0,0.0,2.758208493781074,2.758208493781074,2.758208493781074,2.758208493781074,per_group
374,palmdale,0.9147685206139015,0.25,0.25,0.0,0.0,0.25,0.0,0.0,0.0,0.0,0.0,0.0006282924943212033,0.037667719736180064,0.0,0.0,1.3484998008712883,1.3484998008712883,1.3484998008712883,1.3484998008712883,per_group
375,palmdale,0.088683264385957,0.0,0.0,0.0,0.0,0.0,0.0,0.0,0.0,0.0,0.0,0.0006282924943212033,0.046092615701843635,0.0,0.0,0.07192510070485982,0.07192510070485982,0.07192510070485982,0.07192510070485982,per_group
376,palmdale,0.6526582204589472,0.25,0.25,0.0,0.0,0.25,0.0,0.0,0.16666666666666666,0.0,0.0,0.0006282924943212033,0.13691119919526099,0.0,0.0,1.2515379533213031,1.2515379533213031,1.2515379533213031,1.2515379533213031,per_group
377,palmdale,0.30419777918004665,0.25,0.25,0.0,0.0,0.25,0.0,0.0,0.0,0.0,0.0,0.0006282924943212033,0.07478288688938216,0.0,0.0,0.9285233152982303,0.9285233152982303,0.9285233152982303,0.9285233152982303,per_group
378,palmdale,0.02145410827077317,0.0,0.0,0.0,0.0,0.0,0.0,0.0,0.0,0.0,0.0,0.0006282924943212033,0.0694972659206671,0.0,0.0,0.029545621467995845,0.029545621467995845,0.029545621467995845,0.029545621467995845,per_group
379,palmdale,0.5657613244998017,0.0,0.0,0.0,0.0,0.0,0.0,0.0,0.0,0.0,0.0,0.0006282924943212033,0.05129392004347803,0.0,0.0,0.406920003652878,0.406920003652878,0.406920003652878,0.406920003652878,per_group
38,lancaster,0.4928029014887541,0.0,0.0,0.0,0.0,0.0,0.0,0.0,0.16666666666666666,0.0,0.0,0.0,0.3588686513295664,0.0,0.0,0.4834024279747078,0.4834024279747078,0.4834024279747078,0.4834024279747078,per_group
380,palmdale,0.07543118478410211,0.0,0.0,0.0,0.0,0.0,0.0,0.0,0.0,0.0,0.0,0.0006282924943212033,0.15100570927054674,0.0,0.0,0.08363126369730203,0.08363126369730203,0.08363126369730203,0.08363126369730203,per_group
381,palmdale,0.7791618887265811,0.0,0.0,0.0,0.0,0.0,0.0,0.0,0.0,0.0,0.0,0.0006282924943212033,0.009739562120985918,0.0,0.0,0.5479895270271251,0.5479895270271251,0.5479895270271251,0.5479895270271251,per_group
382,palmdale,0.9333647756593625,0.25,0.25,0.0,0.0,0.25,0.0,0.0,0.0,0.0,0.0,0.0006282924943212033,0.03504875253117904,0.0,0.0,1.3609933859621108,1.3609933859621108,1.3609933859621108,1.3609933859621108,per_group
383,palmdale,0.5444261169115171,0.7499999999999999,0.75,0.0,0.0,0.75,0.0,0.0,0.0,0.0,0.0,0.0006282924943212033,0.040479347302088624,0.0,0.0,2.489822443792801,2.489822443792801,2.489822443792801,2.489822443792801,per_group
384,palmdale,0.6125686495081594,0.7499999999999999,0.75,0.0,0.0,0.75,0.0,0.0,0.0,0.0,0.0,0.0006282924943212033,0.039125379795125585,0.0,0.0,2.537251423109058,2.537251423109058,2.537251423109058,2.537251423109058,per_group
385,palmdale,0.5253790076944479,0.25,0.25,0.0,0.0,0.25,0.0,0.0,0.16666666666666666,0.0,0.0,0.0006282924943212033,0.10508546397424817,0.0,0.0,1.1560773573419512,1.1560773573419512,1.1560773573419512,1.1560773573419512,per_group
386,palmdale,0.47532545194869,0.25,0.25,0.0,0.0,0.25,0.0,0.0,0.0,0.0,0.0,0.0006282924943212033,0.0558858179571419,0.0,0.0,1.0445332724498326,1.0445332724498326,1.0445332724498326,1.0445332724498326,per_group
387,palmdale,0.6888531887945791,0.0,0.0,0.0,0.0,0.0,0.0,0.0,0.0,0.0,0.0,0.0006282924943212033,0.009413966977931879,0.0,0.0,0.484708318046113,0.484708318046113,0.484708318046113,0.484708318046113,per_group
388,palmdale,0.9231163169464476,0.25,0.25,0.0,0.0,0.25,0.0,0.0,0.0,0.0,0.0,0.0006282924943212033,0.00758102143133564,0.0,0.0,1.3483259186431016,1.3483259186431016,1.3483259186431016,1.3483259186431016,per_group
389,palmdale,0.5526623429769543,0.5,0.5,0.0,0.0,0.5,0.0,0.0,0.0,0.0,0.0,0.0006282924943212033,0.02842520205207366,0.0,0.0,1.793176972988604,1.793176972988604,1.793176972988604,1.793176972988604,per_group
39,lancaster,0.2866940259828397,0.0,0.0,0.0,0.0,0.0,0.0,0.0,0.16666666666666666,0.0,0.0,0.0,0.3605232814494386,0.0,0.0,0.3394571411445422,0.3394571411445422,0.3394571411445422,0.3394571411445422,per_group
390,palmdale,0.8550780914530518,0.25,0.25,0.0,0.0,0.25,0.0,0.0,0.0,0.0,0.0,0.0006282924943212033,0.045065824912386435,0.0,0.0,1.3081961214939348,1.3081961214939348,1.3081961214939348,1.3081961214939348,per_group
391,palmdale,0.6284544666541085,0.0,0.0,0.0,0.0,0.0,0.0,0.0,0.3333333333333333,0.0,0.0,0.0006282924943212033,0.15254259058998018,0.0,0.0,0.6043882706035265,0.6043882706035265,0.6043882706035265,0.6043882706035265,per_group
392,palmdale,0.10411530191929777,0.7499999999999999,0.75,0.0,0.0,0.75,0.0,0.0,0.0,0.0,0.0,0.0006282924943212033,0.09194788312997566,0.0,0.0,2.1918985804638247,2.1918985804638247,2.1918985804638247,2.1918985804638247,per_group
393,palmdale,0.36119767689048893,0.25,0.25,0.0,0.0,0.25,0.16666666666666666,0.16666666666666666,0.16666666666666666,0.0,0.0,0.0006282924943212033,0.17273397120519676,0.0,0.0,1.2546801272253696,1.2546801272253696,1.2546801272253696,1.2546801272253696,per_group
394,palmdale,0.6608499932714857,0.0,0.0,0.0,0.0,0.0,0.0,0.0,0.0,0.0,0.0,0.0006282924943212033,0.04411737648851011,0.0,0.0,0.4720467630820632,0.4720467630820632,0.4720467630820632,0.4720467630820632,per_group
395,palmdale,0.9000318301431119,0.7499999999999999,0.75,0.0,0.0,0.75,0.0,0.0,0.0,0.0,0.0,0.0006282924943212033,0.03505775017877825,0.0,0.0,2.7376621236302547,2.7376621236302547,2.7376621236302547,2.7376621236302547,per_group
396,palmdale,0.6227604151920371,0.5,0.5,0.0,0.0,0.5,0.0,0.0,0.0,0.0,0.0,0.0006282924943212033,0.021811421843121553,0.0,0.0,1.8409228674973717,1.8409228674973717,1.8409228674973717,1.8409228674973717,per_group
397,palmdale,0.8299542696407888,0.0,0.0,0.0,0.0,0.0,0.0,0.0,0.0,0.0,0.0,0.0006282924943212033,0.08692438123936477,0.0,0.0,0.5989811574907463,0.5989811574907463,0.5989811574907463,0.5989811574907463,per_group
398,palmdale,0.7195969508969099,0.0,0.0,0.0,0.0,0.0,0.0,0.0,0.0,0.0,0.0,0.0006282924943212033,0.02192905311746965,0.0,0.0,0.5087319687456521,0.5087319687456521,0.5087319687456521,0.5087319687456521,per_group
399,palmdale,0.29445673316474275,0.25,0.25,0.0,0.0,0.25,0.0,0.0,0.0,0.0,0.0,0.0006282924943212033,0.049767012290826244,0.0,0.0,0.9167014081678063,0.9167014081678063,0.9167014081678063,0.9167014081678063,per_group
4,northwest_antelope_valley,1.0,0.0,0.0,0.0,0.0,0.0,0.0,0.0,0.0,0.0,0.0,0.39425837320574164,0.0,0.0,0.0,1.0942583732057416,1.0942583732057416,1.0942583732057416,1.0942583732057416,per_group
40,lancaster,0.28083883966476,0.2,0.19999999999999998,0.0,0.0,0.19999999999999998,0.0,0.0,0.5,0.0,0.0,0.0,0.47937023996430306,0.0,0.0,1.0524612357581926,1.0524612357581926,1.0524612357581926,1.0524612357581926,per_group
400,palmdale,0.05634749074165175,0.0,0.0,0.0,0.0,0.0,0.0,0.0,0.0,0.0,0.0,0.0006282924943212033,0.11773573443247215,0.0,0.0,0.06361868289997186,0.06361868289997186,0.06361868289997186,0.06361868289997186,per_group
401,palmdale,0.9660593697739266,0.0,0.0,0.0,0.0,0.0,0.0,0.0,0.0,0.0,0.0,0.0006282924943212033,0.03516540704192739,0.0,0.0,0.6839029327444551,0.6839029327444551,0.6839029327444551,0.6839029327444551,per_group
402,palmdale,0.33747900827953603,0.25,0.25,0.0,0.0,0.25,0.0,0.0,0.0,0.0,0.0,0.0006282924943212033,0.019651252398195658,0.0,0.0,0.9407938487696355,0.9407938487696355,0.9407938487696355,0.9407938487696355,per_group
403,palmdale,0.5573530018017354,0.7499999999999999,0.75,0.0,0.0,0.75,0.0,0.0,0.16666666666666666,0.0,0.0,0.0006282924943212033,0.14179779534576697,0.0,0.0,2.585801619491356,2.585801619491356,2.585801619491356,2.585801619491356,per_group
404,palmdale,0.887733679687614,0.25,0.25,0.0,0.0,0.25,0.0,0.0,0.0,0.0,0.0,0.0006282924943212033,0.018670806885445347,0.0,0.0,1.32577602965274,1.32577602965274,1.32577602965274,1.32577602965274,per_group
405,palmdale,0.5486783630953802,0.25,0.25,0.0,0.0,0.25,0.0,0.0,0.0,0.0,0.0,0.0006282924943212033,0.12097305196851411,0.0,0.0,1.1088977570547902,1.1088977570547902,1.1088977570547902,1.1088977570547902,per_group
406,palmdale,0.8404167226815762,0.0,0.0,0.0,0.0,0.0,0.0,0.0,0.0,0.0,0.0,0.0006282924943212033,0.0698086679893004,0.0,0.0,0.6028817319692846,0.6028817319692846,0.6028817319692846,0.6028817319692846,per_group
407,palmdale,0.5366455198754125,0.25,0.25,0.0,0.0,0.25,0.0,0.0,0.0,0.0,0.0,0.0006282924943212033,0.02831040193410516,0.0,0.0,1.081942236793931,1.081942236793931,1.081942236793931,1.081942236793931,per_group
408,palmdale,0.6710727619048131,0.0,0.0,0.0,0.0,0.0,0.0,0.0,0.0,0.0,0.0,0.0006282924943212033,0.011229797914262438,0.0,0.0,0.4726251854105429,0.4726251854105429,0.4726251854105429,0.4726251854105429,per_group
409,palmdale,0.3507935309151526,0.25,0.25,0.0,0.0,0.25,0.0,0.0,0.16666666666666666,0.0,0.0,0.0006282924943212033,0.0811817961513411,0.0,0.0,1.029086790031863,1.029086790031863,1.029086790031863,1.029086790031863,per_group
41,lancaster,0.5979205920391737,0.0,0.0,0.0,0.0,0.0,0.0,0.0,0.16666666666666666,0.0,0.0,0.0,0.1486232824481029,0.0,0.0,0.5149357375837088,0.5149357375837088,0.5149357375837088,0.5149357375837088,per_group
410,palmdale,0.5999400250969212,0.0,0.0,0.0,0.0,0.0,0.0,0.0,0.0,0.0,0.0,0.0006282924943212033,0.031591206016683276,0.0,0.0,0.42690455126550275,0.42690455126550275,0.42690455126550275,0.42690455126550275,per_group
411,palmdale,0.2893760155399426,0.0,0.0,0.0,0.0,0.0,0.0,0.0,0.3333333333333333,0.0,0.0,0.0006282924943212033,0.18519944186623108,0.0,0.0,0.37356472507886057,0.37356472507886057,0.37356472507886057,0.37356472507886057,per_group
412,palmdale,0.007195508836075974,0.25,0.25,0.0,0.0,0.25,0.0,0.0,0.0,0.0,0.0,0.0006282924943212033,0.0811057287479956,0.0,0.0,0.7218862944291734,0.7218862944291734,0.7218862944291734,0.7218862944291734,per_group
413,palmdale,0.49271333173229886,0.25,0.25,0.0,0.0,0.25,0.0,0.0,0.0,0.0,0.0,0.0006282924943212033,0.03551050488591358,0.0,0.0,1.0526297256841133,1.0526297256841133,1.0526297256841133,1.0526297256841133,per_group
414,palmdale,0.8682437864810059,0.0,0.0,0.0,0.0,0.0,0.0,0.0,0.0,0.0,0.0,0.0006282924943212033,0.05483013901889969,0.0,0.0,0.6193649708348052,0.6193649708348052,0.6193649708348052,0.6193649708348052,per_group
415,palmdale,0.8089463079354168,0.25,0.25,0.0,0.0,0.25,0.0,0.0,0.0,0.0,0.0,0.0006282924943212033,0.05803959080361008,0.0,0.0,1.278498626209835,1.278498626209835,1.278498626209835,1.278498626209835,per_group
416,palmdale,0.7179219846084143,0.0,0.0,0.0,0.0,0.0,0.0,0.0,0.0,0.0,0.0,0.0006282924943212033,0.010848170684470602,0.0,0.0,0.5053433158571052,0.5053433158571052,0.5053433158571052,0.5053433158571052,per_group
417,palmdale,0.7258674823648028,0.0,0.0,0.0,0.0,0.0,0.0,0.0,0.0,0.0,0.0,0.0006282924943212033,0.01153173315029107,0.0,0.0,0.5110418767797413,0.5110418767797413,0.5110418767797413,0.5110418767797413,per_group
418,palmdale,0.9663731653533902,0.0,0.0,0.0,0.0,0.0,0.0,0.0,0.0,0.0,0.0,0.0006282924943212033,0.023626750855698608,0.0,0.0,0.6818148584128341,0.6818148584128341,0.6818148584128341,0.6818148584128341,per_group
419,palmdale,1.0,0.0,0.0,0.0,0.0,0.0,0.0,0.0,0.0,0.0,0.0,0.0006282924943212033,0.0038410582607253233,0.0,0.0,0.7013965041464661,0.7013965041464661,0.7013965041464661,0.7013965041464661,per_group
42,lancaster,0.5775940773680368,0.0,0.0,0.0,0.0,0.0,0.0,0.0,0.0,0.0,0.0,0.0,0.08364671664897196,0.0,0.0,0.4210451974874201,0.4210451974874201,0.4210451974874201,0.4210451974874201,per_group
420,palmdale,0.9323950087806944,0.5,0.5,0.0,0.0,0.5,0.0,0.0,0.0,0.0,0.0,0.0006282924943212033,0.06233524464903569,0.0,0.0,2.0657718475706144,2.0657718475706144,2.0657718475706144,2.0657718475706144,per_group
421,palmdale,0.0,0.0,0.0,0.0,0.0,0.0,0.0,0.0,0.0,0.0,0.0,0.0006282924943212033,0.06874650789820955,0.0,0.0,0.014377594073963112,0.014377594073963112,0.014377594073963112,0.014377594073963112,per_group
422,palmdale,0.4665328540810877,0.7499999999999999,0.75,0.0,0.0,0.75,0.0,0.0,0.0,0.0,0.0,0.0006282924943212033,0.06958585871774008,0.0,0.0,2.4411184620946305,2.4411184620946305,2.4411184620946305,2.4411184620946305,per_group
423,palmdale,0.29497685639911303,0.5,0.5,0.0,0.0,0.5,0.0,0.0,0.0,0.0,0.0,0.0006282924943212033,0.08088158805225597,0.0,0.0,1.6232884095841515,1.6232884095841515,1.6232884095841515,1.6232884095841515,per_group
424,palmdale,0.6224936956746447,0.0,0.0,0.0,0.0,0.0,0.0,0.0,0.0,0.0,0.0,0.0006282924943212033,0.039125379795125585,0.0,0.0,0.4441989554255976,0.4441989554255976,0.4441989554255976,0.4441989554255976,per_group
425,palmdale,0.6973679706444437,0.25,0.25,0.0,0.0,0.25,0.0,0.0,0.0,0.0,0.0,0.0006282924943212033,0.01611356125625709,0.0,0.0,1.1920085841966832,1.1920085841966832,1.1920085841966832,1.1920085841966832,per_group
426,palmdale,0.9333647756593625,0.25,0.25,0.0,0.0,0.25,0.0,0.0,0.0,0.0,0.0,0.0006282924943212033,0.03504875253117904,0.0,0.0,1.3609933859621108,1.3609933859621108,1.3609933859621108,1.3609933859621108,per_group
427,palmdale,0.6251725926125687,0.25,0.25,0.0,0.0,0.25,0.0,0.0,0.0,0.0,0.0,0.0006282924943212033,0.0066862398112636405,0.0,0.0,1.139586355285372,1.139586355285372,1.139586355285372,1.139586355285372,per_group
428,palmdale,0.4088002510902648,0.25,0.25,0.0,0.0,0.25,0.75,0.75,0.3333333333333333,0.0,0.0,0.0006282924943212033,0.20323961369833868,0.0,0.0,2.060769724330507,2.060769724330507,2.060769724330507,2.060769724330507,per_group
429,palmdale,0.36758213242859417,1.0,1.0,0.0,0.0,1.0,0.0,0.0,0.0,0.0,0.0,0.0006282924943212033,0.020690763205607216,0.0,0.0,3.062073937835458,3.062073937835458,3.062073937835458,3.062073937835458,per_group
43,lancaster,0.3876026849444996,0.4,0.39999999999999997,0.0,0.0,0.39999999999999997,0.3333333333333333,0.3333333333333333,0.3333333333333333,0.0,0.0,0.0,0.3001874811069319,0.0,0.0,1.9846927090158692,1.9846927090158692,1.9846927090158692,1.9846927090158692,per_group
430,palmdale,0.5801405059049186,0.5,0.5,0.0,0.0,0.5,0.0,0.0,0.0,0.0,0.0,0.0006282924943212033,0.032205487907595136,0.0,0.0,1.8131677442092833,1.8131677442092833,1.8131677442092833,1.8131677442092833,per_group
431,palmdale,0.5382490650525944,0.0,0.0,0.0,0.0,0.0,0.0,0.0,0.0,0.0,0.0,0.0006282924943212033,0.024430773559671437,0.0,0.0,0.38228879274307154,0.38228879274307154,0.38228879274307154,0.38228879274307154,per_group
432,palmdale,0.5467952533610123,0.25,0.25,0.0,0.0,0.25,0.0,0.0,0.0,0.0,0.0,0.0006282924943212033,0.02842520205207366,0.0,0.0,1.0890700102574447,1.0890700102574447,1.0890700102574447,1.0890700102574447,per_group
433,palmdale,0.9357187132659603,0.0,0.0,0.0,0.0,0.0,0.0,0.0,0.0,0.0,0.0,0.0006282924943212033,0.02799372482960272,0.0,0.0,0.6612301367464138,0.6612301367464138,0.6612301367464138,0.6612301367464138,per_group
434,palmdale,0.10045665125239474,0.7499999999999999,0.75,0.0,0.0,0.75,0.0,0.0,0.0,0.0,0.0,0.0006282924943212033,0.08276447090324068,0.0,0.0,2.1875008425516453,2.1875008425516453,2.1875008425516453,2.1875008425516453,per_group
435,palmdale,0.551543546736072,0.25,0.25,0.0,0.0,0.25,0.0,0.0,0.0,0.0,0.0,0.0006282924943212033,0.024430773559671437,0.0,0.0,1.091594929921506,1.091594929921506,1.091594929921506,1.091594929921506,per_group
436,palmdale,0.5414705472316484,0.7499999999999999,0.75,0.0,0.0,0.75,0.0,0.0,0.0,0.0,0.0,0.0006282924943212033,0.03701009600352916,0.0,0.0,2.487059694757181,2.487059694757181,2.487059694757181,2.487059694757181,per_group
437,palmdale,0.8456502357535562,0.5,0.5,0.0,0.0,0.5,0.0,0.0,0.0,0.0,0.0,0.0006282924943212033,0.06432447062420511,0.0,0.0,2.0054483516466517,2.0054483516466517,2.0054483516466517,2.0054483516466517,per_group
438,palmdale,0.7816943791114636,0.25,0.25,0.0,0.0,0.25,0.0,0.0,0.0,0.0,0.0,0.0006282924943212033,0.0174924277990606,0.0,0.0,1.2513128434321579,1.2513128434321579,1.2513128434321579,1.2513128434321579,per_group
439,palmdale,0.9297466440315993,0.25,0.25,0.0,0.0,0.25,0.0,0.0,0.0,0.0,0.0,0.0006282924943212033,0.0,0.0,0.0,1.3514509433164408,1.3514509433164408,1.3514509433164408,1.3514509433164408,per_group
44,lancaster,0.5457574103112524,0.2,0.19999999999999998,0.0,0.0,0.19999999999999998,0.0,0.0,0.16666666666666666,0.0,0.0,0.0,0.3729860482972779,0.0,0.0,1.083294063543999,1.083294063543999,1.083294063543999,1.083294063543999,per_group
440,palmdale,0.36758213242859417,1.0,1.0,0.0,0.0,1.0,0.0,0.0,0.0,0.0,0.0,0.0006282924943212033,0.020690763205607216,0.0,0.0,3.062073937835458,3.062073937835458,3.062073937835458,3.062073937835458,per_group
441,palmdale,0.7708606976954855,0.5,0.5,0.0,0.0,0.5,0.5,0.5,0.16666666666666666,0.0,0.0,0.0006282924943212033,0.08426492280791056,0.0,0.0,2.62375043210941,2.62375043210941,2.62375043210941,2.62375043210941,per_group
442,palmdale,0.5904185552854212,0.5,0.5,0.0,0.0,0.5,0.0,0.0,0.0,0.0,0.0,0.0006282924943212033,0.04796490892041458,0.0,0.0,1.823514262978199,1.823514262978199,1.823514262978199,1.823514262978199,per_group
443,palmdale,0.6137573200754589,0.25,0.25,0.0,0.0,0.25,0.16666666666666666,0.16666666666666666,0.16666666666666666,0.0,0.0,0.0006282924943212033,0.14762182458382114,0.0,0.0,1.4264494481305734,1.4264494481305734,1.4264494481305734,1.4264494481305734,per_group
444,palmdale,0.5205679014022816,0.25,0.25,0.0,0.0,0.25,0.0,0.0,0.0,0.0,0.0,0.0006282924943212033,0.04681143032779756,0.0,0.0,1.074388109541478,1.074388109541478,1.074388109541478,1.074388109541478,per_group
445,palmdale,0.5547485522934011,0.25,0.25,0.0,0.0,0.25,0.0,0.0,0.0,0.0,0.0,0.0006282924943212033,0.017767122244262683,0.0,0.0,1.0925057035485546,1.0925057035485546,1.0925057035485546,1.0925057035485546,per_group
446,palmdale,0.5792918590088081,0.5,0.5,0.0,0.0,0.5,0.0,0.0,0.0,0.0,0.0,0.0006282924943212033,0.039432657801795244,0.0,0.0,1.8140191253608462,1.8140191253608462,1.8140191253608462,1.8140191253608462,per_group
447,palmdale,0.555977708274082,1.0,1.0,0.0,0.0,1.0,0.0,0.0,0.0,0.0,0.0,0.0006282924943212033,0.03987341126222892,0.0,0.0,3.197787370538624,3.197787370538624,3.197787370538624,3.197787370538624,per_group
448,palmdale,0.30888352864406887,0.0,0.0,0.0,0.0,0.0,0.0,0.0,0.0,0.0,0.0,0.0006282924943212033,0.05901034249483197,0.0,0.0,0.2286488310441358,0.2286488310441358,0.2286488310441358,0.2286488310441358,per_group
449,palmdale,0.617563755951507,1.0,1.0,0.0,0.0,1.0,0.0,0.0,0.0,0.0,0.0,0.0006282924943212033,0.012321183688644623,0.0,0.0,3.2353871583981046,3.2353871583981046,3.2353871583981046,3.2353871583981046,per_group
45,lancaster,0.621447089183832,0.6,0.5999999999999999,0.0,0.0,0.5999999999999999,0.0,0.0,0.0,0.0,0.0,0.0,0.25566615372942597,0.0,0.0,2.1661461931745674,2.1661461931745674,2.1661461931745674,2.1661461931745674,per_group
450,palmdale,0.6227135408845175,0.0,0.0,0.0,0.0,0.0,0.0,0.0,0.0,0.0,0.0,0.0006282924943212033,0.021924880276654863,0.0,0.0,0.4409127471688144,0.4409127471688144,0.4409127471688144,0.4409127471688144,per_group
451,palmdale,0.5801405059049186,0.5,0.5,0.0,0.0,0.5,0.0,0.0,0.0,0.0,0.0,0.0006282924943212033,0.032205487907595136,0.0,0.0,1.8131677442092833,1.8131677442092833,1.8131677442092833,1.8131677442092833,per_group
452,palmdale,0.2884295849377584,0.0,0.0,0.0,0.0,0.0,0.0,0.0,0.0,0.0,0.0,0.0006282924943212033,0.09287332706232015,0.0,0.0,0.22110366736321607,0.22110366736321607,0.22110366736321607,0.22110366736321607,per_group
453,palmdale,0.42589007214944524,0.0,0.0,0.0,0.0,0.0,0.0,0.0,0.0,0.0,0.0,0.0006282924943212033,0.06456901463531221,0.0,0.0,0.3116651459259953,0.3116651459259953,0.3116651459259953,0.3116651459259953,per_group
454,palmdale,0.6265837984504309,0.0,0.0,0.0,0.0,0.0,0.0,0.0,0.0,0.0,0.0,0.0006282924943212033,0.021811421843121553,0.0,0.0,0.4435992357782471,0.4435992357782471,0.4435992357782471,0.4435992357782471,per_group
455,palmdale,0.9306881652730247,0.25,0.25,0.0,0.0,0.25,0.0,0.0,0.0,0.0,0.0,0.0006282924943212033,0.03626088493472789,0.0,0.0,1.359362185172384,1.359362185172384,1.359362185172384,1.359362185172384,per_group
456,palmdale,0.2776063275069533,0.5,0.5,0.0,0.0,0.5,1.0,1.0,0.0,0.0,0.0,0.0006282924943212033,0.025451187195421738,0.0,0.0,2.8000429591882727,2.8000429591882727,2.8000429591882727,2.8000429591882727,per_group
457,palmdale,0.8882971128990899,0.25,0.25,0.0,0.0,0.25,0.0,0.0,0.0,0.0,0.0,0.0006282924943212033,0.03505775017877825,0.0,0.0,1.3294478215594399,1.3294478215594399,1.3294478215594399,1.3294478215594399,per_group
458,palmdale,0.5851595538884053,0.7499999999999999,0.75,0.0,0.0,0.75,0.0,0.0,0.0,0.0,0.0,0.0006282924943212033,0.039432657801795244,0.0,0.0,2.5181265117765634,2.5181265117765634,2.5181265117765634,2.5181265117765634,per_group
459,palmdale,0.5525238048514303,0.5,0.5,0.0,0.0,0.5,0.0,0.0,0.0,0.0,0.0,0.0006282924943212033,0.051293291696263704,0.0,0.0,1.7976536142295754,1.7976536142295754,1.7976536142295754,1.7976536142295754,per_group
46,lancaster,0.8369672636184157,0.2,0.19999999999999998,0.0,0.0,0.19999999999999998,0.0,0.0,0.0,0.0,0.0,0.0,0.05708461825205696,0.0,0.0,1.1572940081833023,1.1572940081833023,1.1572940081833023,1.1572940081833023,per_group
460,palmdale,0.9538068158471206,0.0,0.0,0.0,0.0,0.0,0.0,0.0,0.0,0.0,0.0,0.0006282924943212033,0.028116439472986948,0.0,0.0,0.673916351481903,0.673916351481903,0.673916351481903,0.673916351481903,per_group
461,desert_view_highlands,0.6302380160860569,0.0,0.0,0.0,0.0,0.0,1.0,1.0,1.0,0.0,0.0,0.6634768740031898,1.0,0.0,0.0,2.9046434852634295,2.9046434852634295,2.9046434852634295,2.9046434852634295,per_group
462,desert_view_highlands,1.0,0.0,0.0,0.0,0.0,0.0,0.0,0.0,0.0,0.0,0.0,0.6634768740031898,0.027466084414230305,0.0,0.0,1.3689700908860358,1.3689700908860358,1.3689700908860358,1.3689700908860358,per_group
463,desert_view_highlands,0.0,1.0,1.0,0.0,0.0,1.0,0.0,0.0,0.0,0.0,0.0,0.6634768740031898,0.0,0.0,0.0,3.46347687400319,3.46347687400319,3.46347687400319,3.46347687400319,per_group
464,sun_village,1.0,0.0,0.0,0.0,0.0,0.0,1.0,1.0,1.0,0.0,0.0,0.12503987240829345,1.0,0.0,0.0,2.6250398724082933,2.6250398724082933,2.6250398724082933,2.6250398724082933,per_group
465,sun_village,0.0,0.33333333333333337,0.33333333333333337,0.0,0.0,0.33333333333333337,0.0,0.0,0.0,0.0,0.0,0.12503987240829345,0.36765789573495267,0.0,0.0,1.1319047848886175,1.1319047848886175,1.1319047848886175,1.1319047848886175,per_group
466,sun_village,0.3675737026101042,0.33333333333333337,0.33333333333333337,0.0,0.0,0.33333333333333337,0.0,0.0,0.0,0.0,0.0,0.12503987240829345,0.0,0.0,0.0,1.3156747975686998,1.3156747975686998,1.3156747975686998,1.3156747975686998,per_group
467,sun_village,0.09391103229858759,0.33333333333333337,0.33333333333333337,0.0,0.0,0.33333333333333337,0.0,0.0,0.0,0.0,0.0,0.12503987240829345,0.21754338789908712,0.0,0.0,1.1676196059304558,1.1676196059304558,1.1676196059304558,1.1676196059304558,per_group
468,sun_village,0.034087562681027986,0.0,0.0,0.0,0.0,0.0,0.0,0.0,0.0,0.0,0.0,0.12503987240829345,0.23022671014740378,0.0,0.0,0.1949465083144938,0.1949465083144938,0.1949465083144938,0.1949465083144938,per_group
469,sun_village,0.08215111421892883,0.0,0.0,0.0,0.0,0.0,0.0,0.0,0.0,0.0,0.0,0.12503987240829345,0.16142991706294993,0.0,0.0,0.2148316357741336,0.2148316357741336,0.2148316357741336,0.2148316357741336,per_group
47,lancaster,0.48251367258874406,0.0,0.0,0.0,0.0,0.0,0.0,0.0,0.0,0.0,0.0,0.0,0.22549216821376158,0.0,0.0,0.38285800445487317,0.38285800445487317,0.38285800445487317,0.38285800445487317,per_group
470,sun_village,0.21073686416606552,0.33333333333333337,0.33333333333333337,0.0,0.0,0.33333333333333337,0.0,0.0,0.0,0.0,0.0,0.12503987240829345,0.08330119046185595,0.0,0.0,1.222549248750244,1.222549248750244,1.222549248750244,1.222549248750244,per_group
471,sun_village,0.11154518854920892,0.6666666666666667,0.6666666666666667,0.0,0.0,0.6666666666666667,0.0,0.0,0.0,0.0,0.0,0.12503987240829345,0.15730145564042544,0.0,0.0,2.101248462187492,2.101248462187492,2.101248462187492,2.101248462187492,per_group
472,sun_village,0.133605046469086,0.0,0.0,0.0,0.0,0.0,0.0,0.0,0.0,0.0,0.0,0.12503987240829345,0.15273126720724942,0.0,0.0,0.24910965837810356,0.24910965837810356,0.24910965837810356,0.24910965837810356,per_group
473,sun_village,0.10094157373537224,0.6666666666666667,0.6666666666666667,0.0,0.0,0.6666666666666667,0.0,0.0,0.0,0.0,0.0,0.12503987240829345,0.10901063753216357,0.0,0.0,2.0841677681961532,2.0841677681961532,2.0841677681961532,2.0841677681961532,per_group
474,sun_village,0.31657425118828386,0.33333333333333337,0.33333333333333337,0.0,0.0,0.33333333333333337,0.0,0.0,0.0,0.0,0.0,0.12503987240829345,0.017271782686325607,0.0,0.0,1.2834295381106908,1.2834295381106908,1.2834295381106908,1.2834295381106908,per_group
475,sun_village,0.30043020933878384,1.0,1.0,0.0,0.0,1.0,0.0,0.0,0.0,0.0,0.0,0.12503987240829345,0.016488723535172518,0.0,0.0,3.1386387636524766,3.1386387636524766,3.1386387636524766,3.1386387636524766,per_group
476,sun_village,0.07563945246220569,0.6666666666666667,0.6666666666666667,0.0,0.0,0.6666666666666667,0.0,0.0,0.0,0.0,0.0,0.12503987240829345,0.132495213731086,0.0,0.0,2.0711531985447214,2.0711531985447214,2.0711531985447214,2.0711531985447214,per_group
477,sun_village,0.12895163546198424,0.6666666666666667,0.6666666666666667,0.0,0.0,0.6666666666666667,0.0,0.0,0.0,0.0,0.0,0.12503987240829345,0.0421981706054801,0.0,0.0,2.0904123180194456,2.0904123180194456,2.0904123180194456,2.0904123180194456,per_group
478,sun_village,0.17063376097922267,0.33333333333333337,0.33333333333333337,0.0,0.0,0.33333333333333337,0.0,0.0,0.0,0.0,0.0,0.12503987240829345,0.08942621121114026,0.0,0.0,1.1957020806693108,1.1957020806693108,1.1957020806693108,1.1957020806693108,per_group
479,littlerock,0.0,0.0,0.0,0.0,0.0,0.0,0.0,0.0,1.0,0.0,0.0,1.0,1.0,0.0,0.0,1.5999999999999999,1.5999999999999999,1.5999999999999999,1.5999999999999999,per_group
48,lancaster,0.7428843361957445,0.2,0.19999999999999998,0.0,0.0,0.19999999999999998,0.0,0.0,0.0,0.0,0.0,0.0,0.1122410469480247,0.0,0.0,1.1024672447266262,1.1024672447266262,1.1024672447266262,1.1024672447266262,per_group
480,littlerock,1.0,1.0,1.0,0.0,0.0,1.0,0.0,0.0,0.0,0.0,0.0,1.0,0.0,0.0,0.0,4.5,4.5,4.5,4.5,per_group
481,acton,1.0,0.33333333333333337,0.33333333333333337,0.0,0.0,0.33333333333333337,1.0,1.0,1.0,0.0,0.0,0.17398869073510223,1.0,0.0,0.0,3.607322024068435,3.607322024068435,3.607322024068435,3.607322024068435,per_group
482,acton,0.27130232480923405,0.0,0.0,0.0,0.0,0.0,0.0,0.0,0.0,0.0,0.0,0.17398869073510223,0.07199968271327382,0.0,0.0,0.37830025464422085,0.37830025464422085,0.37830025464422085,0.37830025464422085,per_group
483,acton,0.2840820595479571,0.0,0.0,0.0,0.0,0.0,0.0,0.0,0.0,0.0,0.0,0.17398869073510223,0.07199968271327382,0.0,0.0,0.38724606896132696,0.38724606896132696,0.38724606896132696,0.38724606896132696,per_group
484,acton,0.5264155770066647,1.0,1.0,0.0,0.0,1.0,0.0,0.0,0.0,0.0,0.0,0.17398869073510223,0.0,0.0,0.0,3.342479594639767,3.342479594639767,3.342479594639767,3.342479594639767,per_group
485,acton,0.0883858392494929,0.6666666666666667,0.6666666666666667,0.0,0.0,0.6666666666666667,0.0,0.0,0.0,0.0,0.0,0.17398869073510223,0.16043492041069077,0.0,0.0,2.134612428958552,2.134612428958552,2.134612428958552,2.134612428958552,per_group
486,acton,0.0,0.33333333333333337,0.33333333333333337,0.0,0.0,0.33333333333333337,0.0,0.0,0.0,0.0,0.0,0.17398869073510223,0.09812580786304073,0.0,0.0,1.1269471856410438,1.1269471856410438,1.1269471856410438,1.1269471856410438,per_group
487,acton,0.2722034260902637,0.0,0.0,0.0,0.0,0.0,0.0,0.0,0.0,0.0,0.0,0.17398869073510223,0.0009480535276364622,0.0,0.0,0.3647206997038141,0.3647206997038141,0.3647206997038141,0.3647206997038141,per_group
488,acton,0.4860792916304453,0.33333333333333337,0.33333333333333337,0.0,0.0,0.33333333333333337,0.0,0.0,0.0,0.0,0.0,0.17398869073510223,0.0,0.0,0.0,1.4475775282097474,1.4475775282097474,1.4475775282097474,1.4475775282097474,per_group
489,acton,0.07390832141046073,0.6666666666666667,0.6666666666666667,0.0,0.0,0.6666666666666667,0.0,0.0,0.0,0.0,0.0,0.17398869073510223,0.07199968271327382,0.0,0.0,2.106791118931746,2.106791118931746,2.106791118931746,2.106791118931746,per_group
49,lancaster,0.1267796932355617,0.0,0.0,0.0,0.0,0.0,0.0,0.0,0.0,0.0,0.0,0.0,0.07607959724000801,0.0,0.0,0.10396170471289479,0.10396170471289479,0.10396170471289479,0.10396170471289479,per_group
490,acton,0.01835084788225635,0.33333333333333337,0.33333333333333337,0.0,0.0,0.33333333333333337,0.0,0.0,0.0,0.0,0.0,0.17398869073510223,0.011064053867586375,0.0,0.0,1.1223804283595324,1.1223804283595324,1.1223804283595324,1.1223804283595324,per_group
491,acton,0.34623682447116777,0.33333333333333337,0.33333333333333337,0.0,0.0,0.33333333333333337,0.0,0.0,0.0,0.0,0.0,0.17398869073510223,0.0,0.0,0.0,1.3496878011982532,1.3496878011982532,1.3496878011982532,1.3496878011982532,per_group
492,southeast_antelope_valley,0.0,0.5,0.5,0.0,0.0,0.5,1.0,1.0,1.0,0.0,0.0,0.24282296650717702,1.0,0.0,0.0,3.4428229665071766,3.4428229665071766,3.4428229665071766,3.4428229665071766,per_group
493,southeast_antelope_valley,0.5065789933121813,1.0,1.0,0.0,0.0,1.0,0.0,0.0,0.0,0.0,0.0,0.24282296650717702,0.3110868391607745,0.0,0.0,3.459645629657859,3.459645629657859,3.459645629657859,3.459645629657859,per_group
494,southeast_antelope_valley,0.8061265820427527,0.0,0.0,0.0,0.0,0.0,0.0,0.0,0.0,0.0,0.0,0.24282296650717702,0.145228115485311,0.0,0.0,0.836157197034166,0.836157197034166,0.836157197034166,0.836157197034166,per_group
495,southeast_antelope_valley,0.5371810599482759,0.5,0.5,0.0,0.0,0.5,0.0,0.0,0.0,0.0,0.0,0.24282296650717702,0.3074667080075827,0.0,0.0,2.0803430500724867,2.0803430500724867,2.0803430500724867,2.0803430500724867,per_group
496,southeast_antelope_valley,0.965221829338411,0.0,0.0,0.0,0.0,0.0,0.0,0.0,0.0,0.0,0.0,0.24282296650717702,0.0,0.0,0.0,0.9184782470440648,0.9184782470440648,0.9184782470440648,0.9184782470440648,per_group
497,southeast_antelope_valley,1.0,1.0,1.0,0.0,0.0,1.0,0.0,0.0,0.0,0.0,0.0,0.24282296650717702,0.02553720400398787,0.0,0.0,3.747930407307974,3.747930407307974,3.747930407307974,3.747930407307974,per_group
498,southeast_antelope_valley,0.8555414851939188,0.5,0.5,0.0,0.0,0.5,0.0,0.0,0.0,0.0,0.0,0.24282296650717702,0.11359927710746966,0.0,0.0,2.264421861564414,2.264421861564414,2.264421861564414,2.264421861564414,per_group
499,southeast_antelope_valley,0.7731149336455712,0.0,0.0,0.0,0.0,0.0,0.0,0.0,0.0,0.0,0.0,0.24282296650717702,0.11336962731028864,0.0,0.0,0.8066773455211346,0.8066773455211346,0.8066773455211346,0.8066773455211346,per_group
5,northeast_antelope_valley,0.0,0.25,0.25,0.0,0.0,0.25,0.0,0.0,0.0,0.0,0.0,0.278879015721121,0.9918057539867958,0.0,0.0,1.1772401665184802,1.1772401665184802,1.1772401665184802,1.1772401665184802,per_group
50,lancaster,0.3243997160512811,0.0,0.0,0.0,0.0,0.0,0.0,0.0,0.16666666666666666,0.0,0.0,0.0,0.21486195269062658,0.0,0.0,0.3367188584406887,0.3367188584406887,0.3367188584406887,0.3367188584406887,per_group
51,lancaster,0.37503839064758115,0.0,0.0,0.0,0.0,0.0,0.0,0.0,0.16666666666666666,0.0,0.0,0.0,0.15944558019286179,0.0,0.0,0.3610826561585458,0.3610826561585458,0.3610826561585458,0.3610826561585458,per_group
52,lancaster,0.2436371593959921,0.2,0.19999999999999998,0.0,0.0,0.19999999999999998,0.2,0.2,0.3333333333333333,0.0,0.0,0.0,0.3991157516039899,0.0,0.0,1.1837024952313258,1.1837024952313258,1.1837024952313258,1.1837024952313258,per_group
53,lancaster,0.6253871700411864,0.0,0.0,0.0,0.0,0.0,0.0,0.0,0.16666666666666666,0.0,0.0,0.0,0.33473140373507015,0.0,0.0,0.5713839664425111,0.5713839664425111,0.5713839664425111,0.5713839664425111,per_group
54,lancaster,0.5493890482076169,0.0,0.0,0.0,0.0,0.0,0.0,0.0,0.0,0.0,0.0,0.0,0.036833074708088394,0.0,0.0,0.3919389486869495,0.3919389486869495,0.3919389486869495,0.3919389486869495,per_group
55,lancaster,0.4792006080897382,0.4,0.39999999999999997,0.0,0.0,0.39999999999999997,0.0,0.0,0.5,0.0,0.0,0.0,0.3369220542363452,0.0,0.0,1.7228248365100858,1.7228248365100858,1.7228248365100858,1.7228248365100858,per_group
56,lancaster,0.7464459670115106,0.2,0.19999999999999998,0.0,0.0,0.19999999999999998,0.0,0.0,0.0,0.0,0.0,0.0,0.10126173011306848,0.0,0.0,1.102764522930671,1.102764522930671,1.102764522930671,1.102764522930671,per_group
57,lancaster,0.8133774306561335,0.0,0.0,0.0,0.0,0.0,0.0,0.0,0.0,0.0,0.0,0.0,0.09963432928398956,0.0,0.0,0.5892910673160914,0.5892910673160914,0.5892910673160914,0.5892910673160914,per_group
58,lancaster,0.6129972345555939,0.6,0.5999999999999999,0.0,0.0,0.5999999999999999,0.0,0.0,0.0,0.0,0.0,0.0,0.1096444031087039,0.0,0.0,2.1310269448106562,2.1310269448106562,2.1310269448106562,2.1310269448106562,per_group
59,lancaster,0.4378003149330292,0.0,0.0,0.0,0.0,0.0,0.0,0.0,0.16666666666666666,0.0,0.0,0.0,0.2813031694685094,0.0,0.0,0.4293875210134889,0.4293875210134889,0.4293875210134889,0.4293875210134889,per_group
6,northeast_antelope_valley,0.5394574355371669,0.25,0.25,0.0,0.0,0.25,0.0,0.0,0.0,0.0,0.0,0.278879015721121,1.0,0.0,0.0,1.5564992205971377,1.5564992205971377,1.5564992205971377,1.5564992205971377,per_group
60,lancaster,0.7810732810234936,0.2,0.19999999999999998,0.0,0.0,0.19999999999999998,0.0,0.0,0.0,0.0,0.0,0.0,0.12364412256543891,0.0,0.0,1.1314801212295333,1.1314801212295333,1.1314801212295333,1.1314801212295333,per_group
61,lancaster,0.586969672685601,0.2,0.19999999999999998,0.0,0.0,0.19999999999999998,0.0,0.0,0.16666666666666666,0.0,0.0,0.0,0.27725043556094453,0.0,0.0,1.0929955246587761,1.0929955246587761,1.0929955246587761,1.0929955246587761,per_group
62,lancaster,0.5280571494978145,0.2,0.19999999999999998,0.0,0.0,0.19999999999999998,0.0,0.0,0.0,0.0,0.0,0.0,0.16235456333479842,0.0,0.0,0.9621109173154297,0.9621109173154297,0.9621109173154297,0.9621109173154297,per_group
63,lancaster,0.40436921602529613,0.8,0.7999999999999999,0.0,0.0,0.7999999999999999,0.0,0.0,0.0,0.0,0.0,0.0,0.06404571288260033,0.0,0.0,2.5358675937942277,2.5358675937942277,2.5358675937942277,2.5358675937942277,per_group
64,lancaster,0.7983907266479646,0.0,0.0,0.0,0.0,0.0,0.0,0.0,0.16666666666666666,0.0,0.0,0.0,0.10840347317942424,0.0,0.0,0.6472208699561267,0.6472208699561267,0.6472208699561267,0.6472208699561267,per_group
65,lancaster,0.8638721377502145,0.2,0.19999999999999998,0.0,0.0,0.19999999999999998,0.0,0.0,0.0,0.0,0.0,0.0,0.08690668427394661,0.0,0.0,1.1820918332799395,1.1820918332799395,1.1820918332799395,1.1820918332799395,per_group
66,lancaster,0.7047956250351579,0.0,0.0,0.0,0.0,0.0,0.0,0.0,0.16666666666666666,0.0,0.0,0.0,0.13377453884126062,0.0,0.0,0.5867785119595292,0.5867785119595292,0.5867785119595292,0.5867785119595292,per_group
67,lancaster,0.5056925228072774,0.2,0.19999999999999998,0.0,0.0,0.19999999999999998,0.0,0.0,0.0,0.0,0.0,0.0,0.03915011142133314,0.0,0.0,0.9218147882493608,0.9218147882493608,0.9218147882493608,0.9218147882493608,per_group
68,lancaster,0.39383323275649423,0.2,0.19999999999999998,0.0,0.0,0.19999999999999998,0.0,0.0,0.0,0.0,0.0,0.0,0.06404571288260033,0.0,0.0,0.848492405506066,0.848492405506066,0.848492405506066,0.848492405506066,per_group
69,lancaster,0.49488639456863653,0.2,0.19999999999999998,0.0,0.0,0.19999999999999998,0.0,0.0,0.0,0.0,0.0,0.0,0.06461378749767033,0.0,0.0,0.9193432336975795,0.9193432336975795,0.9193432336975795,0.9193432336975795,per_group
7,northeast_antelope_valley,1.0,0.0,0.0,0.0,0.0,0.0,0.0,0.0,0.0,0.0,0.0,0.278879015721121,0.0,0.0,0.0,0.9788790157211209,0.9788790157211209,0.9788790157211209,0.9788790157211209,per_group
70,lancaster,0.7754556657924567,0.8,0.7999999999999999,0.0,0.0,0.7999999999999999,0.0,0.0,0.0,0.0,0.0,0.0,0.10873154881572204,0.0,0.0,2.804565275817864,2.804565275817864,2.804565275817864,2.804565275817864,per_group
71,lancaster,0.6548698696031644,0.0,0.0,0.0,0.0,0.0,0.0,0.0,0.16666666666666666,0.0,0.0,0.0,0.13355555152588586,0.0,0.0,0.5517866856940589,0.5517866856940589,0.5517866856940589,0.5517866856940589,per_group
72,lancaster,0.5892018278601661,0.2,0.19999999999999998,0.0,0.0,0.19999999999999998,0.0,0.0,0.0,0.0,0.0,0.0,0.07421346871989702,0.0,0.0,0.9872839732460956,0.9872839732460956,0.9872839732460956,0.9872839732460956,per_group
73,lancaster,0.5529754697660421,0.0,0.0,0.0,0.0,0.0,0.0,0.0,0.0,0.0,0.0,0.0,0.02548927512893182,0.0,0.0,0.39218068386201577,0.39218068386201577,0.39218068386201577,0.39218068386201577,per_group
74,lancaster,0.6346421060963072,0.0,0.0,0.0,0.0,0.0,0.0,0.0,0.0,0.0,0.0,0.0,0.07007640055804958,0.0,0.0,0.4582647543790249,0.4582647543790249,0.4582647543790249,0.4582647543790249,per_group
75,lancaster,0.323419287477817,0.4,0.39999999999999997,0.0,0.0,0.39999999999999997,0.0,0.0,0.0,0.0,0.0,0.0,0.059540364771409844,0.0,0.0,1.3583015741887539,1.3583015741887539,1.3583015741887539,1.3583015741887539,per_group
76,lancaster,0.791588262168116,0.0,0.0,0.0,0.0,0.0,0.0,0.0,0.0,0.0,0.0,0.0,0.05431850743219794,0.0,0.0,0.5649754850041206,0.5649754850041206,0.5649754850041206,0.5649754850041206,per_group
77,lancaster,0.5212284941336949,0.2,0.19999999999999998,0.0,0.0,0.19999999999999998,0.0,0.0,0.3333333333333333,0.0,0.0,0.0,0.3913507321028212,0.0,0.0,1.136463425647484,1.136463425647484,1.136463425647484,1.136463425647484,per_group
78,lancaster,0.5348857225006628,0.2,0.19999999999999998,0.0,0.0,0.19999999999999998,0.0,0.0,0.0,0.0,0.0,0.0,0.036833074708088394,0.0,0.0,0.9417866206920816,0.9417866206920816,0.9417866206920816,0.9417866206920816,per_group
79,lancaster,0.6010683574666957,0.4,0.39999999999999997,0.0,0.0,0.39999999999999997,0.0,0.0,0.0,0.0,0.0,0.0,0.18968335810457082,0.0,0.0,1.578684521847601,1.578684521847601,1.578684521847601,1.578684521847601,per_group
8,northeast_antelope_valley,0.8377377752845725,0.0,0.0,0.0,0.0,0.0,0.0,0.0,0.0,0.0,0.0,0.278879015721121,0.2682579900784617,0.0,0.0,0.9189470564360139,0.9189470564360139,0.9189470564360139,0.9189470564360139,per_group
80,lancaster,0.5208194880604571,0.4,0.39999999999999997,0.0,0.0,0.39999999999999997,0.0,0.0,0.0,0.0,0.0,0.0,0.14471884821879522,0.0,0.0,1.513517411286079,1.513517411286079,1.513517411286079,1.513517411286079,per_group
81,lancaster,0.7139124412383214,0.8,0.7999999999999999,0.0,0.0,0.7999999999999999,0.0,0.0,0.16666666666666666,0.0,0.0,0.0,0.2122963850691291,0.0,0.0,2.8488646525473174,2.8488646525473174,2.8488646525473174,2.8488646525473174,per_group
82,lancaster,0.7930185480053789,0.4,0.39999999999999997,0.0,0.0,0.39999999999999997,0.0,0.0,0.0,0.0,0.0,0.0,0.05924972661763795,0.0,0.0,1.6869629289272927,1.6869629289272927,1.6869629289272927,1.6869629289272927,per_group
83,lancaster,0.8173437847590302,0.2,0.19999999999999998,0.0,0.0,0.19999999999999998,0.0,0.0,0.16666666666666666,0.0,0.0,0.0,0.11672857597347958,0.0,0.0,1.2221530311926836,1.2221530311926836,1.2221530311926836,1.2221530311926836,per_group
84,lancaster,0.2462923220599147,0.2,0.19999999999999998,0.0,0.0,0.19999999999999998,0.0,0.0,0.0,0.0,0.0,0.0,0.21797265335988095,0.0,0.0,0.7759991561139165,0.7759991561139165,0.7759991561139165,0.7759991561139165,per_group
85,lancaster,0.4404520184235575,0.4,0.39999999999999997,0.0,0.0,0.39999999999999997,0.0,0.0,0.3333333333333333,0.0,0.0,0.0,0.34790851245799986,0.0,0.0,1.6312314487214234,1.6312314487214234,1.6312314487214234,1.6312314487214234,per_group
86,lancaster,0.624287482346891,0.2,0.19999999999999998,0.0,0.0,0.19999999999999998,0.0,0.0,0.16666666666666666,0.0,0.0,0.0,0.13362372168727019,0.0,0.0,1.0903926486469444,1.0903926486469444,1.0903926486469444,1.0903926486469444,per_group
87,lancaster,0.65257594347513,0.0,0.0,0.0,0.0,0.0,0.0,0.0,0.16666666666666666,0.0,0.0,0.0,0.21805529503231283,0.0,0.0,0.5670808861057203,0.5670808861057203,0.5670808861057203,0.5670808861057203,per_group
88,lancaster,0.702788316131221,0.0,0.0,0.0,0.0,0.0,0.0,0.0,0.0,0.0,0.0,0.0,0.05401600984159113,0.0,0.0,0.5027550232601729,0.5027550232601729,0.5027550232601729,0.5027550232601729,per_group
89,lancaster,0.6536843614641824,0.2,0.19999999999999998,0.0,0.0,0.19999999999999998,0.0,0.0,0.0,0.0,0.0,0.0,0.057323546613345815,0.0,0.0,1.0290437623475968,1.0290437623475968,1.0290437623475968,1.0290437623475968,per_group
9,northeast_antelope_valley,0.5565871536487513,0.7499999999999999,0.75,0.0,0.0,0.75,0.0,0.0,0.0,0.0,0.0,0.278879015721121,0.6599784948502532,0.0,0.0,2.9004857222452975,2.9004857222452975,2.9004857222452975,2.9004857222452975,per_group
90,lancaster,0.27254798347075176,0.6,0.5999999999999999,0.0,0.0,0.5999999999999999,0.0,0.0,0.16666666666666666,0.0,0.0,0.0,0.1815413899830027,0.0,0.0,1.9737585330927931,1.9737585330927931,1.9737585330927931,1.9737585330927931,per_group
91,lancaster,0.3613296864860555,0.0,0.0,0.0,0.0,0.0,0.0,0.0,0.0,0.0,0.0,0.0,0.07852041510607158,0.0,0.0,0.26863486356145316,0.26863486356145316,0.26863486356145316,0.26863486356145316,per_group
92,lancaster,0.7580436694285421,0.8,0.7999999999999999,0.0,0.0,0.7999999999999999,0.0,0.0,0.3333333333333333,0.0,0.0,0.0,0.15494318260601694,0.0,0.0,2.934952538454516,2.934952538454516,2.934952538454516,2.934952538454516,per_group
93,lancaster,0.8467788795062013,0.2,0.19999999999999998,0.0,0.0,0.19999999999999998,0.0,0.0,0.0,0.0,0.0,0.0,0.020971266722583568,0.0,0.0,1.1569394689988577,1.1569394689988577,1.1569394689988577,1.1569394689988577,per_group
94,lancaster,0.8477775922818923,0.2,0.19999999999999998,0.0,0.0,0.19999999999999998,0.0,0.0,0.0,0.0,0.0,0.0,0.018385500489967305,0.0,0.0,1.157121414695318,1.157121414695318,1.157121414695318,1.157121414695318,per_group
95,lancaster,0.3644789344164609,0.0,0.0,0.0,0.0,0.0,0.0,0.0,0.3333333333333333,0.0,0.0,0.0,0.2768402476477408,0.0,0.0,0.44383663695440406,0.44383663695440406,0.44383663695440406,0.44383663695440406,per_group
96,lancaster,0.8736023807019635,0.2,0.19999999999999998,0.0,0.0,0.19999999999999998,0.0,0.0,0.0,0.0,0.0,0.0,0.05166379944121707,0.0,0.0,1.1818544263796178,1.1818544263796178,1.1818544263796178,1.1818544263796178,per_group
97,lancaster,0.4564826515453569,0.2,0.19999999999999998,0.0,0.0,0.19999999999999998,0.0,0.0,0.16666666666666666,0.0,0.0,0.0,0.27312725360849627,0.0,0.0,1.0008299734701156,1.0008299734701156,1.0008299734701156,1.0008299734701156,per_group
98,lancaster,0.7680968509250282,0.0,0.0,0.0,0.0,0.0,0.0,0.0,0.0,0.0,0.0,0.0,0.056033751404728695,0.0,0.0,0.5488745459284655,0.5488745459284655,0.5488745459284655,0.5488745459284655,per_group
99,lancaster,0.41068961998427067,0.2,0.19999999999999998,0.0,0.0,0.19999999999999998,0.0,0.0,0.16666666666666666,0.0,0.0,0.0,0.13904290941664593,0.0,0.0,0.9419579825389852,0.9419579825389852,0.9419579825389852,0.9419579825389852,per_group
