node_id,candidate_group,node,protected_group,ml_score,graphsage_pred_score,graphsage_embedding_norm,ris_score,fair_ris_score,shortfall_gain,group_quota,current_group_seed_count,group_shortfall_ratio,dynamic_shortfall_gain,candidate_group_shortfall_ratio,dynamic_shortfall_bonus,shortfall_weighted_fair_ris_score,fairness_bonus,weak_group_bonus,community_diversity_bonus,community_diversity_score,cluster_diversity_bonus,cluster_coverage_bonus,ingroup_ris_score,protected_group_coverage_bonus,spread_proxy_score,weakest_group,candidate_helps_weakest_group,weakest_group_gain,weakest_group_ris_coverage,mf_gain_score,mf_lift_adjusted_score,under_served_group_bonus,over_served_group_penalty,parity_adjusted_score,base_combined_score,target_deficit_adjusted_score,combined_score,score_normalization,community_id
1007,1,1007,1,0.6692289113998413,0.6692289113998413,0.7062705755233765,0.6,0.5483870967741935,0.0,55,0,1.0,0.9447852760736196,1.0,0.9447852760736196,1.0664951513952106,0.05555555555555555,0.05555555555555555,0.8616028708133974,0.8616028708133974,0.0,0.0,0.0,0.0,0.5202356195924608,0,True,0.16666666666666669,0.16666666666666669,0.16666666666666669,4.736207358063127,0.0,0.0,4.236207358063127,2.8190294439526973,4.236207358063127,4.236207358063127,global,0
1009,1,1009,1,0.5713948607444763,0.5713948607444763,0.6006230711936951,0.48,0.45161290322580644,0.0,55,0,1.0,0.9447852760736196,1.0,0.9447852760736196,0.8782901246784088,0.9206349206349206,0.9206349206349206,0.49644736842105247,0.49644736842105247,0.0,0.0,0.0,0.0,0.4435302366560092,0,True,0.16666666666666669,0.16666666666666669,0.16666666666666669,4.1388023643649525,0.0,0.0,3.6388023643649525,2.2216244502545233,3.6388023643649525,3.6388023643649525,global,1
1025,1,1025,1,0.37114500999450684,0.37114500999450684,0.44434523582458496,0.24,0.22580645161290322,0.0,55,0,1.0,0.9447852760736196,1.0,0.9447852760736196,0.4391450623392044,0.05,0.05,0.8616028708133974,0.8616028708133974,0.0,0.0,0.0,0.0,0.14842776187240858,0,True,0.08333333333333334,0.08333333333333334,0.08333333333333334,3.1310365893002627,0.0,0.0,2.8810365893002627,1.4638586751898333,2.8810365893002627,2.8810365893002627,global,0
1048,1,1048,1,0.3992009460926056,0.3992009460926056,0.3977449834346771,0.44,0.3548387096774193,0.0,55,0,1.0,0.9447852760736196,1.0,0.9447852760736196,0.6900850979616069,0.1780821917808219,0.1780821917808219,0.05014619883040934,0.05014619883040934,0.0,0.0,0.0,0.0,0.5019804959449887,0,False,0.0,0.0,0.0,3.061883338538054,0.0,0.0,3.061883338538054,1.6447054244276245,3.061883338538054,3.061883338538054,global,2
1049,0,1049,0,0.4545857906341553,0.4545857906341553,0.4840215742588043,0.32,0.48387096774193544,0.0,16,0,1.0,0.24430563301728944,1.0,0.24430563301728944,0.6020833708148174,0.7551020408163265,0.7551020408163265,0.49644736842105247,0.49644736842105247,0.0,0.0,0.0,1.0,0.33420467764763356,0,True,0.5833333333333334,0.5833333333333334,0.5833333333333334,4.116354105021946,0.0,0.0,2.3663541050219457,1.9998956554960117,2.3663541050219457,2.3663541050219457,global,1
1074,0,1074,0,0.29857856035232544,0.29857856035232544,0.31893253326416016,0.16,0.25806451612903225,0.0,16,0,1.0,0.24430563301728944,1.0,0.24430563301728944,0.32111113110123596,0.2647058823529412,0.2647058823529412,0.24006159014557663,0.24006159014557663,0.0,0.0,0.0,1.0,0.21712069842916418,0,True,0.33333333333333337,0.33333333333333337,0.33333333333333337,2.4666173346673967,0.0,0.0,1.4666173346673967,1.1001588851414625,1.4666173346673967,1.4666173346673967,global,3
1092,1,1092,1,0.7339664697647095,0.7339664697647095,0.7397834062576294,0.52,0.45161290322580644,0.0,55,0,1.0,0.9447852760736196,1.0,0.9447852760736196,0.8782901246784088,0.7916666666666666,0.7916666666666666,0.9268092105263157,0.9268092105263157,0.0,0.0,0.0,0.0,0.376084216765697,0,True,0.08333333333333334,0.08333333333333334,0.08333333333333334,4.253806766666678,0.0,0.0,4.003806766666678,2.586628852556248,4.003806766666678,4.003806766666678,global,4
1097,1,1097,1,0.5653493404388428,0.5653493404388428,0.5885114669799805,0.48,0.4193548387096774,0.0,55,0,1.0,0.9447852760736196,1.0,0.9447852760736196,0.8155551157728081,0.851063829787234,0.851063829787234,0.49644736842105247,0.49644736842105247,0.0,0.0,0.0,0.0,0.3542208282978351,0,True,0.08333333333333334,0.08333333333333334,0.08333333333333334,3.7926569965807353,0.0,0.0,3.5426569965807353,2.125479082470306,3.5426569965807353,3.5426569965807353,global,1
11,1,11,1,0.31581488251686096,0.31581488251686096,0.4041210114955902,0.24,0.1935483870967742,0.0,55,0,1.0,0.9447852760736196,1.0,0.9447852760736196,0.3764100534336038,0.0,0.0,0.6007775119617226,0.6007775119617226,0.0,0.0,0.0,0.0,0.277933600360207,0,False,0.0,0.0,0.0,2.68069543040639,0.0,0.0,2.68069543040639,1.2635175162959607,2.68069543040639,2.68069543040639,global,5
1119,1,1119,1,0.3391937017440796,0.3391937017440796,0.33734825253486633,0.4,0.3225806451612903,0.0,55,0,1.0,0.9447852760736196,1.0,0.9447852760736196,0.6273500890560063,0.09803921568627451,0.09803921568627451,0.05014619883040934,0.05014619883040934,0.0,0.0,0.0,0.0,0.3710551525436516,0,False,0.0,0.0,0.0,2.870083811006574,0.0,0.0,2.870083811006574,1.4529058968961446,2.870083811006574,2.870083811006574,global,2
1131,1,1131,1,0.4036775827407837,0.4036775827407837,0.4923036992549896,0.44,0.3548387096774193,0.0,55,0,1.0,0.9447852760736196,1.0,0.9447852760736196,0.6900850979616069,0.02857142857142857,0.02857142857142857,0.8616028708133974,0.8616028708133974,0.0,0.0,0.0,0.0,0.2761301570576281,0,False,0.0,0.0,0.0,3.4034378821818825,0.0,0.0,3.4034378821818825,1.9862599680714528,3.4034378821818825,3.4034378821818825,global,0
1137,1,1137,1,0.7231829166412354,0.7231829166412354,0.7429373860359192,0.6,0.5483870967741935,0.0,55,0,1.0,0.9447852760736196,1.0,0.9447852760736196,1.0664951513952106,0.04477611940298507,0.04477611940298507,1.0,1.0,0.0,0.0,0.0,0.0,0.5023867939527309,0,True,0.16666666666666669,0.16666666666666669,0.16666666666666669,4.843214479157624,0.0,0.0,4.343214479157624,2.9260365650471947,4.343214479157624,4.343214479157624,global,6
1138,1,1138,1,0.4815528988838196,0.4815528988838196,0.5543961524963379,0.44,0.3870967741935484,0.0,55,0,1.0,0.9447852760736196,1.0,0.9447852760736196,0.7528201068672076,0.03508771929824561,0.03508771929824561,0.8616028708133974,0.8616028708133974,0.0,0.0,0.0,0.0,0.40053177924115163,0,True,0.08333333333333334,0.08333333333333334,0.08333333333333334,3.817574750783626,0.0,0.0,3.567574750783626,2.1503968366731967,3.567574750783626,3.567574750783626,global,0
1155,0,1155,0,0.3871282935142517,0.3871282935142517,0.36034995317459106,0.28,0.3548387096774193,0.0,16,0,1.0,0.24430563301728944,1.0,0.24430563301728944,0.44152780526419944,0.42857142857142855,0.42857142857142855,0.24006159014557663,0.24006159014557663,0.0,0.0,0.0,1.0,0.20987675579744222,0,True,0.33333333333333337,0.33333333333333337,0.33333333333333337,2.8488323255041954,0.0,0.0,1.8488323255041954,1.4823738759782612,1.8488323255041954,1.8488323255041954,global,3
1159,1,1159,1,0.9813383221626282,0.9813383221626282,0.9208471775054932,0.84,0.7741935483870968,0.0,55,0,1.0,0.9447852760736196,1.0,0.9447852760736196,1.5056402137344151,0.9193548387096774,0.9193548387096774,0.8505039193729003,0.8505039193729003,0.0,0.0,0.0,0.0,0.5231237334717734,0,True,0.25,0.25,0.25,5.922824748342707,0.0,0.0,5.172824748342707,3.755646834232278,5.172824748342707,5.172824748342707,global,7
1175,1,1175,1,0.41005003452301025,0.41005003452301025,0.4912298023700714,0.32,0.25806451612903225,0.0,55,0,1.0,0.9447852760736196,1.0,0.9447852760736196,0.501880071244805,0.15942028985507245,0.15942028985507245,0.8616028708133974,0.8616028708133974,0.0,0.0,0.0,0.0,0.4470917153961411,0,False,0.0,0.0,0.0,3.146275924012443,0.0,0.0,3.146275924012443,1.7290980099020137,3.146275924012443,3.146275924012443,global,0
1190,1,1190,1,0.26950398087501526,0.26950398087501526,0.28149741888046265,0.36,0.29032258064516125,0.0,55,0,1.0,0.9447852760736196,1.0,0.9447852760736196,0.5646150801504056,0.08108108108108109,0.08108108108108109,0.05014619883040934,0.05014619883040934,0.0,0.0,0.0,0.0,0.2746298475050606,0,False,0.0,0.0,0.0,2.680888313767487,0.0,0.0,2.680888313767487,1.2637103996570576,2.680888313767487,2.680888313767487,global,2
1197,1,1197,1,0.43219223618507385,0.43219223618507385,0.48512107133865356,0.4,0.3548387096774193,0.0,55,0,1.0,0.9447852760736196,1.0,0.9447852760736196,0.6900850979616069,0.0,0.0,1.0,1.0,0.0,0.0,0.0,0.0,0.2080587378677061,0,True,0.08333333333333334,0.08333333333333334,0.08333333333333334,3.685026743773639,0.0,0.0,3.435026743773639,2.0178488296632096,3.435026743773639,3.435026743773639,global,6
1198,0,1198,0,0.3421420454978943,0.3421420454978943,0.3246820867061615,0.28,0.3548387096774193,0.0,16,0,1.0,0.24430563301728944,1.0,0.24430563301728944,0.44152780526419944,0.5128205128205128,0.5128205128205128,0.0,0.0,0.0,0.0,0.0,1.0,0.2742307129969888,0,True,0.33333333333333337,0.33333333333333337,0.33333333333333337,2.712118719178185,0.0,0.0,1.7121187191781848,1.3456602696522506,1.7121187191781848,1.7121187191781848,global,8
12,1,12,1,0.7330463528633118,0.7330463528633118,0.7372826337814331,0.52,0.45161290322580644,0.0,55,0,1.0,0.9447852760736196,1.0,0.9447852760736196,0.8782901246784088,0.8444444444444444,0.8444444444444444,0.9268092105263157,0.9268092105263157,0.0,0.0,0.0,0.0,0.355207533575414,0,True,0.08333333333333334,0.08333333333333334,0.08333333333333334,4.246807668188474,0.0,0.0,3.996807668188474,2.5796297540780446,3.996807668188474,3.996807668188474,global,4
1209,0,1209,0,0.4623863995075226,0.4623863995075226,0.4637894928455353,0.2,0.3225806451612903,0.0,16,0,1.0,0.24430563301728944,1.0,0.24430563301728944,0.40138891387654496,0.4666666666666667,0.4666666666666667,0.8616028708133974,0.8616028708133974,0.0,0.0,0.0,1.0,0.11495885878850975,0,True,0.4166666666666667,0.4166666666666667,0.4166666666666667,3.2968179524977845,0.0,0.0,2.0468179524977845,1.6803595029718503,2.0468179524977845,2.0468179524977845,global,0
1215,0,1215,0,0.2551967203617096,0.2551967203617096,0.27205178141593933,0.2,0.3225806451612903,0.0,16,0,1.0,0.24430563301728944,1.0,0.24430563301728944,0.40138891387654496,0.8,0.8,0.24006159014557663,0.24006159014557663,0.0,0.0,0.0,1.0,0.05604646389993073,0,True,0.4166666666666667,0.4166666666666667,0.4166666666666667,2.80262185038065,0.0,0.0,1.5526218503806501,1.186163400854716,1.5526218503806501,1.5526218503806501,global,3
1216,1,1216,1,0.3782661259174347,0.3782661259174347,0.48386749625205994,0.36,0.3225806451612903,0.0,55,0,1.0,0.9447852760736196,1.0,0.9447852760736196,0.6273500890560063,0.06557377049180328,0.06557377049180328,0.6007775119617226,0.6007775119617226,0.0,0.0,0.0,0.0,0.4103339363038634,0,True,0.08333333333333334,0.08333333333333334,0.08333333333333334,3.398441042038978,0.0,0.0,3.148441042038978,1.7312631279285486,3.148441042038978,3.148441042038978,global,5
1228,0,1228,0,0.3268503248691559,0.3268503248691559,0.3254782557487488,0.4,0.5161290322580645,0.0,16,0,1.0,0.24430563301728944,1.0,0.24430563301728944,0.6422222622024719,0.3076923076923077,0.3076923076923077,0.05014619883040934,0.05014619883040934,0.0,0.0,0.0,1.0,0.2947601963017729,0,True,0.5,0.5,0.5,3.6736979322431242,0.0,0.0,2.1736979322431242,1.8072394827171903,2.1736979322431242,2.1736979322431242,global,2
1234,1,1234,1,0.6281865239143372,0.6281865239143372,0.6614682078361511,0.56,0.48387096774193544,0.0,55,0,1.0,0.9447852760736196,1.0,0.9447852760736196,0.9410251335840094,0.0,0.0,0.8616028708133974,0.8616028708133974,0.0,0.0,0.0,0.0,0.3256808492490372,0,True,0.08333333333333334,0.08333333333333334,0.08333333333333334,4.22597475890718,0.0,0.0,3.9759747589071797,2.5587968447967504,3.9759747589071797,3.9759747589071797,global,0
1235,1,1235,1,0.4649558663368225,0.4649558663368225,0.5124812126159668,0.36,0.3548387096774193,0.0,55,0,1.0,0.9447852760736196,1.0,0.9447852760736196,0.6900850979616069,0.9135802469135802,0.9135802469135802,0.8505039193729003,0.8505039193729003,0.0,0.0,0.0,0.0,0.5261887745653889,0,True,0.16666666666666669,0.16666666666666669,0.16666666666666669,3.9419286185907927,0.0,0.0,3.4419286185907927,2.0247507044803634,3.4419286185907927,3.4419286185907927,global,7
1237,1,1237,1,0.7244328856468201,0.7244328856468201,0.7549393773078918,0.64,0.5161290322580645,0.0,55,0,1.0,0.9447852760736196,1.0,0.9447852760736196,1.00376014248961,0.0759493670886076,0.0759493670886076,0.8616028708133974,0.8616028708133974,0.0,0.0,0.0,0.0,0.5716665321046481,0,False,0.0,0.0,0.0,4.2712836821821085,0.0,0.0,4.2712836821821085,2.854105768071679,4.2712836821821085,4.2712836821821085,global,0
1240,1,1240,1,0.26784375309944153,0.26784375309944153,0.25256824493408203,0.2,0.16129032258064516,0.0,55,0,1.0,0.9447852760736196,1.0,0.9447852760736196,0.31367504452800316,0.23529411764705882,0.23529411764705882,0.0,0.0,0.0,0.0,0.0,0.0,0.1277412713966006,0,False,0.0,0.0,0.0,2.192355943170253,0.0,0.0,2.192355943170253,0.7751780290598237,2.192355943170253,2.192355943170253,global,9
1245,1,1245,1,0.41414570808410645,0.41414570808410645,0.4960004985332489,0.4,0.3225806451612903,0.0,55,0,1.0,0.9447852760736196,1.0,0.9447852760736196,0.6273500890560063,0.09375,0.09375,0.6007775119617226,0.6007775119617226,0.0,0.0,0.0,0.0,0.2527328911529592,0,False,0.0,0.0,0.0,3.1698643942270444,0.0,0.0,3.1698643942270444,1.7526864801166149,3.1698643942270444,3.1698643942270444,global,5
1261,1,1261,1,0.13511347770690918,0.13511347770690918,0.2449052929878235,0.04,0.03225806451612903,0.0,55,0,1.0,0.9447852760736196,1.0,0.9447852760736196,0.06273500890560063,0.9285714285714286,0.9285714285714286,0.8505039193729003,0.8505039193729003,0.0,0.0,0.0,0.0,0.07256954194555962,0,False,0.0,0.0,0.0,2.076807647578333,0.0,0.0,2.076807647578333,0.6596297334679034,2.076807647578333,2.076807647578333,global,7
1264,1,1264,1,0.3514440655708313,0.3514440655708313,0.4364904761314392,0.28,0.25806451612903225,0.0,55,0,1.0,0.9447852760736196,1.0,0.9447852760736196,0.501880071244805,0.0,0.0,0.6007775119617226,0.6007775119617226,0.0,0.0,0.0,0.0,0.18756746743112093,0,True,0.08333333333333334,0.08333333333333334,0.08333333333333334,3.1011211950353568,0.0,0.0,2.8511211950353568,1.4339432809249273,2.8511211950353568,2.8511211950353568,global,5
1267,1,1267,1,0.40619608759880066,0.40619608759880066,0.4862867295742035,0.28,0.22580645161290322,0.0,55,0,1.0,0.9447852760736196,1.0,0.9447852760736196,0.4391450623392044,0.08450704225352113,0.08450704225352113,0.8616028708133974,0.8616028708133974,0.0,0.0,0.0,0.0,0.44877672919720435,0,False,0.0,0.0,0.0,3.0391821415811364,0.0,0.0,3.0391821415811364,1.6220042274707072,3.0391821415811364,3.0391821415811364,global,0
1291,1,1291,1,0.539584219455719,0.539584219455719,0.6226224899291992,0.4,0.3548387096774193,0.0,55,0,1.0,0.9447852760736196,1.0,0.9447852760736196,0.6900850979616069,0.9375,0.9375,0.9268092105263157,0.9268092105263157,0.0,0.0,0.0,0.0,0.5241075928365511,0,True,0.08333333333333334,0.08333333333333334,0.08333333333333334,3.8291595921439665,0.0,0.0,3.5791595921439665,2.1619816780335372,3.5791595921439665,3.5791595921439665,global,4
13,1,13,1,0.5176641345024109,0.5176641345024109,0.49402347207069397,0.32,0.3225806451612903,0.0,55,0,1.0,0.9447852760736196,1.0,0.9447852760736196,0.6273500890560063,0.8148148148148148,0.8148148148148148,0.49644736842105247,0.49644736842105247,0.0,0.0,0.0,0.0,0.2125413350879011,0,True,0.16666666666666669,0.16666666666666669,0.16666666666666669,3.608456596771836,0.0,0.0,3.108456596771836,1.6912786826614061,3.108456596771836,3.108456596771836,global,1
1315,1,1315,1,0.6295697093009949,0.6295697093009949,0.6846806406974792,0.56,0.5806451612903225,0.0,55,0,1.0,0.9447852760736196,1.0,0.9447852760736196,1.1292301603008112,0.16379310344827586,0.16379310344827586,0.6007775119617226,0.6007775119617226,0.0,0.0,0.0,0.0,0.7810967890975603,0,True,0.33333333333333337,0.33333333333333337,0.33333333333333337,5.176841796842,0.0,0.0,4.176841796842,2.7596638827315703,4.176841796842,4.176841796842,global,5
1318,1,1318,1,0.5930561423301697,0.5930561423301697,0.6398009657859802,0.52,0.5161290322580645,0.0,55,0,1.0,0.9447852760736196,1.0,0.9447852760736196,1.00376014248961,0.06451612903225806,0.06451612903225806,0.8616028708133974,0.8616028708133974,0.0,0.0,0.0,0.0,0.4505971158208447,0,True,0.25,0.25,0.25,4.759861462643647,0.0,0.0,4.009861462643647,2.592683548533217,4.009861462643647,4.009861462643647,global,0
1324,1,1324,1,0.8444386124610901,0.8444386124610901,0.8655139207839966,0.76,0.6451612903225806,0.0,55,0,1.0,0.9447852760736196,1.0,0.9447852760736196,1.2547001781120126,0.05263157894736842,0.05263157894736842,0.8616028708133974,0.8616028708133974,0.0,0.0,0.0,0.0,0.694163781997103,0,True,0.08333333333333334,0.08333333333333334,0.08333333333333334,5.032101954730292,0.0,0.0,4.782101954730292,3.364924040619863,4.782101954730292,4.782101954730292,global,0
1326,0,1326,0,0.4089140295982361,0.4089140295982361,0.3878025710582733,0.36,0.48387096774193544,0.0,16,0,1.0,0.24430563301728944,1.0,0.24430563301728944,0.6020833708148174,0.5185185185185185,0.5185185185185185,0.0,0.0,0.0,0.0,0.0,1.0,0.22231868742743588,0,True,0.5,0.5,0.5,3.588027214916625,0.0,0.0,2.088027214916625,1.7215687653906906,2.088027214916625,2.088027214916625,global,9
1335,1,1335,1,0.7683038115501404,0.7683038115501404,0.8371459245681763,0.68,0.6129032258064516,0.0,55,0,1.0,0.9447852760736196,1.0,0.9447852760736196,1.191965169206412,0.10596026490066225,0.10596026490066225,0.8616028708133974,0.8616028708133974,0.0,0.0,0.0,0.0,1.0,0,True,0.16666666666666669,0.16666666666666669,0.16666666666666669,5.168428850370144,0.0,0.0,4.668428850370144,3.251250936259714,4.668428850370144,4.668428850370144,global,0
1336,1,1336,1,0.4545002281665802,0.4545002281665802,0.5026957988739014,0.36,0.3548387096774193,0.0,55,0,1.0,0.9447852760736196,1.0,0.9447852760736196,0.6900850979616069,0.0625,0.0625,0.6007775119617226,0.6007775119617226,0.0,0.0,0.0,0.0,0.15423928202097442,0,True,0.16666666666666669,0.16666666666666669,0.16666666666666669,3.6971160565856858,0.0,0.0,3.1971160565856858,1.7799381424752565,3.1971160565856858,3.1971160565856858,global,5
134,1,134,1,0.4013388752937317,0.4013388752937317,0.3615896999835968,0.32,0.29032258064516125,0.0,55,0,1.0,0.9447852760736196,1.0,0.9447852760736196,0.5646150801504056,0.8695652173913043,0.8695652173913043,0.0,0.0,0.0,0.0,0.0,0.0,0.1886255887196523,0,True,0.08333333333333334,0.08333333333333334,0.08333333333333334,2.945481852251633,0.0,0.0,2.695481852251633,1.2783039381412036,2.695481852251633,2.695481852251633,global,8
1348,1,1348,1,0.40192174911499023,0.40192174911499023,0.4318588972091675,0.24,0.1935483870967742,0.0,55,0,1.0,0.9447852760736196,1.0,0.9447852760736196,0.3764100534336038,0.92,0.92,0.49644736842105247,0.49644736842105247,0.0,0.0,0.0,0.0,0.17735453614286656,0,False,0.0,0.0,0.0,2.6672421326493563,0.0,0.0,2.6672421326493563,1.2500642185389268,2.6672421326493563,2.6672421326493563,global,1
135,1,135,1,0.22200442850589752,0.22200442850589752,0.2449875921010971,0.16,0.12903225806451613,0.0,55,0,1.0,0.9447852760736196,1.0,0.9447852760736196,0.2509400356224025,0.0,0.0,0.24006159014557663,0.24006159014557663,0.0,0.0,0.0,0.0,0.08784583119693162,0,False,0.0,0.0,0.0,2.1592305174760478,0.0,0.0,2.1592305174760478,0.7420526033656182,2.1592305174760478,2.1592305174760478,global,3
1424,1,1424,1,0.5462831258773804,0.5462831258773804,0.5654392838478088,0.4,0.3548387096774193,0.0,55,0,1.0,0.9447852760736196,1.0,0.9447852760736196,0.6900850979616069,0.8714285714285714,0.8714285714285714,0.49644736842105247,0.49644736842105247,0.0,0.0,0.0,0.0,0.4708840044925467,0,True,0.08333333333333334,0.08333333333333334,0.08333333333333334,3.6033707197254627,0.0,0.0,3.3533707197254627,1.9361928056150333,3.3533707197254627,3.3533707197254627,global,1
1448,1,1448,1,0.6887602806091309,0.6887602806091309,0.7446538805961609,0.52,0.4193548387096774,0.0,55,0,1.0,0.9447852760736196,1.0,0.9447852760736196,0.8155551157728081,0.9158878504672897,0.9158878504672897,0.9268092105263157,0.9268092105263157,0.0,0.0,0.0,0.0,0.7165784566653528,0,False,0.0,0.0,0.0,4.005273958279853,0.0,0.0,4.005273958279853,2.588096044169423,4.005273958279853,4.005273958279853,global,4
1477,0,1477,0,0.5722711086273193,0.5722711086273193,0.5703144073486328,0.28,0.3548387096774193,0.0,16,0,1.0,0.24430563301728944,1.0,0.24430563301728944,0.44152780526419944,0.5,0.5,0.9268092105263157,0.9268092105263157,0.0,0.0,0.0,1.0,0.17508293899143057,0,True,0.33333333333333337,0.33333333333333337,0.33333333333333337,3.3298822427432153,0.0,0.0,2.3298822427432153,1.963423793217281,2.3298822427432153,2.3298822427432153,global,4
1494,0,1494,0,0.4896770715713501,0.4896770715713501,0.5078102946281433,0.32,0.3548387096774193,0.0,16,0,1.0,0.24430563301728944,1.0,0.24430563301728944,0.44152780526419944,0.7611940298507462,0.7611940298507462,0.49644736842105247,0.49644736842105247,0.0,0.0,0.0,1.0,0.4425892634002723,0,True,0.25,0.25,0.25,2.918877989368461,0.0,0.0,2.168877989368461,1.802419539842527,2.168877989368461,2.168877989368461,global,1
1499,1,1499,1,0.643549382686615,0.643549382686615,0.6565194129943848,0.52,0.45161290322580644,0.0,55,0,1.0,0.9447852760736196,1.0,0.9447852760736196,0.8782901246784088,0.05128205128205128,0.05128205128205128,0.6007775119617226,0.6007775119617226,0.0,0.0,0.0,0.0,0.32342690384960127,0,True,0.08333333333333334,0.08333333333333334,0.08333333333333334,4.002660053847077,0.0,0.0,3.7526600538470767,2.335482139736647,3.7526600538470767,3.7526600538470767,global,5
1506,0,1506,0,0.5449154376983643,0.5449154376983643,0.5389126539230347,0.32,0.48387096774193544,0.0,16,0,1.0,0.24430563301728944,1.0,0.24430563301728944,0.6020833708148174,0.5555555555555556,0.5555555555555556,0.9268092105263157,0.9268092105263157,0.0,0.0,0.0,1.0,0.10536444225113087,0,True,0.5833333333333334,0.5833333333333334,0.5833333333333334,4.335146673106994,0.0,0.0,2.5851466731069936,2.2186882235810597,2.5851466731069936,2.5851466731069936,global,4
1512,1,1512,1,0.30363062024116516,0.30363062024116516,0.3050024211406708,0.24,0.1935483870967742,0.0,55,0,1.0,0.9447852760736196,1.0,0.9447852760736196,0.3764100534336038,0.0,0.0,0.0,0.0,0.0,0.0,0.0,0.0,0.08645171124979452,0,False,0.0,0.0,0.0,2.3131146978718484,0.0,0.0,2.3131146978718484,0.8959367837614189,2.3131146978718484,2.3131146978718484,global,9
1520,1,1520,1,0.3127361834049225,0.3127361834049225,0.27641046047210693,0.28,0.22580645161290322,0.0,55,0,1.0,0.9447852760736196,1.0,0.9447852760736196,0.4391450623392044,0.76,0.76,0.0,0.0,0.0,0.0,0.0,0.0,0.19591392469950897,0,False,0.0,0.0,0.0,2.4577539414700267,0.0,0.0,2.4577539414700267,1.0405760273595972,2.4577539414700267,2.4577539414700267,global,8
1528,1,1528,1,0.36166244745254517,0.36166244745254517,0.4282898008823395,0.24,0.1935483870967742,0.0,55,0,1.0,0.9447852760736196,1.0,0.9447852760736196,0.3764100534336038,0.9583333333333334,0.9583333333333334,0.49644736842105247,0.49644736842105247,0.0,0.0,0.0,0.0,0.1726959539032168,0,False,0.0,0.0,0.0,2.633637116647505,0.0,0.0,2.633637116647505,1.2164592025370757,2.633637116647505,2.633637116647505,global,1
1540,1,1540,1,0.3313102126121521,0.3313102126121521,0.3956522047519684,0.2,0.16129032258064516,0.0,55,0,1.0,0.9447852760736196,1.0,0.9447852760736196,0.31367504452800316,1.0,1.0,0.49644736842105247,0.49644736842105247,0.0,0.0,0.0,0.0,0.147103711850758,0,False,0.0,0.0,0.0,2.4971615271271954,0.0,0.0,2.4971615271271954,1.0799836130167657,2.4971615271271954,2.4971615271271954,global,1
1550,0,1550,0,0.4446708858013153,0.4446708858013153,0.48694896697998047,0.28,0.3870967741935484,0.0,16,0,1.0,0.24430563301728944,1.0,0.24430563301728944,0.48166669665185396,0.35714285714285715,0.35714285714285715,0.8616028708133974,0.8616028708133974,0.0,0.0,0.0,1.0,0.20660064168857917,0,True,0.4166666666666667,0.4166666666666667,0.4166666666666667,3.5191703344673555,0.0,0.0,2.2691703344673555,1.9027118849414215,2.2691703344673555,2.2691703344673555,global,0
1561,1,1561,1,0.20032823085784912,0.20032823085784912,0.3108813166618347,0.2,0.16129032258064516,0.0,55,0,1.0,0.9447852760736196,1.0,0.9447852760736196,0.31367504452800316,1.0,1.0,0.9268092105263157,0.9268092105263157,0.0,0.0,0.0,0.0,0.043308326770563885,0,False,0.0,0.0,0.0,2.576418247252326,0.0,0.0,2.576418247252326,1.1592403331418966,2.576418247252326,2.576418247252326,global,4
1587,1,1587,1,0.38773050904273987,0.38773050904273987,0.38638755679130554,0.4,0.3548387096774193,0.0,55,0,1.0,0.9447852760736196,1.0,0.9447852760736196,0.6900850979616069,0.08333333333333333,0.08333333333333333,0.0,0.0,0.0,0.0,0.0,0.0,0.2078730175539127,0,True,0.08333333333333334,0.08333333333333334,0.08333333333333334,3.149401645965634,0.0,0.0,2.899401645965634,1.4822237318552043,2.899401645965634,2.899401645965634,global,9
1593,1,1593,1,0.5286068916320801,0.5286068916320801,0.5955488085746765,0.36,0.3548387096774193,0.0,55,0,1.0,0.9447852760736196,1.0,0.9447852760736196,0.6900850979616069,0.9393939393939394,0.9393939393939394,0.9268092105263157,0.9268092105263157,0.0,0.0,0.0,0.0,0.4415111032942684,0,True,0.16666666666666669,0.16666666666666669,0.16666666666666669,4.0055987830223705,0.0,0.0,3.5055987830223705,2.0884208689119412,3.5055987830223705,3.5055987830223705,global,4
1595,0,1595,0,0.4181864261627197,0.4181864261627197,0.44072896242141724,0.24,0.29032258064516125,0.0,16,0,1.0,0.24430563301728944,1.0,0.24430563301728944,0.36125002248889043,0.6610169491525424,0.6610169491525424,0.49644736842105247,0.49644736842105247,0.0,0.0,0.0,1.0,0.3780731788359889,0,True,0.25,0.25,0.25,2.6332983896077558,0.0,0.0,1.8832983896077555,1.5168399400818213,1.8832983896077555,1.8832983896077555,global,1
16,0,16,0,0.24005462229251862,0.24005462229251862,0.22636212408542633,0.16,0.22580645161290322,0.0,16,0,1.0,0.24430563301728944,1.0,0.24430563301728944,0.2809722397135815,0.7352941176470589,0.7352941176470589,0.0,0.0,0.0,0.0,0.0,1.0,0.23089446617832826,0,True,0.25,0.25,0.25,1.989383390439254,0.0,0.0,1.239383390439254,0.8729249409133198,1.239383390439254,1.239383390439254,global,8
1616,1,1616,1,0.5250258445739746,0.5250258445739746,0.47615745663642883,0.6,0.5161290322580645,0.0,55,0,1.0,0.9447852760736196,1.0,0.9447852760736196,1.00376014248961,0.075,0.075,0.05014619883040934,0.05014619883040934,0.0,0.0,0.0,0.0,0.348842343287815,0,True,0.08333333333333334,0.08333333333333334,0.08333333333333334,3.849182456687288,0.0,0.0,3.599182456687288,2.182004542576858,3.599182456687288,3.599182456687288,global,2
1625,1,1625,1,0.548704981803894,0.548704981803894,0.5475276708602905,0.6,0.5483870967741935,0.0,55,0,1.0,0.9447852760736196,1.0,0.9447852760736196,1.0664951513952106,0.11764705882352941,0.11764705882352941,0.0,0.0,0.0,0.0,0.0,0.0,0.7063157659893528,0,True,0.16666666666666669,0.16666666666666669,0.16666666666666669,4.264810822898737,0.0,0.0,3.7648108228987374,2.347632908788308,3.7648108228987374,3.7648108228987374,global,9
1628,1,1628,1,0.6241241097450256,0.6241241097450256,0.6483123302459717,0.52,0.5161290322580645,0.0,55,0,1.0,0.9447852760736196,1.0,0.9447852760736196,1.00376014248961,0.826530612244898,0.826530612244898,0.49644736842105247,0.49644736842105247,0.0,0.0,0.0,0.0,0.6577873772441858,0,True,0.25,0.25,0.25,4.664295163806361,0.0,0.0,3.9142951638063614,2.4971172496959317,3.9142951638063614,3.9142951638063614,global,1
1650,0,1650,0,0.391589492559433,0.391589492559433,0.4309012293815613,0.12,0.1935483870967742,0.0,16,0,1.0,0.24430563301728944,1.0,0.24430563301728944,0.24083334832592698,0.45,0.45,1.0,1.0,0.0,0.0,0.0,1.0,0.12651343374200244,0,True,0.25,0.25,0.25,2.4747808478896296,0.0,0.0,1.7247808478896296,1.3583223983636954,1.7247808478896296,1.7247808478896296,global,6
1674,0,1674,0,0.2799831032752991,0.2799831032752991,0.2661804258823395,0.16,0.22580645161290322,0.0,16,0,1.0,0.24430563301728944,1.0,0.24430563301728944,0.2809722397135815,0.6060606060606061,0.6060606060606061,0.0,0.0,0.0,0.0,0.0,1.0,0.21420503975520483,0,True,0.25,0.25,0.25,2.0163193472985412,0.0,0.0,1.2663193472985415,0.8998608977726072,1.2663193472985415,1.2663193472985415,global,8
1682,1,1682,1,0.43140050768852234,0.43140050768852234,0.47756725549697876,0.28,0.22580645161290322,0.0,55,0,1.0,0.9447852760736196,1.0,0.9447852760736196,0.4391450623392044,1.0,1.0,0.9268092105263157,0.9268092105263157,0.0,0.0,0.0,0.0,0.08411249066283515,0,False,0.0,0.0,0.0,2.9825495759490623,0.0,0.0,2.9825495759490623,1.5653716618386329,2.9825495759490623,2.9825495759490623,global,4
1691,1,1691,1,0.4840485155582428,0.4840485155582428,0.4445042610168457,0.56,0.45161290322580644,0.0,55,0,1.0,0.9447852760736196,1.0,0.9447852760736196,0.8782901246784088,0.11764705882352941,0.11764705882352941,0.0,0.0,0.0,0.0,0.0,0.0,0.3011860707324995,0,False,0.0,0.0,0.0,3.3579983542283864,0.0,0.0,3.3579983542283864,1.940820440117957,3.3579983542283864,3.3579983542283864,global,9
1714,1,1714,1,0.21897819638252258,0.21897819638252258,0.23082710802555084,0.2,0.16129032258064516,0.0,55,0,1.0,0.9447852760736196,1.0,0.9447852760736196,0.31367504452800316,0.07407407407407407,0.07407407407407407,0.05014619883040934,0.05014619883040934,0.0,0.0,0.0,0.0,0.18395089337416257,0,False,0.0,0.0,0.0,2.195199483805191,0.0,0.0,2.195199483805191,0.7780215696947618,2.195199483805191,2.195199483805191,global,2
1718,1,1718,1,0.23617342114448547,0.23617342114448547,0.25080621242523193,0.2,0.1935483870967742,0.0,55,0,1.0,0.9447852760736196,1.0,0.9447852760736196,0.3764100534336038,0.13636363636363635,0.13636363636363635,0.05014619883040934,0.05014619883040934,0.0,0.0,0.0,0.0,0.2823287229698997,0,True,0.08333333333333334,0.08333333333333334,0.08333333333333334,2.552985141525741,0.0,0.0,2.302985141525741,0.8858072274153114,2.302985141525741,2.302985141525741,global,2
1729,1,1729,1,0.47285565733909607,0.47285565733909607,0.512977123260498,0.36,0.29032258064516125,0.0,55,0,1.0,0.9447852760736196,1.0,0.9447852760736196,0.5646150801504056,0.875,0.875,0.49644736842105247,0.49644736842105247,0.0,0.0,0.0,0.0,0.3342454015570404,0,False,0.0,0.0,0.0,3.0846049059496674,0.0,0.0,3.0846049059496674,1.667426991839238,3.0846049059496674,3.0846049059496674,global,1
1771,1,1771,1,0.3581175208091736,0.3581175208091736,0.3762882947921753,0.24,0.22580645161290322,0.0,55,0,1.0,0.9447852760736196,1.0,0.9447852760736196,0.4391450623392044,0.9428571428571428,0.9428571428571428,0.8505039193729003,0.8505039193729003,0.0,0.0,0.0,0.0,0.24400392880330635,0,True,0.08333333333333334,0.08333333333333334,0.08333333333333334,3.143737972311017,0.0,0.0,2.893737972311017,1.4765600582005873,2.893737972311017,2.893737972311017,global,7
1792,1,1792,1,0.7745276093482971,0.7745276093482971,0.7842100262641907,0.68,0.5806451612903225,0.0,55,0,1.0,0.9447852760736196,1.0,0.9447852760736196,1.1292301603008112,0.018518518518518517,0.018518518518518517,0.8616028708133974,0.8616028708133974,0.0,0.0,0.0,0.0,0.44113932484336155,0,True,0.08333333333333334,0.08333333333333334,0.08333333333333334,4.6912335570294195,0.0,0.0,4.4412335570294195,3.02405564291899,4.4412335570294195,4.4412335570294195,global,0
1795,1,1795,1,0.3593323230743408,0.3593323230743408,0.35645732283592224,0.24,0.22580645161290322,0.0,55,0,1.0,0.9447852760736196,1.0,0.9447852760736196,0.4391450623392044,0.06666666666666667,0.06666666666666667,0.24006159014557663,0.24006159014557663,0.0,0.0,0.0,0.0,0.12120515301385777,0,True,0.08333333333333334,0.08333333333333334,0.08333333333333334,2.802649016772654,0.0,0.0,2.552649016772654,1.1354711026622248,2.552649016772654,2.552649016772654,global,3
180,1,180,1,0.30735817551612854,0.30735817551612854,0.3304661810398102,0.4,0.3225806451612903,0.0,55,0,1.0,0.9447852760736196,1.0,0.9447852760736196,0.6273500890560063,0.10204081632653061,0.10204081632653061,0.0,0.0,0.0,0.0,0.0,0.0,0.35107569853418885,0,False,0.0,0.0,0.0,2.8135484544061695,0.0,0.0,2.8135484544061695,1.39637054029574,2.8135484544061695,2.8135484544061695,global,9
1809,1,1809,1,0.5930715203285217,0.5930715203285217,0.633117139339447,0.56,0.45161290322580644,0.0,55,0,1.0,0.9447852760736196,1.0,0.9447852760736196,0.8782901246784088,0.027777777777777776,0.027777777777777776,1.0,1.0,0.0,0.0,0.0,0.0,0.30995770744827694,0,False,0.0,0.0,0.0,3.9478482490593425,0.0,0.0,3.9478482490593425,2.5306703349489132,3.9478482490593425,3.9478482490593425,global,6
1822,0,1822,0,0.622188925743103,0.622188925743103,0.6096358895301819,0.4,0.6129032258064516,0.0,16,0,1.0,0.24430563301728944,1.0,0.24430563301728944,0.7626389363654354,0.5294117647058824,0.5294117647058824,0.8616028708133974,0.8616028708133974,0.0,0.0,0.0,1.0,0.1704232147634816,0,True,0.75,0.75,0.75,5.221944441569063,0.0,0.0,2.971944441569063,2.605485992043129,2.971944441569063,2.971944441569063,global,0
1847,1,1847,1,0.5896351933479309,0.5896351933479309,0.6248300671577454,0.52,0.48387096774193544,0.0,55,0,1.0,0.9447852760736196,1.0,0.9447852760736196,0.9410251335840094,0.1,0.1,0.6007775119617226,0.6007775119617226,0.0,0.0,0.0,0.0,0.4444987455328921,0,True,0.16666666666666669,0.16666666666666669,0.16666666666666669,4.310366383913374,0.0,0.0,3.810366383913374,2.393188469802945,3.810366383913374,3.810366383913374,global,5
1849,1,1849,1,0.8331836462020874,0.8331836462020874,0.8570764660835266,0.68,0.6129032258064516,0.0,55,0,1.0,0.9447852760736196,1.0,0.9447852760736196,1.191965169206412,0.9420289855072463,0.9420289855072463,0.9268092105263157,0.9268092105263157,0.0,0.0,0.0,0.0,0.5269812731587165,0,True,0.16666666666666669,0.16666666666666669,0.16666666666666669,5.1110302698957755,0.0,0.0,4.6110302698957755,3.193852355785346,4.6110302698957755,4.6110302698957755,global,4
1875,1,1875,1,0.231497123837471,0.231497123837471,0.2544225752353668,0.24,0.1935483870967742,0.0,55,0,1.0,0.9447852760736196,1.0,0.9447852760736196,0.3764100534336038,0.16129032258064516,0.16129032258064516,0.0,0.0,0.0,0.0,0.0,0.0,0.21741492561004816,0,False,0.0,0.0,0.0,2.2946968650569692,0.0,0.0,2.2946968650569692,0.8775189509465396,2.2946968650569692,2.2946968650569692,global,9
1897,1,1897,1,0.5511913895606995,0.5511913895606995,0.5508333444595337,0.52,0.45161290322580644,0.0,55,0,1.0,0.9447852760736196,1.0,0.9447852760736196,0.8782901246784088,0.1232876712328767,0.1232876712328767,0.24006159014557663,0.24006159014557663,0.0,0.0,0.0,0.0,0.5160959216971428,0,True,0.08333333333333334,0.08333333333333334,0.08333333333333334,3.8062164037925337,0.0,0.0,3.5562164037925337,2.139038489682104,3.5562164037925337,3.5562164037925337,global,3
1901,1,1901,1,0.3236475884914398,0.3236475884914398,0.4107930362224579,0.24,0.1935483870967742,0.0,55,0,1.0,0.9447852760736196,1.0,0.9447852760736196,0.3764100534336038,0.058823529411764705,0.058823529411764705,1.0,1.0,0.0,0.0,0.0,0.0,0.23115940535441462,0,False,0.0,0.0,0.0,2.872540580703454,0.0,0.0,2.872540580703454,1.4553626665930246,2.872540580703454,2.872540580703454,global,6
1931,1,1931,1,0.5432455539703369,0.5432455539703369,0.5748039484024048,0.44,0.3870967741935484,0.0,55,0,1.0,0.9447852760736196,1.0,0.9447852760736196,0.7528201068672076,0.029411764705882353,0.029411764705882353,1.0,1.0,0.0,0.0,0.0,0.0,0.27487370650546583,0,True,0.08333333333333334,0.08333333333333334,0.08333333333333334,3.8984300176254356,0.0,0.0,3.6484300176254356,2.231252103515006,3.6484300176254356,3.6484300176254356,global,6
1938,1,1938,1,0.2289099544286728,0.2289099544286728,0.29990777373313904,0.2,0.16129032258064516,0.0,55,0,1.0,0.9447852760736196,1.0,0.9447852760736196,0.31367504452800316,1.0,1.0,0.8505039193729003,0.8505039193729003,0.0,0.0,0.0,0.0,0.12526520159928317,0,False,0.0,0.0,0.0,2.5857180429808935,0.0,0.0,2.5857180429808935,1.1685401288704638,2.5857180429808935,2.5857180429808935,global,7
1942,1,1942,1,0.3988606035709381,0.3988606035709381,0.4902389645576477,0.28,0.25806451612903225,0.0,55,0,1.0,0.9447852760736196,1.0,0.9447852760736196,0.501880071244805,0.918918918918919,0.918918918918919,0.9268092105263157,0.9268092105263157,0.0,0.0,0.0,0.0,0.2546121033818544,0,True,0.08333333333333334,0.08333333333333334,0.08333333333333334,3.322183665502959,0.0,0.0,3.072183665502959,1.6550057513925294,3.072183665502959,3.072183665502959,global,4
1967,1,1967,1,0.2776515483856201,0.2776515483856201,0.3549358546733856,0.12,0.0967741935483871,0.0,55,0,1.0,0.9447852760736196,1.0,0.9447852760736196,0.1882050267168019,0.0,0.0,1.0,1.0,0.0,0.0,0.0,0.0,0.03237467044301731,0,False,0.0,0.0,0.0,2.462559941048605,0.0,0.0,2.462559941048605,1.0453820269381755,2.462559941048605,2.462559941048605,global,6
1971,1,1971,1,0.41618913412094116,0.41618913412094116,0.4391520321369171,0.16,0.12903225806451613,0.0,55,0,1.0,0.9447852760736196,1.0,0.9447852760736196,0.2509400356224025,0.7741935483870968,0.7741935483870968,0.9268092105263157,0.9268092105263157,0.0,0.0,0.0,0.0,0.2018425315991696,0,False,0.0,0.0,0.0,2.6921511022791234,0.0,0.0,2.6921511022791234,1.2749731881686939,2.6921511022791234,2.6921511022791234,global,4
1973,1,1973,1,0.536256730556488,0.536256730556488,0.5476778149604797,0.28,0.25806451612903225,0.0,55,0,1.0,0.9447852760736196,1.0,0.9447852760736196,0.501880071244805,0.19047619047619047,0.19047619047619047,1.0,1.0,0.0,0.0,0.0,0.0,0.16642202926516547,0,True,0.08333333333333334,0.08333333333333334,0.08333333333333334,3.442238939593234,0.0,0.0,3.192238939593234,1.7750610254828045,3.192238939593234,3.192238939593234,global,6
1978,0,1978,0,0.37402912974357605,0.37402912974357605,0.3734038770198822,0.12,0.16129032258064516,0.0,16,0,1.0,0.24430563301728944,1.0,0.24430563301728944,0.20069445693827248,0.25,0.25,0.8505039193729003,0.8505039193729003,0.0,0.0,0.0,1.0,0.08109761513657969,0,True,0.16666666666666669,0.16666666666666669,0.16666666666666669,2.0578436427095097,0.0,0.0,1.5578436427095095,1.1913851931835753,1.5578436427095095,1.5578436427095095,global,7
1984,1,1984,1,0.15615899860858917,0.15615899860858917,0.14836452901363373,0.16,0.12903225806451613,0.0,55,0,1.0,0.9447852760736196,1.0,0.9447852760736196,0.2509400356224025,0.0,0.0,0.0,0.0,0.0,0.0,0.0,0.0,0.03157207357224063,0,False,0.0,0.0,0.0,1.9696412511980053,0.0,0.0,1.9696412511980053,0.5524633370875758,1.9696412511980053,1.9696412511980053,global,8
1985,0,1985,0,0.41230612993240356,0.41230612993240356,0.42401066422462463,0.2,0.3225806451612903,0.0,16,0,1.0,0.24430563301728944,1.0,0.24430563301728944,0.40138891387654496,0.8333333333333334,0.8333333333333334,0.49644736842105247,0.49644736842105247,0.0,0.0,0.0,1.0,0.06083979927166686,0,True,0.4166666666666667,0.4166666666666667,0.4166666666666667,3.057940267786464,0.0,0.0,1.807940267786464,1.4414818182605298,1.807940267786464,1.807940267786464,global,1
1999,1,1999,1,0.29426804184913635,0.29426804184913635,0.39086636900901794,0.16,0.12903225806451613,0.0,55,0,1.0,0.9447852760736196,1.0,0.9447852760736196,0.2509400356224025,0.0,0.0,0.8616028708133974,0.8616028708133974,0.0,0.0,0.0,0.0,0.07980420975511368,0,False,0.0,0.0,0.0,2.5253995620520033,0.0,0.0,2.5253995620520033,1.108221647941574,2.5253995620520033,2.5253995620520033,global,0
20,1,20,1,0.44481268525123596,0.44481268525123596,0.42031508684158325,0.48,0.3870967741935484,0.0,55,0,1.0,0.9447852760736196,1.0,0.9447852760736196,0.7528201068672076,0.2698412698412698,0.2698412698412698,0.05014619883040934,0.05014619883040934,0.0,0.0,0.0,0.0,0.4592842551537852,0,False,0.0,0.0,0.0,3.190079986659855,0.0,0.0,3.190079986659855,1.7729020725494258,3.190079986659855,3.190079986659855,global,2
2014,0,2014,0,0.47195443511009216,0.47195443511009216,0.39900854229927063,0.24,0.3870967741935484,0.0,16,0,1.0,0.24430563301728944,1.0,0.24430563301728944,0.48166669665185396,0.0,0.0,0.0,0.0,0.0,0.0,0.0,1.0,0.034782608695652174,0,True,0.5,0.5,0.5,3.2686503286098003,0.0,0.0,1.7686503286098003,1.402191879083866,1.7686503286098003,1.7686503286098003,global,10
2016,0,2016,0,0.4396115839481354,0.4396115839481354,0.47756078839302063,0.32,0.3548387096774193,0.0,16,0,1.0,0.24430563301728944,1.0,0.24430563301728944,0.44152780526419944,0.10344827586206896,0.10344827586206896,0.8616028708133974,0.8616028708133974,0.0,0.0,0.0,1.0,0.21772965788397708,0,True,0.25,0.25,0.25,2.9939454688111726,0.0,0.0,2.2439454688111726,1.8774870192852386,2.2439454688111726,2.2439454688111726,global,0
205,1,205,1,0.4860242009162903,0.4860242009162903,0.5163416862487793,0.32,0.25806451612903225,0.0,55,0,1.0,0.9447852760736196,1.0,0.9447852760736196,0.501880071244805,0.9101123595505618,0.9101123595505618,0.49644736842105247,0.49644736842105247,0.0,0.0,0.0,0.0,0.563061288535882,0,False,0.0,0.0,0.0,3.059268377872817,0.0,0.0,3.059268377872817,1.6420904637623877,3.059268377872817,3.059268377872817,global,1
2053,0,2053,0,0.3047453761100769,0.3047453761100769,0.2766761779785156,0.24,0.3548387096774193,0.0,16,0,1.0,0.24430563301728944,1.0,0.24430563301728944,0.44152780526419944,0.6818181818181818,0.6818181818181818,0.0,0.0,0.0,0.0,0.0,1.0,0.16744661182981888,0,True,0.4166666666666667,0.4166666666666667,0.4166666666666667,2.8601661533177802,0.0,0.0,1.61016615331778,1.2437077037918458,1.61016615331778,1.61016615331778,global,8
2055,0,2055,0,0.2648810148239136,0.2648810148239136,0.3388912081718445,0.16,0.22580645161290322,0.0,16,0,1.0,0.24430563301728944,1.0,0.24430563301728944,0.2809722397135815,0.7142857142857143,0.7142857142857143,0.6007775119617226,0.6007775119617226,0.0,0.0,0.0,1.0,0.14582874445158203,0,True,0.25,0.25,0.25,2.284113543927208,0.0,0.0,1.5341135439272076,1.1676550944012734,1.5341135439272076,1.5341135439272076,global,5
2073,1,2073,1,0.4998098909854889,0.4998098909854889,0.5534904599189758,0.4,0.3225806451612903,0.0,55,0,1.0,0.9447852760736196,1.0,0.9447852760736196,0.6273500890560063,0.0784313725490196,0.0784313725490196,1.0,1.0,0.0,0.0,0.0,0.0,0.36330029824762766,0,False,0.0,0.0,0.0,3.47117720669569,0.0,0.0,3.47117720669569,2.05399929258526,3.47117720669569,3.47117720669569,global,6
2089,1,2089,1,0.6086524128913879,0.6086524128913879,0.6525030136108398,0.44,0.3548387096774193,0.0,55,0,1.0,0.9447852760736196,1.0,0.9447852760736196,0.6900850979616069,0.9230769230769231,0.9230769230769231,0.9268092105263157,0.9268092105263157,0.0,0.0,0.0,0.0,0.3021902527262768,0,False,0.0,0.0,0.0,3.6078389448594193,0.0,0.0,3.6078389448594193,2.19066103074899,3.6078389448594193,3.6078389448594193,global,4
2113,1,2113,1,0.7721921801567078,0.7721921801567078,0.7718134522438049,0.68,0.6774193548387097,0.0,55,0,1.0,0.9447852760736196,1.0,0.9447852760736196,1.3174351870176133,0.15254237288135594,0.15254237288135594,0.6007775119617226,0.6007775119617226,0.0,0.0,0.0,0.0,0.4713954996763175,0,True,0.33333333333333337,0.33333333333333337,0.33333333333333337,5.511577773796972,0.0,0.0,4.511577773796972,3.0943998596865425,4.511577773796972,4.511577773796972,global,5
2121,0,2121,0,0.6444761753082275,0.6444761753082275,0.6416758894920349,0.4,0.6129032258064516,0.0,16,0,1.0,0.24430563301728944,1.0,0.24430563301728944,0.7626389363654354,0.39285714285714285,0.39285714285714285,0.9268092105263157,0.9268092105263157,0.0,0.0,0.0,1.0,0.23596075404903513,0,True,0.75,0.75,0.75,5.2920386728632876,0.0,0.0,3.0420386728632876,2.6755802233373536,3.0420386728632876,3.0420386728632876,global,4
2164,1,2164,1,0.3643130958080292,0.3643130958080292,0.4383525550365448,0.24,0.22580645161290322,0.0,55,0,1.0,0.9447852760736196,1.0,0.9447852760736196,0.4391450623392044,0.09803921568627451,0.09803921568627451,1.0,1.0,0.0,0.0,0.0,0.0,0.3299872022857875,0,True,0.08333333333333334,0.08333333333333334,0.08333333333333334,3.2492374546683953,0.0,0.0,2.9992374546683953,1.582059540557966,2.9992374546683953,2.9992374546683953,global,6
2170,1,2170,1,0.460742712020874,0.460742712020874,0.4975226819515228,0.36,0.29032258064516125,0.0,55,0,1.0,0.9447852760736196,1.0,0.9447852760736196,0.5646150801504056,0.9259259259259259,0.9259259259259259,0.49644736842105247,0.49644736842105247,0.0,0.0,0.0,0.0,0.21605230845225584,0,False,0.0,0.0,0.0,3.0394566217636543,0.0,0.0,3.0394566217636543,1.6222787076532246,3.0394566217636543,3.0394566217636543,global,1
2196,1,2196,1,0.3308534026145935,0.3308534026145935,0.380700021982193,0.24,0.1935483870967742,0.0,55,0,1.0,0.9447852760736196,1.0,0.9447852760736196,0.3764100534336038,0.967741935483871,0.967741935483871,0.8505039193729003,0.8505039193729003,0.0,0.0,0.0,0.0,0.21622568550609947,0,False,0.0,0.0,0.0,2.7990770757339325,0.0,0.0,2.7990770757339325,1.3818991616235032,2.7990770757339325,2.7990770757339325,global,7
220,0,220,0,0.28964459896087646,0.28964459896087646,0.2869892120361328,0.04,0.06451612903225806,0.0,16,0,1.0,0.24430563301728944,1.0,0.24430563301728944,0.08027778277530899,0.6428571428571429,0.6428571428571429,0.24006159014557663,0.24006159014557663,0.0,0.0,0.0,1.0,0.15959188369524105,0,True,0.08333333333333334,0.08333333333333334,0.08333333333333334,1.185114746940512,0.0,0.0,0.9351147469405121,0.5686562974145779,0.9351147469405121,0.9351147469405121,global,3
2216,1,2216,1,0.4563104808330536,0.4563104808330536,0.4440123438835144,0.56,0.45161290322580644,0.0,55,0,1.0,0.9447852760736196,1.0,0.9447852760736196,0.8782901246784088,0.1694915254237288,0.1694915254237288,0.05014619883040934,0.05014619883040934,0.0,0.0,0.0,0.0,0.4431839152558462,0,False,0.0,0.0,0.0,3.403480379220444,0.0,0.0,3.403480379220444,1.9863024651100145,3.403480379220444,3.403480379220444,global,2
2234,1,2234,1,0.6471927762031555,0.6471927762031555,0.665685772895813,0.56,0.45161290322580644,0.0,55,0,1.0,0.9447852760736196,1.0,0.9447852760736196,0.8782901246784088,0.1694915254237288,0.1694915254237288,0.6007775119617226,0.6007775119617226,0.0,0.0,0.0,0.0,0.44827435523419334,0,False,0.0,0.0,0.0,3.8330290040756863,0.0,0.0,3.8330290040756863,2.4158510899652565,3.8330290040756863,3.8330290040756863,global,5
2284,1,2284,1,0.2182416319847107,0.2182416319847107,0.2421361654996872,0.16,0.12903225806451613,0.0,55,0,1.0,0.9447852760736196,1.0,0.9447852760736196,0.2509400356224025,0.8846153846153846,0.8846153846153846,0.0,0.0,0.0,0.0,0.0,0.0,0.16969729386825888,0,False,0.0,0.0,0.0,2.060744923987708,0.0,0.0,2.060744923987708,0.6435670098772784,2.060744923987708,2.060744923987708,global,8
2289,0,2289,0,0.3955952227115631,0.3955952227115631,0.458588182926178,0.32,0.48387096774193544,0.0,16,0,1.0,0.24430563301728944,1.0,0.24430563301728944,0.6020833708148174,0.875,0.875,0.49644736842105247,0.49644736842105247,0.0,0.0,0.0,1.0,0.18853453195620104,0,True,0.5833333333333334,0.5833333333333334,0.5833333333333334,4.025460606976442,0.0,0.0,2.2754606069764423,1.909002157450508,2.2754606069764423,2.2754606069764423,global,1
231,1,231,1,0.7890381813049316,0.7890381813049316,0.7881094217300415,0.64,0.5161290322580645,0.0,55,0,1.0,0.9447852760736196,1.0,0.9447852760736196,1.00376014248961,0.08928571428571429,0.08928571428571429,0.8616028708133974,0.8616028708133974,0.0,0.0,0.0,0.0,0.4434993305396696,0,False,0.0,0.0,0.0,4.284517758239104,0.0,0.0,4.284517758239104,2.867339844128674,4.284517758239104,4.284517758239104,global,0
2317,1,2317,1,0.5543742179870605,0.5543742179870605,0.5650898218154907,0.44,0.3870967741935484,0.0,55,0,1.0,0.9447852760736196,1.0,0.9447852760736196,0.7528201068672076,0.8805970149253731,0.8805970149253731,0.8505039193729003,0.8505039193729003,0.0,0.0,0.0,0.0,0.4642852614613565,0,True,0.08333333333333334,0.08333333333333334,0.08333333333333334,3.8894083750120316,0.0,0.0,3.6394083750120316,2.2222304609016024,3.6394083750120316,3.6394083750120316,global,7
2333,1,2333,1,0.7681000232696533,0.7681000232696533,0.7940669059753418,0.56,0.5483870967741935,0.0,55,0,1.0,0.9447852760736196,1.0,0.9447852760736196,1.0664951513952106,0.1411764705882353,0.1411764705882353,1.0,1.0,0.0,0.0,0.0,0.0,0.5964519341108696,0,True,0.25,0.25,0.25,5.1173677065078005,0.0,0.0,4.3673677065078005,2.950189792397371,4.3673677065078005,4.3673677065078005,global,6
2343,1,2343,1,0.3593344986438751,0.3593344986438751,0.4541451334953308,0.32,0.25806451612903225,0.0,55,0,1.0,0.9447852760736196,1.0,0.9447852760736196,0.501880071244805,0.0784313725490196,0.0784313725490196,0.8616028708133974,0.8616028708133974,0.0,0.0,0.0,0.0,0.34204630720755963,0,False,0.0,0.0,0.0,3.0741898728525605,0.0,0.0,3.0741898728525605,1.6570119587421313,3.0741898728525605,3.0741898728525605,global,0
2347,1,2347,1,0.656236469745636,0.656236469745636,0.6963374018669128,0.6,0.5161290322580645,0.0,55,0,1.0,0.9447852760736196,1.0,0.9447852760736196,1.00376014248961,0.03571428571428571,0.03571428571428571,0.8616028708133974,0.8616028708133974,0.0,0.0,0.0,0.0,0.4323691870849593,0,True,0.08333333333333334,0.08333333333333334,0.08333333333333334,4.384937345955254,0.0,0.0,4.134937345955254,2.717759431844824,4.134937345955254,4.134937345955254,global,0
2375,1,2375,1,0.3422245681285858,0.3422245681285858,0.41398024559020996,0.12,0.0967741935483871,0.0,55,0,1.0,0.9447852760736196,1.0,0.9447852760736196,0.1882050267168019,0.896551724137931,0.896551724137931,0.9268092105263157,0.9268092105263157,0.0,0.0,0.0,0.0,0.1763686999112245,0,False,0.0,0.0,0.0,2.5208211709465975,0.0,0.0,2.5208211709465975,1.103643256836168,2.5208211709465975,2.5208211709465975,global,4
2382,1,2382,1,0.4013406038284302,0.4013406038284302,0.39851289987564087,0.48,0.45161290322580644,0.0,55,0,1.0,0.9447852760736196,1.0,0.9447852760736196,0.8782901246784088,0.10606060606060606,0.10606060606060606,0.05014619883040934,0.05014619883040934,0.0,0.0,0.0,0.0,0.4692556933265104,0,True,0.16666666666666669,0.16666666666666669,0.16666666666666669,3.787326011037944,0.0,0.0,3.287326011037944,1.8701480969275148,3.287326011037944,3.287326011037944,global,2
2411,1,2411,1,0.847833514213562,0.847833514213562,0.8799257874488831,0.72,0.6451612903225806,0.0,55,0,1.0,0.9447852760736196,1.0,0.9447852760736196,1.2547001781120126,0.8804347826086957,0.8804347826086957,0.9268092105263157,0.9268092105263157,0.0,0.0,0.0,0.0,0.6649109102205891,0,True,0.16666666666666669,0.16666666666666669,0.16666666666666669,5.268645184455775,0.0,0.0,4.768645184455775,3.3514672703453456,4.768645184455775,4.768645184455775,global,4
2429,1,2429,1,0.6363488435745239,0.6363488435745239,0.5867353081703186,0.4,0.3225806451612903,0.0,55,0,1.0,0.9447852760736196,1.0,0.9447852760736196,0.6273500890560063,0.7878787878787878,0.7878787878787878,0.8505039193729003,0.8505039193729003,0.0,0.0,0.0,0.0,0.26579493810210186,0,False,0.0,0.0,0.0,3.47640872040971,0.0,0.0,3.47640872040971,2.05923080629928,3.47640872040971,3.47640872040971,global,7
2435,1,2435,1,0.6589146852493286,0.6589146852493286,0.6035465002059937,0.6,0.48387096774193544,0.0,55,0,1.0,0.9447852760736196,1.0,0.9447852760736196,0.9410251335840094,0.125,0.125,0.24006159014557663,0.24006159014557663,0.0,0.0,0.0,0.0,0.3499187943226532,0,False,0.0,0.0,0.0,3.7370580311633477,0.0,0.0,3.7370580311633477,2.319880117052918,3.7370580311633477,3.7370580311633477,global,3
2436,1,2436,1,0.17994801700115204,0.17994801700115204,0.20030638575553894,0.24,0.1935483870967742,0.0,55,0,1.0,0.9447852760736196,1.0,0.9447852760736196,0.3764100534336038,0.13157894736842105,0.13157894736842105,0.0,0.0,0.0,0.0,0.0,0.0,0.2576780070625594,0,False,0.0,0.0,0.0,2.2655365040236672,0.0,0.0,2.2655365040236672,0.8483585899132379,2.2655365040236672,2.2655365040236672,global,9
2495,1,2495,1,0.8451026082038879,0.8451026082038879,0.8539872169494629,0.72,0.6129032258064516,0.0,55,0,1.0,0.9447852760736196,1.0,0.9447852760736196,1.191965169206412,0.044444444444444446,0.044444444444444446,1.0,1.0,0.0,0.0,0.0,0.0,0.3950707051237082,0,True,0.08333333333333334,0.08333333333333334,0.08333333333333334,4.907587663823556,0.0,0.0,4.657587663823556,3.240409749713126,4.657587663823556,4.657587663823556,global,6
2531,1,2531,1,0.3440501391887665,0.3440501391887665,0.41790491342544556,0.28,0.22580645161290322,0.0,55,0,1.0,0.9447852760736196,1.0,0.9447852760736196,0.4391450623392044,0.0,0.0,1.0,1.0,0.0,0.0,0.0,0.0,0.19367606935214526,0,False,0.0,0.0,0.0,2.982133749492893,0.0,0.0,2.982133749492893,1.5649558353824633,2.982133749492893,2.982133749492893,global,6
2587,1,2587,1,0.28168395161628723,0.28168395161628723,0.3008439838886261,0.36,0.3225806451612903,0.0,55,0,1.0,0.9447852760736196,1.0,0.9447852760736196,0.6273500890560063,0.0,0.0,0.0,0.0,0.0,0.0,0.0,0.0,0.20460696580395166,0,True,0.08333333333333334,0.08333333333333334,0.08333333333333334,2.959068455467225,0.0,0.0,2.709068455467225,1.2918905413567958,2.709068455467225,2.709068455467225,global,9
2596,1,2596,1,0.4315827786922455,0.4315827786922455,0.5057350993156433,0.28,0.22580645161290322,0.0,55,0,1.0,0.9447852760736196,1.0,0.9447852760736196,0.4391450623392044,0.8529411764705882,0.8529411764705882,0.9268092105263157,0.9268092105263157,0.0,0.0,0.0,0.0,0.24355908483385516,0,False,0.0,0.0,0.0,3.0305293710033467,0.0,0.0,3.0305293710033467,1.6133514568929173,3.0305293710033467,3.0305293710033467,global,4
2628,1,2628,1,0.7058286666870117,0.7058286666870117,0.7159239053726196,0.64,0.5806451612903225,0.0,55,0,1.0,0.9447852760736196,1.0,0.9447852760736196,1.1292301603008112,0.8636363636363636,0.8636363636363636,0.49644736842105247,0.49644736842105247,0.0,0.0,0.0,0.0,0.4991477496504766,0,True,0.16666666666666669,0.16666666666666669,0.16666666666666669,4.681099179146353,0.0,0.0,4.181099179146353,2.7639212650359237,4.181099179146353,4.181099179146353,global,1
2652,1,2652,1,0.3705873191356659,0.3705873191356659,0.4258577823638916,0.24,0.1935483870967742,0.0,55,0,1.0,0.9447852760736196,1.0,0.9447852760736196,0.3764100534336038,0.06060606060606061,0.06060606060606061,0.8616028708133974,0.8616028708133974,0.0,0.0,0.0,0.0,0.2268392195043289,0,False,0.0,0.0,0.0,2.839597744870508,0.0,0.0,2.839597744870508,1.4224198307600784,2.839597744870508,2.839597744870508,global,0
2659,1,2659,1,0.9943748712539673,0.9943748712539673,0.9814401865005493,0.88,0.8064516129032259,0.0,55,0,1.0,0.9447852760736196,1.0,0.9447852760736196,1.5683752226400158,0.1875,0.1875,1.0,1.0,0.0,0.0,0.0,0.0,0.5503679972903975,0,True,0.25,0.25,0.25,6.120691436107174,0.0,0.0,5.370691436107174,3.9535135219967446,5.370691436107174,5.370691436107174,global,6
2684,0,2684,0,0.7621235847473145,0.7621235847473145,0.7418290972709656,0.48,0.6451612903225806,0.0,16,0,1.0,0.24430563301728944,1.0,0.24430563301728944,0.8027778277530899,0.3888888888888889,0.3888888888888889,0.9268092105263157,0.9268092105263157,0.0,0.0,0.0,1.0,0.19552161574847587,0,True,0.6666666666666667,0.6666666666666667,0.6666666666666667,5.268540987956648,0.0,0.0,3.2685409879566474,2.9020825384307134,3.2685409879566474,3.2685409879566474,global,4
2692,1,2692,1,0.2560938894748688,0.2560938894748688,0.3173395097255707,0.12,0.0967741935483871,0.0,55,0,1.0,0.9447852760736196,1.0,0.9447852760736196,0.1882050267168019,0.9310344827586207,0.9310344827586207,0.8505039193729003,0.8505039193729003,0.0,0.0,0.0,0.0,0.17787732638412548,0,False,0.0,0.0,0.0,2.4142165703887866,0.0,0.0,2.4142165703887866,0.997038656278357,2.4142165703887866,2.4142165703887866,global,7
2727,0,2727,0,0.2279651015996933,0.2279651015996933,0.2284110188484192,0.12,0.16129032258064516,0.0,16,0,1.0,0.24430563301728944,1.0,0.24430563301728944,0.20069445693827248,0.37037037037037035,0.37037037037037035,0.05014619883040934,0.05014619883040934,0.0,0.0,0.0,1.0,0.16595888606385095,0,True,0.16666666666666669,0.16666666666666669,0.16666666666666669,1.566271941201339,0.0,0.0,1.066271941201339,0.699813491675405,1.066271941201339,1.066271941201339,global,2
2730,1,2730,1,0.5454285740852356,0.5454285740852356,0.5184792280197144,0.64,0.5806451612903225,0.0,55,0,1.0,0.9447852760736196,1.0,0.9447852760736196,1.1292301603008112,0.1111111111111111,0.1111111111111111,0.05014619883040934,0.05014619883040934,0.0,0.0,0.0,0.0,0.48363008914921035,0,True,0.16666666666666669,0.16666666666666669,0.16666666666666669,4.324973222119231,0.0,0.0,3.8249732221192314,2.4077953080088017,3.8249732221192314,3.8249732221192314,global,2
2744,0,2744,0,0.4696400463581085,0.4696400463581085,0.4234764277935028,0.44,0.6129032258064516,0.0,16,0,1.0,0.24430563301728944,1.0,0.24430563301728944,0.7626389363654354,0.3333333333333333,0.3333333333333333,0.0,0.0,0.0,0.0,0.0,1.0,0.16738609898173185,0,True,0.6666666666666667,0.6666666666666667,0.6666666666666667,4.458192767919844,0.0,0.0,2.4581927679198436,2.0917343183939097,2.4581927679198436,2.4581927679198436,global,9
2787,1,2787,1,0.40494975447654724,0.40494975447654724,0.42191967368125916,0.52,0.45161290322580644,0.0,55,0,1.0,0.9447852760736196,1.0,0.9447852760736196,0.8782901246784088,0.08823529411764706,0.08823529411764706,0.0,0.0,0.0,0.0,0.0,0.0,0.4863398525711621,0,True,0.08333333333333334,0.08333333333333334,0.08333333333333334,3.560265479914629,0.0,0.0,3.310265479914629,1.8930875658041995,3.310265479914629,3.310265479914629,global,9
2806,1,2806,1,0.7053883671760559,0.7053883671760559,0.7423587441444397,0.56,0.48387096774193544,0.0,55,0,1.0,0.9447852760736196,1.0,0.9447852760736196,0.9410251335840094,0.078125,0.078125,1.0,1.0,0.0,0.0,0.0,0.0,0.4677626285727936,0,True,0.08333333333333334,0.08333333333333334,0.08333333333333334,4.399559331906984,0.0,0.0,4.149559331906984,2.732381417796554,4.149559331906984,4.149559331906984,global,6
2848,1,2848,1,0.6682805418968201,0.6682805418968201,0.7019488215446472,0.52,0.4193548387096774,0.0,55,0,1.0,0.9447852760736196,1.0,0.9447852760736196,0.8155551157728081,0.07936507936507936,0.07936507936507936,1.0,1.0,0.0,0.0,0.0,0.0,0.4576696298470796,0,False,0.0,0.0,0.0,3.9478129140013642,0.0,0.0,3.9478129140013642,2.530634999890935,3.9478129140013642,3.9478129140013642,global,6
2855,1,2855,1,0.3436894714832306,0.3436894714832306,0.35963183641433716,0.44,0.4193548387096774,0.0,55,0,1.0,0.9447852760736196,1.0,0.9447852760736196,0.8155551157728081,0.09433962264150944,0.09433962264150944,0.0,0.0,0.0,0.0,0.0,0.0,0.3832348980409878,0,True,0.16666666666666669,0.16666666666666669,0.16666666666666669,3.585809638128665,0.0,0.0,3.085809638128665,1.6686317240182356,3.085809638128665,3.085809638128665,global,9
2866,1,2866,1,0.24442347884178162,0.24442347884178162,0.24810118973255157,0.32,0.25806451612903225,0.0,55,0,1.0,0.9447852760736196,1.0,0.9447852760736196,0.501880071244805,0.0,0.0,0.05014619883040934,0.05014619883040934,0.0,0.0,0.0,0.0,0.15019860975271243,0,False,0.0,0.0,0.0,2.5189784117829377,0.0,0.0,2.5189784117829377,1.1018004976725082,2.5189784117829377,2.5189784117829377,global,2
2868,1,2868,1,0.7838241457939148,0.7838241457939148,0.792517364025116,0.72,0.6451612903225806,0.0,55,0,1.0,0.9447852760736196,1.0,0.9447852760736196,1.2547001781120126,0.1320754716981132,0.1320754716981132,1.0,1.0,0.0,0.0,0.0,0.0,0.4470513381902744,0,True,0.16666666666666669,0.16666666666666669,0.16666666666666669,5.188675212847805,0.0,0.0,4.688675212847805,3.2714972987373754,4.688675212847805,4.688675212847805,global,6
2889,0,2889,0,0.5851258635520935,0.5851258635520935,0.5624380707740784,0.36,0.5483870967741935,0.0,16,0,1.0,0.24430563301728944,1.0,0.24430563301728944,0.6823611535901264,0.5333333333333333,0.5333333333333333,0.8505039193729003,0.8505039193729003,0.0,0.0,0.0,1.0,0.25553451320993215,0,True,0.6666666666666667,0.6666666666666667,0.6666666666666667,4.793245647565426,0.0,0.0,2.793245647565426,2.426787198039492,2.793245647565426,2.793245647565426,global,7
2908,1,2908,1,0.6373104453086853,0.6373104453086853,0.6835007071495056,0.56,0.48387096774193544,0.0,55,0,1.0,0.9447852760736196,1.0,0.9447852760736196,0.9410251335840094,0.05970149253731343,0.05970149253731343,0.8616028708133974,0.8616028708133974,0.0,0.0,0.0,0.0,0.4838244738134932,0,True,0.08333333333333334,0.08333333333333334,0.08333333333333334,4.280716983391995,0.0,0.0,4.030716983391995,2.6135390692815657,4.030716983391995,4.030716983391995,global,0
291,1,291,1,0.4823530912399292,0.4823530912399292,0.5181013941764832,0.36,0.29032258064516125,0.0,55,0,1.0,0.9447852760736196,1.0,0.9447852760736196,0.5646150801504056,0.9344262295081968,0.9344262295081968,0.49644736842105247,0.49644736842105247,0.0,0.0,0.0,0.0,0.4076139926722574,0,False,0.0,0.0,0.0,3.1142134304048987,0.0,0.0,3.1142134304048987,1.6970355162944695,3.1142134304048987,3.1142134304048987,global,1
2930,1,2930,1,0.6355836987495422,0.6355836987495422,0.589651882648468,0.56,0.48387096774193544,0.0,55,0,1.0,0.9447852760736196,1.0,0.9447852760736196,0.9410251335840094,0.11627906976744186,0.11627906976744186,0.24006159014557663,0.24006159014557663,0.0,0.0,0.0,0.0,0.3564918387020326,0,True,0.08333333333333334,0.08333333333333334,0.08333333333333334,3.9303651552773324,0.0,0.0,3.6803651552773324,2.263187241166903,3.6803651552773324,3.6803651552773324,global,3
2946,0,2946,0,0.2356795072555542,0.2356795072555542,0.22318437695503235,0.12,0.16129032258064516,0.0,16,0,1.0,0.24430563301728944,1.0,0.24430563301728944,0.20069445693827248,0.35714285714285715,0.35714285714285715,0.0,0.0,0.0,0.0,0.0,1.0,0.18118506424301123,0,True,0.16666666666666669,0.16666666666666669,0.16666666666666669,1.5519382197645712,0.0,0.0,1.0519382197645712,0.6854797702386372,1.0519382197645712,1.0519382197645712,global,8
2980,1,2980,1,0.2343999594449997,0.2343999594449997,0.23470300436019897,0.16,0.12903225806451613,0.0,55,0,1.0,0.9447852760736196,1.0,0.9447852760736196,0.2509400356224025,0.0,0.0,0.05014619883040934,0.05014619883040934,0.0,0.0,0.0,0.0,0.04732349955615377,0,False,0.0,0.0,0.0,2.0620325470775125,0.0,0.0,2.0620325470775125,0.6448546329670828,2.0620325470775125,2.0620325470775125,global,2
2990,0,2990,0,0.3390059769153595,0.3390059769153595,0.3844183087348938,0.2,0.25806451612903225,0.0,16,0,1.0,0.24430563301728944,1.0,0.24430563301728944,0.32111113110123596,0.45,0.45,0.8505039193729003,0.8505039193729003,0.0,0.0,0.0,1.0,0.14342671829286907,0,True,0.25,0.25,0.25,2.572072238490597,0.0,0.0,1.822072238490597,1.4556137889646628,1.822072238490597,1.822072238490597,global,7
2993,1,2993,1,0.08982589095830917,0.08982589095830917,0.1502283364534378,0.08,0.06451612903225806,0.0,55,0,1.0,0.9447852760736196,1.0,0.9447852760736196,0.12547001781120126,0.5,0.5,0.24006159014557663,0.24006159014557663,0.0,0.0,0.0,0.0,0.0499843420536938,0,False,0.0,0.0,0.0,1.8330969826304895,0.0,0.0,1.8330969826304895,0.41591906852005994,1.8330969826304895,1.8330969826304895,global,3
3005,1,3005,1,0.3316015899181366,0.3316015899181366,0.4067918360233307,0.24,0.1935483870967742,0.0,55,0,1.0,0.9447852760736196,1.0,0.9447852760736196,0.3764100534336038,0.5,0.5,0.6007775119617226,0.6007775119617226,0.0,0.0,0.0,0.0,0.046836911266986636,0,False,0.0,0.0,0.0,2.6239957895994444,0.0,0.0,2.6239957895994444,1.2068178754890149,2.6239957895994444,2.6239957895994444,global,5
3007,1,3007,1,0.29945844411849976,0.29945844411849976,0.4192892909049988,0.2,0.16129032258064516,0.0,55,0,1.0,0.9447852760736196,1.0,0.9447852760736196,0.31367504452800316,0.02857142857142857,0.02857142857142857,0.6007775119617226,0.6007775119617226,0.0,0.0,0.0,0.0,0.22541149631471294,0,False,0.0,0.0,0.0,2.547337519441795,0.0,0.0,2.547337519441795,1.1301596053313654,2.547337519441795,2.547337519441795,global,5
3010,1,3010,1,0.63118577003479,0.63118577003479,0.6662797331809998,0.52,0.45161290322580644,0.0,55,0,1.0,0.9447852760736196,1.0,0.9447852760736196,0.8782901246784088,0.0641025641025641,0.0641025641025641,0.8616028708133974,0.8616028708133974,0.0,0.0,0.0,0.0,0.5410538758566884,0,True,0.08333333333333334,0.08333333333333334,0.08333333333333334,4.18846993475358,0.0,0.0,3.93846993475358,2.52129202064315,3.93846993475358,3.93846993475358,global,0
3030,1,3030,1,0.5312330722808838,0.5312330722808838,0.5533210635185242,0.4,0.3548387096774193,0.0,55,0,1.0,0.9447852760736196,1.0,0.9447852760736196,0.6900850979616069,0.8285714285714286,0.8285714285714286,0.49644736842105247,0.49644736842105247,0.0,0.0,0.0,0.0,0.47371308499848797,0,True,0.08333333333333334,0.08333333333333334,0.08333333333333334,3.592179401000048,0.0,0.0,3.342179401000048,1.9250014868896184,3.342179401000048,3.342179401000048,global,1
3034,1,3034,1,0.6608821153640747,0.6608821153640747,0.6851208209991455,0.6,0.5161290322580645,0.0,55,0,1.0,0.9447852760736196,1.0,0.9447852760736196,1.00376014248961,0.02040816326530612,0.02040816326530612,1.0,1.0,0.0,0.0,0.0,0.0,0.3956449030290868,0,True,0.08333333333333334,0.08333333333333334,0.08333333333333334,4.446835141826544,0.0,0.0,4.196835141826544,2.779657227716115,4.196835141826544,4.196835141826544,global,6
3051,1,3051,1,0.4528144299983978,0.4528144299983978,0.4011910855770111,0.36,0.3225806451612903,0.0,55,0,1.0,0.9447852760736196,1.0,0.9447852760736196,0.6273500890560063,0.7837837837837838,0.7837837837837838,0.0,0.0,0.0,0.0,0.0,0.0,0.28203353731674785,0,True,0.08333333333333334,0.08333333333333334,0.08333333333333334,3.119200809626753,0.0,0.0,2.869200809626753,1.4520228955163235,2.869200809626753,2.869200809626753,global,8
3059,1,3059,1,0.5048184990882874,0.5048184990882874,0.4926932156085968,0.48,0.45161290322580644,0.0,55,0,1.0,0.9447852760736196,1.0,0.9447852760736196,0.8782901246784088,0.15217391304347827,0.15217391304347827,0.24006159014557663,0.24006159014557663,0.0,0.0,0.0,0.0,0.35414404343443406,0,True,0.16666666666666669,0.16666666666666669,0.16666666666666669,3.9305325279357906,0.0,0.0,3.4305325279357906,2.0133546138253613,3.4305325279357906,3.4305325279357906,global,3
3061,1,3061,1,0.23919112980365753,0.23919112980365753,0.2738482356071472,0.24,0.1935483870967742,0.0,55,0,1.0,0.9447852760736196,1.0,0.9447852760736196,0.3764100534336038,0.07692307692307693,0.07692307692307693,0.24006159014557663,0.24006159014557663,0.0,0.0,0.0,0.0,0.1094093256033376,0,False,0.0,0.0,0.0,2.3884811849006935,0.0,0.0,2.3884811849006935,0.971303270790264,2.3884811849006935,2.3884811849006935,global,3
3067,0,3067,0,0.23927517235279083,0.23927517235279083,0.21219387650489807,0.16,0.25806451612903225,0.0,16,0,1.0,0.24430563301728944,1.0,0.24430563301728944,0.32111113110123596,0.42857142857142855,0.42857142857142855,0.05014619883040934,0.05014619883040934,0.0,0.0,0.0,1.0,0.08063700561106131,0,True,0.33333333333333337,0.33333333333333337,0.33333333333333337,2.2832718207647544,0.0,0.0,1.2832718207647544,0.9168133712388202,1.2832718207647544,1.2832718207647544,global,2
3073,0,3073,0,0.5227711796760559,0.5227711796760559,0.5227311849594116,0.28,0.45161290322580644,0.0,16,0,1.0,0.24430563301728944,1.0,0.24430563301728944,0.561944479427163,0.5454545454545454,0.5454545454545454,0.49644736842105247,0.49644736842105247,0.0,0.0,0.0,1.0,0.17194399960975432,0,True,0.5833333333333334,0.5833333333333334,0.5833333333333334,4.017708083811844,0.0,0.0,2.2677080838118444,1.9012496342859102,2.2677080838118444,2.2677080838118444,global,1
3078,1,3078,1,0.5913660526275635,0.5913660526275635,0.62666255235672,0.48,0.48387096774193544,0.0,55,0,1.0,0.9447852760736196,1.0,0.9447852760736196,0.9410251335840094,0.029411764705882353,0.029411764705882353,0.8616028708133974,0.8616028708133974,0.0,0.0,0.0,0.0,0.4736918571961193,0,True,0.25,0.25,0.25,4.6609216842618855,0.0,0.0,3.9109216842618855,2.4937437701514558,3.9109216842618855,3.9109216842618855,global,0
3087,0,3087,0,0.49065908789634705,0.49065908789634705,0.4969403147697449,0.28,0.3870967741935484,0.0,16,0,1.0,0.24430563301728944,1.0,0.24430563301728944,0.48166669665185396,0.35714285714285715,0.35714285714285715,0.8616028708133974,0.8616028708133974,0.0,0.0,0.0,1.0,0.20811845447287614,0,True,0.4166666666666667,0.4166666666666667,0.4166666666666667,3.5564162399786703,0.0,0.0,2.3064162399786703,1.939957790452736,2.3064162399786703,2.3064162399786703,global,0
3088,1,3088,1,0.3556767702102661,0.3556767702102661,0.44972771406173706,0.32,0.25806451612903225,0.0,55,0,1.0,0.9447852760736196,1.0,0.9447852760736196,0.501880071244805,0.03333333333333333,0.03333333333333333,0.8616028708133974,0.8616028708133974,0.0,0.0,0.0,0.0,0.22367817054919534,0,False,0.0,0.0,0.0,3.035753249108164,0.0,0.0,3.035753249108164,1.6185753349977348,3.035753249108164,3.035753249108164,global,0
3090,1,3090,1,0.7763789296150208,0.7763789296150208,0.7529109716415405,0.52,0.45161290322580644,0.0,55,0,1.0,0.9447852760736196,1.0,0.9447852760736196,0.8782901246784088,0.14634146341463414,0.14634146341463414,1.0,1.0,0.0,0.0,0.0,0.0,0.3372333375139804,0,True,0.08333333333333334,0.08333333333333334,0.08333333333333334,4.312676865508253,0.0,0.0,4.062676865508253,2.645498951397824,4.062676865508253,4.062676865508253,global,6
3099,1,3099,1,0.6257293820381165,0.6257293820381165,0.6611183285713196,0.48,0.4193548387096774,0.0,55,0,1.0,0.9447852760736196,1.0,0.9447852760736196,0.8155551157728081,0.9142857142857143,0.9142857142857143,0.9268092105263157,0.9268092105263157,0.0,0.0,0.0,0.0,0.29018532785446477,0,True,0.08333333333333334,0.08333333333333334,0.08333333333333334,4.0369313007797745,0.0,0.0,3.7869313007797745,2.369753386669345,3.7869313007797745,3.7869313007797745,global,4
3116,1,3116,1,0.2929513454437256,0.2929513454437256,0.2756054401397705,0.28,0.22580645161290322,0.0,55,0,1.0,0.9447852760736196,1.0,0.9447852760736196,0.4391450623392044,0.05,0.05,0.05014619883040934,0.05014619883040934,0.0,0.0,0.0,0.0,0.16589189924571382,0,False,0.0,0.0,0.0,2.4579925628801353,0.0,0.0,2.4579925628801353,1.0408146487697056,2.4579925628801353,2.4579925628801353,global,2
3123,0,3123,0,0.6082854866981506,0.6082854866981506,0.6014174818992615,0.28,0.3870967741935484,0.0,16,0,1.0,0.24430563301728944,1.0,0.24430563301728944,0.48166669665185396,0.23076923076923078,0.23076923076923078,1.0,1.0,0.0,0.0,0.0,1.0,0.20331591120517167,0,True,0.4166666666666667,0.4166666666666667,0.4166666666666667,3.718275160633103,0.0,0.0,2.468275160633103,2.101816711107169,2.468275160633103,2.468275160633103,global,6
3145,1,3145,1,0.6558781862258911,0.6558781862258911,0.665514349937439,0.56,0.6129032258064516,0.0,55,0,1.0,0.9447852760736196,1.0,0.9447852760736196,1.191965169206412,0.84,0.84,0.49644736842105247,0.49644736842105247,0.0,0.0,0.0,0.0,0.39186852693763824,0,True,0.4166666666666667,0.4166666666666667,0.4166666666666667,5.3434711569958635,0.0,0.0,4.0934711569958635,2.6762932428854342,4.0934711569958635,4.0934711569958635,global,1
3161,1,3161,1,0.7361898422241211,0.7361898422241211,0.7223516702651978,0.64,0.6129032258064516,0.0,55,0,1.0,0.9447852760736196,1.0,0.9447852760736196,1.191965169206412,0.8857142857142857,0.8857142857142857,0.49644736842105247,0.49644736842105247,0.0,0.0,0.0,0.0,0.32261647105167734,0,True,0.25,0.25,0.25,4.966944865028659,0.0,0.0,4.216944865028659,2.79976695091823,4.216944865028659,4.216944865028659,global,1
3168,0,3168,0,0.31346818804740906,0.31346818804740906,0.3903071880340576,0.24,0.3870967741935484,0.0,16,0,1.0,0.24430563301728944,1.0,0.24430563301728944,0.48166669665185396,0.4827586206896552,0.4827586206896552,0.6007775119617226,0.6007775119617226,0.0,0.0,0.0,1.0,0.20565413209098787,0,True,0.5,0.5,0.5,3.493511543959116,0.0,0.0,1.993511543959116,1.6270530944331818,1.993511543959116,1.993511543959116,global,5
319,1,319,1,0.4564064145088196,0.4564064145088196,0.4951742887496948,0.32,0.25806451612903225,0.0,55,0,1.0,0.9447852760736196,1.0,0.9447852760736196,0.501880071244805,0.14285714285714285,0.14285714285714285,1.0,1.0,0.0,0.0,0.0,0.0,0.13253902900730233,0,False,0.0,0.0,0.0,3.1581937866777405,0.0,0.0,3.1581937866777405,1.7410158725673108,3.1581937866777405,3.1581937866777405,global,6
3197,1,3197,1,0.11452601850032806,0.11452601850032806,0.16983596980571747,0.16,0.12903225806451613,0.0,55,0,1.0,0.9447852760736196,1.0,0.9447852760736196,0.2509400356224025,0.0,0.0,0.24006159014557663,0.24006159014557663,0.0,0.0,0.0,0.0,0.0485281356211481,0,False,0.0,0.0,0.0,2.061452480798857,0.0,0.0,2.061452480798857,0.6442745666884274,2.061452480798857,2.061452480798857,global,3
3232,1,3232,1,0.5059240460395813,0.5059240460395813,0.4799330234527588,0.44,0.4193548387096774,0.0,55,0,1.0,0.9447852760736196,1.0,0.9447852760736196,0.8155551157728081,0.12727272727272726,0.12727272727272726,0.24006159014557663,0.24006159014557663,0.0,0.0,0.0,0.0,0.40078211310519896,0,True,0.16666666666666669,0.16666666666666669,0.16666666666666669,3.8408922573657973,0.0,0.0,3.3408922573657973,1.9237143432553678,3.3408922573657973,3.3408922573657973,global,3
325,1,325,1,0.5687215328216553,0.5687215328216553,0.5581764578819275,0.44,0.3548387096774193,0.0,55,0,1.0,0.9447852760736196,1.0,0.9447852760736196,0.6900850979616069,0.9032258064516129,0.9032258064516129,0.8505039193729003,0.8505039193729003,0.0,0.0,0.0,0.0,0.4399735414568764,0,False,0.0,0.0,0.0,3.579076581846105,0.0,0.0,3.579076581846105,2.161898667735676,3.579076581846105,3.579076581846105,global,7
3255,1,3255,1,0.3390504717826843,0.3390504717826843,0.3776457607746124,0.2,0.16129032258064516,0.0,55,0,1.0,0.9447852760736196,1.0,0.9447852760736196,0.31367504452800316,0.8958333333333334,0.8958333333333334,0.8505039193729003,0.8505039193729003,0.0,0.0,0.0,0.0,0.30672746705486686,0,False,0.0,0.0,0.0,2.7282691365007774,0.0,0.0,2.7282691365007774,1.311091222390348,2.7282691365007774,2.7282691365007774,global,7
3259,1,3259,1,0.6276953220367432,0.6276953220367432,0.6549173593521118,0.56,0.5806451612903225,0.0,55,0,1.0,0.9447852760736196,1.0,0.9447852760736196,1.1292301603008112,0.14942528735632185,0.14942528735632185,0.6007775119617226,0.6007775119617226,0.0,0.0,0.0,0.0,0.6095950353258531,0,True,0.33333333333333337,0.33333333333333337,0.33333333333333337,5.123891760899086,0.0,0.0,4.123891760899086,2.7067138467886567,4.123891760899086,4.123891760899086,global,5
326,1,326,1,0.29813796281814575,0.29813796281814575,0.32058486342430115,0.4,0.3225806451612903,0.0,55,0,1.0,0.9447852760736196,1.0,0.9447852760736196,0.6273500890560063,0.02631578947368421,0.02631578947368421,0.0,0.0,0.0,0.0,0.0,0.0,0.28765624613854646,0,False,0.0,0.0,0.0,2.7871464485290907,0.0,0.0,2.7871464485290907,1.3699685344186612,2.7871464485290907,2.7871464485290907,global,9
3265,1,3265,1,0.28022781014442444,0.28022781014442444,0.31138938665390015,0.36,0.3225806451612903,0.0,55,0,1.0,0.9447852760736196,1.0,0.9447852760736196,0.6273500890560063,0.08823529411764706,0.08823529411764706,0.0,0.0,0.0,0.0,0.0,0.0,0.25471052417351614,0,True,0.08333333333333334,0.08333333333333334,0.08333333333333334,2.972934609800604,0.0,0.0,2.722934609800604,1.305756695690175,2.722934609800604,2.722934609800604,global,9
3282,1,3282,1,0.2371138483285904,0.2371138483285904,0.24381648004055023,0.2,0.1935483870967742,0.0,55,0,1.0,0.9447852760736196,1.0,0.9447852760736196,0.3764100534336038,0.12,0.12,0.05014619883040934,0.05014619883040934,0.0,0.0,0.0,0.0,0.1719789232915035,0,True,0.08333333333333334,0.08333333333333334,0.08333333333333334,2.520632543369506,0.0,0.0,2.270632543369506,0.8534546292590764,2.270632543369506,2.270632543369506,global,2
3286,1,3286,1,0.2887822091579437,0.2887822091579437,0.4077724814414978,0.12,0.0967741935483871,0.0,55,0,1.0,0.9447852760736196,1.0,0.9447852760736196,0.1882050267168019,0.07142857142857142,0.07142857142857142,0.6007775119617226,0.6007775119617226,0.0,0.0,0.0,0.0,0.2501016964088114,0,False,0.0,0.0,0.0,2.3371713334370634,0.0,0.0,2.3371713334370634,0.9199934193266338,2.3371713334370634,2.3371713334370634,global,5
3292,1,3292,1,0.5119894742965698,0.5119894742965698,0.5172343254089355,0.6,0.48387096774193544,0.0,55,0,1.0,0.9447852760736196,1.0,0.9447852760736196,0.9410251335840094,0.16049382716049382,0.16049382716049382,0.05014619883040934,0.05014619883040934,0.0,0.0,0.0,0.0,0.5846000678324509,0,False,0.0,0.0,0.0,3.5949645487964963,0.0,0.0,3.5949645487964963,2.177786634686067,3.5949645487964963,3.5949645487964963,global,2
3295,1,3295,1,0.7314902544021606,0.7314902544021606,0.6841334104537964,0.6,0.5161290322580645,0.0,55,0,1.0,0.9447852760736196,1.0,0.9447852760736196,1.00376014248961,0.8787878787878788,0.8787878787878788,0.8505039193729003,0.8505039193729003,0.0,0.0,0.0,0.0,0.30483760493549594,0,True,0.08333333333333334,0.08333333333333334,0.08333333333333334,4.401331423315386,0.0,0.0,4.151331423315386,2.7341535092049565,4.151331423315386,4.151331423315386,global,7
3300,0,3300,0,0.43535155057907104,0.43535155057907104,0.47788387537002563,0.28,0.3870967741935484,0.0,16,0,1.0,0.24430563301728944,1.0,0.24430563301728944,0.48166669665185396,0.3191489361702128,0.3191489361702128,0.8616028708133974,0.8616028708133974,0.0,0.0,0.0,1.0,0.3171775471666523,0,True,0.4166666666666667,0.4166666666666667,0.4166666666666667,3.544887937932982,0.0,0.0,2.294887937932982,1.928429488407048,2.294887937932982,2.294887937932982,global,0
3307,0,3307,0,0.5952381491661072,0.5952381491661072,0.589002251625061,0.36,0.48387096774193544,0.0,16,0,1.0,0.24430563301728944,1.0,0.24430563301728944,0.6020833708148174,0.25,0.25,1.0,1.0,0.0,0.0,0.0,1.0,0.203679497351517,0,True,0.5,0.5,0.5,4.231494753548146,0.0,0.0,2.7314947535481457,2.3650363040222118,2.7314947535481457,2.7314947535481457,global,6
3314,1,3314,1,0.5669489502906799,0.5669489502906799,0.6132696270942688,0.48,0.3870967741935484,0.0,55,0,1.0,0.9447852760736196,1.0,0.9447852760736196,0.7528201068672076,0.04081632653061224,0.04081632653061224,0.8616028708133974,0.8616028708133974,0.0,0.0,0.0,0.0,0.3633614542969926,0,False,0.0,0.0,0.0,3.6647404944258666,0.0,0.0,3.6647404944258666,2.2475625803154373,3.6647404944258666,3.6647404944258666,global,0
3326,1,3326,1,0.24943843483924866,0.24943843483924866,0.281454473733902,0.24,0.1935483870967742,0.0,55,0,1.0,0.9447852760736196,1.0,0.9447852760736196,0.3764100534336038,0.0625,0.0625,0.24006159014557663,0.24006159014557663,0.0,0.0,0.0,0.0,0.12800765287042087,0,False,0.0,0.0,0.0,2.4022585271092916,0.0,0.0,2.4022585271092916,0.985080612998862,2.4022585271092916,2.4022585271092916,global,3
333,1,333,1,0.672933042049408,0.672933042049408,0.7083206176757812,0.6,0.48387096774193544,0.0,55,0,1.0,0.9447852760736196,1.0,0.9447852760736196,0.9410251335840094,0.10714285714285714,0.10714285714285714,0.8616028708133974,0.8616028708133974,0.0,0.0,0.0,0.0,0.4324274484009439,0,False,0.0,0.0,0.0,4.083795953160809,0.0,0.0,4.083795953160809,2.6666180390503795,4.083795953160809,4.083795953160809,global,0
3337,0,3337,0,0.26316455006599426,0.26316455006599426,0.2623310089111328,0.28,0.4193548387096774,0.0,16,0,1.0,0.24430563301728944,1.0,0.24430563301728944,0.5218055880395084,0.3235294117647059,0.3235294117647059,0.05014619883040934,0.05014619883040934,0.0,0.0,0.0,1.0,0.2437061823426957,0,True,0.5,0.5,0.5,3.2938847211160978,0.0,0.0,1.7938847211160978,1.4274262715901636,1.7938847211160978,1.7938847211160978,global,2
3341,1,3341,1,0.6262866854667664,0.6262866854667664,0.6562713980674744,0.52,0.48387096774193544,0.0,55,0,1.0,0.9447852760736196,1.0,0.9447852760736196,0.9410251335840094,0.06557377049180328,0.06557377049180328,0.8616028708133974,0.8616028708133974,0.0,0.0,0.0,0.0,0.4440573565325506,0,True,0.16666666666666669,0.16666666666666669,0.16666666666666669,4.469967840334178,0.0,0.0,3.969967840334178,2.552789926223748,3.969967840334178,3.969967840334178,global,0
3348,1,3348,1,0.6016789078712463,0.6016789078712463,0.581169843673706,0.56,0.5483870967741935,0.0,55,0,1.0,0.9447852760736196,1.0,0.9447852760736196,1.0664951513952106,0.25806451612903225,0.25806451612903225,0.24006159014557663,0.24006159014557663,0.0,0.0,0.0,0.0,0.4614310742794768,0,True,0.25,0.25,0.25,4.563755351312445,0.0,0.0,3.8137553513124454,2.3965774372020157,3.8137553513124454,3.8137553513124454,global,3
335,0,335,0,0.3737916052341461,0.3737916052341461,0.3782427906990051,0.36,0.5483870967741935,0.0,16,0,1.0,0.24430563301728944,1.0,0.24430563301728944,0.6823611535901264,0.2222222222222222,0.2222222222222222,0.24006159014557663,0.24006159014557663,0.0,0.0,0.0,1.0,0.2175565535397617,0,True,0.6666666666666667,0.6666666666666667,0.6666666666666667,4.307563688396355,0.0,0.0,2.3075636883963546,1.9411052388704206,2.3075636883963546,2.3075636883963546,global,3
3364,1,3364,1,0.770723819732666,0.770723819732666,0.7971174120903015,0.68,0.5806451612903225,0.0,55,0,1.0,0.9447852760736196,1.0,0.9447852760736196,1.1292301603008112,0.04878048780487805,0.04878048780487805,0.8616028708133974,0.8616028708133974,0.0,0.0,0.0,0.0,0.5966319993795115,0,True,0.08333333333333334,0.08333333333333334,0.08333333333333334,4.7348383276977595,0.0,0.0,4.4848383276977595,3.0676604135873298,4.4848383276977595,4.4848383276977595,global,0
3374,1,3374,1,0.6422098875045776,0.6422098875045776,0.6358526945114136,0.52,0.45161290322580644,0.0,55,0,1.0,0.9447852760736196,1.0,0.9447852760736196,0.8782901246784088,0.9333333333333333,0.9333333333333333,0.8505039193729003,0.8505039193729003,0.0,0.0,0.0,0.0,0.44294878718142244,0,True,0.08333333333333334,0.08333333333333334,0.08333333333333334,4.162308226406582,0.0,0.0,3.912308226406582,2.495130312296152,3.912308226406582,3.912308226406582,global,7
3382,0,3382,0,0.19419725239276886,0.19419725239276886,0.29548579454421997,0.04,0.06451612903225806,0.0,16,0,1.0,0.24430563301728944,1.0,0.24430563301728944,0.08027778277530899,0.7333333333333333,0.7333333333333333,0.6007775119617226,0.6007775119617226,0.0,0.0,0.0,1.0,0.08128202142898985,0,True,0.08333333333333334,0.08333333333333334,0.08333333333333334,1.2656218719142238,0.0,0.0,1.0156218719142238,0.6491634223882896,1.0156218719142238,1.0156218719142238,global,5
3386,1,3386,1,0.3699170649051666,0.3699170649051666,0.4516417384147644,0.32,0.29032258064516125,0.0,55,0,1.0,0.9447852760736196,1.0,0.9447852760736196,0.5646150801504056,0.047619047619047616,0.047619047619047616,0.6007775119617226,0.6007775119617226,0.0,0.0,0.0,0.0,0.2930143043979072,0,True,0.08333333333333334,0.08333333333333334,0.08333333333333334,3.252049774625119,0.0,0.0,3.002049774625119,1.5848718605146894,3.002049774625119,3.002049774625119,global,5
339,0,339,0,0.3319638669490814,0.3319638669490814,0.3493695855140686,0.4,0.5161290322580645,0.0,16,0,1.0,0.24430563301728944,1.0,0.24430563301728944,0.6422222622024719,0.21666666666666667,0.21666666666666667,0.0,0.0,0.0,0.0,0.0,1.0,0.41850043765843997,0,True,0.5,0.5,0.5,3.68983773889886,0.0,0.0,2.18983773889886,1.8233792893729261,2.18983773889886,2.18983773889886,global,9
3413,1,3413,1,0.6950876116752625,0.6950876116752625,0.6546347141265869,0.64,0.5483870967741935,0.0,55,0,1.0,0.9447852760736196,1.0,0.9447852760736196,1.0664951513952106,0.06,0.06,0.24006159014557663,0.24006159014557663,0.0,0.0,0.0,0.0,0.4136526864720665,0,True,0.08333333333333334,0.08333333333333334,0.08333333333333334,4.204148798013435,0.0,0.0,3.954148798013435,2.536970883903005,3.954148798013435,3.954148798013435,global,3
3423,1,3423,1,0.4865846633911133,0.4865846633911133,0.45798563957214355,0.56,0.48387096774193544,0.0,55,0,1.0,0.9447852760736196,1.0,0.9447852760736196,0.9410251335840094,0.14583333333333334,0.14583333333333334,0.05014619883040934,0.05014619883040934,0.0,0.0,0.0,0.0,0.38316753180199115,0,True,0.08333333333333334,0.08333333333333334,0.08333333333333334,3.724210939262993,0.0,0.0,3.474210939262993,2.0570330251525633,3.474210939262993,3.474210939262993,global,2
3446,1,3446,1,0.35660359263420105,0.35660359263420105,0.44041046500205994,0.32,0.29032258064516125,0.0,55,0,1.0,0.9447852760736196,1.0,0.9447852760736196,0.5646150801504056,0.047619047619047616,0.047619047619047616,0.8616028708133974,0.8616028708133974,0.0,0.0,0.0,0.0,0.29100823836918494,0,True,0.08333333333333334,0.08333333333333334,0.08333333333333334,3.3712098564255673,0.0,0.0,3.1212098564255673,1.7040319423151375,3.1212098564255673,3.1212098564255673,global,0
3449,1,3449,1,0.6843859553337097,0.6843859553337097,0.6937173008918762,0.56,0.48387096774193544,0.0,55,0,1.0,0.9447852760736196,1.0,0.9447852760736196,0.9410251335840094,0.8554216867469879,0.8554216867469879,0.49644736842105247,0.49644736842105247,0.0,0.0,0.0,0.0,0.5799388394388503,0,True,0.08333333333333334,0.08333333333333334,0.08333333333333334,4.1646339499034495,0.0,0.0,3.9146339499034495,2.4974560357930202,3.9146339499034495,3.9146339499034495,global,1
3463,1,3463,1,0.22748848795890808,0.22748848795890808,0.24945034086704254,0.12,0.0967741935483871,0.0,55,0,1.0,0.9447852760736196,1.0,0.9447852760736196,0.1882050267168019,0.05263157894736842,0.05263157894736842,0.05014619883040934,0.05014619883040934,0.0,0.0,0.0,0.0,0.22810074970767152,0,False,0.0,0.0,0.0,2.0062204159018364,0.0,0.0,2.0062204159018364,0.5890425017914068,2.0062204159018364,2.0062204159018364,global,2
349,1,349,1,0.5903589129447937,0.5903589129447937,0.5771780014038086,0.44,0.3548387096774193,0.0,55,0,1.0,0.9447852760736196,1.0,0.9447852760736196,0.6900850979616069,0.8378378378378378,0.8378378378378378,0.49644736842105247,0.49644736842105247,0.0,0.0,0.0,0.0,0.2955659958635324,0,False,0.0,0.0,0.0,3.3760359467906893,0.0,0.0,3.3760359467906893,1.9588580326802596,3.3760359467906893,3.3760359467906893,global,1
350,0,350,0,0.49888524413108826,0.49888524413108826,0.5256533026695251,0.36,0.48387096774193544,0.0,16,0,1.0,0.24430563301728944,1.0,0.24430563301728944,0.6020833708148174,0.35,0.35,0.6007775119617226,0.6007775119617226,0.0,0.0,0.0,1.0,0.1814906979329364,0,True,0.5,0.5,0.5,3.948144545675418,0.0,0.0,2.448144545675418,2.081686096149484,2.448144545675418,2.448144545675418,global,5
3550,0,3550,0,0.38955533504486084,0.38955533504486084,0.3428894579410553,0.28,0.4193548387096774,0.0,16,0,1.0,0.24430563301728944,1.0,0.24430563301728944,0.5218055880395084,0.47368421052631576,0.47368421052631576,0.0,0.0,0.0,0.0,0.0,1.0,0.158162629807797,0,True,0.5,0.5,0.5,3.344261183923517,0.0,0.0,1.8442611839235168,1.4778027343975826,1.8442611839235168,1.8442611839235168,global,8
3552,1,3552,1,0.4823521375656128,0.4823521375656128,0.44779714941978455,0.44,0.3548387096774193,0.0,55,0,1.0,0.9447852760736196,1.0,0.9447852760736196,0.6900850979616069,0.034482758620689655,0.034482758620689655,0.24006159014557663,0.24006159014557663,0.0,0.0,0.0,0.0,0.24699113740827378,0,False,0.0,0.0,0.0,3.146865179813029,0.0,0.0,3.146865179813029,1.7296872657025995,3.146865179813029,3.146865179813029,global,3
3577,1,3577,1,0.3330881595611572,0.3330881595611572,0.40585464239120483,0.2,0.22580645161290322,0.0,55,0,1.0,0.9447852760736196,1.0,0.9447852760736196,0.4391450623392044,0.16129032258064516,0.16129032258064516,0.6007775119617226,0.6007775119617226,0.0,0.0,0.0,0.0,0.20735752170312827,0,True,0.16666666666666669,0.16666666666666669,0.16666666666666669,3.1978573574769618,0.0,0.0,2.6978573574769618,1.280679443366532,2.6978573574769618,2.6978573574769618,global,5
3585,1,3585,1,0.2661823332309723,0.2661823332309723,0.24825063347816467,0.2,0.16129032258064516,0.0,55,0,1.0,0.9447852760736196,1.0,0.9447852760736196,0.31367504452800316,0.8181818181818182,0.8181818181818182,0.0,0.0,0.0,0.0,0.0,0.0,0.15543992598060688,0,False,0.0,0.0,0.0,2.1993364036506797,0.0,0.0,2.1993364036506797,0.7821584895402501,2.1993364036506797,2.1993364036506797,global,8
3605,0,3605,0,0.35299205780029297,0.35299205780029297,0.3643820583820343,0.12,0.12903225806451613,0.0,16,0,1.0,0.24430563301728944,1.0,0.24430563301728944,0.16055556555061798,0.6923076923076923,0.6923076923076923,0.8505039193729003,0.8505039193729003,0.0,0.0,0.0,1.0,0.08553202341261204,0,True,0.08333333333333334,0.08333333333333334,0.08333333333333334,1.7278281786054346,0.0,0.0,1.4778281786054346,1.1113697290795004,1.4778281786054346,1.4778281786054346,global,7
3609,1,3609,1,0.5118933320045471,0.5118933320045471,0.5487346649169922,0.44,0.3548387096774193,0.0,55,0,1.0,0.9447852760736196,1.0,0.9447852760736196,0.6900850979616069,0.0,0.0,0.6007775119617226,0.6007775119617226,0.0,0.0,0.0,0.0,0.1938224494559016,0,False,0.0,0.0,0.0,3.3349054898865376,0.0,0.0,3.3349054898865376,1.917727575776108,3.3349054898865376,3.3349054898865376,global,5
3612,1,3612,1,0.3249659538269043,0.3249659538269043,0.31827443838119507,0.36,0.29032258064516125,0.0,55,0,1.0,0.9447852760736196,1.0,0.9447852760736196,0.5646150801504056,0.08333333333333333,0.08333333333333333,0.05014619883040934,0.05014619883040934,0.0,0.0,0.0,0.0,0.34393319813249823,0,False,0.0,0.0,0.0,2.7460488973172295,0.0,0.0,2.7460488973172295,1.3288709832068002,2.7460488973172295,2.7460488973172295,global,2
3623,0,3623,0,0.5371192693710327,0.5371192693710327,0.5403335094451904,0.36,0.45161290322580644,0.0,16,0,1.0,0.24430563301728944,1.0,0.24430563301728944,0.561944479427163,0.6323529411764706,0.6323529411764706,0.8505039193729003,0.8505039193729003,0.0,0.0,0.0,1.0,0.45694360636692355,0,True,0.4166666666666667,0.4166666666666667,0.4166666666666667,3.8717147130709,0.0,0.0,2.6217147130709,2.255256263544966,2.6217147130709,2.6217147130709,global,7
3634,1,3634,1,0.5889788866043091,0.5889788866043091,0.6569992303848267,0.52,0.45161290322580644,0.0,55,0,1.0,0.9447852760736196,1.0,0.9447852760736196,0.8782901246784088,0.1271186440677966,0.1271186440677966,0.6007775119617226,0.6007775119617226,0.0,0.0,0.0,0.0,0.7764578354677957,0,True,0.08333333333333334,0.08333333333333334,0.08333333333333334,4.09491293646669,0.0,0.0,3.84491293646669,2.42773502235626,3.84491293646669,3.84491293646669,global,5
3635,1,3635,1,0.3680937588214874,0.3680937588214874,0.3750358521938324,0.32,0.25806451612903225,0.0,55,0,1.0,0.9447852760736196,1.0,0.9447852760736196,0.501880071244805,0.05555555555555555,0.05555555555555555,0.24006159014557663,0.24006159014557663,0.0,0.0,0.0,0.0,0.15672587119039566,0,False,0.0,0.0,0.0,2.714830509855591,0.0,0.0,2.714830509855591,1.2976525957451617,2.714830509855591,2.714830509855591,global,3
3644,1,3644,1,0.33238884806632996,0.33238884806632996,0.33513131737709045,0.4,0.3548387096774193,0.0,55,0,1.0,0.9447852760736196,1.0,0.9447852760736196,0.6900850979616069,0.2,0.2,0.0,0.0,0.0,0.0,0.0,0.0,0.24486659929690496,0,True,0.08333333333333334,0.08333333333333334,0.08333333333333334,3.1162263917074036,0.0,0.0,2.8662263917074036,1.4490484775969739,2.8662263917074036,2.8662263917074036,global,9
3654,1,3654,1,0.641390860080719,0.641390860080719,0.6581709384918213,0.44,0.3548387096774193,0.0,55,0,1.0,0.9447852760736196,1.0,0.9447852760736196,0.6900850979616069,0.17647058823529413,0.17647058823529413,1.0,1.0,0.0,0.0,0.0,0.0,0.27513026966059184,0,False,0.0,0.0,0.0,3.6625071024280214,0.0,0.0,3.6625071024280214,2.2453291883175917,3.6625071024280214,3.6625071024280214,global,6
3668,1,3668,1,0.3460523784160614,0.3460523784160614,0.4046456217765808,0.28,0.22580645161290322,0.0,55,0,1.0,0.9447852760736196,1.0,0.9447852760736196,0.4391450623392044,0.0,0.0,0.6007775119617226,0.6007775119617226,0.0,0.0,0.0,0.0,0.10744868266592777,0,False,0.0,0.0,0.0,2.7582560808497245,0.0,0.0,2.7582560808497245,1.3410781667392953,2.7582560808497245,2.7582560808497245,global,5
3683,1,3683,1,0.4347744882106781,0.4347744882106781,0.47336646914482117,0.28,0.25806451612903225,0.0,55,0,1.0,0.9447852760736196,1.0,0.9447852760736196,0.501880071244805,0.3333333333333333,0.3333333333333333,0.8616028708133974,0.8616028708133974,0.0,0.0,0.0,0.0,0.2157159485221354,0,True,0.08333333333333334,0.08333333333333334,0.08333333333333334,3.3066427569003762,0.0,0.0,3.0566427569003762,1.6394648427899465,3.0566427569003762,3.0566427569003762,global,0
3710,1,3710,1,0.2531917095184326,0.2531917095184326,0.28261110186576843,0.16,0.12903225806451613,0.0,55,0,1.0,0.9447852760736196,1.0,0.9447852760736196,0.2509400356224025,0.18181818181818182,0.18181818181818182,0.24006159014557663,0.24006159014557663,0.0,0.0,0.0,0.0,0.14645951855963138,0,False,0.0,0.0,0.0,2.2017644484948855,0.0,0.0,2.2017644484948855,0.7845865343844561,2.2017644484948855,2.2017644484948855,global,3
3721,1,3721,1,0.5308898091316223,0.5308898091316223,0.5945326685905457,0.48,0.4193548387096774,0.0,55,0,1.0,0.9447852760736196,1.0,0.9447852760736196,0.8155551157728081,0.05263157894736842,0.05263157894736842,0.6007775119617226,0.6007775119617226,0.0,0.0,0.0,0.0,0.41188310934089717,0,True,0.08333333333333334,0.08333333333333334,0.08333333333333334,3.8345531276182125,0.0,0.0,3.5845531276182125,2.1673752135077833,3.5845531276182125,3.5845531276182125,global,5
3737,0,3737,0,0.42279893159866333,0.42279893159866333,0.46841686964035034,0.24,0.3548387096774193,0.0,16,0,1.0,0.24430563301728944,1.0,0.24430563301728944,0.44152780526419944,0.20689655172413793,0.20689655172413793,1.0,1.0,0.0,0.0,0.0,1.0,0.20349006791395374,0,True,0.4166666666666667,0.4166666666666667,0.4166666666666667,3.4654220345338893,0.0,0.0,2.2154220345338893,1.8489635850079553,2.2154220345338893,2.2154220345338893,global,6
3761,1,3761,1,0.5621421337127686,0.5621421337127686,0.5785390734672546,0.44,0.3548387096774193,0.0,55,0,1.0,0.9447852760736196,1.0,0.9447852760736196,0.6900850979616069,0.0,0.0,1.0,1.0,0.0,0.0,0.0,0.0,0.19905545716165704,0,False,0.0,0.0,0.0,3.5762856775839795,0.0,0.0,3.5762856775839795,2.1591077634735503,3.5762856775839795,3.5762856775839795,global,6
3782,1,3782,1,0.8477859497070312,0.8477859497070312,0.8137598037719727,0.68,0.6129032258064516,0.0,55,0,1.0,0.9447852760736196,1.0,0.9447852760736196,1.191965169206412,0.8507462686567164,0.8507462686567164,0.8505039193729003,0.8505039193729003,0.0,0.0,0.0,0.0,0.5142538406149083,0,True,0.16666666666666669,0.16666666666666669,0.16666666666666669,5.08074123735988,0.0,0.0,4.58074123735988,3.1635633232494507,4.58074123735988,4.58074123735988,global,7
3787,1,3787,1,0.3604312539100647,0.3604312539100647,0.4499499797821045,0.32,0.25806451612903225,0.0,55,0,1.0,0.9447852760736196,1.0,0.9447852760736196,0.501880071244805,0.0,0.0,0.8616028708133974,0.8616028708133974,0.0,0.0,0.0,0.0,0.18867958226061157,0,False,0.0,0.0,0.0,3.029057259581428,0.0,0.0,3.029057259581428,1.6118793454709983,3.029057259581428,3.029057259581428,global,0
3818,0,3818,0,0.25050410628318787,0.25050410628318787,0.2556197941303253,0.24,0.29032258064516125,0.0,16,0,1.0,0.24430563301728944,1.0,0.24430563301728944,0.36125002248889043,0.275,0.275,0.05014619883040934,0.05014619883040934,0.0,0.0,0.0,1.0,0.2667576084392547,0,True,0.25,0.25,0.25,2.242607277789788,0.0,0.0,1.492607277789788,1.1261488282638539,1.492607277789788,1.492607277789788,global,2
3820,1,3820,1,0.33494964241981506,0.33494964241981506,0.4178383946418762,0.2,0.16129032258064516,0.0,55,0,1.0,0.9447852760736196,1.0,0.9447852760736196,0.31367504452800316,0.11538461538461539,0.11538461538461539,0.8616028708133974,0.8616028708133974,0.0,0.0,0.0,0.0,0.32545534258269926,0,False,0.0,0.0,0.0,2.73615631138908,0.0,0.0,2.73615631138908,1.3189783972786508,2.73615631138908,2.73615631138908,global,0
3825,1,3825,1,0.5789070725440979,0.5789070725440979,0.5621631741523743,0.52,0.45161290322580644,0.0,55,0,1.0,0.9447852760736196,1.0,0.9447852760736196,0.8782901246784088,0.08695652173913043,0.08695652173913043,0.24006159014557663,0.24006159014557663,0.0,0.0,0.0,0.0,0.496690309817577,0,True,0.08333333333333334,0.08333333333333334,0.08333333333333334,3.8225672666153816,0.0,0.0,3.5725672666153816,2.1553893525049523,3.5725672666153816,3.5725672666153816,global,3
3830,1,3830,1,0.503567099571228,0.503567099571228,0.5222320556640625,0.4,0.4193548387096774,0.0,55,0,1.0,0.9447852760736196,1.0,0.9447852760736196,0.8155551157728081,0.8939393939393939,0.8939393939393939,0.8505039193729003,0.8505039193729003,0.0,0.0,0.0,0.0,0.44875041263315746,0,True,0.25,0.25,0.25,4.368618354663164,0.0,0.0,3.6186183546631643,2.201440440552735,3.6186183546631643,3.6186183546631643,global,7
3838,0,3838,0,1.0,1.0,0.9299598336219788,0.76,1.0,0.0,16,0,1.0,0.24430563301728944,1.0,0.24430563301728944,1.2443056330172895,0.6607142857142857,0.6607142857142857,0.8505039193729003,0.8505039193729003,0.0,0.0,0.0,1.0,0.47960955220588103,0,True,1.0,1.0,1.0,7.495593274874149,0.0,0.0,4.495593274874149,4.129134825348214,4.495593274874149,4.495593274874149,global,7
3854,1,3854,1,0.8394193649291992,0.8394193649291992,0.8685504794120789,0.68,0.5806451612903225,0.0,55,0,1.0,0.9447852760736196,1.0,0.9447852760736196,1.1292301603008112,0.03409090909090909,0.03409090909090909,1.0,1.0,0.0,0.0,0.0,0.0,0.6362003257610874,0,True,0.08333333333333334,0.08333333333333334,0.08333333333333334,4.87086382636276,0.0,0.0,4.62086382636276,3.2036859122523307,4.62086382636276,4.62086382636276,global,6
3872,0,3872,0,0.7131601572036743,0.7131601572036743,0.666098415851593,0.44,0.6129032258064516,0.0,16,0,1.0,0.24430563301728944,1.0,0.24430563301728944,0.7626389363654354,0.6470588235294118,0.6470588235294118,0.8505039193729003,0.8505039193729003,0.0,0.0,0.0,1.0,0.2804863506009638,0,True,0.6666666666666667,0.6666666666666667,0.6666666666666667,5.112190891768516,0.0,0.0,3.112190891768516,2.745732442242582,3.112190891768516,3.112190891768516,global,7
3880,1,3880,1,0.3137873709201813,0.3137873709201813,0.2976701259613037,0.24,0.22580645161290322,0.0,55,0,1.0,0.9447852760736196,1.0,0.9447852760736196,0.4391450623392044,0.29411764705882354,0.29411764705882354,0.0,0.0,0.0,0.0,0.0,0.0,0.1353168010550795,0,True,0.08333333333333334,0.08333333333333334,0.08333333333333334,2.650415754388905,0.0,0.0,2.400415754388905,0.9832378402784753,2.400415754388905,2.400415754388905,global,9
3881,1,3881,1,0.3201930820941925,0.3201930820941925,0.3921016454696655,0.16,0.12903225806451613,0.0,55,0,1.0,0.9447852760736196,1.0,0.9447852760736196,0.2509400356224025,0.95,0.95,0.49644736842105247,0.49644736842105247,0.0,0.0,0.0,0.0,0.2444738426504727,0,False,0.0,0.0,0.0,2.4129627329204837,0.0,0.0,2.4129627329204837,0.9957848188100542,2.4129627329204837,2.4129627329204837,global,1
3886,0,3886,0,0.3824763298034668,0.3824763298034668,0.42350444197654724,0.2,0.25806451612903225,0.0,16,0,1.0,0.24430563301728944,1.0,0.24430563301728944,0.32111113110123596,0.7391304347826086,0.7391304347826086,0.49644736842105247,0.49644736842105247,0.0,0.0,0.0,1.0,0.16027981598395516,0,True,0.25,0.25,0.25,2.4348761746324854,0.0,0.0,1.6848761746324852,1.318417725106551,1.6848761746324852,1.6848761746324852,global,1
3897,1,3897,1,0.40548306703567505,0.40548306703567505,0.4644351899623871,0.24,0.22580645161290322,0.0,55,0,1.0,0.9447852760736196,1.0,0.9447852760736196,0.4391450623392044,0.23076923076923078,0.23076923076923078,1.0,1.0,0.0,0.0,0.0,0.0,0.26564806736735325,0,True,0.08333333333333334,0.08333333333333334,0.08333333333333334,3.2628716911749818,0.0,0.0,3.0128716911749818,1.5956937770645525,3.0128716911749818,3.0128716911749818,global,6
3924,1,3924,1,0.610054612159729,0.610054612159729,0.6566967964172363,0.52,0.4193548387096774,0.0,55,0,1.0,0.9447852760736196,1.0,0.9447852760736196,0.8155551157728081,0.05194805194805195,0.05194805194805195,0.8616028708133974,0.8616028708133974,0.0,0.0,0.0,0.0,0.5336333204657359,0,False,0.0,0.0,0.0,3.854822712803987,0.0,0.0,3.854822712803987,2.437644798693557,3.854822712803987,3.854822712803987,global,0
3939,1,3939,1,0.36886921525001526,0.36886921525001526,0.3963359296321869,0.2,0.1935483870967742,0.0,55,0,1.0,0.9447852760736196,1.0,0.9447852760736196,0.3764100534336038,0.15492957746478872,0.15492957746478872,0.24006159014557663,0.24006159014557663,0.0,0.0,0.0,0.0,0.44005895594093514,0,True,0.08333333333333334,0.08333333333333334,0.08333333333333334,2.801418542359059,0.0,0.0,2.551418542359059,1.1342406282486293,2.551418542359059,2.551418542359059,global,3
3949,1,3949,1,0.3080282211303711,0.3080282211303711,0.39761239290237427,0.16,0.12903225806451613,0.0,55,0,1.0,0.9447852760736196,1.0,0.9447852760736196,0.2509400356224025,0.0,0.0,1.0,1.0,0.0,0.0,0.0,0.0,0.23684306024920324,0,False,0.0,0.0,0.0,2.6527179252185196,0.0,0.0,2.6527179252185196,1.23554001110809,2.6527179252185196,2.6527179252185196,global,6
3979,1,3979,1,0.28679853677749634,0.28679853677749634,0.30347198247909546,0.28,0.22580645161290322,0.0,55,0,1.0,0.9447852760736196,1.0,0.9447852760736196,0.4391450623392044,0.15,0.15,0.24006159014557663,0.24006159014557663,0.0,0.0,0.0,0.0,0.1592396444505266,0,False,0.0,0.0,0.0,2.5460323351661795,0.0,0.0,2.5460323351661795,1.12885442105575,2.5460323351661795,2.5460323351661795,global,3
3994,0,3994,0,0.3717348277568817,0.3717348277568817,0.4339698851108551,0.28,0.3548387096774193,0.0,16,0,1.0,0.24430563301728944,1.0,0.24430563301728944,0.44152780526419944,0.40425531914893614,0.40425531914893614,0.6007775119617226,0.6007775119617226,0.0,0.0,0.0,1.0,0.321847822087071,0,True,0.33333333333333337,0.33333333333333337,0.33333333333333337,3.0504668336932608,0.0,0.0,2.0504668336932608,1.6840083841673268,2.0504668336932608,2.0504668336932608,global,5
4001,0,4001,0,0.409026175737381,0.409026175737381,0.40812426805496216,0.12,0.1935483870967742,0.0,16,0,1.0,0.24430563301728944,1.0,0.24430563301728944,0.24083334832592698,0.15384615384615385,0.15384615384615385,0.9268092105263157,0.9268092105263157,0.0,0.0,0.0,1.0,0.0887902849612779,0,True,0.25,0.25,0.25,2.4408178550609287,0.0,0.0,1.6908178550609285,1.3243594055349943,1.6908178550609285,1.6908178550609285,global,4
4012,0,4012,0,0.40090781450271606,0.40090781450271606,0.4205176532268524,0.28,0.29032258064516125,0.0,16,0,1.0,0.24430563301728944,1.0,0.24430563301728944,0.36125002248889043,0.5757575757575758,0.5757575757575758,0.8505039193729003,0.8505039193729003,0.0,0.0,0.0,1.0,0.23550265283839728,0,True,0.16666666666666669,0.16666666666666669,0.16666666666666669,2.543732617956399,0.0,0.0,2.043732617956399,1.6772741684304648,2.043732617956399,2.043732617956399,global,7
4018,1,4018,1,0.5706220865249634,0.5706220865249634,0.5993330478668213,0.44,0.3548387096774193,0.0,55,0,1.0,0.9447852760736196,1.0,0.9447852760736196,0.6900850979616069,0.10714285714285714,0.10714285714285714,0.8616028708133974,0.8616028708133974,0.0,0.0,0.0,0.0,0.40283930794692907,0,False,0.0,0.0,0.0,3.575006230476016,0.0,0.0,3.575006230476016,2.157828316365587,3.575006230476016,3.575006230476016,global,0
4035,1,4035,1,0.3548731207847595,0.3548731207847595,0.3354297876358032,0.48,0.4193548387096774,0.0,55,0,1.0,0.9447852760736196,1.0,0.9447852760736196,0.8155551157728081,0.047619047619047616,0.047619047619047616,0.0,0.0,0.0,0.0,0.0,0.0,0.2082245663759533,0,True,0.08333333333333334,0.08333333333333334,0.08333333333333334,3.3322534580703778,0.0,0.0,3.0822534580703778,1.6650755439599485,3.0822534580703778,3.0822534580703778,global,9
4036,1,4036,1,0.711448073387146,0.711448073387146,0.6945275664329529,0.52,0.5161290322580645,0.0,55,0,1.0,0.9447852760736196,1.0,0.9447852760736196,1.00376014248961,0.20408163265306123,0.20408163265306123,0.8616028708133974,0.8616028708133974,0.0,0.0,0.0,0.0,0.3849729458036677,0,True,0.25,0.25,0.25,4.834887756484075,0.0,0.0,4.084887756484075,2.667709842373645,4.084887756484075,4.084887756484075,global,0
4047,1,4047,1,0.5542231798171997,0.5542231798171997,0.5262365341186523,0.52,0.45161290322580644,0.0,55,0,1.0,0.9447852760736196,1.0,0.9447852760736196,0.8782901246784088,0.06666666666666667,0.06666666666666667,0.24006159014557663,0.24006159014557663,0.0,0.0,0.0,0.0,0.2703919736275835,0,True,0.08333333333333334,0.08333333333333334,0.08333333333333334,3.7349306515768657,0.0,0.0,3.4849306515768657,2.0677527374664364,3.4849306515768657,3.4849306515768657,global,3
4050,1,4050,1,0.41804245114326477,0.41804245114326477,0.40132489800453186,0.52,0.45161290322580644,0.0,55,0,1.0,0.9447852760736196,1.0,0.9447852760736196,0.8782901246784088,0.10526315789473684,0.10526315789473684,0.05014619883040934,0.05014619883040934,0.0,0.0,0.0,0.0,0.31389359085368823,0,True,0.08333333333333334,0.08333333333333334,0.08333333333333334,3.544078858147965,0.0,0.0,3.294078858147965,1.8769009440375357,3.294078858147965,3.294078858147965,global,2
4053,1,4053,1,0.1697317361831665,0.1697317361831665,0.20794452726840973,0.2,0.16129032258064516,0.0,55,0,1.0,0.9447852760736196,1.0,0.9447852760736196,0.31367504452800316,0.08333333333333333,0.08333333333333333,0.0,0.0,0.0,0.0,0.0,0.0,0.16322531064638626,0,False,0.0,0.0,0.0,2.124511541412169,0.0,0.0,2.124511541412169,0.7073336273017393,2.124511541412169,2.124511541412169,global,9
4058,0,4058,0,0.6723883152008057,0.6723883152008057,0.6708106994628906,0.44,0.6774193548387097,0.0,16,0,1.0,0.24430563301728944,1.0,0.24430563301728944,0.8429167191407445,0.25,0.25,1.0,1.0,0.0,0.0,0.0,1.0,0.21683725820813907,0,True,0.8333333333333334,0.8333333333333334,0.8333333333333334,5.764258988826439,0.0,0.0,3.2642589888264397,2.8978005393005057,3.2642589888264397,3.2642589888264397,global,6
4081,1,4081,1,0.5588631629943848,0.5588631629943848,0.6026711463928223,0.44,0.3870967741935484,0.0,55,0,1.0,0.9447852760736196,1.0,0.9447852760736196,0.7528201068672076,0.0,0.0,1.0,1.0,0.0,0.0,0.0,0.0,0.3467879861382173,0,True,0.08333333333333334,0.08333333333333334,0.08333333333333334,3.9324983887344995,0.0,0.0,3.6824983887344995,2.26532047462407,3.6824983887344995,3.6824983887344995,global,6
4099,1,4099,1,0.4614993631839752,0.4614993631839752,0.4355940818786621,0.52,0.45161290322580644,0.0,55,0,1.0,0.9447852760736196,1.0,0.9447852760736196,0.8782901246784088,0.16129032258064516,0.16129032258064516,0.05014619883040934,0.05014619883040934,0.0,0.0,0.0,0.0,0.27511480411677686,0,True,0.08333333333333334,0.08333333333333334,0.08333333333333334,3.5672107517594602,0.0,0.0,3.3172107517594602,1.900032837649031,3.3172107517594602,3.3172107517594602,global,2
4171,0,4171,0,0.5025264024734497,0.5025264024734497,0.4830823838710785,0.4,0.5483870967741935,0.0,16,0,1.0,0.24430563301728944,1.0,0.24430563301728944,0.6823611535901264,0.31746031746031744,0.31746031746031744,0.24006159014557663,0.24006159014557663,0.0,0.0,0.0,1.0,0.4670655400623609,0,True,0.5833333333333334,0.5833333333333334,0.5833333333333334,4.275404222144577,0.0,0.0,2.5254042221445774,2.1589457726186434,2.5254042221445774,2.5254042221445774,global,3
4202,1,4202,1,0.1757744401693344,0.1757744401693344,0.1884264498949051,0.12,0.0967741935483871,0.0,55,0,1.0,0.9447852760736196,1.0,0.9447852760736196,0.1882050267168019,0.8125,0.8125,0.0,0.0,0.0,0.0,0.0,0.0,0.1037470808076129,0,False,0.0,0.0,0.0,1.9024699775849552,0.0,0.0,1.9024699775849552,0.4852920634745256,1.9024699775849552,1.9024699775849552,global,8
4209,1,4209,1,0.7980202436447144,0.7980202436447144,0.8260233998298645,0.64,0.5806451612903225,0.0,55,0,1.0,0.9447852760736196,1.0,0.9447852760736196,1.1292301603008112,0.07865168539325842,0.07865168539325842,1.0,1.0,0.0,0.0,0.0,0.0,0.6331549301637663,0,True,0.16666666666666669,0.16666666666666669,0.16666666666666669,5.046830910655976,0.0,0.0,4.546830910655976,3.1296529965455466,4.546830910655976,4.546830910655976,global,6
4225,1,4225,1,0.38891881704330444,0.38891881704330444,0.40381547808647156,0.32,0.25806451612903225,0.0,55,0,1.0,0.9447852760736196,1.0,0.9447852760736196,0.501880071244805,1.0,1.0,0.8505039193729003,0.8505039193729003,0.0,0.0,0.0,0.0,0.13068162143001683,0,False,0.0,0.0,0.0,3.0288984461185926,0.0,0.0,3.0288984461185926,1.6117205320081633,3.0288984461185926,3.0288984461185926,global,7
4241,0,4241,0,0.36608245968818665,0.36608245968818665,0.32381168007850647,0.24,0.3870967741935484,0.0,16,0,1.0,0.24430563301728944,1.0,0.24430563301728944,0.48166669665185396,0.45454545454545453,0.45454545454545453,0.0,0.0,0.0,0.0,0.0,1.0,0.1696144126018502,0,True,0.5,0.5,0.5,3.2244022894441353,0.0,0.0,1.7244022894441353,1.3579438399182011,1.7244022894441353,1.7244022894441353,global,8
4249,1,4249,1,0.43942350149154663,0.43942350149154663,0.4918888509273529,0.36,0.3548387096774193,0.0,55,0,1.0,0.9447852760736196,1.0,0.9447852760736196,0.6900850979616069,0.045454545454545456,0.045454545454545456,1.0,1.0,0.0,0.0,0.0,0.0,0.31349901758163967,0,True,0.16666666666666669,0.16666666666666669,0.16666666666666669,3.932443839932997,0.0,0.0,3.432443839932997,2.015265925822568,3.432443839932997,3.432443839932997,global,6
4257,0,4257,0,0.6833548545837402,0.6833548545837402,0.6381505727767944,0.44,0.6129032258064516,0.0,16,0,1.0,0.24430563301728944,1.0,0.24430563301728944,0.7626389363654354,0.5952380952380952,0.5952380952380952,0.8505039193729003,0.8505039193729003,0.0,0.0,0.0,1.0,0.3259799264982252,0,True,0.6666666666666667,0.6666666666666667,0.6666666666666667,5.101994722441747,0.0,0.0,3.101994722441747,2.735536272915813,3.101994722441747,3.101994722441747,global,7
4267,1,4267,1,0.30639147758483887,0.30639147758483887,0.41784486174583435,0.08,0.0967741935483871,0.0,55,0,1.0,0.9447852760736196,1.0,0.9447852760736196,0.1882050267168019,0.9354838709677419,0.9354838709677419,0.9268092105263157,0.9268092105263157,0.0,0.0,0.0,0.0,0.17597818343830288,0,True,0.08333333333333334,0.08333333333333334,0.08333333333333334,2.7020375435697233,0.0,0.0,2.4520375435697233,1.034859629459294,2.4520375435697233,2.4520375435697233,global,4
4279,1,4279,1,0.6154013276100159,0.6154013276100159,0.6249321103096008,0.52,0.45161290322580644,0.0,55,0,1.0,0.9447852760736196,1.0,0.9447852760736196,0.8782901246784088,0.8867924528301887,0.8867924528301887,0.49644736842105247,0.49644736842105247,0.0,0.0,0.0,0.0,0.4012950224246438,0,True,0.08333333333333334,0.08333333333333334,0.08333333333333334,3.951336973587974,0.0,0.0,3.701336973587974,2.284159059477545,3.701336973587974,3.701336973587974,global,1
4321,0,4321,0,0.5557453036308289,0.5557453036308289,0.5532740354537964,0.36,0.5483870967741935,0.0,16,0,1.0,0.24430563301728944,1.0,0.24430563301728944,0.6823611535901264,0.6176470588235294,0.6176470588235294,0.49644736842105247,0.49644736842105247,0.0,0.0,0.0,1.0,0.25896143890636747,0,True,0.6666666666666667,0.6666666666666667,0.6666666666666667,4.593741001861421,0.0,0.0,2.593741001861421,2.227282552335487,2.593741001861421,2.593741001861421,global,1
4322,1,4322,1,0.20992650091648102,0.20992650091648102,0.26428672671318054,0.12,0.0967741935483871,0.0,55,0,1.0,0.9447852760736196,1.0,0.9447852760736196,0.1882050267168019,0.17647058823529413,0.17647058823529413,0.24006159014557663,0.24006159014557663,0.0,0.0,0.0,0.0,0.10662073873583615,0,False,0.0,0.0,0.0,2.0506845186339278,0.0,0.0,2.0506845186339278,0.6335066045234982,2.0506845186339278,2.0506845186339278,global,3
434,1,434,1,0.6728588938713074,0.6728588938713074,0.7323424816131592,0.48,0.45161290322580644,0.0,55,0,1.0,0.9447852760736196,1.0,0.9447852760736196,0.8782901246784088,0.10679611650485436,0.10679611650485436,1.0,1.0,0.0,0.0,0.0,0.0,0.6828603603018337,0,True,0.16666666666666669,0.16666666666666669,0.16666666666666669,4.543548943749639,0.0,0.0,4.043548943749639,2.626371029639209,4.043548943749639,4.043548943749639,global,6
4342,1,4342,1,0.6394460201263428,0.6394460201263428,0.6731346845626831,0.52,0.4193548387096774,0.0,55,0,1.0,0.9447852760736196,1.0,0.9447852760736196,0.8155551157728081,0.017857142857142856,0.017857142857142856,1.0,1.0,0.0,0.0,0.0,0.0,0.41452047770287614,0,False,0.0,0.0,0.0,3.911800550941721,0.0,0.0,3.911800550941721,2.494622636831292,3.911800550941721,3.911800550941721,global,6
4352,1,4352,1,0.3242452144622803,0.3242452144622803,0.31489843130111694,0.2,0.16129032258064516,0.0,55,0,1.0,0.9447852760736196,1.0,0.9447852760736196,0.31367504452800316,0.07407407407407407,0.07407407407407407,0.24006159014557663,0.24006159014557663,0.0,0.0,0.0,0.0,0.18472934362975474,0,False,0.0,0.0,0.0,2.374604329003259,0.0,0.0,2.374604329003259,0.9574264148928293,2.374604329003259,2.374604329003259,global,3
4359,1,4359,1,0.503005862236023,0.503005862236023,0.5199685096740723,0.4,0.3225806451612903,0.0,55,0,1.0,0.9447852760736196,1.0,0.9447852760736196,0.6273500890560063,0.90625,0.90625,0.8505039193729003,0.8505039193729003,0.0,0.0,0.0,0.0,0.43825627476243145,0,False,0.0,0.0,0.0,3.421472736337008,0.0,0.0,3.421472736337008,2.0042948222265786,3.421472736337008,3.421472736337008,global,7
4363,1,4363,1,0.46117472648620605,0.46117472648620605,0.5249159932136536,0.36,0.29032258064516125,0.0,55,0,1.0,0.9447852760736196,1.0,0.9447852760736196,0.5646150801504056,0.9444444444444444,0.9444444444444444,0.9268092105263157,0.9268092105263157,0.0,0.0,0.0,0.0,0.26627126957996045,0,False,0.0,0.0,0.0,3.2700488427268626,0.0,0.0,3.2700488427268626,1.8528709286164333,3.2700488427268626,3.2700488427268626,global,4
4366,0,4366,0,0.20302730798721313,0.20302730798721313,0.1745758205652237,0.12,0.1935483870967742,0.0,16,0,1.0,0.24430563301728944,1.0,0.24430563301728944,0.24083334832592698,0.5454545454545454,0.5454545454545454,0.05014619883040934,0.05014619883040934,0.0,0.0,0.0,1.0,0.0746168356884613,0,True,0.25,0.25,0.25,1.833435220230996,0.0,0.0,1.083435220230996,0.7169767707050619,1.083435220230996,1.083435220230996,global,2
4391,0,4391,0,0.3277076184749603,0.3277076184749603,0.3961486220359802,0.16,0.25806451612903225,0.0,16,0,1.0,0.24430563301728944,1.0,0.24430563301728944,0.32111113110123596,0.5454545454545454,0.5454545454545454,0.6007775119617226,0.6007775119617226,0.0,0.0,0.0,1.0,0.08244418837771726,0,True,0.33333333333333337,0.33333333333333337,0.33333333333333337,2.6298755890581433,0.0,0.0,1.6298755890581433,1.2634171395322091,1.6298755890581433,1.6298755890581433,global,5
4398,0,4398,0,0.4528685510158539,0.4528685510158539,0.43081599473953247,0.24,0.3225806451612903,0.0,16,0,1.0,0.24430563301728944,1.0,0.24430563301728944,0.40138891387654496,0.29411764705882354,0.29411764705882354,0.49644736842105247,0.49644736842105247,0.0,0.0,0.0,1.0,0.13740650843875726,0,True,0.33333333333333337,0.33333333333333337,0.33333333333333337,2.9033602174033515,0.0,0.0,1.9033602174033513,1.536901767877417,1.9033602174033513,1.9033602174033513,global,1
4409,0,4409,0,0.4413100481033325,0.4413100481033325,0.4694177806377411,0.24,0.3225806451612903,0.0,16,0,1.0,0.24430563301728944,1.0,0.24430563301728944,0.40138891387654496,0.375,0.375,0.8616028708133974,0.8616028708133974,0.0,0.0,0.0,1.0,0.1754453361812108,0,True,0.33333333333333337,0.33333333333333337,0.33333333333333337,3.0881028145922427,0.0,0.0,2.0881028145922427,1.7216443650663085,2.0881028145922427,2.0881028145922427,global,0
4421,1,4421,1,0.2293677181005478,0.2293677181005478,0.22869817912578583,0.12,0.0967741935483871,0.0,55,0,1.0,0.9447852760736196,1.0,0.9447852760736196,0.1882050267168019,0.9069767441860465,0.9069767441860465,0.0,0.0,0.0,0.0,0.0,0.0,0.2638744225176969,0,False,0.0,0.0,0.0,1.993382802442951,0.0,0.0,1.993382802442951,0.5762048883325215,1.993382802442951,1.993382802442951,global,8
4436,1,4436,1,0.9324385523796082,0.9324385523796082,0.8779860138893127,1.0,0.9032258064516129,0.0,55,0,1.0,0.9447852760736196,1.0,0.9447852760736196,1.7565802493568177,0.09278350515463918,0.09278350515463918,0.0,0.0,0.0,0.0,0.0,0.0,0.7594051551319391,0,True,0.25,0.25,0.25,5.947401915456923,0.0,0.0,5.197401915456923,3.7802240013464936,5.197401915456923,5.197401915456923,global,9
4440,1,4440,1,0.4279354214668274,0.4279354214668274,0.4503619372844696,0.28,0.22580645161290322,0.0,55,0,1.0,0.9447852760736196,1.0,0.9447852760736196,0.4391450623392044,0.813953488372093,0.813953488372093,0.8505039193729003,0.8505039193729003,0.0,0.0,0.0,0.0,0.29280662184772327,0,False,0.0,0.0,0.0,3.004233100750465,0.0,0.0,3.004233100750465,1.5870551866400355,3.004233100750465,3.004233100750465,global,7
4441,1,4441,1,0.3805693984031677,0.3805693984031677,0.4216773211956024,0.2,0.16129032258064516,0.0,55,0,1.0,0.9447852760736196,1.0,0.9447852760736196,0.31367504452800316,0.12121212121212122,0.12121212121212122,0.8616028708133974,0.8616028708133974,0.0,0.0,0.0,0.0,0.21737738465847734,0,False,0.0,0.0,0.0,2.7402287287984954,0.0,0.0,2.7402287287984954,1.3230508146880662,2.7402287287984954,2.7402287287984954,global,0
4446,1,4446,1,0.8353350162506104,0.8353350162506104,0.8619300723075867,0.72,0.6451612903225806,0.0,55,0,1.0,0.9447852760736196,1.0,0.9447852760736196,1.2547001781120126,0.9594594594594594,0.9594594594594594,0.9268092105263157,0.9268092105263157,0.0,0.0,0.0,0.0,0.5609211015651603,0,True,0.16666666666666669,0.16666666666666669,0.16666666666666669,5.227449443488785,0.0,0.0,4.727449443488785,3.310271529378356,4.727449443488785,4.727449443488785,global,4
4448,1,4448,1,0.3491654694080353,0.3491654694080353,0.4314138889312744,0.24,0.1935483870967742,0.0,55,0,1.0,0.9447852760736196,1.0,0.9447852760736196,0.3764100534336038,0.1,0.1,1.0,1.0,0.0,0.0,0.0,0.0,0.206820105537054,0,False,0.0,0.0,0.0,2.8856530954915223,0.0,0.0,2.8856530954915223,1.4684751813810928,2.8856530954915223,2.8856530954915223,global,6
4449,1,4449,1,0.42518898844718933,0.42518898844718933,0.4947565495967865,0.24,0.25806451612903225,0.0,55,0,1.0,0.9447852760736196,1.0,0.9447852760736196,0.501880071244805,0.782608695652174,0.782608695652174,0.9268092105263157,0.9268092105263157,0.0,0.0,0.0,0.0,0.3020780667093195,0,True,0.16666666666666669,0.16666666666666669,0.16666666666666669,3.567486162402199,0.0,0.0,3.067486162402199,1.6503082482917695,3.067486162402199,3.067486162402199,global,4
4462,1,4462,1,0.45348095893859863,0.45348095893859863,0.4910523593425751,0.32,0.3225806451612903,0.0,55,0,1.0,0.9447852760736196,1.0,0.9447852760736196,0.6273500890560063,0.8461538461538461,0.8461538461538461,0.49644736842105247,0.49644736842105247,0.0,0.0,0.0,0.0,0.3498963658458534,0,True,0.16666666666666669,0.16666666666666669,0.16666666666666669,3.5983165655481715,0.0,0.0,3.0983165655481715,1.681138651437742,3.0983165655481715,3.0983165655481715,global,1
4472,1,4472,1,0.26207035779953003,0.26207035779953003,0.271147757768631,0.36,0.29032258064516125,0.0,55,0,1.0,0.9447852760736196,1.0,0.9447852760736196,0.5646150801504056,0.0425531914893617,0.0425531914893617,0.05014619883040934,0.05014619883040934,0.0,0.0,0.0,0.0,0.3346952849411311,0,False,0.0,0.0,0.0,2.69296104653792,0.0,0.0,2.69296104653792,1.2757831324274906,2.69296104653792,2.69296104653792,global,2
4473,1,4473,1,0.22908666729927063,0.22908666729927063,0.2358439862728119,0.24,0.1935483870967742,0.0,55,0,1.0,0.9447852760736196,1.0,0.9447852760736196,0.3764100534336038,0.16216216216216217,0.16216216216216217,0.05014619883040934,0.05014619883040934,0.0,0.0,0.0,0.0,0.25206335442782346,0,False,0.0,0.0,0.0,2.328236127886946,0.0,0.0,2.328236127886946,0.9110582137765166,2.328236127886946,2.328236127886946,global,2
4480,1,4480,1,0.6925070881843567,0.6925070881843567,0.7119885683059692,0.52,0.4193548387096774,0.0,55,0,1.0,0.9447852760736196,1.0,0.9447852760736196,0.8155551157728081,0.09375,0.09375,1.0,1.0,0.0,0.0,0.0,0.0,0.4677591127298584,0,False,0.0,0.0,0.0,3.970220995896227,0.0,0.0,3.970220995896227,2.553043081785798,3.970220995896227,3.970220995896227,global,6
4493,1,4493,1,0.5611447691917419,0.5611447691917419,0.6104534268379211,0.48,0.4193548387096774,0.0,55,0,1.0,0.9447852760736196,1.0,0.9447852760736196,0.8155551157728081,0.10606060606060606,0.10606060606060606,0.8616028708133974,0.8616028708133974,0.0,0.0,0.0,0.0,0.4637710393313874,0,True,0.08333333333333334,0.08333333333333334,0.08333333333333334,4.004736154089293,0.0,0.0,3.7547361540892927,2.3375582399788635,3.7547361540892927,3.7547361540892927,global,0
450,1,450,1,0.3739629089832306,0.3739629089832306,0.35016655921936035,0.36,0.29032258064516125,0.0,55,0,1.0,0.9447852760736196,1.0,0.9447852760736196,0.5646150801504056,0.08333333333333333,0.08333333333333333,0.05014619883040934,0.05014619883040934,0.0,0.0,0.0,0.0,0.20876150966112067,0,False,0.0,0.0,0.0,2.7446949549008774,0.0,0.0,2.7446949549008774,1.327517040790448,2.7446949549008774,2.7446949549008774,global,2
4519,1,4519,1,0.5197625756263733,0.5197625756263733,0.5701841711997986,0.4,0.3870967741935484,0.0,55,0,1.0,0.9447852760736196,1.0,0.9447852760736196,0.7528201068672076,0.06779661016949153,0.06779661016949153,0.8616028708133974,0.8616028708133974,0.0,0.0,0.0,0.0,0.40757584808089503,0,True,0.16666666666666669,0.16666666666666669,0.16666666666666669,4.060255712829592,0.0,0.0,3.5602557128295924,2.1430777987191627,3.5602557128295924,3.5602557128295924,global,0
4530,1,4530,1,0.4202817678451538,0.4202817678451538,0.4028595983982086,0.56,0.48387096774193544,0.0,55,0,1.0,0.9447852760736196,1.0,0.9447852760736196,0.9410251335840094,0.027777777777777776,0.027777777777777776,0.05014619883040934,0.05014619883040934,0.0,0.0,0.0,0.0,0.3114006647637071,0,True,0.08333333333333334,0.08333333333333334,0.08333333333333334,3.64963856271474,0.0,0.0,3.39963856271474,1.9824606486043108,3.39963856271474,3.39963856271474,global,2
4535,1,4535,1,0.18608449399471283,0.18608449399471283,0.1350480020046234,0.32,0.25806451612903225,0.0,55,0,1.0,0.9447852760736196,1.0,0.9447852760736196,0.501880071244805,0.0,0.0,0.0,0.0,0.0,0.0,0.0,0.0,0.05217391304347826,0,False,0.0,0.0,0.0,2.4178267154773074,0.0,0.0,2.4178267154773074,1.0006488013668782,2.4178267154773074,2.4178267154773074,global,11
4566,1,4566,1,0.5153483748435974,0.5153483748435974,0.5426278114318848,0.44,0.3870967741935484,0.0,55,0,1.0,0.9447852760736196,1.0,0.9447852760736196,0.7528201068672076,0.9285714285714286,0.9285714285714286,0.49644736842105247,0.49644736842105247,0.0,0.0,0.0,0.0,0.3200741777836562,0,True,0.08333333333333334,0.08333333333333334,0.08333333333333334,3.637896099918027,0.0,0.0,3.387896099918027,1.970718185807598,3.387896099918027,3.387896099918027,global,1
4572,0,4572,0,0.7163727283477783,0.7163727283477783,0.6925727128982544,0.4,0.5806451612903225,0.0,16,0,1.0,0.24430563301728944,1.0,0.24430563301728944,0.7225000449777809,0.25806451612903225,0.25806451612903225,1.0,1.0,0.0,0.0,0.0,1.0,0.25088979857722,0,True,0.6666666666666667,0.6666666666666667,0.6666666666666667,5.076113894357968,0.0,0.0,3.0761138943579676,2.7096554448320336,3.0761138943579676,3.0761138943579676,global,6
4595,1,4595,1,0.33233442902565,0.33233442902565,0.4139953851699829,0.24,0.22580645161290322,0.0,55,0,1.0,0.9447852760736196,1.0,0.9447852760736196,0.4391450623392044,0.08695652173913043,0.08695652173913043,0.6007775119617226,0.6007775119617226,0.0,0.0,0.0,0.0,0.16671953626524466,0,True,0.08333333333333334,0.08333333333333334,0.08333333333333334,2.9750629774171906,0.0,0.0,2.7250629774171906,1.3078850633067611,2.7250629774171906,2.7250629774171906,global,5
4604,1,4604,1,0.536439836025238,0.536439836025238,0.5938397645950317,0.4,0.3548387096774193,0.0,55,0,1.0,0.9447852760736196,1.0,0.9447852760736196,0.6900850979616069,0.8723404255319149,0.8723404255319149,0.9268092105263157,0.9268092105263157,0.0,0.0,0.0,0.0,0.3412217738779526,0,True,0.08333333333333334,0.08333333333333334,0.08333333333333334,3.771778339712002,0.0,0.0,3.521778339712002,2.1046004256015727,3.521778339712002,3.521778339712002,global,4
4621,1,4621,1,0.6118939518928528,0.6118939518928528,0.6259202361106873,0.52,0.48387096774193544,0.0,55,0,1.0,0.9447852760736196,1.0,0.9447852760736196,0.9410251335840094,0.17777777777777778,0.17777777777777778,0.6007775119617226,0.6007775119617226,0.0,0.0,0.0,0.0,0.35830990934537676,0,True,0.16666666666666669,0.16666666666666669,0.16666666666666669,4.302316739893057,0.0,0.0,3.8023167398930573,2.3851388257826276,3.8023167398930573,3.8023167398930573,global,5
4629,1,4629,1,0.2984066605567932,0.2984066605567932,0.3154871463775635,0.36,0.3548387096774193,0.0,55,0,1.0,0.9447852760736196,1.0,0.9447852760736196,0.6900850979616069,0.1590909090909091,0.1590909090909091,0.0,0.0,0.0,0.0,0.0,0.0,0.3168926427791325,0,True,0.16666666666666669,0.16666666666666669,0.16666666666666669,3.3206484547444424,0.0,0.0,2.8206484547444424,1.403470540634013,2.8206484547444424,2.8206484547444424,global,9
4633,1,4633,1,0.7675591707229614,0.7675591707229614,0.695712149143219,0.88,0.8064516129032259,0.0,55,0,1.0,0.9447852760736196,1.0,0.9447852760736196,1.5683752226400158,0.10416666666666667,0.10416666666666667,0.05014619883040934,0.05014619883040934,0.0,0.0,0.0,0.0,0.4530459087993337,0,True,0.25,0.25,0.25,5.435115348550255,0.0,0.0,4.685115348550255,3.2679374344398258,4.685115348550255,4.685115348550255,global,2
4637,1,4637,1,0.6718404293060303,0.6718404293060303,0.6997696161270142,0.48,0.4193548387096774,0.0,55,0,1.0,0.9447852760736196,1.0,0.9447852760736196,0.8155551157728081,0.8,0.8,0.9268092105263157,0.9268092105263157,0.0,0.0,0.0,0.0,0.3171412230659399,0,True,0.08333333333333334,0.08333333333333334,0.08333333333333334,4.081906907157548,0.0,0.0,3.8319069071575482,2.414728993047119,3.8319069071575482,3.8319069071575482,global,4
4671,1,4671,1,0.7454558610916138,0.7454558610916138,0.7006615400314331,0.84,0.7096774193548386,0.0,55,0,1.0,0.9447852760736196,1.0,0.9447852760736196,1.3801701959232138,0.03773584905660377,0.03773584905660377,0.0,0.0,0.0,0.0,0.0,0.0,0.468067835991317,0,True,0.08333333333333334,0.08333333333333334,0.08333333333333334,4.663317792490792,0.0,0.0,4.413317792490792,2.996139878380363,4.413317792490792,4.413317792490792,global,9
4676,1,4676,1,0.5775323510169983,0.5775323510169983,0.6205348372459412,0.4,0.3548387096774193,0.0,55,0,1.0,0.9447852760736196,1.0,0.9447852760736196,0.6900850979616069,0.8653846153846154,0.8653846153846154,0.9268092105263157,0.9268092105263157,0.0,0.0,0.0,0.0,0.3677414014273102,0,True,0.08333333333333334,0.08333333333333334,0.08333333333333334,3.812608239970218,0.0,0.0,3.562608239970218,2.145430325859788,3.562608239970218,3.562608239970218,global,4
4689,1,4689,1,0.40158748626708984,0.40158748626708984,0.39224737882614136,0.36,0.3225806451612903,0.0,55,0,1.0,0.9447852760736196,1.0,0.9447852760736196,0.6273500890560063,0.2222222222222222,0.2222222222222222,0.24006159014557663,0.24006159014557663,0.0,0.0,0.0,0.0,0.21855441205463766,0,True,0.08333333333333334,0.08333333333333334,0.08333333333333334,3.179206312135862,0.0,0.0,2.929206312135862,1.512028398025432,2.929206312135862,2.929206312135862,global,3
4708,1,4708,1,0.461656779050827,0.461656779050827,0.5323178768157959,0.44,0.3548387096774193,0.0,55,0,1.0,0.9447852760736196,1.0,0.9447852760736196,0.6900850979616069,0.08333333333333333,0.08333333333333333,0.6007775119617226,0.6007775119617226,0.0,0.0,0.0,0.0,0.4207993171295168,0,False,0.0,0.0,0.0,3.3628093078256462,0.0,0.0,3.3628093078256462,1.9456313937152168,3.3628093078256462,3.3628093078256462,global,5
4713,0,4713,0,0.39573168754577637,0.39573168754577637,0.35329145193099976,0.32,0.48387096774193544,0.0,16,0,1.0,0.24430563301728944,1.0,0.24430563301728944,0.6020833708148174,0.5789473684210527,0.5789473684210527,0.0,0.0,0.0,0.0,0.0,1.0,0.28247734328910346,0,True,0.5833333333333334,0.5833333333333334,0.5833333333333334,3.805528938033157,0.0,0.0,2.055528938033157,1.6890704885072232,2.055528938033157,2.055528938033157,global,8
4717,1,4717,1,0.43122604489326477,0.43122604489326477,0.4778166115283966,0.32,0.29032258064516125,0.0,55,0,1.0,0.9447852760736196,1.0,0.9447852760736196,0.5646150801504056,0.847457627118644,0.847457627118644,0.49644736842105247,0.49644736842105247,0.0,0.0,0.0,0.0,0.3888306676536747,0,True,0.08333333333333334,0.08333333333333334,0.08333333333333334,3.277676795821993,0.0,0.0,3.027676795821993,1.610498881711563,3.027676795821993,3.027676795821993,global,1
4727,1,4727,1,0.7208760380744934,0.7208760380744934,0.7465780377388,0.56,0.48387096774193544,0.0,55,0,1.0,0.9447852760736196,1.0,0.9447852760736196,0.9410251335840094,0.058823529411764705,0.058823529411764705,1.0,1.0,0.0,0.0,0.0,0.0,0.4926772574606264,0,True,0.08333333333333334,0.08333333333333334,0.08333333333333334,4.419423857292083,0.0,0.0,4.169423857292083,2.7522459431816535,4.169423857292083,4.169423857292083,global,6
4739,1,4739,1,0.250728577375412,0.250728577375412,0.2633046507835388,0.32,0.25806451612903225,0.0,55,0,1.0,0.9447852760736196,1.0,0.9447852760736196,0.501880071244805,0.12903225806451613,0.12903225806451613,0.05014619883040934,0.05014619883040934,0.0,0.0,0.0,0.0,0.23087047015259504,0,False,0.0,0.0,0.0,2.5482240487298067,0.0,0.0,2.5482240487298067,1.1310461346193772,2.5482240487298067,2.5482240487298067,global,2
4762,0,4762,0,0.410885214805603,0.410885214805603,0.372756689786911,0.32,0.45161290322580644,0.0,16,0,1.0,0.24430563301728944,1.0,0.24430563301728944,0.561944479427163,0.5294117647058824,0.5294117647058824,0.0,0.0,0.0,0.0,0.0,1.0,0.1541477680363769,0,True,0.5,0.5,0.5,3.4646367582329427,0.0,0.0,1.9646367582329425,1.5981783087070083,1.9646367582329425,1.9646367582329425,global,8
4775,1,4775,1,0.38445571064949036,0.38445571064949036,0.4225240647792816,0.28,0.22580645161290322,0.0,55,0,1.0,0.9447852760736196,1.0,0.9447852760736196,0.4391450623392044,0.8604651162790697,0.8604651162790697,0.8505039193729003,0.8505039193729003,0.0,0.0,0.0,0.0,0.29108142448503327,0,False,0.0,0.0,0.0,2.9689317728877884,0.0,0.0,2.9689317728877884,1.551753858777359,2.9689317728877884,2.9689317728877884,global,7
4780,1,4780,1,0.5135414004325867,0.5135414004325867,0.5078648328781128,0.2,0.1935483870967742,0.0,55,0,1.0,0.9447852760736196,1.0,0.9447852760736196,0.3764100534336038,0.0,0.0,1.0,1.0,0.0,0.0,0.0,0.0,0.0840549530626248,0,True,0.08333333333333334,0.08333333333333334,0.08333333333333334,3.1903242945688346,0.0,0.0,2.9403242945688346,1.523146380458405,2.9403242945688346,2.9403242945688346,global,6
4801,1,4801,1,0.5304264426231384,0.5304264426231384,0.5816015005111694,0.4,0.3548387096774193,0.0,55,0,1.0,0.9447852760736196,1.0,0.9447852760736196,0.6900850979616069,0.9629629629629629,0.9629629629629629,0.9268092105263157,0.9268092105263157,0.0,0.0,0.0,0.0,0.23092179503460378,0,True,0.08333333333333334,0.08333333333333334,0.08333333333333334,3.733877631337318,0.0,0.0,3.483877631337318,2.0666997172268884,3.483877631337318,3.483877631337318,global,4
4812,1,4812,1,0.596503496170044,0.596503496170044,0.6097795367240906,0.44,0.3870967741935484,0.0,55,0,1.0,0.9447852760736196,1.0,0.9447852760736196,0.7528201068672076,0.8160919540229885,0.8160919540229885,0.49644736842105247,0.49644736842105247,0.0,0.0,0.0,0.0,0.5801532394860496,0,True,0.08333333333333334,0.08333333333333334,0.08333333333333334,3.7808439154899025,0.0,0.0,3.5308439154899025,2.1136660013794732,3.5308439154899025,3.5308439154899025,global,1
4823,1,4823,1,0.3260386884212494,0.3260386884212494,0.32393762469291687,0.44,0.3548387096774193,0.0,55,0,1.0,0.9447852760736196,1.0,0.9447852760736196,0.6900850979616069,0.0625,0.0625,0.0,0.0,0.0,0.0,0.0,0.0,0.264230111112954,0,False,0.0,0.0,0.0,2.9069553175361538,0.0,0.0,2.9069553175361538,1.4897774034257243,2.9069553175361538,2.9069553175361538,global,9
4849,1,4849,1,0.32978734374046326,0.32978734374046326,0.4308934509754181,0.28,0.25806451612903225,0.0,55,0,1.0,0.9447852760736196,1.0,0.9447852760736196,0.501880071244805,0.0625,0.0625,0.8616028708133974,0.8616028708133974,0.0,0.0,0.0,0.0,0.22629134365105913,0,True,0.08333333333333334,0.08333333333333334,0.08333333333333334,3.225825659862881,0.0,0.0,2.975825659862881,1.5586477457524517,2.975825659862881,2.975825659862881,global,0
4854,0,4854,0,0.6956160068511963,0.6956160068511963,0.6816863417625427,0.56,0.6451612903225806,0.0,16,0,1.0,0.24430563301728944,1.0,0.24430563301728944,0.8027778277530899,0.6527777777777778,0.6527777777777778,0.49644736842105247,0.49644736842105247,0.0,0.0,0.0,1.0,0.5234590924049528,0,True,0.5,0.5,0.5,4.678535247584065,0.0,0.0,3.178535247584065,2.812076798058131,3.178535247584065,3.178535247584065,global,1
4883,1,4883,1,0.23989510536193848,0.23989510536193848,0.29745155572891235,0.32,0.29032258064516125,0.0,55,0,1.0,0.9447852760736196,1.0,0.9447852760736196,0.5646150801504056,0.9230769230769231,0.9230769230769231,0.8505039193729003,0.8505039193729003,0.0,0.0,0.0,0.0,0.12931024867648716,0,True,0.08333333333333334,0.08333333333333334,0.08333333333333334,3.223784193979699,0.0,0.0,2.973784193979699,1.5566062798692695,2.973784193979699,2.973784193979699,global,7
4914,1,4914,1,0.6732195019721985,0.6732195019721985,0.6856935620307922,0.6,0.5161290322580645,0.0,55,0,1.0,0.9447852760736196,1.0,0.9447852760736196,1.00376014248961,0.046511627906976744,0.046511627906976744,0.6007775119617226,0.6007775119617226,0.0,0.0,0.0,0.0,0.3597023370422281,0,True,0.08333333333333334,0.08333333333333334,0.08333333333333334,4.246311037297847,0.0,0.0,3.996311037297847,2.5791331231874173,3.996311037297847,3.996311037297847,global,5
4945,1,4945,1,0.6692550182342529,0.6692550182342529,0.6890483498573303,0.52,0.45161290322580644,0.0,55,0,1.0,0.9447852760736196,1.0,0.9447852760736196,0.8782901246784088,0.1232876712328767,0.1232876712328767,0.8616028708133974,0.8616028708133974,0.0,0.0,0.0,0.0,0.5181839468890255,0,True,0.08333333333333334,0.08333333333333334,0.08333333333333334,4.212064354622851,0.0,0.0,3.962064354622851,2.544886440512421,3.962064354622851,3.962064354622851,global,0
496,0,496,0,0.4755038321018219,0.4755038321018219,0.4861370325088501,0.28,0.45161290322580644,0.0,16,0,1.0,0.24430563301728944,1.0,0.24430563301728944,0.561944479427163,0.6060606060606061,0.6060606060606061,0.49644736842105247,0.49644736842105247,0.0,0.0,0.0,1.0,0.23544373853703682,0,True,0.5833333333333334,0.5833333333333334,0.5833333333333334,3.998944127430642,0.0,0.0,2.248944127430642,1.8824856779047079,2.248944127430642,2.248944127430642,global,1
4960,1,4960,1,0.35748377442359924,0.35748377442359924,0.3939676582813263,0.28,0.22580645161290322,0.0,55,0,1.0,0.9447852760736196,1.0,0.9447852760736196,0.4391450623392044,0.9555555555555556,0.9555555555555556,0.8505039193729003,0.8505039193729003,0.0,0.0,0.0,0.0,0.3069871316154779,0,False,0.0,0.0,0.0,2.952125936046209,0.0,0.0,2.952125936046209,1.5349480219357794,2.952125936046209,2.952125936046209,global,7
4980,1,4980,1,0.7794045805931091,0.7794045805931091,0.7659056186676025,0.6,0.5806451612903225,0.0,55,0,1.0,0.9447852760736196,1.0,0.9447852760736196,1.1292301603008112,0.86,0.86,0.8505039193729003,0.8505039193729003,0.0,0.0,0.0,0.0,0.688348186738623,0,True,0.25,0.25,0.25,5.183748316873599,0.0,0.0,4.433748316873599,3.0165704027631692,4.433748316873599,4.433748316873599,global,7
4985,1,4985,1,0.6227539777755737,0.6227539777755737,0.6328301429748535,0.6,0.5161290322580645,0.0,55,0,1.0,0.9447852760736196,1.0,0.9447852760736196,1.00376014248961,0.16037735849056603,0.16037735849056603,0.24006159014557663,0.24006159014557663,0.0,0.0,0.0,0.0,0.726946196833988,0,True,0.08333333333333334,0.08333333333333334,0.08333333333333334,4.135753814970002,0.0,0.0,3.885753814970002,2.4685759008595727,3.885753814970002,3.885753814970002,global,3
4992,1,4992,1,0.3554236888885498,0.3554236888885498,0.4598870575428009,0.16,0.12903225806451613,0.0,55,0,1.0,0.9447852760736196,1.0,0.9447852760736196,0.2509400356224025,0.92,0.92,0.9268092105263157,0.9268092105263157,0.0,0.0,0.0,0.0,0.3034806195906986,0,False,0.0,0.0,0.0,2.674030172490669,0.0,0.0,2.674030172490669,1.2568522583802395,2.674030172490669,2.674030172490669,global,4
4996,1,4996,1,0.449931263923645,0.449931263923645,0.5247451663017273,0.4,0.3225806451612903,0.0,55,0,1.0,0.9447852760736196,1.0,0.9447852760736196,0.6273500890560063,0.034482758620689655,0.034482758620689655,0.8616028708133974,0.8616028708133974,0.0,0.0,0.0,0.0,0.3991279936541821,0,False,0.0,0.0,0.0,3.3728240490748793,0.0,0.0,3.3728240490748793,1.9556461349644498,3.3728240490748793,3.3728240490748793,global,0
5,0,5,0,0.4731195867061615,0.4731195867061615,0.479453980922699,0.32,0.48387096774193544,0.0,16,0,1.0,0.24430563301728944,1.0,0.24430563301728944,0.6020833708148174,0.7014925373134329,0.7014925373134329,0.8505039193729003,0.8505039193729003,0.0,0.0,0.0,1.0,0.4480301051237532,0,True,0.5833333333333334,0.5833333333333334,0.5833333333333334,4.342357045598311,0.0,0.0,2.5923570455983103,2.2258985960723763,2.5923570455983103,2.5923570455983103,global,7
5000,1,5000,1,0.40021032094955444,0.40021032094955444,0.4992101192474365,0.36,0.3225806451612903,0.0,55,0,1.0,0.9447852760736196,1.0,0.9447852760736196,0.6273500890560063,0.015625,0.015625,0.6007775119617226,0.6007775119617226,0.0,0.0,0.0,0.0,0.42631998516368536,0,True,0.08333333333333334,0.08333333333333334,0.08333333333333334,3.4207922127226205,0.0,0.0,3.1707922127226205,1.7536142986121912,3.1707922127226205,3.1707922127226205,global,5
5017,1,5017,1,0.42802852392196655,0.42802852392196655,0.4522130787372589,0.24,0.1935483870967742,0.0,55,0,1.0,0.9447852760736196,1.0,0.9447852760736196,0.3764100534336038,0.08695652173913043,0.08695652173913043,1.0,1.0,0.0,0.0,0.0,0.0,0.16819007582875775,0,False,0.0,0.0,0.0,2.9371545301901785,0.0,0.0,2.9371545301901785,1.519976616079749,2.9371545301901785,2.9371545301901785,global,6
5020,0,5020,0,0.42745471000671387,0.42745471000671387,0.4930447041988373,0.24,0.22580645161290322,0.0,16,0,1.0,0.24430563301728944,1.0,0.24430563301728944,0.2809722397135815,0.75,0.75,0.9268092105263157,0.9268092105263157,0.0,0.0,0.0,1.0,0.33770926494460257,0,True,0.08333333333333334,0.08333333333333334,0.08333333333333334,2.2147525055036503,0.0,0.0,1.9647525055036503,1.5982940559777161,1.9647525055036503,1.9647525055036503,global,4
5035,1,5035,1,0.06432605534791946,0.06432605534791946,0.03954558074474335,0.16,0.12903225806451613,0.0,55,0,1.0,0.9447852760736196,1.0,0.9447852760736196,0.2509400356224025,0.0,0.0,0.0,0.0,0.0,0.0,0.0,0.0,0.017391304347826087,0,False,0.0,0.0,0.0,1.8919206658221452,0.0,0.0,1.8919206658221452,0.47474275171171565,1.8919206658221452,1.8919206658221452,global,12
5037,1,5037,1,0.3985660672187805,0.3985660672187805,0.4495498239994049,0.32,0.25806451612903225,0.0,55,0,1.0,0.9447852760736196,1.0,0.9447852760736196,0.501880071244805,0.9423076923076923,0.9423076923076923,0.8505039193729003,0.8505039193729003,0.0,0.0,0.0,0.0,0.34773407434905396,0,False,0.0,0.0,0.0,3.1017319821346847,0.0,0.0,3.1017319821346847,1.6845540680242552,3.1017319821346847,3.1017319821346847,global,7
505,1,505,1,0.3379276394844055,0.3379276394844055,0.42897531390190125,0.28,0.25806451612903225,0.0,55,0,1.0,0.9447852760736196,1.0,0.9447852760736196,0.501880071244805,0.0,0.0,0.6007775119617226,0.6007775119617226,0.0,0.0,0.0,0.0,0.2103773823988347,0,True,0.08333333333333334,0.08333333333333334,0.08333333333333334,3.0971510286565302,0.0,0.0,2.8471510286565302,1.4299731145461008,2.8471510286565302,2.8471510286565302,global,5
5053,1,5053,1,0.38343483209609985,0.38343483209609985,0.4571830630302429,0.2,0.16129032258064516,0.0,55,0,1.0,0.9447852760736196,1.0,0.9447852760736196,0.31367504452800316,0.9512195121951219,0.9512195121951219,0.9268092105263157,0.9268092105263157,0.0,0.0,0.0,0.0,0.26501835162543197,0,False,0.0,0.0,0.0,2.789416535699387,0.0,0.0,2.789416535699387,1.372238621588958,2.789416535699387,2.789416535699387,global,4
507,1,507,1,0.5515053272247314,0.5515053272247314,0.5742395520210266,0.44,0.45161290322580644,0.0,55,0,1.0,0.9447852760736196,1.0,0.9447852760736196,0.8782901246784088,0.8805970149253731,0.8805970149253731,0.49644736842105247,0.49644736842105247,0.0,0.0,0.0,0.0,0.46151940615537024,0,True,0.25,0.25,0.25,4.338287488398965,0.0,0.0,3.588287488398965,2.1711095742885353,3.588287488398965,3.588287488398965,global,1
5078,1,5078,1,0.3740607798099518,0.3740607798099518,0.37132251262664795,0.44,0.3870967741935484,0.0,55,0,1.0,0.9447852760736196,1.0,0.9447852760736196,0.7528201068672076,0.08928571428571429,0.08928571428571429,0.05014619883040934,0.05014619883040934,0.0,0.0,0.0,0.0,0.4023755625260856,0,True,0.08333333333333334,0.08333333333333334,0.08333333333333334,3.326405854518518,0.0,0.0,3.076405854518518,1.6592279404080885,3.076405854518518,3.076405854518518,global,2
5082,1,5082,1,0.3835219144821167,0.3835219144821167,0.3887523114681244,0.44,0.4193548387096774,0.0,55,0,1.0,0.9447852760736196,1.0,0.9447852760736196,0.8155551157728081,0.16666666666666666,0.16666666666666666,0.05014619883040934,0.05014619883040934,0.0,0.0,0.0,0.0,0.4955470747152692,0,True,0.16666666666666669,0.16666666666666669,0.16666666666666669,3.6764423449452632,0.0,0.0,3.1764423449452632,1.7592644308348335,3.1764423449452632,3.1764423449452632,global,2
5107,1,5107,1,0.687157928943634,0.687157928943634,0.6850204467773438,0.72,0.6451612903225806,0.0,55,0,1.0,0.9447852760736196,1.0,0.9447852760736196,1.2547001781120126,0.047058823529411764,0.047058823529411764,0.24006159014557663,0.24006159014557663,0.0,0.0,0.0,0.0,0.6256738417562449,0,True,0.16666666666666669,0.16666666666666669,0.16666666666666669,4.78495978551016,0.0,0.0,4.28495978551016,2.8677818713997305,4.28495978551016,4.28495978551016,global,3
5119,0,5119,0,0.5584626793861389,0.5584626793861389,0.4928506314754486,0.4,0.6129032258064516,0.0,16,0,1.0,0.24430563301728944,1.0,0.24430563301728944,0.7626389363654354,0.3939393939393939,0.3939393939393939,0.0,0.0,0.0,0.0,0.0,1.0,0.2701846368678143,0,True,0.75,0.75,0.75,4.770090435708093,0.0,0.0,2.520090435708093,2.153631986182159,2.520090435708093,2.520090435708093,global,8
5135,0,5135,0,0.45801788568496704,0.45801788568496704,0.4603925049304962,0.36,0.5161290322580645,0.0,16,0,1.0,0.24430563301728944,1.0,0.24430563301728944,0.6422222622024719,0.3333333333333333,0.3333333333333333,0.24006159014557663,0.24006159014557663,0.0,0.0,0.0,1.0,0.4660034890889996,0,True,0.5833333333333334,0.5833333333333334,0.5833333333333334,4.1349626643895245,0.0,0.0,2.3849626643895245,2.0185042148635906,2.3849626643895245,2.3849626643895245,global,3
5140,0,5140,0,0.19371838867664337,0.19371838867664337,0.28604423999786377,0.12,0.16129032258064516,0.0,16,0,1.0,0.24430563301728944,1.0,0.24430563301728944,0.20069445693827248,0.16666666666666666,0.16666666666666666,0.6007775119617226,0.6007775119617226,0.0,0.0,0.0,1.0,0.04413520575387452,0,True,0.16666666666666669,0.16666666666666669,0.16666666666666669,1.777643123335563,0.0,0.0,1.277643123335563,0.9111846738096288,1.277643123335563,1.277643123335563,global,5
5165,1,5165,1,0.4338577389717102,0.4338577389717102,0.47064006328582764,0.28,0.22580645161290322,0.0,55,0,1.0,0.9447852760736196,1.0,0.9447852760736196,0.4391450623392044,0.10526315789473684,0.10526315789473684,0.8616028708133974,0.8616028708133974,0.0,0.0,0.0,0.0,0.37660765945438257,0,False,0.0,0.0,0.0,3.0396607417566175,0.0,0.0,3.0396607417566175,1.6224828276461882,3.0396607417566175,3.0396607417566175,global,0
5168,1,5168,1,0.175974503159523,0.175974503159523,0.2029237598180771,0.12,0.0967741935483871,0.0,55,0,1.0,0.9447852760736196,1.0,0.9447852760736196,0.1882050267168019,0.07142857142857142,0.07142857142857142,0.0,0.0,0.0,0.0,0.0,0.0,0.1713411657501626,0,False,0.0,0.0,0.0,1.922908253459871,0.0,0.0,1.922908253459871,0.5057303393494414,1.922908253459871,1.922908253459871,global,9
5234,1,5234,1,0.7028568983078003,0.7028568983078003,0.762749195098877,0.64,0.5806451612903225,0.0,55,0,1.0,0.9447852760736196,1.0,0.9447852760736196,1.1292301603008112,0.12698412698412698,0.12698412698412698,0.6007775119617226,0.6007775119617226,0.0,0.0,0.0,0.0,0.8484469993676724,0,True,0.16666666666666669,0.16666666666666669,0.16666666666666669,4.835676611128478,0.0,0.0,4.335676611128478,2.9184986970180486,4.335676611128478,4.335676611128478,global,5
5293,1,5293,1,0.535038411617279,0.535038411617279,0.5144961476325989,0.4,0.3225806451612903,0.0,55,0,1.0,0.9447852760736196,1.0,0.9447852760736196,0.6273500890560063,0.8076923076923077,0.8076923076923077,0.8505039193729003,0.8505039193729003,0.0,0.0,0.0,0.0,0.2224361260804967,0,False,0.0,0.0,0.0,3.3823527312374324,0.0,0.0,3.3823527312374324,1.9651748171270031,3.3823527312374324,3.3823527312374324,global,7
5297,1,5297,1,0.6912333965301514,0.6912333965301514,0.663296639919281,0.52,0.45161290322580644,0.0,55,0,1.0,0.9447852760736196,1.0,0.9447852760736196,0.8782901246784088,0.813953488372093,0.813953488372093,0.8505039193729003,0.8505039193729003,0.0,0.0,0.0,0.0,0.345591299287721,0,True,0.08333333333333334,0.08333333333333334,0.08333333333333334,4.17231978725893,0.0,0.0,3.92231978725893,2.5051418731485007,3.92231978725893,3.92231978725893,global,7
5306,1,5306,1,0.5654612183570862,0.5654612183570862,0.5845922827720642,0.48,0.3870967741935484,0.0,55,0,1.0,0.9447852760736196,1.0,0.9447852760736196,0.7528201068672076,0.8823529411764706,0.8823529411764706,0.49644736842105247,0.49644736842105247,0.0,0.0,0.0,0.0,0.47700185117245336,0,False,0.0,0.0,0.0,3.5150646767454576,0.0,0.0,3.5150646767454576,2.097886762635028,3.5150646767454576,3.5150646767454576,global,1
5308,1,5308,1,0.19551414251327515,0.19551414251327515,0.19806692004203796,0.16,0.12903225806451613,0.0,55,0,1.0,0.9447852760736196,1.0,0.9447852760736196,0.2509400356224025,0.18181818181818182,0.18181818181818182,0.05014619883040934,0.05014619883040934,0.0,0.0,0.0,0.0,0.08071412149642472,0,False,0.0,0.0,0.0,2.040941080114214,0.0,0.0,2.040941080114214,0.6237631660037845,2.040941080114214,2.040941080114214,global,2
5317,1,5317,1,0.4430539906024933,0.4430539906024933,0.5159173011779785,0.28,0.22580645161290322,0.0,55,0,1.0,0.9447852760736196,1.0,0.9447852760736196,0.4391450623392044,0.8846153846153846,0.8846153846153846,0.9268092105263157,0.9268092105263157,0.0,0.0,0.0,0.0,0.19263633722217838,0,False,0.0,0.0,0.0,3.024429516248042,0.0,0.0,3.024429516248042,1.6072516021376124,3.024429516248042,3.024429516248042,global,4
5338,1,5338,1,0.5855140089988708,0.5855140089988708,0.6000508666038513,0.44,0.4193548387096774,0.0,55,0,1.0,0.9447852760736196,1.0,0.9447852760736196,0.8155551157728081,0.9054054054054054,0.9054054054054054,0.8505039193729003,0.8505039193729003,0.0,0.0,0.0,0.0,0.500779236532024,0,True,0.16666666666666669,0.16666666666666669,0.16666666666666669,4.239784529374939,0.0,0.0,3.7397845293749388,2.322606615264509,3.7397845293749388,3.7397845293749388,global,7
5345,0,5345,0,0.4914257526397705,0.4914257526397705,0.5284830927848816,0.28,0.3870967741935484,0.0,16,0,1.0,0.24430563301728944,1.0,0.24430563301728944,0.48166669665185396,0.6,0.6,0.9268092105263157,0.9268092105263157,0.0,0.0,0.0,1.0,0.2789193744464734,0,True,0.4166666666666667,0.4166666666666667,0.4166666666666667,3.6108730176219472,0.0,0.0,2.3608730176219472,1.994414568096013,2.3608730176219472,2.3608730176219472,global,4
5351,1,5351,1,0.8870857954025269,0.8870857954025269,0.9215863347053528,0.72,0.5806451612903225,0.0,55,0,1.0,0.9447852760736196,1.0,0.9447852760736196,1.1292301603008112,0.09615384615384616,0.09615384615384616,1.0,1.0,0.0,0.0,0.0,0.0,0.7370256304681139,0,False,0.0,0.0,0.0,4.7292445621535295,0.0,0.0,4.7292445621535295,3.3120666480431002,4.7292445621535295,4.7292445621535295,global,6
5370,1,5370,1,0.5854040384292603,0.5854040384292603,0.6404387950897217,0.44,0.3548387096774193,0.0,55,0,1.0,0.9447852760736196,1.0,0.9447852760736196,0.6900850979616069,0.9436619718309859,0.9436619718309859,0.9268092105263157,0.9268092105263157,0.0,0.0,0.0,0.0,0.4843659431720324,0,False,0.0,0.0,0.0,3.6438929524234442,0.0,0.0,3.6438929524234442,2.2267150383130145,3.6438929524234442,3.6438929524234442,global,4
5377,1,5377,1,0.3902814984321594,0.3902814984321594,0.4391796886920929,0.28,0.25806451612903225,0.0,55,0,1.0,0.9447852760736196,1.0,0.9447852760736196,0.501880071244805,0.9473684210526315,0.9473684210526315,0.49644736842105247,0.49644736842105247,0.0,0.0,0.0,0.0,0.2631794589744327,0,True,0.08333333333333334,0.08333333333333334,0.08333333333333334,3.102709667017078,0.0,0.0,2.852709667017078,1.4355317529066483,2.852709667017078,2.852709667017078,global,1
5389,1,5389,1,0.18522167205810547,0.18522167205810547,0.2148665189743042,0.28,0.22580645161290322,0.0,55,0,1.0,0.9447852760736196,1.0,0.9447852760736196,0.4391450623392044,0.07407407407407407,0.07407407407407407,0.0,0.0,0.0,0.0,0.0,0.0,0.19893421799924144,0,False,0.0,0.0,0.0,2.3566484203824927,0.0,0.0,2.3566484203824927,0.9394705062720633,2.3566484203824927,2.3566484203824927,global,9
5390,0,5390,0,0.42858096957206726,0.42858096957206726,0.3900052309036255,0.44,0.5483870967741935,0.0,16,0,1.0,0.24430563301728944,1.0,0.24430563301728944,0.6823611535901264,0.3076923076923077,0.3076923076923077,0.05014619883040934,0.05014619883040934,0.0,0.0,0.0,1.0,0.2320073777364752,0,True,0.5,0.5,0.5,3.8407727314681224,0.0,0.0,2.3407727314681224,1.9743142819421882,2.3407727314681224,2.3407727314681224,global,2
54,1,54,1,0.3599419593811035,0.3599419593811035,0.4544443190097809,0.28,0.22580645161290322,0.0,55,0,1.0,0.9447852760736196,1.0,0.9447852760736196,0.4391450623392044,0.08771929824561403,0.08771929824561403,0.6007775119617226,0.6007775119617226,0.0,0.0,0.0,0.0,0.37225213933535944,0,False,0.0,0.0,0.0,2.848808782622588,0.0,0.0,2.848808782622588,1.4316308685121584,2.848808782622588,2.848808782622588,global,5
5414,1,5414,1,0.49743735790252686,0.49743735790252686,0.5542191863059998,0.4,0.3548387096774193,0.0,55,0,1.0,0.9447852760736196,1.0,0.9447852760736196,0.6900850979616069,0.06944444444444445,0.06944444444444445,0.6007775119617226,0.6007775119617226,0.0,0.0,0.0,0.0,0.48954973241062505,0,True,0.08333333333333334,0.08333333333333334,0.08333333333333334,3.6220588954913384,0.0,0.0,3.3720588954913384,1.954880981380909,3.3720588954913384,3.3720588954913384,global,5
5463,0,5463,0,0.4674115777015686,0.4674115777015686,0.4916360378265381,0.32,0.4193548387096774,0.0,16,0,1.0,0.24430563301728944,1.0,0.24430563301728944,0.5218055880395084,0.5588235294117647,0.5588235294117647,0.49644736842105247,0.49644736842105247,0.0,0.0,0.0,1.0,0.24804598809619452,0,True,0.4166666666666667,0.4166666666666667,0.4166666666666667,3.4717348697459283,0.0,0.0,2.2217348697459283,1.8552764202199943,2.2217348697459283,2.2217348697459283,global,1
5473,1,5473,1,0.5908706188201904,0.5908706188201904,0.581091046333313,0.56,0.45161290322580644,0.0,55,0,1.0,0.9447852760736196,1.0,0.9447852760736196,0.8782901246784088,0.22033898305084745,0.22033898305084745,0.24006159014557663,0.24006159014557663,0.0,0.0,0.0,0.0,0.4441247381671748,0,False,0.0,0.0,0.0,3.606368432141135,0.0,0.0,3.606368432141135,2.189190518030706,3.606368432141135,3.606368432141135,global,3
5474,0,5474,0,0.25061464309692383,0.25061464309692383,0.24444425106048584,0.2,0.29032258064516125,0.0,16,0,1.0,0.24430563301728944,1.0,0.24430563301728944,0.36125002248889043,0.6,0.6,0.0,0.0,0.0,0.0,0.0,1.0,0.14695996471536557,0,True,0.33333333333333337,0.33333333333333337,0.33333333333333337,2.3916833147084056,0.0,0.0,1.3916833147084053,1.0252248651824711,1.3916833147084053,1.3916833147084053,global,8
5482,1,5482,1,0.5038129687309265,0.5038129687309265,0.5628324151039124,0.32,0.3225806451612903,0.0,55,0,1.0,0.9447852760736196,1.0,0.9447852760736196,0.6273500890560063,0.0273972602739726,0.0273972602739726,1.0,1.0,0.0,0.0,0.0,0.0,0.47295921038482025,0,True,0.16666666666666669,0.16666666666666669,0.16666666666666669,3.9272773425331975,0.0,0.0,3.4272773425331975,2.010099428422768,3.4272773425331975,3.4272773425331975,global,6
5513,1,5513,1,0.8081222772598267,0.8081222772598267,0.800362229347229,0.72,0.6129032258064516,0.0,55,0,1.0,0.9447852760736196,1.0,0.9447852760736196,1.191965169206412,0.9206349206349206,0.9206349206349206,0.49644736842105247,0.49644736842105247,0.0,0.0,0.0,0.0,0.4979733054702774,0,True,0.08333333333333334,0.08333333333333334,0.08333333333333334,4.657097863382804,0.0,0.0,4.407097863382804,2.989919949272374,4.407097863382804,4.407097863382804,global,1
5519,0,5519,0,0.42933279275894165,0.42933279275894165,0.47009339928627014,0.28,0.45161290322580644,0.0,16,0,1.0,0.24430563301728944,1.0,0.24430563301728944,0.561944479427163,0.4,0.4,0.6007775119617226,0.6007775119617226,0.0,0.0,0.0,1.0,0.16054486901312065,0,True,0.5833333333333334,0.5833333333333334,0.5833333333333334,3.991702706869498,0.0,0.0,2.241702706869498,1.875244257343564,2.241702706869498,2.241702706869498,global,5
5528,1,5528,1,0.5487146973609924,0.5487146973609924,0.5905318260192871,0.44,0.4193548387096774,0.0,55,0,1.0,0.9447852760736196,1.0,0.9447852760736196,0.8155551157728081,0.07042253521126761,0.07042253521126761,0.8616028708133974,0.8616028708133974,0.0,0.0,0.0,0.0,0.48552786952557725,0,True,0.16666666666666669,0.16666666666666669,0.16666666666666669,4.21131914568295,0.0,0.0,3.7113191456829497,2.2941412315725205,3.7113191456829497,3.7113191456829497,global,0
5558,0,5558,0,0.5964211821556091,0.5964211821556091,0.5840981602668762,0.28,0.4193548387096774,0.0,16,0,1.0,0.24430563301728944,1.0,0.24430563301728944,0.5218055880395084,0.42857142857142855,0.42857142857142855,0.9268092105263157,0.9268092105263157,0.0,0.0,0.0,1.0,0.1707887679495917,0,True,0.5,0.5,0.5,3.9769463083178116,0.0,0.0,2.4769463083178116,2.1104878587918776,2.4769463083178116,2.4769463083178116,global,4
5585,1,5585,1,0.4380899667739868,0.4380899667739868,0.4957166314125061,0.4,0.3225806451612903,0.0,55,0,1.0,0.9447852760736196,1.0,0.9447852760736196,0.6273500890560063,0.10714285714285714,0.10714285714285714,1.0,1.0,0.0,0.0,0.0,0.0,0.23051402667600024,0,False,0.0,0.0,0.0,3.3819653858549996,0.0,0.0,3.3819653858549996,1.9647874717445701,3.3819653858549996,3.3819653858549996,global,6
56,0,56,0,0.5138412714004517,0.5138412714004517,0.5377504229545593,0.32,0.3870967741935484,0.0,16,0,1.0,0.24430563301728944,1.0,0.24430563301728944,0.48166669665185396,0.7352941176470589,0.7352941176470589,0.9268092105263157,0.9268092105263157,0.0,0.0,0.0,1.0,0.2520484108554351,0,True,0.33333333333333337,0.33333333333333337,0.33333333333333337,3.4107441435531802,0.0,0.0,2.4107441435531802,2.0442856940272462,2.4107441435531802,2.4107441435531802,global,4
5614,0,5614,0,0.38841360807418823,0.38841360807418823,0.4214809238910675,0.28,0.3548387096774193,0.0,16,0,1.0,0.24430563301728944,1.0,0.24430563301728944,0.44152780526419944,0.45,0.45,0.6007775119617226,0.6007775119617226,0.0,0.0,0.0,1.0,0.1627637339460862,0,True,0.33333333333333337,0.33333333333333337,0.33333333333333337,3.0160846315048104,0.0,0.0,2.0160846315048104,1.6496261819788762,2.0160846315048104,2.0160846315048104,global,5
5615,1,5615,1,0.976696252822876,0.976696252822876,1.0,0.84,0.7419354838709677,0.0,55,0,1.0,0.9447852760736196,1.0,0.9447852760736196,1.4429052048288145,0.8691588785046729,0.8691588785046729,0.9268092105263157,0.9268092105263157,0.0,0.0,0.0,0.0,0.7813774889874151,0,True,0.16666666666666669,0.16666666666666669,0.16666666666666669,5.720223736070048,0.0,0.0,5.220223736070048,3.8030458219596186,5.220223736070048,5.220223736070048,global,4
5625,0,5625,0,0.6798534989356995,0.6798534989356995,0.6536916494369507,0.36,0.48387096774193544,0.0,16,0,1.0,0.24430563301728944,1.0,0.24430563301728944,0.6020833708148174,0.4166666666666667,0.4166666666666667,0.9268092105263157,0.9268092105263157,0.0,0.0,0.0,1.0,0.1333981774022401,0,True,0.5,0.5,0.5,4.241507242642195,0.0,0.0,2.7415072426421947,2.3750487931162607,2.7415072426421947,2.7415072426421947,global,4
5635,1,5635,1,0.43691375851631165,0.43691375851631165,0.4939776062965393,0.32,0.3225806451612903,0.0,55,0,1.0,0.9447852760736196,1.0,0.9447852760736196,0.6273500890560063,0.09259259259259259,0.09259259259259259,1.0,1.0,0.0,0.0,0.0,0.0,0.3647809867032979,0,True,0.16666666666666669,0.16666666666666669,0.16666666666666669,3.841304507257049,0.0,0.0,3.341304507257049,1.9241265931466192,3.341304507257049,3.341304507257049,global,6
5679,1,5679,1,0.5382325649261475,0.5382325649261475,0.5450011491775513,0.52,0.48387096774193544,0.0,55,0,1.0,0.9447852760736196,1.0,0.9447852760736196,0.9410251335840094,0.041666666666666664,0.041666666666666664,0.24006159014557663,0.24006159014557663,0.0,0.0,0.0,0.0,0.5078756681713561,0,True,0.16666666666666669,0.16666666666666669,0.16666666666666669,4.1078993970594135,0.0,0.0,3.6078993970594135,2.190721482948984,3.6078993970594135,3.6078993970594135,global,3
5686,1,5686,1,0.45106762647628784,0.45106762647628784,0.47515633702278137,0.36,0.29032258064516125,0.0,55,0,1.0,0.9447852760736196,1.0,0.9447852760736196,0.5646150801504056,1.0,1.0,0.49644736842105247,0.49644736842105247,0.0,0.0,0.0,0.0,0.13663044362441065,0,False,0.0,0.0,0.0,3.0078899938796315,0.0,0.0,3.0078899938796315,1.5907120797692023,3.0078899938796315,3.0078899938796315,global,1
569,1,569,1,0.4712388515472412,0.4712388515472412,0.5421956181526184,0.32,0.29032258064516125,0.0,55,0,1.0,0.9447852760736196,1.0,0.9447852760736196,0.5646150801504056,0.9016393442622951,0.9016393442622951,0.9268092105263157,0.9268092105263157,0.0,0.0,0.0,0.0,0.4047711225817342,0,True,0.08333333333333334,0.08333333333333334,0.08333333333333334,3.5296500986762234,0.0,0.0,3.2796500986762234,1.8624721845657939,3.2796500986762234,3.2796500986762234,global,4
5698,0,5698,0,0.41280436515808105,0.41280436515808105,0.3383244574069977,0.2,0.3225806451612903,0.0,16,0,1.0,0.24430563301728944,1.0,0.24430563301728944,0.40138891387654496,0.0,0.0,0.0,0.0,0.0,0.0,0.0,1.0,0.026086956521739136,0,True,0.4166666666666667,0.4166666666666667,0.4166666666666667,2.7996893189315015,0.0,0.0,1.5496893189315013,1.183230869405567,1.5496893189315013,1.5496893189315013,global,13
57,0,57,0,0.462374746799469,0.462374746799469,0.48483189940452576,0.24,0.3870967741935484,0.0,16,0,1.0,0.24430563301728944,1.0,0.24430563301728944,0.48166669665185396,0.7777777777777778,0.7777777777777778,0.9268092105263157,0.9268092105263157,0.0,0.0,0.0,1.0,0.0873726335348086,0,True,0.5,0.5,0.5,3.7401681906762065,0.0,0.0,2.2401681906762065,1.8737097411502723,2.2401681906762065,2.2401681906762065,global,4
5703,0,5703,0,0.3025115430355072,0.3025115430355072,0.31831565499305725,0.24,0.3225806451612903,0.0,16,0,1.0,0.24430563301728944,1.0,0.24430563301728944,0.40138891387654496,0.23076923076923078,0.23076923076923078,0.24006159014557663,0.24006159014557663,0.0,0.0,0.0,1.0,0.18655728663022877,0,True,0.33333333333333337,0.33333333333333337,0.33333333333333337,2.669626955338778,0.0,0.0,1.6696269553387777,1.3031685058128435,1.6696269553387777,1.6696269553387777,global,3
5716,0,5716,0,0.5604453682899475,0.5604453682899475,0.5204653739929199,0.32,0.48387096774193544,0.0,16,0,1.0,0.24430563301728944,1.0,0.24430563301728944,0.6020833708148174,0.2857142857142857,0.2857142857142857,0.8505039193729003,0.8505039193729003,0.0,0.0,0.0,1.0,0.0933184109851936,0,True,0.5833333333333334,0.5833333333333334,0.5833333333333334,4.305804162623771,0.0,0.0,2.555804162623771,2.189345713097837,2.555804162623771,2.555804162623771,global,7
5721,1,5721,1,0.44025447964668274,0.44025447964668274,0.4270409047603607,0.4,0.4193548387096774,0.0,55,0,1.0,0.9447852760736196,1.0,0.9447852760736196,0.8155551157728081,0.0975609756097561,0.0975609756097561,0.24006159014557663,0.24006159014557663,0.0,0.0,0.0,0.0,0.30870336504384416,0,True,0.25,0.25,0.25,3.970732979833072,0.0,0.0,3.220732979833072,1.8035550657226425,3.220732979833072,3.220732979833072,global,3
573,1,573,1,0.39918047189712524,0.39918047189712524,0.4794199764728546,0.36,0.29032258064516125,0.0,55,0,1.0,0.9447852760736196,1.0,0.9447852760736196,0.5646150801504056,0.06666666666666667,0.06666666666666667,0.8616028708133974,0.8616028708133974,0.0,0.0,0.0,0.0,0.3172213631695362,0,False,0.0,0.0,0.0,3.2031352972760114,0.0,0.0,3.2031352972760114,1.7859573831655822,3.2031352972760114,3.2031352972760114,global,0
5730,1,5730,1,0.6779705286026001,0.6779705286026001,0.6606606841087341,0.68,0.5806451612903225,0.0,55,0,1.0,0.9447852760736196,1.0,0.9447852760736196,1.1292301603008112,0.09333333333333334,0.09333333333333334,0.24006159014557663,0.24006159014557663,0.0,0.0,0.0,0.0,0.5633107944621163,0,True,0.08333333333333334,0.08333333333333334,0.08333333333333334,4.339868692984578,0.0,0.0,4.089868692984578,2.6726907788741485,4.089868692984578,4.089868692984578,global,3
575,1,575,1,0.32444655895233154,0.32444655895233154,0.3757021129131317,0.2,0.16129032258064516,0.0,55,0,1.0,0.9447852760736196,1.0,0.9447852760736196,0.31367504452800316,0.90625,0.90625,0.8505039193729003,0.8505039193729003,0.0,0.0,0.0,0.0,0.21004130775837893,0,False,0.0,0.0,0.0,2.687580158447549,0.0,0.0,2.687580158447549,1.2704022443371192,2.687580158447549,2.687580158447549,global,7
5757,1,5757,1,0.4523363709449768,0.4523363709449768,0.46070683002471924,0.32,0.29032258064516125,0.0,55,0,1.0,0.9447852760736196,1.0,0.9447852760736196,0.5646150801504056,0.4117647058823529,0.4117647058823529,0.6007775119617226,0.6007775119617226,0.0,0.0,0.0,0.0,0.15172060166173648,0,True,0.08333333333333334,0.08333333333333334,0.08333333333333334,3.2755971086361155,0.0,0.0,3.0255971086361155,1.6084191945256863,3.0255971086361155,3.0255971086361155,global,5
578,1,578,1,0.5712903738021851,0.5712903738021851,0.5841966867446899,0.44,0.3870967741935484,0.0,55,0,1.0,0.9447852760736196,1.0,0.9447852760736196,0.7528201068672076,0.88,0.88,0.8505039193729003,0.8505039193729003,0.0,0.0,0.0,0.0,0.5100634100215939,0,True,0.08333333333333334,0.08333333333333334,0.08333333333333334,3.9166747442322025,0.0,0.0,3.6666747442322025,2.249496830121773,3.6666747442322025,3.6666747442322025,global,7
5785,1,5785,1,0.6608895659446716,0.6608895659446716,0.6348403692245483,0.6,0.48387096774193544,0.0,55,0,1.0,0.9447852760736196,1.0,0.9447852760736196,0.9410251335840094,0.19753086419753085,0.19753086419753085,0.24006159014557663,0.24006159014557663,0.0,0.0,0.0,0.0,0.5889367321302789,0,False,0.0,0.0,0.0,3.8103433170619097,0.0,0.0,3.8103433170619097,2.39316540295148,3.8103433170619097,3.8103433170619097,global,3
5789,0,5789,0,0.4709053337574005,0.4709053337574005,0.5112522840499878,0.28,0.3870967741935484,0.0,16,0,1.0,0.24430563301728944,1.0,0.24430563301728944,0.48166669665185396,0.6829268292682927,0.6829268292682927,0.9268092105263157,0.9268092105263157,0.0,0.0,0.0,1.0,0.2846825119866887,0,True,0.4166666666666667,0.4166666666666667,0.4166666666666667,3.5961856237781156,0.0,0.0,2.3461856237781156,1.9797271742521816,2.3461856237781156,2.3461856237781156,global,4
5808,1,5808,1,0.5006526708602905,0.5006526708602905,0.5258399844169617,0.4,0.3225806451612903,0.0,55,0,1.0,0.9447852760736196,1.0,0.9447852760736196,0.6273500890560063,0.9285714285714286,0.9285714285714286,0.49644736842105247,0.49644736842105247,0.0,0.0,0.0,0.0,0.31176762414454023,0,False,0.0,0.0,0.0,3.204615312575131,0.0,0.0,3.204615312575131,1.7874373984647016,3.204615312575131,3.204615312575131,global,1
5820,1,5820,1,0.2920938730239868,0.2920938730239868,0.30047348141670227,0.4,0.3548387096774193,0.0,55,0,1.0,0.9447852760736196,1.0,0.9447852760736196,0.6900850979616069,0.14285714285714285,0.14285714285714285,0.0,0.0,0.0,0.0,0.0,0.0,0.23031747443404632,0,True,0.08333333333333334,0.08333333333333334,0.08333333333333334,3.0796256742146713,0.0,0.0,2.8296256742146713,1.4124477601042418,2.8296256742146713,2.8296256742146713,global,9
5828,1,5828,1,0.48066768050193787,0.48066768050193787,0.5084502100944519,0.36,0.3225806451612903,0.0,55,0,1.0,0.9447852760736196,1.0,0.9447852760736196,0.6273500890560063,0.8888888888888888,0.8888888888888888,0.49644736842105247,0.49644736842105247,0.0,0.0,0.0,0.0,0.2694141136964634,0,True,0.08333333333333334,0.08333333333333334,0.08333333333333334,3.3859212671540257,0.0,0.0,3.1359212671540257,1.7187433530435965,3.1359212671540257,3.1359212671540257,global,1
583,0,583,0,0.4251903295516968,0.4251903295516968,0.404232382774353,0.28,0.3870967741935484,0.0,16,0,1.0,0.24430563301728944,1.0,0.24430563301728944,0.48166669665185396,0.48,0.48,0.24006159014557663,0.24006159014557663,0.0,0.0,0.0,1.0,0.19375192506564476,0,True,0.4166666666666667,0.4166666666666667,0.4166666666666667,3.18896063414687,0.0,0.0,1.9389606341468701,1.572502184620936,1.9389606341468701,1.9389606341468701,global,3
5834,1,5834,1,0.7784951329231262,0.7784951329231262,0.8048399090766907,0.64,0.5806451612903225,0.0,55,0,1.0,0.9447852760736196,1.0,0.9447852760736196,1.1292301603008112,0.863013698630137,0.863013698630137,0.9268092105263157,0.9268092105263157,0.0,0.0,0.0,0.0,0.5400392117931772,0,True,0.16666666666666669,0.16666666666666669,0.16666666666666669,4.966680711830686,0.0,0.0,4.466680711830686,3.049502797720257,4.466680711830686,4.466680711830686,global,4
586,1,586,1,0.5113886594772339,0.5113886594772339,0.535535454750061,0.36,0.3225806451612903,0.0,55,0,1.0,0.9447852760736196,1.0,0.9447852760736196,0.6273500890560063,0.835820895522388,0.835820895522388,0.49644736842105247,0.49644736842105247,0.0,0.0,0.0,0.0,0.4480382733858667,0,True,0.08333333333333334,0.08333333333333334,0.08333333333333334,3.4640852982410837,0.0,0.0,3.2140852982410837,1.7969073841306542,3.2140852982410837,3.2140852982410837,global,1
5879,1,5879,1,0.594970166683197,0.594970166683197,0.6205820441246033,0.52,0.45161290322580644,0.0,55,0,1.0,0.9447852760736196,1.0,0.9447852760736196,0.8782901246784088,0.875,0.875,0.49644736842105247,0.49644736842105247,0.0,0.0,0.0,0.0,0.5053237032588275,0,True,0.08333333333333334,0.08333333333333334,0.08333333333333334,3.9662006490967743,0.0,0.0,3.7162006490967743,2.299022734986345,3.7162006490967743,3.7162006490967743,global,1
5906,0,5906,0,0.3541264533996582,0.3541264533996582,0.3574739396572113,0.12,0.1935483870967742,0.0,16,0,1.0,0.24430563301728944,1.0,0.24430563301728944,0.24083334832592698,0.0,0.0,0.8505039193729003,0.8505039193729003,0.0,0.0,0.0,1.0,0.015262166196063656,0,True,0.25,0.25,0.25,2.3366869959844783,0.0,0.0,1.5866869959844785,1.2202285464585443,1.5866869959844785,1.5866869959844785,global,7
5913,1,5913,1,0.6605233550071716,0.6605233550071716,0.6252676844596863,0.72,0.6451612903225806,0.0,55,0,1.0,0.9447852760736196,1.0,0.9447852760736196,1.2547001781120126,0.09230769230769231,0.09230769230769231,0.0,0.0,0.0,0.0,0.0,0.0,0.514446509301361,0,True,0.16666666666666669,0.16666666666666669,0.16666666666666669,4.610253131551736,0.0,0.0,4.110253131551736,2.6930752174413066,4.110253131551736,4.110253131551736,global,9
5927,1,5927,1,0.39404281973838806,0.39404281973838806,0.401216059923172,0.4,0.3548387096774193,0.0,55,0,1.0,0.9447852760736196,1.0,0.9447852760736196,0.6900850979616069,0.11627906976744186,0.11627906976744186,0.24006159014557663,0.24006159014557663,0.0,0.0,0.0,0.0,0.3165411692098701,0,True,0.08333333333333334,0.08333333333333334,0.08333333333333334,3.3070827350917282,0.0,0.0,3.0570827350917282,1.6399048209812985,3.0570827350917282,3.0570827350917282,global,3
593,1,593,1,0.7099876999855042,0.7099876999855042,0.7626553773880005,0.56,0.5161290322580645,0.0,55,0,1.0,0.9447852760736196,1.0,0.9447852760736196,1.00376014248961,0.8241758241758241,0.8241758241758241,0.9268092105263157,0.9268092105263157,0.0,0.0,0.0,0.0,0.6311927773939935,0,True,0.16666666666666669,0.16666666666666669,0.16666666666666669,4.730188577096318,0.0,0.0,4.230188577096318,2.8130106629858886,4.230188577096318,4.230188577096318,global,4
5951,1,5951,1,0.361375629901886,0.361375629901886,0.4206348955631256,0.24,0.22580645161290322,0.0,55,0,1.0,0.9447852760736196,1.0,0.9447852760736196,0.4391450623392044,0.8478260869565217,0.8478260869565217,0.49644736842105247,0.49644736842105247,0.0,0.0,0.0,0.0,0.2985071790135844,0,True,0.08333333333333334,0.08333333333333334,0.08333333333333334,2.9856671591723467,0.0,0.0,2.7356671591723467,1.318489245061917,2.7356671591723467,2.7356671591723467,global,1
5958,1,5958,1,0.0,0.0,0.0,0.08,0.06451612903225806,0.0,55,0,1.0,0.9447852760736196,1.0,0.9447852760736196,0.12547001781120126,0.0,0.0,0.0,0.0,0.0,0.0,0.0,0.0,0.0,0,False,0.0,0.0,0.0,1.6262101721749456,0.0,0.0,1.6262101721749456,0.20903225806451614,1.6262101721749456,1.6262101721749456,global,14
599,0,599,0,0.1493997871875763,0.1493997871875763,0.16569755971431732,0.0,0.0,0.0,16,0,1.0,0.24430563301728944,1.0,0.24430563301728944,0.0,0.45,0.45,0.0,0.0,0.0,0.0,0.0,1.0,0.10430480024855616,0,True,0.0,0.0,0.0,0.517269719350562,0.0,0.0,0.517269719350562,0.1508112698246279,0.517269719350562,0.517269719350562,global,8
6019,1,6019,1,0.5184561610221863,0.5184561610221863,0.5719553232192993,0.36,0.3225806451612903,0.0,55,0,1.0,0.9447852760736196,1.0,0.9447852760736196,0.6273500890560063,0.864406779661017,0.864406779661017,0.9268092105263157,0.9268092105263157,0.0,0.0,0.0,0.0,0.4016301483583181,0,True,0.08333333333333334,0.08333333333333334,0.08333333333333334,3.670997783021413,0.0,0.0,3.420997783021413,2.003819868910983,3.420997783021413,3.420997783021413,global,4
6048,1,6048,1,0.5940633416175842,0.5940633416175842,0.6326366066932678,0.48,0.3870967741935484,0.0,55,0,1.0,0.9447852760736196,1.0,0.9447852760736196,0.7528201068672076,0.10714285714285714,0.10714285714285714,0.8616028708133974,0.8616028708133974,0.0,0.0,0.0,0.0,0.40587488940094973,0,False,0.0,0.0,0.0,3.6991860380185777,0.0,0.0,3.6991860380185777,2.282008123908148,3.6991860380185777,3.6991860380185777,global,0
605,1,605,1,0.29347217082977295,0.29347217082977295,0.3145873546600342,0.32,0.25806451612903225,0.0,55,0,1.0,0.9447852760736196,1.0,0.9447852760736196,0.501880071244805,0.15942028985507245,0.15942028985507245,0.05014619883040934,0.05014619883040934,0.0,0.0,0.0,0.0,0.4544926528226079,0,False,0.0,0.0,0.0,2.649505578294299,0.0,0.0,2.649505578294299,1.2323276641838699,2.649505578294299,2.649505578294299,global,2
6077,1,6077,1,0.30942264199256897,0.30942264199256897,0.41874879598617554,0.2,0.16129032258064516,0.0,55,0,1.0,0.9447852760736196,1.0,0.9447852760736196,0.31367504452800316,0.04878048780487805,0.04878048780487805,0.8616028708133974,0.8616028708133974,0.0,0.0,0.0,0.0,0.25770869950229713,0,False,0.0,0.0,0.0,2.6954107181231626,0.0,0.0,2.6954107181231626,1.2782328040127333,2.6954107181231626,2.6954107181231626,global,0
6090,0,6090,0,0.2777823805809021,0.2777823805809021,0.21882763504981995,0.2,0.3225806451612903,0.0,16,0,1.0,0.24430563301728944,1.0,0.24430563301728944,0.40138891387654496,1.0,1.0,0.05014619883040934,0.05014619883040934,0.0,0.0,0.0,1.0,0.03668735394442403,0,True,0.4166666666666667,0.4166666666666667,0.4166666666666667,2.7199249499117686,0.0,0.0,1.4699249499117684,1.1034665003858342,1.4699249499117684,1.4699249499117684,global,2
6096,1,6096,1,0.4236188530921936,0.4236188530921936,0.41851457953453064,0.52,0.45161290322580644,0.0,55,0,1.0,0.9447852760736196,1.0,0.9447852760736196,0.8782901246784088,0.10144927536231885,0.10144927536231885,0.05014619883040934,0.05014619883040934,0.0,0.0,0.0,0.0,0.49322125808351874,0,True,0.08333333333333334,0.08333333333333334,0.08333333333333334,3.602338279876058,0.0,0.0,3.352338279876058,1.9351603657656282,3.352338279876058,3.352338279876058,global,2
6097,1,6097,1,0.2711012065410614,0.2711012065410614,0.3196505010128021,0.32,0.25806451612903225,0.0,55,0,1.0,0.9447852760736196,1.0,0.9447852760736196,0.501880071244805,0.05970149253731343,0.05970149253731343,0.0,0.0,0.0,0.0,0.0,0.0,0.4368208987714055,0,False,0.0,0.0,0.0,2.6012341812327646,0.0,0.0,2.6012341812327646,1.1840562671223354,2.6012341812327646,2.6012341812327646,global,9
6105,1,6105,1,0.3824697732925415,0.3824697732925415,0.383740097284317,0.48,0.3870967741935484,0.0,55,0,1.0,0.9447852760736196,1.0,0.9447852760736196,0.7528201068672076,0.12244897959183673,0.12244897959183673,0.05014619883040934,0.05014619883040934,0.0,0.0,0.0,0.0,0.36728400035659514,0,False,0.0,0.0,0.0,3.1126055806537427,0.0,0.0,3.1126055806537427,1.6954276665433132,3.1126055806537427,3.1126055806537427,global,2
6109,1,6109,1,0.40559664368629456,0.40559664368629456,0.4470597803592682,0.48,0.3870967741935484,0.0,55,0,1.0,0.9447852760736196,1.0,0.9447852760736196,0.7528201068672076,0.14678899082568808,0.14678899082568808,0.05014619883040934,0.05014619883040934,0.0,0.0,0.0,0.0,0.7156405913968994,0,False,0.0,0.0,0.0,3.2356140542808363,0.0,0.0,3.2356140542808363,1.8184361401704068,3.2356140542808363,3.2356140542808363,global,2
6119,0,6119,0,0.41315093636512756,0.41315093636512756,0.4381982982158661,0.2,0.29032258064516125,0.0,16,0,1.0,0.24430563301728944,1.0,0.24430563301728944,0.36125002248889043,0.3333333333333333,0.3333333333333333,1.0,1.0,0.0,0.0,0.0,1.0,0.13197076713948316,0,True,0.33333333333333337,0.33333333333333337,0.33333333333333337,3.0172155900502036,0.0,0.0,2.0172155900502036,1.6507571405242694,2.0172155900502036,2.0172155900502036,global,6
6136,0,6136,0,0.43082478642463684,0.43082478642463684,0.44389572739601135,0.24,0.25806451612903225,0.0,16,0,1.0,0.24430563301728944,1.0,0.24430563301728944,0.32111113110123596,0.5806451612903226,0.5806451612903226,0.8505039193729003,0.8505039193729003,0.0,0.0,0.0,1.0,0.21845194581936134,0,True,0.16666666666666669,0.16666666666666669,0.16666666666666669,2.458034854355967,0.0,0.0,1.958034854355967,1.5915764048300327,1.958034854355967,1.958034854355967,global,7
6152,1,6152,1,0.4775264859199524,0.4775264859199524,0.5318774580955505,0.4,0.3225806451612903,0.0,55,0,1.0,0.9447852760736196,1.0,0.9447852760736196,0.6273500890560063,0.0625,0.0625,1.0,1.0,0.0,0.0,0.0,0.0,0.34560958154780475,0,False,0.0,0.0,0.0,3.448043267633313,0.0,0.0,3.448043267633313,2.0308653535228838,3.448043267633313,3.448043267633313,global,6
616,1,616,1,0.7719365954399109,0.7719365954399109,0.7930133938789368,0.72,0.6451612903225806,0.0,55,0,1.0,0.9447852760736196,1.0,0.9447852760736196,1.2547001781120126,0.05405405405405406,0.05405405405405406,0.6007775119617226,0.6007775119617226,0.0,0.0,0.0,0.0,0.5726539703988803,0,True,0.16666666666666669,0.16666666666666669,0.16666666666666669,5.017234718208045,0.0,0.0,4.517234718208045,3.1000568040976155,4.517234718208045,4.517234718208045,global,5
63,1,63,1,0.5544878840446472,0.5544878840446472,0.5928230285644531,0.44,0.3548387096774193,0.0,55,0,1.0,0.9447852760736196,1.0,0.9447852760736196,0.6900850979616069,0.08888888888888889,0.08888888888888889,0.8616028708133974,0.8616028708133974,0.0,0.0,0.0,0.0,0.3376240612704051,0,False,0.0,0.0,0.0,3.5425342944888065,0.0,0.0,3.5425342944888065,2.125356380378377,3.5425342944888065,3.5425342944888065,global,0
638,1,638,1,0.4338541030883789,0.4338541030883789,0.4184790551662445,0.56,0.45161290322580644,0.0,55,0,1.0,0.9447852760736196,1.0,0.9447852760736196,0.8782901246784088,0.03571428571428571,0.03571428571428571,0.05014619883040934,0.05014619883040934,0.0,0.0,0.0,0.0,0.42716691288787223,0,False,0.0,0.0,0.0,3.3807101763143117,0.0,0.0,3.3807101763143117,1.9635322622038822,3.3807101763143117,3.3807101763143117,global,2
639,1,639,1,0.38832491636276245,0.38832491636276245,0.3994377553462982,0.48,0.4193548387096774,0.0,55,0,1.0,0.9447852760736196,1.0,0.9447852760736196,0.8155551157728081,0.13846153846153847,0.13846153846153847,0.05014619883040934,0.05014619883040934,0.0,0.0,0.0,0.0,0.4579570426641904,0,True,0.08333333333333334,0.08333333333333334,0.08333333333333334,3.4590077368344563,0.0,0.0,3.2090077368344563,1.7918298227240266,3.2090077368344563,3.2090077368344563,global,2
642,0,642,0,0.38245508074760437,0.38245508074760437,0.3113648593425751,0.2,0.3225806451612903,0.0,16,0,1.0,0.24430563301728944,1.0,0.24430563301728944,0.40138891387654496,0.0,0.0,0.0,0.0,0.0,0.0,0.0,1.0,0.026086956521739136,0,True,0.4166666666666667,0.4166666666666667,0.4166666666666667,2.77540989140312,0.0,0.0,1.52540989140312,1.1589514418771858,1.52540989140312,1.52540989140312,global,15
650,1,650,1,0.366146981716156,0.366146981716156,0.37200430035591125,0.28,0.25806451612903225,0.0,55,0,1.0,0.9447852760736196,1.0,0.9447852760736196,0.501880071244805,0.15384615384615385,0.15384615384615385,0.24006159014557663,0.24006159014557663,0.0,0.0,0.0,0.0,0.34645969491645473,0,True,0.08333333333333334,0.08333333333333334,0.08333333333333334,2.9801932352891436,0.0,0.0,2.7301932352891436,1.3130153211787141,2.7301932352891436,2.7301932352891436,global,3
655,1,655,1,0.544741153717041,0.544741153717041,0.5199820399284363,0.48,0.48387096774193544,0.0,55,0,1.0,0.9447852760736196,1.0,0.9447852760736196,0.9410251335840094,0.1702127659574468,0.1702127659574468,0.24006159014557663,0.24006159014557663,0.0,0.0,0.0,0.0,0.359184575353651,0,True,0.25,0.25,0.25,4.278498940246817,0.0,0.0,3.528498940246817,2.1113210261363875,3.528498940246817,3.528498940246817,global,3
656,1,656,1,0.34454724192619324,0.34454724192619324,0.39075547456741333,0.32,0.29032258064516125,0.0,55,0,1.0,0.9447852760736196,1.0,0.9447852760736196,0.5646150801504056,0.9642857142857143,0.9642857142857143,0.8505039193729003,0.8505039193729003,0.0,0.0,0.0,0.0,0.2139221370974809,0,True,0.08333333333333334,0.08333333333333334,0.08333333333333334,3.3328894697574007,0.0,0.0,3.0828894697574007,1.6657115556469715,3.0828894697574007,3.0828894697574007,global,7
677,1,677,1,0.39053621888160706,0.39053621888160706,0.4242244362831116,0.48,0.3870967741935484,0.0,55,0,1.0,0.9447852760736196,1.0,0.9447852760736196,0.7528201068672076,0.0891089108910891,0.0891089108910891,0.05014619883040934,0.05014619883040934,0.0,0.0,0.0,0.0,0.6672519907354847,0,False,0.0,0.0,0.0,3.2090491342386622,0.0,0.0,3.2090491342386622,1.7918712201282325,3.2090491342386622,3.2090491342386622,global,2
695,1,695,1,0.6913689970970154,0.6913689970970154,0.6683916449546814,0.68,0.5483870967741935,0.0,55,0,1.0,0.9447852760736196,1.0,0.9447852760736196,1.0664951513952106,0.08955223880597014,0.08955223880597014,0.24006159014557663,0.24006159014557663,0.0,0.0,0.0,0.0,0.5169917251492663,0,False,0.0,0.0,0.0,4.022175617953997,0.0,0.0,4.022175617953997,2.604997703843568,4.022175617953997,4.022175617953997,global,3
716,1,716,1,0.39936208724975586,0.39936208724975586,0.47125932574272156,0.32,0.25806451612903225,0.0,55,0,1.0,0.9447852760736196,1.0,0.9447852760736196,0.501880071244805,0.06451612903225806,0.06451612903225806,0.8616028708133974,0.8616028708133974,0.0,0.0,0.0,0.0,0.2306997259367002,0,False,0.0,0.0,0.0,3.0728079693560075,0.0,0.0,3.0728079693560075,1.655630055245578,3.0728079693560075,3.0728079693560075,global,0
717,1,717,1,0.3321147859096527,0.3321147859096527,0.42809754610061646,0.2,0.1935483870967742,0.0,55,0,1.0,0.9447852760736196,1.0,0.9447852760736196,0.3764100534336038,0.9642857142857143,0.9642857142857143,0.9268092105263157,0.9268092105263157,0.0,0.0,0.0,0.0,0.2022811476271074,0,True,0.08333333333333334,0.08333333333333334,0.08333333333333334,3.04405546658299,0.0,0.0,2.79405546658299,1.3768775524725607,2.79405546658299,2.79405546658299,global,4
72,1,72,1,0.45822447538375854,0.45822447538375854,0.43950867652893066,0.4,0.4193548387096774,0.0,55,0,1.0,0.9447852760736196,1.0,0.9447852760736196,0.8155551157728081,0.14035087719298245,0.14035087719298245,0.24006159014557663,0.24006159014557663,0.0,0.0,0.0,0.0,0.40572667150579084,0,True,0.25,0.25,0.25,4.0142159683613166,0.0,0.0,3.2642159683613166,1.847038054250887,3.2642159683613166,3.2642159683613166,global,3
724,1,724,1,0.5447796583175659,0.5447796583175659,0.574674129486084,0.48,0.3870967741935484,0.0,55,0,1.0,0.9447852760736196,1.0,0.9447852760736196,0.7528201068672076,0.9130434782608695,0.9130434782608695,0.49644736842105247,0.49644736842105247,0.0,0.0,0.0,0.0,0.3484055771840297,0,False,0.0,0.0,0.0,3.4599405465173145,0.0,0.0,3.4599405465173145,2.042762632406885,3.4599405465173145,3.4599405465173145,global,1
73,1,73,1,0.3469049036502838,0.3469049036502838,0.35691213607788086,0.32,0.29032258064516125,0.0,55,0,1.0,0.9447852760736196,1.0,0.9447852760736196,0.5646150801504056,0.12,0.12,0.24006159014557663,0.24006159014557663,0.0,0.0,0.0,0.0,0.19587274714023248,0,True,0.08333333333333334,0.08333333333333334,0.08333333333333334,3.0241396175358375,0.0,0.0,2.7741396175358375,1.3569617034254078,2.7741396175358375,2.7741396175358375,global,3
734,1,734,1,0.3908653259277344,0.3908653259277344,0.41641169786453247,0.32,0.29032258064516125,0.0,55,0,1.0,0.9447852760736196,1.0,0.9447852760736196,0.5646150801504056,1.0,1.0,0.8505039193729003,0.8505039193729003,0.0,0.0,0.0,0.0,0.1728596150626565,0,True,0.08333333333333334,0.08333333333333334,0.08333333333333334,3.3576251803481867,0.0,0.0,3.1076251803481867,1.690447266237757,3.1076251803481867,3.1076251803481867,global,7
737,1,737,1,0.8423642516136169,0.8423642516136169,0.8666855096817017,0.76,0.7096774193548386,0.0,55,0,1.0,0.9447852760736196,1.0,0.9447852760736196,1.3801701959232138,0.058823529411764705,0.058823529411764705,0.8616028708133974,0.8616028708133974,0.0,0.0,0.0,0.0,0.6297770413655058,0,True,0.25,0.25,0.25,5.640158701927351,0.0,0.0,4.890158701927351,3.4729807878169217,4.890158701927351,4.890158701927351,global,0
74,1,74,1,0.24008134007453918,0.24008134007453918,0.2358742207288742,0.24,0.1935483870967742,0.0,55,0,1.0,0.9447852760736196,1.0,0.9447852760736196,0.3764100534336038,0.84,0.84,0.0,0.0,0.0,0.0,0.0,0.0,0.1845282470700177,0,False,0.0,0.0,0.0,2.2916982344846146,0.0,0.0,2.2916982344846146,0.8745203203741851,2.2916982344846146,2.2916982344846146,global,8
746,1,746,1,0.4833429455757141,0.4833429455757141,0.5473650693893433,0.36,0.3225806451612903,0.0,55,0,1.0,0.9447852760736196,1.0,0.9447852760736196,0.6273500890560063,0.9090909090909091,0.9090909090909091,0.9268092105263157,0.9268092105263157,0.0,0.0,0.0,0.0,0.3120146451026597,0,True,0.08333333333333334,0.08333333333333334,0.08333333333333334,3.6160225596875373,0.0,0.0,3.3660225596875373,1.9488446455771078,3.3660225596875373,3.3660225596875373,global,4
754,1,754,1,0.3409315347671509,0.3409315347671509,0.32586807012557983,0.36,0.3225806451612903,0.0,55,0,1.0,0.9447852760736196,1.0,0.9447852760736196,0.6273500890560063,0.18,0.18,0.0,0.0,0.0,0.0,0.0,0.0,0.36101296923729337,0,True,0.08333333333333334,0.08333333333333334,0.08333333333333334,3.0533883230179186,0.0,0.0,2.8033883230179186,1.3862104089074891,2.8033883230179186,2.8033883230179186,global,9
764,1,764,1,0.30443906784057617,0.30443906784057617,0.3947161138057709,0.2,0.16129032258064516,0.0,55,0,1.0,0.9447852760736196,1.0,0.9447852760736196,0.31367504452800316,0.0,0.0,0.6007775119617226,0.6007775119617226,0.0,0.0,0.0,0.0,0.12899777698968132,0,False,0.0,0.0,0.0,2.5223979026219463,0.0,0.0,2.5223979026219463,1.1052199885115168,2.5223979026219463,2.5223979026219463,global,5
773,0,773,0,0.5388991236686707,0.5388991236686707,0.489356130361557,0.44,0.5806451612903225,0.0,16,0,1.0,0.24430563301728944,1.0,0.24430563301728944,0.7225000449777809,0.34615384615384615,0.34615384615384615,0.24006159014557663,0.24006159014557663,0.0,0.0,0.0,1.0,0.23201013615726584,0,True,0.5833333333333334,0.5833333333333334,0.5833333333333334,4.338501906961484,0.0,0.0,2.5885019069614836,2.2220434574355497,2.5885019069614836,2.5885019069614836,global,3
775,1,775,1,0.6542819738388062,0.6542819738388062,0.6954675912857056,0.52,0.45161290322580644,0.0,55,0,1.0,0.9447852760736196,1.0,0.9447852760736196,0.8782901246784088,0.8928571428571429,0.8928571428571429,0.9268092105263157,0.9268092105263157,0.0,0.0,0.0,0.0,0.4166159074609086,0,True,0.08333333333333334,0.08333333333333334,0.08333333333333334,4.202218677134518,0.0,0.0,3.9522186771345176,2.5350407630240883,3.9522186771345176,3.9522186771345176,global,4
813,1,813,1,0.5733610391616821,0.5733610391616821,0.5878103375434875,0.4,0.3548387096774193,0.0,55,0,1.0,0.9447852760736196,1.0,0.9447852760736196,0.6900850979616069,0.7956989247311828,0.7956989247311828,0.8505039193729003,0.8505039193729003,0.0,0.0,0.0,0.0,0.6095278159293929,0,True,0.08333333333333334,0.08333333333333334,0.08333333333333334,3.8436544692598815,0.0,0.0,3.5936544692598815,2.1764765551494523,3.5936544692598815,3.5936544692598815,global,7
817,1,817,1,0.7312961220741272,0.7312961220741272,0.7109569907188416,0.56,0.48387096774193544,0.0,55,0,1.0,0.9447852760736196,1.0,0.9447852760736196,0.9410251335840094,0.8032786885245902,0.8032786885245902,0.8505039193729003,0.8505039193729003,0.0,0.0,0.0,0.0,0.4549396391296521,0,True,0.08333333333333334,0.08333333333333334,0.08333333333333334,4.341690598678948,0.0,0.0,4.091690598678948,2.6745126845685183,4.091690598678948,4.091690598678948,global,7
82,0,82,0,0.22887612879276276,0.22887612879276276,0.21785740554332733,0.08,0.12903225806451613,0.0,16,0,1.0,0.24430563301728944,1.0,0.24430563301728944,0.16055556555061798,0.45454545454545453,0.45454545454545453,0.0,0.0,0.0,0.0,0.0,1.0,0.0673798719247675,0,True,0.16666666666666669,0.16666666666666669,0.16666666666666669,1.4078378302666068,0.0,0.0,0.9078378302666068,0.5413793807406727,0.9078378302666068,0.9078378302666068,global,8
820,1,820,1,0.29870468378067017,0.29870468378067017,0.30868202447891235,0.4,0.3225806451612903,0.0,55,0,1.0,0.9447852760736196,1.0,0.9447852760736196,0.6273500890560063,0.06666666666666667,0.06666666666666667,0.0,0.0,0.0,0.0,0.0,0.0,0.33165566666716434,0,False,0.0,0.0,0.0,2.8007996514576954,0.0,0.0,2.8007996514576954,1.3836217373472661,2.8007996514576954,2.8007996514576954,global,9
822,1,822,1,0.702214241027832,0.702214241027832,0.7231009006500244,0.52,0.45161290322580644,0.0,55,0,1.0,0.9447852760736196,1.0,0.9447852760736196,0.8782901246784088,0.859375,0.859375,0.9268092105263157,0.9268092105263157,0.0,0.0,0.0,0.0,0.47231442542985186,0,True,0.08333333333333334,0.08333333333333334,0.08333333333333334,4.257274046276422,0.0,0.0,4.007274046276422,2.5900961321659923,4.007274046276422,4.007274046276422,global,4
831,0,831,0,0.45614534616470337,0.45614534616470337,0.48280808329582214,0.32,0.5161290322580645,0.0,16,0,1.0,0.24430563301728944,1.0,0.24430563301728944,0.6422222622024719,0.8333333333333334,0.8333333333333334,0.49644736842105247,0.49644736842105247,0.0,0.0,0.0,1.0,0.15477848579634249,0,True,0.6666666666666667,0.6666666666666667,0.6666666666666667,4.378290020923255,0.0,0.0,2.378290020923255,2.011831571397321,2.378290020923255,2.378290020923255,global,1
854,1,854,1,0.37835589051246643,0.37835589051246643,0.45239993929862976,0.28,0.25806451612903225,0.0,55,0,1.0,0.9447852760736196,1.0,0.9447852760736196,0.501880071244805,0.045454545454545456,0.045454545454545456,1.0,1.0,0.0,0.0,0.0,0.0,0.2960521209996573,0,True,0.08333333333333334,0.08333333333333334,0.08333333333333334,3.3548072950783645,0.0,0.0,3.1048072950783645,1.6876293809679348,3.1048072950783645,3.1048072950783645,global,6
872,1,872,1,0.33324307203292847,0.33324307203292847,0.405358225107193,0.32,0.25806451612903225,0.0,55,0,1.0,0.9447852760736196,1.0,0.9447852760736196,0.501880071244805,0.07142857142857142,0.07142857142857142,1.0,1.0,0.0,0.0,0.0,0.0,0.133631378829459,0,False,0.0,0.0,0.0,3.0599908176436745,0.0,0.0,3.0599908176436745,1.642812903533245,3.0599908176436745,3.0599908176436745,global,6
883,1,883,1,0.3629648983478546,0.3629648983478546,0.4052858054637909,0.24,0.1935483870967742,0.0,55,0,1.0,0.9447852760736196,1.0,0.9447852760736196,0.3764100534336038,0.9047619047619048,0.9047619047619048,0.8505039193729003,0.8505039193729003,0.0,0.0,0.0,0.0,0.2801426764247287,0,False,0.0,0.0,0.0,2.84394136959613,0.0,0.0,2.84394136959613,1.4267634554857007,2.84394136959613,2.84394136959613,global,7
916,0,916,0,0.2700510621070862,0.2700510621070862,0.2709662914276123,0.28,0.3225806451612903,0.0,16,0,1.0,0.24430563301728944,1.0,0.24430563301728944,0.40138891387654496,0.2978723404255319,0.2978723404255319,0.05014619883040934,0.05014619883040934,0.0,0.0,0.0,1.0,0.32539080804050774,0,True,0.25,0.25,0.25,2.3803509313615407,0.0,0.0,1.630350931361541,1.2638924818356068,1.630350931361541,1.630350931361541,global,2
927,1,927,1,0.30298349261283875,0.30298349261283875,0.37922054529190063,0.2,0.1935483870967742,0.0,55,0,1.0,0.9447852760736196,1.0,0.9447852760736196,0.3764100534336038,0.25,0.25,0.6007775119617226,0.6007775119617226,0.0,0.0,0.0,0.0,0.21460606411217623,0,True,0.08333333333333334,0.08333333333333334,0.08333333333333334,2.861432057608763,0.0,0.0,2.611432057608763,1.1942541434983336,2.611432057608763,2.611432057608763,global,5
937,1,937,1,0.3218662142753601,0.3218662142753601,0.4287126958370209,0.2,0.16129032258064516,0.0,55,0,1.0,0.9447852760736196,1.0,0.9447852760736196,0.31367504452800316,0.0,0.0,0.8616028708133974,0.8616028708133974,0.0,0.0,0.0,0.0,0.289061609784729,0,False,0.0,0.0,0.0,2.7147714490341253,0.0,0.0,2.7147714490341253,1.2975935349236958,2.7147714490341253,2.7147714490341253,global,0
938,1,938,1,0.5340347290039062,0.5340347290039062,0.5525822639465332,0.44,0.4193548387096774,0.0,55,0,1.0,0.9447852760736196,1.0,0.9447852760736196,0.8155551157728081,0.9423076923076923,0.9423076923076923,0.49644736842105247,0.49644736842105247,0.0,0.0,0.0,0.0,0.3760971411682023,0,True,0.16666666666666669,0.16666666666666669,0.16666666666666669,3.9841682012938966,0.0,0.0,3.4841682012938966,2.066990287183467,3.4841682012938966,3.4841682012938966,global,1
947,1,947,1,0.7171262502670288,0.7171262502670288,0.7162975072860718,0.6,0.5483870967741935,0.0,55,0,1.0,0.9447852760736196,1.0,0.9447852760736196,1.0664951513952106,0.891566265060241,0.891566265060241,0.49644736842105247,0.49644736842105247,0.0,0.0,0.0,0.0,0.5923125355232175,0,True,0.16666666666666669,0.16666666666666669,0.16666666666666669,4.613570552739931,0.0,0.0,4.113570552739931,2.6963926386295016,4.113570552739931,4.113570552739931,global,1
953,1,953,1,0.32848259806632996,0.32848259806632996,0.43321794271469116,0.24,0.25806451612903225,0.0,55,0,1.0,0.9447852760736196,1.0,0.9447852760736196,0.501880071244805,0.07692307692307693,0.07692307692307693,0.6007775119617226,0.6007775119617226,0.0,0.0,0.0,0.0,0.33485616755240877,0,True,0.16666666666666669,0.16666666666666669,0.16666666666666669,3.3369386310681417,0.0,0.0,2.8369386310681417,1.4197607169577124,2.8369386310681417,2.8369386310681417,global,5
954,1,954,1,0.2612193822860718,0.2612193822860718,0.29554423689842224,0.24,0.1935483870967742,0.0,55,0,1.0,0.9447852760736196,1.0,0.9447852760736196,0.3764100534336038,0.0,0.0,0.24006159014557663,0.24006159014557663,0.0,0.0,0.0,0.0,0.1161060129438045,0,False,0.0,0.0,0.0,2.408112793088765,0.0,0.0,2.408112793088765,0.9909348789783355,2.408112793088765,2.408112793088765,global,3
97,1,97,1,0.7854880094528198,0.7854880094528198,0.7842440009117126,0.64,0.5806451612903225,0.0,55,0,1.0,0.9447852760736196,1.0,0.9447852760736196,1.1292301603008112,0.9065420560747663,0.9065420560747663,0.8505039193729003,0.8505039193729003,0.0,0.0,0.0,0.0,0.7385583119705074,0,True,0.16666666666666669,0.16666666666666669,0.16666666666666669,4.993678097530933,0.0,0.0,4.493678097530933,3.0765001834205035,4.493678097530933,4.493678097530933,global,7
970,1,970,1,0.512814998626709,0.512814998626709,0.5713663697242737,0.44,0.3870967741935484,0.0,55,0,1.0,0.9447852760736196,1.0,0.9447852760736196,0.7528201068672076,0.07936507936507936,0.07936507936507936,0.6007775119617226,0.6007775119617226,0.0,0.0,0.0,0.0,0.44319572009169084,0,True,0.08333333333333334,0.08333333333333334,0.08333333333333334,3.7249709334072625,0.0,0.0,3.4749709334072625,2.057793019296833,3.4749709334072625,3.4749709334072625,global,5
978,0,978,0,0.1419427990913391,0.1419427990913391,0.13299362361431122,0.12,0.1935483870967742,0.0,16,0,1.0,0.24430563301728944,1.0,0.24430563301728944,0.24083334832592698,0.7272727272727273,0.7272727272727273,0.0,0.0,0.0,0.0,0.0,1.0,0.08414726380931734,0,True,0.25,0.25,0.25,1.762353642135349,0.0,0.0,1.012353642135349,0.6458951926094149,1.012353642135349,1.012353642135349,global,8
997,1,997,1,0.45852768421173096,0.45852768421173096,0.5399916768074036,0.44,0.3548387096774193,0.0,55,0,1.0,0.9447852760736196,1.0,0.9447852760736196,0.6900850979616069,0.02040816326530612,0.02040816326530612,0.8616028708133974,0.8616028708133974,0.0,0.0,0.0,0.0,0.35462926860901217,0,False,0.0,0.0,0.0,3.4708676968240555,0.0,0.0,3.4708676968240555,2.053689782713626,3.4708676968240555,3.4708676968240555,global,0
999,1,999,1,0.376548707485199,0.376548707485199,0.4295651614665985,0.16,0.12903225806451613,0.0,55,0,1.0,0.9447852760736196,1.0,0.9447852760736196,0.2509400356224025,0.125,0.125,1.0,1.0,0.0,0.0,0.0,0.0,0.24793151249931533,0,False,0.0,0.0,0.0,2.710860849977416,0.0,0.0,2.710860849977416,1.2936829358669861,2.710860849977416,2.710860849977416,global,6
